transaction_id,ts,customer_id,branch,channel,category,quantity,unit_price,amount,payment_method,gio,score
T0038646,2025-07-20 23:42:43,C02584,TP HCM,Online,Điện tử,5.0,1251000.0,6255000.0,VI_DIEN_TU,23,-0.6852875720829985
T0042611,2025-08-10 23:04:21,C00354,Hà Nội,Online,Điện tử,5.0,1164000.0,5820000.0,VI_DIEN_TU,23,-0.6822804241084545
T0042800,2025-08-11 23:39:29,C03027,Hà Nội,Cửa hàng,Điện tử,5.0,1256000.0,6280000.0,VI_DIEN_TU,23,-0.680509563823983
T0035970,2025-07-07 01:27:08,C02888,Đà Nẵng,Cửa hàng,Điện tử,1.0,20861757.18620853,20861757.0,VI_DIEN_TU,1,-0.6803203645505733
T0037396,2025-07-14 01:01:31,C02026,Hà Nội,Online,Gia dụng,1.0,15784684.53858928,15784685.0,VI_DIEN_TU,1,-0.6788793755445343
T0057248,2025-10-26 00:31:28,C00059,Hà Nội,Online,Sách,5.0,142000.0,674500.0,VI_DIEN_TU,0,-0.6766358475558502
T0013192,2025-03-10 01:17:15,C07506,Đà Nẵng,Online,Gia dụng,1.0,10936214.72555097,10936215.0,VI_DIEN_TU,1,-0.6761290388715866
T0010460,2025-02-24 01:27:57,C01545,TP HCM,Online,Thời trang,1.0,11001346.334111117,11001346.0,VI_DIEN_TU,1,-0.6761290388715866
T0021339,2025-04-21 02:16:11,C00315,TP HCM,Online,Điện tử,1.0,22471640.373780403,22471640.0,VI_DIEN_TU,2,-0.6743441892031213
T0046653,2025-08-31 22:22:48,C07053,TP HCM,Online,Sách,5.0,128000.0,640000.0,VI_DIEN_TU,22,-0.6740489052084053
T0022532,2025-04-27 22:42:17,C05130,Đà Nẵng,Online,Điện tử,5.0,1145000.0,4866250.0,VI_DIEN_TU,22,-0.673337923803113
T0017293,2025-03-31 02:57:30,C01075,TP HCM,Cửa hàng,Điện tử,1.0,19632075.428808708,19632075.428808708,VI_DIEN_TU,2,-0.6731503565103456
T0000995,2025-01-06 02:33:45,C05882,Hà Nội,Cửa hàng,Điện tử,1.0,19530611.534453068,19530612.0,VI_DIEN_TU,2,-0.6731503565103456
T0030572,2025-06-09 02:25:44,C02912,Cần Thơ,Online,Thời trang,1.0,14297100.492915636,14297100.0,VI_DIEN_TU,2,-0.6729768212360674
T0043948,2025-08-17 23:42:39,C02487,Cần Thơ,Cửa hàng,Điện tử,5.0,1100000.0,5500000.0,VI_DIEN_TU,23,-0.6725399079296678
T0031838,2025-06-15 01:55:20,C00378,Hà Nội,Online,Điện tử,1.0,19670623.38549918,19670623.0,VI_DIEN_TU,1,-0.6725035981534843
T0009287,2025-02-18 01:36:49,C00249,Hà Nội,Cửa hàng,Điện tử,1.0,20208595.07172396,20208595.0,VI_DIEN_TU,1,-0.6721771562269733
T0037500,2025-07-15 01:56:27,C00025,TP HCM,Cửa hàng,Điện tử,1.0,21660488.67001139,21660489.0,VI_DIEN_TU,1,-0.6721771562269733
T0025334,2025-05-12 03:57:32,C01326,Hải Phòng,Cửa hàng,Điện tử,1.0,20566253.236962344,20566253.0,VI_DIEN_TU,3,-0.6720731763572093
T0007757,2025-02-10 03:17:17,C03741,Cần Thơ,Cửa hàng,Điện tử,1.0,19654582.64686004,19654583.0,VI_DIEN_TU,3,-0.6720731763572093
T0045448,2025-08-25 03:25:39,C04070,Hà Nội,Cửa hàng,Điện tử,1.0,20538234.72899457,20538235.0,VI_DIEN_TU,3,-0.6720731763572093
T0014437,2025-03-16 01:10:24,C00553,TP HCM,Online,Điện tử,1.0,14929608.534763562,14929608.534763562,VI_DIEN_TU,1,-0.6715942001158217
T0019977,2025-04-14 01:56:00,C05649,TP HCM,Online,Điện tử,1.0,9460523.881998492,9460524.0,VI_DIEN_TU,1,-0.6715698830266095
T0016985,2025-03-30 01:11:59,C05151,Hà Nội,Online,Gia dụng,1.0,16135325.891624529,16135325.891624529,VI_DIEN_TU,1,-0.6713670428183278
T0002296,2025-01-13 02:16:27,C04102,Hà Nội,Cửa hàng,Điện tử,1.0,16471462.198805574,16471462.198805574,VI_DIEN_TU,2,-0.671256777854074
T0016995,2025-03-30 01:29:35,C05250,Cần Thơ,Cửa hàng,Điện tử,1.0,21998705.386012238,21998705.386012238,VI_DIEN_TU,1,-0.6712554023957897
T0010396,2025-02-24 04:43:54,C06683,Hà Nội,Cửa hàng,Điện tử,1.0,20783077.073269628,20783077.0,VI_DIEN_TU,4,-0.670937348450412
T0029400,2025-06-02 02:58:07,C04608,Hà Nội,Online,Gia dụng,1.0,10414734.4407976,10414734.0,VI_DIEN_TU,2,-0.6709309661766755
T0007497,2025-02-09 01:24:24,C00214,Hà Nội,Online,Gia dụng,1.0,12495229.747587502,12495230.0,VI_DIEN_TU,1,-0.6709129586956405
T0031724,2025-06-15 00:50:34,C04859,Hải Phòng,Online,Điện tử,5.0,961000.0,4805000.0,VI_DIEN_TU,0,-0.6707575127273455
T0009282,2025-02-18 01:13:57,C01119,Cần Thơ,Cửa hàng,Thời trang,1.0,14339143.65590803,14339144.0,VI_DIEN_TU,1,-0.6707399751935977
T0052439,2025-09-30 01:13:31,C02825,Đà Nẵng,Cửa hàng,Thời trang,1.0,13457241.67352008,13457242.0,VI_DIEN_TU,1,-0.6707399751935977
T0057632,2025-10-27 03:36:48,C00884,TP HCM,Cửa hàng,Gia dụng,1.0,13485874.735728895,13485874.735728895,VI_DIEN_TU,3,-0.6706362176430472
T0002286,2025-01-13 03:50:51,C07474,Cần Thơ,Cửa hàng,Điện tử,1.0,14706673.755963376,14706674.0,VI_DIEN_TU,3,-0.6706362176430472
T0006471,2025-02-03 03:34:46,C00023,TP HCM,Cửa hàng,Gia dụng,1.0,13767174.180254914,13767174.0,VI_DIEN_TU,3,-0.6706362176430472
T0004961,2025-01-27 00:05:19,C00038,Đà Nẵng,Online,Gia dụng,5.0,936000.0,4680000.0,VI_DIEN_TU,0,-0.6703929544637983
T0052089,2025-09-28 23:08:23,C07442,Hà Nội,Online,Điện tử,5.0,1220000.0,6100000.0,THE,23,-0.670332808378081
T0048135,2025-09-08 03:36:20,C05849,TP HCM,Online,Điện tử,1.0,22490660.214780096,22490660.0,VI_DIEN_TU,3,-0.670169636194904
T0056284,2025-10-20 04:33:28,C00116,TP HCM,Online,Thời trang,1.0,13969481.605366215,13969482.0,VI_DIEN_TU,4,-0.6700889906842681
T0033361,2025-06-23 04:29:23,C00066,Hà Nội,Online,Gia dụng,1.0,13649354.652832609,13649355.0,VI_DIEN_TU,4,-0.6700889906842681
T0006565,2025-02-04 01:04:10,C00133,Đà Nẵng,Cửa hàng,Điện tử,1.0,18517546.030806795,18517546.0,VI_DIEN_TU,1,-0.6700596002689864
T0022741,2025-04-29 01:10:05,C01390,TP HCM,Online,Điện tử,1.0,19156760.21848881,19156760.0,VI_DIEN_TU,1,-0.6700541895959401
T0042749,2025-08-11 03:39:45,C06275,Hà Nội,Cửa hàng,Điện tử,1.0,17241927.111708537,17241927.0,VI_DIEN_TU,3,-0.669955947966428
T0022652,2025-04-28 13:49:18,C00427,TP HCM,Online,Điện tử,5.0,1204000.0,6020000.0,VI_DIEN_TU,13,-0.6698503221608009
T0004791,2025-01-26 01:30:56,C02232,Cần Thơ,Cửa hàng,Gia dụng,1.0,15375838.604189873,15375839.0,VI_DIEN_TU,1,-0.6696623541921645
T0049408,2025-09-15 02:40:31,C02092,Hà Nội,Cửa hàng,Gia dụng,1.0,12907353.740513152,12907354.0,VI_DIEN_TU,2,-0.6694425812833485
T0048109,2025-09-08 04:11:07,C05443,Hà Nội,Cửa hàng,Gia dụng,1.0,14262351.046658114,14262351.0,VI_DIEN_TU,4,-0.6692763683313256
T0045310,2025-08-25 04:43:33,C00846,Cần Thơ,Cửa hàng,Gia dụng,1.0,14260885.22351168,14260885.22351168,VI_DIEN_TU,4,-0.6692763683313256
T0019835,2025-04-13 01:12:16,C01240,Hải Phòng,Cửa hàng,Điện tử,1.0,16023364.057005696,16023364.0,VI_DIEN_TU,1,-0.6692094230483842
T0054827,2025-10-13 03:50:00,C01907,Hà Nội,Online,Điện tử,1.0,13779577.453581717,13779577.0,VI_DIEN_TU,3,-0.6690370253396334
T0045391,2025-08-25 03:48:24,C01219,TP HCM,Online,Gia dụng,1.0,14604820.504039604,14604821.0,VI_DIEN_TU,3,-0.6690370253396334
T0043943,2025-08-17 01:03:57,C00177,Hà Nội,Cửa hàng,Gia dụng,1.0,17464098.90258284,17464099.0,VI_DIEN_TU,1,-0.6689830723682102
T0015741,2025-03-23 01:41:02,C05324,Cần Thơ,Cửa hàng,Gia dụng,1.0,17467637.658559475,17467638.0,VI_DIEN_TU,1,-0.6689830723682102
T0054949,2025-10-13 04:15:25,C04332,TP HCM,Cửa hàng,Điện tử,1.0,18499018.73724452,18499019.0,VI_DIEN_TU,4,-0.6688236982519703
T0020054,2025-04-14 23:00:03,C05889,Hà Nội,Online,Sách,5.0,146000.0,730000.0,VI_DIEN_TU,23,-0.6687922344446828
T0038975,2025-07-22 01:25:16,C07179,Hải Phòng,Online,Điện tử,1.0,14430857.131616794,14430857.0,VI_DIEN_TU,1,-0.6686955204627094
T0020245,2025-04-15 01:13:44,C00001,Hà Nội,Online,Thời trang,1.0,14136493.092350226,14136493.0,VI_DIEN_TU,1,-0.6686955204627094
T0007876,2025-02-10 23:34:26,C03489,Đà Nẵng,Online,Gia dụng,5.0,728000.0,3640000.0,VI_DIEN_TU,23,-0.6683593288231775
TDUP0090,2025-07-21 00:15:15,C02455,Hà Nội,Online,Điện tử,5.0,954000.0,4293000.0,VI_DIEN_TU,0,-0.6681288927124402
T0057347,2025-10-26 01:44:18,C00003,Cần Thơ,Online,Điện tử,1.0,10048796.305885697,10048796.0,VI_DIEN_TU,1,-0.66796888875037
T0052497,2025-10-01 01:38:05,C05211,Hà Nội,Cửa hàng,Gia dụng,1.0,15338857.060898617,15338857.0,VI_DIEN_TU,1,-0.6674953453611959
T0005959,2025-02-01 01:36:48,C01463,TP HCM,Online,Gia dụng,1.0,15469171.1394034,15469171.0,VI_DIEN_TU,1,-0.6673431293012532
T0041129,2025-08-03 00:41:21,C01466,Hải Phòng,Online,Thời trang,5.0,693000.0,3465000.0,VI_DIEN_TU,0,-0.6672116226335847
T0034325,2025-06-28 01:33:31,C00041,Cần Thơ,Online,Điện tử,1.0,16324927.47783281,16324927.0,VI_DIEN_TU,1,-0.6671174098687044
T0021854,2025-04-24 01:51:42,C00654,Cần Thơ,Cửa hàng,Điện tử,1.0,19076754.45465544,19076754.45465544,VI_DIEN_TU,1,-0.6670301042987768
T0027262,2025-05-22 01:50:13,C07406,Hà Nội,Cửa hàng,Điện tử,1.0,19289811.324262496,19289811.324262496,VI_DIEN_TU,1,-0.6670301042987768
T0052190,2025-09-29 03:28:53,C03402,Hải Phòng,Online,Gia dụng,1.0,11406758.255977465,11406758.0,VI_DIEN_TU,3,-0.667003147292099
T0032005,2025-06-16 03:16:56,C00038,Cần Thơ,Online,Điện tử,1.0,11124051.882436996,11124051.882436996,VI_DIEN_TU,3,-0.667003147292099
T0011645,2025-03-02 02:39:25,C02301,TP HCM,Cửa hàng,Thời trang,1.0,13708502.290786402,13708502.0,VI_DIEN_TU,2,-0.6669025672024426
T0018678,2025-04-07 23:10:23,C00080,Hà Nội,Cửa hàng,Gia dụng,5.0,904000.0,4520000.0,VI_DIEN_TU,23,-0.6668554919894496
T0008853,2025-02-16 00:38:09,C04105,TP HCM,Cửa hàng,Điện tử,5.0,1074000.0,5370000.0,VI_DIEN_TU,0,-0.6665555182399892
T0054589,2025-10-12 00:54:37,C00844,TP HCM,Online,Điện tử,5.0,1243000.0,6215000.0,THE,0,-0.6664841726413573
T0007638,2025-02-09 03:06:34,C02733,Cần Thơ,Cửa hàng,Điện tử,1.0,21901815.51358178,21901816.0,VI_DIEN_TU,3,-0.6664787248772985
T0033057,2025-06-22 01:42:11,C07063,Hà Nội,Cửa hàng,Gia dụng,1.0,12156084.17598361,12156084.17598361,VI_DIEN_TU,1,-0.6664245324275094
T0053503,2025-10-06 01:52:48,C01115,TP HCM,Online,Mỹ phẩm,1.0,7834773.844890054,7834774.0,VI_DIEN_TU,1,-0.6663648463977432
T0006230,2025-02-02 01:41:34,C00044,Đà Nẵng,Cửa hàng,Gia dụng,1.0,12012806.58148618,12012807.0,VI_DIEN_TU,1,-0.6661991236974403
T0046727,2025-09-01 07:06:11,C00719,TP HCM,Online,Điện tử,5.0,1137000.0,5685000.0,VI_DIEN_TU,7,-0.6659716440370682
T0014398,2025-03-16 17:33:05,C00049,TP HCM,Online,Điện tử,5.0,1211000.0,6055000.0,VI_DIEN_TU,17,-0.6658757957350607
T0001883,2025-01-11 01:59:53,C00209,Hải Phòng,Online,Thời trang,1.0,11787695.045342496,11787695.0,VI_DIEN_TU,1,-0.6657646956448354
T0055370,2025-10-16 01:43:51,C00642,Cần Thơ,Cửa hàng,Thời trang,1.0,14045800.051878748,14045800.0,VI_DIEN_TU,1,-0.6654470837292223
T0002969,2025-01-16 01:00:30,C00043,TP HCM,Cửa hàng,Điện tử,1.0,14424113.926751886,14424114.0,VI_DIEN_TU,1,-0.6654470837292223
T0037170,2025-07-13 09:47:45,C00824,Hà Nội,Online,Điện tử,5.0,1175000.0,5875000.0,VI_DIEN_TU,9,-0.6651543372066181
T0026310,2025-05-17 01:23:55,C04146,Đà Nẵng,Cửa hàng,Điện tử,1.0,18214705.311504368,18214705.311504368,VI_DIEN_TU,1,-0.6651495645464702
T0058535,2025-11-01 01:27:24,C00103,TP HCM,Cửa hàng,Điện tử,1.0,17769193.896091305,17769194.0,VI_DIEN_TU,1,-0.6651495645464702
T0026634,2025-05-19 02:35:06,C02089,TP HCM,Cửa hàng,Gia dụng,1.0,10959264.400060752,10959264.0,VI_DIEN_TU,2,-0.66514841670292
T0032869,2025-06-21 01:55:38,C01504,TP HCM,Online,Gia dụng,1.0,10847241.294573644,10847241.0,VI_DIEN_TU,1,-0.665089367467955
T0036051,2025-07-07 15:52:21,C02891,TP HCM,Online,Điện tử,5.0,1114000.0,5570000.0,VI_DIEN_TU,15,-0.6650144928284011
T0029193,2025-06-01 04:09:55,C07934,TP HCM,Cửa hàng,Điện tử,1.0,22293232.62287381,22293233.0,VI_DIEN_TU,4,-0.6649357039113578
T0050688,2025-09-21 04:52:48,C00662,Hải Phòng,Cửa hàng,Điện tử,1.0,19809690.29208193,19809690.0,VI_DIEN_TU,4,-0.6649357039113578
T0047854,2025-09-07 01:05:56,C06019,Hà Nội,Cửa hàng,Điện tử,1.0,11027391.455681954,11027391.0,VI_DIEN_TU,1,-0.6648482714827875
T0013114,2025-03-10 01:45:21,C06625,TP HCM,Online,Điện tử,5.0,1243000.0,6215000.0,TIEN_MAT,1,-0.6648256442743441
T0049200,2025-09-14 02:14:00,C00055,Đà Nẵng,Online,Gia dụng,1.0,15198406.627887616,15198406.627887616,VI_DIEN_TU,2,-0.6646134661186354
T0057503,2025-10-27 04:59:35,C04573,TP HCM,Cửa hàng,Điện tử,1.0,11085504.12621894,11085504.0,VI_DIEN_TU,4,-0.6644650604051615
T0045343,2025-08-25 04:25:21,C03014,TP HCM,Cửa hàng,Thời trang,1.0,11732205.75042868,11732205.75042868,VI_DIEN_TU,4,-0.6644650604051615
T0023837,2025-05-04 02:29:11,C07161,Đà Nẵng,Online,Điện tử,1.0,16264574.637094034,16264575.0,VI_DIEN_TU,2,-0.6643886699562868
TDUP0062,2025-10-31 22:07:48,C00054,Hà Nội,Online,Điện tử,5.0,1219000.0,6095000.0,VI_DIEN_TU,22,-0.6643111640864888
T0031889,2025-06-15 22:06:32,C00247,Hà Nội,Online,Thực phẩm,5.0,183000.0,777750.0,VI_DIEN_TU,22,-0.6642831664131613
T0027912,2025-05-25 03:20:30,C05984,TP HCM,Cửa hàng,Điện tử,1.0,16990523.335392307,16990523.0,VI_DIEN_TU,3,-0.664222564831694
T0033261,2025-06-23 03:19:22,C01375,Hà Nội,Online,Mỹ phẩm,1.0,9901375.819579262,9901376.0,VI_DIEN_TU,3,-0.6640762342046528
T0037473,2025-07-14 22:40:43,C01934,Đà Nẵng,Online,Gia dụng,5.0,764000.0,3820000.0,VI_DIEN_TU,22,-0.6640639138841793
T0026575,2025-05-18 01:17:49,C00597,TP HCM,Cửa hàng,Gia dụng,1.0,10303376.375993729,10303376.0,VI_DIEN_TU,1,-0.6639492254180678
T0027877,2025-05-25 01:41:05,C00718,TP HCM,Cửa hàng,Gia dụng,1.0,10112146.994313292,10112147.0,VI_DIEN_TU,1,-0.6639492254180678
T0043023,2025-08-13 01:01:06,C03261,Hà Nội,Cửa hàng,Gia dụng,1.0,12763070.650338223,12763071.0,VI_DIEN_TU,1,-0.6638256280226791
T0029258,2025-06-02 02:34:14,C04897,TP HCM,Online,Gia dụng,1.0,8948801.826108383,8948802.0,VI_DIEN_TU,2,-0.6637070541622934
T0003031,2025-01-17 01:43:06,C00019,Hà Nội,Cửa hàng,Điện tử,1.0,15701150.13529841,15701150.0,VI_DIEN_TU,1,-0.6636488413373229
T0012644,2025-03-07 01:32:47,C00164,Đà Nẵng,Cửa hàng,Điện tử,1.0,15610709.281611145,15610709.281611145,VI_DIEN_TU,1,-0.6636488413373229
T0038219,2025-07-18 01:17:02,C03901,Cần Thơ,Cửa hàng,Điện tử,1.0,15515788.78489737,15515789.0,VI_DIEN_TU,1,-0.6636488413373229
T0053558,2025-10-06 17:27:49,C03618,Hải Phòng,Cửa hàng,Điện tử,5.0,1227000.0,6135000.0,VI_DIEN_TU,17,-0.6636061765601874
T0000727,2025-01-05 03:53:06,C00051,Hà Nội,Cửa hàng,Gia dụng,1.0,12551814.19628922,12551814.0,VI_DIEN_TU,3,-0.6635488009378063
T0056205,2025-10-20 01:45:55,C00052,Hải Phòng,Cửa hàng,Gia dụng,1.0,8707065.75417026,8707066.0,VI_DIEN_TU,1,-0.663396146347261
T0053286,2025-10-05 02:10:52,C01974,TP HCM,Online,Thời trang,1.0,10700326.361588404,10700326.0,VI_DIEN_TU,2,-0.6632658291424537
T0031047,2025-06-11 01:53:49,C00495,Hải Phòng,Online,Điện tử,1.0,21702544.727209557,21702545.0,VI_DIEN_TU,1,-0.6632653816360552
T0017702,2025-04-02 01:07:45,C02376,TP HCM,Online,Điện tử,1.0,20262131.09365195,20262131.0,VI_DIEN_TU,1,-0.6632653816360552
T0045557,2025-08-26 02:36:09,C00171,Cần Thơ,Online,Điện tử,1.0,19238077.730408084,19238078.0,VI_DIEN_TU,2,-0.6631390744583185
T0044205,2025-08-19 03:44:15,C06303,Cần Thơ,Cửa hàng,Điện tử,1.0,21303241.360916127,21303241.0,VI_DIEN_TU,3,-0.6631280278752396
T0045341,2025-08-25 04:47:35,C00097,TP HCM,Cửa hàng,Thời trang,1.0,10958632.449925013,10958632.0,VI_DIEN_TU,4,-0.6629617153322984
T0025033,2025-05-11 01:13:39,C00643,Hà Nội,Online,Thực phẩm,5.0,201000.0,954750.0,VI_DIEN_TU,1,-0.6628035935436758
T0006151,2025-02-02 04:46:03,C02166,Cần Thơ,Online,Điện tử,5.0,1135000.0,5391250.0,VI_DIEN_TU,4,-0.6625123879037305
T0031102,2025-06-11 02:14:10,C03178,Hà Nội,Cửa hàng,Điện tử,1.0,19526563.738293357,19526564.0,VI_DIEN_TU,2,-0.6624638893043501
T0036531,2025-07-10 01:54:45,C00003,Hải Phòng,Online,Gia dụng,1.0,14668626.13673097,14668626.0,VI_DIEN_TU,1,-0.6623768136153835
T0055757,2025-10-18 02:18:29,C07972,Hà Nội,Cửa hàng,Điện tử,1.0,19153565.81438606,19153566.0,VI_DIEN_TU,2,-0.6623355228945814
T0044234,2025-08-19 04:47:16,C05418,TP HCM,Cửa hàng,Điện tử,1.0,19935035.45058895,19935035.0,VI_DIEN_TU,4,-0.6623045738283563
T0031448,2025-06-13 01:17:35,C01523,TP HCM,Online,Gia dụng,1.0,16268412.252342423,16268412.0,VI_DIEN_TU,1,-0.662268468545277
T0006124,2025-02-02 03:59:07,C01778,TP HCM,Online,Gia dụng,1.0,14027476.634477654,14027477.0,VI_DIEN_TU,3,-0.6622438345656051
T0042411,2025-08-09 23:04:07,C06805,Cần Thơ,Cửa hàng,Điện tử,5.0,1039000.0,5195000.0,VI_DIEN_TU,23,-0.6622407979585416
T0046879,2025-09-02 01:44:44,C00002,Hải Phòng,Cửa hàng,Gia dụng,1.0,10903138.579841824,10903139.0,VI_DIEN_TU,1,-0.661949002880573
T0035893,2025-07-06 03:07:46,C04972,Cần Thơ,Online,Gia dụng,1.0,18155575.01471688,18155575.01471688,VI_DIEN_TU,3,-0.6617959209930808
T0007994,2025-02-11 02:16:52,C02738,Hải Phòng,Online,Thời trang,1.0,14075078.267939018,14075078.0,VI_DIEN_TU,2,-0.6617944271066633
T0028599,2025-05-29 01:08:50,C01256,TP HCM,Cửa hàng,Thời trang,1.0,12602655.530282082,12602656.0,VI_DIEN_TU,1,-0.6617886272051469
T0016407,2025-03-27 01:04:35,C04796,Hải Phòng,Cửa hàng,Gia dụng,1.0,12706966.271722108,12706966.0,VI_DIEN_TU,1,-0.6617886272051469
T0036105,2025-07-07 23:06:44,C00615,Hải Phòng,Online,Điện tử,5.0,1037000.0,5185000.0,THE,23,-0.6617767098598136
T0023703,2025-05-04 01:15:30,C00312,Hà Nội,Cửa hàng,Gia dụng,1.0,9552859.66528606,9552860.0,VI_DIEN_TU,1,-0.6617069255309588
T0036384,2025-07-09 01:09:42,C00006,Hải Phòng,Online,Gia dụng,1.0,16521111.024003888,16521111.0,VI_DIEN_TU,1,-0.6616965928742569
T0031571,2025-06-14 01:20:08,C00090,Hải Phòng,Cửa hàng,Gia dụng,1.0,11238456.101086628,11238456.101086628,VI_DIEN_TU,1,-0.6614858584311554
T0023701,2025-05-04 02:04:34,C00086,TP HCM,Online,Điện tử,5.0,1001000.0,4754750.0,VI_DIEN_TU,2,-0.6614783308470629
T0047065,2025-09-03 04:06:36,C00011,Hải Phòng,Cửa hàng,Điện tử,1.0,18879603.7297244,18879604.0,VI_DIEN_TU,4,-0.6613907025965889
T0034507,2025-06-29 03:19:45,C04572,Hà Nội,Cửa hàng,Gia dụng,1.0,11985230.5029927,11985231.0,VI_DIEN_TU,3,-0.6612346978248503
T0027009,2025-05-21 03:27:39,C05430,TP HCM,Cửa hàng,Điện tử,1.0,13439288.42215072,13439288.0,VI_DIEN_TU,3,-0.6611617035000168
T0025194,2025-05-11 03:53:47,C06841,TP HCM,Online,Điện tử,1.0,10417160.725950932,10417161.0,VI_DIEN_TU,3,-0.6611246186009372
T0058807,2025-11-03 02:53:18,C00516,Hà Nội,Cửa hàng,Thời trang,1.0,9754297.612850703,9754298.0,VI_DIEN_TU,2,-0.6610843089757213
T0041540,2025-08-05 03:56:14,C04236,Hải Phòng,Cửa hàng,Điện tử,1.0,17785198.63104045,17785199.0,VI_DIEN_TU,3,-0.6610389793359863
T0013270,2025-03-10 04:21:07,C01983,Đà Nẵng,Online,Điện tử,1.0,8693480.164958326,8693480.0,VI_DIEN_TU,4,-0.6610362237351174
T0041318,2025-08-04 02:34:55,C07389,Hải Phòng,Online,Thời trang,1.0,7829507.318047588,7829507.318047588,VI_DIEN_TU,2,-0.6610181849508927
T0047104,2025-09-03 02:10:34,C01938,Hà Nội,Cửa hàng,Gia dụng,1.0,13822980.49291552,13822980.0,VI_DIEN_TU,2,-0.6608917054454846
T0041469,2025-08-04 21:55:11,C01825,TP HCM,Online,Gia dụng,5.0,820000.0,4100000.0,VI_DIEN_TU,21,-0.6608136753759652
T0009220,2025-02-17 04:59:44,C04714,Cần Thơ,Online,Điện tử,1.0,8880542.329602616,8880542.0,VI_DIEN_TU,4,-0.6608126375247192
T0033076,2025-06-22 03:50:15,C03682,TP HCM,Cửa hàng,Gia dụng,1.0,10386884.739965629,10386885.0,VI_DIEN_TU,3,-0.6607874667895111
T0039646,2025-07-26 02:53:09,C03622,Đà Nẵng,Cửa hàng,Thời trang,1.0,13697266.397916509,13697266.0,VI_DIEN_TU,2,-0.6607636436796381
T0049096,2025-09-13 02:11:18,C00012,Hà Nội,Cửa hàng,Điện tử,1.0,13697361.520865642,13697361.520865642,VI_DIEN_TU,2,-0.6607636436796381
T0030363,2025-06-07 02:02:19,C07971,Hà Nội,Cửa hàng,Thời trang,1.0,15556253.298756093,15556253.0,VI_DIEN_TU,2,-0.6607636436796381
T0009336,2025-02-18 04:38:25,C03432,Đà Nẵng,Cửa hàng,Điện tử,1.0,15114597.0574884,15114597.0,VI_DIEN_TU,4,-0.6606649651041593
T0002817,2025-01-15 01:29:05,C03562,Hà Nội,Cửa hàng,Gia dụng,1.0,11000863.05533924,11000863.0,VI_DIEN_TU,1,-0.6606160268663762
T0005125,2025-01-27 21:34:49,C07058,Cần Thơ,Online,Gia dụng,5.0,875000.0,3937500.0,VI_DIEN_TU,21,-0.6603799204714932
T0030301,2025-06-07 01:40:07,C00506,TP HCM,Cửa hàng,Gia dụng,1.0,10500276.65232857,10500276.65232857,VI_DIEN_TU,1,-0.6603679234734916
T0007336,2025-02-08 02:45:37,C02662,TP HCM,Cửa hàng,Điện tử,1.0,16421760.324124863,16421760.0,VI_DIEN_TU,2,-0.6603167312452946
T0011377,2025-03-01 04:49:26,C03135,Hà Nội,Cửa hàng,Điện tử,1.0,20221459.27647042,20221459.0,VI_DIEN_TU,4,-0.6602329288431169
T0046382,2025-08-30 02:52:21,C00761,Đà Nẵng,Cửa hàng,Gia dụng,1.0,17356957.301986612,17356957.0,VI_DIEN_TU,2,-0.660093388393117
T0001911,2025-01-11 02:11:27,C01561,TP HCM,Cửa hàng,Điện tử,1.0,17104734.435128927,17104734.0,VI_DIEN_TU,2,-0.660093388393117
T0034657,2025-06-30 03:46:06,C07156,Hải Phòng,Online,Gia dụng,1.0,8645464.717374476,8645465.0,VI_DIEN_TU,3,-0.6600447769611676
T0007423,2025-02-08 03:10:27,C00436,TP HCM,Cửa hàng,Gia dụng,1.0,13633812.22198768,13633812.0,VI_DIEN_TU,3,-0.6599712099239944
T0029493,2025-06-03 04:34:15,C01008,Hà Nội,Online,Điện tử,1.0,23843405.69365818,23843405.69365818,VI_DIEN_TU,4,-0.6599014014530483
T0030685,2025-06-09 03:41:22,C04637,Hải Phòng,Cửa hàng,Gia dụng,1.0,9648064.61043891,9648065.0,VI_DIEN_TU,3,-0.659803192336395
T0054775,2025-10-13 02:40:09,C07085,Hà Nội,Online,Thời trang,5.0,827000.0,4135000.0,VI_DIEN_TU,2,-0.6597782649678917
T0047358,2025-09-04 01:17:30,C00042,Đà Nẵng,Online,Gia dụng,1.0,13042981.17598267,13042981.0,VI_DIEN_TU,1,-0.6596933335931258
T0000846,2025-01-05 17:34:45,C02231,TP HCM,Cửa hàng,Điện tử,5.0,1107000.0,5535000.0,VI_DIEN_TU,17,-0.6596700601720842
T0054904,2025-10-13 18:21:14,C00597,TP HCM,Cửa hàng,Điện tử,5.0,1187000.0,5341500.0,VI_DIEN_TU,18,-0.659642052710631
T0015903,2025-03-24 13:58:42,C01114,Hà Nội,Online,Gia dụng,5.0,973000.0,4865000.0,VI_DIEN_TU,13,-0.6596110265142395
T0018896,2025-04-09 04:19:31,C02031,Hà Nội,Cửa hàng,Gia dụng,1.0,13768470.100720638,13768470.0,VI_DIEN_TU,4,-0.6595978904639379
T0020343,2025-04-16 04:39:03,C04657,Hà Nội,Cửa hàng,Thời trang,1.0,15416710.200170483,15416710.0,VI_DIEN_TU,4,-0.6595978904639379
T0033783,2025-06-25 04:42:55,C07055,Hà Nội,Cửa hàng,Gia dụng,1.0,13923589.566699872,13923589.566699872,VI_DIEN_TU,4,-0.6595978904639379
T0025748,2025-05-14 03:31:03,C03630,TP HCM,Cửa hàng,Gia dụng,1.0,13284430.041660184,13284430.0,VI_DIEN_TU,3,-0.6595978904639379
T0005845,2025-01-31 01:40:31,C01906,Đà Nẵng,Online,Điện tử,1.0,10272345.83015048,10272346.0,VI_DIEN_TU,1,-0.6595854274602301
T0038714,2025-07-21 07:35:53,C00005,Hà Nội,Cửa hàng,Điện tử,5.0,1178000.0,5890000.0,VI_DIEN_TU,7,-0.6595300509718908
T0035281,2025-07-03 01:49:20,C00314,TP HCM,Online,Thời trang,1.0,11318953.153186286,11318953.153186286,VI_DIEN_TU,1,-0.659470201596441
T0014442,2025-03-16 23:39:13,C00030,Cần Thơ,Cửa hàng,Thời trang,5.0,658000.0,3290000.0,VI_DIEN_TU,23,-0.6594254050844335
T0041131,2025-08-03 01:04:14,C05991,Đà Nẵng,Online,Điện tử,5.0,1214000.0,6070000.0,TIEN_MAT,1,-0.6593682945961449
T0052839,2025-10-02 02:57:45,C00747,Hà Nội,Cửa hàng,Điện tử,1.0,21155295.700147185,21155296.0,VI_DIEN_TU,2,-0.6593480025187348
T0045671,2025-08-26 02:18:27,C04338,TP HCM,Cửa hàng,Điện tử,1.0,12351573.88041902,12351574.0,VI_DIEN_TU,2,-0.659336972073337
T0041465,2025-08-04 21:10:08,C02346,TP HCM,Cửa hàng,Gia dụng,5.0,940000.0,4700000.0,VI_DIEN_TU,21,-0.6592937298931618
T0035081,2025-07-02 01:39:46,C05550,Đà Nẵng,Online,Điện tử,1.0,12676717.207926946,12676717.0,VI_DIEN_TU,1,-0.6592388468958801
T0049870,2025-09-17 01:47:40,C00497,Đà Nẵng,Online,Thời trang,1.0,12305773.576129982,12305774.0,VI_DIEN_TU,1,-0.6592388468958801
T0029618,2025-06-04 04:05:48,C02527,Hải Phòng,Cửa hàng,Gia dụng,1.0,16869254.08335653,16869254.0,VI_DIEN_TU,4,-0.6591517664955042
T0027008,2025-05-21 04:36:17,C00738,Hải Phòng,Cửa hàng,Gia dụng,1.0,17917781.807985302,17917781.807985302,VI_DIEN_TU,4,-0.6591517664955042
T0021716,2025-04-23 04:33:50,C00206,TP HCM,Cửa hàng,Điện tử,1.0,17430080.825164992,17430081.0,VI_DIEN_TU,4,-0.6591517664955042
T0002326,2025-01-13 01:28:16,C07154,TP HCM,Cửa hàng,Mỹ phẩm,1.0,7700176.14890127,7700176.0,VI_DIEN_TU,1,-0.6591457955302098
T0000118,2025-01-01 22:23:34,C00527,Cần Thơ,Online,Điện tử,5.0,1210000.0,6050000.0,VI_DIEN_TU,22,-0.6591308917201897
T0000525,2025-01-04 00:33:19,C00689,Hải Phòng,Online,Điện tử,5.0,941000.0,4469750.0,VI_DIEN_TU,0,-0.6591086966497812
T0039859,2025-07-27 04:50:51,C00520,TP HCM,Online,Điện tử,1.0,12326126.160672285,12326126.0,VI_DIEN_TU,4,-0.65910162823707
T0012861,2025-03-08 02:34:36,C00039,TP HCM,Online,Điện tử,1.0,14050525.487003855,14050525.0,VI_DIEN_TU,2,-0.6590385479922022
T0001165,2025-01-07 03:27:22,C04940,TP HCM,Online,Điện tử,1.0,14654715.268627249,14654715.0,VI_DIEN_TU,3,-0.6590286112213813
T0020177,2025-04-15 03:45:19,C01168,Cần Thơ,Online,Điện tử,1.0,15205166.99920708,15205167.0,VI_DIEN_TU,3,-0.6590286112213813
T0045525,2025-08-26 03:32:24,C04154,Cần Thơ,Online,Điện tử,1.0,13850648.78310264,13850648.78310264,VI_DIEN_TU,3,-0.6590286112213813
T0043705,2025-08-16 02:10:46,C00035,Cần Thơ,Online,Thời trang,1.0,16120050.0558388,16120050.0,VI_DIEN_TU,2,-0.6588156374675425
T0040230,2025-07-29 04:54:14,C02978,Đà Nẵng,Online,Gia dụng,1.0,15340233.78141862,15340234.0,VI_DIEN_TU,4,-0.658786144284822
T0029403,2025-06-02 22:24:58,C04766,Đà Nẵng,Online,Thực phẩm,5.0,176000.0,836000.0,VI_DIEN_TU,22,-0.6586416133599843
T0049115,2025-09-13 03:20:41,C04941,TP HCM,Cửa hàng,Gia dụng,1.0,13161257.24431894,13161257.0,VI_DIEN_TU,3,-0.6586329860524515
T0018746,2025-04-08 04:02:34,C02511,Hải Phòng,Online,Gia dụng,1.0,17620413.770121202,17620413.770121202,VI_DIEN_TU,4,-0.6585633191321683
T0055646,2025-10-17 03:10:18,C03005,TP HCM,Cửa hàng,Điện tử,1.0,23844189.344649423,23844189.0,VI_DIEN_TU,3,-0.6585477752548899
T0004182,2025-01-23 03:35:07,C00128,Cần Thơ,Cửa hàng,Gia dụng,1.0,15606544.86808394,15606545.0,VI_DIEN_TU,3,-0.6584973211116304
T0008799,2025-02-15 04:34:27,C01178,TP HCM,Cửa hàng,Gia dụng,1.0,15383044.654374836,15383044.654374836,VI_DIEN_TU,4,-0.6584432550533906
T0005994,2025-02-01 04:15:24,C01381,Hải Phòng,Cửa hàng,Gia dụng,1.0,14778122.71457856,14778123.0,VI_DIEN_TU,4,-0.6584432550533906
T0050553,2025-09-21 00:56:46,C07575,Hà Nội,Cửa hàng,Thực phẩm,5.0,174000.0,870000.0,VI_DIEN_TU,0,-0.6583845384783937
T0054501,2025-10-11 13:46:26,C00052,Đà Nẵng,Online,Điện tử,5.0,1262000.0,5994500.0,VI_DIEN_TU,13,-0.6583782630917792
T0054823,2025-10-13 08:26:19,C00006,TP HCM,Cửa hàng,Điện tử,5.0,1207000.0,6035000.0,VI_DIEN_TU,8,-0.6583425858217318
T0017066,2025-03-30 17:26:55,C00272,TP HCM,Cửa hàng,Điện tử,5.0,1055000.0,5275000.0,VI_DIEN_TU,17,-0.6583058052735632
T0040311,2025-07-29 01:46:32,C02746,Hà Nội,Online,Thời trang,1.0,8534883.858693572,8534884.0,VI_DIEN_TU,1,-0.6581474877722163
T0013797,2025-03-13 01:11:54,C04564,Đà Nẵng,Online,Mỹ phẩm,1.0,10235468.357654564,10235468.0,VI_DIEN_TU,1,-0.6581329936196729
T0057425,2025-10-26 22:17:40,C05367,Đà Nẵng,Cửa hàng,Sách,5.0,156000.0,780000.0,VI_DIEN_TU,22,-0.6579803508423618
T0054446,2025-10-11 03:10:08,C03190,Hải Phòng,Cửa hàng,Thời trang,1.0,12561126.573558869,12561127.0,VI_DIEN_TU,3,-0.6579648920297227
T0001229,2025-01-07 01:22:56,C03633,Cần Thơ,Online,Điện tử,1.0,8380493.10233833,8380493.0,VI_DIEN_TU,1,-0.6579248786361503
T0028590,2025-05-29 04:02:53,C01992,Đà Nẵng,Cửa hàng,Điện tử,1.0,21174502.05729009,21174502.0,VI_DIEN_TU,4,-0.6578676444783487
T0000179,2025-01-02 04:55:53,C04922,TP HCM,Cửa hàng,Điện tử,1.0,22893707.15611377,22893707.0,VI_DIEN_TU,4,-0.6578676444783487
T0043347,2025-08-14 04:34:52,C00795,Hải Phòng,Cửa hàng,Điện tử,1.0,19825304.79534703,19825305.0,VI_DIEN_TU,4,-0.6578676444783487
T0017617,2025-04-02 01:58:08,C04250,TP HCM,Cửa hàng,Điện tử,1.0,10205044.116645103,10205044.0,VI_DIEN_TU,1,-0.6578561029592364
T0059848,2025-11-08 03:44:52,C04478,TP HCM,Online,Gia dụng,1.0,13528583.245882029,13528583.245882029,VI_DIEN_TU,3,-0.6576969500283196
T0044795,2025-08-22 01:25:32,C00027,Hải Phòng,Online,Mỹ phẩm,1.0,9641846.639816692,9641847.0,VI_DIEN_TU,1,-0.6575802823478143
T0043772,2025-08-17 02:11:34,C04921,TP HCM,Online,Thời trang,5.0,856000.0,4280000.0,VI_DIEN_TU,2,-0.6574626448897184
T0016349,2025-03-26 03:01:13,C05164,TP HCM,Cửa hàng,Gia dụng,1.0,12711375.507321551,12711376.0,VI_DIEN_TU,3,-0.6573044076922516
T0037379,2025-07-14 03:27:21,C00898,Hà Nội,Cửa hàng,Điện tử,1.0,9070106.280603044,9070106.280603044,VI_DIEN_TU,3,-0.6571301387981944
T0033989,2025-06-26 02:44:11,C02727,Đà Nẵng,Cửa hàng,Điện tử,1.0,18836415.79322151,18836416.0,VI_DIEN_TU,2,-0.6571159813545095
T0031667,2025-06-14 04:30:24,C01559,Hải Phòng,Cửa hàng,Thời trang,1.0,13059626.541802604,13059627.0,VI_DIEN_TU,4,-0.6571081294165158
T0016667,2025-03-28 02:35:15,C02324,TP HCM,Cửa hàng,Gia dụng,1.0,13391729.132087309,13391729.0,VI_DIEN_TU,2,-0.6570604102914357
T0043542,2025-08-15 02:41:09,C05510,Hà Nội,Cửa hàng,Điện tử,1.0,15215588.072002478,15215588.0,VI_DIEN_TU,2,-0.6570604102914357
T0007150,2025-02-07 02:10:55,C01154,Đà Nẵng,Cửa hàng,Thời trang,1.0,13863001.80341295,13863002.0,VI_DIEN_TU,2,-0.6570604102914357
T0011701,2025-03-02 21:32:53,C05979,TP HCM,Online,Điện tử,5.0,1197000.0,5985000.0,KHONG_RO,21,-0.6568111976487316
T0001238,2025-01-07 04:32:08,C01616,Đà Nẵng,Cửa hàng,Gia dụng,1.0,12471865.17404955,12471865.0,VI_DIEN_TU,4,-0.6568105673271205
T0001251,2025-01-07 04:40:00,C01864,Cần Thơ,Cửa hàng,Gia dụng,1.0,12673290.68334709,12673291.0,VI_DIEN_TU,4,-0.6568105673271205
T0007506,2025-02-09 02:16:43,C06067,Hà Nội,Cửa hàng,Mỹ phẩm,1.0,8779685.244571395,8779685.0,VI_DIEN_TU,2,-0.6567083307780891
T0030337,2025-06-07 01:51:11,C00234,Đà Nẵng,Cửa hàng,Gia dụng,1.0,9639956.227352591,9639956.0,VI_DIEN_TU,1,-0.6565550954575068
T0052976,2025-10-03 03:24:20,C00003,Cần Thơ,Cửa hàng,Gia dụng,1.0,16225691.76382294,16225691.76382294,VI_DIEN_TU,3,-0.6565405286202373
T0037485,2025-07-14 23:56:49,C00472,Cần Thơ,Cửa hàng,Điện tử,5.0,1174000.0,5870000.0,TIEN_MAT,23,-0.656461314993194
T0029210,2025-06-01 04:50:05,C05524,TP HCM,Cửa hàng,Mỹ phẩm,1.0,9572082.56011548,9572083.0,VI_DIEN_TU,4,-0.6563646976102132
T0013265,2025-03-10 20:09:10,C00003,Đà Nẵng,Online,Thời trang,5.0,781000.0,3905000.0,VI_DIEN_TU,20,-0.6563345625543988
T0025106,2025-05-11 03:26:16,C00953,TP HCM,Cửa hàng,Mỹ phẩm,1.0,9238400.749962289,9238400.749962289,VI_DIEN_TU,3,-0.6563317595675155
T0050637,2025-09-21 11:12:31,C00167,TP HCM,Online,Điện tử,5.0,968000.0,4598000.0,VI_DIEN_TU,11,-0.6562464391083139
T0030627,2025-06-09 08:50:56,C07655,Hà Nội,Online,Gia dụng,5.0,891000.0,4455000.0,VI_DIEN_TU,8,-0.656234879344172
T0032305,2025-06-18 04:44:00,C01248,Hải Phòng,Cửa hàng,Gia dụng,1.0,12956657.714240368,12956657.714240368,VI_DIEN_TU,4,-0.6561935395371432
T0023231,2025-05-01 01:37:04,C00179,Cần Thơ,Online,Mỹ phẩm,1.0,9688167.464603612,9688167.0,VI_DIEN_TU,1,-0.6561322639180519
T0000642,2025-01-04 04:44:04,C00576,Hà Nội,Online,Điện tử,1.0,23568854.59164272,23568854.59164272,VI_DIEN_TU,4,-0.6561282253004701
T0057764,2025-10-28 01:21:24,C06394,Hà Nội,Cửa hàng,Mỹ phẩm,1.0,9226674.597456684,9226675.0,VI_DIEN_TU,1,-0.6561263344176785
T0021037,2025-04-20 01:37:10,C00356,Đà Nẵng,Online,Điện tử,4.0,1193000.0,4772000.0,VI_DIEN_TU,1,-0.6560789905621208
T0017069,2025-03-30 17:54:55,C02214,Hà Nội,Online,Gia dụng,5.0,913000.0,4565000.0,VI_DIEN_TU,17,-0.6559804738643519
T0011382,2025-03-01 03:13:38,C05587,Cần Thơ,Online,Gia dụng,1.0,11381382.8953426,11381383.0,VI_DIEN_TU,3,-0.6559194014199726
T0038350,2025-07-19 03:33:00,C02296,Đà Nẵng,Online,Thời trang,1.0,10415903.37940033,10415903.0,VI_DIEN_TU,3,-0.6559194014199726
T0035883,2025-07-06 01:37:22,C07477,Hải Phòng,Online,Thời trang,1.0,6846563.404467834,6846563.404467834,VI_DIEN_TU,1,-0.6558964004428394
T0027924,2025-05-25 22:22:31,C05437,Đà Nẵng,Cửa hàng,Gia dụng,5.0,743000.0,3715000.0,VI_DIEN_TU,22,-0.6557794064669044
T0050572,2025-09-21 04:58:02,C00147,TP HCM,Cửa hàng,Mỹ phẩm,1.0,9324483.66387917,9324484.0,VI_DIEN_TU,4,-0.6556989044591114
T0020806,2025-04-18 20:26:42,C00869,TP HCM,Online,Điện tử,5.0,1238000.0,6190000.0,VI_DIEN_TU,20,-0.6556385908975187
T0013988,2025-03-14 03:11:22,C01799,TP HCM,Online,Điện tử,1.0,19395154.44258439,19395154.0,VI_DIEN_TU,3,-0.6555776428913207
T0041553,2025-08-05 04:35:03,C00065,TP HCM,Online,Điện tử,1.0,10833350.272998031,10833350.272998031,VI_DIEN_TU,4,-0.6555167202377354
T0023446,2025-05-02 02:14:12,C00273,TP HCM,Cửa hàng,Thời trang,1.0,13314916.494215705,13314916.0,VI_DIEN_TU,2,-0.6555062978410842
T0046778,2025-09-01 13:21:26,C00515,Đà Nẵng,Online,Gia dụng,5.0,885000.0,4425000.0,VI_DIEN_TU,13,-0.6554764975121878
T0055681,2025-10-17 04:09:22,C07100,Cần Thơ,Cửa hàng,Điện tử,1.0,15257806.71987472,15257807.0,VI_DIEN_TU,4,-0.6554638442839068
T0016732,2025-03-28 04:06:30,C00183,Hà Nội,Cửa hàng,Điện tử,1.0,15007772.934598204,15007773.0,VI_DIEN_TU,4,-0.6554638442839068
T0059691,2025-11-07 04:14:02,C03592,TP HCM,Cửa hàng,Gia dụng,1.0,15116858.668203777,15116859.0,VI_DIEN_TU,4,-0.6554638442839068
T0018385,2025-04-06 10:51:14,C00736,Đà Nẵng,Cửa hàng,Điện tử,5.0,1085000.0,5425000.0,VI_DIEN_TU,10,-0.6552986191326865
T0031368,2025-06-13 04:00:37,C00479,TP HCM,Cửa hàng,Điện tử,1.0,15949070.044127207,15949070.0,VI_DIEN_TU,4,-0.6552421428525264
T0023059,2025-04-30 03:02:17,C02898,Cần Thơ,Online,Điện tử,1.0,19604701.19981205,19604701.0,VI_DIEN_TU,3,-0.6552190085305581
T0014767,2025-03-18 02:33:44,C06453,Hải Phòng,Online,Gia dụng,1.0,9514473.430179125,9514473.0,VI_DIEN_TU,2,-0.6551769956051046
T0058917,2025-11-03 03:32:00,C05264,Hà Nội,Cửa hàng,Điện tử,1.0,8398932.11662058,8398932.0,VI_DIEN_TU,3,-0.6551324577834606
T0035762,2025-07-06 02:56:39,C01260,Hà Nội,Cửa hàng,Sách,5.0,127000.0,635000.0,VI_DIEN_TU,2,-0.6551085942279452
T0004439,2025-01-24 02:21:00,C00846,TP HCM,Cửa hàng,Gia dụng,1.0,12369572.262497092,12369572.262497092,VI_DIEN_TU,2,-0.6550629412519348
T0048842,2025-09-12 04:42:55,C00266,Cần Thơ,Cửa hàng,Điện tử,1.0,17423689.065980274,17423689.0,VI_DIEN_TU,4,-0.6550205164085385
T0009028,2025-02-16 22:42:05,C00816,Hà Nội,Online,Điện tử,4.0,1121000.0,4484000.0,VI_DIEN_TU,22,-0.6549764258038381
T0020628,2025-04-17 03:56:02,C04952,Hà Nội,Online,Điện tử,1.0,23637351.431308918,23637351.0,VI_DIEN_TU,3,-0.6549738355878626
T0020615,2025-04-17 03:29:03,C06743,Hà Nội,Online,Điện tử,1.0,19237596.375381894,19237596.0,VI_DIEN_TU,3,-0.6549738355878626
T0022702,2025-04-28 19:35:58,C03767,Hà Nội,Online,Thời trang,5.0,826000.0,4130000.0,VI_DIEN_TU,19,-0.6549577596485063
T0027073,2025-05-21 02:38:41,C00001,Cần Thơ,Online,Điện tử,1.0,17441872.701418504,17441873.0,VI_DIEN_TU,2,-0.6548677300793586
T0049138,2025-09-13 17:23:15,C07783,TP HCM,Online,Điện tử,5.0,1171000.0,5855000.0,VI_DIEN_TU,17,-0.6548159305235332
T0018215,2025-04-05 04:44:20,C01095,Hà Nội,Online,Điện tử,1.0,18370627.633073617,18370628.0,VI_DIEN_TU,4,-0.6547977938502991
T0006733,2025-02-05 04:26:42,C01912,Hà Nội,Cửa hàng,Gia dụng,1.0,12310569.158397997,12310569.0,VI_DIEN_TU,4,-0.6547905330521565
T0020594,2025-04-17 01:05:27,C03474,Hà Nội,Cửa hàng,Điện tử,1.0,9843812.259140594,9843812.259140594,VI_DIEN_TU,1,-0.6547863188035541
T0045321,2025-08-25 02:37:08,C06580,TP HCM,Cửa hàng,Điện tử,5.0,1043000.0,5215000.0,VI_DIEN_TU,2,-0.6547697001474682
T0014507,2025-03-17 08:12:42,C01299,Hà Nội,Cửa hàng,Điện tử,5.0,1154000.0,5481500.0,VI_DIEN_TU,8,-0.6547428695868868
T0047352,2025-09-04 02:46:40,C00334,Hà Nội,Online,Gia dụng,1.0,13773144.875189297,13773145.0,VI_DIEN_TU,2,-0.6547194427665384
T0031533,2025-06-14 00:54:53,C01166,Hải Phòng,Online,Mỹ phẩm,5.0,437000.0,2185000.0,VI_DIEN_TU,0,-0.6547185193306085
T0049430,2025-09-15 06:29:07,C00002,TP HCM,Online,Gia dụng,5.0,858000.0,4290000.0,VI_DIEN_TU,6,-0.6545003540534527
T0043381,2025-08-15 03:36:58,C00835,Cần Thơ,Online,Điện tử,1.0,15312125.83246476,15312126.0,VI_DIEN_TU,3,-0.6544696930310029
T0015230,2025-03-21 02:38:25,C06347,TP HCM,Online,Điện tử,1.0,15394012.95805082,15394013.0,VI_DIEN_TU,2,-0.6544696930310029
T0056857,2025-10-24 03:14:21,C00142,Hà Nội,Online,Điện tử,1.0,13950908.549914189,13950909.0,VI_DIEN_TU,3,-0.6544696930310029
T0052975,2025-10-03 03:44:40,C05415,TP HCM,Online,Điện tử,1.0,15770272.068339337,15770272.0,VI_DIEN_TU,3,-0.6544696930310029
T0052504,2025-10-01 04:05:20,C06804,TP HCM,Online,Điện tử,1.0,20166558.70623541,20166559.0,VI_DIEN_TU,4,-0.6544296950769757
T0024950,2025-05-10 04:00:39,C00006,Hà Nội,Cửa hàng,Thời trang,1.0,11601367.98826702,11601368.0,VI_DIEN_TU,4,-0.6541522652171267
T0028172,2025-05-27 04:29:01,C01084,Hà Nội,Cửa hàng,Thời trang,1.0,11982087.516171088,11982088.0,VI_DIEN_TU,4,-0.6541421889334578
T0041624,2025-08-05 01:19:47,C00003,Đà Nẵng,Cửa hàng,Mỹ phẩm,1.0,8873649.393916845,8873649.0,VI_DIEN_TU,1,-0.6541317049764993
T0015593,2025-03-22 23:22:07,C00216,Đà Nẵng,Online,Thực phẩm,5.0,192000.0,864000.0,VI_DIEN_TU,23,-0.6541309467780381
T0004486,2025-01-24 13:59:11,C00492,Hải Phòng,Online,Điện tử,5.0,1264000.0,6320000.0,VI_DIEN_TU,13,-0.6541289711356236
T0033772,2025-06-25 03:29:41,C02169,Hà Nội,Online,Điện tử,1.0,14163470.629897378,14163470.629897378,VI_DIEN_TU,3,-0.6541116647752443
T0024745,2025-05-09 02:29:43,C02344,Hải Phòng,Online,Điện tử,1.0,18522110.18391389,18522110.0,VI_DIEN_TU,2,-0.6540270375572729
T0020611,2025-04-17 02:12:10,C00088,TP HCM,Cửa hàng,Thời trang,1.0,12629368.405170657,12629368.0,VI_DIEN_TU,2,-0.6539456281021514
T0004761,2025-01-25 04:40:10,C07021,Cần Thơ,Cửa hàng,Thời trang,1.0,10628182.413310254,10628182.0,VI_DIEN_TU,4,-0.6539310074089285
T0031871,2025-06-15 19:51:56,C05991,Hà Nội,Online,Thực phẩm,5.0,190000.0,902500.0,VI_DIEN_TU,19,-0.6539143601664591
T0012955,2025-03-09 07:06:27,C00005,TP HCM,Cửa hàng,Điện tử,5.0,1080000.0,5400000.0,VI_DIEN_TU,7,-0.6538975260757592
T0048770,2025-09-11 03:56:51,C06308,Đà Nẵng,Online,Thời trang,1.0,14501687.041385714,14501687.0,VI_DIEN_TU,3,-0.6538669061836643
T0047394,2025-09-04 03:50:50,C05571,Hà Nội,Online,Thời trang,1.0,15282357.684264174,15282358.0,VI_DIEN_TU,3,-0.6538669061836643
T0035993,2025-07-07 08:20:10,C01691,Hải Phòng,Cửa hàng,Điện tử,5.0,1068000.0,5340000.0,VI_DIEN_TU,8,-0.6538574886277205
T0053505,2025-10-06 10:45:40,C01874,Hà Nội,Cửa hàng,Điện tử,5.0,1094000.0,5470000.0,VI_DIEN_TU,10,-0.6538116159777176
T0048035,2025-09-08 01:31:58,C07170,Hải Phòng,Online,Thực phẩm,5.0,194000.0,970000.0,VI_DIEN_TU,1,-0.6538053617381099
T0044097,2025-08-18 17:28:13,C00005,Cần Thơ,Online,Gia dụng,5.0,925000.0,3931250.0,VI_DIEN_TU,17,-0.6537039779748125
T0031223,2025-06-12 03:55:46,C01501,Hà Nội,Online,Điện tử,1.0,16278836.643868592,16278837.0,VI_DIEN_TU,3,-0.6536457448941478
T0058969,2025-11-03 21:58:03,C03899,TP HCM,Cửa hàng,Sách,5.0,128000.0,640000.0,VI_DIEN_TU,21,-0.6536392585653684
T0007543,2025-02-09 03:12:38,C02906,Hà Nội,Online,Gia dụng,1.0,8255625.561490677,8255626.0,VI_DIEN_TU,3,-0.6535180974012482
T0019558,2025-04-12 04:07:44,C04939,Hà Nội,Online,Điện tử,1.0,12751996.719415847,12751997.0,VI_DIEN_TU,4,-0.6534700601164821
T0009645,2025-02-20 03:53:44,C00497,TP HCM,Online,Điện tử,1.0,16882723.28684386,16882723.0,VI_DIEN_TU,3,-0.6534246584093286
T0054610,2025-10-12 03:22:07,C02355,Cần Thơ,Online,Thực phẩm,5.0,187000.0,888250.0,VI_DIEN_TU,3,-0.653399177294897
T0033129,2025-06-22 10:21:02,C06598,Cần Thơ,Online,Sách,5.0,154000.0,770000.0,VI_DIEN_TU,10,-0.6533896321140571
T0012269,2025-03-05 04:36:21,C00056,Hà Nội,Online,Thời trang,1.0,13377090.884989416,13377091.0,VI_DIEN_TU,4,-0.6533236852898655
T0037741,2025-07-16 04:49:34,C01856,TP HCM,Online,Điện tử,1.0,13508922.342286585,13508922.0,VI_DIEN_TU,4,-0.6533236852898655
T0004789,2025-01-26 02:02:06,C00902,TP HCM,Online,Điện tử,5.0,1145000.0,5725000.0,TIEN_MAT,2,-0.6533064078682023
T0031662,2025-06-14 04:22:41,C05349,Hà Nội,Cửa hàng,Gia dụng,1.0,10311401.42071699,10311401.0,VI_DIEN_TU,4,-0.653267682907152
T0054914,2025-10-13 19:28:29,C00905,Hà Nội,Online,Sách,5.0,139000.0,695000.0,VI_DIEN_TU,19,-0.6531818948748248
T0042666,2025-08-11 02:22:50,C00920,Hải Phòng,Online,Thời trang,1.0,6668363.64969429,6668363.64969429,VI_DIEN_TU,2,-0.6531418935990098
T0045857,2025-08-27 04:44:46,C01553,TP HCM,Online,Điện tử,1.0,18021490.267565023,18021490.0,VI_DIEN_TU,4,-0.6531027077371803
T0041766,2025-08-06 04:33:34,C00303,Hải Phòng,Online,Điện tử,1.0,16926098.61142657,16926099.0,VI_DIEN_TU,4,-0.6531027077371803
T0054051,2025-10-09 01:00:23,C00460,Đà Nẵng,Online,Gia dụng,1.0,9185430.750789369,9185431.0,VI_DIEN_TU,1,-0.6530321002874444
T0011224,2025-02-28 02:12:41,C01458,TP HCM,Cửa hàng,Điện tử,1.0,12171725.270394484,12171725.0,VI_DIEN_TU,2,-0.6529993001102294
T0037300,2025-07-14 00:42:08,C00373,Hà Nội,Cửa hàng,Mỹ phẩm,5.0,434000.0,1844500.0,VI_DIEN_TU,0,-0.6529217251038039
T0030750,2025-06-10 00:35:07,C06654,TP HCM,Online,Sách,5.0,146000.0,730000.0,VI_DIEN_TU,0,-0.6529138332101845
T0057126,2025-10-25 04:36:29,C01577,TP HCM,Online,Điện tử,1.0,10186253.82437589,10186254.0,VI_DIEN_TU,4,-0.6528072031833476
T0048247,2025-09-09 01:46:00,C06564,TP HCM,Cửa hàng,Điện tử,1.0,8133719.903084328,8133720.0,VI_DIEN_TU,1,-0.6528053218713431
T0030732,2025-06-09 21:58:20,C01068,TP HCM,Online,Thực phẩm,5.0,196000.0,980000.0,VI_DIEN_TU,21,-0.6527783988318506
T0012297,2025-03-05 21:24:20,C03345,Hà Nội,Online,Điện tử,5.0,1245000.0,5913750.0,VI_DIEN_TU,21,-0.6527761550537395
T0040115,2025-07-28 16:01:37,C03305,Cần Thơ,Online,Thời trang,5.0,840000.0,4200000.0,VI_DIEN_TU,16,-0.6527458258826431
T0017266,2025-03-31 19:07:47,C06133,TP HCM,Online,Thời trang,5.0,747000.0,3361500.0,VI_DIEN_TU,19,-0.6527458258826431
T0057887,2025-10-29 02:58:21,C00366,TP HCM,Online,Thời trang,1.0,12840267.849684045,12840268.0,VI_DIEN_TU,2,-0.6526561003627885
T0022499,2025-04-27 19:00:29,C06064,Cần Thơ,Cửa hàng,Gia dụng,5.0,825000.0,4125000.0,VI_DIEN_TU,19,-0.6526291245066502
T0057834,2025-10-28 23:39:52,C03288,Đà Nẵng,Cửa hàng,Gia dụng,5.0,924000.0,4620000.0,VI_DIEN_TU,23,-0.6525130060242248
T0007888,2025-02-11 00:54:59,C00506,TP HCM,Cửa hàng,Điện tử,5.0,1169000.0,4968250.0,VI_DIEN_TU,0,-0.6523389266678222
T0020635,2025-04-17 22:02:14,C06296,Cần Thơ,Online,Điện tử,5.0,1093000.0,5465000.0,VI_DIEN_TU,22,-0.6522721454306651
T0011099,2025-02-27 04:41:35,C04857,Hải Phòng,Online,Điện tử,1.0,14163953.553795325,14163954.0,VI_DIEN_TU,4,-0.6522288207634739
T0036658,2025-07-10 04:02:55,C01876,Hà Nội,Online,Điện tử,1.0,13724397.54639734,13724398.0,VI_DIEN_TU,4,-0.6522288207634739
T0045943,2025-08-28 04:51:03,C00079,TP HCM,Online,Gia dụng,1.0,13496399.26747391,13496399.0,VI_DIEN_TU,4,-0.6522288207634739
T0015094,2025-03-20 04:37:45,C00993,TP HCM,Online,Thời trang,1.0,13848278.981917525,13848279.0,VI_DIEN_TU,4,-0.6522288207634739
T0035231,2025-07-03 04:12:59,C02671,Hà Nội,Online,Gia dụng,1.0,13883998.907833356,13883998.907833356,VI_DIEN_TU,4,-0.6522288207634739
T0015600,2025-03-23 03:14:16,C03585,Cần Thơ,Online,Mỹ phẩm,1.0,7963385.269116591,7963385.0,VI_DIEN_TU,3,-0.6521929585084041
T0042620,2025-08-11 00:03:09,C02225,Đà Nẵng,Online,Gia dụng,5.0,896000.0,4480000.0,CHUYEN_KHOAN,0,-0.6521395735248328
T0027399,2025-05-23 02:58:42,C00212,TP HCM,Online,Thời trang,1.0,11362177.256712755,11362177.0,VI_DIEN_TU,2,-0.6521035025245622
T0012695,2025-03-07 03:37:00,C02368,Đà Nẵng,Online,Điện tử,1.0,10539992.64552369,10539993.0,VI_DIEN_TU,3,-0.6521035025245622
T0056204,2025-10-20 13:58:48,C05801,TP HCM,Online,Gia dụng,5.0,839000.0,4195000.0,VI_DIEN_TU,13,-0.6520962768196138
T0018925,2025-04-09 01:32:44,C04957,TP HCM,Cửa hàng,Mỹ phẩm,1.0,9066091.661201734,9066091.661201734,VI_DIEN_TU,1,-0.6520694366644695
T0007782,2025-02-10 11:52:05,C01525,Hà Nội,Cửa hàng,Điện tử,5.0,1055000.0,5275000.0,VI_DIEN_TU,11,-0.6520177845186337
T0019228,2025-04-10 01:32:21,C00008,Hải Phòng,Online,Điện tử,1.0,8874276.709249383,8874277.0,VI_DIEN_TU,1,-0.6519284524859338
T0013074,2025-03-09 20:51:31,C00048,TP HCM,Online,Điện tử,5.0,1124000.0,5620000.0,THE,20,-0.6518757246694349
T0009070,2025-02-17 04:37:42,C01835,Hà Nội,Cửa hàng,Điện tử,5.0,1037000.0,5185000.0,VI_DIEN_TU,4,-0.6518507342494285
T0034596,2025-06-30 02:34:42,C00008,Hà Nội,Online,Thực phẩm,5.0,189000.0,945000.0,VI_DIEN_TU,2,-0.6518361662164331
T0003304,2025-01-18 01:26:45,C01413,TP HCM,Cửa hàng,Mỹ phẩm,1.0,8266538.550742323,8266538.550742323,VI_DIEN_TU,1,-0.651815885661771
T0017020,2025-03-30 11:53:35,C00648,TP HCM,Online,Thực phẩm,5.0,156000.0,663000.0,VI_DIEN_TU,11,-0.6517767316956615
T0004809,2025-01-26 04:39:36,C00024,Hà Nội,Online,Thực phẩm,5.0,164000.0,820000.0,VI_DIEN_TU,4,-0.6517760170733353
T0012436,2025-03-06 03:40:46,C00006,Đà Nẵng,Cửa hàng,Gia dụng,1.0,11923562.879054915,11923562.879054915,VI_DIEN_TU,3,-0.6517754177280811
T0026606,2025-05-19 03:41:13,C00226,Hải Phòng,Online,Thực phẩm,5.0,158000.0,671500.0,VI_DIEN_TU,3,-0.6517676854583527
T0052132,2025-09-29 04:28:17,C01538,TP HCM,Online,Sách,5.0,129000.0,645000.0,VI_DIEN_TU,4,-0.6517543404477708
T0032687,2025-06-20 02:03:02,C07514,TP HCM,Cửa hàng,Thời trang,1.0,10463956.076415854,10463956.0,VI_DIEN_TU,2,-0.6517398896279284
T0038670,2025-07-21 02:10:40,C00903,TP HCM,Cửa hàng,Điện tử,5.0,937000.0,4685000.0,VI_DIEN_TU,2,-0.651708678895231
T0009771,2025-02-20 01:15:17,C07017,Hải Phòng,Cửa hàng,Gia dụng,1.0,9167367.04155303,9167367.0,VI_DIEN_TU,1,-0.6516925146378324
T0029150,2025-06-01 13:04:19,C00274,Hà Nội,Cửa hàng,Điện tử,5.0,1025000.0,5125000.0,VI_DIEN_TU,13,-0.6516844885601277
T0004301,2025-01-23 03:55:12,C02621,Đà Nẵng,Cửa hàng,Điện tử,1.0,11670123.351656895,11670123.0,VI_DIEN_TU,3,-0.6515549638551343
T0005138,2025-01-27 23:05:17,C03926,Hải Phòng,Cửa hàng,Điện tử,5.0,1097000.0,5485000.0,TIEN_MAT,23,-0.6515216895753686
T0011558,2025-03-02 02:12:39,C02847,Hải Phòng,Cửa hàng,Điện tử,5.0,943000.0,4715000.0,VI_DIEN_TU,2,-0.6514740967719718
T0027757,2025-05-24 03:19:19,C00566,TP HCM,Cửa hàng,Thời trang,1.0,9473078.274485013,9473078.0,VI_DIEN_TU,3,-0.6514436509122629
T0046183,2025-08-29 02:47:36,C04384,Cần Thơ,Online,Điện tử,1.0,10099972.05465364,10099972.0,VI_DIEN_TU,2,-0.65144203177915
T0048607,2025-09-10 02:34:13,C01273,Hà Nội,Cửa hàng,Thời trang,1.0,10383350.541161483,10383351.0,VI_DIEN_TU,2,-0.6514124695879592
T0042202,2025-08-08 04:24:29,C03033,Đà Nẵng,Online,Điện tử,1.0,12237753.868043529,12237754.0,VI_DIEN_TU,4,-0.6513643733527525
T0055435,2025-10-16 02:14:36,C06321,TP HCM,Online,Gia dụng,1.0,11892901.09437735,11892901.0,VI_DIEN_TU,2,-0.6512498503091366
T0058803,2025-11-03 00:10:14,C00621,Hà Nội,Cửa hàng,Thời trang,5.0,639000.0,2875500.0,VI_DIEN_TU,0,-0.6511682771567491
TDUP0269,2025-03-07 04:03:34,C00388,Hải Phòng,Online,Gia dụng,1.0,12503851.884361207,12503852.0,VI_DIEN_TU,4,-0.6511440585097877
T0000705,2025-01-04 23:40:44,C06826,TP HCM,Online,Điện tử,5.0,1128000.0,5640000.0,TIEN_MAT,23,-0.6511433766563118
T0023433,2025-05-02 02:43:28,C06432,Đà Nẵng,Cửa hàng,Gia dụng,1.0,10243675.914632509,10243676.0,VI_DIEN_TU,2,-0.6510787877185874
T0011040,2025-02-27 02:23:32,C06205,Hà Nội,Online,Điện tử,1.0,11471914.446059234,11471914.446059234,VI_DIEN_TU,2,-0.6510295742019814
T0004203,2025-01-23 02:34:47,C01923,Cần Thơ,Online,Gia dụng,1.0,11081782.14005464,11081782.14005464,VI_DIEN_TU,2,-0.6510295742019814
T0041963,2025-08-07 02:32:21,C00357,TP HCM,Online,Thời trang,1.0,11042769.297230069,11042769.0,VI_DIEN_TU,2,-0.6510295742019814
T0050876,2025-09-22 17:32:44,C00963,TP HCM,Cửa hàng,Gia dụng,5.0,894000.0,4470000.0,VI_DIEN_TU,17,-0.6509972366774935
T0019432,2025-04-11 20:25:53,C00002,Hà Nội,Online,Điện tử,5.0,1160000.0,5800000.0,VI_DIEN_TU,20,-0.650925322510426
T0056306,2025-10-21 01:48:58,C03403,Đà Nẵng,Online,Điện tử,5.0,972000.0,4860000.0,VI_DIEN_TU,1,-0.6509069418507903
T0000918,2025-01-06 02:23:19,C06167,TP HCM,Online,Thực phẩm,5.0,186000.0,930000.0,VI_DIEN_TU,2,-0.6508633810720982
T0057590,2025-10-27 18:18:08,C01990,TP HCM,Online,Điện tử,5.0,1254000.0,6270000.0,THE,18,-0.6508165663647464
TDUP0261,2025-08-16 05:13:31,C04921,Hà Nội,Cửa hàng,Điện tử,5.0,1247000.0,6235000.0,VI_DIEN_TU,5,-0.6507804105774391
T0035354,2025-07-04 00:41:13,C04893,TP HCM,Online,Thời trang,5.0,715000.0,3396250.0,VI_DIEN_TU,0,-0.6507596751083602
T0000008,2025-01-01 03:22:34,C05726,Hải Phòng,Online,Thời trang,1.0,11563302.92999948,11563302.92999948,VI_DIEN_TU,3,-0.6506452931507622
T0033754,2025-06-25 03:52:10,C00491,TP HCM,Online,Điện tử,1.0,11876528.09251256,11876528.0,VI_DIEN_TU,3,-0.6506452931507622
T0041850,2025-08-06 03:54:26,C01740,Cần Thơ,Online,Điện tử,1.0,11260157.41444035,11260157.0,VI_DIEN_TU,3,-0.6506452931507622
T0024861,2025-05-10 04:33:05,C07504,Hà Nội,Cửa hàng,Thời trang,1.0,9933516.779464431,9933517.0,VI_DIEN_TU,4,-0.6505953798700329
T0011333,2025-02-28 04:57:16,C01754,Hải Phòng,Online,Gia dụng,1.0,10806550.316461658,10806550.0,VI_DIEN_TU,4,-0.6505481191683166
T0003874,2025-01-21 11:26:39,C00045,Hà Nội,Online,Điện tử,5.0,1232000.0,6160000.0,VI_DIEN_TU,11,-0.6505265122571109
T0041286,2025-08-03 20:50:17,C02353,Đà Nẵng,Online,Mỹ phẩm,5.0,503000.0,2515000.0,VI_DIEN_TU,20,-0.6504974367694052
T0021108,2025-04-20 10:36:19,C03748,Hà Nội,Online,Gia dụng,5.0,890000.0,4227500.0,VI_DIEN_TU,10,-0.6504803405848594
T0023082,2025-04-30 04:15:03,C07327,Hà Nội,Online,Thời trang,1.0,12760300.810927393,12760300.810927393,VI_DIEN_TU,4,-0.6504567997997796
T0040506,2025-07-30 04:08:51,C03811,Hà Nội,Online,Thời trang,1.0,12611447.1899002,12611447.0,VI_DIEN_TU,4,-0.6504567997997796
T0043747,2025-08-16 22:31:22,C03496,TP HCM,Online,Thực phẩm,5.0,179000.0,895000.0,VI_DIEN_TU,22,-0.650399597019187
T0004227,2025-01-23 02:47:08,C04631,Hà Nội,Online,Thời trang,1.0,10179386.00728272,10179386.0,VI_DIEN_TU,2,-0.6503691928115035
T0012622,2025-03-07 03:32:42,C00218,Cần Thơ,Cửa hàng,Mỹ phẩm,1.0,10169523.560118023,10169523.560118023,VI_DIEN_TU,3,-0.6500979181970032
T0048019,2025-09-07 23:02:55,C04801,Hải Phòng,Online,Gia dụng,4.0,944000.0,3776000.0,VI_DIEN_TU,23,-0.6500764949052598
T0048231,2025-09-09 00:40:33,C00028,Đà Nẵng,Online,Thời trang,5.0,642000.0,3049500.0,VI_DIEN_TU,0,-0.6500545139865467
T0004172,2025-01-22 23:38:45,C03492,Hà Nội,Online,Sách,5.0,157000.0,785000.0,VI_DIEN_TU,23,-0.6499721736855042
T0056680,2025-10-23 02:02:55,C05631,TP HCM,Cửa hàng,Điện tử,1.0,10361205.279039197,10361205.0,VI_DIEN_TU,2,-0.6499682701709565
T0045332,2025-08-25 04:11:10,C00050,Hà Nội,Cửa hàng,Điện tử,5.0,982000.0,4910000.0,VI_DIEN_TU,4,-0.6499017163817817
T0038079,2025-07-17 23:49:01,C00314,Đà Nẵng,Cửa hàng,Sách,5.0,135000.0,675000.0,VI_DIEN_TU,23,-0.6498109247202198
T0035549,2025-07-05 03:24:20,C00521,TP HCM,Cửa hàng,Gia dụng,1.0,9171128.007710248,9171128.0,VI_DIEN_TU,3,-0.6496830030104508
T0010420,2025-02-24 03:56:59,C07726,Hà Nội,Cửa hàng,Điện tử,5.0,1082000.0,4598500.0,VI_DIEN_TU,3,-0.649649293579174
T0058985,2025-11-03 04:35:50,C00005,Hà Nội,Cửa hàng,Mỹ phẩm,1.0,7674819.671146264,7674820.0,VI_DIEN_TU,4,-0.6496477517851095
T0008722,2025-02-15 08:24:08,C00080,Đà Nẵng,Online,Điện tử,5.0,1068000.0,5340000.0,VI_DIEN_TU,8,-0.6495985420172689
T0004466,2025-01-24 02:03:49,C01003,TP HCM,Online,Gia dụng,1.0,9773346.0625974,9773346.0,VI_DIEN_TU,2,-0.6494616426564341
T0037859,2025-07-16 04:15:53,C05081,Hà Nội,Cửa hàng,Điện tử,1.0,10149315.75189477,10149316.0,VI_DIEN_TU,4,-0.6494520541877857
T0034751,2025-06-30 22:08:25,C06509,TP HCM,Online,Điện tử,5.0,999000.0,4745250.0,CHUYEN_KHOAN,22,-0.6492895847351043
T0032064,2025-06-16 20:32:05,C04278,TP HCM,Cửa hàng,Gia dụng,5.0,797000.0,3985000.0,VI_DIEN_TU,20,-0.6492157681480449
T0007621,2025-02-09 01:36:12,C00782,Hà Nội,Cửa hàng,Mỹ phẩm,1.0,6997570.335530104,6997570.335530104,VI_DIEN_TU,1,-0.6491907741607296
T0054704,2025-10-12 17:08:48,C01362,Hà Nội,Online,Thực phẩm,5.0,176000.0,792000.0,VI_DIEN_TU,17,-0.6491374140546852
T0031892,2025-06-15 22:18:31,C00438,Hà Nội,Cửa hàng,Điện tử,4.0,1224000.0,4896000.0,VI_DIEN_TU,22,-0.6490379950060099
T0050067,2025-09-18 04:02:02,C00226,Đà Nẵng,Online,Gia dụng,1.0,10567225.05232087,10567225.0,VI_DIEN_TU,4,-0.6487724270027224
T0045297,2025-08-24 23:20:24,C05869,Hà Nội,Online,Sách,5.0,146000.0,730000.0,TIEN_MAT,23,-0.6487196504840859
T0037364,2025-07-14 09:01:45,C01712,Hà Nội,Cửa hàng,Điện tử,5.0,978000.0,4890000.0,VI_DIEN_TU,9,-0.6487050036387257
T0011253,2025-02-28 10:57:49,C00512,Hà Nội,Online,Điện tử,5.0,1211000.0,5449500.0,VI_DIEN_TU,10,-0.6486700884213282
T0012948,2025-03-09 06:24:26,C03200,TP HCM,Online,Thực phẩm,5.0,175000.0,875000.0,VI_DIEN_TU,6,-0.6485345988597093
T0008008,2025-02-11 03:45:12,C07701,Cần Thơ,Online,Mỹ phẩm,1.0,8885787.403323838,8885787.0,VI_DIEN_TU,3,-0.6484780265171247
T0036152,2025-07-08 01:58:23,C03366,Hà Nội,Online,Mỹ phẩm,1.0,6745326.079494588,6745326.0,VI_DIEN_TU,1,-0.6484054347723179
T0035598,2025-07-05 04:49:21,C04210,Hà Nội,Cửa hàng,Thời trang,1.0,9174275.859158406,9174276.0,VI_DIEN_TU,4,-0.6483981788025603
T0030458,2025-06-08 03:44:21,C00204,Hải Phòng,Cửa hàng,Mỹ phẩm,1.0,7601125.590387277,7601125.590387277,VI_DIEN_TU,3,-0.648334192084907
T0053211,2025-10-04 03:54:32,C03269,Đà Nẵng,Cửa hàng,Thời trang,1.0,8812777.074539728,8812777.0,VI_DIEN_TU,3,-0.6483201531812836
T0032456,2025-06-18 02:58:47,C02313,TP HCM,Cửa hàng,Điện tử,1.0,9648311.31059256,9648311.0,VI_DIEN_TU,2,-0.6483089702192505
T0016206,2025-03-26 04:32:03,C05477,TP HCM,Online,Điện tử,1.0,10078766.985387864,10078767.0,VI_DIEN_TU,4,-0.6481051176349292
T0049248,2025-09-14 06:51:45,C00055,Hải Phòng,Online,Thực phẩm,5.0,176000.0,836000.0,VI_DIEN_TU,6,-0.6480959576313294
T0026144,2025-05-16 18:12:13,C03965,Cần Thơ,Online,Điện tử,5.0,1160000.0,5800000.0,VI_DIEN_TU,18,-0.6479916569831669
T0035069,2025-07-02 01:48:35,C01197,Hải Phòng,Cửa hàng,Gia dụng,1.0,7892043.08824008,7892043.08824008,VI_DIEN_TU,1,-0.6478916555932932
T0058756,2025-11-02 17:41:43,C01002,TP HCM,Online,Điện tử,4.0,1253000.0,5012000.0,VI_DIEN_TU,17,-0.64789148351372
T0034424,2025-06-29 06:35:52,C01987,Hải Phòng,Online,Thực phẩm,5.0,184000.0,874000.0,VI_DIEN_TU,6,-0.6478767482840377
T0002046,2025-01-11 22:44:33,C07080,Hà Nội,Online,Thực phẩm,5.0,199000.0,995000.0,VI_DIEN_TU,22,-0.6477774772484265
T0000172,2025-01-02 01:24:20,C02301,Đà Nẵng,Online,Mỹ phẩm,1.0,7677313.092841931,7677313.092841931,VI_DIEN_TU,1,-0.6477515746943766
T0022722,2025-04-28 22:01:50,C03326,Hà Nội,Online,Gia dụng,5.0,956000.0,4780000.0,TIEN_MAT,22,-0.6477486666241988
T0004679,2025-01-25 13:13:54,C01012,TP HCM,Cửa hàng,Điện tử,5.0,1202000.0,6010000.0,VI_DIEN_TU,13,-0.6477018909289584
T0029044,2025-05-31 23:37:08,C01397,TP HCM,Online,Mỹ phẩm,5.0,508000.0,2540000.0,VI_DIEN_TU,23,-0.6476271991832868
T0031947,2025-06-16 04:30:19,C01512,Hà Nội,Online,Sách,5.0,154000.0,654500.0,VI_DIEN_TU,4,-0.6475459785396288
T0050912,2025-09-22 21:38:48,C00144,TP HCM,Cửa hàng,Sách,5.0,162000.0,688500.0,VI_DIEN_TU,21,-0.6475294007253859
T0002478,2025-01-14 04:07:30,C03772,Hà Nội,Cửa hàng,Gia dụng,1.0,9428134.008405196,9428134.008405196,VI_DIEN_TU,4,-0.6474291507059838
T0012100,2025-03-04 23:31:48,C01235,Đà Nẵng,Online,Điện tử,5.0,1096000.0,5480000.0,TIEN_MAT,23,-0.6473532709440923
T0021013,2025-04-19 23:03:22,C04470,Đà Nẵng,Cửa hàng,Gia dụng,5.0,736000.0,3496000.0,VI_DIEN_TU,23,-0.6473048199661594
T0015757,2025-03-23 19:48:56,C00210,Hải Phòng,Cửa hàng,Sách,5.0,163000.0,733500.0,VI_DIEN_TU,19,-0.6472332301558431
T0003404,2025-01-19 01:15:13,C02082,TP HCM,Cửa hàng,Thời trang,1.0,6503376.256361704,6503376.0,VI_DIEN_TU,1,-0.6472172288796487
T0012615,2025-03-07 12:50:28,C01513,Hà Nội,Online,Điện tử,5.0,1100000.0,5500000.0,VI_DIEN_TU,12,-0.647134082081466
T0006503,2025-02-03 22:11:59,C01883,Đà Nẵng,Cửa hàng,Điện tử,4.0,1093000.0,4372000.0,VI_DIEN_TU,22,-0.6470963242082928
T0015400,2025-03-21 23:12:12,C00085,Hà Nội,Cửa hàng,Thực phẩm,5.0,196000.0,980000.0,VI_DIEN_TU,23,-0.6470637766756472
T0057438,2025-10-26 23:54:55,C01874,TP HCM,Cửa hàng,Điện tử,4.0,1070000.0,4066000.0,VI_DIEN_TU,23,-0.6470395741361824
T0055849,2025-10-18 18:12:33,C00379,Hà Nội,Online,Điện tử,5.0,970000.0,4607500.0,VI_DIEN_TU,18,-0.6470044994296082
T0029790,2025-06-04 23:28:50,C00283,TP HCM,Online,Thực phẩm,5.0,175000.0,743750.0,VI_DIEN_TU,23,-0.6469314385576114
T0007617,2025-02-09 15:38:55,C00136,Hà Nội,Cửa hàng,Gia dụng,5.0,905000.0,4525000.0,VI_DIEN_TU,15,-0.6468721755591645
T0002513,2025-01-14 01:09:55,C02962,Hà Nội,Online,Gia dụng,1.0,6268694.2574002985,6268694.0,VI_DIEN_TU,1,-0.646871793506961
T0006713,2025-02-04 02:53:34,C03182,Đà Nẵng,Cửa hàng,Gia dụng,1.0,8894736.708676958,8894737.0,VI_DIEN_TU,2,-0.6468486613171217
T0000889,2025-01-05 23:02:20,C00464,TP HCM,Online,Sách,4.0,157000.0,628000.0,VI_DIEN_TU,23,-0.6467597784744913
T0020844,2025-04-19 01:05:12,C00223,Hải Phòng,Online,Thực phẩm,5.0,186000.0,790500.0,VI_DIEN_TU,1,-0.6467405442996154
T0007991,2025-02-11 04:09:46,C00094,TP HCM,Online,Mỹ phẩm,1.0,8018404.533160919,8018405.0,VI_DIEN_TU,4,-0.6466608217196534
T0037881,2025-07-16 23:32:58,C03823,TP HCM,Cửa hàng,Sách,5.0,156000.0,663000.0,VI_DIEN_TU,23,-0.6465859666328969
T0021214,2025-04-21 00:02:54,C06989,Hải Phòng,Online,Thời trang,5.0,688000.0,3440000.0,TIEN_MAT,0,-0.646503339140466
T0024765,2025-05-09 14:00:19,C04167,Hà Nội,Cửa hàng,Điện tử,5.0,1259000.0,6295000.0,VI_DIEN_TU,14,-0.6464838546813432
T0014555,2025-03-17 14:23:04,C00001,Đà Nẵng,Cửa hàng,Gia dụng,5.0,906000.0,4530000.0,VI_DIEN_TU,14,-0.64626611997073
T0046832,2025-09-01 01:43:46,C00006,Hà Nội,Cửa hàng,Mỹ phẩm,1.0,5392100.644301346,5392101.0,VI_DIEN_TU,1,-0.6462349127248721
T0026459,2025-05-18 02:35:39,C00029,Đà Nẵng,Cửa hàng,Gia dụng,1.0,7143336.396507832,7143336.0,VI_DIEN_TU,2,-0.6461421993194184
T0034690,2025-06-30 14:20:41,C00026,Hà Nội,Online,Mỹ phẩm,5.0,463000.0,2315000.0,VI_DIEN_TU,14,-0.6460698392390914
T0012810,2025-03-08 02:29:56,C07101,TP HCM,Cửa hàng,Mỹ phẩm,1.0,8093758.782786497,8093759.0,VI_DIEN_TU,2,-0.6459863435736282
T0032329,2025-06-18 03:57:24,C01789,Đà Nẵng,Cửa hàng,Thời trang,1.0,9127553.919909356,9127554.0,VI_DIEN_TU,3,-0.6459462676384723
T0050082,2025-09-18 03:16:08,C03761,Hà Nội,Cửa hàng,Thời trang,1.0,9229182.005047897,9229182.0,VI_DIEN_TU,3,-0.6458237239508933
T0017508,2025-04-01 23:10:53,C05869,Hải Phòng,Cửa hàng,Thực phẩm,5.0,194000.0,921500.0,VI_DIEN_TU,23,-0.6457374303594411
T0035931,2025-07-06 23:57:34,C00007,Hà Nội,Online,Thời trang,5.0,667000.0,3335000.0,TIEN_MAT,23,-0.6457012846560234
T0047438,2025-09-04 23:53:33,C00282,TP HCM,Online,Thời trang,5.0,843000.0,4215000.0,VI_DIEN_TU,23,-0.6456318240264393
T0052489,2025-10-01 00:13:41,C00349,Cần Thơ,Online,Thời trang,5.0,661000.0,3139750.0,VI_DIEN_TU,0,-0.6455895361228621
T0031906,2025-06-15 23:50:11,C01033,Hải Phòng,Online,Thực phẩm,5.0,184000.0,920000.0,CHUYEN_KHOAN,23,-0.6455672541731293
T0051144,2025-09-24 00:06:27,C01608,Cần Thơ,Cửa hàng,Gia dụng,5.0,925000.0,4625000.0,VI_DIEN_TU,0,-0.6455269139143436
T0034742,2025-06-30 20:47:20,C00810,Đà Nẵng,Cửa hàng,Điện tử,4.0,1227000.0,4908000.0,VI_DIEN_TU,20,-0.6455198568224139
T0001980,2025-01-11 04:46:06,C01182,Đà Nẵng,Cửa hàng,Gia dụng,1.0,8138150.945119946,8138150.945119946,VI_DIEN_TU,4,-0.6454623303232793
T0002940,2025-01-16 04:17:03,C01935,TP HCM,Cửa hàng,Thời trang,1.0,9673226.895080358,9673227.0,VI_DIEN_TU,4,-0.6454193050182204
T0039223,2025-07-24 00:02:59,C05291,Hải Phòng,Online,Thực phẩm,5.0,193000.0,916750.0,VI_DIEN_TU,0,-0.6453622296127592
T0058799,2025-11-02 23:54:25,C01832,Hà Nội,Online,Gia dụng,5.0,765000.0,3633750.0,TIEN_MAT,23,-0.6453387775170253
T0046181,2025-08-29 02:21:19,C00328,Hà Nội,Online,Gia dụng,1.0,8897917.150696237,8897917.150696237,VI_DIEN_TU,2,-0.6453005696102497
T0019949,2025-04-14 10:49:18,C02193,Cần Thơ,Online,Điện tử,5.0,1183000.0,5915000.0,TIEN_MAT,10,-0.645298208975924
T0000818,2025-01-05 14:19:38,C00094,TP HCM,Online,Gia dụng,5.0,801000.0,4005000.0,VI_DIEN_TU,14,-0.6452928317215112
T0052214,2025-09-29 14:30:13,C00208,Hải Phòng,Online,Mỹ phẩm,5.0,437000.0,2185000.0,VI_DIEN_TU,14,-0.6452216662975908
T0037740,2025-07-16 04:02:32,C03943,TP HCM,Online,Điện tử,1.0,9330688.203674106,9330688.0,VI_DIEN_TU,4,-0.645215862471938
T0040008,2025-07-28 02:44:00,C00026,Hải Phòng,Online,Gia dụng,5.0,921000.0,4605000.0,THE,2,-0.6451778184163066
T0015826,2025-03-24 04:24:59,C01206,Hà Nội,Online,Điện tử,5.0,1064000.0,4788000.0,TIEN_MAT,4,-0.6451701009817107
T0001132,2025-01-07 05:13:46,C00004,TP HCM,Cửa hàng,Điện tử,5.0,1242000.0,6210000.0,VI_DIEN_TU,5,-0.6451661358136129
T0049982,2025-09-18 02:28:06,C01560,TP HCM,Online,Thời trang,1.0,9193133.90157515,9193133.90157515,VI_DIEN_TU,2,-0.645110199928807
T0023489,2025-05-02 02:18:32,C00283,Hải Phòng,Online,Thời trang,1.0,8177330.980218376,8177330.980218376,VI_DIEN_TU,2,-0.6450823057636611
T0043793,2025-08-17 05:03:20,C00349,TP HCM,Cửa hàng,Thực phẩm,5.0,158000.0,671500.0,VI_DIEN_TU,5,-0.6450630431326748
T0051735,2025-09-27 02:51:47,C02262,Hải Phòng,Online,Gia dụng,1.0,7438703.955694515,7438704.0,VI_DIEN_TU,2,-0.6450248031048893
T0001086,2025-01-06 23:31:52,C00676,Cần Thơ,Online,Thực phẩm,5.0,154000.0,654500.0,THE,23,-0.6446977531245993
T0033317,2025-06-23 09:01:47,C01059,Cần Thơ,Online,Điện tử,4.0,1257000.0,4525200.0,VI_DIEN_TU,9,-0.644640395548746
T0040963,2025-08-02 03:24:25,C00351,Hà Nội,Online,Sách,5.0,129000.0,548250.0,VI_DIEN_TU,3,-0.6446117823454186
T0044120,2025-08-18 20:37:51,C00951,Hà Nội,Cửa hàng,Mỹ phẩm,5.0,449000.0,2245000.0,VI_DIEN_TU,20,-0.644604468695077
T0003399,2025-01-18 23:56:18,C03042,TP HCM,Online,Điện tử,4.0,1237000.0,4205800.0,VI_DIEN_TU,23,-0.6445911897564038
T0030161,2025-06-06 23:02:23,C07899,Đà Nẵng,Online,Mỹ phẩm,5.0,469000.0,2227750.0,VI_DIEN_TU,23,-0.6445695265854959
T0058004,2025-10-29 19:48:55,C04213,Hà Nội,Online,Điện tử,5.0,1183000.0,5619250.0,VI_DIEN_TU,19,-0.6445659278323334
T0039963,2025-07-27 20:55:07,C07238,Hà Nội,Cửa hàng,Điện tử,5.0,1234000.0,5553000.0,THE,20,-0.644471824268652
T0016542,2025-03-27 23:53:41,C00553,Hải Phòng,Online,Thực phẩm,5.0,179000.0,895000.0,VI_DIEN_TU,23,-0.6444259570212837
T0008850,2025-02-16 00:19:53,C00056,Cần Thơ,Online,Thời trang,5.0,843000.0,4215000.0,THE,0,-0.6444233573800944
T0017085,2025-03-30 19:30:05,C00082,Hà Nội,Cửa hàng,Sách,5.0,170000.0,722500.0,VI_DIEN_TU,19,-0.6443415135232861
T0000616,2025-01-04 12:25:33,C00599,TP HCM,Cửa hàng,Điện tử,5.0,1125000.0,5625000.0,VI_DIEN_TU,12,-0.6443024500594552
T0057622,2025-10-27 22:05:06,C07714,Đà Nẵng,Cửa hàng,Điện tử,5.0,1148000.0,5740000.0,THE,22,-0.6442781902434224
T0023727,2025-05-04 05:26:29,C03360,TP HCM,Cửa hàng,Gia dụng,5.0,895000.0,4251250.0,VI_DIEN_TU,5,-0.6442659727965879
T0059329,2025-11-05 18:44:49,C00053,TP HCM,Online,Điện tử,5.0,1181000.0,5609750.0,VI_DIEN_TU,18,-0.6441674534380291
T0058226,2025-10-30 23:06:10,C07627,Hà Nội,Online,Điện tử,5.0,1212000.0,6060000.0,CHUYEN_KHOAN,23,-0.6441467664279239
T0013582,2025-03-12 10:18:10,C03919,TP HCM,Online,Điện tử,5.0,1206000.0,6030000.0,VI_DIEN_TU,10,-0.6441235189090821
T0025488,2025-05-13 09:21:04,C00247,Hà Nội,Cửa hàng,Điện tử,5.0,1181000.0,5905000.0,VI_DIEN_TU,9,-0.6441070517824099
T0009720,2025-02-20 12:12:35,C01535,Hà Nội,Online,Điện tử,5.0,1151000.0,5755000.0,VI_DIEN_TU,12,-0.6441062184907806
T0029878,2025-06-05 02:59:52,C00087,Hà Nội,Online,Thời trang,1.0,8896849.241480155,8896849.0,VI_DIEN_TU,2,-0.6440199404246109
T0047019,2025-09-02 02:11:32,C01761,TP HCM,Cửa hàng,Gia dụng,1.0,8086653.483646796,8086653.0,VI_DIEN_TU,2,-0.6440101892348048
T0006507,2025-02-03 22:44:22,C00580,TP HCM,Cửa hàng,Điện tử,5.0,1109000.0,5545000.0,TIEN_MAT,22,-0.6439890246275215
T0013908,2025-03-14 03:13:50,C00258,Đà Nẵng,Cửa hàng,Thời trang,1.0,8514643.245575631,8514643.0,VI_DIEN_TU,3,-0.6439691276432472
T0037496,2025-07-15 01:23:33,C00054,TP HCM,Online,Thời trang,5.0,789000.0,3945000.0,VI_DIEN_TU,1,-0.6439482650483473
T0014430,2025-03-16 22:06:41,C00830,Đà Nẵng,Online,Điện tử,4.0,939000.0,3568200.0,VI_DIEN_TU,22,-0.6439479063193371
T0023770,2025-05-04 11:11:37,C00064,TP HCM,Cửa hàng,Sách,5.0,146000.0,730000.0,VI_DIEN_TU,11,-0.6439224076868559
T0015421,2025-03-22 01:43:02,C02780,Hà Nội,Cửa hàng,Sách,5.0,140000.0,700000.0,VI_DIEN_TU,1,-0.643918363105358
T0051350,2025-09-25 04:49:21,C04446,TP HCM,Online,Gia dụng,1.0,9317618.922166556,9317619.0,VI_DIEN_TU,4,-0.643916715872687
T0025362,2025-05-12 17:58:09,C02845,Hải Phòng,Online,Sách,5.0,153000.0,765000.0,VI_DIEN_TU,17,-0.6438911837577898
T0018455,2025-04-06 19:30:19,C00173,Đà Nẵng,Cửa hàng,Mỹ phẩm,5.0,470000.0,2350000.0,VI_DIEN_TU,19,-0.6438698778349079
T0034531,2025-06-29 19:09:20,C03211,Hà Nội,Cửa hàng,Thực phẩm,5.0,193000.0,820250.0,VI_DIEN_TU,19,-0.6438618495388958
T0047659,2025-09-06 01:37:56,C05673,Hải Phòng,Cửa hàng,Sách,5.0,135000.0,641250.0,VI_DIEN_TU,1,-0.6438471312289397
T0033318,2025-06-23 09:10:55,C01768,Đà Nẵng,Online,Điện tử,4.0,1232000.0,4928000.0,VI_DIEN_TU,9,-0.6437686757359158
T0021730,2025-04-23 04:03:25,C03525,TP HCM,Cửa hàng,Mỹ phẩm,1.0,8874320.343158375,8874320.0,VI_DIEN_TU,4,-0.6437647676267926
T0041306,2025-08-03 03:05:19,C04950,Hà Nội,Cửa hàng,Mỹ phẩm,1.0,6740901.283154495,6740901.0,VI_DIEN_TU,3,-0.6437633680903763
T0010948,2025-02-26 02:44:15,C01748,Hà Nội,Cửa hàng,Mỹ phẩm,1.0,8280163.403236354,8280163.0,VI_DIEN_TU,2,-0.6437196030513564
T0002469,2025-01-14 02:56:30,C05091,Hà Nội,Online,Điện tử,5.0,987000.0,4688250.0,VI_DIEN_TU,2,-0.6435945736710784
T0018553,2025-04-07 07:56:28,C00009,TP HCM,Cửa hàng,Gia dụng,5.0,808000.0,4040000.0,VI_DIEN_TU,7,-0.6434966567731025
T0037289,2025-07-13 23:35:02,C00192,Đà Nẵng,Online,Thực phẩm,4.0,160000.0,640000.0,VI_DIEN_TU,23,-0.6434810237221159
T0051298,2025-09-24 19:24:37,C04870,TP HCM,Cửa hàng,Điện tử,5.0,1211000.0,6055000.0,VI_DIEN_TU,19,-0.6434273442727669
T0048784,2025-09-11 02:07:35,C04114,TP HCM,Cửa hàng,Gia dụng,1.0,8757444.6577419,8757444.6577419,VI_DIEN_TU,2,-0.6433797939874523
T0001856,2025-01-10 23:15:06,C03852,Hải Phòng,Online,Điện tử,5.0,1094000.0,5470000.0,TIEN_MAT,23,-0.6433540686145356
T0042282,2025-08-09 06:59:13,C02268,Đà Nẵng,Online,Điện tử,5.0,981000.0,4905000.0,VI_DIEN_TU,6,-0.6433514075329966
T0030552,2025-06-08 23:19:07,C02475,Hà Nội,Online,Thực phẩm,5.0,205000.0,1025000.0,TIEN_MAT,23,-0.6433358717655674
T0048047,2025-09-08 03:01:17,C01298,Đà Nẵng,Online,Điện tử,4.0,1219000.0,4876000.0,VI_DIEN_TU,3,-0.6433325311331299
T0045586,2025-08-26 04:45:39,C07221,Hà Nội,Cửa hàng,Gia dụng,1.0,8218936.411123848,8218936.411123848,VI_DIEN_TU,4,-0.643281099749044
T0054195,2025-10-10 04:38:50,C03548,TP HCM,Online,Thời trang,1.0,8560310.861177392,8560311.0,VI_DIEN_TU,4,-0.6432808658235385
T0005025,2025-01-27 09:29:34,C00412,Hải Phòng,Online,Điện tử,5.0,1153000.0,5765000.0,THE,9,-0.6432783697638047
T0001083,2025-01-06 23:08:09,C06364,Hà Nội,Online,Thời trang,4.0,822000.0,3288000.0,VI_DIEN_TU,23,-0.6432491936416214
T0058888,2025-11-03 11:39:12,C07632,TP HCM,Online,Điện tử,4.0,1215000.0,4617000.0,VI_DIEN_TU,11,-0.643222110845985
T0058384,2025-10-31 19:27:10,C00329,Hà Nội,Cửa hàng,Điện tử,5.0,1043000.0,5215000.0,VI_DIEN_TU,19,-0.6431858115744651
T0031466,2025-06-13 02:22:22,C01099,TP HCM,Cửa hàng,Mỹ phẩm,1.0,8376764.21921609,8376764.0,VI_DIEN_TU,2,-0.6431722442271117
T0043861,2025-08-17 13:03:28,C05131,Hải Phòng,Online,Điện tử,5.0,1223000.0,6115000.0,TIEN_MAT,13,-0.6431679060127284
T0005720,2025-01-31 02:05:07,C00522,Hà Nội,Online,Gia dụng,1.0,7774183.327429297,7774183.327429297,VI_DIEN_TU,2,-0.6431212502602237
T0015801,2025-03-24 01:02:53,C00023,TP HCM,Online,Gia dụng,4.0,930000.0,3720000.0,VI_DIEN_TU,1,-0.6430321426655583
T0008203,2025-02-12 14:22:56,C00088,TP HCM,Online,Điện tử,5.0,1172000.0,5860000.0,VI_DIEN_TU,14,-0.6430210691161414
T0037897,2025-07-17 02:21:23,C00032,Hà Nội,Cửa hàng,Điện tử,1.0,8613883.823166061,8613884.0,VI_DIEN_TU,2,-0.6429446392499167
T0011835,2025-03-03 14:10:09,C02290,Hà Nội,Online,Điện tử,5.0,1171000.0,5855000.0,THE,14,-0.6429435751683673
T0022491,2025-04-27 17:51:49,C03911,Đà Nẵng,Cửa hàng,Thực phẩm,5.0,165000.0,701250.0,VI_DIEN_TU,17,-0.6429054078614143
T0057463,2025-10-27 03:07:05,C00024,Cần Thơ,Online,Điện tử,4.0,1157000.0,4628000.0,VI_DIEN_TU,3,-0.6428974083621797
T0033984,2025-06-26 23:07:25,C00244,TP HCM,Online,Thực phẩm,5.0,169000.0,845000.0,VI_DIEN_TU,23,-0.6427404138925011
T0043942,2025-08-17 23:11:10,C00013,TP HCM,Online,Thực phẩm,5.0,170000.0,850000.0,THE,23,-0.6426893128154306
T0052271,2025-09-29 21:41:23,C00143,Hà Nội,Cửa hàng,Điện tử,5.0,1177000.0,5296500.0,CHUYEN_KHOAN,21,-0.6426448082352758
T0035349,2025-07-03 23:58:43,C07647,Cần Thơ,Online,Thời trang,5.0,735000.0,3675000.0,VI_DIEN_TU,23,-0.64260447755511
T0011871,2025-03-03 18:33:19,C02908,Hải Phòng,Online,Thực phẩm,5.0,188000.0,940000.0,VI_DIEN_TU,18,-0.6425954662922052
T0037308,2025-07-14 01:37:46,C00436,TP HCM,Online,Thời trang,5.0,813000.0,4065000.0,TIEN_MAT,1,-0.6425873452392197
T0033238,2025-06-22 23:38:55,C06223,TP HCM,Online,Thời trang,4.0,785000.0,3140000.0,VI_DIEN_TU,23,-0.6425091865584249
T0056179,2025-10-20 11:02:32,C02827,Cần Thơ,Online,Mỹ phẩm,5.0,468000.0,2106000.0,VI_DIEN_TU,11,-0.642501748136417
T0047424,2025-09-04 22:05:11,C07520,TP HCM,Online,Thời trang,5.0,855000.0,4275000.0,VI_DIEN_TU,22,-0.6423639299099683
T0036707,2025-07-11 01:24:59,C03998,TP HCM,Online,Thực phẩm,5.0,203000.0,1015000.0,VI_DIEN_TU,1,-0.6423236261571741
T0018350,2025-04-06 06:15:05,C00120,Hà Nội,Online,Thời trang,5.0,756000.0,3402000.0,VI_DIEN_TU,6,-0.6422917878976255
T0013061,2025-03-09 19:24:02,C00291,Hà Nội,Cửa hàng,Thực phẩm,5.0,178000.0,845500.0,VI_DIEN_TU,19,-0.6422488290627528
T0011643,2025-03-02 13:59:56,C00614,Hải Phòng,Online,Thực phẩm,5.0,186000.0,930000.0,VI_DIEN_TU,13,-0.6422146534395946
T0008876,2025-02-16 03:21:38,C07948,TP HCM,Online,Điện tử,4.0,1113000.0,4452000.0,VI_DIEN_TU,3,-0.6421544085401042
T0045656,2025-08-26 03:48:12,C00015,Hải Phòng,Cửa hàng,Mỹ phẩm,1.0,7958928.839072784,7958929.0,VI_DIEN_TU,3,-0.6421228903746837
T0053987,2025-10-08 22:02:52,C05399,Hải Phòng,Cửa hàng,Gia dụng,5.0,884000.0,4420000.0,VI_DIEN_TU,22,-0.6420779126460859
T0013835,2025-03-13 02:28:15,C07730,Đà Nẵng,Cửa hàng,Mỹ phẩm,1.0,8214994.103293434,8214994.0,VI_DIEN_TU,2,-0.6420752125362681
T0010197,2025-02-23 00:37:19,C03095,TP HCM,Cửa hàng,Điện tử,5.0,1018000.0,4326500.0,TIEN_MAT,0,-0.6420244369453147
T0037406,2025-07-14 14:30:09,C00123,TP HCM,Cửa hàng,Gia dụng,5.0,823000.0,4115000.0,VI_DIEN_TU,14,-0.6420229567727759
T0045495,2025-08-26 00:29:26,C04624,Hà Nội,Online,Điện tử,4.0,1230000.0,4920000.0,VI_DIEN_TU,0,-0.6419842274641676
T0035826,2025-07-06 11:16:47,C02765,Đà Nẵng,Cửa hàng,Thời trang,5.0,726000.0,3630000.0,VI_DIEN_TU,11,-0.6419802385022757
T0053058,2025-10-04 02:18:32,C04976,TP HCM,Online,Gia dụng,5.0,807000.0,3631500.0,VI_DIEN_TU,2,-0.6419483000980235
T0014400,2025-03-16 17:54:16,C00610,TP HCM,Online,Điện tử,5.0,1155000.0,5486250.0,THE,17,-0.6419365698485706
T0053469,2025-10-06 02:00:44,C01407,Hà Nội,Cửa hàng,Thời trang,1.0,5876193.666317445,5876194.0,VI_DIEN_TU,2,-0.6419112294953339
T0031343,2025-06-13 01:26:50,C00013,TP HCM,Online,Thực phẩm,5.0,202000.0,1010000.0,VI_DIEN_TU,1,-0.641889185766653
T0015432,2025-03-22 01:20:35,C04744,TP HCM,Online,Mỹ phẩm,1.0,5313748.781338125,5313749.0,VI_DIEN_TU,1,-0.6418617297381587
T0018628,2025-04-07 17:07:44,C00017,Đà Nẵng,Cửa hàng,Gia dụng,5.0,762000.0,3810000.0,VI_DIEN_TU,17,-0.6418178664928046
T0002229,2025-01-12 22:32:40,C00001,Hà Nội,Cửa hàng,Điện tử,5.0,1139000.0,5695000.0,TIEN_MAT,22,-0.6417504228474891
T0025229,2025-05-12 01:36:58,C03492,Đà Nẵng,Online,Gia dụng,4.0,886000.0,3544000.0,VI_DIEN_TU,1,-0.6417282661470908
T0015034,2025-03-20 01:06:31,C04713,TP HCM,Online,Điện tử,5.0,1240000.0,5580000.0,THE,1,-0.6417177199730035
T0009130,2025-02-17 11:16:32,C06577,TP HCM,Online,Điện tử,5.0,1230000.0,5535000.0,CHUYEN_KHOAN,11,-0.6416540874694924
T0051893,2025-09-27 22:23:44,C01187,TP HCM,Cửa hàng,Thực phẩm,5.0,206000.0,927000.0,VI_DIEN_TU,22,-0.6416331355432167
T0020005,2025-04-14 17:35:47,C07379,Hà Nội,Online,Thực phẩm,5.0,181000.0,905000.0,VI_DIEN_TU,17,-0.641486758354429
T0032085,2025-06-16 22:56:44,C00173,Hà Nội,Online,Sách,4.0,133000.0,452200.0,VI_DIEN_TU,22,-0.6414271679508596
T0010010,2025-02-22 00:54:35,C00060,Hà Nội,Online,Gia dụng,5.0,871000.0,4355000.0,CHUYEN_KHOAN,0,-0.6414154982309166
T0050361,2025-09-20 03:57:02,C00195,Đà Nẵng,Cửa hàng,Gia dụng,1.0,7592298.526722556,7592298.526722556,VI_DIEN_TU,3,-0.6413074061589366
T0058971,2025-11-03 22:21:21,C01383,TP HCM,Online,Sách,5.0,133000.0,665000.0,TIEN_MAT,22,-0.6412888401921454
T0019666,2025-04-13 00:24:54,C01874,TP HCM,Online,Thực phẩm,5.0,182000.0,864500.0,CHUYEN_KHOAN,0,-0.6412848167639033
T0024276,2025-05-07 02:28:31,C00627,Hà Nội,Online,Sách,5.0,129000.0,645000.0,VI_DIEN_TU,2,-0.6412025524645817
T0002623,2025-01-14 22:07:44,C03877,Hải Phòng,Online,Thực phẩm,5.0,171000.0,855000.0,VI_DIEN_TU,22,-0.6410966071762845
T0022465,2025-04-27 14:22:20,C04151,Hà Nội,Online,Mỹ phẩm,5.0,533000.0,2665000.0,VI_DIEN_TU,14,-0.6410597486952169
T0017207,2025-03-31 11:34:09,C01395,TP HCM,Online,Điện tử,4.0,1111000.0,4444000.0,VI_DIEN_TU,11,-0.6410498108999646
T0029791,2025-06-04 23:34:54,C03122,Đà Nẵng,Cửa hàng,Gia dụng,5.0,726000.0,3630000.0,VI_DIEN_TU,23,-0.6410349460230502
T0005739,2025-01-31 02:40:29,C00089,Hà Nội,Online,Sách,5.0,147000.0,735000.0,VI_DIEN_TU,2,-0.6409830066177691
T0042995,2025-08-13 00:47:49,C04786,Hải Phòng,Online,Điện tử,4.0,1253000.0,5012000.0,VI_DIEN_TU,0,-0.6407909755828619
T0002644,2025-01-15 00:48:17,C06532,Hải Phòng,Online,Điện tử,4.0,1248000.0,4992000.0,VI_DIEN_TU,0,-0.6407909755828619
T0042505,2025-08-10 10:06:38,C00394,Cần Thơ,Cửa hàng,Sách,5.0,159000.0,715500.0,VI_DIEN_TU,10,-0.640714130177899
T0003436,2025-01-19 04:45:49,C05628,Đà Nẵng,Cửa hàng,Thực phẩm,5.0,191000.0,955000.0,VI_DIEN_TU,4,-0.640679850688665
T0056690,2025-10-23 04:57:35,C06446,TP HCM,Cửa hàng,Điện tử,1.0,8337116.697674115,8337117.0,VI_DIEN_TU,4,-0.6406336350994977
T0058731,2025-11-02 14:45:09,C03812,Hải Phòng,Online,Mỹ phẩm,5.0,521000.0,2605000.0,VI_DIEN_TU,14,-0.6406132717495064
T0024669,2025-05-09 01:56:09,C00001,TP HCM,Cửa hàng,Thời trang,1.0,6970089.839766158,6970089.839766158,VI_DIEN_TU,1,-0.6405648320011876
T0032804,2025-06-20 01:13:28,C01107,TP HCM,Cửa hàng,Mỹ phẩm,1.0,6831261.764924984,6831262.0,VI_DIEN_TU,1,-0.6405648320011876
T0048623,2025-09-11 00:30:21,C06574,Hà Nội,Online,Điện tử,4.0,1216000.0,4377600.0,VI_DIEN_TU,0,-0.6405171934462237
T0018430,2025-04-06 15:55:15,C00166,Hải Phòng,Online,Điện tử,4.0,1222000.0,4888000.0,VI_DIEN_TU,15,-0.6405008708928506
T0046712,2025-09-01 05:01:25,C04788,Hà Nội,Online,Thực phẩm,5.0,174000.0,826500.0,VI_DIEN_TU,5,-0.6404205649280644
T0000560,2025-01-04 04:56:56,C00281,TP HCM,Online,Điện tử,5.0,1239000.0,6195000.0,TIEN_MAT,4,-0.6403908339907268
T0019302,2025-04-11 04:36:01,C02713,Hải Phòng,Cửa hàng,Điện tử,5.0,1143000.0,5715000.0,VI_DIEN_TU,4,-0.640345335955384
T0002057,2025-01-12 00:13:23,C02999,Hải Phòng,Online,Gia dụng,5.0,793000.0,3766750.0,TIEN_MAT,0,-0.6403339730500033
TDUP0096,2025-11-02 00:18:03,C02371,Cần Thơ,Cửa hàng,Gia dụng,5.0,890000.0,4450000.0,CHUYEN_KHOAN,0,-0.6402819552094645
T0004890,2025-01-26 15:07:39,C00002,Cần Thơ,Cửa hàng,Thời trang,5.0,735000.0,3675000.0,VI_DIEN_TU,15,-0.6402761371947382
T0036322,2025-07-09 02:46:53,C00613,Hà Nội,Online,Gia dụng,5.0,859000.0,4295000.0,VI_DIEN_TU,2,-0.6402105650687371
T0049339,2025-09-14 18:10:47,C07076,TP HCM,Cửa hàng,Thực phẩm,5.0,177000.0,885000.0,VI_DIEN_TU,18,-0.6401876311843632
T0048806,2025-09-11 23:19:17,C00330,Đà Nẵng,Online,Thời trang,5.0,668000.0,3173000.0,VI_DIEN_TU,23,-0.6401519993254956
T0037305,2025-07-14 01:18:45,C04440,Đà Nẵng,Online,Thời trang,5.0,820000.0,3895000.0,THE,1,-0.6401246317418962
T0051761,2025-09-27 06:44:35,C00361,TP HCM,Online,Sách,5.0,128000.0,640000.0,VI_DIEN_TU,6,-0.6400825150229955
T0019656,2025-04-12 23:05:01,C00092,Đà Nẵng,Cửa hàng,Điện tử,5.0,1195000.0,5975000.0,TIEN_MAT,23,-0.6400775521612783
T0051694,2025-09-26 21:59:18,C01934,Hà Nội,Online,Thực phẩm,5.0,159000.0,675750.0,VI_DIEN_TU,21,-0.640073228678882
T0025333,2025-05-12 14:32:02,C00219,Hà Nội,Online,Điện tử,5.0,1168000.0,5256000.0,THE,14,-0.6400514272691246
T0049382,2025-09-15 00:10:43,C02793,Hải Phòng,Online,Mỹ phẩm,4.0,420000.0,1512000.0,VI_DIEN_TU,0,-0.6400031687019774
T0026630,2025-05-19 06:32:31,C00262,Hải Phòng,Online,Điện tử,5.0,1010000.0,4797500.0,THE,6,-0.6400030826735007
T0053610,2025-10-06 23:45:20,C02514,TP HCM,Online,Mỹ phẩm,4.0,422000.0,1688000.0,VI_DIEN_TU,23,-0.6399749547532623
T0016443,2025-03-27 11:32:07,C06916,Hà Nội,Cửa hàng,Điện tử,5.0,1230000.0,5842500.0,VI_DIEN_TU,11,-0.639934415516669
T0043859,2025-08-17 12:44:55,C00073,Hải Phòng,Cửa hàng,Thực phẩm,5.0,157000.0,785000.0,VI_DIEN_TU,12,-0.6399253186248768
T0009223,2025-02-18 00:00:42,C05264,Hải Phòng,Cửa hàng,Thực phẩm,5.0,175000.0,875000.0,VI_DIEN_TU,0,-0.6398724378300733
T0048045,2025-09-08 02:45:57,C03825,Đà Nẵng,Online,Thời trang,5.0,829000.0,4145000.0,THE,2,-0.6398638031119797
T0021578,2025-04-22 23:03:39,C02593,Đà Nẵng,Cửa hàng,Điện tử,4.0,1158000.0,4632000.0,VI_DIEN_TU,23,-0.639833613413431
T0009125,2025-02-17 10:42:40,C06388,Đà Nẵng,Cửa hàng,Sách,5.0,136000.0,680000.0,VI_DIEN_TU,10,-0.6397819795964953
T0011762,2025-03-03 04:49:20,C00122,TP HCM,Cửa hàng,Gia dụng,5.0,781000.0,3905000.0,VI_DIEN_TU,4,-0.6397429832790603
T0055419,2025-10-16 10:48:45,C00831,Đà Nẵng,Cửa hàng,Điện tử,5.0,1200000.0,6000000.0,VI_DIEN_TU,10,-0.6396993626248451
T0019252,2025-04-10 04:53:26,C07784,TP HCM,Cửa hàng,Gia dụng,1.0,7930577.570723719,7930578.0,VI_DIEN_TU,4,-0.6395509411513133
T0003009,2025-01-16 23:46:03,C05300,Hà Nội,Cửa hàng,Gia dụng,5.0,834000.0,3753000.0,VI_DIEN_TU,23,-0.639522582843023
T0042685,2025-08-11 01:39:22,C07950,Hà Nội,Online,Thực phẩm,1.0,3712526.902964909,3712527.0,VI_DIEN_TU,1,-0.6395219654027787
T0053515,2025-10-06 01:51:23,C00336,Hà Nội,Online,Mỹ phẩm,1.0,3752389.157942977,3752389.0,VI_DIEN_TU,1,-0.6395219654027787
T0043952,2025-08-18 00:20:22,C00001,TP HCM,Online,Thực phẩm,5.0,181000.0,905000.0,THE,0,-0.6394894922149311
T0057385,2025-10-26 17:39:15,C01756,Cần Thơ,Cửa hàng,Điện tử,5.0,1222000.0,6110000.0,THE,17,-0.6394200729691228
T0054661,2025-10-12 10:54:30,C00012,TP HCM,Cửa hàng,Thực phẩm,5.0,163000.0,692750.0,VI_DIEN_TU,10,-0.639414953894228
T0043792,2025-08-17 05:01:17,C00908,Đà Nẵng,Cửa hàng,Thực phẩm,5.0,189000.0,945000.0,VI_DIEN_TU,5,-0.6393917325748926
T0026766,2025-05-19 23:08:01,C02829,TP HCM,Cửa hàng,Gia dụng,5.0,901000.0,4505000.0,TIEN_MAT,23,-0.6393855834351503
T0033452,2025-06-24 02:12:44,C00228,Đà Nẵng,Online,Gia dụng,5.0,803000.0,4015000.0,VI_DIEN_TU,2,-0.639361703484674
T0036095,2025-07-07 21:47:53,C00634,Hà Nội,Cửa hàng,Điện tử,5.0,1148000.0,5453000.0,TIEN_MAT,21,-0.6393471752340363
T0026700,2025-05-19 14:51:57,C00006,Cần Thơ,Online,Điện tử,4.0,1059000.0,4236000.0,VI_DIEN_TU,14,-0.6392351565228725
T0019732,2025-04-13 08:20:18,C01015,TP HCM,Cửa hàng,Gia dụng,5.0,837000.0,3557250.0,VI_DIEN_TU,8,-0.6391733949816236
T0033980,2025-06-26 22:38:35,C04036,Cần Thơ,Online,Thời trang,5.0,643000.0,3215000.0,VI_DIEN_TU,22,-0.6391730467395854
T0019547,2025-04-12 10:45:16,C00492,Cần Thơ,Online,Điện tử,5.0,1258000.0,6290000.0,CHUYEN_KHOAN,10,-0.6390777916812621
T0050448,2025-09-20 11:23:30,C03066,TP HCM,Cửa hàng,Điện tử,5.0,988000.0,4940000.0,VI_DIEN_TU,11,-0.6390629063204273
T0057111,2025-10-25 07:24:19,C03507,Hà Nội,Online,Sách,5.0,132000.0,660000.0,VI_DIEN_TU,7,-0.6389185301890135
T0055836,2025-10-18 16:33:24,C01502,Đà Nẵng,Cửa hàng,Gia dụng,5.0,947000.0,4735000.0,VI_DIEN_TU,16,-0.6388847876119834
T0026628,2025-05-19 06:21:53,C01658,Hải Phòng,Cửa hàng,Điện tử,5.0,1201000.0,6005000.0,THE,6,-0.6388847684281961
T0035163,2025-07-03 01:46:01,C02349,Hải Phòng,Online,Mỹ phẩm,5.0,475000.0,2375000.0,VI_DIEN_TU,1,-0.6388680603200318
T0025008,2025-05-10 02:25:28,C01864,Hải Phòng,Online,Mỹ phẩm,1.0,5990229.101454589,5990229.0,VI_DIEN_TU,2,-0.6387911169656963
T0030004,2025-06-06 01:26:44,C01180,Đà Nẵng,Online,Mỹ phẩm,5.0,413000.0,1858500.0,VI_DIEN_TU,1,-0.6387251327411794
T0005118,2025-01-27 20:39:10,C00026,TP HCM,Cửa hàng,Điện tử,4.0,1131000.0,4297800.0,VI_DIEN_TU,20,-0.6387155341889457
T0035887,2025-07-06 18:04:36,C04559,Hà Nội,Cửa hàng,Điện tử,4.0,1138000.0,4552000.0,VI_DIEN_TU,18,-0.6386314599274102
T0042404,2025-08-09 21:57:53,C01890,Hải Phòng,Cửa hàng,Thực phẩm,5.0,198000.0,990000.0,VI_DIEN_TU,21,-0.638574013961367
T0028114,2025-05-26 23:43:42,C00359,Hải Phòng,Online,Mỹ phẩm,4.0,540000.0,1944000.0,VI_DIEN_TU,23,-0.6385683748623426
T0039355,2025-07-24 02:17:25,C01029,TP HCM,Online,Mỹ phẩm,1.0,7405420.184331045,7405420.0,VI_DIEN_TU,2,-0.63853614548462
T0040617,2025-07-31 01:26:26,C00052,Hải Phòng,Cửa hàng,Mỹ phẩm,1.0,6419714.524731707,6419715.0,VI_DIEN_TU,1,-0.6385213179064081
T0010148,2025-02-22 18:15:31,C00071,Đà Nẵng,Online,Thời trang,5.0,846000.0,4018500.0,VI_DIEN_TU,18,-0.6384982751929887
T0014297,2025-03-16 05:22:48,C05145,Cần Thơ,Online,Điện tử,5.0,1122000.0,5049000.0,THE,5,-0.6384456831161162
T0030472,2025-06-08 14:00:59,C04021,TP HCM,Online,Điện tử,5.0,1128000.0,5640000.0,TIEN_MAT,14,-0.6384442226662645
T0051869,2025-09-27 19:36:19,C03575,Đà Nẵng,Online,Thời trang,5.0,644000.0,3220000.0,VI_DIEN_TU,19,-0.6382767302797047
T0057621,2025-10-27 22:01:46,C06293,Hà Nội,Cửa hàng,Điện tử,5.0,1001000.0,5005000.0,THE,22,-0.6382472347188367
T0019869,2025-04-14 01:20:21,C01176,Đà Nẵng,Online,Thời trang,5.0,704000.0,3344000.0,THE,1,-0.6382006022939939
T0058625,2025-11-02 01:27:31,C00023,Hà Nội,Cửa hàng,Điện tử,5.0,1036000.0,5180000.0,THE,1,-0.6381195848038359
T0052274,2025-09-29 01:31:06,C07920,TP HCM,Cửa hàng,Mỹ phẩm,1.0,4452175.841878305,4452176.0,VI_DIEN_TU,1,-0.6380553120238429
T0012317,2025-03-05 23:57:00,C04193,TP HCM,Online,Điện tử,4.0,1135000.0,4540000.0,VI_DIEN_TU,23,-0.6380448665613251
T0050953,2025-09-23 02:54:07,C04135,Hải Phòng,Online,Gia dụng,5.0,736000.0,3680000.0,VI_DIEN_TU,2,-0.6380205048011122
T0045001,2025-08-23 01:05:18,C00049,Hải Phòng,Cửa hàng,Mỹ phẩm,1.0,5478509.581970264,5478510.0,VI_DIEN_TU,1,-0.6380190377440553
T0051355,2025-09-25 02:31:47,C02258,Hải Phòng,Online,Gia dụng,5.0,885000.0,4425000.0,VI_DIEN_TU,2,-0.6379716555880784
T0028103,2025-05-26 22:15:51,C00219,Hà Nội,Online,Thời trang,5.0,764000.0,3820000.0,THE,22,-0.6379322880362388
T0038123,2025-07-18 02:52:21,C02990,Hà Nội,Online,Gia dụng,1.0,7023719.768067759,7023719.768067759,VI_DIEN_TU,2,-0.6378502970219417
T0011719,2025-03-03 00:07:03,C00028,Đà Nẵng,Cửa hàng,Gia dụng,5.0,897000.0,4485000.0,KHONG_RO,0,-0.6378329994776012
T0043799,2025-08-17 06:07:56,C00292,Hải Phòng,Cửa hàng,Thực phẩm,5.0,181000.0,905000.0,VI_DIEN_TU,6,-0.6377901713945116
T0054969,2025-10-14 03:03:09,C02113,Hải Phòng,Online,Thời trang,1.0,6723009.522106373,6723009.522106373,VI_DIEN_TU,3,-0.637739375492649
T0034819,2025-07-01 03:53:43,C07794,Hải Phòng,Online,Mỹ phẩm,1.0,6924668.391077676,6924668.0,VI_DIEN_TU,3,-0.637739375492649
T0010354,2025-02-23 20:23:31,C00246,Hải Phòng,Cửa hàng,Điện tử,4.0,1079000.0,4316000.0,VI_DIEN_TU,20,-0.6376395076815243
T0014284,2025-03-16 03:46:47,C00062,Cần Thơ,Online,Sách,4.0,130000.0,494000.0,VI_DIEN_TU,3,-0.6376266345143744
T0044170,2025-08-19 03:22:23,C00052,Cần Thơ,Online,Sách,5.0,149000.0,707750.0,VI_DIEN_TU,3,-0.6376154675160125
T0028140,2025-05-27 02:51:59,C00273,Hà Nội,Online,Thời trang,5.0,712000.0,3560000.0,VI_DIEN_TU,2,-0.637588974858917
T0054440,2025-10-11 07:29:17,C01360,TP HCM,Online,Điện tử,5.0,942000.0,4239000.0,VI_DIEN_TU,7,-0.6375694586859153
T0007881,2025-02-11 00:07:23,C00109,TP HCM,Online,Gia dụng,5.0,959000.0,4795000.0,CHUYEN_KHOAN,0,-0.6375627372711794
T0008658,2025-02-14 23:55:13,C01006,Đà Nẵng,Cửa hàng,Điện tử,4.0,1179000.0,4480200.0,VI_DIEN_TU,23,-0.6375305894632155
T0036136,2025-07-08 03:08:43,C00041,Hà Nội,Online,Điện tử,5.0,1229000.0,6145000.0,TIEN_MAT,3,-0.6374979361816996
T0012065,2025-03-04 19:00:30,C02586,TP HCM,Online,Gia dụng,5.0,949000.0,4745000.0,VI_DIEN_TU,19,-0.6374960541848455
T0037087,2025-07-12 23:12:23,C01569,Hà Nội,Online,Điện tử,4.0,1068000.0,3844800.0,VI_DIEN_TU,23,-0.6374488492196452
T0039774,2025-07-26 20:30:03,C01479,Hà Nội,Online,Điện tử,5.0,1117000.0,5305750.0,THE,20,-0.6374264347355391
T0004933,2025-01-26 20:38:08,C01766,Đà Nẵng,Online,Điện tử,5.0,946000.0,4493500.0,CHUYEN_KHOAN,20,-0.6374205468825214
T0052286,2025-09-29 23:01:18,C03629,TP HCM,Online,Thực phẩm,4.0,167000.0,668000.0,VI_DIEN_TU,23,-0.6374098718748036
T0036971,2025-07-12 02:36:30,C00242,Hà Nội,Cửa hàng,Mỹ phẩm,1.0,6501269.161864445,6501269.0,VI_DIEN_TU,2,-0.6373350743717742
T0057011,2025-10-24 18:25:10,C00030,TP HCM,Cửa hàng,Gia dụng,5.0,874000.0,4370000.0,VI_DIEN_TU,18,-0.6372958378888974
T0040494,2025-07-30 16:35:17,C01260,Hà Nội,Cửa hàng,Điện tử,5.0,1084000.0,5420000.0,VI_DIEN_TU,16,-0.6372924562700996
T0018872,2025-04-08 23:27:20,C03517,TP HCM,Cửa hàng,Điện tử,5.0,1085000.0,5425000.0,THE,23,-0.6372583534931782
T0043571,2025-08-16 00:40:55,C05173,Đà Nẵng,Online,Sách,4.0,140000.0,560000.0,VI_DIEN_TU,0,-0.6372537850362249
T0039167,2025-07-23 02:01:49,C00534,Hà Nội,Cửa hàng,Mỹ phẩm,1.0,7604410.980409679,7604411.0,VI_DIEN_TU,2,-0.6371597196117254
T0012983,2025-03-09 10:46:29,C02395,Đà Nẵng,Cửa hàng,Thực phẩm,5.0,162000.0,769500.0,VI_DIEN_TU,10,-0.6371226991429781
T0050156,2025-09-18 23:00:56,C01248,Hà Nội,Cửa hàng,Điện tử,4.0,1234000.0,4936000.0,VI_DIEN_TU,23,-0.6370973423117567
T0047726,2025-09-06 09:23:58,C01037,Hà Nội,Online,Gia dụng,5.0,873000.0,4146750.0,VI_DIEN_TU,9,-0.6370929437802738
T0012742,2025-03-08 05:25:31,C00010,Cần Thơ,Online,Điện tử,5.0,1222000.0,6110000.0,THE,5,-0.6370331469017322
T0027401,2025-05-23 03:16:18,C04501,Hà Nội,Online,Thực phẩm,5.0,155000.0,775000.0,VI_DIEN_TU,3,-0.6369896290681981
T0054325,2025-10-10 17:43:00,C01512,TP HCM,Cửa hàng,Gia dụng,5.0,965000.0,4825000.0,VI_DIEN_TU,17,-0.6369572905002249
T0037276,2025-07-13 22:00:11,C00763,TP HCM,Online,Sách,5.0,164000.0,738000.0,TIEN_MAT,22,-0.6369385256206329
T0052854,2025-10-02 04:33:44,C02199,Cần Thơ,Cửa hàng,Mỹ phẩm,1.0,7658528.609091557,7658529.0,VI_DIEN_TU,4,-0.6369000153818124
T0049218,2025-09-14 03:18:46,C00379,TP HCM,Cửa hàng,Điện tử,5.0,1183000.0,5915000.0,CHUYEN_KHOAN,3,-0.6368940296106942
T0019724,2025-04-13 07:22:34,C06820,Hải Phòng,Cửa hàng,Thực phẩm,5.0,203000.0,964250.0,VI_DIEN_TU,7,-0.6368561610795672
T0058670,2025-11-02 07:01:43,C02536,Đà Nẵng,Cửa hàng,Thực phẩm,5.0,185000.0,925000.0,VI_DIEN_TU,7,-0.6368369231124554
T0053403,2025-10-05 22:14:22,C00009,TP HCM,Cửa hàng,Điện tử,5.0,1037000.0,5185000.0,CHUYEN_KHOAN,22,-0.6368006461836371
T0056080,2025-10-19 22:52:29,C00067,Cần Thơ,Cửa hàng,Điện tử,5.0,1040000.0,5200000.0,CHUYEN_KHOAN,22,-0.6368006461836371
T0058801,2025-11-03 00:01:19,C00406,Hà Nội,Online,Thời trang,4.0,696000.0,2505600.0,VI_DIEN_TU,0,-0.6367301207702216
T0037347,2025-07-14 06:24:19,C04318,Hà Nội,Cửa hàng,Thời trang,5.0,741000.0,3149250.0,VI_DIEN_TU,6,-0.636718626452547
T0010576,2025-02-24 23:51:43,C00096,Hải Phòng,Online,Mỹ phẩm,5.0,411000.0,2055000.0,TIEN_MAT,23,-0.6367003416085045
T0005750,2025-01-31 03:50:07,C01803,TP HCM,Online,Thực phẩm,5.0,158000.0,671500.0,VI_DIEN_TU,3,-0.63664836594841
T0057555,2025-10-27 13:58:05,C01483,Hà Nội,Online,Thực phẩm,5.0,163000.0,692750.0,VI_DIEN_TU,13,-0.6365861297519532
T0038644,2025-07-20 23:26:57,C00659,Hà Nội,Online,Điện tử,3.0,1192000.0,3397200.0,VI_DIEN_TU,23,-0.6365713968463481
T0029248,2025-06-02 01:51:59,C02135,TP HCM,Online,Gia dụng,4.0,809000.0,3236000.0,VI_DIEN_TU,1,-0.6365645581137608
T0007348,2025-02-08 02:09:31,C00908,Hà Nội,Cửa hàng,Thời trang,1.0,6329394.041236694,6329394.0,VI_DIEN_TU,2,-0.636473233234331
T0002242,2025-01-13 00:15:22,C01233,TP HCM,Cửa hàng,Gia dụng,4.0,951000.0,3613800.0,VI_DIEN_TU,0,-0.6364645342717908
T0004872,2025-01-26 13:04:51,C06162,Cần Thơ,Cửa hàng,Thời trang,5.0,780000.0,3315000.0,VI_DIEN_TU,13,-0.6364024557273674
T0029233,2025-06-01 23:58:32,C00259,Cần Thơ,Cửa hàng,Thời trang,5.0,846000.0,4230000.0,TIEN_MAT,23,-0.6363526805265104
T0038533,2025-07-20 09:59:02,C00250,Cần Thơ,Online,Điện tử,4.0,1042000.0,4168000.0,VI_DIEN_TU,9,-0.6361367054221989
T0002431,2025-01-13 22:26:22,C03171,Đà Nẵng,Online,Thời trang,5.0,837000.0,3975750.0,CHUYEN_KHOAN,22,-0.6360894438926622
T0041545,2025-08-05 01:43:35,C00766,Cần Thơ,Cửa hàng,Mỹ phẩm,1.0,5886359.186639886,5886359.186639886,VI_DIEN_TU,1,-0.6360544957896387
T0042432,2025-08-10 01:28:03,C03626,TP HCM,Cửa hàng,Sách,4.0,136000.0,489600.0,VI_DIEN_TU,1,-0.6360123490908227
T0058371,2025-10-31 04:34:58,C00772,Đà Nẵng,Cửa hàng,Gia dụng,1.0,7561844.720669116,7561845.0,VI_DIEN_TU,4,-0.6360034200681562
T0042489,2025-08-10 07:42:45,C00853,Đà Nẵng,Cửa hàng,Thực phẩm,5.0,187000.0,935000.0,VI_DIEN_TU,7,-0.6359630517181583
T0008741,2025-02-15 11:08:44,C01701,Đà Nẵng,Cửa hàng,Điện tử,5.0,939000.0,4695000.0,VI_DIEN_TU,11,-0.6359047832887693
T0001027,2025-01-06 15:52:33,C01473,Hà Nội,Cửa hàng,Sách,5.0,140000.0,700000.0,VI_DIEN_TU,15,-0.6358818223846
T0000794,2025-01-05 11:21:24,C05062,Đà Nẵng,Online,Điện tử,5.0,1107000.0,5535000.0,THE,11,-0.6358801483209546
T0000777,2025-01-05 09:27:51,C03079,Đà Nẵng,Online,Điện tử,4.0,1015000.0,4060000.0,VI_DIEN_TU,9,-0.63585119387609
T0032146,2025-06-17 06:47:57,C02204,Hà Nội,Cửa hàng,Điện tử,5.0,1056000.0,4752000.0,VI_DIEN_TU,6,-0.6358291467120907
T0057266,2025-10-26 02:48:31,C00524,Hải Phòng,Online,Gia dụng,5.0,881000.0,4405000.0,TIEN_MAT,2,-0.6358199380704173
T0014265,2025-03-16 01:38:08,C04405,TP HCM,Online,Mỹ phẩm,4.0,503000.0,2012000.0,VI_DIEN_TU,1,-0.635723911369908
T0054929,2025-10-13 20:59:29,C00528,TP HCM,Cửa hàng,Điện tử,5.0,1150000.0,5750000.0,THE,20,-0.6356902560912902
T0035878,2025-07-06 17:04:40,C00115,TP HCM,Online,Điện tử,5.0,1073000.0,5096750.0,TIEN_MAT,17,-0.6356349247976947
T0009636,2025-02-20 04:30:36,C00170,Đà Nẵng,Online,Gia dụng,1.0,7562433.871838185,7562434.0,VI_DIEN_TU,4,-0.6356322535167568
T0038242,2025-07-18 19:40:37,C07011,TP HCM,Cửa hàng,Gia dụng,5.0,963000.0,4333500.0,VI_DIEN_TU,19,-0.6356078928579809
T0003708,2025-01-20 14:46:33,C02772,Cần Thơ,Online,Thực phẩm,5.0,169000.0,845000.0,VI_DIEN_TU,14,-0.6355896679590043
T0049496,2025-09-15 14:39:23,C00606,TP HCM,Online,Thực phẩm,5.0,170000.0,850000.0,VI_DIEN_TU,14,-0.6355896679590043
T0000666,2025-01-04 18:25:53,C00003,Hà Nội,Online,Thời trang,5.0,697000.0,3485000.0,VI_DIEN_TU,18,-0.6355884689265594
T0004564,2025-01-24 23:34:15,C04430,Cần Thơ,Cửa hàng,Điện tử,4.0,1096000.0,4384000.0,VI_DIEN_TU,23,-0.6355797950095406
T0012631,2025-03-07 14:38:14,C01814,TP HCM,Online,Gia dụng,5.0,955000.0,4775000.0,VI_DIEN_TU,14,-0.6355348179839342
T0049954,2025-09-17 22:02:56,C06449,TP HCM,Cửa hàng,Điện tử,5.0,1235000.0,6175000.0,THE,22,-0.6355295739091359
T0038861,2025-07-22 02:42:35,C00051,Hải Phòng,Online,Thực phẩm,5.0,179000.0,805500.0,VI_DIEN_TU,2,-0.6355182188408958
T0001659,2025-01-09 22:43:03,C00731,TP HCM,Online,Điện tử,5.0,1185000.0,5925000.0,TIEN_MAT,22,-0.6355150350162905
T0023543,2025-05-03 03:58:13,C01185,TP HCM,Cửa hàng,Gia dụng,1.0,6092537.956772862,6092538.0,VI_DIEN_TU,3,-0.6354949102820543
T0057547,2025-10-27 13:08:57,C00091,TP HCM,Online,Thực phẩm,5.0,174000.0,870000.0,VI_DIEN_TU,13,-0.635460556360447
T0004694,2025-01-25 14:52:48,C00807,Hải Phòng,Cửa hàng,Điện tử,5.0,946000.0,4730000.0,VI_DIEN_TU,14,-0.6354084686286904
T0015609,2025-03-23 01:21:06,C00042,TP HCM,Online,Thời trang,4.0,644000.0,2576000.0,VI_DIEN_TU,1,-0.6354066500094546
T0003414,2025-01-19 01:53:06,C05155,Hải Phòng,Online,Gia dụng,5.0,724000.0,3620000.0,CHUYEN_KHOAN,1,-0.6350858640387332
T0023099,2025-04-30 21:41:12,C00495,Hải Phòng,Online,Gia dụng,5.0,827000.0,4135000.0,VI_DIEN_TU,21,-0.6350837217943491
T0028299,2025-05-27 22:04:43,C06769,Hà Nội,Cửa hàng,Điện tử,4.0,1204000.0,4816000.0,VI_DIEN_TU,22,-0.6350448044740996
T0011911,2025-03-03 23:26:55,C04671,Hải Phòng,Cửa hàng,Thực phẩm,4.0,206000.0,824000.0,VI_DIEN_TU,23,-0.635012568464048
T0017148,2025-03-31 04:55:57,C00070,Hà Nội,Cửa hàng,Điện tử,5.0,1171000.0,5855000.0,TIEN_MAT,4,-0.6349907266724231
T0058951,2025-11-03 19:31:44,C02974,Đà Nẵng,Online,Gia dụng,4.0,902000.0,3608000.0,VI_DIEN_TU,19,-0.6349607638171885
T0027705,2025-05-24 17:50:39,C03250,TP HCM,Online,Thực phẩm,5.0,165000.0,701250.0,VI_DIEN_TU,17,-0.6348859563223997
T0022528,2025-04-27 22:21:39,C00812,TP HCM,Online,Thực phẩm,5.0,172000.0,860000.0,TIEN_MAT,22,-0.6348845485726039
T0050498,2025-09-20 18:06:00,C00174,Cần Thơ,Online,Thực phẩm,5.0,176000.0,836000.0,VI_DIEN_TU,18,-0.6348680360813267
T0018666,2025-04-07 21:47:51,C00007,TP HCM,Online,Gia dụng,4.0,857000.0,3085200.0,VI_DIEN_TU,21,-0.6348357851976162
T0059962,2025-11-09 02:11:05,C04118,TP HCM,Cửa hàng,Điện tử,4.0,1172000.0,4688000.0,VI_DIEN_TU,2,-0.6347897676048978
T0052109,2025-09-29 01:45:50,C03300,Hải Phòng,Online,Thực phẩm,5.0,183000.0,915000.0,TIEN_MAT,1,-0.6347351114521558
T0056651,2025-10-22 21:41:56,C03116,Hà Nội,Online,Thời trang,5.0,786000.0,3930000.0,VI_DIEN_TU,21,-0.6346351004428394
T0016719,2025-03-28 22:07:23,C00252,Cần Thơ,Cửa hàng,Mỹ phẩm,5.0,422000.0,2110000.0,VI_DIEN_TU,22,-0.6346227232444742
T0012942,2025-03-09 05:30:42,C04074,Hà Nội,Cửa hàng,Điện tử,5.0,1185000.0,5925000.0,TIEN_MAT,5,-0.634489017966091
T0023644,2025-05-03 18:43:34,C00882,Hà Nội,Online,Gia dụng,5.0,760000.0,3800000.0,VI_DIEN_TU,18,-0.6344697859002592
T0004526,2025-01-24 19:05:38,C02124,Cần Thơ,Online,Thực phẩm,5.0,153000.0,765000.0,VI_DIEN_TU,19,-0.6344532359835418
T0037264,2025-07-13 02:09:58,C07938,TP HCM,Cửa hàng,Mỹ phẩm,1.0,4683778.066528037,4683778.0,VI_DIEN_TU,2,-0.6344450340951657
T0050727,2025-09-21 23:11:44,C00116,TP HCM,Cửa hàng,Thực phẩm,5.0,176000.0,792000.0,TIEN_MAT,23,-0.6344172948112607
TDUP0146,2025-07-06 01:49:39,C00931,Đà Nẵng,Online,Thực phẩm,5.0,171000.0,855000.0,TIEN_MAT,1,-0.6343920271697183
T0043257,2025-08-14 09:11:11,C03512,Cần Thơ,Cửa hàng,Điện tử,5.0,1042000.0,5210000.0,VI_DIEN_TU,9,-0.6343749812459246
T0025113,2025-05-11 10:22:18,C00097,Hà Nội,Cửa hàng,Thực phẩm,5.0,181000.0,769250.0,VI_DIEN_TU,10,-0.6343391041163965
T0058554,2025-11-01 16:56:32,C01360,TP HCM,Cửa hàng,Gia dụng,5.0,842000.0,4210000.0,VI_DIEN_TU,16,-0.634335103068939
T0040770,2025-08-01 02:47:55,C04847,TP HCM,Online,Điện tử,4.0,1224000.0,4896000.0,VI_DIEN_TU,2,-0.634302061049135
T0040125,2025-07-28 17:24:51,C00001,TP HCM,Online,Điện tử,4.0,967000.0,3868000.0,VI_DIEN_TU,17,-0.6342591819421852
T0004974,2025-01-27 01:49:45,C05430,TP HCM,Online,Thực phẩm,5.0,176000.0,880000.0,TIEN_MAT,1,-0.6341993974880255
T0057539,2025-10-27 11:59:42,C06354,Hà Nội,Cửa hàng,Sách,5.0,143000.0,715000.0,VI_DIEN_TU,11,-0.6341957163677723
T0048218,2025-09-08 23:21:51,C00006,TP HCM,Cửa hàng,Sách,5.0,130000.0,585000.0,THE,23,-0.6340609861164015
T0021136,2025-04-20 14:20:55,C00179,Hà Nội,Cửa hàng,Mỹ phẩm,5.0,442000.0,2099500.0,VI_DIEN_TU,14,-0.6340411315597905
T0016939,2025-03-30 01:50:22,C00399,TP HCM,Online,Điện tử,4.0,1230000.0,4920000.0,TIEN_MAT,1,-0.6340085786922948
T0015969,2025-03-24 22:26:39,C01726,TP HCM,Cửa hàng,Gia dụng,5.0,953000.0,4765000.0,THE,22,-0.6338631924487441
T0026304,2025-05-17 14:35:04,C00009,TP HCM,Cửa hàng,Điện tử,5.0,986000.0,4190500.0,VI_DIEN_TU,14,-0.6338360315432978
T0014534,2025-03-17 01:40:36,C02727,TP HCM,Cửa hàng,Mỹ phẩm,1.0,3738459.3259084434,3738459.0,VI_DIEN_TU,1,-0.6337713194506791
T0018591,2025-04-07 01:23:06,C06025,TP HCM,Cửa hàng,Mỹ phẩm,1.0,3734439.0913559417,3734439.0,VI_DIEN_TU,1,-0.6337713194506791
T0023993,2025-05-05 01:24:07,C00193,Đà Nẵng,Cửa hàng,Thực phẩm,1.0,3681400.5369177945,3681400.5369177945,VI_DIEN_TU,1,-0.6337713194506791
T0059748,2025-11-08 00:54:22,C03688,TP HCM,Online,Gia dụng,4.0,807000.0,3228000.0,VI_DIEN_TU,0,-0.6337672117514045
T0022146,2025-04-25 23:18:46,C00133,Cần Thơ,Online,Gia dụng,5.0,975000.0,4387500.0,THE,23,-0.6337192668556796
T0007817,2025-02-10 16:34:57,C00983,Đà Nẵng,Cửa hàng,Điện tử,4.0,1099000.0,4396000.0,VI_DIEN_TU,16,-0.6336717773455084
T0005093,2025-01-27 17:36:30,C00530,Đà Nẵng,Cửa hàng,Thực phẩm,5.0,188000.0,940000.0,VI_DIEN_TU,17,-0.633627071550667
T0018110,2025-04-05 01:41:41,C01648,TP HCM,Cửa hàng,Sách,5.0,167000.0,835000.0,VI_DIEN_TU,1,-0.6336264867231174
T0059516,2025-11-06 02:44:03,C00488,Hải Phòng,Online,Mỹ phẩm,1.0,6694199.436486706,6694199.0,VI_DIEN_TU,2,-0.6336138626740502
T0056286,2025-10-20 23:34:59,C00645,Hà Nội,Cửa hàng,Thực phẩm,4.0,193000.0,772000.0,VI_DIEN_TU,23,-0.633604951953812
T0021555,2025-04-22 20:02:28,C01261,Hải Phòng,Online,Thực phẩm,5.0,178000.0,845500.0,VI_DIEN_TU,20,-0.6335165880113636
T0015216,2025-03-20 23:28:51,C00022,Hải Phòng,Cửa hàng,Điện tử,4.0,1170000.0,4680000.0,VI_DIEN_TU,23,-0.6334439213462995
T0038845,2025-07-22 00:24:21,C00440,Cần Thơ,Online,Điện tử,4.0,1048000.0,3982400.0,VI_DIEN_TU,0,-0.633442900703458
T0047991,2025-09-07 19:37:03,C00005,Hà Nội,Cửa hàng,Gia dụng,4.0,969000.0,3876000.0,VI_DIEN_TU,19,-0.6334402368397485
T0019821,2025-04-13 19:40:50,C01928,Cần Thơ,Cửa hàng,Điện tử,4.0,972000.0,3888000.0,VI_DIEN_TU,19,-0.6334402368397485
T0018319,2025-04-06 02:40:35,C00332,TP HCM,Online,Thực phẩm,5.0,187000.0,935000.0,TIEN_MAT,2,-0.6334292446450731
T0025042,2025-05-11 02:06:47,C02889,TP HCM,Online,Gia dụng,5.0,810000.0,4050000.0,TIEN_MAT,2,-0.633420223017624
T0057620,2025-10-27 21:49:08,C00442,Hà Nội,Cửa hàng,Điện tử,5.0,1027000.0,5135000.0,TIEN_MAT,21,-0.6334068158190672
T0031768,2025-06-15 01:09:40,C06227,Hà Nội,Cửa hàng,Mỹ phẩm,1.0,4220846.51892034,4220847.0,VI_DIEN_TU,1,-0.6333355928465121
T0052495,2025-10-01 00:55:24,C00527,Đà Nẵng,Cửa hàng,Thực phẩm,5.0,204000.0,867000.0,VI_DIEN_TU,0,-0.6332960345864659
T0007906,2025-02-11 03:19:55,C07893,Hà Nội,Cửa hàng,Gia dụng,5.0,941000.0,4705000.0,VI_DIEN_TU,3,-0.6332777875528555
T0006253,2025-02-02 17:01:18,C00066,TP HCM,Online,Điện tử,5.0,1032000.0,5160000.0,THE,17,-0.6332289621411192
T0012401,2025-03-06 10:46:22,C02136,Hà Nội,Online,Gia dụng,5.0,964000.0,4820000.0,VI_DIEN_TU,10,-0.6332132143653953
T0009530,2025-02-19 13:04:28,C04235,Đà Nẵng,Online,Gia dụng,5.0,963000.0,4815000.0,VI_DIEN_TU,13,-0.6332096855161874
T0022482,2025-04-27 04:12:18,C00397,TP HCM,Cửa hàng,Mỹ phẩm,1.0,5067792.176480502,5067792.176480502,VI_DIEN_TU,4,-0.6332060699535701
T0022925,2025-04-29 23:05:05,C03132,Cần Thơ,Cửa hàng,Điện tử,5.0,1002000.0,5010000.0,THE,23,-0.6331990158686317
T0036467,2025-07-09 03:55:57,C00284,Hà Nội,Online,Thời trang,1.0,6509603.243238862,6509603.0,VI_DIEN_TU,3,-0.6331954353565968
T0000305,2025-01-02 21:03:24,C01068,Cần Thơ,Online,Thực phẩm,5.0,158000.0,790000.0,VI_DIEN_TU,21,-0.63314942525195
T0020179,2025-04-15 01:07:18,C03042,Cần Thơ,Cửa hàng,Mỹ phẩm,1.0,5473435.457976234,5473435.457976234,VI_DIEN_TU,1,-0.6331232915336813
T0005827,2025-01-31 01:40:09,C00173,TP HCM,Cửa hàng,Mỹ phẩm,1.0,5260763.745281161,5260764.0,VI_DIEN_TU,1,-0.6330991927594193
T0052863,2025-10-03 00:14:42,C00995,TP HCM,Online,Gia dụng,5.0,827000.0,4135000.0,TIEN_MAT,0,-0.633084624773155
T0017206,2025-03-31 11:28:29,C05930,TP HCM,Cửa hàng,Điện tử,5.0,1239000.0,6195000.0,KHONG_RO,11,-0.6330669008768133
T0019429,2025-04-11 20:08:04,C00049,TP HCM,Online,Thời trang,5.0,785000.0,3925000.0,VI_DIEN_TU,20,-0.633054513340178
T0008699,2025-02-15 05:11:05,C00570,TP HCM,Online,Điện tử,5.0,1181000.0,5609750.0,KHONG_RO,5,-0.6329517026977962
T0004926,2025-01-26 19:51:38,C00010,TP HCM,Cửa hàng,Điện tử,5.0,1133000.0,5665000.0,TIEN_MAT,19,-0.6328996550538171
T0014729,2025-03-18 11:16:09,C00020,Hà Nội,Online,Sách,5.0,128000.0,640000.0,VI_DIEN_TU,11,-0.6328994981823433
T0003685,2025-01-20 12:06:06,C04286,Cần Thơ,Online,Điện tử,5.0,1040000.0,5200000.0,THE,12,-0.6328877137694142
T0054171,2025-10-09 22:10:32,C02613,Cần Thơ,Online,Điện tử,5.0,1116000.0,5580000.0,CHUYEN_KHOAN,22,-0.6328703623630278
T0008941,2025-02-16 11:26:04,C07263,Hà Nội,Cửa hàng,Mỹ phẩm,5.0,456000.0,2280000.0,VI_DIEN_TU,11,-0.6328446356036093
T0026570,2025-05-18 22:28:55,C00208,TP HCM,Cửa hàng,Điện tử,5.0,936000.0,4680000.0,TIEN_MAT,22,-0.6328344711350192
T0002058,2025-01-12 00:23:59,C00323,TP HCM,Cửa hàng,Gia dụng,5.0,799000.0,3795250.0,TIEN_MAT,0,-0.6328329506237732
T0042444,2025-08-10 02:38:51,C04271,Đà Nẵng,Online,Gia dụng,4.0,879000.0,3340200.0,VI_DIEN_TU,2,-0.6327831725640181
T0043968,2025-08-18 02:14:55,C02778,Cần Thơ,Online,Mỹ phẩm,5.0,534000.0,2670000.0,THE,2,-0.6327761332238062
T0041483,2025-08-04 23:34:31,C04465,Hà Nội,Cửa hàng,Thực phẩm,5.0,192000.0,864000.0,CHUYEN_KHOAN,23,-0.6325940308672067
T0027489,2025-05-23 02:11:56,C05203,Hải Phòng,Cửa hàng,Mỹ phẩm,1.0,6380622.435736707,6380622.0,VI_DIEN_TU,2,-0.6325668188562534
T0030379,2025-06-08 02:08:18,C06770,Hải Phòng,Online,Sách,5.0,159000.0,795000.0,TIEN_MAT,2,-0.6325564912408769
T0008923,2025-02-16 09:09:29,C07968,TP HCM,Cửa hàng,Mỹ phẩm,5.0,468000.0,2340000.0,VI_DIEN_TU,9,-0.6324738524051451
T0031354,2025-06-13 02:35:46,C01886,Hà Nội,Cửa hàng,Sách,5.0,147000.0,661500.0,VI_DIEN_TU,2,-0.6324709447193115
T0006092,2025-02-01 21:53:22,C00420,TP HCM,Cửa hàng,Điện tử,5.0,1252000.0,5634000.0,THE,21,-0.6324258306970764
T0013497,2025-03-12 00:05:05,C04188,TP HCM,Cửa hàng,Thực phẩm,5.0,172000.0,860000.0,VI_DIEN_TU,0,-0.6324225849465428
T0026806,2025-05-20 03:49:57,C00898,Hải Phòng,Online,Mỹ phẩm,5.0,534000.0,2670000.0,VI_DIEN_TU,3,-0.6323733634058898
T0004045,2025-01-22 03:56:10,C00935,Đà Nẵng,Cửa hàng,Thời trang,1.0,7118167.229448616,7118167.0,VI_DIEN_TU,3,-0.6323592817346597
T0041271,2025-08-03 19:11:45,C00525,Cần Thơ,Online,Thời trang,4.0,833000.0,3332000.0,VI_DIEN_TU,19,-0.6323295199335742
T0021092,2025-04-20 03:02:40,C01512,TP HCM,Online,Mỹ phẩm,1.0,4565107.952377546,4565108.0,VI_DIEN_TU,3,-0.6322219580954286
T0034574,2025-06-30 00:03:56,C00024,Hà Nội,Cửa hàng,Thực phẩm,4.0,156000.0,624000.0,VI_DIEN_TU,0,-0.6321650352285453
T0007684,2025-02-10 00:18:47,C03344,TP HCM,Online,Thực phẩm,4.0,172000.0,688000.0,VI_DIEN_TU,0,-0.6321358145207825
T0005528,2025-01-30 00:40:43,C01138,Hà Nội,Cửa hàng,Điện tử,5.0,1201000.0,6005000.0,THE,0,-0.6321242717407709
T0051806,2025-09-27 03:14:47,C00216,TP HCM,Online,Mỹ phẩm,1.0,5282252.185402882,5282252.0,VI_DIEN_TU,3,-0.6320860904194084
T0036275,2025-07-08 20:16:35,C00090,Hà Nội,Cửa hàng,Gia dụng,5.0,772000.0,3860000.0,VI_DIEN_TU,20,-0.6320246861765692
T0005494,2025-01-29 04:33:17,C05086,TP HCM,Online,Mỹ phẩm,1.0,7208966.039518886,7208966.0,VI_DIEN_TU,4,-0.6320049021740474
T0044137,2025-08-18 22:55:57,C00004,Hà Nội,Cửa hàng,Gia dụng,5.0,885000.0,4425000.0,CHUYEN_KHOAN,22,-0.6319615168632318
T0004192,2025-01-23 01:47:07,C00427,Hà Nội,Cửa hàng,Sách,5.0,132000.0,627000.0,VI_DIEN_TU,1,-0.6319440093501827
T0049575,2025-09-15 23:34:01,C03496,Hà Nội,Cửa hàng,Sách,4.0,159000.0,572400.0,VI_DIEN_TU,23,-0.6319016495391163
T0003002,2025-01-16 22:39:03,C00124,Hải Phòng,Cửa hàng,Thực phẩm,5.0,191000.0,859500.0,VI_DIEN_TU,22,-0.6318836528066202
T0040969,2025-08-02 04:08:19,C01137,TP HCM,Online,Sách,5.0,169000.0,802750.0,VI_DIEN_TU,4,-0.6318753847122514
T0017290,2025-03-31 21:24:45,C02291,Hải Phòng,Cửa hàng,Điện tử,5.0,1004000.0,4769000.0,TIEN_MAT,21,-0.6318643172580422
T0033380,2025-06-23 16:50:10,C01348,Hà Nội,Online,Gia dụng,5.0,951000.0,4755000.0,THE,16,-0.6318411632999837
T0000888,2025-01-05 23:01:08,C00004,Hà Nội,Online,Điện tử,4.0,1105000.0,3978000.0,THE,23,-0.6318245724813839
T0037343,2025-07-14 05:56:21,C05004,TP HCM,Cửa hàng,Thực phẩm,5.0,191000.0,955000.0,VI_DIEN_TU,5,-0.6317882566001668
T0030540,2025-06-08 21:38:40,C03235,Hải Phòng,Online,Thực phẩm,5.0,171000.0,855000.0,THE,21,-0.6317864350120695
T0049711,2025-09-16 15:58:06,C00535,Đà Nẵng,Online,Điện tử,5.0,945000.0,4725000.0,VI_DIEN_TU,15,-0.631740831417265
T0022952,2025-04-30 02:05:23,C07803,Hải Phòng,Online,Thực phẩm,5.0,204000.0,1020000.0,VI_DIEN_TU,2,-0.6316972646173015
T0046241,2025-08-29 20:23:48,C00655,Hà Nội,Online,Thực phẩm,5.0,190000.0,855000.0,VI_DIEN_TU,20,-0.6316473934991095
T0043619,2025-08-16 07:04:34,C00853,TP HCM,Online,Điện tử,5.0,1174000.0,5576500.0,THE,7,-0.6316405811285877
T0001514,2025-01-09 05:31:30,C00498,Cần Thơ,Online,Gia dụng,5.0,957000.0,4545750.0,VI_DIEN_TU,5,-0.6316174275349357
T0050039,2025-09-18 04:10:16,C06348,Đà Nẵng,Online,Gia dụng,1.0,7177976.341300525,7177976.0,VI_DIEN_TU,4,-0.631586423415724
T0035685,2025-07-05 17:26:50,C00097,Hà Nội,Online,Thực phẩm,5.0,197000.0,985000.0,VI_DIEN_TU,17,-0.6315813279067015
T0045470,2025-08-25 21:20:35,C05813,Hà Nội,Online,Sách,4.0,150000.0,600000.0,VI_DIEN_TU,21,-0.6315487971064381
T0029610,2025-06-04 04:11:42,C04028,TP HCM,Cửa hàng,Thời trang,1.0,6618428.662188916,6618428.662188916,VI_DIEN_TU,4,-0.6315484766678215
T0007180,2025-02-07 09:55:00,C00034,Hải Phòng,Online,Gia dụng,5.0,887000.0,4213250.0,VI_DIEN_TU,9,-0.6315267287674126
T0057301,2025-10-26 01:05:06,C03945,Đà Nẵng,Online,Thực phẩm,1.0,3358569.4837590577,3358569.0,VI_DIEN_TU,1,-0.6315142193680701
T0007591,2025-02-09 01:08:59,C03793,TP HCM,Online,Thực phẩm,1.0,3404384.2316982658,3404384.2316982658,VI_DIEN_TU,1,-0.6315142193680701
T0039613,2025-07-25 23:54:11,C03700,TP HCM,Cửa hàng,Điện tử,5.0,1115000.0,5575000.0,THE,23,-0.631496432672381
T0014062,2025-03-15 00:08:15,C02907,Hà Nội,Online,Thời trang,4.0,747000.0,2988000.0,VI_DIEN_TU,0,-0.631439836596326
T0043379,2025-08-14 23:53:28,C07837,TP HCM,Cửa hàng,Điện tử,5.0,1208000.0,5134000.0,CHUYEN_KHOAN,23,-0.6314350424304372
T0040867,2025-08-01 03:38:52,C00356,TP HCM,Cửa hàng,Thời trang,1.0,6158629.922487234,6158630.0,VI_DIEN_TU,3,-0.6314251713587617
T0036413,2025-07-09 13:56:06,C02169,Cần Thơ,Online,Điện tử,5.0,940000.0,4700000.0,VI_DIEN_TU,13,-0.6314143359163826
T0023878,2025-05-05 02:03:04,C00680,TP HCM,Cửa hàng,Điện tử,4.0,1133000.0,4305400.0,VI_DIEN_TU,2,-0.6314087068826582
T0043432,2025-08-15 06:36:57,C03702,Đà Nẵng,Cửa hàng,Gia dụng,5.0,871000.0,4355000.0,VI_DIEN_TU,6,-0.631400419539386
T0009391,2025-02-18 20:26:46,C04724,Cần Thơ,Cửa hàng,Thực phẩm,5.0,201000.0,954750.0,VI_DIEN_TU,20,-0.6313872406802317
T0020226,2025-04-15 21:37:49,C07625,Hà Nội,Cửa hàng,Điện tử,5.0,1219000.0,5790250.0,CHUYEN_KHOAN,21,-0.6312910578915331
T0002223,2025-01-12 21:40:40,C00051,Cần Thơ,Online,Thực phẩm,5.0,185000.0,786250.0,THE,21,-0.631246650494663
T0024445,2025-05-07 22:00:37,C00008,Đà Nẵng,Online,Điện tử,4.0,1152000.0,4377600.0,VI_DIEN_TU,22,-0.6311750390982511
T0036597,2025-07-10 02:15:53,C02917,Hà Nội,Cửa hàng,Gia dụng,1.0,7264787.549529471,7264788.0,VI_DIEN_TU,2,-0.6311708084142776
T0043448,2025-08-15 03:48:00,C02223,TP HCM,Online,Thời trang,1.0,5719630.783934739,5719631.0,VI_DIEN_TU,3,-0.6311652513042748
T0026460,2025-05-18 09:09:58,C00115,TP HCM,Cửa hàng,Mỹ phẩm,5.0,481000.0,2405000.0,VI_DIEN_TU,9,-0.6311471024706248
T0005747,2025-01-31 03:30:22,C01809,TP HCM,Online,Thực phẩm,5.0,194000.0,970000.0,VI_DIEN_TU,3,-0.631135493796328
T0025125,2025-05-11 11:42:17,C03542,Cần Thơ,Cửa hàng,Sách,5.0,172000.0,860000.0,VI_DIEN_TU,11,-0.6311338759527618
T0006243,2025-02-02 15:57:53,C00033,Hà Nội,Cửa hàng,Điện tử,5.0,1186000.0,5930000.0,CHUYEN_KHOAN,15,-0.6311118291034126
T0007575,2025-02-09 11:34:39,C04835,Hà Nội,Cửa hàng,Thực phẩm,5.0,174000.0,826500.0,VI_DIEN_TU,11,-0.6310712443782395
T0044989,2025-08-23 08:32:25,C00183,Hà Nội,Online,Điện tử,5.0,1196000.0,5980000.0,TIEN_MAT,8,-0.6310576396153289
T0013841,2025-03-13 01:09:17,C02441,Hải Phòng,Cửa hàng,Mỹ phẩm,1.0,5236667.749300551,5236668.0,VI_DIEN_TU,1,-0.6310201285883826
T0028108,2025-05-26 23:08:13,C01448,Đà Nẵng,Cửa hàng,Thời trang,4.0,759000.0,3036000.0,VI_DIEN_TU,23,-0.6309402560696363
T0032073,2025-06-16 21:40:05,C00361,TP HCM,Online,Mỹ phẩm,4.0,474000.0,1896000.0,VI_DIEN_TU,21,-0.6309320313648015
T0056063,2025-10-19 20:28:41,C04578,Hà Nội,Online,Sách,5.0,165000.0,825000.0,THE,20,-0.6309050540657901
T0056810,2025-10-23 18:08:26,C03113,Cần Thơ,Online,Gia dụng,5.0,911000.0,4555000.0,VI_DIEN_TU,18,-0.6309033452192416
T0000881,2025-01-05 01:27:43,C00665,Hà Nội,Online,Thực phẩm,1.0,3350407.736677787,3350408.0,VI_DIEN_TU,1,-0.6308736336637969
T0058491,2025-11-01 09:10:31,C00661,Hà Nội,Online,Thực phẩm,5.0,162000.0,769500.0,VI_DIEN_TU,9,-0.6308641459149498
T0012848,2025-03-08 17:34:16,C00005,TP HCM,Cửa hàng,Thực phẩm,5.0,203000.0,964250.0,VI_DIEN_TU,17,-0.6308215323324715
T0029406,2025-06-02 22:50:48,C00946,Hà Nội,Online,Thực phẩm,4.0,167000.0,668000.0,VI_DIEN_TU,22,-0.6307918819121142
T0026427,2025-05-18 04:55:29,C00150,TP HCM,Online,Điện tử,4.0,965000.0,3860000.0,VI_DIEN_TU,4,-0.6307794450568301
T0058515,2025-11-01 11:33:43,C06980,TP HCM,Online,Thực phẩm,5.0,164000.0,820000.0,VI_DIEN_TU,11,-0.6307551709170062
T0034664,2025-06-30 02:20:41,C00013,TP HCM,Online,Thực phẩm,1.0,3507110.7880666736,3507111.0,VI_DIEN_TU,2,-0.6307250968267891
T0015601,2025-03-23 00:19:01,C04920,Hà Nội,Online,Điện tử,4.0,1095000.0,4380000.0,THE,0,-0.6306931878622197
T0032087,2025-06-16 23:01:36,C03075,Đà Nẵng,Cửa hàng,Thời trang,5.0,742000.0,3710000.0,THE,23,-0.630653370698892
T0036965,2025-07-12 08:35:07,C00149,Cần Thơ,Online,Điện tử,5.0,1214000.0,5766500.0,CHUYEN_KHOAN,8,-0.6306308190590993
T0030398,2025-06-08 01:25:12,C04469,Hà Nội,Cửa hàng,Thực phẩm,1.0,3831117.494455434,3831117.0,VI_DIEN_TU,1,-0.6306189986808315
T0057458,2025-10-27 02:23:48,C00076,Hà Nội,Online,Điện tử,4.0,1206000.0,4824000.0,CHUYEN_KHOAN,2,-0.6306097963407798
T0005983,2025-02-01 08:28:59,C00805,Cần Thơ,Cửa hàng,Sách,5.0,143000.0,715000.0,VI_DIEN_TU,8,-0.6305662352986526
T0045382,2025-08-25 10:47:58,C03507,Cần Thơ,Cửa hàng,Mỹ phẩm,5.0,551000.0,2617250.0,VI_DIEN_TU,10,-0.6304305989801549
T0016133,2025-03-25 19:28:14,C00518,TP HCM,Online,Thời trang,5.0,712000.0,3560000.0,VI_DIEN_TU,19,-0.6304073099065577
T0037637,2025-07-15 18:12:35,C00387,TP HCM,Online,Sách,5.0,150000.0,637500.0,VI_DIEN_TU,18,-0.6303994960110701
T0052985,2025-10-03 04:20:53,C00932,TP HCM,Cửa hàng,Mỹ phẩm,1.0,6206962.627431158,6206963.0,VI_DIEN_TU,4,-0.6303896745966723
T0026518,2025-05-18 15:50:17,C00480,Đà Nẵng,Online,Điện tử,5.0,1052000.0,4734000.0,TIEN_MAT,15,-0.6303885989183451
T0045703,2025-08-27 02:47:55,C02611,Đà Nẵng,Cửa hàng,Gia dụng,5.0,866000.0,4330000.0,VI_DIEN_TU,2,-0.630360410020767
T0026395,2025-05-18 00:45:29,C05765,Hà Nội,Cửa hàng,Thực phẩm,4.0,187000.0,748000.0,VI_DIEN_TU,0,-0.6303346751530601
T0047262,2025-09-04 00:51:45,C06083,Đà Nẵng,Cửa hàng,Thực phẩm,5.0,167000.0,751500.0,VI_DIEN_TU,0,-0.6303332821340919
T0027183,2025-05-22 00:44:39,C07417,TP HCM,Cửa hàng,Thực phẩm,5.0,162000.0,810000.0,VI_DIEN_TU,0,-0.6303332821340919
T0042868,2025-08-12 08:49:00,C00943,Hải Phòng,Online,Thời trang,5.0,806000.0,4030000.0,VI_DIEN_TU,8,-0.6303206269426914
T0007322,2025-02-08 02:45:29,C01431,TP HCM,Online,Điện tử,4.0,1039000.0,4156000.0,VI_DIEN_TU,2,-0.6303108083737198
T0010929,2025-02-26 04:55:12,C00017,Hải Phòng,Online,Mỹ phẩm,1.0,6183981.2108417405,6183981.0,VI_DIEN_TU,4,-0.6302967911142658
T0019711,2025-04-13 05:59:01,C00002,Hải Phòng,Online,Điện tử,5.0,1018000.0,5090000.0,TIEN_MAT,5,-0.630288975033503
T0022364,2025-04-27 02:43:57,C01101,TP HCM,Online,Thực phẩm,5.0,197000.0,837250.0,THE,2,-0.6302799973938217
T0017215,2025-03-31 12:39:15,C00059,Đà Nẵng,Cửa hàng,Mỹ phẩm,5.0,483000.0,2415000.0,VI_DIEN_TU,12,-0.6302754824512753
T0039806,2025-07-27 00:55:29,C05178,Hải Phòng,Cửa hàng,Thực phẩm,4.0,194000.0,776000.0,VI_DIEN_TU,0,-0.6302649459385271
T0013481,2025-03-11 22:29:50,C00829,TP HCM,Online,Sách,5.0,129000.0,645000.0,TIEN_MAT,22,-0.6302282006608314
T0010372,2025-02-23 22:19:45,C00008,Hà Nội,Online,Điện tử,3.0,1149000.0,3447000.0,VI_DIEN_TU,22,-0.6302110283770154
T0001710,2025-01-10 05:29:38,C00029,Đà Nẵng,Online,Gia dụng,5.0,796000.0,3980000.0,VI_DIEN_TU,5,-0.6301876964099697
T0026212,2025-05-17 02:55:20,C00430,Đà Nẵng,Online,Điện tử,5.0,936000.0,4212000.0,CHUYEN_KHOAN,2,-0.6301717063603283
T0040515,2025-07-30 01:36:25,C00043,Hà Nội,Online,Mỹ phẩm,1.0,5064480.733462222,5064481.0,VI_DIEN_TU,1,-0.6301539978654197
T0059852,2025-11-08 13:53:45,C00162,Đà Nẵng,Online,Điện tử,5.0,1174000.0,5283000.0,TIEN_MAT,13,-0.630149397505225
T0052735,2025-10-02 03:36:27,C05617,Cần Thơ,Cửa hàng,Mỹ phẩm,1.0,6248295.801306167,6248296.0,VI_DIEN_TU,3,-0.6301483162711538
T0033004,2025-06-21 18:46:19,C04630,TP HCM,Cửa hàng,Thực phẩm,5.0,200000.0,950000.0,VI_DIEN_TU,18,-0.6301467974260444
T0055768,2025-10-18 07:40:28,C00778,Cần Thơ,Online,Điện tử,5.0,1199000.0,5095750.0,TIEN_MAT,7,-0.6301415482872692
T0043759,2025-08-17 00:14:27,C01485,Hải Phòng,Online,Điện tử,3.0,1202000.0,3606000.0,VI_DIEN_TU,0,-0.6301387002784814
T0006309,2025-02-02 23:01:58,C02905,TP HCM,Cửa hàng,Điện tử,4.0,1259000.0,5036000.0,TIEN_MAT,23,-0.6301178986747387
T0054736,2025-10-12 21:21:49,C03680,TP HCM,Cửa hàng,Thời trang,4.0,833000.0,3332000.0,VI_DIEN_TU,21,-0.6301173317973029
T0013271,2025-03-10 21:01:38,C00020,Hà Nội,Cửa hàng,Điện tử,5.0,1003000.0,4513500.0,THE,21,-0.630112376288333
T0019945,2025-04-14 10:11:59,C00160,TP HCM,Cửa hàng,Sách,5.0,154000.0,770000.0,VI_DIEN_TU,10,-0.630106725586737
T0017377,2025-04-01 07:45:29,C00677,Đà Nẵng,Online,Sách,5.0,148000.0,740000.0,VI_DIEN_TU,7,-0.6300938017076215
T0053099,2025-10-04 07:12:31,C05785,Hải Phòng,Cửa hàng,Gia dụng,5.0,806000.0,3828500.0,VI_DIEN_TU,7,-0.6300858709832561
T0053027,2025-10-03 21:51:16,C01295,Cần Thơ,Online,Điện tử,5.0,1114000.0,5291500.0,THE,21,-0.63002966771118
T0039502,2025-07-25 10:50:31,C00238,Hà Nội,Cửa hàng,Gia dụng,5.0,904000.0,4520000.0,VI_DIEN_TU,10,-0.6299940241801882
T0035966,2025-07-07 05:04:38,C05210,TP HCM,Online,Gia dụng,5.0,767000.0,3835000.0,THE,5,-0.6299810798781674
T0030365,2025-06-08 00:00:26,C00063,Hà Nội,Online,Điện tử,3.0,1190000.0,3570000.0,VI_DIEN_TU,0,-0.6299255647210615
T0052150,2025-09-29 06:53:20,C00121,Hà Nội,Cửa hàng,Điện tử,4.0,1098000.0,4392000.0,VI_DIEN_TU,6,-0.6298968069141596
T0006521,2025-02-03 23:58:59,C04232,TP HCM,Cửa hàng,Mỹ phẩm,5.0,506000.0,2530000.0,KHONG_RO,23,-0.6298960698494717
T0007657,2025-02-09 20:38:18,C02159,TP HCM,Online,Thực phẩm,4.0,158000.0,632000.0,VI_DIEN_TU,20,-0.6298578010933509
T0012498,2025-03-06 22:00:05,C03772,Hải Phòng,Cửa hàng,Điện tử,5.0,1222000.0,6110000.0,THE,22,-0.6298366751896188
T0008248,2025-02-12 20:47:43,C01154,Cần Thơ,Online,Sách,5.0,164000.0,820000.0,VI_DIEN_TU,20,-0.6298169198557588
T0046858,2025-09-01 23:40:39,C05990,Hà Nội,Cửa hàng,Thời trang,4.0,691000.0,2764000.0,VI_DIEN_TU,23,-0.6297798322055385
T0009068,2025-02-17 04:22:39,C00865,Hà Nội,Cửa hàng,Sách,5.0,168000.0,840000.0,VI_DIEN_TU,4,-0.6297190919717538
T0034542,2025-06-29 20:03:55,C02188,Hà Nội,Online,Thời trang,5.0,740000.0,3700000.0,TIEN_MAT,20,-0.629660774052603
T0031955,2025-06-16 05:18:05,C00234,Đà Nẵng,Cửa hàng,Điện tử,4.0,1173000.0,4692000.0,VI_DIEN_TU,5,-0.6296405428015053
TDUP0380,2025-08-31 04:11:21,C01717,Cần Thơ,Online,Sách,4.0,154000.0,616000.0,VI_DIEN_TU,4,-0.6296215296392371
T0011735,2025-03-03 02:13:46,C00002,TP HCM,Online,Điện tử,4.0,1220000.0,4636000.0,THE,2,-0.6295756367413968
T0001148,2025-01-07 07:35:54,C02955,Đà Nẵng,Online,Điện tử,5.0,1228000.0,6140000.0,TIEN_MAT,7,-0.6295042034757947
T0014471,2025-03-17 03:08:31,C00054,Hải Phòng,Cửa hàng,Điện tử,5.0,1013000.0,5065000.0,THE,3,-0.6294039909001067
T0011426,2025-03-01 08:54:11,C00201,TP HCM,Online,Mỹ phẩm,5.0,538000.0,2690000.0,VI_DIEN_TU,8,-0.6293076070116733
T0036865,2025-07-11 20:03:16,C06430,TP HCM,Online,Mỹ phẩm,5.0,449000.0,2245000.0,VI_DIEN_TU,20,-0.6292155406976121
T0016240,2025-03-26 04:56:48,C01872,TP HCM,Cửa hàng,Mỹ phẩm,1.0,6162271.96497519,6162271.96497519,VI_DIEN_TU,4,-0.629202710125579
T0010369,2025-02-23 22:03:11,C00316,TP HCM,Cửa hàng,Thực phẩm,5.0,186000.0,930000.0,THE,22,-0.6291931234871934
T0027005,2025-05-21 03:10:18,C03267,TP HCM,Cửa hàng,Gia dụng,5.0,959000.0,4795000.0,VI_DIEN_TU,3,-0.6291889208242721
T0008812,2025-02-15 19:43:26,C00196,Đà Nẵng,Cửa hàng,Thực phẩm,5.0,165000.0,825000.0,VI_DIEN_TU,19,-0.6291744099799359
T0021831,2025-04-24 05:55:26,C02384,TP HCM,Online,Sách,5.0,130000.0,650000.0,VI_DIEN_TU,5,-0.6291074931613371
T0010024,2025-02-22 02:55:03,C04069,Đà Nẵng,Cửa hàng,Điện tử,5.0,1164000.0,5820000.0,TIEN_MAT,2,-0.6290151530325911
T0018299,2025-04-06 00:35:53,C00683,Hà Nội,Online,Điện tử,3.0,1163000.0,3489000.0,VI_DIEN_TU,0,-0.6290107006009923
T0045869,2025-08-27 22:55:15,C00159,TP HCM,Online,Điện tử,5.0,1080000.0,5400000.0,TIEN_MAT,22,-0.6288802774115008
T0046034,2025-08-28 18:39:12,C05490,Đà Nẵng,Cửa hàng,Gia dụng,5.0,863000.0,4099250.0,VI_DIEN_TU,18,-0.6287854786924267
T0042083,2025-08-08 04:27:14,C00458,TP HCM,Online,Mỹ phẩm,1.0,5785441.21559585,5785441.0,VI_DIEN_TU,4,-0.6287642319366116
T0026775,2025-05-20 00:12:00,C03563,Đà Nẵng,Online,Gia dụng,5.0,808000.0,4040000.0,TIEN_MAT,0,-0.6287380016409204
T0020261,2025-04-16 00:51:00,C06734,TP HCM,Online,Gia dụng,5.0,757000.0,3785000.0,THE,0,-0.628629315628285
T0031891,2025-06-15 22:14:48,C01203,Cần Thơ,Cửa hàng,Gia dụng,5.0,853000.0,4265000.0,TIEN_MAT,22,-0.6286167578340183
T0057348,2025-10-26 13:11:32,C06993,TP HCM,Cửa hàng,Điện tử,5.0,1195000.0,5676250.0,THE,13,-0.6286121138608964
T0011708,2025-03-02 03:18:53,C00503,Hà Nội,Cửa hàng,Mỹ phẩm,1.0,4639442.489098849,4639442.0,VI_DIEN_TU,3,-0.6286041736203031
T0000602,2025-01-04 01:53:25,C00416,Hà Nội,Cửa hàng,Thời trang,1.0,11506920.619038384,11506921.0,KHONG_RO,1,-0.6285858357948763
T0053392,2025-10-05 21:01:26,C04109,Hà Nội,Cửa hàng,Thực phẩm,5.0,197000.0,985000.0,KHONG_RO,21,-0.6285608665787408
T0051744,2025-09-27 04:41:46,C00358,Cần Thơ,Cửa hàng,Thực phẩm,5.0,189000.0,945000.0,VI_DIEN_TU,4,-0.628525280788668
T0046385,2025-08-30 13:49:49,C05276,TP HCM,Cửa hàng,Gia dụng,5.0,769000.0,3845000.0,VI_DIEN_TU,13,-0.6284704734750014
T0002256,2025-01-13 01:50:11,C00816,Cần Thơ,Cửa hàng,Gia dụng,4.0,902000.0,3608000.0,VI_DIEN_TU,1,-0.6284597845401707
T0056079,2025-10-19 22:42:14,C00304,Đà Nẵng,Cửa hàng,Thực phẩm,4.0,202000.0,727200.0,VI_DIEN_TU,22,-0.6284464865474088
T0049355,2025-09-14 20:23:16,C00212,Hà Nội,Online,Thời trang,5.0,715000.0,3575000.0,THE,20,-0.6283840106633206
T0007524,2025-02-09 04:51:56,C01361,Đà Nẵng,Online,Sách,4.0,157000.0,628000.0,VI_DIEN_TU,4,-0.6283322943708948
T0006921,2025-02-05 23:39:23,C02923,Hà Nội,Online,Điện tử,5.0,972000.0,4131000.0,THE,23,-0.6283281161573251
T0036938,2025-07-12 05:17:55,C02400,Hà Nội,Online,Điện tử,4.0,1242000.0,4471200.0,VI_DIEN_TU,5,-0.6282760191836729
T0025039,2025-05-11 01:43:19,C02098,TP HCM,Online,Điện tử,4.0,1199000.0,4316400.0,TIEN_MAT,1,-0.6281694380881216
T0004770,2025-01-25 23:53:46,C02355,Hà Nội,Online,Thời trang,4.0,851000.0,3404000.0,VI_DIEN_TU,23,-0.6281337295775545
T0035784,2025-07-06 05:35:07,C07110,TP HCM,Cửa hàng,Điện tử,4.0,1137000.0,4548000.0,VI_DIEN_TU,5,-0.6280339280908426
T0040080,2025-07-28 11:18:42,C05642,TP HCM,Online,Gia dụng,4.0,905000.0,3620000.0,VI_DIEN_TU,11,-0.6280247819515655
T0007713,2025-02-10 03:49:27,C02256,Hà Nội,Cửa hàng,Điện tử,4.0,1097000.0,4388000.0,VI_DIEN_TU,3,-0.6280185833882836
T0027607,2025-05-24 05:21:32,C00199,Đà Nẵng,Online,Điện tử,4.0,1171000.0,4684000.0,VI_DIEN_TU,5,-0.6280044305966851
T0030393,2025-06-08 03:53:50,C00121,TP HCM,Cửa hàng,Điện tử,5.0,1058000.0,4761000.0,THE,3,-0.6279992282228413
T0051762,2025-09-27 06:55:48,C04741,TP HCM,Online,Thực phẩm,5.0,201000.0,1005000.0,VI_DIEN_TU,6,-0.6279825853872766
T0055780,2025-10-18 09:04:44,C03401,Hà Nội,Online,Điện tử,5.0,1126000.0,5348500.0,THE,9,-0.6279474587661115
T0055717,2025-10-18 01:43:28,C06534,TP HCM,Online,Thời trang,5.0,726000.0,3448500.0,THE,1,-0.627912887690977
T0054755,2025-10-12 23:51:00,C04495,Hà Nội,Cửa hàng,Thời trang,5.0,743000.0,3529250.0,THE,23,-0.6279020508312407
T0042362,2025-08-09 16:42:22,C00064,Hà Nội,Online,Thực phẩm,5.0,171000.0,726750.0,VI_DIEN_TU,16,-0.6278036053648508
T0003742,2025-01-20 19:17:29,C03193,Hà Nội,Online,Điện tử,3.0,1181000.0,3543000.0,VI_DIEN_TU,19,-0.6277706902073421
T0059026,2025-11-04 04:16:45,C00406,TP HCM,Online,Điện tử,5.0,1112000.0,5282000.0,CHUYEN_KHOAN,4,-0.6277658565485816
T0046264,2025-08-29 23:25:27,C01596,Hải Phòng,Cửa hàng,Sách,4.0,143000.0,572000.0,VI_DIEN_TU,23,-0.6277147150486362
T0025421,2025-05-13 00:46:33,C02947,Cần Thơ,Online,Sách,4.0,151000.0,604000.0,VI_DIEN_TU,0,-0.6276879813112844
T0014323,2025-03-16 08:53:02,C03669,Đà Nẵng,Online,Điện tử,5.0,1043000.0,4954250.0,TIEN_MAT,8,-0.6276653877679638
T0025414,2025-05-13 00:06:41,C04637,Cần Thơ,Cửa hàng,Điện tử,5.0,1000000.0,4750000.0,THE,0,-0.6276631687315825
T0008054,2025-02-11 20:12:22,C03023,Cần Thơ,Cửa hàng,Mỹ phẩm,5.0,434000.0,2061500.0,VI_DIEN_TU,20,-0.627611954224127
T0042204,2025-08-08 21:17:13,C00769,Hà Nội,Cửa hàng,Mỹ phẩm,5.0,503000.0,2515000.0,VI_DIEN_TU,21,-0.6275756563753767
T0041148,2025-08-03 03:18:54,C02222,Hải Phòng,Online,Thời trang,5.0,860000.0,4300000.0,CHUYEN_KHOAN,3,-0.6275202472999462
T0030234,2025-06-07 08:32:26,C06871,TP HCM,Online,Thực phẩm,5.0,171000.0,812250.0,VI_DIEN_TU,8,-0.6274722721089955
T0007802,2025-02-10 14:33:24,C02324,TP HCM,Cửa hàng,Điện tử,4.0,1052000.0,4208000.0,VI_DIEN_TU,14,-0.6274490197475832
T0034394,2025-06-29 02:52:11,C00432,TP HCM,Cửa hàng,Gia dụng,5.0,948000.0,4266000.0,TIEN_MAT,2,-0.6274339800726725
T0030589,2025-06-09 04:18:10,C04690,TP HCM,Online,Thời trang,5.0,658000.0,3290000.0,TIEN_MAT,4,-0.6274152603255523
T0007334,2025-02-08 04:14:58,C01728,Cần Thơ,Cửa hàng,Điện tử,5.0,1231000.0,6155000.0,CHUYEN_KHOAN,4,-0.6274028176870348
T0042602,2025-08-10 21:51:14,C06571,TP HCM,Cửa hàng,Thực phẩm,5.0,188000.0,940000.0,THE,21,-0.6273741097937147
T0050483,2025-09-20 16:12:50,C01145,Hà Nội,Online,Thực phẩm,5.0,181000.0,859750.0,VI_DIEN_TU,16,-0.6273349707001529
T0056307,2025-10-21 02:00:19,C00851,TP HCM,Cửa hàng,Thực phẩm,5.0,176000.0,880000.0,VI_DIEN_TU,2,-0.6272657085106582
T0003415,2025-01-19 02:01:51,C00299,Hà Nội,Online,Mỹ phẩm,4.0,502000.0,2008000.0,VI_DIEN_TU,2,-0.6272533987164184
T0033406,2025-06-23 20:13:09,C01145,Hà Nội,Online,Gia dụng,5.0,822000.0,4110000.0,CHUYEN_KHOAN,20,-0.6272509102166626
T0044867,2025-08-22 03:53:07,C02942,Đà Nẵng,Cửa hàng,Mỹ phẩm,1.0,5523473.42901108,5523473.0,VI_DIEN_TU,3,-0.627240860246457
T0001842,2025-01-10 21:35:55,C00218,TP HCM,Online,Điện tử,4.0,1097000.0,4388000.0,VI_DIEN_TU,21,-0.627225409960651
T0033598,2025-06-24 21:52:07,C03997,TP HCM,Cửa hàng,Điện tử,4.0,1086000.0,4344000.0,VI_DIEN_TU,21,-0.6271943662448701
T0037456,2025-07-14 20:34:32,C00035,Cần Thơ,Cửa hàng,Gia dụng,4.0,902000.0,3608000.0,VI_DIEN_TU,20,-0.6271883874433334
T0039972,2025-07-27 22:12:52,C01971,TP HCM,Cửa hàng,Mỹ phẩm,4.0,429000.0,1544400.0,VI_DIEN_TU,22,-0.6271525189633781
T0007416,2025-02-08 13:53:06,C00240,Hà Nội,Cửa hàng,Thời trang,5.0,819000.0,3890250.0,VI_DIEN_TU,13,-0.6271523600060228
T0004680,2025-01-25 13:15:47,C05917,Hà Nội,Online,Thực phẩm,5.0,183000.0,915000.0,VI_DIEN_TU,13,-0.6271376396151601
T0041272,2025-08-03 19:21:46,C00012,Đà Nẵng,Online,Thời trang,4.0,733000.0,2932000.0,VI_DIEN_TU,19,-0.6271058043356009
T0016116,2025-03-25 17:24:13,C01511,Hải Phòng,Online,Sách,5.0,154000.0,693000.0,VI_DIEN_TU,17,-0.6270051302457976
T0029065,2025-06-01 02:49:19,C06592,Hải Phòng,Online,Thực phẩm,1.0,3482762.683035226,3482763.0,VI_DIEN_TU,2,-0.6269884870503776
T0009197,2025-02-17 20:31:22,C01691,Cần Thơ,Online,Thời trang,5.0,799000.0,3995000.0,CHUYEN_KHOAN,20,-0.6269744060615735
T0019833,2025-04-13 21:12:10,C05076,Hà Nội,Cửa hàng,Thực phẩm,5.0,183000.0,915000.0,THE,21,-0.6269686273170161
T0019788,2025-04-13 15:04:56,C07368,Hà Nội,Online,Gia dụng,4.0,938000.0,3752000.0,VI_DIEN_TU,15,-0.6269567906206339
T0041429,2025-08-04 01:44:43,C00703,Hà Nội,Online,Thực phẩm,1.0,2909762.469949659,2909762.0,VI_DIEN_TU,1,-0.6269351810685163
T0004776,2025-01-26 00:32:43,C00001,Hà Nội,Cửa hàng,Mỹ phẩm,5.0,508000.0,2540000.0,TIEN_MAT,0,-0.6269259572290473
T0058635,2025-11-02 02:36:23,C01271,Hà Nội,Cửa hàng,Sách,5.0,135000.0,675000.0,TIEN_MAT,2,-0.6268916469785598
T0046692,2025-09-01 03:16:00,C00027,Cần Thơ,Online,Sách,5.0,167000.0,793250.0,TIEN_MAT,3,-0.6268655042351721
T0058800,2025-11-02 23:58:24,C07468,TP HCM,Online,Điện tử,3.0,1002000.0,3006000.0,VI_DIEN_TU,23,-0.626844817053564
T0000160,2025-01-02 03:33:38,C00022,TP HCM,Cửa hàng,Sách,5.0,131000.0,655000.0,VI_DIEN_TU,3,-0.6267940826105517
T0059611,2025-11-07 07:26:33,C00010,Hà Nội,Online,Điện tử,4.0,1205000.0,4820000.0,VI_DIEN_TU,7,-0.6267735847073582
T0011939,2025-03-04 04:09:30,C04540,TP HCM,Cửa hàng,Mỹ phẩm,1.0,5896812.066498362,5896812.066498362,VI_DIEN_TU,4,-0.6267596726338496
T0042051,2025-08-08 01:02:36,C05348,Hà Nội,Cửa hàng,Điện tử,5.0,1197000.0,5985000.0,THE,1,-0.6267291899086985
T0045450,2025-08-25 18:53:28,C00696,Cần Thơ,Online,Điện tử,3.0,1238000.0,3714000.0,VI_DIEN_TU,18,-0.6267097350999359
T0001079,2025-01-06 22:16:02,C06337,Hải Phòng,Cửa hàng,Thời trang,4.0,743000.0,2972000.0,VI_DIEN_TU,22,-0.6266418430047205
T0030598,2025-06-09 05:20:14,C03399,Hà Nội,Cửa hàng,Điện tử,5.0,1031000.0,4897250.0,TIEN_MAT,5,-0.626627240499309
T0043590,2025-08-16 01:20:08,C00730,Hải Phòng,Online,Thực phẩm,1.0,3452508.530782356,3452509.0,VI_DIEN_TU,1,-0.6266220574445038
T0050742,2025-09-22 01:29:36,C01781,Hà Nội,Online,Thực phẩm,4.0,206000.0,741600.0,VI_DIEN_TU,1,-0.6266073301854067
T0020846,2025-04-19 01:13:21,C00388,Hà Nội,Online,Thực phẩm,5.0,194000.0,970000.0,CHUYEN_KHOAN,1,-0.626579111576302
T0001575,2025-01-09 12:52:28,C03383,Hà Nội,Cửa hàng,Điện tử,5.0,977000.0,4885000.0,VI_DIEN_TU,12,-0.626577306262009
T0025475,2025-05-13 07:30:59,C04776,TP HCM,Online,Sách,5.0,161000.0,684250.0,VI_DIEN_TU,7,-0.6265708943902691
T0045367,2025-08-25 02:41:59,C02154,Hà Nội,Online,Thực phẩm,1.0,3399296.910613853,3399297.0,VI_DIEN_TU,2,-0.626552527122459
T0032994,2025-06-21 17:28:41,C01236,TP HCM,Online,Điện tử,4.0,1106000.0,4424000.0,VI_DIEN_TU,17,-0.6265339069525645
T0029420,2025-06-03 00:19:42,C00070,Hà Nội,Cửa hàng,Điện tử,4.0,1004000.0,4016000.0,VI_DIEN_TU,0,-0.6264864197941717
T0049507,2025-09-15 15:52:17,C00467,Đà Nẵng,Online,Gia dụng,4.0,851000.0,3233800.0,VI_DIEN_TU,15,-0.6264768819757621
T0017367,2025-04-01 06:33:05,C01459,Hải Phòng,Online,Điện tử,5.0,1136000.0,5680000.0,TIEN_MAT,6,-0.6264414598257404
T0021417,2025-04-22 02:41:42,C02309,Hà Nội,Cửa hàng,Điện tử,5.0,1239000.0,5885250.0,TIEN_MAT,2,-0.6264299150161801
T0031527,2025-06-14 00:08:04,C00012,TP HCM,Online,Thực phẩm,4.0,183000.0,732000.0,VI_DIEN_TU,0,-0.626425863386542
T0025893,2025-05-15 11:11:13,C00137,Cần Thơ,Cửa hàng,Gia dụng,5.0,958000.0,4790000.0,VI_DIEN_TU,11,-0.6263943407429602
T0047744,2025-09-06 12:07:02,C00485,Đà Nẵng,Cửa hàng,Thời trang,5.0,761000.0,3805000.0,VI_DIEN_TU,12,-0.6263729065079859
T0000989,2025-01-06 11:04:06,C00554,Đà Nẵng,Cửa hàng,Thực phẩm,5.0,175000.0,743750.0,VI_DIEN_TU,11,-0.6263677268239852
T0027959,2025-05-26 03:00:25,C01977,TP HCM,Cửa hàng,Gia dụng,5.0,964000.0,4820000.0,TIEN_MAT,3,-0.6263673382448415
T0054731,2025-10-12 20:40:34,C00015,TP HCM,Online,Thời trang,5.0,732000.0,3294000.0,CHUYEN_KHOAN,20,-0.6263669890440824
T0020044,2025-04-14 21:55:15,C03809,Hà Nội,Cửa hàng,Gia dụng,5.0,891000.0,4232250.0,THE,21,-0.6262949476563443
T0002121,2025-01-12 08:31:29,C04216,Đà Nẵng,Cửa hàng,Điện tử,5.0,1115000.0,5575000.0,THE,8,-0.6262400919560185
T0022160,2025-04-26 01:04:17,C04141,Cần Thơ,Online,Thực phẩm,5.0,200000.0,1000000.0,THE,1,-0.6262222853543185
T0031940,2025-06-16 03:39:12,C03295,Hải Phòng,Cửa hàng,Điện tử,4.0,1187000.0,4035800.0,VI_DIEN_TU,3,-0.6262154742406665
T0005205,2025-01-28 07:43:42,C07043,Hà Nội,Online,Điện tử,4.0,1223000.0,4892000.0,VI_DIEN_TU,7,-0.6262109924372767
T0059067,2025-11-04 10:00:54,C04533,Hà Nội,Online,Điện tử,5.0,1204000.0,6020000.0,KHONG_RO,10,-0.6262044747597615
T0019843,2025-04-13 22:23:50,C00365,Hà Nội,Cửa hàng,Thực phẩm,5.0,172000.0,774000.0,TIEN_MAT,22,-0.6261886280721166
T0050909,2025-09-22 21:17:15,C01980,Cần Thơ,Online,Điện tử,3.0,1106000.0,3318000.0,VI_DIEN_TU,21,-0.6261856158016426
T0019823,2025-04-13 19:51:47,C02282,Hải Phòng,Online,Thực phẩm,4.0,162000.0,648000.0,VI_DIEN_TU,19,-0.6261494097231383
T0021383,2025-04-21 22:49:13,C00002,Hải Phòng,Cửa hàng,Gia dụng,5.0,787000.0,3935000.0,TIEN_MAT,22,-0.6261120964519294
T0008250,2025-02-12 21:08:09,C02464,Hà Nội,Online,Điện tử,4.0,1161000.0,4644000.0,VI_DIEN_TU,21,-0.6260916046061245
T0032889,2025-06-21 03:44:35,C00036,Hà Nội,Cửa hàng,Điện tử,4.0,1249000.0,4996000.0,VI_DIEN_TU,3,-0.6260840969588138
T0040340,2025-07-29 19:47:30,C06206,TP HCM,Cửa hàng,Gia dụng,5.0,806000.0,4030000.0,VI_DIEN_TU,19,-0.6260341404047419
T0052298,2025-09-30 00:06:42,C00044,Cần Thơ,Online,Thực phẩm,5.0,182000.0,910000.0,THE,0,-0.6260307081582718
T0017681,2025-04-02 20:37:33,C02063,TP HCM,Cửa hàng,Gia dụng,5.0,775000.0,3681250.0,VI_DIEN_TU,20,-0.6260235042957987
T0032227,2025-06-17 16:19:46,C00170,Hà Nội,Online,Sách,5.0,148000.0,703000.0,VI_DIEN_TU,16,-0.6260001449831374
T0053573,2025-10-06 19:34:27,C04479,Hà Nội,Online,Sách,5.0,148000.0,703000.0,THE,19,-0.625986175617238
T0009239,2025-02-18 01:55:25,C05084,Đà Nẵng,Online,Điện tử,4.0,939000.0,3756000.0,VI_DIEN_TU,1,-0.6259805754947623
T0027564,2025-05-24 00:23:55,C04872,Hải Phòng,Cửa hàng,Sách,4.0,140000.0,560000.0,VI_DIEN_TU,0,-0.6259244173953242
T0057844,2025-10-29 00:53:38,C07771,Cần Thơ,Online,Điện tử,4.0,977000.0,3517200.0,VI_DIEN_TU,0,-0.6258823123243897
T0025565,2025-05-13 18:31:16,C00176,Hà Nội,Online,Thực phẩm,5.0,165000.0,783750.0,VI_DIEN_TU,18,-0.6258804070969693
T0039089,2025-07-23 03:34:29,C06857,Hà Nội,Cửa hàng,Thời trang,1.0,5731332.635710168,5731333.0,VI_DIEN_TU,3,-0.6258459263702025
T0043838,2025-08-17 10:14:18,C01586,TP HCM,Online,Gia dụng,5.0,940000.0,4700000.0,TIEN_MAT,10,-0.6257775049886369
T0015760,2025-03-23 20:23:47,C02852,Hà Nội,Cửa hàng,Thực phẩm,5.0,155000.0,736250.0,TIEN_MAT,20,-0.6257759105814585
T0021769,2025-04-23 21:53:57,C00075,Cần Thơ,Cửa hàng,Điện tử,5.0,1174000.0,5870000.0,THE,21,-0.6257319152623333
T0056293,2025-10-21 00:11:21,C00033,TP HCM,Online,Thực phẩm,5.0,192000.0,912000.0,TIEN_MAT,0,-0.6257256751189326
T0008714,2025-02-15 07:19:48,C02070,Cần Thơ,Cửa hàng,Mỹ phẩm,5.0,464000.0,2320000.0,VI_DIEN_TU,7,-0.6257005687013016
T0014256,2025-03-16 00:12:35,C00308,TP HCM,Cửa hàng,Thực phẩm,5.0,172000.0,817000.0,THE,0,-0.6256872719049817
T0045299,2025-08-24 23:37:56,C00366,Đà Nẵng,Online,Điện tử,4.0,960000.0,3840000.0,THE,23,-0.6256656177620539
T0045055,2025-08-23 17:53:38,C00322,Hà Nội,Cửa hàng,Thực phẩm,5.0,164000.0,820000.0,VI_DIEN_TU,17,-0.6256631199113104
T0025265,2025-05-12 02:08:51,C00547,Hà Nội,Online,Thực phẩm,1.0,3353155.2285962235,3353155.0,VI_DIEN_TU,2,-0.6256613691895976
T0056187,2025-10-20 11:58:23,C00912,Hà Nội,Cửa hàng,Thực phẩm,5.0,192000.0,816000.0,VI_DIEN_TU,11,-0.6256338132652767
T0008427,2025-02-13 18:32:54,C02464,TP HCM,Cửa hàng,Sách,5.0,131000.0,655000.0,VI_DIEN_TU,18,-0.6256219858537622
T0030529,2025-06-08 20:46:01,C00881,Đà Nẵng,Online,Sách,4.0,167000.0,634600.0,VI_DIEN_TU,20,-0.6256123023056833
T0032225,2025-06-17 16:02:17,C05439,TP HCM,Cửa hàng,Sách,5.0,139000.0,660250.0,VI_DIEN_TU,16,-0.6255944412586201
T0013016,2025-03-09 14:39:03,C01607,Hải Phòng,Online,Gia dụng,5.0,958000.0,4790000.0,TIEN_MAT,14,-0.6255902485365609
T0006268,2025-02-02 18:46:49,C02790,Hà Nội,Online,Thực phẩm,5.0,189000.0,945000.0,THE,18,-0.6255880122335297
T0013116,2025-03-10 01:58:18,C05708,Hà Nội,Cửa hàng,Thời trang,5.0,860000.0,3870000.0,THE,1,-0.6255595726829339
T0031483,2025-06-13 19:07:58,C01759,TP HCM,Cửa hàng,Thực phẩm,5.0,192000.0,912000.0,VI_DIEN_TU,19,-0.625536762281046
T0018474,2025-04-06 22:07:25,C00456,Hà Nội,Cửa hàng,Thời trang,5.0,831000.0,3947250.0,THE,22,-0.6255335031856805
T0001861,2025-01-10 23:58:31,C06269,Hải Phòng,Cửa hàng,Điện tử,5.0,1016000.0,5080000.0,THE,23,-0.6254023415491942
T0003973,2025-01-22 00:13:57,C04440,Hải Phòng,Cửa hàng,Điện tử,5.0,1044000.0,5220000.0,TIEN_MAT,0,-0.6253946573438358
TDUP0258,2025-06-07 10:59:43,C02242,Hà Nội,Cửa hàng,Mỹ phẩm,5.0,408000.0,2040000.0,VI_DIEN_TU,10,-0.6253595558485314
T0013914,2025-03-14 04:48:34,C00652,TP HCM,Online,Điện tử,4.0,1213000.0,4366800.0,VI_DIEN_TU,4,-0.6253419955511046
T0038480,2025-07-20 03:44:08,C00636,TP HCM,Online,Thực phẩm,5.0,160000.0,720000.0,CHUYEN_KHOAN,3,-0.6252563486001264
T0021441,2025-04-22 05:28:26,C00365,TP HCM,Online,Thực phẩm,5.0,166000.0,830000.0,VI_DIEN_TU,5,-0.6252458413697578
T0056887,2025-10-24 04:07:32,C07739,Hà Nội,Online,Mỹ phẩm,5.0,499000.0,2370250.0,VI_DIEN_TU,4,-0.6252362941832567
T0037442,2025-07-14 18:37:29,C04631,Hà Nội,Online,Gia dụng,4.0,736000.0,2944000.0,VI_DIEN_TU,18,-0.625228312264671
T0042201,2025-08-08 20:54:27,C03505,Đà Nẵng,Cửa hàng,Mỹ phẩm,5.0,408000.0,1938000.0,VI_DIEN_TU,20,-0.6252107089510329
T0003624,2025-01-20 03:50:35,C01006,Cần Thơ,Cửa hàng,Điện tử,5.0,950000.0,4750000.0,THE,3,-0.6251286234939865
T0044643,2025-08-21 12:42:52,C02307,Hà Nội,Online,Gia dụng,5.0,812000.0,4060000.0,VI_DIEN_TU,12,-0.6251127403223422
T0037257,2025-07-13 19:31:06,C03569,Hải Phòng,Online,Mỹ phẩm,4.0,494000.0,1877200.0,VI_DIEN_TU,19,-0.6251056324516113
T0039749,2025-07-26 17:46:14,C00007,Đà Nẵng,Cửa hàng,Thực phẩm,5.0,166000.0,830000.0,VI_DIEN_TU,17,-0.6250284693555284
T0021376,2025-04-21 21:41:44,C00104,TP HCM,Cửa hàng,Gia dụng,4.0,740000.0,2960000.0,VI_DIEN_TU,21,-0.6250225099475216
T0008986,2025-02-16 17:40:52,C00052,Đà Nẵng,Online,Thực phẩm,5.0,197000.0,935750.0,TIEN_MAT,17,-0.6249841599398097
T0050738,2025-09-22 00:49:29,C05020,Hà Nội,Online,Điện tử,3.0,1047000.0,3141000.0,VI_DIEN_TU,0,-0.6249669862985604
T0007976,2025-02-11 10:42:50,C01752,Hà Nội,Online,Mỹ phẩm,5.0,528000.0,2640000.0,VI_DIEN_TU,10,-0.6249608331611958
T0013408,2025-03-11 14:09:18,C00228,Hà Nội,Cửa hàng,Gia dụng,5.0,868000.0,4123000.0,VI_DIEN_TU,14,-0.6248900858725269
T0054883,2025-10-13 15:27:56,C03584,Hà Nội,Cửa hàng,Điện tử,4.0,1011000.0,4044000.0,VI_DIEN_TU,15,-0.6248824270493211
T0010343,2025-02-23 19:01:39,C00218,Hải Phòng,Online,Điện tử,3.0,1259000.0,3777000.0,VI_DIEN_TU,19,-0.624881894919235
T0015225,2025-03-21 00:36:13,C05169,TP HCM,Online,Thực phẩm,4.0,161000.0,547400.0,VI_DIEN_TU,0,-0.6248419408351042
T0045697,2025-08-27 01:54:47,C05098,TP HCM,Online,Điện tử,4.0,984000.0,3936000.0,VI_DIEN_TU,1,-0.6248245486437113
T0042430,2025-08-10 01:33:01,C00761,Hải Phòng,Cửa hàng,Thực phẩm,1.0,3479257.9149565315,3479258.0,VI_DIEN_TU,1,-0.6248211559163037
T0033472,2025-06-24 05:04:34,C03557,Cần Thơ,Online,Thực phẩm,5.0,191000.0,859500.0,VI_DIEN_TU,5,-0.6248144185716252
T0045346,2025-08-25 06:01:16,C00753,Hà Nội,Cửa hàng,Điện tử,5.0,961000.0,4805000.0,THE,6,-0.6247877926293064
T0000092,2025-01-01 19:02:27,C02033,Cần Thơ,Online,Thời trang,5.0,770000.0,3657500.0,VI_DIEN_TU,19,-0.6247829000275937
T0059596,2025-11-07 05:32:45,C00861,Đà Nẵng,Online,Điện tử,5.0,1097000.0,5485000.0,THE,5,-0.6247735595019698
T0045984,2025-08-28 12:33:47,C00940,Hà Nội,Cửa hàng,Gia dụng,5.0,870000.0,4350000.0,VI_DIEN_TU,12,-0.624735586017254
T0044589,2025-08-21 05:25:11,C01575,TP HCM,Online,Thời trang,5.0,785000.0,3925000.0,VI_DIEN_TU,5,-0.6247352058777056
T0022311,2025-04-26 19:31:13,C02207,Đà Nẵng,Cửa hàng,Điện tử,5.0,1213000.0,6065000.0,CHUYEN_KHOAN,19,-0.6247289849108332
T0007717,2025-02-10 04:20:11,C03533,TP HCM,Cửa hàng,Gia dụng,5.0,927000.0,4635000.0,TIEN_MAT,4,-0.6247008119743926
T0059716,2025-11-07 20:50:14,C02869,TP HCM,Cửa hàng,Điện tử,4.0,1201000.0,4804000.0,VI_DIEN_TU,20,-0.6245774389376433
T0002434,2025-01-13 22:42:20,C02311,TP HCM,Cửa hàng,Thực phẩm,4.0,164000.0,656000.0,VI_DIEN_TU,22,-0.6245659669596006
T0027398,2025-05-23 03:10:35,C01381,Hà Nội,Online,Điện tử,4.0,1124000.0,4271200.0,VI_DIEN_TU,3,-0.6245583511863616
T0009952,2025-02-21 18:00:55,C00663,Hà Nội,Online,Mỹ phẩm,5.0,431000.0,2155000.0,VI_DIEN_TU,18,-0.6245122691294831
T0055125,2025-10-14 20:10:06,C03112,TP HCM,Cửa hàng,Điện tử,5.0,1189000.0,5945000.0,TIEN_MAT,20,-0.6245014962479393
T0022583,2025-04-28 04:43:51,C07986,Hải Phòng,Cửa hàng,Gia dụng,5.0,942000.0,4710000.0,THE,4,-0.6244895157062504
T0040579,2025-07-31 02:12:28,C04419,TP HCM,Cửa hàng,Thời trang,5.0,816000.0,3672000.0,VI_DIEN_TU,2,-0.6244511739182005
T0016040,2025-03-25 07:22:18,C06687,Hải Phòng,Online,Mỹ phẩm,5.0,545000.0,2588750.0,VI_DIEN_TU,7,-0.6244280057309822
T0053227,2025-10-04 23:39:23,C00004,Hải Phòng,Online,Mỹ phẩm,4.0,431000.0,1637800.0,VI_DIEN_TU,23,-0.6244121535040316
T0027368,2025-05-22 23:59:23,C00957,TP HCM,Online,Sách,5.0,127000.0,571500.0,THE,23,-0.6243773244644042
T0027885,2025-05-25 16:55:08,C06575,Đà Nẵng,Online,Sách,5.0,141000.0,599250.0,TIEN_MAT,16,-0.6243683504759292
T0032919,2025-06-21 07:30:59,C00216,Hà Nội,Cửa hàng,Thực phẩm,5.0,198000.0,940500.0,VI_DIEN_TU,7,-0.624329150870103
T0021755,2025-04-23 20:00:22,C03257,TP HCM,Online,Điện tử,4.0,1244000.0,4976000.0,VI_DIEN_TU,20,-0.6243243376212052
T0034748,2025-06-30 21:41:42,C00256,Hải Phòng,Online,Thực phẩm,5.0,178000.0,845500.0,THE,21,-0.6243193199898797
T0019019,2025-04-09 18:08:26,C03657,Hà Nội,Online,Thời trang,5.0,688000.0,3440000.0,VI_DIEN_TU,18,-0.6243144749418934
T0026240,2025-05-17 06:29:24,C00142,TP HCM,Cửa hàng,Điện tử,5.0,1204000.0,6020000.0,THE,6,-0.624289544915963
T0002206,2025-01-12 19:51:32,C07441,Đà Nẵng,Online,Gia dụng,5.0,827000.0,3928250.0,THE,19,-0.62428713198537
T0036339,2025-07-09 05:10:39,C04990,Hà Nội,Online,Điện tử,5.0,1246000.0,5607000.0,TIEN_MAT,5,-0.6242534267081223
T0054522,2025-10-11 17:04:54,C00352,Hà Nội,Cửa hàng,Điện tử,4.0,1198000.0,4792000.0,VI_DIEN_TU,17,-0.624248785868359
T0007551,2025-02-09 08:20:02,C00739,Hà Nội,Online,Gia dụng,5.0,973000.0,4865000.0,TIEN_MAT,8,-0.6242381901506799
T0038613,2025-07-20 19:38:48,C00384,Hà Nội,Online,Thời trang,4.0,683000.0,2458800.0,VI_DIEN_TU,19,-0.6242264904599754
T0024657,2025-05-09 00:58:04,C00321,Hà Nội,Cửa hàng,Sách,4.0,132000.0,475200.0,VI_DIEN_TU,0,-0.6242254470459501
T0037307,2025-07-14 01:33:46,C02638,TP HCM,Cửa hàng,Mỹ phẩm,5.0,550000.0,2750000.0,THE,1,-0.6242092365799973
T0038322,2025-07-19 06:45:08,C03525,Hà Nội,Online,Điện tử,4.0,1094000.0,4376000.0,VI_DIEN_TU,6,-0.6242035601025663
T0051581,2025-09-26 07:52:12,C01379,TP HCM,Cửa hàng,Sách,5.0,132000.0,561000.0,VI_DIEN_TU,7,-0.6241918194389088
T0058025,2025-10-29 22:22:21,C01500,TP HCM,Online,Sách,4.0,132000.0,475200.0,VI_DIEN_TU,22,-0.6241895778539239
T0011919,2025-03-04 00:21:02,C00070,TP HCM,Online,Mỹ phẩm,5.0,415000.0,2075000.0,CHUYEN_KHOAN,0,-0.6241671977900051
T0045916,2025-08-28 04:46:36,C04899,Đà Nẵng,Online,Thời trang,5.0,733000.0,3665000.0,VI_DIEN_TU,4,-0.6241511106484674
T0036460,2025-07-09 19:44:03,C00016,TP HCM,Online,Thực phẩm,5.0,186000.0,930000.0,VI_DIEN_TU,19,-0.6241468917620395
T0059578,2025-11-07 03:10:57,C02532,Đà Nẵng,Cửa hàng,Thực phẩm,5.0,186000.0,883500.0,VI_DIEN_TU,3,-0.6241402332467043
T0046469,2025-08-31 00:17:13,C05140,TP HCM,Online,Sách,3.0,140000.0,378000.0,VI_DIEN_TU,0,-0.6240817550753495
T0011748,2025-03-03 03:28:59,C02636,Đà Nẵng,Cửa hàng,Gia dụng,5.0,918000.0,4590000.0,THE,3,-0.6240671375497706
T0023016,2025-04-30 10:54:45,C00184,Cần Thơ,Online,Gia dụng,5.0,765000.0,3825000.0,VI_DIEN_TU,10,-0.6240649265357745
T0046277,2025-08-30 00:49:43,C05244,Hà Nội,Cửa hàng,Mỹ phẩm,4.0,523000.0,2092000.0,VI_DIEN_TU,0,-0.6240025981087067
T0054189,2025-10-10 00:41:55,C01371,Đà Nẵng,Online,Thực phẩm,5.0,181000.0,905000.0,THE,0,-0.623975376693177
T0034131,2025-06-27 17:31:14,C03473,Cần Thơ,Online,Điện tử,4.0,1208000.0,4832000.0,VI_DIEN_TU,17,-0.6239719494770091
T0001149,2025-01-07 07:45:51,C01165,Hà Nội,Online,Thực phẩm,5.0,195000.0,975000.0,VI_DIEN_TU,7,-0.623961617635003
T0019996,2025-04-14 16:39:48,C00076,Đà Nẵng,Online,Sách,5.0,135000.0,675000.0,TIEN_MAT,16,-0.6239538371227882
T0046609,2025-08-31 17:24:53,C00001,Hải Phòng,Online,Điện tử,5.0,969000.0,4118250.0,THE,17,-0.6239527297960553
T0055715,2025-10-18 01:33:14,C00358,Hà Nội,Online,Sách,5.0,164000.0,820000.0,THE,1,-0.6239523917974807
T0037577,2025-07-15 10:20:43,C06295,Đà Nẵng,Cửa hàng,Thời trang,5.0,759000.0,3795000.0,VI_DIEN_TU,10,-0.6239249674155534
T0048029,2025-09-08 00:28:38,C04883,Đà Nẵng,Online,Điện tử,3.0,1035000.0,2949750.0,VI_DIEN_TU,0,-0.6239107695518775
T0010413,2025-02-24 03:19:21,C07079,TP HCM,Cửa hàng,Sách,5.0,133000.0,665000.0,THE,3,-0.6238822730582452
T0050759,2025-09-22 03:04:35,C03864,Hải Phòng,Cửa hàng,Gia dụng,5.0,945000.0,4252500.0,KHONG_RO,3,-0.6238610499481029
T0049753,2025-09-16 21:21:10,C02088,Cần Thơ,Online,Gia dụng,5.0,973000.0,4865000.0,TIEN_MAT,21,-0.6237954742069293
T0026150,2025-05-16 18:53:32,C00775,Cần Thơ,Cửa hàng,Thực phẩm,5.0,159000.0,795000.0,VI_DIEN_TU,18,-0.623780811711024
T0057597,2025-10-27 18:56:15,C05107,TP HCM,Online,Thời trang,4.0,816000.0,2937600.0,VI_DIEN_TU,18,-0.6237494906994333
T0053748,2025-10-07 16:57:27,C00193,Hà Nội,Online,Mỹ phẩm,5.0,423000.0,2115000.0,VI_DIEN_TU,16,-0.6237265576486515
T0014619,2025-03-17 22:12:48,C00193,Hải Phòng,Cửa hàng,Thực phẩm,5.0,175000.0,831250.0,CHUYEN_KHOAN,22,-0.6237085105109009
