date,category,branch,channel,so_don,so_khach,doanh_thu,chi_phi
2025-01-01,Gia dụng,Cần Thơ,Online,1,1,833150.0,532234.0
2025-01-01,Gia dụng,Hà Nội,Cửa hàng,2,2,2384000.0,1707268.0
2025-01-01,Gia dụng,Hà Nội,Online,2,2,3135000.0,2228413.0
2025-01-01,Gia dụng,Hải Phòng,Online,4,4,3394450.0,2639899.0
2025-01-01,Gia dụng,TP HCM,Cửa hàng,4,4,5069300.0,4020849.0
2025-01-01,Gia dụng,TP HCM,Online,2,2,2487600.0,1704248.0
2025-01-01,Gia dụng,Đà Nẵng,Cửa hàng,1,1,831000.0,597210.0
2025-01-01,Gia dụng,Đà Nẵng,Online,1,1,890000.0,641856.0
2025-01-01,Mỹ phẩm,Cần Thơ,Cửa hàng,1,1,515000.0,361471.0
2025-01-01,Mỹ phẩm,Hà Nội,Cửa hàng,4,4,3862900.0,2857813.0
2025-01-01,Mỹ phẩm,Hải Phòng,Cửa hàng,1,1,747000.0,482078.0
2025-01-01,Mỹ phẩm,Hải Phòng,Online,1,1,464000.0,381443.0
2025-01-01,Mỹ phẩm,TP HCM,Cửa hàng,5,5,2717050.0,2024426.0
2025-01-01,Mỹ phẩm,TP HCM,Online,3,3,3036000.0,2237715.0
2025-01-01,Mỹ phẩm,Đà Nẵng,Online,1,1,441000.0,349646.0
2025-01-01,Sách,Hà Nội,Cửa hàng,2,2,409500.0,253003.0
2025-01-01,Sách,Hà Nội,Online,1,1,112200.0,81278.0
2025-01-01,Sách,Hải Phòng,Cửa hàng,1,1,680000.0,550189.0
2025-01-01,Sách,Hải Phòng,Online,1,1,338000.0,244848.0
2025-01-01,Sách,TP HCM,Cửa hàng,7,7,1797900.0,1216496.0
2025-01-01,Sách,TP HCM,Online,2,2,481100.0,348449.0
2025-01-01,Sách,Đà Nẵng,Cửa hàng,1,1,315400.0,225797.0
2025-01-01,Thời trang,Cần Thơ,Online,4,4,6278200.0,4843091.0
2025-01-01,Thời trang,Hà Nội,Cửa hàng,2,2,2629200.0,1933957.0
2025-01-01,Thời trang,Hà Nội,Online,3,3,4267450.0,3072406.0
2025-01-01,Thời trang,Hải Phòng,Cửa hàng,1,1,3268000.0,1989180.0
2025-01-01,Thời trang,Hải Phòng,Online,2,2,14375303.0,10127482.0
2025-01-01,Thời trang,TP HCM,Cửa hàng,3,3,5484000.0,3736290.0
2025-01-01,Thời trang,TP HCM,Online,3,3,3885000.0,3183634.0
2025-01-01,Thời trang,Đà Nẵng,Online,1,1,670000.0,414057.0
2025-01-01,Thực phẩm,Cần Thơ,Cửa hàng,2,2,446800.0,305932.0
2025-01-01,Thực phẩm,Cần Thơ,Online,2,2,328200.0,240860.0
2025-01-01,Thực phẩm,Hà Nội,Cửa hàng,3,3,803100.0,647002.0
2025-01-01,Thực phẩm,Hà Nội,Online,7,7,2263300.0,1701536.0
2025-01-01,Thực phẩm,Hải Phòng,Cửa hàng,4,4,1534650.0,1096751.0
2025-01-01,Thực phẩm,Hải Phòng,Online,3,3,1113200.0,776002.0
2025-01-01,Thực phẩm,TP HCM,Cửa hàng,2,2,489800.0,338598.0
2025-01-01,Thực phẩm,TP HCM,Online,5,5,1672200.0,1272283.0
2025-01-01,Thực phẩm,Đà Nẵng,Cửa hàng,1,1,316000.0,196961.0
2025-01-01,Thực phẩm,Đà Nẵng,Online,2,2,1100000.0,825750.0
2025-01-01,Điện tử,Cần Thơ,Cửa hàng,3,3,4127250.0,3180020.0
2025-01-01,Điện tử,Cần Thơ,Online,1,1,6050000.0,4900208.0
2025-01-01,Điện tử,Hà Nội,Cửa hàng,3,3,4125850.0,2986597.0
2025-01-01,Điện tử,Hà Nội,Online,3,3,7496850.0,5404694.0
2025-01-01,Điện tử,Hải Phòng,Cửa hàng,3,3,9059000.0,6656683.0
2025-01-01,Điện tử,TP HCM,Cửa hàng,7,7,8584200.0,6263592.0
2025-01-01,Điện tử,TP HCM,Online,7,7,12628000.0,9176149.0
2025-01-01,Điện tử,Đà Nẵng,Cửa hàng,1,1,4457400.0,3669668.0
2025-01-01,Điện tử,Đà Nẵng,Online,2,2,4362200.0,3335866.0
2025-01-02,Gia dụng,Cần Thơ,Online,2,2,2964000.0,2390054.0
2025-01-02,Gia dụng,Hà Nội,Cửa hàng,4,4,4136000.0,3073831.0
2025-01-02,Gia dụng,Hà Nội,Online,6,6,8999500.0,6856379.0
2025-01-02,Gia dụng,Hải Phòng,Cửa hàng,1,1,761000.0,474382.0
2025-01-02,Gia dụng,Hải Phòng,Online,3,3,4957800.0,3191629.0
2025-01-02,Gia dụng,TP HCM,Cửa hàng,6,6,5446700.0,3993821.0
2025-01-02,Gia dụng,TP HCM,Online,4,4,8541000.0,6287807.0
2025-01-02,Gia dụng,Đà Nẵng,Cửa hàng,2,2,4083050.0,3132602.0
2025-01-02,Gia dụng,Đà Nẵng,Online,1,1,869000.0,626711.0
2025-01-02,Mỹ phẩm,Cần Thơ,Cửa hàng,1,1,515000.0,353342.0
2025-01-02,Mỹ phẩm,Cần Thơ,Online,2,2,987300.0,810691.0
2025-01-02,Mỹ phẩm,Hà Nội,Cửa hàng,3,3,5931100.0,4402932.0
2025-01-02,Mỹ phẩm,Hà Nội,Online,2,2,3130000.0,2318587.0
2025-01-02,Mỹ phẩm,Hải Phòng,Online,3,3,2951150.0,2282949.0
2025-01-02,Mỹ phẩm,TP HCM,Cửa hàng,1,1,882000.0,567918.0
2025-01-02,Mỹ phẩm,TP HCM,Online,4,4,2627300.0,1977002.0
2025-01-02,Mỹ phẩm,Đà Nẵng,Cửa hàng,2,2,947900.0,654211.0
2025-01-02,Mỹ phẩm,Đà Nẵng,Online,4,4,10638313.0,7378361.0
2025-01-02,Sách,Cần Thơ,Cửa hàng,1,1,428400.0,274365.0
2025-01-02,Sách,Hà Nội,Cửa hàng,3,3,753500.0,509804.0
2025-01-02,Sách,Hà Nội,Online,2,2,425600.0,297200.0
2025-01-02,Sách,Hải Phòng,Cửa hàng,1,1,153000.0,92347.0
2025-01-02,Sách,TP HCM,Cửa hàng,3,3,1062000.0,808015.0
2025-01-02,Sách,TP HCM,Online,6,6,2313194.0,1620836.0
2025-01-02,Sách,Đà Nẵng,Cửa hàng,2,2,540000.0,407236.0
2025-01-02,Thời trang,Cần Thơ,Cửa hàng,1,1,2091000.0,1671400.0
2025-01-02,Thời trang,Hà Nội,Cửa hàng,4,4,3418050.0,2617446.0
2025-01-02,Thời trang,Hà Nội,Online,1,1,1288800.0,1005414.0
2025-01-02,Thời trang,Hải Phòng,Cửa hàng,3,3,1889900.0,1237597.0
2025-01-02,Thời trang,TP HCM,Cửa hàng,5,5,7380900.0,5699060.0
2025-01-02,Thời trang,TP HCM,Online,4,4,9298750.0,6684747.0
2025-01-02,Thời trang,Đà Nẵng,Cửa hàng,2,2,2186800.0,1522088.0
2025-01-02,Thời trang,Đà Nẵng,Online,3,3,2690200.0,2083457.0
2025-01-02,Thực phẩm,Cần Thơ,Cửa hàng,7,7,2512100.0,1802984.0
2025-01-02,Thực phẩm,Cần Thơ,Online,5,5,1686000.0,1239280.0
2025-01-02,Thực phẩm,Hà Nội,Cửa hàng,7,7,2360500.0,1643206.0
2025-01-02,Thực phẩm,Hà Nội,Online,8,8,3552350.0,2505092.0
2025-01-02,Thực phẩm,Hải Phòng,Cửa hàng,6,6,1648550.0,1204036.0
2025-01-02,Thực phẩm,Hải Phòng,Online,1,1,162450.0,121911.0
2025-01-02,Thực phẩm,TP HCM,Cửa hàng,11,11,4886886.0,3512191.0
2025-01-02,Thực phẩm,TP HCM,Online,7,7,2033500.0,1528341.0
2025-01-02,Thực phẩm,Đà Nẵng,Cửa hàng,3,3,1251300.0,874666.0
2025-01-02,Thực phẩm,Đà Nẵng,Online,6,6,1708300.0,1184830.0
2025-01-02,Điện tử,Cần Thơ,Cửa hàng,3,3,7135200.0,4576766.0
2025-01-02,Điện tử,Cần Thơ,Online,2,2,2195000.0,1655317.0
2025-01-02,Điện tử,Hà Nội,Cửa hàng,4,4,7555000.0,5838952.0
2025-01-02,Điện tử,Hà Nội,Online,2,2,3313050.0,2675425.0
2025-01-02,Điện tử,Hải Phòng,Cửa hàng,2,2,4302000.0,3256344.0
2025-01-02,Điện tử,Hải Phòng,Online,2,2,4030400.0,2836714.0
2025-01-02,Điện tử,TP HCM,Cửa hàng,8,8,37956057.0,26708627.0
2025-01-02,Điện tử,TP HCM,Online,3,3,3115100.0,2254468.0
2025-01-02,Điện tử,Đà Nẵng,Cửa hàng,3,3,5301900.0,4101158.0
2025-01-02,Điện tử,Đà Nẵng,Online,4,4,12901300.0,9138075.0
2025-01-03,Gia dụng,Cần Thơ,Cửa hàng,2,2,1663000.0,1362664.0
2025-01-03,Gia dụng,Cần Thơ,Online,2,2,2426400.0,1725742.0
2025-01-03,Gia dụng,Hà Nội,Cửa hàng,6,6,5981350.0,4168011.0
2025-01-03,Gia dụng,Hà Nội,Online,2,2,2386000.0,1757318.0
2025-01-03,Gia dụng,Hải Phòng,Cửa hàng,1,1,770100.0,467691.0
2025-01-03,Gia dụng,Hải Phòng,Online,1,1,898700.0,699034.0
2025-01-03,Gia dụng,TP HCM,Cửa hàng,6,6,9597150.0,7165704.0
2025-01-03,Gia dụng,TP HCM,Online,9,9,11284500.0,8339230.0
2025-01-03,Gia dụng,Đà Nẵng,Cửa hàng,3,3,2363000.0,1754056.0
2025-01-03,Gia dụng,Đà Nẵng,Online,2,2,2971400.0,2406584.0
2025-01-03,Mỹ phẩm,Cần Thơ,Online,1,1,394200.0,266071.0
2025-01-03,Mỹ phẩm,Hà Nội,Online,4,4,3113800.0,2198355.0
2025-01-03,Mỹ phẩm,Hải Phòng,Online,1,1,1290000.0,931697.0
2025-01-03,Mỹ phẩm,TP HCM,Cửa hàng,5,5,4326200.0,2867748.0
2025-01-03,Mỹ phẩm,TP HCM,Online,4,3,1739950.0,1311044.0
2025-01-03,Mỹ phẩm,Đà Nẵng,Cửa hàng,2,2,1535000.0,1272950.0
2025-01-03,Sách,Cần Thơ,Cửa hàng,1,1,164000.0,106438.0
2025-01-03,Sách,Cần Thơ,Online,2,2,332000.0,223764.0
2025-01-03,Sách,Hà Nội,Online,1,1,150000.0,99713.0
2025-01-03,Sách,Hải Phòng,Cửa hàng,3,3,429850.0,310235.0
2025-01-03,Sách,Hải Phòng,Online,1,1,636000.0,516745.0
2025-01-03,Sách,TP HCM,Cửa hàng,3,3,867700.0,635449.0
2025-01-03,Sách,TP HCM,Online,6,6,3920167.0,2888508.0
2025-01-03,Sách,Đà Nẵng,Cửa hàng,2,2,915600.0,623570.0
2025-01-03,Sách,Đà Nẵng,Online,4,4,1447850.0,913341.0
2025-01-03,Thời trang,Cần Thơ,Cửa hàng,2,2,2238300.0,1530246.0
2025-01-03,Thời trang,Cần Thơ,Online,1,1,828000.0,598672.0
2025-01-03,Thời trang,Hà Nội,Cửa hàng,5,5,5320700.0,3514056.0
2025-01-03,Thời trang,Hà Nội,Online,2,2,4180000.0,3050087.0
2025-01-03,Thời trang,Hải Phòng,Cửa hàng,2,2,3140100.0,2207771.0
2025-01-03,Thời trang,Hải Phòng,Online,1,1,718200.0,519282.0
2025-01-03,Thời trang,TP HCM,Cửa hàng,7,7,5448100.0,4065987.0
2025-01-03,Thời trang,TP HCM,Online,3,3,4147300.0,3079478.0
2025-01-03,Thời trang,Đà Nẵng,Cửa hàng,3,3,4821450.0,3351470.0
2025-01-03,Thực phẩm,Cần Thơ,Cửa hàng,4,4,1194000.0,787981.0
2025-01-03,Thực phẩm,Cần Thơ,Online,3,3,526400.0,382557.0
2025-01-03,Thực phẩm,Hà Nội,Cửa hàng,6,6,1418650.0,1070916.0
2025-01-03,Thực phẩm,Hà Nội,Online,8,8,2355250.0,1763554.0
2025-01-03,Thực phẩm,Hải Phòng,Cửa hàng,3,3,557450.0,400081.0
2025-01-03,Thực phẩm,Hải Phòng,Online,1,1,354000.0,223649.0
2025-01-03,Thực phẩm,TP HCM,Cửa hàng,9,9,2382300.0,1720691.0
2025-01-03,Thực phẩm,TP HCM,Online,12,12,4037650.0,3099434.0
2025-01-03,Thực phẩm,Đà Nẵng,Cửa hàng,4,4,1030550.0,697903.0
2025-01-03,Thực phẩm,Đà Nẵng,Online,3,3,496000.0,348508.0
2025-01-03,Điện tử,Cần Thơ,Online,1,1,2518000.0,1822477.0
2025-01-03,Điện tử,Hà Nội,Cửa hàng,3,3,8980000.0,6080919.0
2025-01-03,Điện tử,Hà Nội,Online,8,8,16967150.0,11904263.0
2025-01-03,Điện tử,Hải Phòng,Cửa hàng,2,2,5184000.0,3191560.0
2025-01-03,Điện tử,Hải Phòng,Online,2,2,4644850.0,3647032.0
2025-01-03,Điện tử,TP HCM,Cửa hàng,3,3,4425950.0,3435231.0
2025-01-03,Điện tử,TP HCM,Online,3,3,2910950.0,2091408.0
2025-01-03,Điện tử,Đà Nẵng,Cửa hàng,1,1,1949900.0,1576335.0
2025-01-03,Điện tử,Đà Nẵng,Online,2,2,3266950.0,2533697.0
2025-01-04,Gia dụng,Cần Thơ,Online,1,1,862600.0,583692.0
2025-01-04,Gia dụng,Hà Nội,Cửa hàng,5,5,6485250.0,4599615.0
2025-01-04,Gia dụng,Hà Nội,Online,2,2,2351800.0,1499127.0
2025-01-04,Gia dụng,Hải Phòng,Cửa hàng,3,3,3385000.0,2240072.0
2025-01-04,Gia dụng,Hải Phòng,Online,1,1,826500.0,693011.0
2025-01-04,Gia dụng,TP HCM,Cửa hàng,4,4,5922150.0,4316893.0
2025-01-04,Gia dụng,TP HCM,Online,2,2,3452350.0,2417119.0
2025-01-04,Gia dụng,Đà Nẵng,Cửa hàng,4,4,6586000.0,4746403.0
2025-01-04,Gia dụng,Đà Nẵng,Online,2,2,1649100.0,1189308.0
2025-01-04,Mỹ phẩm,Cần Thơ,Cửa hàng,1,1,483550.0,295710.0
2025-01-04,Mỹ phẩm,Cần Thơ,Online,1,1,894900.0,730852.0
2025-01-04,Mỹ phẩm,Hà Nội,Cửa hàng,5,5,5545900.0,4212183.0
2025-01-04,Mỹ phẩm,Hà Nội,Online,2,2,1857300.0,1191167.0
2025-01-04,Mỹ phẩm,Hải Phòng,Cửa hàng,2,2,1362600.0,1129961.0
2025-01-04,Mỹ phẩm,Hải Phòng,Online,1,1,936000.0,747889.0
2025-01-04,Mỹ phẩm,TP HCM,Cửa hàng,6,6,6574000.0,4631917.0
2025-01-04,Mỹ phẩm,TP HCM,Online,3,3,1842200.0,1311616.0
2025-01-04,Mỹ phẩm,Đà Nẵng,Cửa hàng,2,2,3911000.0,2937952.0
2025-01-04,Mỹ phẩm,Đà Nẵng,Online,3,3,1919150.0,1354565.0
2025-01-04,Sách,Cần Thơ,Cửa hàng,3,3,729000.0,601156.0
2025-01-04,Sách,Hà Nội,Cửa hàng,3,3,871350.0,690220.0
2025-01-04,Sách,Hà Nội,Online,1,1,342000.0,231471.0
2025-01-04,Sách,Hải Phòng,Online,2,2,426100.0,308668.0
2025-01-04,Sách,TP HCM,Cửa hàng,1,1,300000.0,243861.0
2025-01-04,Sách,TP HCM,Online,5,5,1155500.0,837239.0
2025-01-04,Sách,Đà Nẵng,Cửa hàng,2,2,424000.0,325356.0
2025-01-04,Sách,Đà Nẵng,Online,2,2,300200.0,227934.0
2025-01-04,Thời trang,Cần Thơ,Online,3,3,3696800.0,2617542.0
2025-01-04,Thời trang,Hà Nội,Cửa hàng,4,4,14465321.0,10405682.0
2025-01-04,Thời trang,Hà Nội,Online,2,2,4797000.0,3160506.0
2025-01-04,Thời trang,Hải Phòng,Online,1,1,765000.0,640618.0
2025-01-04,Thời trang,TP HCM,Cửa hàng,5,5,4425150.0,3037211.0
2025-01-04,Thời trang,TP HCM,Online,4,4,5194000.0,3623109.0
2025-01-04,Thực phẩm,Cần Thơ,Cửa hàng,4,4,1259050.0,942725.0
2025-01-04,Thực phẩm,Cần Thơ,Online,5,5,1863700.0,1292353.0
2025-01-04,Thực phẩm,Hà Nội,Cửa hàng,8,8,2424050.0,1731634.0
2025-01-04,Thực phẩm,Hà Nội,Online,11,11,2990100.0,2180265.0
2025-01-04,Thực phẩm,Hải Phòng,Cửa hàng,1,1,200000.0,121780.0
2025-01-04,Thực phẩm,Hải Phòng,Online,3,3,1020700.0,793879.0
2025-01-04,Thực phẩm,TP HCM,Cửa hàng,11,11,3224900.0,2211348.0
2025-01-04,Thực phẩm,TP HCM,Online,10,10,2455450.0,1808144.0
2025-01-04,Thực phẩm,Đà Nẵng,Cửa hàng,5,5,1057600.0,740278.0
2025-01-04,Thực phẩm,Đà Nẵng,Online,4,4,1162300.0,810819.0
2025-01-04,Điện tử,Cần Thơ,Cửa hàng,2,2,5824000.0,4185993.0
2025-01-04,Điện tử,Hà Nội,Cửa hàng,6,6,9317450.0,7166576.0
2025-01-04,Điện tử,Hà Nội,Online,2,2,24641655.0,17239965.0
2025-01-04,Điện tử,Hải Phòng,Cửa hàng,3,3,3479000.0,2383674.0
2025-01-04,Điện tử,Hải Phòng,Online,2,2,7619000.0,5307503.0
2025-01-04,Điện tử,TP HCM,Cửa hàng,8,8,14145600.0,10855047.0
2025-01-04,Điện tử,TP HCM,Online,5,5,14846150.0,10706457.0
2025-01-04,Điện tử,Đà Nẵng,Cửa hàng,1,1,4424400.0,2940795.0
2025-01-04,Điện tử,Đà Nẵng,Online,2,2,4166700.0,3025360.0
2025-01-05,Gia dụng,Cần Thơ,Online,1,1,2907000.0,2096488.0
2025-01-05,Gia dụng,Hà Nội,Cửa hàng,7,7,25519564.0,18402603.0
2025-01-05,Gia dụng,Hà Nội,Online,6,6,5955950.0,4666372.0
2025-01-05,Gia dụng,Hải Phòng,Cửa hàng,4,4,5896000.0,4283311.0
2025-01-05,Gia dụng,Hải Phòng,Online,1,1,1544700.0,1143243.0
2025-01-05,Gia dụng,TP HCM,Cửa hàng,2,2,2550000.0,1694846.0
2025-01-05,Gia dụng,TP HCM,Online,3,3,6634000.0,4406076.0
2025-01-05,Gia dụng,Đà Nẵng,Cửa hàng,3,3,4691450.0,3002587.0
2025-01-05,Mỹ phẩm,Cần Thơ,Cửa hàng,1,1,923100.0,704632.0
2025-01-05,Mỹ phẩm,Hà Nội,Cửa hàng,2,2,2790000.0,1822320.0
2025-01-05,Mỹ phẩm,Hà Nội,Online,3,3,1668900.0,1085877.0
2025-01-05,Mỹ phẩm,Hải Phòng,Cửa hàng,1,1,515000.0,420178.0
2025-01-05,Mỹ phẩm,Hải Phòng,Online,2,2,1722550.0,1282499.0
2025-01-05,Mỹ phẩm,TP HCM,Cửa hàng,6,6,4351700.0,3106066.0
2025-01-05,Mỹ phẩm,TP HCM,Online,1,1,1996000.0,1307439.0
2025-01-05,Mỹ phẩm,Đà Nẵng,Cửa hàng,1,1,460000.0,347473.0
2025-01-05,Sách,Cần Thơ,Online,1,1,138000.0,99968.0
2025-01-05,Sách,Hà Nội,Cửa hàng,3,3,478450.0,376760.0
2025-01-05,Sách,Hà Nội,Online,6,6,1132700.0,872138.0
2025-01-05,Sách,Hải Phòng,Cửa hàng,1,1,131000.0,109594.0
2025-01-05,Sách,Hải Phòng,Online,1,1,151000.0,100641.0
2025-01-05,Sách,TP HCM,Cửa hàng,3,3,760550.0,562505.0
2025-01-05,Sách,TP HCM,Online,3,3,937000.0,678765.0
2025-01-05,Sách,Đà Nẵng,Cửa hàng,1,1,165000.0,130573.0
2025-01-05,Thời trang,Cần Thơ,Cửa hàng,2,2,2225300.0,1604435.0
2025-01-05,Thời trang,Cần Thơ,Online,4,4,6351400.0,4203164.0
2025-01-05,Thời trang,Hà Nội,Cửa hàng,5,5,6200300.0,4373334.0
2025-01-05,Thời trang,Hà Nội,Online,6,6,7617000.0,5426687.0
2025-01-05,Thời trang,Hải Phòng,Cửa hàng,1,1,1250200.0,927919.0
2025-01-05,Thời trang,Hải Phòng,Online,3,3,2482250.0,1859110.0
2025-01-05,Thời trang,TP HCM,Cửa hàng,3,3,4884000.0,3607414.0
2025-01-05,Thời trang,TP HCM,Online,5,5,7428300.0,5441726.0
2025-01-05,Thời trang,Đà Nẵng,Cửa hàng,3,3,3768000.0,2509625.0
2025-01-05,Thời trang,Đà Nẵng,Online,3,3,3318700.0,2443285.0
2025-01-05,Thực phẩm,Cần Thơ,Cửa hàng,5,5,1646000.0,1327666.0
2025-01-05,Thực phẩm,Cần Thơ,Online,3,3,490350.0,343197.0
2025-01-05,Thực phẩm,Hà Nội,Cửa hàng,7,7,1693300.0,1137273.0
2025-01-05,Thực phẩm,Hà Nội,Online,8,8,5687408.0,4018766.0
2025-01-05,Thực phẩm,Hải Phòng,Cửa hàng,4,4,975750.0,727440.0
2025-01-05,Thực phẩm,Hải Phòng,Online,2,2,565000.0,377778.0
2025-01-05,Thực phẩm,TP HCM,Cửa hàng,9,9,3450850.0,2393193.0
2025-01-05,Thực phẩm,TP HCM,Online,5,5,1741500.0,1323616.0
2025-01-05,Thực phẩm,Đà Nẵng,Cửa hàng,5,5,2145600.0,1618993.0
2025-01-05,Thực phẩm,Đà Nẵng,Online,1,1,330000.0,238529.0
2025-01-05,Điện tử,Cần Thơ,Cửa hàng,2,2,2294000.0,1634553.0
2025-01-05,Điện tử,Cần Thơ,Online,1,1,1168000.0,745128.0
2025-01-05,Điện tử,Hà Nội,Cửa hàng,4,4,5253500.0,3857408.0
2025-01-05,Điện tử,Hà Nội,Online,5,5,10736000.0,7773240.0
2025-01-05,Điện tử,Hải Phòng,Cửa hàng,3,3,7032000.0,5606045.0
2025-01-05,Điện tử,Hải Phòng,Online,2,2,3304400.0,2594449.0
2025-01-05,Điện tử,TP HCM,Cửa hàng,5,5,13376100.0,9752712.0
2025-01-05,Điện tử,TP HCM,Online,7,7,11262800.0,7846507.0
2025-01-05,Điện tử,Đà Nẵng,Online,4,4,14185500.0,11180681.0
2025-01-06,Gia dụng,Cần Thơ,Cửa hàng,1,1,1512000.0,1250660.0
2025-01-06,Gia dụng,Cần Thơ,Online,1,1,1679600.0,1211304.0
2025-01-06,Gia dụng,Hà Nội,Cửa hàng,5,5,6243150.0,4396400.0
2025-01-06,Gia dụng,Hà Nội,Online,3,3,6400000.0,4440982.0
2025-01-06,Gia dụng,Hải Phòng,Online,3,3,3099500.0,2307412.0
2025-01-06,Gia dụng,TP HCM,Cửa hàng,5,5,6643000.0,4833913.0
2025-01-06,Gia dụng,TP HCM,Online,4,4,4927600.0,3366136.0
2025-01-06,Gia dụng,Đà Nẵng,Cửa hàng,4,4,5849500.0,3953449.0
2025-01-06,Gia dụng,Đà Nẵng,Online,2,2,3633000.0,2642944.0
2025-01-06,Mỹ phẩm,Cần Thơ,Cửa hàng,1,1,364650.0,264647.0
2025-01-06,Mỹ phẩm,Cần Thơ,Online,2,2,3152400.0,1923606.0
2025-01-06,Mỹ phẩm,Hà Nội,Cửa hàng,2,2,1858000.0,1181342.0
2025-01-06,Mỹ phẩm,Hải Phòng,Cửa hàng,1,1,917700.0,612622.0
2025-01-06,Mỹ phẩm,TP HCM,Cửa hàng,2,2,1417600.0,1052296.0
2025-01-06,Mỹ phẩm,TP HCM,Online,6,6,6085900.0,4112380.0
2025-01-06,Sách,Cần Thơ,Cửa hàng,3,3,833700.0,643251.0
2025-01-06,Sách,Cần Thơ,Online,1,1,484500.0,366364.0
2025-01-06,Sách,Hà Nội,Cửa hàng,6,6,2141300.0,1479064.0
2025-01-06,Sách,Hà Nội,Online,4,4,577800.0,419183.0
2025-01-06,Sách,Hải Phòng,Cửa hàng,2,2,282700.0,190538.0
2025-01-06,Sách,Hải Phòng,Online,1,1,418950.0,303488.0
2025-01-06,Sách,TP HCM,Cửa hàng,6,6,1043050.0,724794.0
2025-01-06,Sách,TP HCM,Online,1,1,268200.0,193229.0
2025-01-06,Sách,Đà Nẵng,Cửa hàng,1,1,140000.0,84169.0
2025-01-06,Thời trang,Cần Thơ,Cửa hàng,3,3,2637200.0,2033950.0
2025-01-06,Thời trang,Hà Nội,Cửa hàng,10,10,10361450.0,7731345.0
2025-01-06,Thời trang,Hà Nội,Online,2,2,4007000.0,3042061.0
2025-01-06,Thời trang,Hải Phòng,Cửa hàng,1,1,2972000.0,2384659.0
2025-01-06,Thời trang,Hải Phòng,Online,2,2,1500000.0,1098017.0
2025-01-06,Thời trang,TP HCM,Cửa hàng,7,7,11543600.0,8728453.0
2025-01-06,Thời trang,TP HCM,Online,6,6,7451550.0,5186993.0
2025-01-06,Thời trang,Đà Nẵng,Cửa hàng,2,2,1340000.0,1088608.0
2025-01-06,Thực phẩm,Cần Thơ,Cửa hàng,5,5,1805050.0,1318635.0
2025-01-06,Thực phẩm,Cần Thơ,Online,3,3,1038750.0,762287.0
2025-01-06,Thực phẩm,Hà Nội,Cửa hàng,8,8,2119250.0,1465185.0
2025-01-06,Thực phẩm,Hà Nội,Online,8,8,2426750.0,1755657.0
2025-01-06,Thực phẩm,Hải Phòng,Cửa hàng,3,3,636000.0,428051.0
2025-01-06,Thực phẩm,Hải Phòng,Online,6,6,1750750.0,1274385.0
2025-01-06,Thực phẩm,TP HCM,Cửa hàng,11,11,3058000.0,2189443.0
2025-01-06,Thực phẩm,TP HCM,Online,8,8,2683200.0,1932127.0
2025-01-06,Thực phẩm,Đà Nẵng,Cửa hàng,5,5,2033150.0,1445367.0
2025-01-06,Điện tử,Cần Thơ,Cửa hàng,3,3,11011000.0,7384147.0
2025-01-06,Điện tử,Hà Nội,Cửa hàng,9,9,32745462.0,22812206.0
2025-01-06,Điện tử,Hà Nội,Online,4,4,5899350.0,4333173.0
2025-01-06,Điện tử,Hải Phòng,Cửa hàng,1,1,2141300.0,1500652.0
2025-01-06,Điện tử,Hải Phòng,Online,3,3,4162900.0,3013022.0
2025-01-06,Điện tử,TP HCM,Cửa hàng,4,4,5659900.0,4032074.0
2025-01-06,Điện tử,TP HCM,Online,2,2,3417300.0,2574977.0
2025-01-06,Điện tử,Đà Nẵng,Cửa hàng,2,2,3171500.0,2081643.0
2025-01-06,Điện tử,Đà Nẵng,Online,1,1,1856300.0,1496159.0
2025-01-07,Gia dụng,Cần Thơ,Cửa hàng,1,1,12673291.0,8871303.0
2025-01-07,Gia dụng,Cần Thơ,Online,1,1,805500.0,612039.0
2025-01-07,Gia dụng,Hà Nội,Cửa hàng,3,3,4167300.0,3189450.0
2025-01-07,Gia dụng,Hà Nội,Online,6,6,10191800.0,7615528.0
2025-01-07,Gia dụng,Hải Phòng,Online,4,4,5374000.0,3953513.0
2025-01-07,Gia dụng,TP HCM,Cửa hàng,2,2,2445000.0,1588935.0
2025-01-07,Gia dụng,TP HCM,Online,5,5,6701900.0,4877221.0
2025-01-07,Gia dụng,Đà Nẵng,Cửa hàng,4,4,19059665.0,13470723.0
2025-01-07,Gia dụng,Đà Nẵng,Online,1,1,787000.0,649991.0
2025-01-07,Mỹ phẩm,Cần Thơ,Cửa hàng,1,1,908000.0,713970.0
2025-01-07,Mỹ phẩm,Cần Thơ,Online,1,1,439850.0,282465.0
2025-01-07,Mỹ phẩm,Hà Nội,Cửa hàng,5,5,5072950.0,3733277.0
2025-01-07,Mỹ phẩm,Hải Phòng,Online,2,2,1315100.0,962930.0
2025-01-07,Mỹ phẩm,TP HCM,Cửa hàng,3,3,2329700.0,1740516.0
2025-01-07,Mỹ phẩm,TP HCM,Online,2,2,3320000.0,2213494.0
2025-01-07,Mỹ phẩm,Đà Nẵng,Cửa hàng,2,2,2608000.0,1933142.0
2025-01-07,Mỹ phẩm,Đà Nẵng,Online,2,2,1307250.0,853267.0
2025-01-07,Sách,Cần Thơ,Cửa hàng,1,1,171000.0,115296.0
2025-01-07,Sách,Cần Thơ,Online,1,1,670000.0,485350.0
2025-01-07,Sách,Hà Nội,Cửa hàng,3,3,552100.0,395137.0
2025-01-07,Sách,Hà Nội,Online,2,2,383800.0,278026.0
2025-01-07,Sách,Hải Phòng,Cửa hàng,4,4,770000.0,540370.0
2025-01-07,Sách,TP HCM,Cửa hàng,6,6,1516600.0,1084322.0
2025-01-07,Sách,TP HCM,Online,1,1,405000.0,256215.0
2025-01-07,Thời trang,Cần Thơ,Cửa hàng,2,2,1495350.0,1030985.0
2025-01-07,Thời trang,Hà Nội,Cửa hàng,3,3,6999150.0,4870216.0
2025-01-07,Thời trang,Hà Nội,Online,2,2,1278950.0,987647.0
2025-01-07,Thời trang,Hải Phòng,Cửa hàng,2,2,2669500.0,2148593.0
2025-01-07,Thời trang,TP HCM,Cửa hàng,3,3,12803562.0,9028307.0
2025-01-07,Thời trang,TP HCM,Online,3,3,3705000.0,2505429.0
2025-01-07,Thực phẩm,Cần Thơ,Cửa hàng,5,5,3269394.0,2320689.0
2025-01-07,Thực phẩm,Cần Thơ,Online,3,3,467150.0,336805.0
2025-01-07,Thực phẩm,Hà Nội,Cửa hàng,8,8,3231250.0,2225555.0
2025-01-07,Thực phẩm,Hà Nội,Online,6,6,3014000.0,2157756.0
2025-01-07,Thực phẩm,Hải Phòng,Cửa hàng,6,6,2384250.0,1782148.0
2025-01-07,Thực phẩm,Hải Phòng,Online,1,1,334400.0,241710.0
2025-01-07,Thực phẩm,TP HCM,Cửa hàng,18,18,8126391.0,5770629.0
2025-01-07,Thực phẩm,TP HCM,Online,12,12,3373750.0,2405361.0
2025-01-07,Thực phẩm,Đà Nẵng,Cửa hàng,2,2,710250.0,559441.0
2025-01-07,Thực phẩm,Đà Nẵng,Online,3,3,969000.0,728948.0
2025-01-07,Điện tử,Cần Thơ,Cửa hàng,1,1,890150.0,636006.0
2025-01-07,Điện tử,Cần Thơ,Online,1,1,8380493.0,5866345.0
2025-01-07,Điện tử,Hà Nội,Cửa hàng,4,4,7327100.0,5119036.0
2025-01-07,Điện tử,Hà Nội,Online,2,2,2570250.0,1789017.0
2025-01-07,Điện tử,Hải Phòng,Cửa hàng,1,1,1085000.0,659454.0
2025-01-07,Điện tử,Hải Phòng,Online,2,2,7918500.0,5545852.0
2025-01-07,Điện tử,TP HCM,Cửa hàng,6,6,13550000.0,9418703.0
2025-01-07,Điện tử,TP HCM,Online,10,10,29568865.0,21131619.0
2025-01-07,Điện tử,Đà Nẵng,Cửa hàng,2,2,3030650.0,2370549.0
2025-01-07,Điện tử,Đà Nẵng,Online,3,3,9083100.0,6671737.0
2025-01-08,Gia dụng,Cần Thơ,Cửa hàng,2,2,2297850.0,1511376.0
2025-01-08,Gia dụng,Cần Thơ,Online,2,2,1783700.0,1344482.0
2025-01-08,Gia dụng,Hà Nội,Cửa hàng,2,2,3562500.0,2503035.0
2025-01-08,Gia dụng,Hà Nội,Online,3,3,3251000.0,2222830.0
2025-01-08,Gia dụng,Hải Phòng,Cửa hàng,4,4,4060700.0,2685201.0
2025-01-08,Gia dụng,Hải Phòng,Online,1,1,2295000.0,1903090.0
2025-01-08,Gia dụng,TP HCM,Cửa hàng,4,4,6062150.0,4436084.0
2025-01-08,Gia dụng,TP HCM,Online,4,4,10070800.0,7629539.0
2025-01-08,Gia dụng,Đà Nẵng,Cửa hàng,3,3,4207750.0,3151442.0
2025-01-08,Gia dụng,Đà Nẵng,Online,4,4,4552600.0,3380241.0
2025-01-08,Mỹ phẩm,Cần Thơ,Cửa hàng,1,1,510000.0,348802.0
2025-01-08,Mỹ phẩm,Cần Thơ,Online,1,1,1380000.0,1047173.0
2025-01-08,Mỹ phẩm,Hà Nội,Online,1,1,1561800.0,1160887.0
2025-01-08,Mỹ phẩm,Hải Phòng,Cửa hàng,1,1,477850.0,345125.0
2025-01-08,Mỹ phẩm,Hải Phòng,Online,1,1,425000.0,278729.0
2025-01-08,Mỹ phẩm,TP HCM,Cửa hàng,3,3,1812100.0,1317235.0
2025-01-08,Mỹ phẩm,TP HCM,Online,3,3,4568000.0,3167556.0
2025-01-08,Mỹ phẩm,Đà Nẵng,Cửa hàng,1,1,474300.0,324715.0
2025-01-08,Mỹ phẩm,Đà Nẵng,Online,3,3,1325250.0,1013260.0
2025-01-08,Sách,Cần Thơ,Cửa hàng,1,1,286000.0,236473.0
2025-01-08,Sách,Cần Thơ,Online,1,1,169000.0,140218.0
2025-01-08,Sách,Hà Nội,Cửa hàng,5,5,980100.0,753690.0
2025-01-08,Sách,Hà Nội,Online,3,3,623750.0,417539.0
2025-01-08,Sách,Hải Phòng,Cửa hàng,1,1,156000.0,125255.0
2025-01-08,Sách,Hải Phòng,Online,1,1,154000.0,121352.0
2025-01-08,Sách,TP HCM,Cửa hàng,1,1,152950.0,112366.0
2025-01-08,Sách,TP HCM,Online,4,4,1550200.0,1075701.0
2025-01-08,Sách,Đà Nẵng,Cửa hàng,1,1,349350.0,257447.0
2025-01-08,Sách,Đà Nẵng,Online,3,3,646450.0,479911.0
2025-01-08,Thời trang,Cần Thơ,Cửa hàng,5,5,8888550.0,6529528.0
2025-01-08,Thời trang,Cần Thơ,Online,1,1,646200.0,459059.0
2025-01-08,Thời trang,Hà Nội,Cửa hàng,3,3,6398950.0,4673569.0
2025-01-08,Thời trang,Hà Nội,Online,2,2,2430000.0,1629925.0
2025-01-08,Thời trang,Hải Phòng,Cửa hàng,2,2,1349950.0,994561.0
2025-01-08,Thời trang,Hải Phòng,Online,3,3,2276300.0,1623293.0
2025-01-08,Thời trang,TP HCM,Cửa hàng,9,9,13695300.0,9970573.0
2025-01-08,Thời trang,TP HCM,Online,4,4,3731800.0,2693762.0
2025-01-08,Thời trang,Đà Nẵng,Cửa hàng,3,3,2086800.0,1527673.0
2025-01-08,Thời trang,Đà Nẵng,Online,3,3,2197300.0,1477063.0
2025-01-08,Thực phẩm,Cần Thơ,Cửa hàng,6,6,2064300.0,1387466.0
2025-01-08,Thực phẩm,Cần Thơ,Online,1,1,394000.0,284790.0
2025-01-08,Thực phẩm,Hà Nội,Cửa hàng,4,4,1280900.0,892172.0
2025-01-08,Thực phẩm,Hà Nội,Online,6,6,1671700.0,1140672.0
2025-01-08,Thực phẩm,Hải Phòng,Cửa hàng,2,2,364000.0,253298.0
2025-01-08,Thực phẩm,Hải Phòng,Online,1,1,166000.0,119988.0
2025-01-08,Thực phẩm,TP HCM,Cửa hàng,15,15,6782721.0,4653550.0
2025-01-08,Thực phẩm,TP HCM,Online,10,10,2643050.0,1958752.0
2025-01-08,Thực phẩm,Đà Nẵng,Cửa hàng,3,3,1250400.0,892417.0
2025-01-08,Thực phẩm,Đà Nẵng,Online,3,3,513750.0,371216.0
2025-01-08,Điện tử,Cần Thơ,Cửa hàng,2,2,4041250.0,3173994.0
2025-01-08,Điện tử,Cần Thơ,Online,3,3,5590000.0,3687993.0
2025-01-08,Điện tử,Hà Nội,Cửa hàng,5,5,11570200.0,8115211.0
2025-01-08,Điện tử,Hà Nội,Online,4,4,8555050.0,5823272.0
2025-01-08,Điện tử,Hải Phòng,Cửa hàng,1,1,1913300.0,1508382.0
2025-01-08,Điện tử,TP HCM,Cửa hàng,4,4,6819800.0,4420821.0
2025-01-08,Điện tử,TP HCM,Online,6,6,9489950.0,7137707.0
2025-01-08,Điện tử,Đà Nẵng,Cửa hàng,1,1,4068000.0,2956225.0
2025-01-08,Điện tử,Đà Nẵng,Online,5,5,11494500.0,8068580.0
2025-01-09,Gia dụng,Cần Thơ,Cửa hàng,2,2,4668000.0,3569826.0
2025-01-09,Gia dụng,Cần Thơ,Online,1,1,4545750.0,3749101.0
2025-01-09,Gia dụng,Hà Nội,Cửa hàng,3,3,3312000.0,2501793.0
2025-01-09,Gia dụng,Hà Nội,Online,2,2,2316800.0,1887641.0
2025-01-09,Gia dụng,Hải Phòng,Cửa hàng,1,1,795000.0,651312.0
2025-01-09,Gia dụng,Hải Phòng,Online,4,4,3122250.0,2429185.0
2025-01-09,Gia dụng,TP HCM,Cửa hàng,7,7,7132900.0,4837709.0
2025-01-09,Gia dụng,TP HCM,Online,7,7,9111500.0,6524000.0
2025-01-09,Gia dụng,Đà Nẵng,Cửa hàng,1,1,2172000.0,1540210.0
2025-01-09,Gia dụng,Đà Nẵng,Online,2,2,3209200.0,2008567.0
2025-01-09,Mỹ phẩm,Cần Thơ,Cửa hàng,2,2,5136978.0,3572328.0
2025-01-09,Mỹ phẩm,Hà Nội,Cửa hàng,1,1,435000.0,348626.0
2025-01-09,Mỹ phẩm,Hà Nội,Online,4,4,4437450.0,3521211.0
2025-01-09,Mỹ phẩm,Hải Phòng,Cửa hàng,2,2,2201550.0,1423888.0
2025-01-09,Mỹ phẩm,Hải Phòng,Online,1,1,1308150.0,824671.0
2025-01-09,Mỹ phẩm,TP HCM,Cửa hàng,2,2,1907600.0,1481836.0
2025-01-09,Mỹ phẩm,TP HCM,Online,3,3,2432850.0,1614595.0
2025-01-09,Mỹ phẩm,Đà Nẵng,Cửa hàng,3,3,1800000.0,1393250.0
2025-01-09,Mỹ phẩm,Đà Nẵng,Online,1,1,512000.0,369790.0
2025-01-09,Sách,Cần Thơ,Online,2,2,441750.0,337279.0
2025-01-09,Sách,Hà Nội,Cửa hàng,3,3,1127500.0,829893.0
2025-01-09,Sách,Hà Nội,Online,3,3,1117000.0,821592.0
2025-01-09,Sách,Hải Phòng,Online,2,2,292950.0,211588.0
2025-01-09,Sách,TP HCM,Cửa hàng,4,4,690000.0,485967.0
2025-01-09,Sách,TP HCM,Online,6,6,1122300.0,762920.0
2025-01-09,Sách,Đà Nẵng,Cửa hàng,4,4,529450.0,392633.0
2025-01-09,Sách,Đà Nẵng,Online,1,1,136850.0,99134.0
2025-01-09,Thời trang,Cần Thơ,Cửa hàng,1,1,754300.0,527645.0
2025-01-09,Thời trang,Cần Thơ,Online,1,1,703000.0,567034.0
2025-01-09,Thời trang,Hà Nội,Cửa hàng,2,2,1530150.0,1050239.0
2025-01-09,Thời trang,Hà Nội,Online,5,5,4820200.0,3597250.0
2025-01-09,Thời trang,Hải Phòng,Cửa hàng,1,1,2553000.0,1874694.0
2025-01-09,Thời trang,Hải Phòng,Online,1,1,613700.0,457329.0
2025-01-09,Thời trang,TP HCM,Cửa hàng,4,4,5063150.0,3583838.0
2025-01-09,Thời trang,TP HCM,Online,4,4,5279350.0,3979099.0
2025-01-09,Thời trang,Đà Nẵng,Cửa hàng,3,3,2816650.0,1843647.0
2025-01-09,Thời trang,Đà Nẵng,Online,1,1,661000.0,477925.0
2025-01-09,Thực phẩm,Cần Thơ,Cửa hàng,4,4,750500.0,567548.0
2025-01-09,Thực phẩm,Cần Thơ,Online,3,3,1108250.0,793285.0
2025-01-09,Thực phẩm,Hà Nội,Cửa hàng,7,7,1697000.0,1265632.0
2025-01-09,Thực phẩm,Hà Nội,Online,8,8,1820250.0,1371077.0
2025-01-09,Thực phẩm,Hải Phòng,Cửa hàng,3,3,653100.0,474284.0
2025-01-09,Thực phẩm,Hải Phòng,Online,3,3,689900.0,545597.0
2025-01-09,Thực phẩm,TP HCM,Cửa hàng,14,14,4267400.0,3132946.0
2025-01-09,Thực phẩm,TP HCM,Online,11,11,2350650.0,1702089.0
2025-01-09,Thực phẩm,Đà Nẵng,Cửa hàng,5,5,1048650.0,759328.0
2025-01-09,Thực phẩm,Đà Nẵng,Online,3,3,1066000.0,758672.0
2025-01-09,Điện tử,Cần Thơ,Cửa hàng,3,3,7925800.0,5757069.0
2025-01-09,Điện tử,Cần Thơ,Online,5,5,9353100.0,6506855.0
2025-01-09,Điện tử,Hà Nội,Cửa hàng,6,6,12621350.0,9956035.0
2025-01-09,Điện tử,Hà Nội,Online,4,4,9356000.0,6663146.0
2025-01-09,Điện tử,Hải Phòng,Cửa hàng,2,2,1990650.0,1399762.0
2025-01-09,Điện tử,Hải Phòng,Online,3,3,4577700.0,3492459.0
2025-01-09,Điện tử,TP HCM,Cửa hàng,4,4,7608200.0,5375757.0
2025-01-09,Điện tử,TP HCM,Online,9,9,20830750.0,14944705.0
2025-01-09,Điện tử,Đà Nẵng,Cửa hàng,2,2,5122000.0,3263846.0
2025-01-09,Điện tử,Đà Nẵng,Online,3,3,3179000.0,2346031.0
2025-01-10,Gia dụng,Cần Thơ,Cửa hàng,1,1,745200.0,496835.0
2025-01-10,Gia dụng,Cần Thơ,Online,1,1,2937600.0,1798286.0
2025-01-10,Gia dụng,Hà Nội,Cửa hàng,3,3,5055600.0,3718112.0
2025-01-10,Gia dụng,Hà Nội,Online,5,5,7536300.0,5412798.0
2025-01-10,Gia dụng,Hải Phòng,Online,5,5,7516200.0,5484925.0
2025-01-10,Gia dụng,TP HCM,Cửa hàng,8,8,11031150.0,7821641.0
2025-01-10,Gia dụng,TP HCM,Online,6,6,9900050.0,7824296.0
2025-01-10,Gia dụng,Đà Nẵng,Cửa hàng,2,2,2553600.0,1922946.0
2025-01-10,Gia dụng,Đà Nẵng,Online,5,5,11041650.0,8146189.0
2025-01-10,Mỹ phẩm,Cần Thơ,Cửa hàng,2,2,1778000.0,1205112.0
2025-01-10,Mỹ phẩm,Hà Nội,Cửa hàng,1,1,527000.0,408788.0
2025-01-10,Mỹ phẩm,Hà Nội,Online,2,2,1080000.0,780026.0
2025-01-10,Mỹ phẩm,TP HCM,Online,7,7,6309550.0,4678827.0
2025-01-10,Mỹ phẩm,Đà Nẵng,Cửa hàng,1,1,434150.0,359186.0
2025-01-10,Mỹ phẩm,Đà Nẵng,Online,2,2,1397400.0,1103931.0
2025-01-10,Sách,Cần Thơ,Cửa hàng,2,2,451800.0,315024.0
2025-01-10,Sách,Cần Thơ,Online,2,2,477600.0,317629.0
2025-01-10,Sách,Hà Nội,Cửa hàng,4,4,809800.0,571313.0
2025-01-10,Sách,Hà Nội,Online,2,2,337000.0,244124.0
2025-01-10,Sách,Hải Phòng,Cửa hàng,2,2,315800.0,237913.0
2025-01-10,Sách,Hải Phòng,Online,2,2,401400.0,281170.0
2025-01-10,Sách,TP HCM,Cửa hàng,2,2,257700.0,186446.0
2025-01-10,Sách,Đà Nẵng,Cửa hàng,2,2,290700.0,216359.0
2025-01-10,Sách,Đà Nẵng,Online,1,1,290700.0,226711.0
2025-01-10,Thời trang,Cần Thơ,Online,1,1,734000.0,506564.0
2025-01-10,Thời trang,Hà Nội,Cửa hàng,3,3,4574500.0,3296362.0
2025-01-10,Thời trang,Hà Nội,Online,7,7,7834400.0,4965763.0
2025-01-10,Thời trang,Hải Phòng,Cửa hàng,1,1,790400.0,524690.0
2025-01-10,Thời trang,Hải Phòng,Online,1,1,716000.0,510793.0
2025-01-10,Thời trang,TP HCM,Cửa hàng,5,5,4334950.0,3313046.0
2025-01-10,Thời trang,TP HCM,Online,6,6,9128900.0,6657159.0
2025-01-10,Thời trang,Đà Nẵng,Cửa hàng,3,3,4203800.0,3230932.0
2025-01-10,Thời trang,Đà Nẵng,Online,2,2,3214950.0,2688997.0
2025-01-10,Thực phẩm,Cần Thơ,Cửa hàng,3,3,865450.0,684597.0
2025-01-10,Thực phẩm,Cần Thơ,Online,5,5,1040200.0,745760.0
2025-01-10,Thực phẩm,Hà Nội,Cửa hàng,11,11,2927950.0,2069860.0
2025-01-10,Thực phẩm,Hà Nội,Online,5,5,1579350.0,1204956.0
2025-01-10,Thực phẩm,Hải Phòng,Cửa hàng,9,9,3272950.0,2317047.0
2025-01-10,Thực phẩm,Hải Phòng,Online,1,1,959500.0,693542.0
2025-01-10,Thực phẩm,TP HCM,Cửa hàng,11,11,4330050.0,3104593.0
2025-01-10,Thực phẩm,TP HCM,Online,3,3,1130000.0,775402.0
2025-01-10,Thực phẩm,Đà Nẵng,Cửa hàng,6,6,1229400.0,871351.0
2025-01-10,Thực phẩm,Đà Nẵng,Online,1,1,189000.0,136365.0
2025-01-10,Điện tử,Cần Thơ,Cửa hàng,1,1,1970000.0,1402002.0
2025-01-10,Điện tử,Cần Thơ,Online,2,2,2984000.0,2330787.0
2025-01-10,Điện tử,Hà Nội,Cửa hàng,3,3,6717400.0,4887482.0
2025-01-10,Điện tử,Hà Nội,Online,4,4,7251800.0,5783462.0
2025-01-10,Điện tử,Hải Phòng,Cửa hàng,2,2,6172000.0,5019418.0
2025-01-10,Điện tử,Hải Phòng,Online,4,4,8841450.0,7131416.0
2025-01-10,Điện tử,TP HCM,Cửa hàng,4,4,7961700.0,6003595.0
2025-01-10,Điện tử,TP HCM,Online,8,8,12652000.0,8367219.0
2025-01-10,Điện tử,Đà Nẵng,Online,3,3,5942000.0,4195866.0
2025-01-11,Gia dụng,Cần Thơ,Cửa hàng,6,6,10851000.0,7512113.0
2025-01-11,Gia dụng,Cần Thơ,Online,2,2,2624000.0,1923231.0
2025-01-11,Gia dụng,Hà Nội,Cửa hàng,3,3,5382850.0,3497070.0
2025-01-11,Gia dụng,Hà Nội,Online,3,3,5301200.0,3476669.0
2025-01-11,Gia dụng,Hải Phòng,Cửa hàng,5,5,8479750.0,6399498.0
2025-01-11,Gia dụng,Hải Phòng,Online,1,1,876000.0,667374.0
2025-01-11,Gia dụng,TP HCM,Cửa hàng,7,7,6740800.0,4849523.0
2025-01-11,Gia dụng,TP HCM,Online,8,8,13252850.0,9588396.0
2025-01-11,Gia dụng,Đà Nẵng,Cửa hàng,6,6,12953101.0,9255406.0
2025-01-11,Gia dụng,Đà Nẵng,Online,1,1,731000.0,527187.0
2025-01-11,Mỹ phẩm,Cần Thơ,Cửa hàng,2,2,1228400.0,887516.0
2025-01-11,Mỹ phẩm,Hà Nội,Cửa hàng,1,1,472000.0,319262.0
2025-01-11,Mỹ phẩm,Hà Nội,Online,2,2,1507650.0,960256.0
2025-01-11,Mỹ phẩm,Hải Phòng,Cửa hàng,1,1,846000.0,648314.0
2025-01-11,Mỹ phẩm,Hải Phòng,Online,2,2,3001200.0,2454902.0
2025-01-11,Mỹ phẩm,TP HCM,Cửa hàng,3,3,1781650.0,1291074.0
2025-01-11,Mỹ phẩm,TP HCM,Online,4,4,1916900.0,1408745.0
2025-01-11,Mỹ phẩm,Đà Nẵng,Cửa hàng,6,6,4961600.0,3728086.0
2025-01-11,Mỹ phẩm,Đà Nẵng,Online,1,1,1544400.0,1115436.0
2025-01-11,Sách,Cần Thơ,Cửa hàng,1,1,151050.0,105088.0
2025-01-11,Sách,Cần Thơ,Online,2,2,733000.0,507027.0
2025-01-11,Sách,Hà Nội,Cửa hàng,4,4,588850.0,449106.0
2025-01-11,Sách,Hà Nội,Online,2,2,285750.0,206998.0
2025-01-11,Sách,Hải Phòng,Cửa hàng,1,1,312000.0,230749.0
2025-01-11,Sách,TP HCM,Cửa hàng,2,2,485000.0,352329.0
2025-01-11,Sách,TP HCM,Online,3,3,427400.0,308562.0
2025-01-11,Sách,Đà Nẵng,Cửa hàng,1,1,720000.0,508184.0
2025-01-11,Thời trang,Cần Thơ,Cửa hàng,2,2,4149300.0,3237362.0
2025-01-11,Thời trang,Cần Thơ,Online,4,4,5962150.0,4305832.0
2025-01-11,Thời trang,Hà Nội,Cửa hàng,4,4,4001150.0,2870706.0
2025-01-11,Thời trang,Hà Nội,Online,4,4,3627000.0,2908918.0
2025-01-11,Thời trang,Hải Phòng,Cửa hàng,2,2,4598000.0,3005967.0
2025-01-11,Thời trang,Hải Phòng,Online,3,3,16342695.0,11946334.0
2025-01-11,Thời trang,TP HCM,Cửa hàng,2,2,2319400.0,1597203.0
2025-01-11,Thời trang,TP HCM,Online,3,3,3829000.0,2483274.0
2025-01-11,Thời trang,Đà Nẵng,Cửa hàng,5,5,7744750.0,5618845.0
2025-01-11,Thời trang,Đà Nẵng,Online,1,1,761000.0,580534.0
2025-01-11,Thực phẩm,Cần Thơ,Cửa hàng,3,3,4255393.0,2976529.0
2025-01-11,Thực phẩm,Hà Nội,Cửa hàng,9,9,2565950.0,1931373.0
2025-01-11,Thực phẩm,Hà Nội,Online,6,6,2621750.0,1868692.0
2025-01-11,Thực phẩm,Hải Phòng,Cửa hàng,6,6,1865250.0,1335382.0
2025-01-11,Thực phẩm,Hải Phòng,Online,1,1,724000.0,557908.0
2025-01-11,Thực phẩm,TP HCM,Cửa hàng,13,13,5449300.0,4021158.0
2025-01-11,Thực phẩm,TP HCM,Online,6,6,1666900.0,1145402.0
2025-01-11,Thực phẩm,Đà Nẵng,Cửa hàng,5,5,1534250.0,1067734.0
2025-01-11,Thực phẩm,Đà Nẵng,Online,5,5,989250.0,727708.0
2025-01-11,Điện tử,Cần Thơ,Cửa hàng,1,1,2766750.0,1704005.0
2025-01-11,Điện tử,Cần Thơ,Online,3,3,3238450.0,2229150.0
2025-01-11,Điện tử,Hà Nội,Cửa hàng,3,3,4347350.0,2986395.0
2025-01-11,Điện tử,Hà Nội,Online,8,8,12096600.0,8693909.0
2025-01-11,Điện tử,Hải Phòng,Online,2,2,2072350.0,1540354.0
2025-01-11,Điện tử,TP HCM,Cửa hàng,4,4,27179484.0,19671849.0
2025-01-11,Điện tử,TP HCM,Online,2,2,5053000.0,3466390.0
2025-01-11,Điện tử,Đà Nẵng,Cửa hàng,2,2,2223000.0,1535225.0
2025-01-11,Điện tử,Đà Nẵng,Online,2,2,4549200.0,3144592.0
2025-01-12,Gia dụng,Cần Thơ,Cửa hàng,2,2,2280800.0,1618936.0
2025-01-12,Gia dụng,Cần Thơ,Online,1,1,744000.0,536562.0
2025-01-12,Gia dụng,Hà Nội,Cửa hàng,4,4,3372700.0,2379895.0
2025-01-12,Gia dụng,Hà Nội,Online,2,2,1840000.0,1219604.0
2025-01-12,Gia dụng,Hải Phòng,Cửa hàng,3,3,5273950.0,3511368.0
2025-01-12,Gia dụng,Hải Phòng,Online,2,2,4568750.0,3230456.0
2025-01-12,Gia dụng,TP HCM,Cửa hàng,5,5,11652450.0,8698235.0
2025-01-12,Gia dụng,TP HCM,Online,5,5,8619700.0,5983427.0
2025-01-12,Gia dụng,Đà Nẵng,Online,4,4,6929050.0,5133017.0
2025-01-12,Mỹ phẩm,Cần Thơ,Cửa hàng,1,1,2265000.0,1723857.0
2025-01-12,Mỹ phẩm,Hà Nội,Cửa hàng,5,5,2710200.0,1852978.0
2025-01-12,Mỹ phẩm,Hà Nội,Online,3,3,2659000.0,1823368.0
2025-01-12,Mỹ phẩm,Hải Phòng,Cửa hàng,1,1,2240000.0,1660683.0
2025-01-12,Mỹ phẩm,TP HCM,Cửa hàng,4,4,2694700.0,2001489.0
2025-01-12,Mỹ phẩm,TP HCM,Online,1,1,1356000.0,1109290.0
2025-01-12,Mỹ phẩm,Đà Nẵng,Online,1,1,520000.0,375568.0
2025-01-12,Sách,Cần Thơ,Cửa hàng,1,1,282000.0,187580.0
2025-01-12,Sách,Cần Thơ,Online,3,3,562450.0,406402.0
2025-01-12,Sách,Hà Nội,Cửa hàng,2,2,559550.0,415729.0
2025-01-12,Sách,Hà Nội,Online,1,1,127800.0,77946.0
2025-01-12,Sách,Hải Phòng,Online,1,1,132050.0,95657.0
2025-01-12,Sách,TP HCM,Cửa hàng,4,4,1086000.0,777831.0
2025-01-12,Sách,TP HCM,Online,3,3,454900.0,318617.0
2025-01-12,Sách,Đà Nẵng,Cửa hàng,1,1,2101361.0,1470953.0
2025-01-12,Sách,Đà Nẵng,Online,1,1,261000.0,189069.0
2025-01-12,Thời trang,Cần Thơ,Cửa hàng,2,2,1528000.0,1072347.0
2025-01-12,Thời trang,Hà Nội,Cửa hàng,4,4,2881000.0,2197575.0
2025-01-12,Thời trang,Hà Nội,Online,4,4,4526000.0,3176288.0
2025-01-12,Thời trang,Hải Phòng,Cửa hàng,1,1,639000.0,501438.0
2025-01-12,Thời trang,Hải Phòng,Online,1,1,1421200.0,1004845.0
2025-01-12,Thời trang,TP HCM,Cửa hàng,3,3,3060000.0,2399578.0
2025-01-12,Thời trang,TP HCM,Online,6,6,8372950.0,6103637.0
2025-01-12,Thời trang,Đà Nẵng,Cửa hàng,1,1,750000.0,542275.0
2025-01-12,Thời trang,Đà Nẵng,Online,3,3,2235350.0,1745351.0
2025-01-12,Thực phẩm,Cần Thơ,Cửa hàng,3,3,1064800.0,868700.0
2025-01-12,Thực phẩm,Cần Thơ,Online,5,5,1619000.0,1211386.0
2025-01-12,Thực phẩm,Hà Nội,Cửa hàng,12,12,4401400.0,2999749.0
2025-01-12,Thực phẩm,Hà Nội,Online,8,8,3270200.0,2398407.0
2025-01-12,Thực phẩm,Hải Phòng,Cửa hàng,2,2,360000.0,262727.0
2025-01-12,Thực phẩm,Hải Phòng,Online,2,2,372000.0,276020.0
2025-01-12,Thực phẩm,TP HCM,Cửa hàng,10,10,2711500.0,1882786.0
2025-01-12,Thực phẩm,TP HCM,Online,7,7,1850650.0,1299182.0
2025-01-12,Thực phẩm,Đà Nẵng,Cửa hàng,5,5,1053500.0,839149.0
2025-01-12,Thực phẩm,Đà Nẵng,Online,2,2,759850.0,488790.0
2025-01-12,Điện tử,Cần Thơ,Cửa hàng,1,1,3759000.0,2887984.0
2025-01-12,Điện tử,Cần Thơ,Online,1,1,999900.0,649418.0
2025-01-12,Điện tử,Hà Nội,Cửa hàng,8,8,16410900.0,10758554.0
2025-01-12,Điện tử,Hà Nội,Online,2,2,7377000.0,5223542.0
2025-01-12,Điện tử,Hải Phòng,Cửa hàng,5,5,10010000.0,7460595.0
2025-01-12,Điện tử,Hải Phòng,Online,1,1,890100.0,655771.0
2025-01-12,Điện tử,TP HCM,Cửa hàng,5,5,7253150.0,5692783.0
2025-01-12,Điện tử,TP HCM,Online,6,6,14958700.0,11092632.0
2025-01-12,Điện tử,Đà Nẵng,Cửa hàng,5,5,10093250.0,7388790.0
2025-01-12,Điện tử,Đà Nẵng,Online,1,1,4244000.0,2245425.0
2025-01-13,Gia dụng,Cần Thơ,Cửa hàng,3,3,6250550.0,4480416.0
2025-01-13,Gia dụng,Hà Nội,Cửa hàng,7,7,10012350.0,7591617.0
2025-01-13,Gia dụng,Hà Nội,Online,5,5,7709000.0,5025371.0
2025-01-13,Gia dụng,Hải Phòng,Cửa hàng,2,2,2538850.0,1728461.0
2025-01-13,Gia dụng,Hải Phòng,Online,3,3,3042400.0,2282672.0
2025-01-13,Gia dụng,TP HCM,Cửa hàng,2,2,4846300.0,3582958.0
2025-01-13,Gia dụng,TP HCM,Online,8,8,10729700.0,7546612.0
2025-01-13,Gia dụng,Đà Nẵng,Cửa hàng,4,4,5120200.0,3630117.0
2025-01-13,Gia dụng,Đà Nẵng,Online,1,1,958000.0,585814.0
2025-01-13,Mỹ phẩm,Cần Thơ,Online,5,5,6823400.0,4765177.0
2025-01-13,Mỹ phẩm,Hà Nội,Cửa hàng,2,2,2328900.0,1546927.0
2025-01-13,Mỹ phẩm,Hà Nội,Online,3,3,1380350.0,1059005.0
2025-01-13,Mỹ phẩm,Hải Phòng,Online,2,2,813800.0,599637.0
2025-01-13,Mỹ phẩm,TP HCM,Cửa hàng,3,3,9681076.0,6911415.0
2025-01-13,Mỹ phẩm,TP HCM,Online,2,2,1803000.0,1238189.0
2025-01-13,Mỹ phẩm,Đà Nẵng,Cửa hàng,1,1,1956000.0,1540085.0
2025-01-13,Mỹ phẩm,Đà Nẵng,Online,1,1,399500.0,274025.0
2025-01-13,Sách,Cần Thơ,Cửa hàng,2,2,604500.0,412412.0
2025-01-13,Sách,Hà Nội,Cửa hàng,2,2,306000.0,213955.0
2025-01-13,Sách,Hà Nội,Online,2,2,278700.0,221291.0
2025-01-13,Sách,Hải Phòng,Cửa hàng,1,1,142500.0,113606.0
2025-01-13,Sách,Hải Phòng,Online,1,1,166000.0,140755.0
2025-01-13,Sách,TP HCM,Cửa hàng,7,7,1973950.0,1459409.0
2025-01-13,Sách,TP HCM,Online,4,4,928100.0,684471.0
2025-01-13,Sách,Đà Nẵng,Cửa hàng,3,3,592200.0,427776.0
2025-01-13,Sách,Đà Nẵng,Online,1,1,137000.0,87723.0
2025-01-13,Thời trang,Cần Thơ,Online,2,2,1580000.0,1166018.0
2025-01-13,Thời trang,Hà Nội,Cửa hàng,5,5,6657600.0,4338579.0
2025-01-13,Thời trang,Hà Nội,Online,4,4,3251500.0,2454297.0
2025-01-13,Thời trang,Hải Phòng,Cửa hàng,2,2,1594000.0,1163498.0
2025-01-13,Thời trang,Hải Phòng,Online,2,2,1980750.0,1369016.0
2025-01-13,Thời trang,TP HCM,Cửa hàng,5,5,7498250.0,5650962.0
2025-01-13,Thời trang,TP HCM,Online,3,3,2162000.0,1600649.0
2025-01-13,Thời trang,Đà Nẵng,Cửa hàng,1,1,650000.0,479640.0
2025-01-13,Thời trang,Đà Nẵng,Online,1,1,3975750.0,2925025.0
2025-01-13,Thực phẩm,Cần Thơ,Cửa hàng,4,4,1052900.0,741661.0
2025-01-13,Thực phẩm,Cần Thơ,Online,2,2,298150.0,215508.0
2025-01-13,Thực phẩm,Hà Nội,Cửa hàng,5,5,1250500.0,962632.0
2025-01-13,Thực phẩm,Hà Nội,Online,10,10,3325950.0,2335377.0
2025-01-13,Thực phẩm,Hải Phòng,Cửa hàng,5,5,3642632.0,2551380.0
2025-01-13,Thực phẩm,Hải Phòng,Online,2,2,352000.0,234229.0
2025-01-13,Thực phẩm,TP HCM,Cửa hàng,13,13,4921950.0,3616634.0
2025-01-13,Thực phẩm,TP HCM,Online,5,5,936600.0,672913.0
2025-01-13,Thực phẩm,Đà Nẵng,Cửa hàng,3,3,482600.0,374252.0
2025-01-13,Điện tử,Cần Thơ,Cửa hàng,4,4,20061124.0,14216498.0
2025-01-13,Điện tử,Cần Thơ,Online,1,1,1000000.0,723780.0
2025-01-13,Điện tử,Hà Nội,Cửa hàng,7,7,27455062.0,19237567.0
2025-01-13,Điện tử,Hà Nội,Online,9,9,15889050.0,11428413.0
2025-01-13,Điện tử,Hải Phòng,Cửa hàng,6,6,11219200.0,8672557.0
2025-01-13,Điện tử,Hải Phòng,Online,2,2,4978200.0,3603119.0
2025-01-13,Điện tử,TP HCM,Cửa hàng,2,2,2124000.0,1531091.0
2025-01-13,Điện tử,TP HCM,Online,6,6,9858000.0,7207282.0
2025-01-13,Điện tử,Đà Nẵng,Cửa hàng,4,4,4297650.0,3475303.0
2025-01-13,Điện tử,Đà Nẵng,Online,5,5,4870600.0,3612311.0
2025-01-14,Gia dụng,Cần Thơ,Cửa hàng,2,2,4299000.0,2955859.0
2025-01-14,Gia dụng,Cần Thơ,Online,1,1,767000.0,557547.0
2025-01-14,Gia dụng,Hà Nội,Cửa hàng,6,5,16746334.0,11340441.0
2025-01-14,Gia dụng,Hà Nội,Online,6,6,15124794.0,10527047.0
2025-01-14,Gia dụng,Hải Phòng,Cửa hàng,1,1,873050.0,528895.0
2025-01-14,Gia dụng,Hải Phòng,Online,2,2,3958400.0,2894069.0
2025-01-14,Gia dụng,TP HCM,Cửa hàng,1,1,842400.0,558103.0
2025-01-14,Gia dụng,TP HCM,Online,7,7,16639700.0,11606504.0
2025-01-14,Gia dụng,Đà Nẵng,Cửa hàng,3,3,4550000.0,3433891.0
2025-01-14,Gia dụng,Đà Nẵng,Online,4,4,6656050.0,4533757.0
2025-01-14,Mỹ phẩm,Cần Thơ,Cửa hàng,2,2,1936000.0,1543285.0
2025-01-14,Mỹ phẩm,Cần Thơ,Online,1,1,1892400.0,1465250.0
2025-01-14,Mỹ phẩm,Hà Nội,Cửa hàng,2,2,1051700.0,774435.0
2025-01-14,Mỹ phẩm,Hà Nội,Online,5,5,8763511.0,6374915.0
2025-01-14,Mỹ phẩm,Hải Phòng,Cửa hàng,1,1,4226055.0,2958238.0
2025-01-14,Mỹ phẩm,Hải Phòng,Online,1,1,849300.0,613403.0
2025-01-14,Mỹ phẩm,TP HCM,Cửa hàng,6,6,4417200.0,3060807.0
2025-01-14,Mỹ phẩm,Đà Nẵng,Cửa hàng,1,1,462000.0,330858.0
2025-01-14,Sách,Cần Thơ,Cửa hàng,2,2,503800.0,344481.0
2025-01-14,Sách,Cần Thơ,Online,1,1,302400.0,206525.0
2025-01-14,Sách,Hà Nội,Cửa hàng,5,5,1134350.0,787648.0
2025-01-14,Sách,Hà Nội,Online,3,3,443650.0,312026.0
2025-01-14,Sách,Hải Phòng,Cửa hàng,2,2,508450.0,409462.0
2025-01-14,Sách,Hải Phòng,Online,1,1,138000.0,89198.0
2025-01-14,Sách,TP HCM,Cửa hàng,4,4,1005600.0,732352.0
2025-01-14,Sách,TP HCM,Online,7,7,1266500.0,919266.0
2025-01-14,Sách,Đà Nẵng,Online,2,2,300000.0,213414.0
2025-01-14,Thời trang,Cần Thơ,Cửa hàng,1,1,729600.0,557766.0
2025-01-14,Thời trang,Cần Thơ,Online,2,2,3399100.0,2236264.0
2025-01-14,Thời trang,Hà Nội,Online,4,4,5194650.0,3756808.0
2025-01-14,Thời trang,Hải Phòng,Cửa hàng,2,2,2302700.0,1415392.0
2025-01-14,Thời trang,Hải Phòng,Online,2,2,2057700.0,1435746.0
2025-01-14,Thời trang,TP HCM,Cửa hàng,5,5,8150500.0,5759583.0
2025-01-14,Thời trang,TP HCM,Online,6,6,4818450.0,3528571.0
2025-01-14,Thời trang,Đà Nẵng,Cửa hàng,2,2,1450700.0,1044814.0
2025-01-14,Thời trang,Đà Nẵng,Online,1,1,752000.0,557010.0
2025-01-14,Thực phẩm,Cần Thơ,Cửa hàng,5,5,1755400.0,1262906.0
2025-01-14,Thực phẩm,Cần Thơ,Online,1,1,193000.0,163771.0
2025-01-14,Thực phẩm,Hà Nội,Cửa hàng,7,7,6115049.0,4208095.0
2025-01-14,Thực phẩm,Hà Nội,Online,7,7,3801800.0,2655384.0
2025-01-14,Thực phẩm,Hải Phòng,Cửa hàng,2,2,575000.0,448347.0
2025-01-14,Thực phẩm,Hải Phòng,Online,3,3,1431000.0,1034350.0
2025-01-14,Thực phẩm,TP HCM,Cửa hàng,11,11,4355700.0,3304772.0
2025-01-14,Thực phẩm,TP HCM,Online,8,8,3163600.0,2265606.0
2025-01-14,Thực phẩm,Đà Nẵng,Cửa hàng,1,1,336600.0,226083.0
2025-01-14,Thực phẩm,Đà Nẵng,Online,3,3,495500.0,339889.0
2025-01-14,Điện tử,Cần Thơ,Cửa hàng,1,1,1164000.0,971812.0
2025-01-14,Điện tử,Cần Thơ,Online,1,1,951900.0,747874.0
2025-01-14,Điện tử,Hà Nội,Cửa hàng,10,10,14236000.0,10008642.0
2025-01-14,Điện tử,Hà Nội,Online,4,4,7840750.0,6009756.0
2025-01-14,Điện tử,Hải Phòng,Cửa hàng,1,1,889200.0,583966.0
2025-01-14,Điện tử,Hải Phòng,Online,3,3,6896100.0,5278537.0
2025-01-14,Điện tử,TP HCM,Cửa hàng,5,5,11515500.0,8609679.0
2025-01-14,Điện tử,TP HCM,Online,6,6,11343050.0,8380001.0
2025-01-14,Điện tử,Đà Nẵng,Cửa hàng,3,3,4102000.0,3059689.0
2025-01-15,Gia dụng,Cần Thơ,Cửa hàng,1,1,781200.0,578931.0
2025-01-15,Gia dụng,Cần Thơ,Online,6,6,13449800.0,9906956.0
2025-01-15,Gia dụng,Hà Nội,Cửa hàng,6,6,18703663.0,12926789.0
2025-01-15,Gia dụng,Hà Nội,Online,2,2,3441000.0,2482485.0
2025-01-15,Gia dụng,Hải Phòng,Cửa hàng,1,1,768000.0,559329.0
2025-01-15,Gia dụng,Hải Phòng,Online,1,1,891000.0,686845.0
2025-01-15,Gia dụng,TP HCM,Cửa hàng,4,4,3158650.0,2223425.0
2025-01-15,Gia dụng,TP HCM,Online,5,5,5078050.0,3695595.0
2025-01-15,Gia dụng,Đà Nẵng,Cửa hàng,1,1,2853000.0,2386478.0
2025-01-15,Gia dụng,Đà Nẵng,Online,3,3,4094900.0,3080008.0
2025-01-15,Mỹ phẩm,Hà Nội,Cửa hàng,6,6,5848000.0,4466779.0
2025-01-15,Mỹ phẩm,Hà Nội,Online,2,2,1487400.0,1151498.0
2025-01-15,Mỹ phẩm,Hải Phòng,Cửa hàng,1,1,1832000.0,1193968.0
2025-01-15,Mỹ phẩm,Hải Phòng,Online,1,1,527000.0,390716.0
2025-01-15,Mỹ phẩm,TP HCM,Cửa hàng,2,2,3164400.0,2502343.0
2025-01-15,Mỹ phẩm,TP HCM,Online,1,1,412000.0,297565.0
2025-01-15,Mỹ phẩm,Đà Nẵng,Cửa hàng,2,2,1868000.0,1218347.0
2025-01-15,Sách,Cần Thơ,Online,1,1,158000.0,95831.0
2025-01-15,Sách,Hà Nội,Cửa hàng,6,6,1582650.0,1111434.0
2025-01-15,Sách,Hà Nội,Online,2,2,407000.0,282977.0
2025-01-15,Sách,Hải Phòng,Cửa hàng,1,1,116100.0,76570.0
2025-01-15,Sách,Hải Phòng,Online,1,1,268200.0,187681.0
2025-01-15,Sách,TP HCM,Cửa hàng,7,7,1341100.0,971263.0
2025-01-15,Sách,TP HCM,Online,1,1,137700.0,115189.0
2025-01-15,Sách,Đà Nẵng,Cửa hàng,1,1,157700.0,128462.0
2025-01-15,Sách,Đà Nẵng,Online,1,1,124950.0,103827.0
2025-01-15,Thời trang,Cần Thơ,Cửa hàng,1,1,1698000.0,1022386.0
2025-01-15,Thời trang,Cần Thơ,Online,3,3,4197500.0,2787714.0
2025-01-15,Thời trang,Hà Nội,Cửa hàng,7,7,7504600.0,5304701.0
2025-01-15,Thời trang,Hà Nội,Online,2,2,3995200.0,2790785.0
2025-01-15,Thời trang,Hải Phòng,Cửa hàng,2,2,2143200.0,1504488.0
2025-01-15,Thời trang,Hải Phòng,Online,1,1,2772000.0,1852533.0
2025-01-15,Thời trang,TP HCM,Cửa hàng,5,5,6281100.0,4580553.0
2025-01-15,Thời trang,TP HCM,Online,4,4,4887400.0,3663976.0
2025-01-15,Thời trang,Đà Nẵng,Cửa hàng,4,4,5020000.0,3740381.0
2025-01-15,Thực phẩm,Cần Thơ,Cửa hàng,2,2,703100.0,448235.0
2025-01-15,Thực phẩm,Cần Thơ,Online,4,4,1052700.0,793104.0
2025-01-15,Thực phẩm,Hà Nội,Cửa hàng,12,12,3010850.0,2185737.0
2025-01-15,Thực phẩm,Hà Nội,Online,7,7,1895000.0,1453222.0
2025-01-15,Thực phẩm,Hải Phòng,Cửa hàng,7,7,2174700.0,1728253.0
2025-01-15,Thực phẩm,Hải Phòng,Online,3,3,721100.0,502020.0
2025-01-15,Thực phẩm,TP HCM,Cửa hàng,9,9,2212800.0,1531723.0
2025-01-15,Thực phẩm,TP HCM,Online,12,11,6810671.0,4887048.0
2025-01-15,Thực phẩm,Đà Nẵng,Cửa hàng,5,5,3721382.0,2591790.0
2025-01-15,Thực phẩm,Đà Nẵng,Online,3,3,472800.0,333951.0
2025-01-15,Điện tử,Cần Thơ,Cửa hàng,1,1,1194000.0,971099.0
2025-01-15,Điện tử,Cần Thơ,Online,1,1,2170000.0,1483240.0
2025-01-15,Điện tử,Hà Nội,Cửa hàng,2,2,4096800.0,3126372.0
2025-01-15,Điện tử,Hà Nội,Online,4,4,5946650.0,4221549.0
2025-01-15,Điện tử,Hải Phòng,Cửa hàng,1,1,1169450.0,717071.0
2025-01-15,Điện tử,Hải Phòng,Online,2,2,7394000.0,5379042.0
2025-01-15,Điện tử,TP HCM,Cửa hàng,4,4,3794300.0,2503384.0
2025-01-15,Điện tử,TP HCM,Online,5,5,8877000.0,6671766.0
2025-01-15,Điện tử,Đà Nẵng,Cửa hàng,2,2,2011300.0,1380653.0
2025-01-15,Điện tử,Đà Nẵng,Online,2,2,3915000.0,2855712.0
2025-01-16,Gia dụng,Cần Thơ,Cửa hàng,5,5,8753000.0,6413331.0
2025-01-16,Gia dụng,Cần Thơ,Online,5,5,9852750.0,6911876.0
2025-01-16,Gia dụng,Hà Nội,Cửa hàng,4,4,8166250.0,6380407.0
2025-01-16,Gia dụng,Hải Phòng,Cửa hàng,2,2,2667000.0,2204112.0
2025-01-16,Gia dụng,Hải Phòng,Online,2,2,1623000.0,1112271.0
2025-01-16,Gia dụng,TP HCM,Cửa hàng,3,3,5790700.0,4164185.0
2025-01-16,Gia dụng,Đà Nẵng,Cửa hàng,2,2,1868000.0,1397332.0
2025-01-16,Mỹ phẩm,Cần Thơ,Cửa hàng,1,1,451000.0,286218.0
2025-01-16,Mỹ phẩm,Hà Nội,Cửa hàng,1,1,513000.0,347905.0
2025-01-16,Mỹ phẩm,Hà Nội,Online,3,3,1420500.0,997805.0
2025-01-16,Mỹ phẩm,TP HCM,Cửa hàng,4,4,2669550.0,1797482.0
2025-01-16,Mỹ phẩm,TP HCM,Online,6,6,4619000.0,3016126.0
2025-01-16,Mỹ phẩm,Đà Nẵng,Cửa hàng,2,2,777400.0,557302.0
2025-01-16,Mỹ phẩm,Đà Nẵng,Online,1,1,1001300.0,827169.0
2025-01-16,Sách,Cần Thơ,Online,3,3,600550.0,411786.0
2025-01-16,Sách,Hà Nội,Cửa hàng,4,4,559450.0,424896.0
2025-01-16,Sách,Hà Nội,Online,2,2,278350.0,209872.0
2025-01-16,Sách,TP HCM,Cửa hàng,1,1,145000.0,95490.0
2025-01-16,Sách,TP HCM,Online,9,9,2069150.0,1440486.0
2025-01-16,Sách,Đà Nẵng,Online,3,3,599450.0,456580.0
2025-01-16,Thời trang,Cần Thơ,Cửa hàng,2,2,2752150.0,2159595.0
2025-01-16,Thời trang,Hà Nội,Cửa hàng,4,4,5308000.0,3591012.0
2025-01-16,Thời trang,Hà Nội,Online,4,4,5038900.0,3643986.0
2025-01-16,Thời trang,Hải Phòng,Cửa hàng,5,5,6428400.0,4543358.0
2025-01-16,Thời trang,Hải Phòng,Online,1,1,2097900.0,1516851.0
2025-01-16,Thời trang,TP HCM,Cửa hàng,7,7,19085227.0,13677625.0
2025-01-16,Thời trang,TP HCM,Online,4,4,3326050.0,2311357.0
2025-01-16,Thời trang,Đà Nẵng,Cửa hàng,5,5,6681000.0,4972482.0
2025-01-16,Thời trang,Đà Nẵng,Online,3,3,1984100.0,1547732.0
2025-01-16,Thực phẩm,Cần Thơ,Cửa hàng,1,1,2601621.0,1821135.0
2025-01-16,Thực phẩm,Cần Thơ,Online,3,3,511600.0,356917.0
2025-01-16,Thực phẩm,Hà Nội,Cửa hàng,8,8,2881100.0,2093495.0
2025-01-16,Thực phẩm,Hà Nội,Online,9,9,2548700.0,1895436.0
2025-01-16,Thực phẩm,Hải Phòng,Cửa hàng,4,4,1421800.0,1091862.0
2025-01-16,Thực phẩm,Hải Phòng,Online,1,1,356000.0,257323.0
2025-01-16,Thực phẩm,TP HCM,Cửa hàng,12,12,3587200.0,2711349.0
2025-01-16,Thực phẩm,TP HCM,Online,7,7,1563300.0,1061252.0
2025-01-16,Thực phẩm,Đà Nẵng,Cửa hàng,2,2,700000.0,562277.0
2025-01-16,Thực phẩm,Đà Nẵng,Online,3,3,1559000.0,1226379.0
2025-01-16,Điện tử,Cần Thơ,Cửa hàng,1,1,841500.0,589551.0
2025-01-16,Điện tử,Cần Thơ,Online,3,3,8219000.0,6381080.0
2025-01-16,Điện tử,Hà Nội,Cửa hàng,4,4,10230000.0,7083009.0
2025-01-16,Điện tử,Hà Nội,Online,6,6,15375000.0,10855170.0
2025-01-16,Điện tử,Hải Phòng,Cửa hàng,2,2,2805800.0,2295170.0
2025-01-16,Điện tử,Hải Phòng,Online,3,3,6928000.0,5474281.0
2025-01-16,Điện tử,TP HCM,Cửa hàng,6,6,22351164.0,16169440.0
2025-01-16,Điện tử,TP HCM,Online,6,6,11370200.0,8344130.0
2025-01-16,Điện tử,Đà Nẵng,Online,3,3,3021850.0,2165035.0
2025-01-17,Gia dụng,Cần Thơ,Cửa hàng,5,5,11092100.0,8286021.0
2025-01-17,Gia dụng,Hà Nội,Cửa hàng,4,4,8273800.0,5925391.0
2025-01-17,Gia dụng,Hà Nội,Online,3,3,4578000.0,3397435.0
2025-01-17,Gia dụng,Hải Phòng,Cửa hàng,3,3,5463800.0,4063089.0
2025-01-17,Gia dụng,TP HCM,Cửa hàng,8,8,11982600.0,9217267.0
2025-01-17,Gia dụng,TP HCM,Online,7,7,13322600.0,9436313.0
2025-01-17,Gia dụng,Đà Nẵng,Online,2,2,4553700.0,3702503.0
2025-01-17,Mỹ phẩm,Cần Thơ,Cửa hàng,1,1,401400.0,329410.0
2025-01-17,Mỹ phẩm,Cần Thơ,Online,1,1,960000.0,693356.0
2025-01-17,Mỹ phẩm,Hà Nội,Cửa hàng,3,3,3980000.0,2564399.0
2025-01-17,Mỹ phẩm,Hà Nội,Online,3,3,1878650.0,1419337.0
2025-01-17,Mỹ phẩm,TP HCM,Cửa hàng,4,4,3921000.0,2968264.0
2025-01-17,Mỹ phẩm,TP HCM,Online,1,1,405650.0,295324.0
2025-01-17,Sách,Cần Thơ,Cửa hàng,2,2,427000.0,265292.0
2025-01-17,Sách,Cần Thơ,Online,3,3,1076000.0,701958.0
2025-01-17,Sách,Hà Nội,Online,2,2,1144000.0,760663.0
2025-01-17,Sách,Hải Phòng,Cửa hàng,2,2,260200.0,190993.0
2025-01-17,Sách,Hải Phòng,Online,1,1,172000.0,118783.0
2025-01-17,Sách,TP HCM,Cửa hàng,5,5,1361250.0,988177.0
2025-01-17,Sách,TP HCM,Online,1,1,140600.0,107016.0
2025-01-17,Sách,Đà Nẵng,Cửa hàng,4,4,1161000.0,896625.0
2025-01-17,Sách,Đà Nẵng,Online,2,2,395600.0,300798.0
2025-01-17,Thời trang,Cần Thơ,Cửa hàng,2,2,3763000.0,3112383.0
2025-01-17,Thời trang,Cần Thơ,Online,1,1,611150.0,441882.0
2025-01-17,Thời trang,Hà Nội,Cửa hàng,4,4,8360750.0,6092475.0
2025-01-17,Thời trang,Hà Nội,Online,1,1,4260000.0,2809311.0
2025-01-17,Thời trang,Hải Phòng,Cửa hàng,1,1,857000.0,633687.0
2025-01-17,Thời trang,Hải Phòng,Online,2,2,3945400.0,2617403.0
2025-01-17,Thời trang,TP HCM,Cửa hàng,3,3,2134250.0,1501437.0
2025-01-17,Thời trang,TP HCM,Online,3,3,4139200.0,3299479.0
2025-01-17,Thời trang,Đà Nẵng,Cửa hàng,2,2,2945800.0,2103433.0
2025-01-17,Thời trang,Đà Nẵng,Online,2,2,1446500.0,1045723.0
2025-01-17,Thực phẩm,Cần Thơ,Cửa hàng,5,5,1592750.0,1260299.0
2025-01-17,Thực phẩm,Cần Thơ,Online,1,1,198000.0,123252.0
2025-01-17,Thực phẩm,Hà Nội,Cửa hàng,8,8,1765000.0,1213822.0
2025-01-17,Thực phẩm,Hà Nội,Online,8,8,2173950.0,1614558.0
2025-01-17,Thực phẩm,Hải Phòng,Cửa hàng,3,3,1496800.0,1113100.0
2025-01-17,Thực phẩm,Hải Phòng,Online,2,2,310850.0,240924.0
2025-01-17,Thực phẩm,TP HCM,Cửa hàng,8,8,2733100.0,2088137.0
2025-01-17,Thực phẩm,TP HCM,Online,12,12,5954416.0,4331731.0
2025-01-17,Thực phẩm,Đà Nẵng,Cửa hàng,5,5,1348000.0,1044790.0
2025-01-17,Thực phẩm,Đà Nẵng,Online,6,6,1771600.0,1210225.0
2025-01-17,Điện tử,Cần Thơ,Cửa hàng,5,5,11743600.0,8230144.0
2025-01-17,Điện tử,Cần Thơ,Online,5,5,7492150.0,5164870.0
2025-01-17,Điện tử,Hà Nội,Cửa hàng,5,5,24206450.0,17518363.0
2025-01-17,Điện tử,Hà Nội,Online,6,6,16122650.0,12328465.0
2025-01-17,Điện tử,Hải Phòng,Cửa hàng,2,2,2159300.0,1578523.0
2025-01-17,Điện tử,Hải Phòng,Online,4,4,4329000.0,2836123.0
2025-01-17,Điện tử,TP HCM,Cửa hàng,5,5,11004400.0,8210064.0
2025-01-17,Điện tử,TP HCM,Online,8,8,16845650.0,12024551.0
2025-01-17,Điện tử,Đà Nẵng,Cửa hàng,3,3,3429250.0,2356723.0
2025-01-17,Điện tử,Đà Nẵng,Online,1,1,1080000.0,899682.0
2025-01-18,Gia dụng,Cần Thơ,Cửa hàng,2,2,5441500.0,4481587.0
2025-01-18,Gia dụng,Cần Thơ,Online,3,3,4699600.0,3177826.0
2025-01-18,Gia dụng,Hà Nội,Cửa hàng,5,5,6159000.0,4640496.0
2025-01-18,Gia dụng,Hà Nội,Online,2,2,1699250.0,1266826.0
2025-01-18,Gia dụng,Hải Phòng,Cửa hàng,3,3,4118000.0,3149024.0
2025-01-18,Gia dụng,Hải Phòng,Online,1,1,1670000.0,1402370.0
2025-01-18,Gia dụng,TP HCM,Cửa hàng,6,6,10301750.0,7834677.0
2025-01-18,Gia dụng,TP HCM,Online,5,5,6561300.0,4864625.0
2025-01-18,Gia dụng,Đà Nẵng,Cửa hàng,2,2,3789000.0,2996376.0
2025-01-18,Mỹ phẩm,Cần Thơ,Cửa hàng,2,2,982950.0,809568.0
2025-01-18,Mỹ phẩm,Hà Nội,Cửa hàng,5,5,4145700.0,3091132.0
2025-01-18,Mỹ phẩm,Hà Nội,Online,4,4,4113200.0,2895427.0
2025-01-18,Mỹ phẩm,Hải Phòng,Cửa hàng,2,2,2173000.0,1529943.0
2025-01-18,Mỹ phẩm,TP HCM,Cửa hàng,6,6,11331589.0,8064735.0
2025-01-18,Mỹ phẩm,TP HCM,Online,2,2,1012000.0,776470.0
2025-01-18,Mỹ phẩm,Đà Nẵng,Cửa hàng,3,3,2147200.0,1560286.0
2025-01-18,Mỹ phẩm,Đà Nẵng,Online,3,3,1431000.0,1075695.0
2025-01-18,Sách,Cần Thơ,Online,2,2,1151200.0,895724.0
2025-01-18,Sách,Hà Nội,Cửa hàng,5,5,1559450.0,1133219.0
2025-01-18,Sách,Hà Nội,Online,2,2,425000.0,301052.0
2025-01-18,Sách,Hải Phòng,Cửa hàng,1,1,615600.0,509120.0
2025-01-18,Sách,Hải Phòng,Online,1,1,131000.0,88865.0
2025-01-18,Sách,TP HCM,Cửa hàng,1,1,165000.0,103084.0
2025-01-18,Sách,TP HCM,Online,3,3,1364100.0,1004264.0
2025-01-18,Sách,Đà Nẵng,Cửa hàng,3,3,591300.0,385437.0
2025-01-18,Sách,Đà Nẵng,Online,2,2,483000.0,349496.0
2025-01-18,Thời trang,Cần Thơ,Cửa hàng,2,2,2638600.0,1935469.0
2025-01-18,Thời trang,Hà Nội,Cửa hàng,4,4,6275550.0,4375205.0
2025-01-18,Thời trang,Hà Nội,Online,1,1,746000.0,543816.0
2025-01-18,Thời trang,Hải Phòng,Cửa hàng,1,1,682100.0,493181.0
2025-01-18,Thời trang,Hải Phòng,Online,2,2,2914600.0,2060047.0
2025-01-18,Thời trang,TP HCM,Cửa hàng,4,4,7136250.0,4849797.0
2025-01-18,Thời trang,TP HCM,Online,2,2,2379000.0,1792143.0
2025-01-18,Thời trang,Đà Nẵng,Cửa hàng,3,3,3243900.0,2153103.0
2025-01-18,Thời trang,Đà Nẵng,Online,1,1,690000.0,502675.0
2025-01-18,Thực phẩm,Cần Thơ,Cửa hàng,1,1,161000.0,128492.0
2025-01-18,Thực phẩm,Cần Thơ,Online,4,4,1313300.0,967510.0
2025-01-18,Thực phẩm,Hà Nội,Cửa hàng,10,10,3065800.0,2238780.0
2025-01-18,Thực phẩm,Hà Nội,Online,8,8,3179150.0,2216898.0
2025-01-18,Thực phẩm,Hải Phòng,Cửa hàng,4,4,1254850.0,934348.0
2025-01-18,Thực phẩm,Hải Phòng,Online,2,2,1187550.0,916871.0
2025-01-18,Thực phẩm,TP HCM,Cửa hàng,10,10,3276950.0,2301743.0
2025-01-18,Thực phẩm,TP HCM,Online,11,11,3860950.0,2635275.0
2025-01-18,Thực phẩm,Đà Nẵng,Cửa hàng,8,8,2210450.0,1664641.0
2025-01-18,Thực phẩm,Đà Nẵng,Online,3,3,851100.0,670861.0
2025-01-18,Điện tử,Cần Thơ,Cửa hàng,2,2,2171850.0,1492530.0
2025-01-18,Điện tử,Hà Nội,Cửa hàng,8,8,12070500.0,8583546.0
2025-01-18,Điện tử,Hà Nội,Online,2,2,5483100.0,3765048.0
2025-01-18,Điện tử,Hải Phòng,Cửa hàng,2,2,3953100.0,2506690.0
2025-01-18,Điện tử,Hải Phòng,Online,4,4,12184100.0,9156021.0
2025-01-18,Điện tử,TP HCM,Cửa hàng,7,7,9859450.0,7403869.0
2025-01-18,Điện tử,TP HCM,Online,5,5,13069800.0,9311582.0
2025-01-18,Điện tử,Đà Nẵng,Cửa hàng,1,1,988200.0,797855.0
2025-01-18,Điện tử,Đà Nẵng,Online,1,1,1020000.0,813875.0
2025-01-19,Gia dụng,Cần Thơ,Cửa hàng,4,4,3690500.0,2760993.0
2025-01-19,Gia dụng,Hà Nội,Cửa hàng,7,7,12296250.0,8553099.0
2025-01-19,Gia dụng,Hà Nội,Online,3,3,3619700.0,2817816.0
2025-01-19,Gia dụng,Hải Phòng,Cửa hàng,2,2,2275000.0,1727566.0
2025-01-19,Gia dụng,Hải Phòng,Online,3,3,6215100.0,4563197.0
2025-01-19,Gia dụng,TP HCM,Cửa hàng,7,7,9082250.0,6337024.0
2025-01-19,Gia dụng,TP HCM,Online,2,2,2731300.0,2048131.0
2025-01-19,Gia dụng,Đà Nẵng,Cửa hàng,1,1,1940000.0,1171333.0
2025-01-19,Gia dụng,Đà Nẵng,Online,3,3,4294700.0,3140557.0
2025-01-19,Mỹ phẩm,Cần Thơ,Cửa hàng,1,1,770400.0,481146.0
2025-01-19,Mỹ phẩm,Hà Nội,Cửa hàng,4,4,3518050.0,2688352.0
2025-01-19,Mỹ phẩm,Hà Nội,Online,2,2,2503000.0,1917237.0
2025-01-19,Mỹ phẩm,TP HCM,Cửa hàng,2,2,912000.0,629181.0
2025-01-19,Mỹ phẩm,TP HCM,Online,3,3,2484000.0,1727082.0
2025-01-19,Mỹ phẩm,Đà Nẵng,Cửa hàng,1,1,472150.0,306852.0
2025-01-19,Sách,Cần Thơ,Cửa hàng,1,1,278000.0,193738.0
2025-01-19,Sách,Cần Thơ,Online,1,1,151000.0,109385.0
2025-01-19,Sách,Hà Nội,Cửa hàng,3,3,925000.0,735371.0
2025-01-19,Sách,Hà Nội,Online,2,2,469000.0,342891.0
2025-01-19,Sách,Hải Phòng,Cửa hàng,2,2,756000.0,607460.0
2025-01-19,Sách,Hải Phòng,Online,2,2,465000.0,341069.0
2025-01-19,Sách,TP HCM,Cửa hàng,3,3,568750.0,397085.0
2025-01-19,Sách,TP HCM,Online,4,4,946000.0,696184.0
2025-01-19,Sách,Đà Nẵng,Cửa hàng,1,1,151050.0,123859.0
2025-01-19,Sách,Đà Nẵng,Online,3,3,399000.0,291889.0
2025-01-19,Thời trang,Cần Thơ,Cửa hàng,3,3,6413900.0,4574203.0
2025-01-19,Thời trang,Cần Thơ,Online,1,1,3164000.0,1754153.0
2025-01-19,Thời trang,Hà Nội,Cửa hàng,5,5,4672050.0,3381155.0
2025-01-19,Thời trang,Hà Nội,Online,2,2,1388400.0,1049911.0
2025-01-19,Thời trang,Hải Phòng,Cửa hàng,1,1,738000.0,533599.0
2025-01-19,Thời trang,Hải Phòng,Online,1,1,2154600.0,1557847.0
2025-01-19,Thời trang,TP HCM,Cửa hàng,7,7,13857576.0,10208746.0
2025-01-19,Thời trang,TP HCM,Online,6,6,7220850.0,5239018.0
2025-01-19,Thực phẩm,Cần Thơ,Cửa hàng,3,3,1438000.0,935252.0
2025-01-19,Thực phẩm,Cần Thơ,Online,3,3,471700.0,333664.0
2025-01-19,Thực phẩm,Hà Nội,Cửa hàng,13,13,4355600.0,3221263.0
2025-01-19,Thực phẩm,Hà Nội,Online,5,5,1340350.0,926361.0
2025-01-19,Thực phẩm,Hải Phòng,Cửa hàng,4,4,1241250.0,851320.0
2025-01-19,Thực phẩm,Hải Phòng,Online,1,1,154850.0,121716.0
2025-01-19,Thực phẩm,TP HCM,Cửa hàng,14,14,4061900.0,2862691.0
2025-01-19,Thực phẩm,TP HCM,Online,6,6,2167700.0,1583706.0
2025-01-19,Thực phẩm,Đà Nẵng,Cửa hàng,3,3,1487800.0,1074569.0
2025-01-19,Thực phẩm,Đà Nẵng,Online,5,5,3357380.0,2340621.0
2025-01-19,Điện tử,Cần Thơ,Cửa hàng,1,1,1149000.0,728654.0
2025-01-19,Điện tử,Cần Thơ,Online,2,2,4225900.0,3092501.0
2025-01-19,Điện tử,Hà Nội,Cửa hàng,7,7,9087200.0,6797453.0
2025-01-19,Điện tử,Hà Nội,Online,3,3,3282000.0,2246219.0
2025-01-19,Điện tử,Hải Phòng,Cửa hàng,1,1,902500.0,694297.0
2025-01-19,Điện tử,Hải Phòng,Online,3,3,6949200.0,5196237.0
2025-01-19,Điện tử,TP HCM,Cửa hàng,8,8,12502200.0,9133840.0
2025-01-19,Điện tử,TP HCM,Online,6,6,10580600.0,7729697.0
2025-01-19,Điện tử,Đà Nẵng,Cửa hàng,5,5,6471000.0,4700902.0
2025-01-20,Gia dụng,Cần Thơ,Cửa hàng,1,1,825000.0,678423.0
2025-01-20,Gia dụng,Cần Thơ,Online,1,1,2553000.0,1712901.0
2025-01-20,Gia dụng,Hà Nội,Cửa hàng,3,3,4951400.0,3816570.0
2025-01-20,Gia dụng,Hà Nội,Online,2,2,3071850.0,2055609.0
2025-01-20,Gia dụng,Hải Phòng,Cửa hàng,1,1,3536000.0,2351695.0
2025-01-20,Gia dụng,TP HCM,Cửa hàng,4,4,3905400.0,2865100.0
2025-01-20,Gia dụng,TP HCM,Online,6,6,9196600.0,6401430.0
2025-01-20,Gia dụng,Đà Nẵng,Cửa hàng,1,1,2469000.0,1880201.0
2025-01-20,Mỹ phẩm,Cần Thơ,Cửa hàng,2,2,1480500.0,989503.0
2025-01-20,Mỹ phẩm,Hà Nội,Cửa hàng,2,2,1739550.0,1180217.0
2025-01-20,Mỹ phẩm,Hà Nội,Online,4,4,2222250.0,1587282.0
2025-01-20,Mỹ phẩm,Hải Phòng,Cửa hàng,1,1,446000.0,284008.0
2025-01-20,Mỹ phẩm,Hải Phòng,Online,1,1,402050.0,337633.0
2025-01-20,Mỹ phẩm,TP HCM,Cửa hàng,4,4,3545100.0,2534368.0
2025-01-20,Mỹ phẩm,TP HCM,Online,2,2,921000.0,688126.0
2025-01-20,Mỹ phẩm,Đà Nẵng,Online,1,1,425000.0,266373.0
2025-01-20,Sách,Cần Thơ,Cửa hàng,1,1,151000.0,96553.0
2025-01-20,Sách,Cần Thơ,Online,1,1,159000.0,101063.0
2025-01-20,Sách,Hà Nội,Cửa hàng,4,4,1142800.0,831826.0
2025-01-20,Sách,Hà Nội,Online,6,6,1416800.0,1104961.0
2025-01-20,Sách,Hải Phòng,Online,1,1,158000.0,101543.0
2025-01-20,Sách,TP HCM,Cửa hàng,2,2,415100.0,317121.0
2025-01-20,Sách,TP HCM,Online,3,3,682600.0,497796.0
2025-01-20,Sách,Đà Nẵng,Cửa hàng,2,2,726000.0,592478.0
2025-01-20,Sách,Đà Nẵng,Online,3,3,589450.0,450894.0
2025-01-20,Thời trang,Cần Thơ,Cửa hàng,1,1,2100000.0,1382830.0
2025-01-20,Thời trang,Cần Thơ,Online,3,3,7193650.0,4922377.0
2025-01-20,Thời trang,Hà Nội,Cửa hàng,6,6,6143700.0,4421375.0
2025-01-20,Thời trang,Hà Nội,Online,5,5,5048900.0,3795963.0
2025-01-20,Thời trang,Hải Phòng,Cửa hàng,5,5,7036300.0,5045631.0
2025-01-20,Thời trang,Hải Phòng,Online,4,4,4379750.0,3327776.0
2025-01-20,Thời trang,TP HCM,Cửa hàng,9,9,10810200.0,7451844.0
2025-01-20,Thời trang,TP HCM,Online,1,1,3436000.0,2798568.0
2025-01-20,Thời trang,Đà Nẵng,Online,3,3,3209950.0,2542046.0
2025-01-20,Thực phẩm,Cần Thơ,Cửa hàng,1,1,322000.0,202064.0
2025-01-20,Thực phẩm,Cần Thơ,Online,4,4,2230000.0,1609863.0
2025-01-20,Thực phẩm,Hà Nội,Cửa hàng,8,8,2759800.0,2071236.0
2025-01-20,Thực phẩm,Hà Nội,Online,9,9,3040700.0,2149457.0
2025-01-20,Thực phẩm,Hải Phòng,Cửa hàng,5,5,1725850.0,1323416.0
2025-01-20,Thực phẩm,Hải Phòng,Online,4,4,952100.0,639876.0
2025-01-20,Thực phẩm,TP HCM,Cửa hàng,7,7,2585100.0,1917508.0
2025-01-20,Thực phẩm,TP HCM,Online,10,10,3550900.0,2462867.0
2025-01-20,Thực phẩm,Đà Nẵng,Cửa hàng,4,4,1527000.0,1141542.0
2025-01-20,Thực phẩm,Đà Nẵng,Online,2,2,989000.0,825686.0
2025-01-20,Điện tử,Cần Thơ,Cửa hàng,1,1,4750000.0,3606346.0
2025-01-20,Điện tử,Cần Thơ,Online,3,3,7301400.0,4617962.0
2025-01-20,Điện tử,Hà Nội,Cửa hàng,3,3,5018500.0,3777589.0
2025-01-20,Điện tử,Hà Nội,Online,7,7,15126500.0,11366929.0
2025-01-20,Điện tử,Hải Phòng,Cửa hàng,5,5,9750200.0,7221098.0
2025-01-20,Điện tử,TP HCM,Cửa hàng,6,6,8149300.0,6143493.0
2025-01-20,Điện tử,TP HCM,Online,4,4,8380500.0,6451654.0
2025-01-20,Điện tử,Đà Nẵng,Cửa hàng,1,1,1066500.0,709803.0
2025-01-20,Điện tử,Đà Nẵng,Online,2,2,4666000.0,3100793.0
2025-01-21,Gia dụng,Cần Thơ,Cửa hàng,4,4,10365000.0,6794944.0
2025-01-21,Gia dụng,Cần Thơ,Online,2,2,1795000.0,1246272.0
2025-01-21,Gia dụng,Hà Nội,Cửa hàng,4,4,7092000.0,5015957.0
2025-01-21,Gia dụng,Hà Nội,Online,2,2,4610000.0,2946123.0
2025-01-21,Gia dụng,Hải Phòng,Cửa hàng,3,3,5414800.0,4271175.0
2025-01-21,Gia dụng,Hải Phòng,Online,1,1,809400.0,568262.0
2025-01-21,Gia dụng,TP HCM,Cửa hàng,2,2,1680900.0,1185392.0
2025-01-21,Gia dụng,TP HCM,Online,2,2,1728000.0,1206678.0
2025-01-21,Gia dụng,Đà Nẵng,Cửa hàng,3,3,4220500.0,3113586.0
2025-01-21,Mỹ phẩm,Cần Thơ,Cửa hàng,1,1,982000.0,710164.0
2025-01-21,Mỹ phẩm,Cần Thơ,Online,1,1,387600.0,253269.0
2025-01-21,Mỹ phẩm,Hà Nội,Cửa hàng,2,2,2187000.0,1797955.0
2025-01-21,Mỹ phẩm,Hà Nội,Online,2,2,1621500.0,1184687.0
2025-01-21,Mỹ phẩm,Hải Phòng,Cửa hàng,1,1,478800.0,341776.0
2025-01-21,Mỹ phẩm,Hải Phòng,Online,2,2,1906900.0,1401791.0
2025-01-21,Mỹ phẩm,TP HCM,Cửa hàng,1,1,1919000.0,1571820.0
2025-01-21,Mỹ phẩm,TP HCM,Online,3,3,3030000.0,2267995.0
2025-01-21,Mỹ phẩm,Đà Nẵng,Cửa hàng,1,1,464000.0,315622.0
2025-01-21,Mỹ phẩm,Đà Nẵng,Online,2,2,1573000.0,1235197.0
2025-01-21,Sách,Hải Phòng,Cửa hàng,1,1,596600.0,424042.0
2025-01-21,Sách,Hải Phòng,Online,2,2,268000.0,180428.0
2025-01-21,Sách,TP HCM,Cửa hàng,1,1,155000.0,104620.0
2025-01-21,Sách,TP HCM,Online,2,2,377900.0,299087.0
2025-01-21,Sách,Đà Nẵng,Cửa hàng,1,1,429000.0,275969.0
2025-01-21,Sách,Đà Nẵng,Online,4,4,728250.0,545987.0
2025-01-21,Thời trang,Cần Thơ,Cửa hàng,1,1,1578000.0,1145692.0
2025-01-21,Thời trang,Cần Thơ,Online,3,3,4100500.0,2979903.0
2025-01-21,Thời trang,Hà Nội,Cửa hàng,6,6,5560800.0,3698723.0
2025-01-21,Thời trang,Hà Nội,Online,4,4,6691800.0,4757039.0
2025-01-21,Thời trang,Hải Phòng,Cửa hàng,3,3,3454600.0,2540130.0
2025-01-21,Thời trang,Hải Phòng,Online,2,2,3556000.0,2702321.0
2025-01-21,Thời trang,TP HCM,Cửa hàng,6,6,6298600.0,4832134.0
2025-01-21,Thời trang,TP HCM,Online,6,6,10690950.0,6911607.0
2025-01-21,Thời trang,Đà Nẵng,Cửa hàng,1,1,3092000.0,2193009.0
2025-01-21,Thực phẩm,Cần Thơ,Cửa hàng,5,5,1263300.0,843216.0
2025-01-21,Thực phẩm,Cần Thơ,Online,3,3,910000.0,754868.0
2025-01-21,Thực phẩm,Hà Nội,Cửa hàng,10,10,2347900.0,1632639.0
2025-01-21,Thực phẩm,Hà Nội,Online,11,11,4224849.0,3074037.0
2025-01-21,Thực phẩm,Hải Phòng,Cửa hàng,5,5,1497000.0,1020419.0
2025-01-21,Thực phẩm,Hải Phòng,Online,3,3,693300.0,458414.0
2025-01-21,Thực phẩm,TP HCM,Cửa hàng,12,12,4228200.0,3259021.0
2025-01-21,Thực phẩm,TP HCM,Online,6,6,1381200.0,1046025.0
2025-01-21,Thực phẩm,Đà Nẵng,Cửa hàng,4,4,856100.0,687070.0
2025-01-21,Thực phẩm,Đà Nẵng,Online,2,2,366000.0,285096.0
2025-01-21,Điện tử,Cần Thơ,Cửa hàng,2,2,3820000.0,2706122.0
2025-01-21,Điện tử,Cần Thơ,Online,3,3,7303600.0,5695439.0
2025-01-21,Điện tử,Hà Nội,Cửa hàng,8,8,12232500.0,9138036.0
2025-01-21,Điện tử,Hà Nội,Online,2,2,10663000.0,8412496.0
2025-01-21,Điện tử,Hải Phòng,Cửa hàng,4,4,4461900.0,3150123.0
2025-01-21,Điện tử,Hải Phòng,Online,2,2,5832850.0,4221698.0
2025-01-21,Điện tử,TP HCM,Cửa hàng,6,6,13633850.0,10042824.0
2025-01-21,Điện tử,TP HCM,Online,8,8,11407650.0,8491540.0
2025-01-21,Điện tử,Đà Nẵng,Cửa hàng,5,5,8316400.0,6236236.0
2025-01-21,Điện tử,Đà Nẵng,Online,5,5,7050700.0,5407732.0
2025-01-22,Gia dụng,Cần Thơ,Online,2,2,3524000.0,2587083.0
2025-01-22,Gia dụng,Hà Nội,Cửa hàng,5,5,4940300.0,3862027.0
2025-01-22,Gia dụng,Hà Nội,Online,4,4,4178150.0,3029870.0
2025-01-22,Gia dụng,Hải Phòng,Cửa hàng,2,2,2201150.0,1474592.0
2025-01-22,Gia dụng,Hải Phòng,Online,2,2,4855000.0,3487243.0
2025-01-22,Gia dụng,TP HCM,Cửa hàng,6,6,6912050.0,4911990.0
2025-01-22,Gia dụng,TP HCM,Online,8,8,11210900.0,8020016.0
2025-01-22,Gia dụng,Đà Nẵng,Cửa hàng,1,1,1610000.0,1129260.0
2025-01-22,Gia dụng,Đà Nẵng,Online,1,1,733400.0,510233.0
2025-01-22,Mỹ phẩm,Cần Thơ,Cửa hàng,1,1,550000.0,369112.0
2025-01-22,Mỹ phẩm,Cần Thơ,Online,2,2,1327800.0,929757.0
2025-01-22,Mỹ phẩm,Hà Nội,Cửa hàng,2,2,1768000.0,1192120.0
2025-01-22,Mỹ phẩm,Hà Nội,Online,4,4,2407200.0,1754541.0
2025-01-22,Mỹ phẩm,Hải Phòng,Cửa hàng,1,1,461000.0,325725.0
2025-01-22,Mỹ phẩm,Hải Phòng,Online,1,1,432000.0,277887.0
2025-01-22,Mỹ phẩm,TP HCM,Cửa hàng,1,1,474000.0,295354.0
2025-01-22,Mỹ phẩm,TP HCM,Online,1,1,892500.0,654441.0
2025-01-22,Mỹ phẩm,Đà Nẵng,Cửa hàng,1,1,1371900.0,1131180.0
2025-01-22,Mỹ phẩm,Đà Nẵng,Online,2,2,2339000.0,1641036.0
2025-01-22,Sách,Cần Thơ,Cửa hàng,2,2,755750.0,616239.0
2025-01-22,Sách,Cần Thơ,Online,1,1,143000.0,103590.0
2025-01-22,Sách,Hà Nội,Cửa hàng,3,3,398000.0,264362.0
2025-01-22,Sách,Hà Nội,Online,3,3,1165150.0,817353.0
2025-01-22,Sách,Hải Phòng,Cửa hàng,3,3,818650.0,570583.0
2025-01-22,Sách,TP HCM,Cửa hàng,2,2,861000.0,566217.0
2025-01-22,Sách,TP HCM,Online,3,3,1228000.0,833944.0
2025-01-22,Sách,Đà Nẵng,Online,4,4,980950.0,756787.0
2025-01-22,Thời trang,Cần Thơ,Cửa hàng,1,1,629850.0,455403.0
2025-01-22,Thời trang,Hà Nội,Cửa hàng,7,7,6741550.0,4589866.0
2025-01-22,Thời trang,Hà Nội,Online,1,1,1962000.0,1493524.0
2025-01-22,Thời trang,Hải Phòng,Cửa hàng,4,4,7510800.0,5454787.0
2025-01-22,Thời trang,TP HCM,Cửa hàng,3,3,3054000.0,2359123.0
2025-01-22,Thời trang,TP HCM,Online,4,4,5841000.0,4147945.0
2025-01-22,Thời trang,Đà Nẵng,Cửa hàng,2,2,8374067.0,5745717.0
2025-01-22,Thời trang,Đà Nẵng,Online,1,1,638400.0,510062.0
2025-01-22,Thực phẩm,Cần Thơ,Cửa hàng,3,3,682500.0,471986.0
2025-01-22,Thực phẩm,Cần Thơ,Online,2,2,725950.0,501920.0
2025-01-22,Thực phẩm,Hà Nội,Cửa hàng,13,13,5753723.0,4043616.0
2025-01-22,Thực phẩm,Hà Nội,Online,11,11,2311950.0,1711903.0
2025-01-22,Thực phẩm,Hải Phòng,Cửa hàng,4,4,1066900.0,742655.0
2025-01-22,Thực phẩm,Hải Phòng,Online,3,3,644550.0,470690.0
2025-01-22,Thực phẩm,TP HCM,Cửa hàng,12,12,8703330.0,6106012.0
2025-01-22,Thực phẩm,TP HCM,Online,5,5,1343500.0,961461.0
2025-01-22,Thực phẩm,Đà Nẵng,Cửa hàng,4,4,1181900.0,838262.0
2025-01-22,Thực phẩm,Đà Nẵng,Online,6,6,1422900.0,954829.0
2025-01-22,Điện tử,Cần Thơ,Cửa hàng,1,1,1032000.0,713453.0
2025-01-22,Điện tử,Cần Thơ,Online,2,2,4160000.0,3107964.0
2025-01-22,Điện tử,Hà Nội,Cửa hàng,8,8,10370250.0,7444214.0
2025-01-22,Điện tử,Hà Nội,Online,1,1,2106000.0,1440917.0
2025-01-22,Điện tử,Hải Phòng,Cửa hàng,3,3,7180850.0,5185455.0
2025-01-22,Điện tử,Hải Phòng,Online,2,2,2987000.0,2271246.0
2025-01-22,Điện tử,TP HCM,Cửa hàng,11,11,15627950.0,10890597.0
2025-01-22,Điện tử,TP HCM,Online,6,6,11362500.0,8440401.0
2025-01-22,Điện tử,Đà Nẵng,Cửa hàng,4,4,7388500.0,5231735.0
2025-01-22,Điện tử,Đà Nẵng,Online,3,3,9059000.0,5919070.0
2025-01-23,Gia dụng,Cần Thơ,Cửa hàng,6,6,20887395.0,14622279.0
2025-01-23,Gia dụng,Cần Thơ,Online,3,3,15265182.0,11127302.0
2025-01-23,Gia dụng,Hà Nội,Cửa hàng,10,10,11138450.0,8239125.0
2025-01-23,Gia dụng,Hà Nội,Online,3,3,5297000.0,3978886.0
2025-01-23,Gia dụng,Hải Phòng,Online,3,3,3343900.0,2284733.0
2025-01-23,Gia dụng,TP HCM,Cửa hàng,4,4,13094800.0,10105244.0
2025-01-23,Gia dụng,TP HCM,Online,3,3,2474000.0,1799696.0
2025-01-23,Gia dụng,Đà Nẵng,Cửa hàng,1,1,1920000.0,1581614.0
2025-01-23,Mỹ phẩm,Cần Thơ,Cửa hàng,2,2,1834450.0,1390209.0
2025-01-23,Mỹ phẩm,Cần Thơ,Online,1,1,488300.0,294866.0
2025-01-23,Mỹ phẩm,Hà Nội,Cửa hàng,8,8,4343850.0,2905707.0
2025-01-23,Mỹ phẩm,Hà Nội,Online,2,2,2157800.0,1335320.0
2025-01-23,Mỹ phẩm,Hải Phòng,Cửa hàng,1,1,1464900.0,1190424.0
2025-01-23,Mỹ phẩm,Hải Phòng,Online,1,1,420000.0,267281.0
2025-01-23,Mỹ phẩm,TP HCM,Cửa hàng,4,4,5177750.0,3976879.0
2025-01-23,Mỹ phẩm,TP HCM,Online,2,2,1469000.0,1039077.0
2025-01-23,Mỹ phẩm,Đà Nẵng,Cửa hàng,1,1,530000.0,398917.0
2025-01-23,Sách,Cần Thơ,Online,3,3,484100.0,373894.0
2025-01-23,Sách,Hà Nội,Cửa hàng,4,4,1513000.0,1068749.0
2025-01-23,Sách,Hà Nội,Online,3,3,465500.0,336836.0
2025-01-23,Sách,Hải Phòng,Cửa hàng,1,1,131400.0,96957.0
2025-01-23,Sách,Hải Phòng,Online,2,2,745600.0,570402.0
2025-01-23,Sách,TP HCM,Cửa hàng,6,6,1504450.0,1035401.0
2025-01-23,Sách,TP HCM,Online,2,2,456000.0,319388.0
2025-01-23,Sách,Đà Nẵng,Cửa hàng,1,1,287300.0,198292.0
2025-01-23,Sách,Đà Nẵng,Online,1,1,656000.0,467878.0
2025-01-23,Thời trang,Cần Thơ,Cửa hàng,2,2,1505100.0,1192102.0
2025-01-23,Thời trang,Hà Nội,Cửa hàng,4,4,5324750.0,3686286.0
2025-01-23,Thời trang,Hà Nội,Online,6,6,17727536.0,12672444.0
2025-01-23,Thời trang,Hải Phòng,Online,1,1,716300.0,517909.0
2025-01-23,Thời trang,TP HCM,Cửa hàng,2,2,2902150.0,2156803.0
2025-01-23,Thời trang,TP HCM,Online,3,3,2255000.0,1567532.0
2025-01-23,Thời trang,Đà Nẵng,Cửa hàng,2,2,2414000.0,1716809.0
2025-01-23,Thời trang,Đà Nẵng,Online,2,2,1488700.0,980425.0
2025-01-23,Thực phẩm,Cần Thơ,Cửa hàng,3,3,1002000.0,780174.0
2025-01-23,Thực phẩm,Cần Thơ,Online,7,7,2380200.0,1715573.0
2025-01-23,Thực phẩm,Hà Nội,Cửa hàng,8,8,3636950.0,2382815.0
2025-01-23,Thực phẩm,Hà Nội,Online,5,5,1274650.0,950785.0
2025-01-23,Thực phẩm,Hải Phòng,Cửa hàng,4,4,1469100.0,1074140.0
2025-01-23,Thực phẩm,Hải Phòng,Online,1,1,1489728.0,1042809.0
2025-01-23,Thực phẩm,TP HCM,Cửa hàng,11,11,3562200.0,2737750.0
2025-01-23,Thực phẩm,TP HCM,Online,9,9,2559700.0,1939747.0
2025-01-23,Thực phẩm,Đà Nẵng,Cửa hàng,6,6,2195800.0,1647784.0
2025-01-23,Thực phẩm,Đà Nẵng,Online,2,2,837000.0,571883.0
2025-01-23,Điện tử,Cần Thơ,Cửa hàng,3,3,4781200.0,3153395.0
2025-01-23,Điện tử,Hà Nội,Cửa hàng,4,4,7901750.0,5326852.0
2025-01-23,Điện tử,Hà Nội,Online,1,1,3108000.0,2585285.0
2025-01-23,Điện tử,Hải Phòng,Cửa hàng,2,2,3088350.0,2135626.0
2025-01-23,Điện tử,Hải Phòng,Online,3,3,5779900.0,4279280.0
2025-01-23,Điện tử,TP HCM,Cửa hàng,7,7,12026100.0,8417399.0
2025-01-23,Điện tử,TP HCM,Online,6,6,7127050.0,5138656.0
2025-01-23,Điện tử,Đà Nẵng,Cửa hàng,2,2,14144123.0,9927479.0
2025-01-23,Điện tử,Đà Nẵng,Online,2,2,2986400.0,2037053.0
2025-01-24,Gia dụng,Cần Thơ,Cửa hàng,1,1,801900.0,509126.0
2025-01-24,Gia dụng,Cần Thơ,Online,1,1,1570000.0,1132262.0
2025-01-24,Gia dụng,Hà Nội,Cửa hàng,6,6,12522000.0,8790719.0
2025-01-24,Gia dụng,Hà Nội,Online,5,5,9693300.0,7185416.0
2025-01-24,Gia dụng,Hải Phòng,Cửa hàng,1,1,2775000.0,1728699.0
2025-01-24,Gia dụng,Hải Phòng,Online,3,3,2377100.0,1748302.0
2025-01-24,Gia dụng,TP HCM,Cửa hàng,9,9,24044622.0,16982046.0
2025-01-24,Gia dụng,TP HCM,Online,3,3,15396346.0,10912998.0
2025-01-24,Gia dụng,Đà Nẵng,Cửa hàng,1,1,888000.0,596593.0
2025-01-24,Gia dụng,Đà Nẵng,Online,2,2,2464400.0,1819556.0
2025-01-24,Mỹ phẩm,Cần Thơ,Cửa hàng,2,2,3799000.0,2777327.0
2025-01-24,Mỹ phẩm,Hà Nội,Cửa hàng,2,2,901700.0,624136.0
2025-01-24,Mỹ phẩm,Hà Nội,Online,3,3,1911400.0,1336855.0
2025-01-24,Mỹ phẩm,Hải Phòng,Cửa hàng,2,2,2500000.0,1572843.0
2025-01-24,Mỹ phẩm,TP HCM,Cửa hàng,6,6,4574350.0,3421990.0
2025-01-24,Mỹ phẩm,TP HCM,Online,7,7,6033000.0,4437343.0
2025-01-24,Sách,Cần Thơ,Cửa hàng,3,3,942700.0,725430.0
2025-01-24,Sách,Hà Nội,Cửa hàng,4,4,922000.0,616329.0
2025-01-24,Sách,Hà Nội,Online,2,2,311000.0,207441.0
2025-01-24,Sách,Hải Phòng,Cửa hàng,1,1,143100.0,101011.0
2025-01-24,Sách,Hải Phòng,Online,3,3,708000.0,519495.0
2025-01-24,Sách,TP HCM,Cửa hàng,4,4,723200.0,527780.0
2025-01-24,Sách,TP HCM,Online,4,4,1366400.0,948441.0
2025-01-24,Sách,Đà Nẵng,Cửa hàng,3,3,1008900.0,701196.0
2025-01-24,Sách,Đà Nẵng,Online,3,3,535100.0,406632.0
2025-01-24,Thời trang,Cần Thơ,Online,1,1,770000.0,556736.0
2025-01-24,Thời trang,Hà Nội,Cửa hàng,8,8,15165900.0,11595541.0
2025-01-24,Thời trang,Hà Nội,Online,3,3,5382200.0,4314000.0
2025-01-24,Thời trang,Hải Phòng,Cửa hàng,1,1,1302000.0,813460.0
2025-01-24,Thời trang,Hải Phòng,Online,1,1,1672000.0,1275822.0
2025-01-24,Thời trang,TP HCM,Cửa hàng,6,6,7181650.0,5368921.0
2025-01-24,Thời trang,TP HCM,Online,1,1,562700.0,402682.0
2025-01-24,Thời trang,Đà Nẵng,Cửa hàng,3,3,3771250.0,2669496.0
2025-01-24,Thực phẩm,Cần Thơ,Cửa hàng,1,1,202000.0,123917.0
2025-01-24,Thực phẩm,Cần Thơ,Online,3,3,1513200.0,1147189.0
2025-01-24,Thực phẩm,Hà Nội,Cửa hàng,4,4,886650.0,623089.0
2025-01-24,Thực phẩm,Hà Nội,Online,3,3,759000.0,550127.0
2025-01-24,Thực phẩm,Hải Phòng,Cửa hàng,1,1,459000.0,338032.0
2025-01-24,Thực phẩm,Hải Phòng,Online,4,4,1041500.0,737687.0
2025-01-24,Thực phẩm,TP HCM,Cửa hàng,14,14,4559950.0,3249630.0
2025-01-24,Thực phẩm,TP HCM,Online,11,11,3281700.0,2359356.0
2025-01-24,Thực phẩm,Đà Nẵng,Cửa hàng,6,6,3067250.0,2177682.0
2025-01-24,Thực phẩm,Đà Nẵng,Online,1,1,368000.0,290630.0
2025-01-24,Điện tử,Cần Thơ,Cửa hàng,4,4,8721500.0,6290150.0
2025-01-24,Điện tử,Cần Thơ,Online,2,2,3375000.0,2442756.0
2025-01-24,Điện tử,Hà Nội,Cửa hàng,6,6,11873050.0,8604782.0
2025-01-24,Điện tử,Hà Nội,Online,2,2,2183600.0,1602047.0
2025-01-24,Điện tử,Hải Phòng,Cửa hàng,2,2,1840500.0,1216349.0
2025-01-24,Điện tử,Hải Phòng,Online,1,1,6320000.0,4574287.0
2025-01-24,Điện tử,TP HCM,Cửa hàng,9,8,20696100.0,15702073.0
2025-01-24,Điện tử,TP HCM,Online,6,6,6447850.0,4916200.0
2025-01-24,Điện tử,Đà Nẵng,Cửa hàng,2,2,3332000.0,2435253.0
2025-01-24,Điện tử,Đà Nẵng,Online,4,4,9322100.0,6774771.0
2025-01-25,Gia dụng,Cần Thơ,Cửa hàng,2,2,1498000.0,1157370.0
2025-01-25,Gia dụng,Cần Thơ,Online,2,2,3875000.0,2659406.0
2025-01-25,Gia dụng,Hà Nội,Cửa hàng,2,2,1600300.0,1064487.0
2025-01-25,Gia dụng,Hà Nội,Online,6,6,8690500.0,5806937.0
2025-01-25,Gia dụng,Hải Phòng,Cửa hàng,5,5,8234400.0,5927808.0
2025-01-25,Gia dụng,Hải Phòng,Online,2,2,3540000.0,2169971.0
2025-01-25,Gia dụng,TP HCM,Cửa hàng,7,7,11990000.0,8552263.0
2025-01-25,Gia dụng,TP HCM,Online,3,3,4003850.0,2798533.0
2025-01-25,Gia dụng,Đà Nẵng,Cửa hàng,4,4,8174750.0,5434905.0
2025-01-25,Gia dụng,Đà Nẵng,Online,5,5,9498500.0,6432373.0
2025-01-25,Mỹ phẩm,Cần Thơ,Cửa hàng,2,2,2024000.0,1527010.0
2025-01-25,Mỹ phẩm,Cần Thơ,Online,1,1,475950.0,390613.0
2025-01-25,Mỹ phẩm,Hà Nội,Cửa hàng,2,2,1391500.0,1070094.0
2025-01-25,Mỹ phẩm,Hải Phòng,Cửa hàng,2,2,898000.0,722415.0
2025-01-25,Mỹ phẩm,TP HCM,Cửa hàng,4,4,3294950.0,2365961.0
2025-01-25,Mỹ phẩm,TP HCM,Online,4,4,4437500.0,3142815.0
2025-01-25,Mỹ phẩm,Đà Nẵng,Cửa hàng,2,2,954750.0,681148.0
2025-01-25,Sách,Cần Thơ,Cửa hàng,1,1,159000.0,95959.0
2025-01-25,Sách,Cần Thơ,Online,1,1,278000.0,168291.0
2025-01-25,Sách,Hà Nội,Cửa hàng,2,2,545300.0,395957.0
2025-01-25,Sách,Hà Nội,Online,4,4,732000.0,548085.0
2025-01-25,Sách,Hải Phòng,Cửa hàng,2,2,381900.0,244397.0
2025-01-25,Sách,Hải Phòng,Online,2,2,733100.0,542677.0
2025-01-25,Sách,TP HCM,Cửa hàng,4,4,1125750.0,819161.0
2025-01-25,Sách,TP HCM,Online,6,6,1604250.0,1126803.0
2025-01-25,Sách,Đà Nẵng,Online,1,1,134900.0,95069.0
2025-01-25,Thời trang,Cần Thơ,Cửa hàng,2,2,12862582.0,9288696.0
2025-01-25,Thời trang,Cần Thơ,Online,1,1,1398000.0,854192.0
2025-01-25,Thời trang,Hà Nội,Cửa hàng,3,3,3589150.0,2528872.0
2025-01-25,Thời trang,Hà Nội,Online,2,2,4031300.0,3231638.0
2025-01-25,Thời trang,Hải Phòng,Cửa hàng,1,1,777000.0,511199.0
2025-01-25,Thời trang,Hải Phòng,Online,2,2,3676100.0,2415585.0
2025-01-25,Thời trang,TP HCM,Cửa hàng,5,5,9426250.0,7027413.0
2025-01-25,Thời trang,TP HCM,Online,3,3,6485400.0,4761492.0
2025-01-25,Thời trang,Đà Nẵng,Online,3,3,4360000.0,3112587.0
2025-01-25,Thực phẩm,Cần Thơ,Cửa hàng,6,6,1110200.0,735022.0
2025-01-25,Thực phẩm,Cần Thơ,Online,2,2,321550.0,227162.0
2025-01-25,Thực phẩm,Hà Nội,Cửa hàng,11,11,2631100.0,1825469.0
2025-01-25,Thực phẩm,Hà Nội,Online,3,3,1699000.0,1174629.0
2025-01-25,Thực phẩm,Hải Phòng,Cửa hàng,7,7,1512550.0,1030682.0
2025-01-25,Thực phẩm,Hải Phòng,Online,1,1,198000.0,132193.0
2025-01-25,Thực phẩm,TP HCM,Cửa hàng,15,15,4421850.0,3218897.0
2025-01-25,Thực phẩm,TP HCM,Online,10,10,2634900.0,1984105.0
2025-01-25,Thực phẩm,Đà Nẵng,Cửa hàng,6,6,1851100.0,1342558.0
2025-01-25,Thực phẩm,Đà Nẵng,Online,1,1,200000.0,143942.0
2025-01-25,Điện tử,Cần Thơ,Cửa hàng,1,1,1196000.0,865368.0
2025-01-25,Điện tử,Cần Thơ,Online,4,4,5114900.0,3534335.0
2025-01-25,Điện tử,Hà Nội,Cửa hàng,4,4,5929950.0,4258941.0
2025-01-25,Điện tử,Hà Nội,Online,3,3,7194000.0,5020257.0
2025-01-25,Điện tử,Hải Phòng,Cửa hàng,1,1,4730000.0,3616427.0
2025-01-25,Điện tử,TP HCM,Cửa hàng,9,9,17058350.0,12216245.0
2025-01-25,Điện tử,TP HCM,Online,7,7,10912900.0,7790672.0
2025-01-25,Điện tử,Đà Nẵng,Cửa hàng,5,5,7645250.0,5753611.0
2025-01-25,Điện tử,Đà Nẵng,Online,2,2,2027100.0,1394117.0
2025-01-26,Gia dụng,Cần Thơ,Cửa hàng,2,2,17964839.0,12904389.0
2025-01-26,Gia dụng,Cần Thơ,Online,2,2,1720900.0,1241089.0
2025-01-26,Gia dụng,Hà Nội,Cửa hàng,2,2,1532900.0,962445.0
2025-01-26,Gia dụng,Hà Nội,Online,2,2,6017750.0,4068178.0
2025-01-26,Gia dụng,Hải Phòng,Cửa hàng,2,2,1755000.0,1380995.0
2025-01-26,Gia dụng,TP HCM,Cửa hàng,4,4,8458000.0,6602741.0
2025-01-26,Gia dụng,TP HCM,Online,6,6,10573000.0,7522705.0
2025-01-26,Gia dụng,Đà Nẵng,Online,6,6,6108950.0,4172045.0
2025-01-26,Mỹ phẩm,Cần Thơ,Cửa hàng,2,2,1994000.0,1374611.0
2025-01-26,Mỹ phẩm,Hà Nội,Cửa hàng,4,4,4880200.0,3660533.0
2025-01-26,Mỹ phẩm,Hà Nội,Online,1,1,412200.0,278110.0
2025-01-26,Mỹ phẩm,TP HCM,Cửa hàng,2,2,1742100.0,1206728.0
2025-01-26,Mỹ phẩm,TP HCM,Online,1,1,850000.0,602457.0
2025-01-26,Mỹ phẩm,Đà Nẵng,Online,1,1,1995000.0,1681638.0
2025-01-26,Sách,Cần Thơ,Cửa hàng,1,1,304000.0,217373.0
2025-01-26,Sách,Hà Nội,Cửa hàng,6,6,1834100.0,1326142.0
2025-01-26,Sách,Hà Nội,Online,4,4,931450.0,639303.0
2025-01-26,Sách,Hải Phòng,Cửa hàng,2,2,450200.0,291068.0
2025-01-26,Sách,Hải Phòng,Online,1,1,260000.0,188345.0
2025-01-26,Sách,TP HCM,Cửa hàng,2,2,953800.0,742342.0
2025-01-26,Sách,TP HCM,Online,4,4,959550.0,660553.0
2025-01-26,Sách,Đà Nẵng,Cửa hàng,1,1,279300.0,174573.0
2025-01-26,Sách,Đà Nẵng,Online,1,1,444600.0,322069.0
2025-01-26,Thời trang,Cần Thơ,Cửa hàng,5,5,9910650.0,7090674.0
2025-01-26,Thời trang,Hà Nội,Cửa hàng,7,7,8593850.0,6234065.0
2025-01-26,Thời trang,Hà Nội,Online,8,7,8483950.0,6030631.0
2025-01-26,Thời trang,Hải Phòng,Online,1,1,578700.0,456038.0
2025-01-26,Thời trang,TP HCM,Cửa hàng,5,5,7375000.0,5682747.0
2025-01-26,Thời trang,TP HCM,Online,1,1,852000.0,543839.0
2025-01-26,Thời trang,Đà Nẵng,Cửa hàng,2,2,2203200.0,1677813.0
2025-01-26,Thực phẩm,Cần Thơ,Cửa hàng,2,2,316900.0,237983.0
2025-01-26,Thực phẩm,Cần Thơ,Online,4,4,1587950.0,1137484.0
2025-01-26,Thực phẩm,Hà Nội,Cửa hàng,12,12,6505383.0,4770152.0
2025-01-26,Thực phẩm,Hà Nội,Online,9,8,2170150.0,1507836.0
2025-01-26,Thực phẩm,Hải Phòng,Cửa hàng,2,2,557100.0,371103.0
2025-01-26,Thực phẩm,Hải Phòng,Online,5,5,1073450.0,684943.0
2025-01-26,Thực phẩm,TP HCM,Cửa hàng,10,10,3226500.0,2338570.0
2025-01-26,Thực phẩm,TP HCM,Online,10,10,2711700.0,1902310.0
2025-01-26,Thực phẩm,Đà Nẵng,Cửa hàng,3,3,750000.0,553243.0
2025-01-26,Thực phẩm,Đà Nẵng,Online,4,4,1028850.0,692891.0
2025-01-26,Điện tử,Cần Thơ,Cửa hàng,3,3,8265200.0,5402704.0
2025-01-26,Điện tử,Cần Thơ,Online,3,3,4209450.0,3050670.0
2025-01-26,Điện tử,Hà Nội,Cửa hàng,8,8,17987200.0,12195861.0
2025-01-26,Điện tử,Hà Nội,Online,3,3,5297200.0,3949483.0
2025-01-26,Điện tử,Hải Phòng,Cửa hàng,3,3,5008200.0,3326427.0
2025-01-26,Điện tử,Hải Phòng,Online,1,1,4780000.0,3883929.0
2025-01-26,Điện tử,TP HCM,Cửa hàng,9,9,15935450.0,11060849.0
2025-01-26,Điện tử,TP HCM,Online,2,2,6835000.0,5233443.0
2025-01-26,Điện tử,Đà Nẵng,Cửa hàng,2,2,4778000.0,3125803.0
2025-01-26,Điện tử,Đà Nẵng,Online,3,3,6529500.0,4774496.0
2025-01-27,Gia dụng,Cần Thơ,Cửa hàng,3,3,3774000.0,2835642.0
2025-01-27,Gia dụng,Cần Thơ,Online,2,2,4820500.0,3375244.0
2025-01-27,Gia dụng,Hà Nội,Cửa hàng,2,2,2983000.0,1909842.0
2025-01-27,Gia dụng,Hà Nội,Online,3,3,4972300.0,3842003.0
2025-01-27,Gia dụng,Hải Phòng,Cửa hàng,1,1,771400.0,579474.0
2025-01-27,Gia dụng,Hải Phòng,Online,1,1,1812000.0,1306789.0
2025-01-27,Gia dụng,TP HCM,Cửa hàng,5,5,5066000.0,4006942.0
2025-01-27,Gia dụng,TP HCM,Online,5,5,7477300.0,5038449.0
2025-01-27,Gia dụng,Đà Nẵng,Cửa hàng,2,2,2283700.0,1798460.0
2025-01-27,Gia dụng,Đà Nẵng,Online,4,4,8276900.0,6331844.0
2025-01-27,Mỹ phẩm,Hà Nội,Cửa hàng,2,2,1522000.0,1204134.0
2025-01-27,Mỹ phẩm,Hà Nội,Online,1,1,1732000.0,1368818.0
2025-01-27,Mỹ phẩm,Hải Phòng,Online,2,2,2364000.0,1725599.0
2025-01-27,Mỹ phẩm,TP HCM,Cửa hàng,3,3,1835600.0,1249628.0
2025-01-27,Mỹ phẩm,TP HCM,Online,5,5,5168200.0,3540776.0
2025-01-27,Mỹ phẩm,Đà Nẵng,Online,4,4,2900000.0,2312416.0
2025-01-27,Sách,Cần Thơ,Cửa hàng,1,1,317300.0,265052.0
2025-01-27,Sách,Cần Thơ,Online,1,1,140000.0,89271.0
2025-01-27,Sách,Hà Nội,Cửa hàng,2,2,281000.0,198988.0
2025-01-27,Sách,Hà Nội,Online,1,1,136000.0,106236.0
2025-01-27,Sách,Hải Phòng,Cửa hàng,1,1,270000.0,181994.0
2025-01-27,Sách,Hải Phòng,Online,4,4,1232000.0,807927.0
2025-01-27,Sách,TP HCM,Cửa hàng,4,4,1111150.0,809168.0
2025-01-27,Sách,TP HCM,Online,3,3,3280821.0,2333409.0
2025-01-27,Sách,Đà Nẵng,Cửa hàng,1,1,132000.0,98964.0
2025-01-27,Sách,Đà Nẵng,Online,2,2,295000.0,186802.0
2025-01-27,Thời trang,Cần Thơ,Cửa hàng,2,2,2090100.0,1456777.0
2025-01-27,Thời trang,Cần Thơ,Online,1,1,1283400.0,1057509.0
2025-01-27,Thời trang,Hà Nội,Cửa hàng,2,2,1862600.0,1210893.0
2025-01-27,Thời trang,Hà Nội,Online,5,5,6456900.0,4378075.0
2025-01-27,Thời trang,Hải Phòng,Cửa hàng,1,1,2617200.0,1626439.0
2025-01-27,Thời trang,Hải Phòng,Online,3,3,5660350.0,4054879.0
2025-01-27,Thời trang,TP HCM,Cửa hàng,4,4,6764600.0,5356262.0
2025-01-27,Thời trang,TP HCM,Online,5,5,7229200.0,5222073.0
2025-01-27,Thời trang,Đà Nẵng,Cửa hàng,2,2,3784450.0,2875137.0
2025-01-27,Thời trang,Đà Nẵng,Online,1,1,806550.0,555400.0
2025-01-27,Thực phẩm,Cần Thơ,Cửa hàng,3,3,1285300.0,888360.0
2025-01-27,Thực phẩm,Cần Thơ,Online,4,4,1846600.0,1437378.0
2025-01-27,Thực phẩm,Hà Nội,Cửa hàng,7,7,1384000.0,1103460.0
2025-01-27,Thực phẩm,Hà Nội,Online,5,5,1334500.0,884552.0
2025-01-27,Thực phẩm,Hải Phòng,Cửa hàng,5,5,1571350.0,1103590.0
2025-01-27,Thực phẩm,Hải Phòng,Online,4,4,704000.0,500501.0
2025-01-27,Thực phẩm,TP HCM,Cửa hàng,9,9,2484200.0,1697804.0
2025-01-27,Thực phẩm,TP HCM,Online,10,10,2958800.0,2014077.0
2025-01-27,Thực phẩm,Đà Nẵng,Cửa hàng,5,5,1943400.0,1486207.0
2025-01-27,Thực phẩm,Đà Nẵng,Online,4,4,1336550.0,921078.0
2025-01-27,Điện tử,Cần Thơ,Cửa hàng,1,1,1996200.0,1217031.0
2025-01-27,Điện tử,Hà Nội,Cửa hàng,5,5,18293500.0,12226244.0
2025-01-27,Điện tử,Hà Nội,Online,6,6,14759550.0,10013223.0
2025-01-27,Điện tử,Hải Phòng,Cửa hàng,1,1,5485000.0,4430959.0
2025-01-27,Điện tử,Hải Phòng,Online,4,4,8745450.0,6201556.0
2025-01-27,Điện tử,TP HCM,Cửa hàng,5,5,8299350.0,6180798.0
2025-01-27,Điện tử,TP HCM,Online,4,4,8419350.0,5982460.0
2025-01-27,Điện tử,Đà Nẵng,Cửa hàng,1,1,900000.0,736724.0
2025-01-27,Điện tử,Đà Nẵng,Online,5,5,10785700.0,7777603.0
2025-01-28,Gia dụng,Cần Thơ,Cửa hàng,1,1,804600.0,520909.0
2025-01-28,Gia dụng,Cần Thơ,Online,1,1,810350.0,609484.0
2025-01-28,Gia dụng,Hà Nội,Cửa hàng,4,4,6066000.0,4234826.0
2025-01-28,Gia dụng,Hà Nội,Online,8,8,12282650.0,8694977.0
2025-01-28,Gia dụng,Hải Phòng,Cửa hàng,3,3,4922700.0,3185999.0
2025-01-28,Gia dụng,Hải Phòng,Online,1,1,729000.0,525745.0
2025-01-28,Gia dụng,TP HCM,Cửa hàng,9,9,12932500.0,9314429.0
2025-01-28,Gia dụng,TP HCM,Online,5,5,5449000.0,3925051.0
2025-01-28,Gia dụng,Đà Nẵng,Cửa hàng,1,1,4855000.0,4053046.0
2025-01-28,Gia dụng,Đà Nẵng,Online,3,3,5161950.0,3722726.0
2025-01-28,Mỹ phẩm,Cần Thơ,Cửa hàng,1,1,1724400.0,1249242.0
2025-01-28,Mỹ phẩm,Hà Nội,Cửa hàng,3,3,4766100.0,3616858.0
2025-01-28,Mỹ phẩm,Hà Nội,Online,2,2,805850.0,625703.0
2025-01-28,Mỹ phẩm,Hải Phòng,Cửa hàng,2,2,945850.0,721223.0
2025-01-28,Mỹ phẩm,Hải Phòng,Online,1,1,427000.0,318526.0
2025-01-28,Mỹ phẩm,TP HCM,Cửa hàng,2,2,1907000.0,1253848.0
2025-01-28,Mỹ phẩm,TP HCM,Online,2,2,2242000.0,1643279.0
2025-01-28,Mỹ phẩm,Đà Nẵng,Cửa hàng,2,2,955000.0,683900.0
2025-01-28,Mỹ phẩm,Đà Nẵng,Online,2,2,2632000.0,2041724.0
2025-01-28,Sách,Cần Thơ,Online,1,1,302000.0,218770.0
2025-01-28,Sách,Hà Nội,Cửa hàng,4,4,992150.0,656100.0
2025-01-28,Sách,Hà Nội,Online,1,1,148000.0,117016.0
2025-01-28,Sách,Hải Phòng,Cửa hàng,3,3,1063600.0,782233.0
2025-01-28,Sách,TP HCM,Cửa hàng,2,2,443000.0,317419.0
2025-01-28,Sách,TP HCM,Online,6,6,5246710.0,3692696.0
2025-01-28,Sách,Đà Nẵng,Cửa hàng,1,1,230400.0,184566.0
2025-01-28,Thời trang,Cần Thơ,Cửa hàng,3,3,3365000.0,2283111.0
2025-01-28,Thời trang,Cần Thơ,Online,1,1,1628000.0,1134594.0
2025-01-28,Thời trang,Hà Nội,Cửa hàng,4,4,4255450.0,3407881.0
2025-01-28,Thời trang,Hà Nội,Online,4,4,3787000.0,2757724.0
2025-01-28,Thời trang,Hải Phòng,Cửa hàng,1,1,781000.0,636984.0
2025-01-28,Thời trang,Hải Phòng,Online,2,2,2296000.0,1713790.0
2025-01-28,Thời trang,TP HCM,Cửa hàng,4,4,10522400.0,8122398.0
2025-01-28,Thời trang,TP HCM,Online,1,1,653650.0,487302.0
2025-01-28,Thời trang,Đà Nẵng,Cửa hàng,4,4,6730200.0,4731492.0
2025-01-28,Thời trang,Đà Nẵng,Online,1,1,770450.0,557061.0
2025-01-28,Thực phẩm,Cần Thơ,Cửa hàng,2,2,993900.0,760501.0
2025-01-28,Thực phẩm,Cần Thơ,Online,2,2,315000.0,223706.0
2025-01-28,Thực phẩm,Hà Nội,Cửa hàng,4,4,1640300.0,1245174.0
2025-01-28,Thực phẩm,Hà Nội,Online,1,1,155800.0,111454.0
2025-01-28,Thực phẩm,Hải Phòng,Cửa hàng,2,2,905000.0,663992.0
2025-01-28,Thực phẩm,Hải Phòng,Online,6,6,2593000.0,1857823.0
2025-01-28,Thực phẩm,TP HCM,Cửa hàng,11,11,2767900.0,2073211.0
2025-01-28,Thực phẩm,TP HCM,Online,11,11,3528550.0,2498390.0
2025-01-28,Thực phẩm,Đà Nẵng,Cửa hàng,3,3,1134000.0,850928.0
2025-01-28,Thực phẩm,Đà Nẵng,Online,4,4,1236600.0,943554.0
2025-01-28,Điện tử,Cần Thơ,Online,1,1,967100.0,699197.0
2025-01-28,Điện tử,Hà Nội,Cửa hàng,6,6,9104300.0,6618872.0
2025-01-28,Điện tử,Hà Nội,Online,9,9,12918050.0,9719550.0
2025-01-28,Điện tử,Hải Phòng,Cửa hàng,3,3,6082300.0,4451240.0
2025-01-28,Điện tử,TP HCM,Cửa hàng,7,7,10422200.0,7851419.0
2025-01-28,Điện tử,TP HCM,Online,9,9,16801800.0,11172291.0
2025-01-28,Điện tử,Đà Nẵng,Cửa hàng,3,3,7595700.0,5518877.0
2025-01-28,Điện tử,Đà Nẵng,Online,2,2,3334000.0,2282032.0
2025-01-29,Gia dụng,Cần Thơ,Cửa hàng,1,1,1538500.0,1057341.0
2025-01-29,Gia dụng,Cần Thơ,Online,3,3,6644500.0,4395987.0
2025-01-29,Gia dụng,Hà Nội,Cửa hàng,5,5,6920100.0,5126633.0
2025-01-29,Gia dụng,Hà Nội,Online,2,2,3452600.0,2496210.0
2025-01-29,Gia dụng,Hải Phòng,Cửa hàng,1,1,761000.0,635282.0
2025-01-29,Gia dụng,Hải Phòng,Online,2,2,2268000.0,1679296.0
2025-01-29,Gia dụng,TP HCM,Cửa hàng,6,6,10729550.0,7127830.0
2025-01-29,Gia dụng,TP HCM,Online,3,3,3688200.0,2599212.0
2025-01-29,Gia dụng,Đà Nẵng,Cửa hàng,4,4,7002000.0,5207875.0
2025-01-29,Gia dụng,Đà Nẵng,Online,2,2,2334700.0,1605075.0
2025-01-29,Mỹ phẩm,Hà Nội,Cửa hàng,3,3,1460000.0,1068069.0
2025-01-29,Mỹ phẩm,Hà Nội,Online,1,1,2680000.0,1935619.0
2025-01-29,Mỹ phẩm,Hải Phòng,Cửa hàng,2,2,1787000.0,1276808.0
2025-01-29,Mỹ phẩm,Hải Phòng,Online,1,1,433200.0,305213.0
2025-01-29,Mỹ phẩm,TP HCM,Cửa hàng,6,6,6146100.0,4289879.0
2025-01-29,Mỹ phẩm,TP HCM,Online,10,10,15825216.0,11352692.0
2025-01-29,Sách,Cần Thơ,Online,1,1,456000.0,352630.0
2025-01-29,Sách,Hà Nội,Cửa hàng,2,2,302000.0,192740.0
2025-01-29,Sách,Hà Nội,Online,1,1,277400.0,222659.0
2025-01-29,Sách,Hải Phòng,Online,1,1,258000.0,186896.0
2025-01-29,Sách,TP HCM,Cửa hàng,2,2,673800.0,470067.0
2025-01-29,Sách,TP HCM,Online,5,5,696100.0,513045.0
2025-01-29,Sách,Đà Nẵng,Cửa hàng,2,2,612100.0,481794.0
2025-01-29,Sách,Đà Nẵng,Online,2,2,492900.0,358848.0
2025-01-29,Thời trang,Cần Thơ,Cửa hàng,1,1,1710000.0,1329937.0
2025-01-29,Thời trang,Cần Thơ,Online,1,1,2940000.0,2227106.0
2025-01-29,Thời trang,Hà Nội,Cửa hàng,5,5,5079850.0,3557162.0
2025-01-29,Thời trang,Hà Nội,Online,1,1,798950.0,577667.0
2025-01-29,Thời trang,Hải Phòng,Online,1,1,692000.0,552524.0
2025-01-29,Thời trang,TP HCM,Cửa hàng,5,5,3685700.0,2837693.0
2025-01-29,Thời trang,TP HCM,Online,3,3,3703450.0,2825907.0
2025-01-29,Thời trang,Đà Nẵng,Cửa hàng,2,2,4580000.0,3675726.0
2025-01-29,Thời trang,Đà Nẵng,Online,3,3,5940000.0,4337892.0
2025-01-29,Thực phẩm,Cần Thơ,Cửa hàng,2,2,840800.0,586524.0
2025-01-29,Thực phẩm,Cần Thơ,Online,2,2,333450.0,250781.0
2025-01-29,Thực phẩm,Hà Nội,Cửa hàng,12,12,3560500.0,2582977.0
2025-01-29,Thực phẩm,Hà Nội,Online,7,7,2386450.0,1563664.0
2025-01-29,Thực phẩm,Hải Phòng,Cửa hàng,5,5,1025750.0,744492.0
2025-01-29,Thực phẩm,Hải Phòng,Online,5,5,2286000.0,1557879.0
2025-01-29,Thực phẩm,TP HCM,Cửa hàng,11,11,3872050.0,2815629.0
2025-01-29,Thực phẩm,TP HCM,Online,5,5,1172500.0,858135.0
2025-01-29,Thực phẩm,Đà Nẵng,Cửa hàng,5,5,1818000.0,1259730.0
2025-01-29,Thực phẩm,Đà Nẵng,Online,4,4,1050400.0,743065.0
2025-01-29,Điện tử,Cần Thơ,Online,1,1,2232000.0,1691965.0
2025-01-29,Điện tử,Hà Nội,Cửa hàng,3,3,6786000.0,4774435.0
2025-01-29,Điện tử,Hà Nội,Online,6,6,7283800.0,5571194.0
2025-01-29,Điện tử,Hải Phòng,Cửa hàng,5,5,11221100.0,8485518.0
2025-01-29,Điện tử,TP HCM,Cửa hàng,10,10,23167700.0,17395030.0
2025-01-29,Điện tử,TP HCM,Online,6,6,13658450.0,9966480.0
2025-01-29,Điện tử,Đà Nẵng,Cửa hàng,1,1,2278000.0,1904688.0
2025-01-29,Điện tử,Đà Nẵng,Online,5,5,8017200.0,5647538.0
2025-01-30,Gia dụng,Cần Thơ,Cửa hàng,5,5,4956300.0,3790009.0
2025-01-30,Gia dụng,Hà Nội,Cửa hàng,2,2,3772000.0,3089371.0
2025-01-30,Gia dụng,Hà Nội,Online,1,1,1981800.0,1350051.0
2025-01-30,Gia dụng,Hải Phòng,Cửa hàng,3,3,3140750.0,2114707.0
2025-01-30,Gia dụng,Hải Phòng,Online,2,2,1731000.0,1248449.0
2025-01-30,Gia dụng,TP HCM,Cửa hàng,3,3,2503000.0,1835732.0
2025-01-30,Gia dụng,TP HCM,Online,3,3,5516400.0,3861697.0
2025-01-30,Gia dụng,Đà Nẵng,Cửa hàng,3,3,3206100.0,2348811.0
2025-01-30,Gia dụng,Đà Nẵng,Online,2,2,4299000.0,2906643.0
2025-01-30,Mỹ phẩm,Cần Thơ,Online,2,2,2261600.0,1573377.0
2025-01-30,Mỹ phẩm,Hà Nội,Cửa hàng,5,5,4288200.0,3259742.0
2025-01-30,Mỹ phẩm,Hà Nội,Online,3,3,1420000.0,1025589.0
2025-01-30,Mỹ phẩm,Hải Phòng,Cửa hàng,2,2,913600.0,640715.0
2025-01-30,Mỹ phẩm,Hải Phòng,Online,1,1,452000.0,292525.0
2025-01-30,Mỹ phẩm,TP HCM,Cửa hàng,7,7,6237700.0,4386679.0
2025-01-30,Mỹ phẩm,TP HCM,Online,4,4,1774400.0,1243834.0
2025-01-30,Mỹ phẩm,Đà Nẵng,Cửa hàng,2,2,938550.0,623620.0
2025-01-30,Mỹ phẩm,Đà Nẵng,Online,1,1,490200.0,303974.0
2025-01-30,Sách,Cần Thơ,Online,1,1,139000.0,100692.0
2025-01-30,Sách,Hà Nội,Cửa hàng,4,4,911600.0,683233.0
2025-01-30,Sách,Hà Nội,Online,5,5,710450.0,497927.0
2025-01-30,Sách,Hải Phòng,Cửa hàng,1,1,161000.0,115688.0
2025-01-30,Sách,TP HCM,Cửa hàng,7,7,1683050.0,1260945.0
2025-01-30,Sách,TP HCM,Online,5,5,1015550.0,699084.0
2025-01-30,Sách,Đà Nẵng,Cửa hàng,4,4,703150.0,457443.0
2025-01-30,Sách,Đà Nẵng,Online,2,2,463350.0,325249.0
2025-01-30,Thời trang,Cần Thơ,Cửa hàng,2,2,3234000.0,2357843.0
2025-01-30,Thời trang,Cần Thơ,Online,2,2,4038000.0,3012467.0
2025-01-30,Thời trang,Hà Nội,Cửa hàng,3,3,4301900.0,3007513.0
2025-01-30,Thời trang,Hà Nội,Online,2,2,4204000.0,3240019.0
2025-01-30,Thời trang,Hải Phòng,Cửa hàng,2,2,2427000.0,1684545.0
2025-01-30,Thời trang,Hải Phòng,Online,2,2,2845200.0,2164339.0
2025-01-30,Thời trang,TP HCM,Cửa hàng,2,2,2289500.0,1737079.0
2025-01-30,Thời trang,TP HCM,Online,5,5,6559550.0,4776267.0
2025-01-30,Thời trang,Đà Nẵng,Cửa hàng,2,2,1993100.0,1482195.0
2025-01-30,Thời trang,Đà Nẵng,Online,1,1,583200.0,436146.0
2025-01-30,Thực phẩm,Cần Thơ,Online,3,3,644600.0,461937.0
2025-01-30,Thực phẩm,Hà Nội,Cửa hàng,7,7,2439000.0,1729023.0
2025-01-30,Thực phẩm,Hà Nội,Online,6,6,2048050.0,1492716.0
2025-01-30,Thực phẩm,Hải Phòng,Cửa hàng,4,4,1085000.0,829316.0
2025-01-30,Thực phẩm,Hải Phòng,Online,5,5,4358809.0,3057323.0
2025-01-30,Thực phẩm,TP HCM,Cửa hàng,13,13,5563970.0,4014272.0
2025-01-30,Thực phẩm,TP HCM,Online,9,9,2731800.0,1882687.0
2025-01-30,Thực phẩm,Đà Nẵng,Cửa hàng,3,3,984000.0,620140.0
2025-01-30,Thực phẩm,Đà Nẵng,Online,4,4,859000.0,614211.0
2025-01-30,Điện tử,Cần Thơ,Cửa hàng,4,4,8362500.0,6329426.0
2025-01-30,Điện tử,Cần Thơ,Online,1,1,1187000.0,859126.0
2025-01-30,Điện tử,Hà Nội,Cửa hàng,5,5,14550850.0,9666621.0
2025-01-30,Điện tử,Hà Nội,Online,3,3,2751350.0,2080611.0
2025-01-30,Điện tử,Hải Phòng,Cửa hàng,2,2,2946000.0,2206741.0
2025-01-30,Điện tử,Hải Phòng,Online,3,3,4992200.0,3600709.0
2025-01-30,Điện tử,TP HCM,Cửa hàng,5,5,5871600.0,4021737.0
2025-01-30,Điện tử,TP HCM,Online,8,8,14452700.0,9423510.0
2025-01-30,Điện tử,Đà Nẵng,Cửa hàng,2,2,3409000.0,2539806.0
2025-01-30,Điện tử,Đà Nẵng,Online,2,2,2021700.0,1487114.0
2025-01-31,Gia dụng,Cần Thơ,Online,2,2,3797000.0,2588109.0
2025-01-31,Gia dụng,Hà Nội,Cửa hàng,2,2,1611000.0,1204524.0
2025-01-31,Gia dụng,Hà Nội,Online,8,8,20637283.0,14517652.0
2025-01-31,Gia dụng,Hải Phòng,Cửa hàng,2,2,4088000.0,2632244.0
2025-01-31,Gia dụng,Hải Phòng,Online,4,4,4587100.0,3200139.0
2025-01-31,Gia dụng,TP HCM,Cửa hàng,4,4,8747000.0,6531460.0
2025-01-31,Gia dụng,TP HCM,Online,3,3,5752600.0,4055627.0
2025-01-31,Gia dụng,Đà Nẵng,Cửa hàng,2,2,3616200.0,2716358.0
2025-01-31,Gia dụng,Đà Nẵng,Online,1,1,929000.0,752109.0
2025-01-31,Mỹ phẩm,Cần Thơ,Cửa hàng,2,2,1426500.0,1079131.0
2025-01-31,Mỹ phẩm,Cần Thơ,Online,1,1,1030000.0,743913.0
2025-01-31,Mỹ phẩm,Hà Nội,Cửa hàng,2,2,1751400.0,1222196.0
2025-01-31,Mỹ phẩm,Hà Nội,Online,2,2,1448500.0,1021717.0
2025-01-31,Mỹ phẩm,Hải Phòng,Cửa hàng,1,1,1440000.0,1040034.0
2025-01-31,Mỹ phẩm,Hải Phòng,Online,3,3,2386500.0,1896435.0
2025-01-31,Mỹ phẩm,TP HCM,Cửa hàng,4,4,7261714.0,5104195.0
2025-01-31,Mỹ phẩm,TP HCM,Online,5,5,3706450.0,2613749.0
2025-01-31,Mỹ phẩm,Đà Nẵng,Cửa hàng,1,1,860400.0,615025.0
2025-01-31,Sách,Cần Thơ,Cửa hàng,1,1,137700.0,111153.0
2025-01-31,Sách,Cần Thơ,Online,1,1,340000.0,280872.0
2025-01-31,Sách,Hà Nội,Cửa hàng,6,6,1636550.0,1267465.0
2025-01-31,Sách,Hà Nội,Online,2,2,907000.0,652760.0
2025-01-31,Sách,Hải Phòng,Cửa hàng,2,2,905000.0,636881.0
2025-01-31,Sách,Hải Phòng,Online,1,1,250200.0,193751.0
2025-01-31,Sách,TP HCM,Cửa hàng,5,5,2556700.0,1939928.0
2025-01-31,Sách,TP HCM,Online,4,4,1002300.0,769739.0
2025-01-31,Sách,Đà Nẵng,Cửa hàng,2,2,638100.0,416358.0
2025-01-31,Thời trang,Cần Thơ,Online,1,1,2844000.0,2056307.0
2025-01-31,Thời trang,Hà Nội,Cửa hàng,7,7,8152850.0,6141160.0
2025-01-31,Thời trang,Hà Nội,Online,4,4,7023500.0,4841578.0
2025-01-31,Thời trang,Hải Phòng,Cửa hàng,1,1,1616000.0,1104352.0
2025-01-31,Thời trang,Hải Phòng,Online,1,1,824000.0,573281.0
2025-01-31,Thời trang,TP HCM,Cửa hàng,4,4,8468000.0,6408198.0
2025-01-31,Thời trang,TP HCM,Online,4,4,6373400.0,4369394.0
2025-01-31,Thời trang,Đà Nẵng,Cửa hàng,4,3,2970000.0,2027888.0
2025-01-31,Thời trang,Đà Nẵng,Online,3,3,5536650.0,4597587.0
2025-01-31,Thực phẩm,Cần Thơ,Cửa hàng,6,6,3307258.0,2310726.0
2025-01-31,Thực phẩm,Cần Thơ,Online,3,3,474800.0,355678.0
2025-01-31,Thực phẩm,Hà Nội,Cửa hàng,13,13,4470200.0,3382523.0
2025-01-31,Thực phẩm,Hà Nội,Online,5,5,1180100.0,834237.0
2025-01-31,Thực phẩm,Hải Phòng,Cửa hàng,2,2,330750.0,233573.0
2025-01-31,Thực phẩm,Hải Phòng,Online,4,4,1034550.0,782767.0
2025-01-31,Thực phẩm,TP HCM,Cửa hàng,8,8,1956600.0,1407078.0
2025-01-31,Thực phẩm,TP HCM,Online,11,11,4595900.0,3136775.0
2025-01-31,Thực phẩm,Đà Nẵng,Cửa hàng,5,5,4173158.0,2999048.0
2025-01-31,Thực phẩm,Đà Nẵng,Online,3,3,669700.0,471080.0
2025-01-31,Điện tử,Cần Thơ,Online,2,2,5155100.0,3255848.0
2025-01-31,Điện tử,Hà Nội,Cửa hàng,4,4,4220500.0,3010948.0
2025-01-31,Điện tử,Hà Nội,Online,4,4,9765000.0,7192006.0
2025-01-31,Điện tử,Hải Phòng,Cửa hàng,5,5,13405000.0,9668010.0
2025-01-31,Điện tử,Hải Phòng,Online,1,1,3528000.0,2553494.0
2025-01-31,Điện tử,TP HCM,Cửa hàng,5,5,8863150.0,6728935.0
2025-01-31,Điện tử,TP HCM,Online,3,3,3986200.0,2599134.0
2025-01-31,Điện tử,Đà Nẵng,Cửa hàng,4,4,7742300.0,5931624.0
2025-01-31,Điện tử,Đà Nẵng,Online,2,2,11320346.0,8320200.0
2025-02-01,Gia dụng,Cần Thơ,Cửa hàng,3,3,3603250.0,2278156.0
2025-02-01,Gia dụng,Hà Nội,Cửa hàng,4,4,3942950.0,2684910.0
2025-02-01,Gia dụng,Hà Nội,Online,5,5,6343200.0,4810418.0
2025-02-01,Gia dụng,Hải Phòng,Cửa hàng,1,1,14778123.0,10344686.0
2025-02-01,Gia dụng,Hải Phòng,Online,2,2,3662700.0,2925437.0
2025-02-01,Gia dụng,TP HCM,Cửa hàng,3,3,4617600.0,3045105.0
2025-02-01,Gia dụng,TP HCM,Online,7,7,25644121.0,18317375.0
2025-02-01,Gia dụng,Đà Nẵng,Cửa hàng,1,1,750000.0,618163.0
2025-02-01,Gia dụng,Đà Nẵng,Online,4,4,11525000.0,8782780.0
2025-02-01,Mỹ phẩm,Cần Thơ,Cửa hàng,2,2,3173000.0,1957680.0
2025-02-01,Mỹ phẩm,Hà Nội,Cửa hàng,3,3,1794300.0,1458659.0
2025-02-01,Mỹ phẩm,Hà Nội,Online,2,2,842950.0,647893.0
2025-02-01,Mỹ phẩm,Hải Phòng,Online,2,2,2773300.0,1897487.0
2025-02-01,Mỹ phẩm,TP HCM,Cửa hàng,5,5,2668150.0,2017509.0
2025-02-01,Mỹ phẩm,TP HCM,Online,2,2,896800.0,620309.0
2025-02-01,Mỹ phẩm,Đà Nẵng,Cửa hàng,2,2,1784700.0,1161216.0
2025-02-01,Sách,Cần Thơ,Cửa hàng,1,1,715000.0,433969.0
2025-02-01,Sách,Hà Nội,Cửa hàng,2,2,549100.0,370603.0
2025-02-01,Sách,Hà Nội,Online,4,4,1406800.0,952480.0
2025-02-01,Sách,Hải Phòng,Cửa hàng,2,2,404000.0,333257.0
2025-02-01,Sách,Hải Phòng,Online,1,1,592000.0,413029.0
2025-02-01,Sách,TP HCM,Cửa hàng,4,4,930900.0,701991.0
2025-02-01,Sách,Đà Nẵng,Cửa hàng,3,3,564350.0,406990.0
2025-02-01,Thời trang,Cần Thơ,Online,2,2,1377000.0,1002930.0
2025-02-01,Thời trang,Hà Nội,Cửa hàng,1,1,750500.0,454728.0
2025-02-01,Thời trang,Hà Nội,Online,4,4,5452800.0,3863103.0
2025-02-01,Thời trang,Hải Phòng,Cửa hàng,2,2,2881000.0,2283605.0
2025-02-01,Thời trang,Hải Phòng,Online,2,2,2477100.0,1792687.0
2025-02-01,Thời trang,TP HCM,Cửa hàng,1,1,620100.0,523743.0
2025-02-01,Thời trang,TP HCM,Online,2,2,2601300.0,1883224.0
2025-02-01,Thời trang,Đà Nẵng,Cửa hàng,4,4,3718400.0,2944650.0
2025-02-01,Thực phẩm,Cần Thơ,Cửa hàng,4,4,663650.0,484984.0
2025-02-01,Thực phẩm,Cần Thơ,Online,3,3,692400.0,490472.0
2025-02-01,Thực phẩm,Hà Nội,Cửa hàng,14,14,4788050.0,3401023.0
2025-02-01,Thực phẩm,Hà Nội,Online,7,7,1693750.0,1190020.0
2025-02-01,Thực phẩm,Hải Phòng,Cửa hàng,9,9,2955000.0,2210821.0
2025-02-01,Thực phẩm,Hải Phòng,Online,2,2,678900.0,528474.0
2025-02-01,Thực phẩm,TP HCM,Cửa hàng,16,16,4554600.0,3384029.0
2025-02-01,Thực phẩm,TP HCM,Online,9,9,2376600.0,1710065.0
2025-02-01,Thực phẩm,Đà Nẵng,Cửa hàng,5,5,1173300.0,776539.0
2025-02-01,Thực phẩm,Đà Nẵng,Online,6,6,2276100.0,1631473.0
2025-02-01,Điện tử,Cần Thơ,Cửa hàng,1,1,972000.0,614982.0
2025-02-01,Điện tử,Cần Thơ,Online,2,2,4527600.0,3017087.0
2025-02-01,Điện tử,Hà Nội,Cửa hàng,3,3,4118900.0,3215901.0
2025-02-01,Điện tử,Hà Nội,Online,5,5,8577600.0,6180101.0
2025-02-01,Điện tử,Hải Phòng,Online,3,3,8877000.0,6975345.0
2025-02-01,Điện tử,TP HCM,Cửa hàng,7,7,14730800.0,11035522.0
2025-02-01,Điện tử,TP HCM,Online,5,5,8286700.0,5988279.0
2025-02-01,Điện tử,Đà Nẵng,Cửa hàng,3,3,7565650.0,5549703.0
2025-02-01,Điện tử,Đà Nẵng,Online,1,1,1234000.0,759436.0
2025-02-02,Gia dụng,Cần Thơ,Cửa hàng,2,2,1613850.0,1048418.0
2025-02-02,Gia dụng,Cần Thơ,Online,3,3,2602250.0,1901205.0
2025-02-02,Gia dụng,Hà Nội,Cửa hàng,8,8,7247300.0,5197321.0
2025-02-02,Gia dụng,Hải Phòng,Cửa hàng,1,1,2769000.0,2106282.0
2025-02-02,Gia dụng,Hải Phòng,Online,1,1,851000.0,613729.0
2025-02-02,Gia dụng,TP HCM,Cửa hàng,7,7,14166250.0,10232021.0
2025-02-02,Gia dụng,TP HCM,Online,4,4,20442977.0,14666137.0
2025-02-02,Gia dụng,Đà Nẵng,Cửa hàng,2,2,13636807.0,9458648.0
2025-02-02,Gia dụng,Đà Nẵng,Online,2,2,3318000.0,2478066.0
2025-02-02,Mỹ phẩm,Cần Thơ,Cửa hàng,2,2,2286300.0,1918988.0
2025-02-02,Mỹ phẩm,Hà Nội,Cửa hàng,3,3,1346250.0,950986.0
2025-02-02,Mỹ phẩm,Hà Nội,Online,3,3,2388800.0,1641244.0
2025-02-02,Mỹ phẩm,Hải Phòng,Online,2,2,863100.0,623370.0
2025-02-02,Mỹ phẩm,TP HCM,Cửa hàng,5,5,3573000.0,2651411.0
2025-02-02,Mỹ phẩm,TP HCM,Online,2,2,1465000.0,970052.0
2025-02-02,Mỹ phẩm,Đà Nẵng,Online,4,4,2271000.0,1774444.0
2025-02-02,Sách,Cần Thơ,Cửa hàng,1,1,128250.0,84658.0
2025-02-02,Sách,Cần Thơ,Online,3,3,667500.0,460257.0
2025-02-02,Sách,Hà Nội,Cửa hàng,6,6,1009600.0,670428.0
2025-02-02,Sách,Hà Nội,Online,6,6,2046850.0,1511181.0
2025-02-02,Sách,Hải Phòng,Online,3,3,972000.0,717790.0
2025-02-02,Sách,TP HCM,Cửa hàng,6,6,836500.0,651427.0
2025-02-02,Sách,TP HCM,Online,3,3,607700.0,455225.0
2025-02-02,Sách,Đà Nẵng,Cửa hàng,1,1,516800.0,433381.0
2025-02-02,Thời trang,Cần Thơ,Cửa hàng,3,3,3987300.0,3032109.0
2025-02-02,Thời trang,Cần Thơ,Online,1,1,758000.0,631441.0
2025-02-02,Thời trang,Hà Nội,Cửa hàng,5,5,7669200.0,5740466.0
2025-02-02,Thời trang,Hà Nội,Online,4,4,5029100.0,3558521.0
2025-02-02,Thời trang,Hải Phòng,Cửa hàng,2,2,1330700.0,880674.0
2025-02-02,Thời trang,Hải Phòng,Online,2,2,3561000.0,2396535.0
2025-02-02,Thời trang,TP HCM,Cửa hàng,4,4,5737700.0,4213430.0
2025-02-02,Thời trang,TP HCM,Online,4,4,4993500.0,3628883.0
2025-02-02,Thời trang,Đà Nẵng,Cửa hàng,3,3,2626800.0,1976642.0
2025-02-02,Thời trang,Đà Nẵng,Online,2,2,3980950.0,2670618.0
2025-02-02,Thực phẩm,Cần Thơ,Cửa hàng,1,1,308000.0,247826.0
2025-02-02,Thực phẩm,Cần Thơ,Online,3,3,707300.0,528862.0
2025-02-02,Thực phẩm,Hà Nội,Cửa hàng,11,11,4890479.0,3523188.0
2025-02-02,Thực phẩm,Hà Nội,Online,6,6,2649800.0,1901971.0
2025-02-02,Thực phẩm,Hải Phòng,Cửa hàng,1,1,184000.0,120774.0
2025-02-02,Thực phẩm,Hải Phòng,Online,7,7,1993700.0,1297189.0
2025-02-02,Thực phẩm,TP HCM,Cửa hàng,10,10,2989650.0,2072292.0
2025-02-02,Thực phẩm,TP HCM,Online,12,12,3448700.0,2510019.0
2025-02-02,Thực phẩm,Đà Nẵng,Cửa hàng,5,5,2275950.0,1634269.0
2025-02-02,Thực phẩm,Đà Nẵng,Online,2,2,547000.0,391117.0
2025-02-02,Điện tử,Cần Thơ,Cửa hàng,2,2,6683000.0,4680673.0
2025-02-02,Điện tử,Cần Thơ,Online,2,2,6483750.0,4452405.0
2025-02-02,Điện tử,Hà Nội,Cửa hàng,6,6,17460450.0,12818428.0
2025-02-02,Điện tử,Hà Nội,Online,5,5,6632600.0,4639537.0
2025-02-02,Điện tử,Hải Phòng,Cửa hàng,1,1,998000.0,793980.0
2025-02-02,Điện tử,TP HCM,Cửa hàng,12,12,30688800.0,22015034.0
2025-02-02,Điện tử,TP HCM,Online,3,3,10921000.0,7743998.0
2025-02-02,Điện tử,Đà Nẵng,Online,2,2,4236300.0,3532194.0
2025-02-03,Gia dụng,Cần Thơ,Cửa hàng,6,6,5804000.0,4265951.0
2025-02-03,Gia dụng,Cần Thơ,Online,1,1,2916000.0,2314208.0
2025-02-03,Gia dụng,Hà Nội,Cửa hàng,5,5,7972400.0,5431968.0
2025-02-03,Gia dụng,Hà Nội,Online,3,3,4814300.0,3509075.0
2025-02-03,Gia dụng,TP HCM,Cửa hàng,7,7,21149324.0,15188716.0
2025-02-03,Gia dụng,TP HCM,Online,5,5,7465700.0,5593563.0
2025-02-03,Gia dụng,Đà Nẵng,Online,1,1,1674000.0,1368788.0
2025-02-03,Mỹ phẩm,Cần Thơ,Online,1,1,495900.0,358162.0
2025-02-03,Mỹ phẩm,Hà Nội,Cửa hàng,3,3,3067000.0,2454035.0
2025-02-03,Mỹ phẩm,Hà Nội,Online,3,3,1507000.0,1097814.0
2025-02-03,Mỹ phẩm,Hải Phòng,Cửa hàng,1,1,449000.0,293414.0
2025-02-03,Mỹ phẩm,TP HCM,Cửa hàng,7,7,9688800.0,7274991.0
2025-02-03,Mỹ phẩm,TP HCM,Online,3,3,3585800.0,2803820.0
2025-02-03,Mỹ phẩm,Đà Nẵng,Cửa hàng,1,1,414000.0,342304.0
2025-02-03,Mỹ phẩm,Đà Nẵng,Online,2,2,1768000.0,1298164.0
2025-02-03,Sách,Hà Nội,Cửa hàng,2,2,540900.0,427742.0
2025-02-03,Sách,Hà Nội,Online,3,3,1045000.0,735560.0
2025-02-03,Sách,Hải Phòng,Cửa hàng,2,2,587900.0,420358.0
2025-02-03,Sách,TP HCM,Cửa hàng,6,6,3128373.0,2203935.0
2025-02-03,Sách,TP HCM,Online,4,4,903300.0,672499.0
2025-02-03,Thời trang,Cần Thơ,Cửa hàng,1,1,2704000.0,1804599.0
2025-02-03,Thời trang,Hà Nội,Cửa hàng,4,4,5026550.0,3930192.0
2025-02-03,Thời trang,Hà Nội,Online,6,6,7937800.0,5315770.0
2025-02-03,Thời trang,Hải Phòng,Cửa hàng,3,3,4896850.0,3294677.0
2025-02-03,Thời trang,Hải Phòng,Online,1,1,1450000.0,1003183.0
2025-02-03,Thời trang,TP HCM,Cửa hàng,2,2,4083000.0,3114532.0
2025-02-03,Thời trang,TP HCM,Online,6,6,6988200.0,4895095.0
2025-02-03,Thời trang,Đà Nẵng,Cửa hàng,4,4,6144500.0,4392365.0
2025-02-03,Thực phẩm,Cần Thơ,Cửa hàng,4,4,1349200.0,973532.0
2025-02-03,Thực phẩm,Cần Thơ,Online,4,4,1437600.0,1031677.0
2025-02-03,Thực phẩm,Hà Nội,Cửa hàng,12,11,3782600.0,2630458.0
2025-02-03,Thực phẩm,Hà Nội,Online,9,9,2856450.0,2133403.0
2025-02-03,Thực phẩm,Hải Phòng,Cửa hàng,5,5,1178400.0,822021.0
2025-02-03,Thực phẩm,Hải Phòng,Online,3,3,1081500.0,715620.0
2025-02-03,Thực phẩm,TP HCM,Cửa hàng,11,11,3372300.0,2607341.0
2025-02-03,Thực phẩm,TP HCM,Online,15,14,4071550.0,2834813.0
2025-02-03,Thực phẩm,Đà Nẵng,Cửa hàng,3,3,1337000.0,943253.0
2025-02-03,Thực phẩm,Đà Nẵng,Online,1,1,159000.0,113160.0
2025-02-03,Điện tử,Cần Thơ,Cửa hàng,1,1,939000.0,679034.0
2025-02-03,Điện tử,Cần Thơ,Online,1,1,961000.0,602189.0
2025-02-03,Điện tử,Hà Nội,Cửa hàng,5,5,10617000.0,7276695.0
2025-02-03,Điện tử,Hà Nội,Online,5,5,8437550.0,5865870.0
2025-02-03,Điện tử,Hải Phòng,Cửa hàng,2,2,3854600.0,2843287.0
2025-02-03,Điện tử,Hải Phòng,Online,2,2,5556000.0,4126061.0
2025-02-03,Điện tử,TP HCM,Cửa hàng,8,8,14571400.0,10353266.0
2025-02-03,Điện tử,TP HCM,Online,6,6,11878350.0,8213914.0
2025-02-03,Điện tử,Đà Nẵng,Cửa hàng,5,5,10715100.0,7286417.0
2025-02-03,Điện tử,Đà Nẵng,Online,2,2,2673900.0,1974425.0
2025-02-04,Gia dụng,Cần Thơ,Online,1,1,1732800.0,1197071.0
2025-02-04,Gia dụng,Hà Nội,Cửa hàng,10,10,23233350.0,16011056.0
2025-02-04,Gia dụng,Hà Nội,Online,2,2,2266200.0,1598847.0
2025-02-04,Gia dụng,Hải Phòng,Online,1,1,2508000.0,1896646.0
2025-02-04,Gia dụng,TP HCM,Cửa hàng,6,6,8016850.0,6314826.0
2025-02-04,Gia dụng,TP HCM,Online,5,5,9148000.0,6683056.0
2025-02-04,Gia dụng,Đà Nẵng,Cửa hàng,2,2,10557237.0,7593642.0
2025-02-04,Gia dụng,Đà Nẵng,Online,1,1,1388900.0,1034768.0
2025-02-04,Mỹ phẩm,Cần Thơ,Online,2,2,862400.0,628195.0
2025-02-04,Mỹ phẩm,Hà Nội,Cửa hàng,4,4,5197700.0,3649206.0
2025-02-04,Mỹ phẩm,Hà Nội,Online,9,9,6682750.0,5018331.0
2025-02-04,Mỹ phẩm,Hải Phòng,Cửa hàng,1,1,822700.0,636070.0
2025-02-04,Mỹ phẩm,Hải Phòng,Online,1,1,433000.0,312732.0
2025-02-04,Mỹ phẩm,TP HCM,Cửa hàng,7,7,7791500.0,5706498.0
2025-02-04,Mỹ phẩm,TP HCM,Online,4,4,4363700.0,3022152.0
2025-02-04,Mỹ phẩm,Đà Nẵng,Online,1,1,1404000.0,1014033.0
2025-02-04,Sách,Cần Thơ,Cửa hàng,5,5,784000.0,608828.0
2025-02-04,Sách,Cần Thơ,Online,1,1,494000.0,357855.0
2025-02-04,Sách,Hà Nội,Cửa hàng,3,3,579300.0,411614.0
2025-02-04,Sách,Hà Nội,Online,2,2,383900.0,266453.0
2025-02-04,Sách,Hải Phòng,Cửa hàng,1,1,152100.0,103716.0
2025-02-04,Sách,TP HCM,Cửa hàng,2,2,324850.0,270558.0
2025-02-04,Sách,TP HCM,Online,1,1,140600.0,101851.0
2025-02-04,Sách,Đà Nẵng,Cửa hàng,1,1,163000.0,122284.0
2025-02-04,Thời trang,Cần Thơ,Cửa hàng,1,1,802000.0,524893.0
2025-02-04,Thời trang,Hà Nội,Cửa hàng,6,6,7740550.0,5605427.0
2025-02-04,Thời trang,Hà Nội,Online,4,4,3905000.0,2796881.0
2025-02-04,Thời trang,Hải Phòng,Cửa hàng,2,2,3017000.0,1923839.0
2025-02-04,Thời trang,Hải Phòng,Online,2,2,3584000.0,2516601.0
2025-02-04,Thời trang,TP HCM,Cửa hàng,6,6,6519250.0,4542861.0
2025-02-04,Thời trang,TP HCM,Online,6,6,7260100.0,5323480.0
2025-02-04,Thời trang,Đà Nẵng,Cửa hàng,1,1,1233100.0,831189.0
2025-02-04,Thời trang,Đà Nẵng,Online,1,1,729000.0,466624.0
2025-02-04,Thực phẩm,Cần Thơ,Cửa hàng,5,5,2630700.0,2139643.0
2025-02-04,Thực phẩm,Cần Thơ,Online,6,6,1688500.0,1162771.0
2025-02-04,Thực phẩm,Hà Nội,Cửa hàng,6,6,1445200.0,987207.0
2025-02-04,Thực phẩm,Hà Nội,Online,4,4,853800.0,647693.0
2025-02-04,Thực phẩm,Hải Phòng,Cửa hàng,4,4,1334300.0,891258.0
2025-02-04,Thực phẩm,Hải Phòng,Online,8,8,2495450.0,1717124.0
2025-02-04,Thực phẩm,TP HCM,Cửa hàng,18,18,8565470.0,6173882.0
2025-02-04,Thực phẩm,TP HCM,Online,10,10,3461550.0,2471399.0
2025-02-04,Thực phẩm,Đà Nẵng,Cửa hàng,3,3,1328000.0,929853.0
2025-02-04,Thực phẩm,Đà Nẵng,Online,3,3,661950.0,484456.0
2025-02-04,Điện tử,Cần Thơ,Cửa hàng,2,2,2246000.0,1763411.0
2025-02-04,Điện tử,Cần Thơ,Online,1,1,1827800.0,1233793.0
2025-02-04,Điện tử,Hà Nội,Cửa hàng,2,2,2981200.0,2043900.0
2025-02-04,Điện tử,Hà Nội,Online,3,3,4951400.0,3721918.0
2025-02-04,Điện tử,Hải Phòng,Cửa hàng,4,4,6940400.0,5566272.0
2025-02-04,Điện tử,Hải Phòng,Online,1,1,1940000.0,1428921.0
2025-02-04,Điện tử,TP HCM,Cửa hàng,7,7,16080600.0,12279880.0
2025-02-04,Điện tử,TP HCM,Online,4,4,6909350.0,5226371.0
2025-02-04,Điện tử,Đà Nẵng,Cửa hàng,2,2,19578696.0,13762883.0
2025-02-04,Điện tử,Đà Nẵng,Online,2,2,3172850.0,2188595.0
2025-02-05,Gia dụng,Cần Thơ,Cửa hàng,2,2,3699600.0,2989235.0
2025-02-05,Gia dụng,Cần Thơ,Online,2,2,1628000.0,1225347.0
2025-02-05,Gia dụng,Hà Nội,Cửa hàng,5,5,15395169.0,10800790.0
2025-02-05,Gia dụng,Hà Nội,Online,3,3,3002900.0,2258705.0
2025-02-05,Gia dụng,Hải Phòng,Online,1,1,1416100.0,1120239.0
2025-02-05,Gia dụng,TP HCM,Cửa hàng,6,6,5869600.0,4435519.0
2025-02-05,Gia dụng,TP HCM,Online,3,3,3107000.0,2361972.0
2025-02-05,Gia dụng,Đà Nẵng,Cửa hàng,2,2,2580000.0,1915034.0
2025-02-05,Mỹ phẩm,Cần Thơ,Cửa hàng,1,1,1287000.0,1031917.0
2025-02-05,Mỹ phẩm,Cần Thơ,Online,1,1,508250.0,398755.0
2025-02-05,Mỹ phẩm,Hà Nội,Cửa hàng,3,3,3387250.0,2386569.0
2025-02-05,Mỹ phẩm,Hà Nội,Online,2,2,3186200.0,2443444.0
2025-02-05,Mỹ phẩm,Hải Phòng,Cửa hàng,2,2,1399500.0,960142.0
2025-02-05,Mỹ phẩm,Hải Phòng,Online,1,1,885600.0,719714.0
2025-02-05,Mỹ phẩm,TP HCM,Cửa hàng,3,3,3201050.0,2217190.0
2025-02-05,Mỹ phẩm,TP HCM,Online,2,2,880100.0,576333.0
2025-02-05,Mỹ phẩm,Đà Nẵng,Online,3,3,3587000.0,2590696.0
2025-02-05,Sách,Cần Thơ,Online,2,2,452900.0,342121.0
2025-02-05,Sách,Hà Nội,Cửa hàng,3,3,3038138.0,2126616.0
2025-02-05,Sách,Hà Nội,Online,2,2,289000.0,189789.0
2025-02-05,Sách,Hải Phòng,Cửa hàng,4,4,704150.0,507691.0
2025-02-05,Sách,TP HCM,Cửa hàng,2,2,509600.0,374617.0
2025-02-05,Sách,TP HCM,Online,4,4,642750.0,455544.0
2025-02-05,Sách,Đà Nẵng,Cửa hàng,4,4,950000.0,656836.0
2025-02-05,Thời trang,Cần Thơ,Online,5,5,4988450.0,3719399.0
2025-02-05,Thời trang,Hà Nội,Cửa hàng,5,5,5505400.0,4202307.0
2025-02-05,Thời trang,Hà Nội,Online,4,4,2988600.0,2276676.0
2025-02-05,Thời trang,Hải Phòng,Cửa hàng,3,3,4407000.0,3085373.0
2025-02-05,Thời trang,Hải Phòng,Online,2,2,3298000.0,2029409.0
2025-02-05,Thời trang,TP HCM,Cửa hàng,5,5,4415950.0,3518377.0
2025-02-05,Thời trang,TP HCM,Online,6,6,8176500.0,5986527.0
2025-02-05,Thời trang,Đà Nẵng,Online,2,2,1541000.0,1024544.0
2025-02-05,Thực phẩm,Cần Thơ,Cửa hàng,4,4,1469900.0,1096524.0
2025-02-05,Thực phẩm,Cần Thơ,Online,3,3,1637300.0,1186598.0
2025-02-05,Thực phẩm,Hà Nội,Cửa hàng,5,5,860650.0,620648.0
2025-02-05,Thực phẩm,Hà Nội,Online,13,13,3903500.0,2746331.0
2025-02-05,Thực phẩm,Hải Phòng,Cửa hàng,5,5,1201000.0,933094.0
2025-02-05,Thực phẩm,Hải Phòng,Online,3,3,1149050.0,859581.0
2025-02-05,Thực phẩm,TP HCM,Cửa hàng,10,10,3537400.0,2570467.0
2025-02-05,Thực phẩm,TP HCM,Online,8,8,2728350.0,2036123.0
2025-02-05,Thực phẩm,Đà Nẵng,Cửa hàng,4,4,1403700.0,1052752.0
2025-02-05,Thực phẩm,Đà Nẵng,Online,1,1,510000.0,366356.0
2025-02-05,Điện tử,Cần Thơ,Cửa hàng,2,2,7017600.0,4644810.0
2025-02-05,Điện tử,Cần Thơ,Online,1,1,1255000.0,908343.0
2025-02-05,Điện tử,Hà Nội,Cửa hàng,5,5,9660500.0,7020818.0
2025-02-05,Điện tử,Hà Nội,Online,7,7,17043400.0,12772087.0
2025-02-05,Điện tử,Hải Phòng,Cửa hàng,8,8,14756150.0,10414038.0
2025-02-05,Điện tử,Hải Phòng,Online,4,4,7500600.0,5611020.0
2025-02-05,Điện tử,TP HCM,Cửa hàng,3,3,3120750.0,2125893.0
2025-02-05,Điện tử,TP HCM,Online,8,8,13246500.0,10053694.0
2025-02-05,Điện tử,Đà Nẵng,Cửa hàng,1,1,2208000.0,1350960.0
2025-02-05,Điện tử,Đà Nẵng,Online,2,2,2315000.0,1655860.0
2025-02-06,Gia dụng,Cần Thơ,Cửa hàng,3,3,2473700.0,1874054.0
2025-02-06,Gia dụng,Cần Thơ,Online,3,3,4864900.0,3594517.0
2025-02-06,Gia dụng,Hà Nội,Cửa hàng,4,4,6104200.0,4390116.0
2025-02-06,Gia dụng,Hà Nội,Online,1,1,951000.0,685848.0
2025-02-06,Gia dụng,Hải Phòng,Online,2,2,2289200.0,1762873.0
2025-02-06,Gia dụng,TP HCM,Cửa hàng,8,8,9405250.0,6554701.0
2025-02-06,Gia dụng,TP HCM,Online,4,4,5880550.0,3747803.0
2025-02-06,Gia dụng,Đà Nẵng,Cửa hàng,4,4,4827150.0,3563288.0
2025-02-06,Gia dụng,Đà Nẵng,Online,2,2,4620000.0,3530016.0
2025-02-06,Mỹ phẩm,Cần Thơ,Cửa hàng,1,1,868000.0,669684.0
2025-02-06,Mỹ phẩm,Cần Thơ,Online,1,1,432000.0,280235.0
2025-02-06,Mỹ phẩm,Hà Nội,Cửa hàng,5,5,4685750.0,3272616.0
2025-02-06,Mỹ phẩm,Hải Phòng,Cửa hàng,1,1,1016000.0,771141.0
2025-02-06,Mỹ phẩm,TP HCM,Cửa hàng,3,3,2418300.0,2011275.0
2025-02-06,Mỹ phẩm,TP HCM,Online,1,1,524000.0,395358.0
2025-02-06,Mỹ phẩm,Đà Nẵng,Cửa hàng,3,3,1503900.0,1020477.0
2025-02-06,Mỹ phẩm,Đà Nẵng,Online,2,2,1252900.0,904902.0
2025-02-06,Sách,Cần Thơ,Cửa hàng,3,3,1022000.0,771016.0
2025-02-06,Sách,Hà Nội,Cửa hàng,1,1,163400.0,121267.0
2025-02-06,Sách,Hà Nội,Online,2,2,795000.0,600914.0
2025-02-06,Sách,Hải Phòng,Cửa hàng,1,1,140600.0,88847.0
2025-02-06,Sách,Hải Phòng,Online,2,2,815000.0,653271.0
2025-02-06,Sách,TP HCM,Cửa hàng,4,4,2047250.0,1335431.0
2025-02-06,Sách,TP HCM,Online,5,5,702150.0,472600.0
2025-02-06,Sách,Đà Nẵng,Cửa hàng,2,2,442700.0,286965.0
2025-02-06,Sách,Đà Nẵng,Online,2,2,426550.0,288531.0
2025-02-06,Thời trang,Cần Thơ,Cửa hàng,3,3,4808350.0,3642141.0
2025-02-06,Thời trang,Cần Thơ,Online,2,2,3282000.0,2327898.0
2025-02-06,Thời trang,Hà Nội,Cửa hàng,2,2,2259000.0,1727867.0
2025-02-06,Thời trang,Hà Nội,Online,2,2,2869000.0,2189478.0
2025-02-06,Thời trang,Hải Phòng,Cửa hàng,1,1,1321200.0,1008269.0
2025-02-06,Thời trang,TP HCM,Cửa hàng,4,4,3532900.0,2419487.0
2025-02-06,Thời trang,TP HCM,Online,3,3,3654000.0,2662637.0
2025-02-06,Thời trang,Đà Nẵng,Cửa hàng,3,3,2250550.0,1674656.0
2025-02-06,Thực phẩm,Cần Thơ,Cửa hàng,2,2,546750.0,430506.0
2025-02-06,Thực phẩm,Cần Thơ,Online,2,2,806000.0,598669.0
2025-02-06,Thực phẩm,Hà Nội,Cửa hàng,11,11,3258800.0,2452254.0
2025-02-06,Thực phẩm,Hà Nội,Online,3,3,949000.0,721124.0
2025-02-06,Thực phẩm,Hải Phòng,Cửa hàng,3,3,1127000.0,688906.0
2025-02-06,Thực phẩm,Hải Phòng,Online,2,2,552600.0,415162.0
2025-02-06,Thực phẩm,TP HCM,Cửa hàng,9,9,2319350.0,1650713.0
2025-02-06,Thực phẩm,TP HCM,Online,16,16,6983384.0,5066415.0
2025-02-06,Thực phẩm,Đà Nẵng,Cửa hàng,6,6,2069800.0,1501081.0
2025-02-06,Thực phẩm,Đà Nẵng,Online,3,3,944400.0,684871.0
2025-02-06,Điện tử,Cần Thơ,Cửa hàng,3,3,8766900.0,6683950.0
2025-02-06,Điện tử,Hà Nội,Cửa hàng,6,6,23455453.0,16664609.0
2025-02-06,Điện tử,Hà Nội,Online,4,4,9888400.0,7135847.0
2025-02-06,Điện tử,Hải Phòng,Cửa hàng,2,2,2009900.0,1430365.0
2025-02-06,Điện tử,Hải Phòng,Online,2,2,2187000.0,1593633.0
2025-02-06,Điện tử,TP HCM,Cửa hàng,4,4,6410850.0,4524986.0
2025-02-06,Điện tử,TP HCM,Online,4,4,7589300.0,5546746.0
2025-02-06,Điện tử,Đà Nẵng,Cửa hàng,2,2,5853200.0,4608812.0
2025-02-06,Điện tử,Đà Nẵng,Online,1,1,970000.0,786361.0
2025-02-07,Gia dụng,Cần Thơ,Cửa hàng,2,2,5673000.0,4380235.0
2025-02-07,Gia dụng,Hà Nội,Cửa hàng,7,7,9298400.0,6853440.0
2025-02-07,Gia dụng,Hà Nội,Online,5,5,10110600.0,7735662.0
2025-02-07,Gia dụng,Hải Phòng,Cửa hàng,1,1,3672000.0,2648195.0
2025-02-07,Gia dụng,Hải Phòng,Online,2,2,8697250.0,5864758.0
2025-02-07,Gia dụng,TP HCM,Cửa hàng,13,13,21331500.0,16031904.0
2025-02-07,Gia dụng,TP HCM,Online,7,7,13383350.0,9532977.0
2025-02-07,Gia dụng,Đà Nẵng,Cửa hàng,1,1,2607750.0,1880673.0
2025-02-07,Gia dụng,Đà Nẵng,Online,3,3,2412900.0,1797554.0
2025-02-07,Mỹ phẩm,Cần Thơ,Cửa hàng,2,2,1347000.0,879868.0
2025-02-07,Mỹ phẩm,Cần Thơ,Online,2,2,1798000.0,1298598.0
2025-02-07,Mỹ phẩm,Hà Nội,Cửa hàng,5,5,4499800.0,3003106.0
2025-02-07,Mỹ phẩm,Hải Phòng,Cửa hàng,2,2,2219100.0,1742555.0
2025-02-07,Mỹ phẩm,TP HCM,Cửa hàng,2,2,1703100.0,1300044.0
2025-02-07,Mỹ phẩm,TP HCM,Online,4,4,1977000.0,1597488.0
2025-02-07,Mỹ phẩm,Đà Nẵng,Online,2,2,1805200.0,1385782.0
2025-02-07,Sách,Cần Thơ,Online,2,2,850000.0,610680.0
2025-02-07,Sách,Hà Nội,Cửa hàng,8,8,1428600.0,949165.0
2025-02-07,Sách,Hà Nội,Online,1,1,133950.0,97034.0
2025-02-07,Sách,Hải Phòng,Cửa hàng,1,1,149000.0,104678.0
2025-02-07,Sách,Hải Phòng,Online,4,4,713450.0,464768.0
2025-02-07,Sách,TP HCM,Cửa hàng,7,7,1980500.0,1448639.0
2025-02-07,Sách,TP HCM,Online,3,3,703200.0,547886.0
2025-02-07,Sách,Đà Nẵng,Cửa hàng,3,3,936000.0,683747.0
2025-02-07,Sách,Đà Nẵng,Online,2,2,276300.0,194060.0
2025-02-07,Thời trang,Cần Thơ,Cửa hàng,3,3,2805600.0,1889975.0
2025-02-07,Thời trang,Cần Thơ,Online,1,1,1486000.0,1194805.0
2025-02-07,Thời trang,Hà Nội,Cửa hàng,5,5,8585400.0,5749962.0
2025-02-07,Thời trang,Hà Nội,Online,3,3,2090950.0,1590432.0
2025-02-07,Thời trang,Hải Phòng,Online,2,2,2011850.0,1451404.0
2025-02-07,Thời trang,TP HCM,Cửa hàng,4,4,3646900.0,2510609.0
2025-02-07,Thời trang,TP HCM,Online,6,6,10853700.0,7990218.0
2025-02-07,Thời trang,Đà Nẵng,Cửa hàng,1,1,13863002.0,9704101.0
2025-02-07,Thời trang,Đà Nẵng,Online,4,4,4669950.0,3231172.0
2025-02-07,Thực phẩm,Cần Thơ,Cửa hàng,2,2,337100.0,255384.0
2025-02-07,Thực phẩm,Cần Thơ,Online,2,2,328100.0,266367.0
2025-02-07,Thực phẩm,Hà Nội,Cửa hàng,7,7,2183300.0,1611021.0
2025-02-07,Thực phẩm,Hà Nội,Online,1,1,398000.0,287681.0
2025-02-07,Thực phẩm,Hải Phòng,Cửa hàng,4,4,3600669.0,2580570.0
2025-02-07,Thực phẩm,Hải Phòng,Online,6,6,1142400.0,809407.0
2025-02-07,Thực phẩm,TP HCM,Cửa hàng,6,6,1293450.0,935028.0
2025-02-07,Thực phẩm,TP HCM,Online,8,8,2195800.0,1559014.0
2025-02-07,Thực phẩm,Đà Nẵng,Cửa hàng,3,3,910900.0,653409.0
2025-02-07,Thực phẩm,Đà Nẵng,Online,3,3,2898302.0,2085419.0
2025-02-07,Điện tử,Cần Thơ,Cửa hàng,3,3,5626950.0,4679248.0
2025-02-07,Điện tử,Cần Thơ,Online,1,1,1830900.0,1368012.0
2025-02-07,Điện tử,Hà Nội,Cửa hàng,2,2,5648000.0,4057513.0
2025-02-07,Điện tử,Hà Nội,Online,8,8,12237650.0,8344855.0
2025-02-07,Điện tử,Hải Phòng,Cửa hàng,1,1,1053900.0,677885.0
2025-02-07,Điện tử,Hải Phòng,Online,1,1,1812600.0,1197873.0
2025-02-07,Điện tử,TP HCM,Cửa hàng,8,8,12438050.0,9062523.0
2025-02-07,Điện tử,TP HCM,Online,5,5,9164000.0,6581227.0
2025-02-07,Điện tử,Đà Nẵng,Cửa hàng,1,1,1210000.0,938037.0
2025-02-08,Gia dụng,Cần Thơ,Cửa hàng,3,3,4508300.0,3205460.0
2025-02-08,Gia dụng,Cần Thơ,Online,2,2,1532900.0,1127041.0
2025-02-08,Gia dụng,Hà Nội,Cửa hàng,7,7,12268900.0,8655588.0
2025-02-08,Gia dụng,Hải Phòng,Cửa hàng,1,1,768400.0,501668.0
2025-02-08,Gia dụng,Hải Phòng,Online,4,4,6810750.0,4929387.0
2025-02-08,Gia dụng,TP HCM,Cửa hàng,6,6,21089962.0,15133331.0
2025-02-08,Gia dụng,TP HCM,Online,3,3,7746000.0,5613921.0
2025-02-08,Gia dụng,Đà Nẵng,Cửa hàng,1,1,2448000.0,1274345.0
2025-02-08,Gia dụng,Đà Nẵng,Online,3,3,2475250.0,1894884.0
2025-02-08,Mỹ phẩm,Hà Nội,Cửa hàng,1,1,397100.0,261414.0
2025-02-08,Mỹ phẩm,Hà Nội,Online,3,3,1405300.0,975908.0
2025-02-08,Mỹ phẩm,TP HCM,Cửa hàng,4,4,5231350.0,3948264.0
2025-02-08,Mỹ phẩm,TP HCM,Online,3,3,2476600.0,1841123.0
2025-02-08,Mỹ phẩm,Đà Nẵng,Cửa hàng,1,1,491000.0,392602.0
2025-02-08,Sách,Cần Thơ,Online,1,1,133000.0,105722.0
2025-02-08,Sách,Hà Nội,Cửa hàng,1,1,170000.0,140241.0
2025-02-08,Sách,Hà Nội,Online,3,3,2738169.0,1926064.0
2025-02-08,Sách,TP HCM,Cửa hàng,5,5,1382450.0,1065755.0
2025-02-08,Sách,TP HCM,Online,4,4,1238450.0,935716.0
2025-02-08,Sách,Đà Nẵng,Cửa hàng,3,3,769400.0,584069.0
2025-02-08,Sách,Đà Nẵng,Online,1,1,296000.0,246987.0
2025-02-08,Thời trang,Cần Thơ,Cửa hàng,2,2,2176000.0,1771518.0
2025-02-08,Thời trang,Hà Nội,Cửa hàng,5,5,14936644.0,10822361.0
2025-02-08,Thời trang,Hà Nội,Online,7,7,8291250.0,5899475.0
2025-02-08,Thời trang,Hải Phòng,Cửa hàng,2,2,1266300.0,934973.0
2025-02-08,Thời trang,TP HCM,Cửa hàng,3,3,3045900.0,2068475.0
2025-02-08,Thời trang,TP HCM,Online,7,7,9654450.0,6802636.0
2025-02-08,Thời trang,Đà Nẵng,Cửa hàng,2,2,2615350.0,1792670.0
2025-02-08,Thời trang,Đà Nẵng,Online,1,1,3188000.0,2037279.0
2025-02-08,Thực phẩm,Cần Thơ,Cửa hàng,3,3,949000.0,605591.0
2025-02-08,Thực phẩm,Cần Thơ,Online,3,3,1089800.0,766942.0
2025-02-08,Thực phẩm,Hà Nội,Cửa hàng,8,8,2714000.0,1989073.0
2025-02-08,Thực phẩm,Hà Nội,Online,4,4,920400.0,716011.0
2025-02-08,Thực phẩm,Hải Phòng,Cửa hàng,5,5,1144250.0,751101.0
2025-02-08,Thực phẩm,Hải Phòng,Online,4,4,1275600.0,924932.0
2025-02-08,Thực phẩm,TP HCM,Cửa hàng,9,9,2327050.0,1735264.0
2025-02-08,Thực phẩm,TP HCM,Online,9,9,2284000.0,1609873.0
2025-02-08,Thực phẩm,Đà Nẵng,Cửa hàng,9,9,2069750.0,1547008.0
2025-02-08,Thực phẩm,Đà Nẵng,Online,5,5,2668000.0,1969099.0
2025-02-08,Điện tử,Cần Thơ,Cửa hàng,1,1,6155000.0,4269423.0
2025-02-08,Điện tử,Cần Thơ,Online,1,1,1059000.0,676511.0
2025-02-08,Điện tử,Hà Nội,Cửa hàng,4,4,7544000.0,5432811.0
2025-02-08,Điện tử,Hà Nội,Online,8,8,12898100.0,9467268.0
2025-02-08,Điện tử,Hải Phòng,Online,1,1,3430600.0,2801839.0
2025-02-08,Điện tử,TP HCM,Cửa hàng,7,7,26828560.0,19216445.0
2025-02-08,Điện tử,TP HCM,Online,2,2,7690000.0,5128149.0
2025-02-08,Điện tử,Đà Nẵng,Cửa hàng,3,3,6866300.0,5586643.0
2025-02-08,Điện tử,Đà Nẵng,Online,1,1,3800000.0,3136259.0
2025-02-09,Gia dụng,Cần Thơ,Online,3,3,7334000.0,5289178.0
2025-02-09,Gia dụng,Hà Nội,Cửa hàng,5,5,11978900.0,9110579.0
2025-02-09,Gia dụng,Hà Nội,Online,6,6,28778706.0,19939251.0
2025-02-09,Gia dụng,Hải Phòng,Cửa hàng,3,3,3990700.0,2958816.0
2025-02-09,Gia dụng,Hải Phòng,Online,2,2,2018700.0,1530500.0
2025-02-09,Gia dụng,TP HCM,Cửa hàng,5,5,4903050.0,3512152.0
2025-02-09,Gia dụng,TP HCM,Online,3,3,5547100.0,3713351.0
2025-02-09,Gia dụng,Đà Nẵng,Online,1,1,3136000.0,2118560.0
2025-02-09,Mỹ phẩm,Cần Thơ,Cửa hàng,2,2,2006400.0,1328831.0
2025-02-09,Mỹ phẩm,Cần Thơ,Online,1,1,1371000.0,1157689.0
2025-02-09,Mỹ phẩm,Hà Nội,Cửa hàng,5,5,17500255.0,12281737.0
2025-02-09,Mỹ phẩm,Hà Nội,Online,2,2,2950000.0,2119120.0
2025-02-09,Mỹ phẩm,Hải Phòng,Cửa hàng,1,1,1024100.0,783831.0
2025-02-09,Mỹ phẩm,Hải Phòng,Online,2,2,1519000.0,1097091.0
2025-02-09,Mỹ phẩm,TP HCM,Online,4,4,3214250.0,2287154.0
2025-02-09,Mỹ phẩm,Đà Nẵng,Cửa hàng,1,1,1022200.0,736874.0
2025-02-09,Sách,Cần Thơ,Cửa hàng,2,2,2806485.0,1975885.0
2025-02-09,Sách,Hà Nội,Cửa hàng,4,4,878800.0,646421.0
2025-02-09,Sách,Hà Nội,Online,5,5,1623300.0,1169194.0
2025-02-09,Sách,Hải Phòng,Cửa hàng,1,1,128000.0,78971.0
2025-02-09,Sách,TP HCM,Cửa hàng,5,5,833600.0,569208.0
2025-02-09,Sách,TP HCM,Online,1,1,129200.0,93593.0
2025-02-09,Sách,Đà Nẵng,Cửa hàng,4,4,1214000.0,889553.0
2025-02-09,Sách,Đà Nẵng,Online,2,2,791000.0,602164.0
2025-02-09,Thời trang,Cần Thơ,Cửa hàng,2,2,2292900.0,1535645.0
2025-02-09,Thời trang,Cần Thơ,Online,3,3,3932750.0,3177744.0
2025-02-09,Thời trang,Hà Nội,Cửa hàng,4,4,7525100.0,5885801.0
2025-02-09,Thời trang,Hà Nội,Online,2,2,1940750.0,1438419.0
2025-02-09,Thời trang,Hải Phòng,Cửa hàng,1,1,637450.0,483778.0
2025-02-09,Thời trang,Hải Phòng,Online,1,1,817000.0,590718.0
2025-02-09,Thời trang,TP HCM,Cửa hàng,6,6,8558000.0,6603156.0
2025-02-09,Thời trang,TP HCM,Online,1,1,1408000.0,869551.0
2025-02-09,Thời trang,Đà Nẵng,Cửa hàng,1,1,781000.0,512147.0
2025-02-09,Thời trang,Đà Nẵng,Online,2,2,3586500.0,2664324.0
2025-02-09,Thực phẩm,Cần Thơ,Cửa hàng,2,2,349650.0,252264.0
2025-02-09,Thực phẩm,Cần Thơ,Online,2,2,747000.0,523158.0
2025-02-09,Thực phẩm,Hà Nội,Cửa hàng,9,9,4048046.0,2859002.0
2025-02-09,Thực phẩm,Hà Nội,Online,5,5,1054100.0,800197.0
2025-02-09,Thực phẩm,Hải Phòng,Cửa hàng,5,5,1555300.0,1046286.0
2025-02-09,Thực phẩm,Hải Phòng,Online,4,4,1500000.0,989351.0
2025-02-09,Thực phẩm,TP HCM,Cửa hàng,12,12,4251250.0,3093096.0
2025-02-09,Thực phẩm,TP HCM,Online,11,10,6661184.0,4870032.0
2025-02-09,Thực phẩm,Đà Nẵng,Cửa hàng,5,5,2080800.0,1485935.0
2025-02-09,Thực phẩm,Đà Nẵng,Online,2,2,918600.0,624038.0
2025-02-09,Điện tử,Cần Thơ,Cửa hàng,6,6,27914716.0,19771445.0
2025-02-09,Điện tử,Cần Thơ,Online,1,1,3477000.0,2610190.0
2025-02-09,Điện tử,Hà Nội,Cửa hàng,8,8,22182700.0,14474700.0
2025-02-09,Điện tử,Hà Nội,Online,1,1,945250.0,684153.0
2025-02-09,Điện tử,Hải Phòng,Cửa hàng,2,2,3504000.0,2936984.0
2025-02-09,Điện tử,Hải Phòng,Online,3,3,3161600.0,2451388.0
2025-02-09,Điện tử,TP HCM,Cửa hàng,7,7,18820400.0,14660737.0
2025-02-09,Điện tử,TP HCM,Online,6,6,12225700.0,9601992.0
2025-02-09,Điện tử,Đà Nẵng,Cửa hàng,3,3,5824000.0,3978964.0
2025-02-09,Điện tử,Đà Nẵng,Online,2,2,4077900.0,2796374.0
2025-02-10,Gia dụng,Cần Thơ,Cửa hàng,2,2,3373000.0,2068632.0
2025-02-10,Gia dụng,Cần Thơ,Online,2,2,1668000.0,1180389.0
2025-02-10,Gia dụng,Hà Nội,Cửa hàng,4,4,6484000.0,4189086.0
2025-02-10,Gia dụng,Hà Nội,Online,3,3,3504100.0,2406663.0
2025-02-10,Gia dụng,Hải Phòng,Cửa hàng,1,1,2364000.0,1848079.0
2025-02-10,Gia dụng,Hải Phòng,Online,1,1,900600.0,649500.0
2025-02-10,Gia dụng,TP HCM,Cửa hàng,8,8,11722000.0,8238600.0
2025-02-10,Gia dụng,TP HCM,Online,6,6,6389700.0,5020077.0
2025-02-10,Gia dụng,Đà Nẵng,Cửa hàng,2,2,5361000.0,3871023.0
2025-02-10,Gia dụng,Đà Nẵng,Online,1,1,3640000.0,2259839.0
2025-02-10,Mỹ phẩm,Cần Thơ,Cửa hàng,2,2,2501000.0,1898457.0
2025-02-10,Mỹ phẩm,Cần Thơ,Online,1,1,1323000.0,955531.0
2025-02-10,Mỹ phẩm,Hà Nội,Cửa hàng,6,6,5943050.0,4689923.0
2025-02-10,Mỹ phẩm,Hải Phòng,Cửa hàng,1,1,377100.0,253284.0
2025-02-10,Mỹ phẩm,Hải Phòng,Online,1,1,485000.0,307558.0
2025-02-10,Mỹ phẩm,TP HCM,Cửa hàng,4,4,4812600.0,3567384.0
2025-02-10,Mỹ phẩm,Đà Nẵng,Cửa hàng,2,2,2884450.0,2421977.0
2025-02-10,Mỹ phẩm,Đà Nẵng,Online,3,3,1998600.0,1449185.0
2025-02-10,Sách,Cần Thơ,Cửa hàng,2,2,398000.0,316261.0
2025-02-10,Sách,Cần Thơ,Online,5,5,1271800.0,942869.0
2025-02-10,Sách,Hà Nội,Cửa hàng,4,4,1016900.0,777184.0
2025-02-10,Sách,Hà Nội,Online,4,4,869400.0,585181.0
2025-02-10,Sách,Hải Phòng,Cửa hàng,2,2,606000.0,471532.0
2025-02-10,Sách,Hải Phòng,Online,1,1,166000.0,122956.0
2025-02-10,Sách,TP HCM,Cửa hàng,7,7,2202500.0,1577796.0
2025-02-10,Sách,TP HCM,Online,2,2,895500.0,652393.0
2025-02-10,Sách,Đà Nẵng,Cửa hàng,1,1,414000.0,249429.0
2025-02-10,Thời trang,Cần Thơ,Online,1,1,746000.0,600862.0
2025-02-10,Thời trang,Hà Nội,Cửa hàng,9,7,9939550.0,6868158.0
2025-02-10,Thời trang,Hà Nội,Online,3,3,2907000.0,2173584.0
2025-02-10,Thời trang,Hải Phòng,Cửa hàng,3,3,4204100.0,2911315.0
2025-02-10,Thời trang,TP HCM,Cửa hàng,5,5,7189300.0,5453535.0
2025-02-10,Thời trang,TP HCM,Online,4,4,3566650.0,2543946.0
2025-02-10,Thời trang,Đà Nẵng,Cửa hàng,2,2,2469000.0,1692868.0
2025-02-10,Thời trang,Đà Nẵng,Online,6,6,7448800.0,5558653.0
2025-02-10,Thực phẩm,Cần Thơ,Cửa hàng,1,1,179000.0,120886.0
2025-02-10,Thực phẩm,Cần Thơ,Online,2,2,513900.0,348790.0
2025-02-10,Thực phẩm,Hà Nội,Cửa hàng,7,7,2309500.0,1740860.0
2025-02-10,Thực phẩm,Hà Nội,Online,10,10,3212650.0,2356358.0
2025-02-10,Thực phẩm,Hải Phòng,Cửa hàng,4,4,1057300.0,710237.0
2025-02-10,Thực phẩm,Hải Phòng,Online,2,2,1129250.0,806591.0
2025-02-10,Thực phẩm,TP HCM,Cửa hàng,6,6,1816700.0,1328544.0
2025-02-10,Thực phẩm,TP HCM,Online,8,8,3476550.0,2478358.0
2025-02-10,Thực phẩm,Đà Nẵng,Cửa hàng,6,5,1386750.0,1073868.0
2025-02-10,Thực phẩm,Đà Nẵng,Online,2,2,688850.0,539459.0
2025-02-10,Điện tử,Cần Thơ,Cửa hàng,2,2,20460383.0,14389425.0
2025-02-10,Điện tử,Cần Thơ,Online,1,1,1186550.0,848876.0
2025-02-10,Điện tử,Hà Nội,Cửa hàng,6,6,15487900.0,10232339.0
2025-02-10,Điện tử,Hà Nội,Online,3,3,5287300.0,3720692.0
2025-02-10,Điện tử,Hải Phòng,Cửa hàng,2,2,3131000.0,2063234.0
2025-02-10,Điện tử,TP HCM,Cửa hàng,5,5,12363750.0,7929606.0
2025-02-10,Điện tử,TP HCM,Online,8,8,9655750.0,6947038.0
2025-02-10,Điện tử,Đà Nẵng,Cửa hàng,2,2,5620000.0,4423918.0
2025-02-10,Điện tử,Đà Nẵng,Online,3,3,3059800.0,2205525.0
2025-02-11,Gia dụng,Cần Thơ,Cửa hàng,1,1,3632000.0,2537142.0
2025-02-11,Gia dụng,Cần Thơ,Online,3,3,4480050.0,3571554.0
2025-02-11,Gia dụng,Hà Nội,Cửa hàng,2,2,8880250.0,6258134.0
2025-02-11,Gia dụng,Hà Nội,Online,3,3,4149400.0,3130758.0
2025-02-11,Gia dụng,Hải Phòng,Cửa hàng,1,1,1908000.0,1542520.0
2025-02-11,Gia dụng,TP HCM,Cửa hàng,4,4,3994300.0,3068607.0
2025-02-11,Gia dụng,TP HCM,Online,4,4,7156900.0,5089819.0
2025-02-11,Gia dụng,Đà Nẵng,Cửa hàng,1,1,2278800.0,1530973.0
2025-02-11,Gia dụng,Đà Nẵng,Online,3,3,3096550.0,2106055.0
2025-02-11,Mỹ phẩm,Cần Thơ,Cửa hàng,1,1,2061500.0,1385361.0
2025-02-11,Mỹ phẩm,Cần Thơ,Online,2,2,9404787.0,6587452.0
2025-02-11,Mỹ phẩm,Hà Nội,Cửa hàng,2,2,843600.0,583852.0
2025-02-11,Mỹ phẩm,Hà Nội,Online,4,4,4959300.0,3659476.0
2025-02-11,Mỹ phẩm,Hải Phòng,Cửa hàng,1,1,413100.0,329252.0
2025-02-11,Mỹ phẩm,Hải Phòng,Online,3,3,2881850.0,1842882.0
2025-02-11,Mỹ phẩm,TP HCM,Cửa hàng,3,3,1868050.0,1315792.0
2025-02-11,Mỹ phẩm,TP HCM,Online,4,4,10086405.0,7197792.0
2025-02-11,Mỹ phẩm,Đà Nẵng,Cửa hàng,3,3,2363100.0,1728880.0
2025-02-11,Mỹ phẩm,Đà Nẵng,Online,2,2,1361600.0,1006807.0
2025-02-11,Sách,Cần Thơ,Cửa hàng,3,3,672000.0,449089.0
2025-02-11,Sách,Cần Thơ,Online,2,2,971000.0,704637.0
2025-02-11,Sách,Hà Nội,Cửa hàng,3,3,445850.0,332354.0
2025-02-11,Sách,Hà Nội,Online,5,5,1402050.0,1038987.0
2025-02-11,Sách,Hải Phòng,Cửa hàng,1,1,486000.0,343815.0
2025-02-11,Sách,TP HCM,Cửa hàng,2,2,476800.0,364552.0
2025-02-11,Sách,TP HCM,Online,6,6,1073750.0,779518.0
2025-02-11,Sách,Đà Nẵng,Cửa hàng,1,1,273600.0,198197.0
2025-02-11,Thời trang,Cần Thơ,Online,2,2,2107200.0,1546494.0
2025-02-11,Thời trang,Hà Nội,Cửa hàng,6,6,5550500.0,3907839.0
2025-02-11,Thời trang,Hà Nội,Online,3,3,7423900.0,5293734.0
2025-02-11,Thời trang,Hải Phòng,Cửa hàng,1,1,634600.0,527082.0
2025-02-11,Thời trang,Hải Phòng,Online,2,2,15353078.0,10626874.0
2025-02-11,Thời trang,TP HCM,Cửa hàng,5,5,6467650.0,5159973.0
2025-02-11,Thời trang,TP HCM,Online,3,3,2222350.0,1550552.0
2025-02-11,Thời trang,Đà Nẵng,Online,2,2,3447200.0,2378701.0
2025-02-11,Thực phẩm,Cần Thơ,Cửa hàng,4,4,1934000.0,1411823.0
2025-02-11,Thực phẩm,Hà Nội,Cửa hàng,16,16,5676050.0,4097490.0
2025-02-11,Thực phẩm,Hà Nội,Online,7,7,2774700.0,2032155.0
2025-02-11,Thực phẩm,Hải Phòng,Cửa hàng,3,3,527800.0,366732.0
2025-02-11,Thực phẩm,Hải Phòng,Online,1,1,173850.0,135150.0
2025-02-11,Thực phẩm,TP HCM,Cửa hàng,9,9,4270155.0,3031673.0
2025-02-11,Thực phẩm,TP HCM,Online,6,6,1076600.0,744485.0
2025-02-11,Thực phẩm,Đà Nẵng,Cửa hàng,6,6,2532500.0,1946212.0
2025-02-11,Thực phẩm,Đà Nẵng,Online,7,7,2171250.0,1483426.0
2025-02-11,Điện tử,Cần Thơ,Cửa hàng,2,2,5854300.0,4353662.0
2025-02-11,Điện tử,Cần Thơ,Online,4,4,5692400.0,4207788.0
2025-02-11,Điện tử,Hà Nội,Cửa hàng,7,7,6990750.0,5014817.0
2025-02-11,Điện tử,Hà Nội,Online,6,6,8770000.0,6477479.0
2025-02-11,Điện tử,Hải Phòng,Cửa hàng,2,2,4764000.0,3615598.0
2025-02-11,Điện tử,Hải Phòng,Online,4,4,4401400.0,3381042.0
2025-02-11,Điện tử,TP HCM,Cửa hàng,7,7,17444850.0,12372880.0
2025-02-11,Điện tử,TP HCM,Online,4,4,8428950.0,6580360.0
2025-02-11,Điện tử,Đà Nẵng,Cửa hàng,2,2,4145000.0,2895049.0
2025-02-11,Điện tử,Đà Nẵng,Online,3,3,5862000.0,4439853.0
2025-02-12,Gia dụng,Cần Thơ,Cửa hàng,1,1,915000.0,556731.0
2025-02-12,Gia dụng,Cần Thơ,Online,1,1,746000.0,611739.0
2025-02-12,Gia dụng,Hà Nội,Cửa hàng,7,7,11258450.0,7982830.0
2025-02-12,Gia dụng,Hà Nội,Online,3,3,3956250.0,2634089.0
2025-02-12,Gia dụng,Hải Phòng,Online,2,2,1667000.0,1268814.0
2025-02-12,Gia dụng,TP HCM,Cửa hàng,7,7,12587550.0,8656888.0
2025-02-12,Gia dụng,TP HCM,Online,3,3,5177700.0,3616764.0
2025-02-12,Gia dụng,Đà Nẵng,Cửa hàng,1,1,963000.0,748007.0
2025-02-12,Gia dụng,Đà Nẵng,Online,3,3,3012000.0,2204757.0
2025-02-12,Mỹ phẩm,Cần Thơ,Cửa hàng,1,1,441000.0,305898.0
2025-02-12,Mỹ phẩm,Cần Thơ,Online,1,1,520600.0,376001.0
2025-02-12,Mỹ phẩm,Hà Nội,Online,5,5,5388900.0,4025486.0
2025-02-12,Mỹ phẩm,Hải Phòng,Cửa hàng,1,1,379800.0,289990.0
2025-02-12,Mỹ phẩm,TP HCM,Cửa hàng,1,1,1395000.0,958734.0
2025-02-12,Mỹ phẩm,TP HCM,Online,5,5,5327050.0,3801105.0
2025-02-12,Mỹ phẩm,Đà Nẵng,Cửa hàng,1,1,494100.0,338813.0
2025-02-12,Sách,Cần Thơ,Cửa hàng,1,1,153000.0,110834.0
2025-02-12,Sách,Cần Thơ,Online,2,2,956000.0,696325.0
2025-02-12,Sách,Hà Nội,Cửa hàng,6,6,1371000.0,906813.0
2025-02-12,Sách,Hà Nội,Online,4,4,578650.0,402940.0
2025-02-12,Sách,Hải Phòng,Cửa hàng,1,1,548000.0,393614.0
2025-02-12,Sách,Hải Phòng,Online,1,1,156000.0,122699.0
2025-02-12,Sách,TP HCM,Cửa hàng,3,3,852500.0,612241.0
2025-02-12,Sách,TP HCM,Online,3,3,561200.0,393827.0
2025-02-12,Sách,Đà Nẵng,Cửa hàng,2,2,290050.0,211883.0
2025-02-12,Sách,Đà Nẵng,Online,3,3,819000.0,624679.0
2025-02-12,Thời trang,Cần Thơ,Cửa hàng,2,2,4686000.0,3494229.0
2025-02-12,Thời trang,Cần Thơ,Online,2,2,1339900.0,990237.0
2025-02-12,Thời trang,Hà Nội,Online,6,6,7247250.0,5245956.0
2025-02-12,Thời trang,Hải Phòng,Cửa hàng,1,1,691900.0,492624.0
2025-02-12,Thời trang,Hải Phòng,Online,2,2,2438000.0,1762755.0
2025-02-12,Thời trang,TP HCM,Cửa hàng,5,5,7133500.0,5136615.0
2025-02-12,Thời trang,TP HCM,Online,4,4,10795300.0,8102268.0
2025-02-12,Thực phẩm,Cần Thơ,Cửa hàng,3,3,1039300.0,644453.0
2025-02-12,Thực phẩm,Cần Thơ,Online,5,5,4115048.0,2860523.0
2025-02-12,Thực phẩm,Hà Nội,Cửa hàng,8,8,3583100.0,2742762.0
2025-02-12,Thực phẩm,Hà Nội,Online,10,10,6001589.0,4299515.0
2025-02-12,Thực phẩm,Hải Phòng,Cửa hàng,4,4,852900.0,658941.0
2025-02-12,Thực phẩm,Hải Phòng,Online,2,2,925000.0,675617.0
2025-02-12,Thực phẩm,TP HCM,Cửa hàng,10,10,4912596.0,3515191.0
2025-02-12,Thực phẩm,TP HCM,Online,11,11,3105900.0,2226441.0
2025-02-12,Thực phẩm,Đà Nẵng,Cửa hàng,4,4,906500.0,661636.0
2025-02-12,Thực phẩm,Đà Nẵng,Online,3,3,687450.0,499695.0
2025-02-12,Điện tử,Cần Thơ,Cửa hàng,1,1,1145700.0,942537.0
2025-02-12,Điện tử,Cần Thơ,Online,1,1,5885000.0,4177483.0
2025-02-12,Điện tử,Hà Nội,Cửa hàng,5,5,10113300.0,8018278.0
2025-02-12,Điện tử,Hà Nội,Online,5,5,13944850.0,9938275.0
2025-02-12,Điện tử,Hải Phòng,Cửa hàng,2,2,6909000.0,5216226.0
2025-02-12,Điện tử,Hải Phòng,Online,3,3,3478750.0,2645933.0
2025-02-12,Điện tử,TP HCM,Cửa hàng,6,6,10736050.0,7489873.0
2025-02-12,Điện tử,TP HCM,Online,7,7,15173250.0,10905126.0
2025-02-12,Điện tử,Đà Nẵng,Cửa hàng,4,4,9390000.0,6534551.0
2025-02-12,Điện tử,Đà Nẵng,Online,1,1,1178000.0,927925.0
2025-02-13,Gia dụng,Cần Thơ,Cửa hàng,1,1,694450.0,510274.0
2025-02-13,Gia dụng,Cần Thơ,Online,1,1,953000.0,687290.0
2025-02-13,Gia dụng,Hà Nội,Cửa hàng,1,1,728000.0,454925.0
2025-02-13,Gia dụng,Hà Nội,Online,4,4,9088200.0,6027397.0
2025-02-13,Gia dụng,Hải Phòng,Cửa hàng,3,3,4487450.0,3659283.0
2025-02-13,Gia dụng,Hải Phòng,Online,1,1,871000.0,635635.0
2025-02-13,Gia dụng,TP HCM,Cửa hàng,4,4,3137300.0,2282854.0
2025-02-13,Gia dụng,TP HCM,Online,6,6,6722050.0,4739267.0
2025-02-13,Gia dụng,Đà Nẵng,Cửa hàng,2,2,2758000.0,1869984.0
2025-02-13,Gia dụng,Đà Nẵng,Online,1,1,917700.0,593697.0
2025-02-13,Mỹ phẩm,Cần Thơ,Cửa hàng,1,1,506000.0,312835.0
2025-02-13,Mỹ phẩm,Cần Thơ,Online,1,1,2155000.0,1301355.0
2025-02-13,Mỹ phẩm,Hà Nội,Cửa hàng,4,4,2843600.0,2191238.0
2025-02-13,Mỹ phẩm,Hà Nội,Online,2,2,1053000.0,765203.0
2025-02-13,Mỹ phẩm,Hải Phòng,Cửa hàng,2,2,2392000.0,1658422.0
2025-02-13,Mỹ phẩm,Đà Nẵng,Online,1,1,423000.0,349520.0
2025-02-13,Sách,Cần Thơ,Cửa hàng,5,5,1521000.0,1060088.0
2025-02-13,Sách,Hà Nội,Cửa hàng,7,7,2492600.0,1785482.0
2025-02-13,Sách,Hà Nội,Online,6,6,1693950.0,1181760.0
2025-02-13,Sách,Hải Phòng,Cửa hàng,2,2,636600.0,410716.0
2025-02-13,Sách,Hải Phòng,Online,1,1,141000.0,101335.0
2025-02-13,Sách,TP HCM,Cửa hàng,5,5,2047100.0,1499307.0
2025-02-13,Sách,TP HCM,Online,3,3,2309577.0,1627041.0
2025-02-13,Sách,Đà Nẵng,Cửa hàng,1,1,158000.0,101737.0
2025-02-13,Thời trang,Cần Thơ,Cửa hàng,1,1,671400.0,445215.0
2025-02-13,Thời trang,Cần Thơ,Online,1,1,607050.0,438917.0
2025-02-13,Thời trang,Hà Nội,Cửa hàng,5,5,6642800.0,4689547.0
2025-02-13,Thời trang,Hà Nội,Online,5,5,4820250.0,3458468.0
2025-02-13,Thời trang,Hải Phòng,Online,1,1,1400000.0,1056241.0
2025-02-13,Thời trang,TP HCM,Cửa hàng,5,5,5839900.0,3889987.0
2025-02-13,Thời trang,TP HCM,Online,6,6,7461000.0,5438355.0
2025-02-13,Thời trang,Đà Nẵng,Cửa hàng,1,1,1708000.0,1199634.0
2025-02-13,Thực phẩm,Cần Thơ,Cửa hàng,2,2,3270571.0,2295690.0
2025-02-13,Thực phẩm,Cần Thơ,Online,4,4,1611050.0,1195623.0
2025-02-13,Thực phẩm,Hà Nội,Cửa hàng,11,11,4454550.0,3359456.0
2025-02-13,Thực phẩm,Hà Nội,Online,8,8,1678500.0,1218885.0
2025-02-13,Thực phẩm,Hải Phòng,Cửa hàng,5,5,831550.0,593248.0
2025-02-13,Thực phẩm,Hải Phòng,Online,4,4,900950.0,684380.0
2025-02-13,Thực phẩm,TP HCM,Cửa hàng,8,8,3268800.0,2438872.0
2025-02-13,Thực phẩm,TP HCM,Online,10,10,2571700.0,1888527.0
2025-02-13,Thực phẩm,Đà Nẵng,Cửa hàng,5,5,1307150.0,959796.0
2025-02-13,Thực phẩm,Đà Nẵng,Online,6,6,1662950.0,1251460.0
2025-02-13,Điện tử,Hà Nội,Cửa hàng,4,4,6292750.0,4637067.0
2025-02-13,Điện tử,Hà Nội,Online,1,1,1028000.0,744045.0
2025-02-13,Điện tử,Hải Phòng,Cửa hàng,3,3,6563700.0,4285384.0
2025-02-13,Điện tử,Hải Phòng,Online,2,2,5740000.0,4193813.0
2025-02-13,Điện tử,TP HCM,Cửa hàng,10,10,14295500.0,10224406.0
2025-02-13,Điện tử,TP HCM,Online,6,6,12416250.0,8799159.0
2025-02-13,Điện tử,Đà Nẵng,Cửa hàng,6,6,12440000.0,8442828.0
2025-02-13,Điện tử,Đà Nẵng,Online,4,4,10988900.0,7652528.0
2025-02-14,Gia dụng,Cần Thơ,Cửa hàng,2,2,3382000.0,2336722.0
2025-02-14,Gia dụng,Cần Thơ,Online,3,3,3403000.0,2394014.0
2025-02-14,Gia dụng,Hà Nội,Online,4,4,4959650.0,3426189.0
2025-02-14,Gia dụng,Hải Phòng,Cửa hàng,2,2,2649000.0,1880089.0
2025-02-14,Gia dụng,Hải Phòng,Online,3,3,8299500.0,5746514.0
2025-02-14,Gia dụng,TP HCM,Cửa hàng,3,3,3709950.0,2841520.0
2025-02-14,Gia dụng,TP HCM,Online,4,4,4640850.0,3693947.0
2025-02-14,Gia dụng,Đà Nẵng,Cửa hàng,5,5,7422450.0,5684846.0
2025-02-14,Gia dụng,Đà Nẵng,Online,1,1,1429200.0,1129561.0
2025-02-14,Mỹ phẩm,Cần Thơ,Online,1,1,449350.0,285064.0
2025-02-14,Mỹ phẩm,Hà Nội,Cửa hàng,5,5,4139400.0,2967083.0
2025-02-14,Mỹ phẩm,Hà Nội,Online,4,4,3756000.0,3032880.0
2025-02-14,Mỹ phẩm,Hải Phòng,Cửa hàng,4,4,2975250.0,2271576.0
2025-02-14,Mỹ phẩm,Hải Phòng,Online,1,1,411000.0,312564.0
2025-02-14,Mỹ phẩm,TP HCM,Cửa hàng,4,4,5035000.0,3622243.0
2025-02-14,Mỹ phẩm,TP HCM,Online,3,3,1813550.0,1302842.0
2025-02-14,Mỹ phẩm,Đà Nẵng,Cửa hàng,1,1,540000.0,393978.0
2025-02-14,Mỹ phẩm,Đà Nẵng,Online,1,1,450000.0,279346.0
2025-02-14,Sách,Cần Thơ,Cửa hàng,1,1,421800.0,356900.0
2025-02-14,Sách,Cần Thơ,Online,2,2,287000.0,211205.0
2025-02-14,Sách,Hà Nội,Cửa hàng,5,5,1401200.0,1012530.0
2025-02-14,Sách,Hà Nội,Online,4,4,1027100.0,763781.0
2025-02-14,Sách,Hải Phòng,Cửa hàng,3,3,586000.0,468619.0
2025-02-14,Sách,Hải Phòng,Online,3,3,1000450.0,738446.0
2025-02-14,Sách,TP HCM,Cửa hàng,3,3,758100.0,590979.0
2025-02-14,Sách,TP HCM,Online,4,4,684900.0,489961.0
2025-02-14,Sách,Đà Nẵng,Online,2,2,513250.0,386360.0
2025-02-14,Thời trang,Cần Thơ,Cửa hàng,2,2,2696100.0,2011596.0
2025-02-14,Thời trang,Hà Nội,Cửa hàng,5,5,7431600.0,4903113.0
2025-02-14,Thời trang,Hà Nội,Online,1,1,767000.0,554567.0
2025-02-14,Thời trang,Hải Phòng,Cửa hàng,1,1,721050.0,566966.0
2025-02-14,Thời trang,TP HCM,Cửa hàng,5,5,6571050.0,4647060.0
2025-02-14,Thời trang,TP HCM,Online,3,3,3431000.0,2693158.0
2025-02-14,Thời trang,Đà Nẵng,Cửa hàng,1,1,3280000.0,2226670.0
2025-02-14,Thời trang,Đà Nẵng,Online,3,3,2649600.0,1669565.0
2025-02-14,Thực phẩm,Cần Thơ,Cửa hàng,5,5,1222300.0,939310.0
2025-02-14,Thực phẩm,Cần Thơ,Online,2,2,333500.0,225501.0
2025-02-14,Thực phẩm,Hà Nội,Cửa hàng,9,9,2958000.0,2096103.0
2025-02-14,Thực phẩm,Hà Nội,Online,4,4,1073000.0,764441.0
2025-02-14,Thực phẩm,Hải Phòng,Cửa hàng,1,1,477000.0,375259.0
2025-02-14,Thực phẩm,Hải Phòng,Online,5,5,1174200.0,851895.0
2025-02-14,Thực phẩm,TP HCM,Cửa hàng,6,6,3317972.0,2412846.0
2025-02-14,Thực phẩm,TP HCM,Online,7,7,2023000.0,1466104.0
2025-02-14,Thực phẩm,Đà Nẵng,Cửa hàng,2,2,321700.0,228718.0
2025-02-14,Điện tử,Cần Thơ,Cửa hàng,3,3,3135200.0,2367513.0
2025-02-14,Điện tử,Cần Thơ,Online,3,3,9357000.0,7103742.0
2025-02-14,Điện tử,Hà Nội,Cửa hàng,5,5,5409800.0,4156701.0
2025-02-14,Điện tử,Hà Nội,Online,4,4,7819450.0,5892784.0
2025-02-14,Điện tử,Hải Phòng,Cửa hàng,2,2,3782400.0,2600535.0
2025-02-14,Điện tử,Hải Phòng,Online,5,5,7849200.0,5744705.0
2025-02-14,Điện tử,TP HCM,Cửa hàng,7,7,14986250.0,10315951.0
2025-02-14,Điện tử,TP HCM,Online,5,5,9361150.0,6779897.0
2025-02-14,Điện tử,Đà Nẵng,Cửa hàng,1,1,4480200.0,2943959.0
2025-02-14,Điện tử,Đà Nẵng,Online,3,3,9798000.0,6708265.0
2025-02-15,Gia dụng,Cần Thơ,Cửa hàng,2,2,2345000.0,1485311.0
2025-02-15,Gia dụng,Cần Thơ,Online,3,3,5964000.0,3928239.0
2025-02-15,Gia dụng,Hà Nội,Cửa hàng,6,6,6495400.0,4759031.0
2025-02-15,Gia dụng,Hà Nội,Online,2,2,4171500.0,2738368.0
2025-02-15,Gia dụng,Hải Phòng,Cửa hàng,4,4,8632950.0,5661644.0
2025-02-15,Gia dụng,Hải Phòng,Online,2,2,4059900.0,2922072.0
2025-02-15,Gia dụng,TP HCM,Cửa hàng,4,4,18662045.0,13086644.0
2025-02-15,Gia dụng,TP HCM,Online,5,5,6294150.0,4407447.0
2025-02-15,Gia dụng,Đà Nẵng,Cửa hàng,3,3,3038600.0,2187856.0
2025-02-15,Gia dụng,Đà Nẵng,Online,3,3,3334000.0,2445566.0
2025-02-15,Mỹ phẩm,Cần Thơ,Cửa hàng,5,5,5127000.0,3863918.0
2025-02-15,Mỹ phẩm,Cần Thơ,Online,2,2,1062000.0,701720.0
2025-02-15,Mỹ phẩm,Hà Nội,Cửa hàng,4,4,2250650.0,1666031.0
2025-02-15,Mỹ phẩm,Hà Nội,Online,2,2,3466000.0,2664339.0
2025-02-15,Mỹ phẩm,Hải Phòng,Cửa hàng,3,3,1779200.0,1174945.0
2025-02-15,Mỹ phẩm,Hải Phòng,Online,1,1,1092000.0,882478.0
2025-02-15,Mỹ phẩm,TP HCM,Cửa hàng,2,2,1488550.0,915200.0
2025-02-15,Mỹ phẩm,TP HCM,Online,6,6,4702000.0,3411962.0
2025-02-15,Mỹ phẩm,Đà Nẵng,Cửa hàng,1,1,1461000.0,900230.0
2025-02-15,Mỹ phẩm,Đà Nẵng,Online,2,2,953000.0,649195.0
2025-02-15,Sách,Cần Thơ,Cửa hàng,1,1,143450.0,86350.0
2025-02-15,Sách,Cần Thơ,Online,4,4,983950.0,707632.0
2025-02-15,Sách,Hà Nội,Cửa hàng,1,1,171000.0,139526.0
2025-02-15,Sách,Hà Nội,Online,2,2,474100.0,358792.0
2025-02-15,Sách,Hải Phòng,Cửa hàng,1,1,133000.0,112236.0
2025-02-15,Sách,TP HCM,Cửa hàng,4,4,738700.0,558738.0
2025-02-15,Sách,TP HCM,Online,7,7,2472000.0,1816680.0
2025-02-15,Sách,Đà Nẵng,Cửa hàng,1,1,141000.0,102141.0
2025-02-15,Sách,Đà Nẵng,Online,1,1,302400.0,212935.0
2025-02-15,Thời trang,Cần Thơ,Cửa hàng,2,2,2314900.0,1801820.0
2025-02-15,Thời trang,Cần Thơ,Online,1,1,2770200.0,2310749.0
2025-02-15,Thời trang,Hà Nội,Cửa hàng,2,2,1859850.0,1545819.0
2025-02-15,Thời trang,Hà Nội,Online,5,5,4869100.0,3560232.0
2025-02-15,Thời trang,Hải Phòng,Cửa hàng,1,1,678000.0,436764.0
2025-02-15,Thời trang,TP HCM,Cửa hàng,3,3,2845650.0,2240605.0
2025-02-15,Thời trang,TP HCM,Online,5,5,3613150.0,2607551.0
2025-02-15,Thời trang,Đà Nẵng,Cửa hàng,1,1,1940850.0,1403299.0
2025-02-15,Thời trang,Đà Nẵng,Online,1,1,1518000.0,1119812.0
2025-02-15,Thực phẩm,Cần Thơ,Cửa hàng,4,4,1012900.0,768990.0
2025-02-15,Thực phẩm,Cần Thơ,Online,7,7,1723000.0,1264192.0
2025-02-15,Thực phẩm,Hà Nội,Cửa hàng,4,4,1294100.0,953357.0
2025-02-15,Thực phẩm,Hà Nội,Online,7,7,1214500.0,945118.0
2025-02-15,Thực phẩm,Hải Phòng,Online,3,3,876200.0,617068.0
2025-02-15,Thực phẩm,TP HCM,Cửa hàng,8,8,3019250.0,2249814.0
2025-02-15,Thực phẩm,TP HCM,Online,6,6,1386850.0,960586.0
2025-02-15,Thực phẩm,Đà Nẵng,Cửa hàng,3,3,1619850.0,1192518.0
2025-02-15,Thực phẩm,Đà Nẵng,Online,3,3,1336000.0,1089831.0
2025-02-15,Điện tử,Cần Thơ,Cửa hàng,2,2,3140600.0,2069824.0
2025-02-15,Điện tử,Cần Thơ,Online,1,1,1940400.0,1360372.0
2025-02-15,Điện tử,Hà Nội,Cửa hàng,4,4,9562900.0,6665982.0
2025-02-15,Điện tử,Hà Nội,Online,4,4,10816000.0,7899943.0
2025-02-15,Điện tử,Hải Phòng,Online,3,3,4133400.0,2970434.0
2025-02-15,Điện tử,TP HCM,Cửa hàng,3,3,4982800.0,3521559.0
2025-02-15,Điện tử,TP HCM,Online,8,8,14878900.0,10831298.0
2025-02-15,Điện tử,Đà Nẵng,Cửa hàng,3,3,6843550.0,5494490.0
2025-02-15,Điện tử,Đà Nẵng,Online,1,1,5340000.0,3853190.0
2025-02-16,Gia dụng,Cần Thơ,Cửa hàng,1,1,2235000.0,1673601.0
2025-02-16,Gia dụng,Hà Nội,Cửa hàng,7,7,6426100.0,4570252.0
2025-02-16,Gia dụng,Hà Nội,Online,2,2,1523650.0,1166384.0
2025-02-16,Gia dụng,Hải Phòng,Cửa hàng,2,2,3625200.0,2654545.0
2025-02-16,Gia dụng,Hải Phòng,Online,2,2,2577000.0,2029015.0
2025-02-16,Gia dụng,TP HCM,Cửa hàng,2,2,1736500.0,1294130.0
2025-02-16,Gia dụng,TP HCM,Online,5,5,5029750.0,3724810.0
2025-02-16,Gia dụng,Đà Nẵng,Cửa hàng,1,1,761900.0,480200.0
2025-02-16,Gia dụng,Đà Nẵng,Online,3,3,5066000.0,3407889.0
2025-02-16,Mỹ phẩm,Cần Thơ,Cửa hàng,1,1,549000.0,459444.0
2025-02-16,Mỹ phẩm,Cần Thơ,Online,1,1,440000.0,290149.0
2025-02-16,Mỹ phẩm,Hà Nội,Cửa hàng,5,5,5465750.0,3993354.0
2025-02-16,Mỹ phẩm,Hà Nội,Online,1,1,1104150.0,777808.0
2025-02-16,Mỹ phẩm,Hải Phòng,Cửa hàng,3,3,3334500.0,2473769.0
2025-02-16,Mỹ phẩm,Hải Phòng,Online,1,1,529000.0,382068.0
2025-02-16,Mỹ phẩm,TP HCM,Cửa hàng,4,4,4811750.0,3625868.0
2025-02-16,Mỹ phẩm,TP HCM,Online,2,2,1862150.0,1388965.0
2025-02-16,Mỹ phẩm,Đà Nẵng,Cửa hàng,1,1,1004000.0,832900.0
2025-02-16,Mỹ phẩm,Đà Nẵng,Online,1,1,414000.0,340346.0
2025-02-16,Sách,Cần Thơ,Cửa hàng,1,1,146300.0,115713.0
2025-02-16,Sách,Hà Nội,Cửa hàng,3,3,700900.0,475623.0
2025-02-16,Sách,Hà Nội,Online,5,5,822000.0,601001.0
2025-02-16,Sách,Hải Phòng,Online,1,1,169000.0,136884.0
2025-02-16,Sách,TP HCM,Cửa hàng,1,1,146300.0,89441.0
2025-02-16,Sách,TP HCM,Online,4,4,1051000.0,714036.0
2025-02-16,Sách,Đà Nẵng,Cửa hàng,1,1,309600.0,205915.0
2025-02-16,Sách,Đà Nẵng,Online,2,2,437000.0,292313.0
2025-02-16,Thời trang,Cần Thơ,Cửa hàng,2,2,1522600.0,1102348.0
2025-02-16,Thời trang,Cần Thơ,Online,3,3,7028900.0,4580903.0
2025-02-16,Thời trang,Hà Nội,Cửa hàng,3,3,4994500.0,3911468.0
2025-02-16,Thời trang,Hà Nội,Online,5,5,6549250.0,4809133.0
2025-02-16,Thời trang,Hải Phòng,Cửa hàng,2,2,2406600.0,1914481.0
2025-02-16,Thời trang,TP HCM,Cửa hàng,2,2,2021900.0,1635326.0
2025-02-16,Thời trang,TP HCM,Online,5,5,4913000.0,3658349.0
2025-02-16,Thời trang,Đà Nẵng,Cửa hàng,1,1,668000.0,558270.0
2025-02-16,Thời trang,Đà Nẵng,Online,2,2,3143000.0,2170449.0
2025-02-16,Thực phẩm,Cần Thơ,Cửa hàng,6,6,2031850.0,1459916.0
2025-02-16,Thực phẩm,Cần Thơ,Online,6,6,1274600.0,890575.0
2025-02-16,Thực phẩm,Hà Nội,Cửa hàng,7,7,2222900.0,1505987.0
2025-02-16,Thực phẩm,Hà Nội,Online,9,9,3575950.0,2657170.0
2025-02-16,Thực phẩm,Hải Phòng,Cửa hàng,6,6,1959950.0,1424013.0
2025-02-16,Thực phẩm,Hải Phòng,Online,4,4,1072700.0,792851.0
2025-02-16,Thực phẩm,TP HCM,Cửa hàng,10,10,2711700.0,1977519.0
2025-02-16,Thực phẩm,TP HCM,Online,10,10,3799900.0,2821273.0
2025-02-16,Thực phẩm,Đà Nẵng,Cửa hàng,3,3,516150.0,373120.0
2025-02-16,Thực phẩm,Đà Nẵng,Online,2,2,1119750.0,743301.0
2025-02-16,Điện tử,Cần Thơ,Cửa hàng,5,5,8792900.0,6574198.0
2025-02-16,Điện tử,Cần Thơ,Online,1,1,1165000.0,863210.0
2025-02-16,Điện tử,Hà Nội,Cửa hàng,5,5,6216700.0,4380922.0
2025-02-16,Điện tử,Hà Nội,Online,6,6,13246000.0,9396065.0
2025-02-16,Điện tử,Hải Phòng,Cửa hàng,1,1,2526000.0,1806303.0
2025-02-16,Điện tử,Hải Phòng,Online,2,2,3336800.0,2663433.0
2025-02-16,Điện tử,TP HCM,Cửa hàng,7,7,15520600.0,10077631.0
2025-02-16,Điện tử,TP HCM,Online,5,5,10868250.0,7475645.0
2025-02-16,Điện tử,Đà Nẵng,Cửa hàng,2,2,2972550.0,2068494.0
2025-02-16,Điện tử,Đà Nẵng,Online,1,1,1626900.0,1186833.0
2025-02-17,Gia dụng,Cần Thơ,Cửa hàng,2,2,4860400.0,3567279.0
2025-02-17,Gia dụng,Cần Thơ,Online,1,1,1706200.0,1242232.0
2025-02-17,Gia dụng,Hà Nội,Cửa hàng,2,2,3051000.0,2184961.0
2025-02-17,Gia dụng,Hà Nội,Online,3,3,3275600.0,2590414.0
2025-02-17,Gia dụng,Hải Phòng,Cửa hàng,3,3,2098050.0,1528931.0
2025-02-17,Gia dụng,TP HCM,Cửa hàng,5,5,5372200.0,3508463.0
2025-02-17,Gia dụng,TP HCM,Online,7,7,10259100.0,7502201.0
2025-02-17,Gia dụng,Đà Nẵng,Cửa hàng,1,1,743400.0,526502.0
2025-02-17,Gia dụng,Đà Nẵng,Online,1,1,2583000.0,1737343.0
2025-02-17,Mỹ phẩm,Cần Thơ,Online,3,3,1874000.0,1307232.0
2025-02-17,Mỹ phẩm,Hà Nội,Cửa hàng,3,3,2606500.0,1666352.0
2025-02-17,Mỹ phẩm,Hà Nội,Online,1,1,448400.0,372225.0
2025-02-17,Mỹ phẩm,Hải Phòng,Cửa hàng,1,1,803700.0,621600.0
2025-02-17,Mỹ phẩm,Hải Phòng,Online,1,1,486400.0,312048.0
2025-02-17,Mỹ phẩm,TP HCM,Cửa hàng,4,4,4338750.0,3237602.0
2025-02-17,Mỹ phẩm,TP HCM,Online,1,1,408500.0,298995.0
2025-02-17,Mỹ phẩm,Đà Nẵng,Online,1,1,1260000.0,910030.0
2025-02-17,Sách,Cần Thơ,Cửa hàng,1,1,163000.0,104581.0
2025-02-17,Sách,Cần Thơ,Online,1,1,495000.0,358579.0
2025-02-17,Sách,Hà Nội,Cửa hàng,4,4,1899700.0,1360659.0
2025-02-17,Sách,Hà Nội,Online,4,4,772150.0,575526.0
2025-02-17,Sách,Hải Phòng,Cửa hàng,1,1,129200.0,80861.0
2025-02-17,Sách,Hải Phòng,Online,2,2,529550.0,397564.0
2025-02-17,Sách,TP HCM,Cửa hàng,4,4,973250.0,727444.0
2025-02-17,Sách,TP HCM,Online,2,2,682000.0,527165.0
2025-02-17,Sách,Đà Nẵng,Cửa hàng,2,2,978300.0,648828.0
2025-02-17,Sách,Đà Nẵng,Online,2,2,669600.0,471642.0
2025-02-17,Thời trang,Cần Thơ,Cửa hàng,4,4,6444000.0,4872017.0
2025-02-17,Thời trang,Cần Thơ,Online,3,3,6433900.0,4647647.0
2025-02-17,Thời trang,Hà Nội,Cửa hàng,4,4,7406950.0,5344246.0
2025-02-17,Thời trang,Hà Nội,Online,6,6,8326200.0,6116230.0
2025-02-17,Thời trang,Hải Phòng,Cửa hàng,4,4,4049700.0,2803951.0
2025-02-17,Thời trang,TP HCM,Cửa hàng,7,7,8171550.0,6194843.0
2025-02-17,Thời trang,TP HCM,Online,1,1,761400.0,618377.0
2025-02-17,Thời trang,Đà Nẵng,Cửa hàng,1,1,3040000.0,2163300.0
2025-02-17,Thời trang,Đà Nẵng,Online,2,2,3694300.0,2671102.0
2025-02-17,Thực phẩm,Cần Thơ,Cửa hàng,2,2,635000.0,499444.0
2025-02-17,Thực phẩm,Cần Thơ,Online,2,2,508000.0,367191.0
2025-02-17,Thực phẩm,Hà Nội,Cửa hàng,6,6,2147650.0,1575734.0
2025-02-17,Thực phẩm,Hà Nội,Online,6,6,1873000.0,1256462.0
2025-02-17,Thực phẩm,Hải Phòng,Cửa hàng,6,6,2032700.0,1426669.0
2025-02-17,Thực phẩm,Hải Phòng,Online,3,3,632550.0,476630.0
2025-02-17,Thực phẩm,TP HCM,Cửa hàng,10,10,2952700.0,2119563.0
2025-02-17,Thực phẩm,TP HCM,Online,8,8,2591250.0,1903375.0
2025-02-17,Thực phẩm,Đà Nẵng,Cửa hàng,4,4,1218450.0,793940.0
2025-02-17,Thực phẩm,Đà Nẵng,Online,5,5,2461300.0,1835613.0
2025-02-17,Điện tử,Cần Thơ,Cửa hàng,1,1,3066600.0,2347010.0
2025-02-17,Điện tử,Cần Thơ,Online,5,5,17112342.0,12639518.0
2025-02-17,Điện tử,Hà Nội,Cửa hàng,11,11,17248200.0,13323711.0
2025-02-17,Điện tử,Hà Nội,Online,2,2,5165000.0,3657609.0
2025-02-17,Điện tử,Hải Phòng,Cửa hàng,2,2,6666000.0,4615643.0
2025-02-17,Điện tử,Hải Phòng,Online,1,1,1143000.0,904188.0
2025-02-17,Điện tử,TP HCM,Cửa hàng,1,1,1170000.0,747120.0
2025-02-17,Điện tử,TP HCM,Online,4,4,10895000.0,8229119.0
2025-02-17,Điện tử,Đà Nẵng,Online,2,2,6199200.0,4608415.0
2025-02-18,Gia dụng,Cần Thơ,Cửa hàng,1,1,904000.0,706541.0
2025-02-18,Gia dụng,Hà Nội,Cửa hàng,3,3,5625050.0,4170316.0
2025-02-18,Gia dụng,Hà Nội,Online,4,4,4881650.0,3482441.0
2025-02-18,Gia dụng,Hải Phòng,Cửa hàng,1,1,2171700.0,1566200.0
2025-02-18,Gia dụng,Hải Phòng,Online,1,1,788000.0,601482.0
2025-02-18,Gia dụng,TP HCM,Cửa hàng,2,2,1402900.0,1014561.0
2025-02-18,Gia dụng,TP HCM,Online,2,2,3054250.0,2267767.0
2025-02-18,Gia dụng,Đà Nẵng,Cửa hàng,4,4,3824500.0,2844237.0
2025-02-18,Gia dụng,Đà Nẵng,Online,3,3,4683000.0,3603750.0
2025-02-18,Mỹ phẩm,Cần Thơ,Cửa hàng,2,2,2249300.0,1538057.0
2025-02-18,Mỹ phẩm,Hà Nội,Cửa hàng,3,3,2653850.0,1784822.0
2025-02-18,Mỹ phẩm,Hà Nội,Online,3,3,1289400.0,878841.0
2025-02-18,Mỹ phẩm,Hải Phòng,Cửa hàng,2,2,1013000.0,801068.0
2025-02-18,Mỹ phẩm,TP HCM,Cửa hàng,4,4,2279350.0,1644982.0
2025-02-18,Mỹ phẩm,TP HCM,Online,2,2,2084000.0,1526627.0
2025-02-18,Mỹ phẩm,Đà Nẵng,Cửa hàng,4,4,3803150.0,3032114.0
2025-02-18,Sách,Cần Thơ,Cửa hàng,3,3,1523350.0,1000923.0
2025-02-18,Sách,Hà Nội,Cửa hàng,3,3,837900.0,600851.0
2025-02-18,Sách,Hà Nội,Online,4,4,867750.0,633702.0
2025-02-18,Sách,Hải Phòng,Online,1,1,136000.0,102636.0
2025-02-18,Sách,TP HCM,Cửa hàng,8,7,1609300.0,1104881.0
2025-02-18,Sách,TP HCM,Online,3,3,1245300.0,894931.0
2025-02-18,Sách,Đà Nẵng,Cửa hàng,3,3,852900.0,642293.0
2025-02-18,Thời trang,Cần Thơ,Cửa hàng,1,1,14339144.0,10037401.0
2025-02-18,Thời trang,Cần Thơ,Online,1,1,3184000.0,2541690.0
2025-02-18,Thời trang,Hà Nội,Cửa hàng,2,2,3118100.0,2130301.0
2025-02-18,Thời trang,Hà Nội,Online,3,3,6176600.0,4761318.0
2025-02-18,Thời trang,Hải Phòng,Online,1,1,1317600.0,1070297.0
2025-02-18,Thời trang,TP HCM,Cửa hàng,3,3,3554800.0,2748640.0
2025-02-18,Thời trang,TP HCM,Online,6,6,7244750.0,5118536.0
2025-02-18,Thời trang,Đà Nẵng,Cửa hàng,1,1,1485800.0,922836.0
2025-02-18,Thời trang,Đà Nẵng,Online,5,5,6251000.0,4738804.0
2025-02-18,Thực phẩm,Cần Thơ,Cửa hàng,4,4,2043450.0,1449740.0
2025-02-18,Thực phẩm,Cần Thơ,Online,4,4,841350.0,596351.0
2025-02-18,Thực phẩm,Hà Nội,Cửa hàng,8,8,2117750.0,1645170.0
2025-02-18,Thực phẩm,Hà Nội,Online,5,5,1606600.0,1172443.0
2025-02-18,Thực phẩm,Hải Phòng,Cửa hàng,3,3,1209600.0,870215.0
2025-02-18,Thực phẩm,Hải Phòng,Online,7,7,1903700.0,1455655.0
2025-02-18,Thực phẩm,TP HCM,Cửa hàng,7,7,1344100.0,954610.0
2025-02-18,Thực phẩm,TP HCM,Online,9,9,2465500.0,1766871.0
2025-02-18,Thực phẩm,Đà Nẵng,Cửa hàng,6,6,1578500.0,1100112.0
2025-02-18,Thực phẩm,Đà Nẵng,Online,8,8,2212600.0,1691438.0
2025-02-18,Điện tử,Cần Thơ,Cửa hàng,2,2,6054000.0,4140443.0
2025-02-18,Điện tử,Cần Thơ,Online,1,1,2018000.0,1460587.0
2025-02-18,Điện tử,Hà Nội,Cửa hàng,9,9,36656145.0,26018534.0
2025-02-18,Điện tử,Hà Nội,Online,5,5,5148550.0,3848263.0
2025-02-18,Điện tử,Hải Phòng,Cửa hàng,2,2,3996000.0,3341384.0
2025-02-18,Điện tử,Hải Phòng,Online,2,2,3657000.0,2826522.0
2025-02-18,Điện tử,TP HCM,Cửa hàng,4,4,5885150.0,4273730.0
2025-02-18,Điện tử,TP HCM,Online,4,4,9133050.0,6320987.0
2025-02-18,Điện tử,Đà Nẵng,Cửa hàng,5,5,22791047.0,15749334.0
2025-02-18,Điện tử,Đà Nẵng,Online,4,4,10224000.0,8139839.0
2025-02-19,Gia dụng,Cần Thơ,Cửa hàng,1,1,828000.0,578621.0
2025-02-19,Gia dụng,Cần Thơ,Online,1,1,2883000.0,2079179.0
2025-02-19,Gia dụng,Hà Nội,Cửa hàng,4,4,7886750.0,5393478.0
2025-02-19,Gia dụng,Hà Nội,Online,5,5,7544100.0,5391937.0
2025-02-19,Gia dụng,Hải Phòng,Cửa hàng,1,1,913000.0,578991.0
2025-02-19,Gia dụng,Hải Phòng,Online,1,1,892050.0,643334.0
2025-02-19,Gia dụng,TP HCM,Cửa hàng,8,8,15028800.0,10270925.0
2025-02-19,Gia dụng,TP HCM,Online,7,7,8842300.0,6566472.0
2025-02-19,Gia dụng,Đà Nẵng,Cửa hàng,1,1,1458000.0,886753.0
2025-02-19,Gia dụng,Đà Nẵng,Online,4,4,8276800.0,6275802.0
2025-02-19,Mỹ phẩm,Cần Thơ,Cửa hàng,1,1,412000.0,287121.0
2025-02-19,Mỹ phẩm,Cần Thơ,Online,1,1,976000.0,704912.0
2025-02-19,Mỹ phẩm,Hà Nội,Cửa hàng,3,3,1289850.0,1003602.0
2025-02-19,Mỹ phẩm,Hà Nội,Online,3,3,1739650.0,1286687.0
2025-02-19,Mỹ phẩm,Hải Phòng,Online,1,1,499000.0,360401.0
2025-02-19,Mỹ phẩm,TP HCM,Cửa hàng,3,3,2416200.0,1817374.0
2025-02-19,Mỹ phẩm,TP HCM,Online,3,3,1403000.0,1032931.0
2025-02-19,Sách,Cần Thơ,Cửa hàng,3,3,1148450.0,829472.0
2025-02-19,Sách,Hà Nội,Cửa hàng,2,2,297000.0,220452.0
2025-02-19,Sách,Hà Nội,Online,4,4,1018500.0,718709.0
2025-02-19,Sách,Hải Phòng,Cửa hàng,1,1,840000.0,512942.0
2025-02-19,Sách,Hải Phòng,Online,2,2,744550.0,542627.0
2025-02-19,Sách,TP HCM,Cửa hàng,6,6,1777300.0,1204523.0
2025-02-19,Sách,TP HCM,Online,6,6,1529700.0,1131098.0
2025-02-19,Sách,Đà Nẵng,Cửa hàng,5,5,1091850.0,745012.0
2025-02-19,Thời trang,Cần Thơ,Cửa hàng,2,2,4086250.0,2741359.0
2025-02-19,Thời trang,Cần Thơ,Online,2,2,1528050.0,1167290.0
2025-02-19,Thời trang,Hà Nội,Cửa hàng,2,2,1477600.0,1001553.0
2025-02-19,Thời trang,Hà Nội,Online,3,3,6041000.0,4344206.0
2025-02-19,Thời trang,Hải Phòng,Cửa hàng,1,1,689350.0,486247.0
2025-02-19,Thời trang,TP HCM,Cửa hàng,4,4,8586000.0,6116469.0
2025-02-19,Thời trang,TP HCM,Online,6,6,11555600.0,8781620.0
2025-02-19,Thời trang,Đà Nẵng,Cửa hàng,3,3,3298000.0,2576530.0
2025-02-19,Thực phẩm,Cần Thơ,Cửa hàng,1,1,184300.0,156375.0
2025-02-19,Thực phẩm,Cần Thơ,Online,2,2,813000.0,577727.0
2025-02-19,Thực phẩm,Hà Nội,Cửa hàng,7,7,2129700.0,1588306.0
2025-02-19,Thực phẩm,Hà Nội,Online,10,10,3071300.0,2363126.0
2025-02-19,Thực phẩm,Hải Phòng,Cửa hàng,3,3,562900.0,403250.0
2025-02-19,Thực phẩm,Hải Phòng,Online,3,3,1117000.0,800168.0
2025-02-19,Thực phẩm,TP HCM,Cửa hàng,13,13,3078550.0,2361812.0
2025-02-19,Thực phẩm,TP HCM,Online,11,11,4346000.0,3045711.0
2025-02-19,Thực phẩm,Đà Nẵng,Cửa hàng,5,5,1807350.0,1362829.0
2025-02-19,Thực phẩm,Đà Nẵng,Online,7,7,1746100.0,1277371.0
2025-02-19,Điện tử,Cần Thơ,Cửa hàng,1,1,4372000.0,3594562.0
2025-02-19,Điện tử,Cần Thơ,Online,3,3,5116300.0,4032159.0
2025-02-19,Điện tử,Hà Nội,Cửa hàng,1,1,1081000.0,791608.0
2025-02-19,Điện tử,Hà Nội,Online,4,4,9793100.0,7157148.0
2025-02-19,Điện tử,Hải Phòng,Cửa hàng,2,2,2981500.0,2262106.0
2025-02-19,Điện tử,Hải Phòng,Online,2,2,2391000.0,1865478.0
2025-02-19,Điện tử,TP HCM,Cửa hàng,8,8,17645600.0,13661385.0
2025-02-19,Điện tử,TP HCM,Online,5,5,8696250.0,6690391.0
2025-02-19,Điện tử,Đà Nẵng,Cửa hàng,3,3,4516850.0,3502467.0
2025-02-20,Gia dụng,Cần Thơ,Cửa hàng,2,2,1828750.0,1236704.0
2025-02-20,Gia dụng,Hà Nội,Cửa hàng,4,4,7339000.0,4961027.0
2025-02-20,Gia dụng,Hà Nội,Online,3,3,5204500.0,3762191.0
2025-02-20,Gia dụng,Hải Phòng,Cửa hàng,3,3,10700467.0,7531552.0
2025-02-20,Gia dụng,TP HCM,Cửa hàng,3,3,5279600.0,4008411.0
2025-02-20,Gia dụng,TP HCM,Online,2,2,3527750.0,2423082.0
2025-02-20,Gia dụng,Đà Nẵng,Cửa hàng,2,2,3130000.0,2182264.0
2025-02-20,Gia dụng,Đà Nẵng,Online,3,3,10930334.0,7722586.0
2025-02-20,Mỹ phẩm,Cần Thơ,Cửa hàng,3,3,2566000.0,2026390.0
2025-02-20,Mỹ phẩm,Hà Nội,Cửa hàng,4,4,4481500.0,3195625.0
2025-02-20,Mỹ phẩm,Hà Nội,Online,2,2,1539000.0,1218747.0
2025-02-20,Mỹ phẩm,Hải Phòng,Cửa hàng,2,2,1306200.0,964255.0
2025-02-20,Mỹ phẩm,Hải Phòng,Online,2,2,1354000.0,857097.0
2025-02-20,Mỹ phẩm,TP HCM,Cửa hàng,7,7,4680950.0,3461907.0
2025-02-20,Mỹ phẩm,TP HCM,Online,8,8,5969700.0,4309127.0
2025-02-20,Mỹ phẩm,Đà Nẵng,Cửa hàng,2,2,1530500.0,1160924.0
2025-02-20,Mỹ phẩm,Đà Nẵng,Online,1,1,502000.0,380251.0
2025-02-20,Sách,Cần Thơ,Cửa hàng,1,1,494000.0,296473.0
2025-02-20,Sách,Cần Thơ,Online,2,2,812000.0,635329.0
2025-02-20,Sách,Hà Nội,Cửa hàng,2,2,768000.0,581017.0
2025-02-20,Sách,Hà Nội,Online,3,3,701300.0,523727.0
2025-02-20,Sách,Hải Phòng,Cửa hàng,3,3,621150.0,457626.0
2025-02-20,Sách,Hải Phòng,Online,3,3,1854006.0,1291072.0
2025-02-20,Sách,TP HCM,Cửa hàng,3,3,690600.0,529139.0
2025-02-20,Sách,TP HCM,Online,4,4,685300.0,495581.0
2025-02-20,Sách,Đà Nẵng,Cửa hàng,2,2,564250.0,415477.0
2025-02-20,Sách,Đà Nẵng,Online,2,2,648000.0,411925.0
2025-02-20,Thời trang,Cần Thơ,Cửa hàng,1,1,787000.0,555019.0
2025-02-20,Thời trang,Cần Thơ,Online,1,1,862000.0,698359.0
2025-02-20,Thời trang,Hà Nội,Cửa hàng,2,2,1363500.0,1042673.0
2025-02-20,Thời trang,Hà Nội,Online,3,3,4619800.0,3143350.0
2025-02-20,Thời trang,Hải Phòng,Cửa hàng,2,2,1364200.0,964595.0
2025-02-20,Thời trang,Hải Phòng,Online,1,1,639000.0,462018.0
2025-02-20,Thời trang,TP HCM,Cửa hàng,5,5,5488000.0,3724865.0
2025-02-20,Thời trang,TP HCM,Online,1,1,3285000.0,2746924.0
2025-02-20,Thời trang,Đà Nẵng,Cửa hàng,3,3,2093850.0,1489400.0
2025-02-20,Thời trang,Đà Nẵng,Online,2,2,2266000.0,1585843.0
2025-02-20,Thực phẩm,Cần Thơ,Cửa hàng,4,4,1015650.0,759120.0
2025-02-20,Thực phẩm,Cần Thơ,Online,3,3,572000.0,433283.0
2025-02-20,Thực phẩm,Hà Nội,Cửa hàng,9,9,2924600.0,2034355.0
2025-02-20,Thực phẩm,Hà Nội,Online,12,12,4455350.0,3338679.0
2025-02-20,Thực phẩm,Hải Phòng,Cửa hàng,8,8,3765050.0,2795739.0
2025-02-20,Thực phẩm,Hải Phòng,Online,2,2,969000.0,704309.0
2025-02-20,Thực phẩm,TP HCM,Cửa hàng,8,8,2060950.0,1571485.0
2025-02-20,Thực phẩm,TP HCM,Online,8,8,2890750.0,2134559.0
2025-02-20,Thực phẩm,Đà Nẵng,Cửa hàng,3,3,679700.0,453686.0
2025-02-20,Thực phẩm,Đà Nẵng,Online,3,3,1184000.0,795949.0
2025-02-20,Điện tử,Cần Thơ,Cửa hàng,2,2,2116000.0,1316339.0
2025-02-20,Điện tử,Cần Thơ,Online,2,2,4417050.0,3651697.0
2025-02-20,Điện tử,Hà Nội,Cửa hàng,2,2,4256000.0,2662958.0
2025-02-20,Điện tử,Hà Nội,Online,4,4,10086000.0,7603598.0
2025-02-20,Điện tử,Hải Phòng,Cửa hàng,2,2,2361600.0,1690254.0
2025-02-20,Điện tử,Hải Phòng,Online,2,2,5625500.0,4566499.0
2025-02-20,Điện tử,TP HCM,Cửa hàng,7,7,10132600.0,7836665.0
2025-02-20,Điện tử,TP HCM,Online,5,5,27408723.0,19507036.0
2025-02-20,Điện tử,Đà Nẵng,Online,1,1,4936000.0,3938008.0
2025-02-21,Gia dụng,Cần Thơ,Online,2,2,2310000.0,1774648.0
2025-02-21,Gia dụng,Hà Nội,Cửa hàng,3,3,3971700.0,2739614.0
2025-02-21,Gia dụng,Hà Nội,Online,3,3,2904200.0,2103175.0
2025-02-21,Gia dụng,Hải Phòng,Cửa hàng,4,4,7266050.0,5544367.0
2025-02-21,Gia dụng,Hải Phòng,Online,5,5,9776950.0,7286920.0
2025-02-21,Gia dụng,TP HCM,Cửa hàng,7,7,13899550.0,10815662.0
2025-02-21,Gia dụng,TP HCM,Online,6,6,10663350.0,7129653.0
2025-02-21,Gia dụng,Đà Nẵng,Cửa hàng,3,3,4936050.0,3472958.0
2025-02-21,Mỹ phẩm,Cần Thơ,Online,3,3,2341050.0,1666480.0
2025-02-21,Mỹ phẩm,Hà Nội,Cửa hàng,2,2,2419000.0,1923166.0
2025-02-21,Mỹ phẩm,Hà Nội,Online,5,5,5543300.0,4191745.0
2025-02-21,Mỹ phẩm,Hải Phòng,Cửa hàng,1,1,547000.0,383592.0
2025-02-21,Mỹ phẩm,TP HCM,Cửa hàng,6,6,3508050.0,2552016.0
2025-02-21,Mỹ phẩm,TP HCM,Online,4,4,5929000.0,4376703.0
2025-02-21,Mỹ phẩm,Đà Nẵng,Online,1,1,505000.0,305951.0
2025-02-21,Sách,Cần Thơ,Online,2,2,450950.0,355890.0
2025-02-21,Sách,Hà Nội,Cửa hàng,5,5,1782350.0,1318831.0
2025-02-21,Sách,Hà Nội,Online,2,2,674800.0,512180.0
2025-02-21,Sách,Hải Phòng,Cửa hàng,1,1,140400.0,99678.0
2025-02-21,Sách,Hải Phòng,Online,2,2,704500.0,495859.0
2025-02-21,Sách,TP HCM,Cửa hàng,5,5,1216800.0,853002.0
2025-02-21,Sách,TP HCM,Online,4,4,681550.0,474009.0
2025-02-21,Sách,Đà Nẵng,Cửa hàng,2,2,703500.0,554411.0
2025-02-21,Sách,Đà Nẵng,Online,1,1,154000.0,107600.0
2025-02-21,Thời trang,Cần Thơ,Cửa hàng,2,2,2186000.0,1563150.0
2025-02-21,Thời trang,Hà Nội,Cửa hàng,4,4,4447000.0,3076903.0
2025-02-21,Thời trang,Hà Nội,Online,3,3,3137800.0,2053848.0
2025-02-21,Thời trang,Hải Phòng,Cửa hàng,2,2,3126800.0,2102261.0
2025-02-21,Thời trang,Hải Phòng,Online,2,2,4024000.0,3220027.0
2025-02-21,Thời trang,TP HCM,Cửa hàng,6,6,10189050.0,7322207.0
2025-02-21,Thời trang,TP HCM,Online,3,3,3403900.0,2390595.0
2025-02-21,Thời trang,Đà Nẵng,Cửa hàng,2,2,3188000.0,2607513.0
2025-02-21,Thời trang,Đà Nẵng,Online,2,2,3665100.0,3011504.0
2025-02-21,Thực phẩm,Cần Thơ,Cửa hàng,2,2,313900.0,225051.0
2025-02-21,Thực phẩm,Cần Thơ,Online,1,1,950000.0,692257.0
2025-02-21,Thực phẩm,Hà Nội,Cửa hàng,7,7,1486900.0,1066782.0
2025-02-21,Thực phẩm,Hà Nội,Online,8,8,2341000.0,1630136.0
2025-02-21,Thực phẩm,Hải Phòng,Cửa hàng,3,3,670950.0,533321.0
2025-02-21,Thực phẩm,Hải Phòng,Online,1,1,412000.0,301346.0
2025-02-21,Thực phẩm,TP HCM,Cửa hàng,14,14,5230750.0,3740787.0
2025-02-21,Thực phẩm,TP HCM,Online,4,4,1531900.0,997565.0
2025-02-21,Thực phẩm,Đà Nẵng,Cửa hàng,4,4,1132650.0,819673.0
2025-02-21,Thực phẩm,Đà Nẵng,Online,3,3,795150.0,579455.0
2025-02-21,Điện tử,Cần Thơ,Cửa hàng,5,5,7723300.0,5444488.0
2025-02-21,Điện tử,Cần Thơ,Online,2,2,5048900.0,3961362.0
2025-02-21,Điện tử,Hà Nội,Cửa hàng,5,5,8809100.0,6164899.0
2025-02-21,Điện tử,Hà Nội,Online,5,5,9551500.0,7241056.0
2025-02-21,Điện tử,Hải Phòng,Cửa hàng,2,2,2003250.0,1551735.0
2025-02-21,Điện tử,Hải Phòng,Online,2,2,3073000.0,2075442.0
2025-02-21,Điện tử,TP HCM,Cửa hàng,5,5,7180450.0,4854450.0
2025-02-21,Điện tử,TP HCM,Online,7,7,13459200.0,9872151.0
2025-02-21,Điện tử,Đà Nẵng,Cửa hàng,3,3,7086000.0,4770395.0
2025-02-21,Điện tử,Đà Nẵng,Online,2,2,1898600.0,1225724.0
2025-02-22,Gia dụng,Cần Thơ,Cửa hàng,1,1,916000.0,671660.0
2025-02-22,Gia dụng,Cần Thơ,Online,1,1,718200.0,517956.0
2025-02-22,Gia dụng,Hà Nội,Cửa hàng,4,4,9315400.0,6366237.0
2025-02-22,Gia dụng,Hà Nội,Online,6,6,8313600.0,6180992.0
2025-02-22,Gia dụng,TP HCM,Cửa hàng,7,7,9562650.0,6819930.0
2025-02-22,Gia dụng,TP HCM,Online,4,4,4768300.0,3660086.0
2025-02-22,Gia dụng,Đà Nẵng,Cửa hàng,2,2,3932400.0,2499317.0
2025-02-22,Gia dụng,Đà Nẵng,Online,4,4,4397000.0,3305913.0
2025-02-22,Mỹ phẩm,Hà Nội,Cửa hàng,1,1,543000.0,332897.0
2025-02-22,Mỹ phẩm,Hà Nội,Online,1,1,1401000.0,1011866.0
2025-02-22,Mỹ phẩm,Hải Phòng,Cửa hàng,2,2,1816000.0,1428071.0
2025-02-22,Mỹ phẩm,TP HCM,Cửa hàng,2,2,959100.0,711603.0
2025-02-22,Mỹ phẩm,TP HCM,Online,3,3,3204300.0,2496974.0
2025-02-22,Mỹ phẩm,Đà Nẵng,Cửa hàng,1,1,510150.0,428760.0
2025-02-22,Mỹ phẩm,Đà Nẵng,Online,1,1,999400.0,605306.0
2025-02-22,Sách,Cần Thơ,Cửa hàng,3,3,458000.0,340432.0
2025-02-22,Sách,Cần Thơ,Online,1,1,134000.0,97070.0
2025-02-22,Sách,Hà Nội,Cửa hàng,3,3,682250.0,545693.0
2025-02-22,Sách,Hà Nội,Online,3,3,559950.0,409542.0
2025-02-22,Sách,Hải Phòng,Cửa hàng,1,1,132300.0,83039.0
2025-02-22,Sách,TP HCM,Cửa hàng,4,4,924000.0,635955.0
2025-02-22,Sách,TP HCM,Online,1,1,268600.0,223516.0
2025-02-22,Sách,Đà Nẵng,Cửa hàng,2,2,440050.0,280572.0
2025-02-22,Thời trang,Cần Thơ,Cửa hàng,1,1,3270000.0,2698183.0
2025-02-22,Thời trang,Hà Nội,Cửa hàng,1,1,847000.0,695776.0
2025-02-22,Thời trang,Hà Nội,Online,3,3,5756100.0,3882725.0
2025-02-22,Thời trang,Hải Phòng,Cửa hàng,1,1,3436000.0,2071410.0
2025-02-22,Thời trang,Hải Phòng,Online,1,1,1231200.0,890199.0
2025-02-22,Thời trang,TP HCM,Cửa hàng,5,5,8686900.0,5846709.0
2025-02-22,Thời trang,TP HCM,Online,2,2,1361850.0,1059569.0
2025-02-22,Thời trang,Đà Nẵng,Cửa hàng,1,1,721000.0,461264.0
2025-02-22,Thời trang,Đà Nẵng,Online,3,3,6406500.0,4422751.0
2025-02-22,Thực phẩm,Cần Thơ,Cửa hàng,3,3,766500.0,555686.0
2025-02-22,Thực phẩm,Cần Thơ,Online,5,5,1170950.0,834475.0
2025-02-22,Thực phẩm,Hà Nội,Cửa hàng,10,10,3153200.0,2363459.0
2025-02-22,Thực phẩm,Hà Nội,Online,6,6,1490050.0,1107536.0
2025-02-22,Thực phẩm,Hải Phòng,Cửa hàng,9,9,3159800.0,2245423.0
2025-02-22,Thực phẩm,Hải Phòng,Online,4,4,1368550.0,973117.0
2025-02-22,Thực phẩm,TP HCM,Cửa hàng,11,11,6675749.0,4724034.0
2025-02-22,Thực phẩm,TP HCM,Online,11,11,6132524.0,4425792.0
2025-02-22,Thực phẩm,Đà Nẵng,Cửa hàng,3,3,1002800.0,792632.0
2025-02-22,Thực phẩm,Đà Nẵng,Online,5,5,1032050.0,784020.0
2025-02-22,Điện tử,Cần Thơ,Cửa hàng,2,2,4621000.0,3355194.0
2025-02-22,Điện tử,Cần Thơ,Online,1,1,4100200.0,3114346.0
2025-02-22,Điện tử,Hà Nội,Cửa hàng,6,6,9723350.0,7244249.0
2025-02-22,Điện tử,Hà Nội,Online,4,4,8516000.0,5773829.0
2025-02-22,Điện tử,Hải Phòng,Cửa hàng,1,1,1666000.0,1330130.0
2025-02-22,Điện tử,Hải Phòng,Online,1,1,1896000.0,1416092.0
2025-02-22,Điện tử,TP HCM,Cửa hàng,8,8,12257500.0,9002359.0
2025-02-22,Điện tử,TP HCM,Online,6,6,10181300.0,7322364.0
2025-02-22,Điện tử,Đà Nẵng,Cửa hàng,4,4,10284300.0,6905721.0
2025-02-22,Điện tử,Đà Nẵng,Online,2,2,2128500.0,1540565.0
2025-02-23,Gia dụng,Cần Thơ,Cửa hàng,2,2,1656000.0,1210465.0
2025-02-23,Gia dụng,Cần Thơ,Online,1,1,1736000.0,1075945.0
2025-02-23,Gia dụng,Hà Nội,Cửa hàng,2,2,1765050.0,1190160.0
2025-02-23,Gia dụng,Hà Nội,Online,4,4,4487600.0,3136124.0
2025-02-23,Gia dụng,Hải Phòng,Cửa hàng,1,1,1762000.0,1425988.0
2025-02-23,Gia dụng,Hải Phòng,Online,1,1,942000.0,679357.0
2025-02-23,Gia dụng,TP HCM,Cửa hàng,6,6,9072300.0,6691320.0
2025-02-23,Gia dụng,TP HCM,Online,2,2,1741000.0,1176520.0
2025-02-23,Gia dụng,Đà Nẵng,Cửa hàng,5,5,7269000.0,5507278.0
2025-02-23,Gia dụng,Đà Nẵng,Online,1,1,844000.0,608681.0
2025-02-23,Mỹ phẩm,Cần Thơ,Cửa hàng,1,1,442000.0,363536.0
2025-02-23,Mỹ phẩm,Hà Nội,Cửa hàng,3,3,2616900.0,1752109.0
2025-02-23,Mỹ phẩm,Hà Nội,Online,2,2,1787050.0,1290689.0
2025-02-23,Mỹ phẩm,Hải Phòng,Online,2,2,1244200.0,919993.0
2025-02-23,Mỹ phẩm,TP HCM,Cửa hàng,4,4,2831550.0,2081956.0
2025-02-23,Mỹ phẩm,TP HCM,Online,3,3,1730200.0,1225860.0
2025-02-23,Mỹ phẩm,Đà Nẵng,Cửa hàng,2,2,4499200.0,3129459.0
2025-02-23,Mỹ phẩm,Đà Nẵng,Online,1,1,1650000.0,1191706.0
2025-02-23,Sách,Cần Thơ,Cửa hàng,2,2,293450.0,222453.0
2025-02-23,Sách,Hà Nội,Cửa hàng,3,3,572800.0,432432.0
2025-02-23,Sách,Hà Nội,Online,2,2,1117000.0,829664.0
2025-02-23,Sách,TP HCM,Cửa hàng,12,12,4374190.0,3137320.0
2025-02-23,Sách,TP HCM,Online,8,8,2394350.0,1613739.0
2025-02-23,Sách,Đà Nẵng,Cửa hàng,2,2,700200.0,477697.0
2025-02-23,Thời trang,Cần Thơ,Online,1,1,715000.0,516969.0
2025-02-23,Thời trang,Hà Nội,Cửa hàng,5,5,4266650.0,2820254.0
2025-02-23,Thời trang,Hà Nội,Online,3,3,2722000.0,2044566.0
2025-02-23,Thời trang,Hải Phòng,Cửa hàng,2,2,1675000.0,1073089.0
2025-02-23,Thời trang,Hải Phòng,Online,3,3,7338200.0,5296259.0
2025-02-23,Thời trang,TP HCM,Cửa hàng,8,8,12476800.0,8604975.0
2025-02-23,Thời trang,TP HCM,Online,5,5,5972600.0,4146242.0
2025-02-23,Thời trang,Đà Nẵng,Cửa hàng,5,5,6104800.0,4742967.0
2025-02-23,Thời trang,Đà Nẵng,Online,1,1,839000.0,649711.0
2025-02-23,Thực phẩm,Cần Thơ,Cửa hàng,4,4,928000.0,682902.0
2025-02-23,Thực phẩm,Cần Thơ,Online,4,4,1170300.0,822031.0
2025-02-23,Thực phẩm,Hà Nội,Cửa hàng,4,4,867350.0,599420.0
2025-02-23,Thực phẩm,Hà Nội,Online,5,5,2122550.0,1462924.0
2025-02-23,Thực phẩm,Hải Phòng,Online,1,1,362000.0,254240.0
2025-02-23,Thực phẩm,TP HCM,Cửa hàng,11,11,4421000.0,3399864.0
2025-02-23,Thực phẩm,TP HCM,Online,6,6,4465929.0,3124394.0
2025-02-23,Thực phẩm,Đà Nẵng,Cửa hàng,2,2,917000.0,693855.0
2025-02-23,Thực phẩm,Đà Nẵng,Online,3,3,1366000.0,999484.0
2025-02-23,Điện tử,Cần Thơ,Cửa hàng,3,3,4791500.0,3463765.0
2025-02-23,Điện tử,Cần Thơ,Online,2,2,3313000.0,2587818.0
2025-02-23,Điện tử,Hà Nội,Cửa hàng,3,3,3226250.0,2270786.0
2025-02-23,Điện tử,Hà Nội,Online,6,6,12554700.0,9170026.0
2025-02-23,Điện tử,Hải Phòng,Cửa hàng,2,2,5502000.0,3514833.0
2025-02-23,Điện tử,Hải Phòng,Online,2,2,7329000.0,5986363.0
2025-02-23,Điện tử,TP HCM,Cửa hàng,10,10,18503600.0,12632583.0
2025-02-23,Điện tử,TP HCM,Online,4,4,9135200.0,6493217.0
2025-02-23,Điện tử,Đà Nẵng,Cửa hàng,5,5,10480300.0,7113327.0
2025-02-23,Điện tử,Đà Nẵng,Online,1,1,4195200.0,3036400.0
2025-02-24,Gia dụng,Cần Thơ,Online,1,1,2820000.0,2326394.0
2025-02-24,Gia dụng,Hà Nội,Cửa hàng,4,4,4240150.0,3162507.0
2025-02-24,Gia dụng,Hà Nội,Online,6,6,5200600.0,3795789.0
2025-02-24,Gia dụng,Hải Phòng,Cửa hàng,3,3,2300800.0,1652335.0
2025-02-24,Gia dụng,Hải Phòng,Online,2,2,4640500.0,3125699.0
2025-02-24,Gia dụng,TP HCM,Cửa hàng,4,4,7840250.0,5563380.0
2025-02-24,Gia dụng,TP HCM,Online,6,6,7658500.0,5491365.0
2025-02-24,Gia dụng,Đà Nẵng,Online,2,2,1817000.0,1352798.0
2025-02-24,Mỹ phẩm,Cần Thơ,Cửa hàng,2,2,2618000.0,1857428.0
2025-02-24,Mỹ phẩm,Hà Nội,Cửa hàng,2,2,1543000.0,1036205.0
2025-02-24,Mỹ phẩm,Hà Nội,Online,2,2,817000.0,562093.0
2025-02-24,Mỹ phẩm,Hải Phòng,Cửa hàng,2,2,2336400.0,1472412.0
2025-02-24,Mỹ phẩm,Hải Phòng,Online,2,2,2577000.0,2069480.0
2025-02-24,Mỹ phẩm,TP HCM,Cửa hàng,2,2,1291700.0,853972.0
2025-02-24,Mỹ phẩm,TP HCM,Online,2,2,2544000.0,1992234.0
2025-02-24,Mỹ phẩm,Đà Nẵng,Online,1,1,2235000.0,1614219.0
2025-02-24,Sách,Cần Thơ,Cửa hàng,2,2,825000.0,563239.0
2025-02-24,Sách,Cần Thơ,Online,1,1,149150.0,100258.0
2025-02-24,Sách,Hà Nội,Cửa hàng,1,1,169000.0,112601.0
2025-02-24,Sách,Hải Phòng,Cửa hàng,3,3,699250.0,511616.0
2025-02-24,Sách,TP HCM,Cửa hàng,3,3,1481000.0,1132078.0
2025-02-24,Sách,TP HCM,Online,3,3,865500.0,617577.0
2025-02-24,Sách,Đà Nẵng,Cửa hàng,3,3,535400.0,404922.0
2025-02-24,Sách,Đà Nẵng,Online,2,2,290700.0,205193.0
2025-02-24,Thời trang,Cần Thơ,Cửa hàng,3,3,2166200.0,1533313.0
2025-02-24,Thời trang,Cần Thơ,Online,1,1,826000.0,607329.0
2025-02-24,Thời trang,Hà Nội,Cửa hàng,4,4,4646750.0,3671109.0
2025-02-24,Thời trang,Hà Nội,Online,7,7,7450050.0,5220317.0
2025-02-24,Thời trang,Hải Phòng,Cửa hàng,1,1,2460000.0,1571918.0
2025-02-24,Thời trang,Hải Phòng,Online,2,2,1894500.0,1330959.0
2025-02-24,Thời trang,TP HCM,Cửa hàng,2,2,2329300.0,1682699.0
2025-02-24,Thời trang,TP HCM,Online,5,5,15496346.0,10837247.0
2025-02-24,Thời trang,Đà Nẵng,Cửa hàng,3,3,3669900.0,2922906.0
2025-02-24,Thời trang,Đà Nẵng,Online,3,3,2306250.0,1627962.0
2025-02-24,Thực phẩm,Cần Thơ,Cửa hàng,2,2,487000.0,360371.0
2025-02-24,Thực phẩm,Cần Thơ,Online,3,3,775000.0,567612.0
2025-02-24,Thực phẩm,Hà Nội,Cửa hàng,10,10,2301150.0,1591469.0
2025-02-24,Thực phẩm,Hà Nội,Online,3,3,1474000.0,1114750.0
2025-02-24,Thực phẩm,Hải Phòng,Cửa hàng,5,5,2015200.0,1432578.0
2025-02-24,Thực phẩm,Hải Phòng,Online,4,4,1022700.0,726873.0
2025-02-24,Thực phẩm,TP HCM,Cửa hàng,14,14,3838150.0,2658030.0
2025-02-24,Thực phẩm,TP HCM,Online,8,8,1735200.0,1237490.0
2025-02-24,Thực phẩm,Đà Nẵng,Cửa hàng,6,6,3985267.0,2823217.0
2025-02-24,Thực phẩm,Đà Nẵng,Online,5,5,1681550.0,1158732.0
2025-02-24,Điện tử,Cần Thơ,Cửa hàng,2,2,2997450.0,2267126.0
2025-02-24,Điện tử,Cần Thơ,Online,1,1,2122000.0,1535860.0
2025-02-24,Điện tử,Hà Nội,Cửa hàng,3,3,26391427.0,19083984.0
2025-02-24,Điện tử,Hà Nội,Online,5,5,7640200.0,5590631.0
2025-02-24,Điện tử,Hải Phòng,Online,2,2,6622000.0,4581805.0
2025-02-24,Điện tử,TP HCM,Cửa hàng,3,3,5077200.0,3615182.0
2025-02-24,Điện tử,TP HCM,Online,9,9,11441800.0,8317109.0
2025-02-24,Điện tử,Đà Nẵng,Cửa hàng,1,1,1027000.0,833698.0
2025-02-24,Điện tử,Đà Nẵng,Online,4,4,8722150.0,6545027.0
2025-02-25,Gia dụng,Cần Thơ,Cửa hàng,3,3,3547000.0,2419428.0
2025-02-25,Gia dụng,Cần Thơ,Online,2,2,4082400.0,2903958.0
2025-02-25,Gia dụng,Hà Nội,Cửa hàng,5,5,9107000.0,6650916.0
2025-02-25,Gia dụng,Hà Nội,Online,6,6,8980750.0,6720923.0
2025-02-25,Gia dụng,Hải Phòng,Cửa hàng,1,1,761900.0,533397.0
2025-02-25,Gia dụng,Hải Phòng,Online,2,2,1407600.0,1051647.0
2025-02-25,Gia dụng,TP HCM,Cửa hàng,8,8,9603500.0,6589973.0
2025-02-25,Gia dụng,TP HCM,Online,1,1,918000.0,643483.0
2025-02-25,Gia dụng,Đà Nẵng,Cửa hàng,1,1,2143200.0,1794299.0
2025-02-25,Gia dụng,Đà Nẵng,Online,1,1,1662000.0,1393070.0
2025-02-25,Mỹ phẩm,Cần Thơ,Cửa hàng,1,1,458000.0,292273.0
2025-02-25,Mỹ phẩm,Cần Thơ,Online,2,2,2055300.0,1559237.0
2025-02-25,Mỹ phẩm,Hà Nội,Cửa hàng,1,1,463000.0,315802.0
2025-02-25,Mỹ phẩm,Hà Nội,Online,2,2,2301000.0,1876488.0
2025-02-25,Mỹ phẩm,Hải Phòng,Cửa hàng,2,2,883700.0,631021.0
2025-02-25,Mỹ phẩm,Hải Phòng,Online,1,1,896000.0,555783.0
2025-02-25,Mỹ phẩm,TP HCM,Cửa hàng,2,2,1517000.0,1034168.0
2025-02-25,Mỹ phẩm,TP HCM,Online,1,1,470000.0,380926.0
2025-02-25,Mỹ phẩm,Đà Nẵng,Cửa hàng,2,2,1272800.0,1045731.0
2025-02-25,Mỹ phẩm,Đà Nẵng,Online,1,1,527000.0,444729.0
2025-02-25,Sách,Cần Thơ,Cửa hàng,2,2,473350.0,333602.0
2025-02-25,Sách,Cần Thơ,Online,2,2,313000.0,224228.0
2025-02-25,Sách,Hà Nội,Cửa hàng,5,5,1376700.0,1005763.0
2025-02-25,Sách,Hà Nội,Online,3,3,668250.0,509308.0
2025-02-25,Sách,TP HCM,Cửa hàng,4,4,1286600.0,935556.0
2025-02-25,Sách,TP HCM,Online,4,4,963800.0,736785.0
2025-02-25,Sách,Đà Nẵng,Online,1,1,390000.0,236953.0
2025-02-25,Thời trang,Cần Thơ,Cửa hàng,1,1,3264000.0,1996524.0
2025-02-25,Thời trang,Hà Nội,Cửa hàng,5,5,6997200.0,5276502.0
2025-02-25,Thời trang,Hà Nội,Online,7,7,6909650.0,4824752.0
2025-02-25,Thời trang,Hải Phòng,Cửa hàng,1,1,793000.0,573850.0
2025-02-25,Thời trang,Hải Phòng,Online,1,1,716300.0,575606.0
2025-02-25,Thời trang,TP HCM,Cửa hàng,5,5,7883300.0,5641853.0
2025-02-25,Thời trang,TP HCM,Online,4,4,3908050.0,2694442.0
2025-02-25,Thời trang,Đà Nẵng,Cửa hàng,4,4,3019850.0,2239276.0
2025-02-25,Thời trang,Đà Nẵng,Online,1,1,2547000.0,1841566.0
2025-02-25,Thực phẩm,Cần Thơ,Cửa hàng,8,8,2086300.0,1527330.0
2025-02-25,Thực phẩm,Cần Thơ,Online,4,4,1091600.0,796500.0
2025-02-25,Thực phẩm,Hà Nội,Cửa hàng,11,11,2622100.0,1855315.0
2025-02-25,Thực phẩm,Hà Nội,Online,6,6,1386850.0,961012.0
2025-02-25,Thực phẩm,Hải Phòng,Cửa hàng,2,2,361000.0,295332.0
2025-02-25,Thực phẩm,Hải Phòng,Online,1,1,167000.0,109570.0
2025-02-25,Thực phẩm,TP HCM,Cửa hàng,7,7,1843100.0,1261306.0
2025-02-25,Thực phẩm,TP HCM,Online,11,11,3976100.0,2923144.0
2025-02-25,Thực phẩm,Đà Nẵng,Cửa hàng,6,6,4478123.0,3181122.0
2025-02-25,Thực phẩm,Đà Nẵng,Online,3,3,664700.0,480303.0
2025-02-25,Điện tử,Cần Thơ,Cửa hàng,2,2,5639000.0,3929863.0
2025-02-25,Điện tử,Cần Thơ,Online,1,1,2492000.0,1650013.0
2025-02-25,Điện tử,Hà Nội,Cửa hàng,2,2,1912000.0,1377114.0
2025-02-25,Điện tử,Hà Nội,Online,1,1,4724000.0,3463608.0
2025-02-25,Điện tử,Hải Phòng,Online,1,1,2234400.0,1617213.0
2025-02-25,Điện tử,TP HCM,Cửa hàng,3,3,2894300.0,2166040.0
2025-02-25,Điện tử,TP HCM,Online,8,8,11354350.0,8577513.0
2025-02-25,Điện tử,Đà Nẵng,Cửa hàng,4,4,8569350.0,5757526.0
2025-02-25,Điện tử,Đà Nẵng,Online,1,1,2597400.0,2059446.0
2025-02-26,Gia dụng,Cần Thơ,Cửa hàng,1,1,1480700.0,1122567.0
2025-02-26,Gia dụng,Cần Thơ,Online,1,1,622200.0,518149.0
2025-02-26,Gia dụng,Hà Nội,Cửa hàng,6,6,8692400.0,6440743.0
2025-02-26,Gia dụng,Hà Nội,Online,5,5,5605100.0,4359950.0
2025-02-26,Gia dụng,Hải Phòng,Cửa hàng,2,2,3485600.0,2452054.0
2025-02-26,Gia dụng,TP HCM,Cửa hàng,5,5,4657050.0,3264663.0
2025-02-26,Gia dụng,TP HCM,Online,2,2,2545900.0,1784256.0
2025-02-26,Gia dụng,Đà Nẵng,Cửa hàng,5,5,7049800.0,5253817.0
2025-02-26,Gia dụng,Đà Nẵng,Online,1,1,874000.0,664192.0
2025-02-26,Mỹ phẩm,Cần Thơ,Online,3,3,1576200.0,1012249.0
2025-02-26,Mỹ phẩm,Hà Nội,Cửa hàng,2,2,8740913.0,6127435.0
2025-02-26,Mỹ phẩm,Hà Nội,Online,5,5,5991750.0,4326121.0
2025-02-26,Mỹ phẩm,Hải Phòng,Cửa hàng,1,1,477850.0,392206.0
2025-02-26,Mỹ phẩm,Hải Phòng,Online,1,1,6183981.0,4328787.0
2025-02-26,Mỹ phẩm,TP HCM,Cửa hàng,5,5,3891900.0,2842583.0
2025-02-26,Mỹ phẩm,TP HCM,Online,7,7,3263800.0,2440569.0
2025-02-26,Mỹ phẩm,Đà Nẵng,Cửa hàng,1,1,541000.0,379761.0
2025-02-26,Sách,Cần Thơ,Cửa hàng,3,3,456450.0,333099.0
2025-02-26,Sách,Hà Nội,Cửa hàng,2,2,653000.0,441290.0
2025-02-26,Sách,Hà Nội,Online,5,5,973950.0,704682.0
2025-02-26,Sách,TP HCM,Cửa hàng,7,7,1993300.0,1442828.0
2025-02-26,Sách,TP HCM,Online,4,4,562200.0,445439.0
2025-02-26,Sách,Đà Nẵng,Cửa hàng,5,5,1197450.0,858788.0
2025-02-26,Sách,Đà Nẵng,Online,1,1,113050.0,81894.0
2025-02-26,Thời trang,Cần Thơ,Cửa hàng,1,1,761000.0,483179.0
2025-02-26,Thời trang,Hà Nội,Cửa hàng,3,3,4246000.0,2974888.0
2025-02-26,Thời trang,Hà Nội,Online,3,3,4218000.0,3186588.0
2025-02-26,Thời trang,Hải Phòng,Cửa hàng,2,2,2827200.0,1881325.0
2025-02-26,Thời trang,Hải Phòng,Online,1,1,684000.0,513343.0
2025-02-26,Thời trang,TP HCM,Cửa hàng,5,5,6747450.0,5256195.0
2025-02-26,Thời trang,TP HCM,Online,4,4,7209500.0,5279678.0
2025-02-26,Thời trang,Đà Nẵng,Cửa hàng,2,2,3192400.0,2042898.0
2025-02-26,Thời trang,Đà Nẵng,Online,2,2,2008300.0,1413834.0
2025-02-26,Thực phẩm,Cần Thơ,Cửa hàng,4,4,2367800.0,1710399.0
2025-02-26,Thực phẩm,Cần Thơ,Online,3,3,906350.0,628166.0
2025-02-26,Thực phẩm,Hà Nội,Cửa hàng,13,13,3622750.0,2728102.0
2025-02-26,Thực phẩm,Hà Nội,Online,7,7,2128450.0,1464484.0
2025-02-26,Thực phẩm,Hải Phòng,Cửa hàng,2,2,365700.0,282760.0
2025-02-26,Thực phẩm,Hải Phòng,Online,1,1,167450.0,103416.0
2025-02-26,Thực phẩm,TP HCM,Cửa hàng,14,14,4443000.0,3244406.0
2025-02-26,Thực phẩm,TP HCM,Online,9,9,2049550.0,1469135.0
2025-02-26,Thực phẩm,Đà Nẵng,Cửa hàng,4,4,1471050.0,1104546.0
2025-02-26,Thực phẩm,Đà Nẵng,Online,6,6,1522350.0,1117006.0
2025-02-26,Điện tử,Hà Nội,Cửa hàng,3,3,3255000.0,2244090.0
2025-02-26,Điện tử,Hà Nội,Online,5,5,9134850.0,6851327.0
2025-02-26,Điện tử,Hải Phòng,Cửa hàng,5,5,12867000.0,9173291.0
2025-02-26,Điện tử,Hải Phòng,Online,2,2,2313000.0,1469833.0
2025-02-26,Điện tử,TP HCM,Cửa hàng,9,9,18379150.0,13435782.0
2025-02-26,Điện tử,TP HCM,Online,6,6,13159100.0,9794070.0
2025-02-26,Điện tử,Đà Nẵng,Cửa hàng,4,4,6549950.0,4505910.0
2025-02-27,Gia dụng,Cần Thơ,Cửa hàng,2,2,1525500.0,1184276.0
2025-02-27,Gia dụng,Cần Thơ,Online,2,2,3301000.0,2456593.0
2025-02-27,Gia dụng,Hà Nội,Cửa hàng,2,2,4072250.0,2835550.0
2025-02-27,Gia dụng,Hà Nội,Online,3,3,2557600.0,1921395.0
2025-02-27,Gia dụng,Hải Phòng,Cửa hàng,1,1,2228700.0,1778139.0
2025-02-27,Gia dụng,Hải Phòng,Online,3,3,2560350.0,1669702.0
2025-02-27,Gia dụng,TP HCM,Cửa hàng,8,8,10931800.0,8056598.0
2025-02-27,Gia dụng,TP HCM,Online,3,3,2465100.0,1791675.0
2025-02-27,Gia dụng,Đà Nẵng,Cửa hàng,1,1,3505500.0,2670903.0
2025-02-27,Gia dụng,Đà Nẵng,Online,1,1,1812000.0,1169612.0
2025-02-27,Mỹ phẩm,Cần Thơ,Cửa hàng,1,1,459800.0,347446.0
2025-02-27,Mỹ phẩm,Cần Thơ,Online,2,2,1523900.0,995074.0
2025-02-27,Mỹ phẩm,Hải Phòng,Cửa hàng,3,3,2107000.0,1325257.0
2025-02-27,Mỹ phẩm,Hải Phòng,Online,1,1,494950.0,378126.0
2025-02-27,Mỹ phẩm,TP HCM,Cửa hàng,1,1,818000.0,545594.0
2025-02-27,Mỹ phẩm,TP HCM,Online,3,3,1894400.0,1392172.0
2025-02-27,Mỹ phẩm,Đà Nẵng,Cửa hàng,1,1,395200.0,280617.0
2025-02-27,Sách,Cần Thơ,Cửa hàng,2,2,421200.0,338963.0
2025-02-27,Sách,Cần Thơ,Online,2,2,824000.0,596908.0
2025-02-27,Sách,Hà Nội,Cửa hàng,2,2,928800.0,658904.0
2025-02-27,Sách,Hà Nội,Online,6,6,993150.0,719348.0
2025-02-27,Sách,Hải Phòng,Cửa hàng,3,3,965700.0,687872.0
2025-02-27,Sách,Hải Phòng,Online,1,1,152000.0,95078.0
2025-02-27,Sách,TP HCM,Cửa hàng,7,7,1393500.0,1038389.0
2025-02-27,Sách,TP HCM,Online,4,4,910400.0,645342.0
2025-02-27,Sách,Đà Nẵng,Cửa hàng,1,1,134000.0,94427.0
2025-02-27,Sách,Đà Nẵng,Online,4,4,1651250.0,1243705.0
2025-02-27,Thời trang,Cần Thơ,Cửa hàng,3,3,3701000.0,2935202.0
2025-02-27,Thời trang,Hà Nội,Cửa hàng,8,8,12809100.0,9029337.0
2025-02-27,Thời trang,Hà Nội,Online,5,5,6175000.0,4311533.0
2025-02-27,Thời trang,Hải Phòng,Cửa hàng,1,1,1526400.0,1241638.0
2025-02-27,Thời trang,Hải Phòng,Online,2,2,1414100.0,1006542.0
2025-02-27,Thời trang,TP HCM,Cửa hàng,3,3,5663700.0,3718864.0
2025-02-27,Thời trang,TP HCM,Online,3,3,4264000.0,3224339.0
2025-02-27,Thời trang,Đà Nẵng,Cửa hàng,2,2,1407050.0,888545.0
2025-02-27,Thực phẩm,Cần Thơ,Cửa hàng,4,4,1130300.0,836996.0
2025-02-27,Thực phẩm,Cần Thơ,Online,3,3,700200.0,551557.0
2025-02-27,Thực phẩm,Hà Nội,Cửa hàng,9,9,6157336.0,4333843.0
2025-02-27,Thực phẩm,Hà Nội,Online,8,8,2177550.0,1540969.0
2025-02-27,Thực phẩm,Hải Phòng,Cửa hàng,5,5,1420800.0,982569.0
2025-02-27,Thực phẩm,Hải Phòng,Online,3,3,1386600.0,911032.0
2025-02-27,Thực phẩm,TP HCM,Cửa hàng,8,8,2903100.0,2115503.0
2025-02-27,Thực phẩm,TP HCM,Online,8,8,4612701.0,3298166.0
2025-02-27,Thực phẩm,Đà Nẵng,Cửa hàng,3,3,590950.0,450877.0
2025-02-27,Thực phẩm,Đà Nẵng,Online,3,3,1271000.0,938814.0
2025-02-27,Điện tử,Cần Thơ,Cửa hàng,2,2,2109000.0,1407915.0
2025-02-27,Điện tử,Cần Thơ,Online,3,3,6861000.0,4539426.0
2025-02-27,Điện tử,Hà Nội,Cửa hàng,3,3,6664000.0,4231958.0
2025-02-27,Điện tử,Hà Nội,Online,7,7,20411914.0,14298389.0
2025-02-27,Điện tử,Hải Phòng,Cửa hàng,4,4,5581000.0,3866724.0
2025-02-27,Điện tử,Hải Phòng,Online,3,3,16388954.0,11490849.0
2025-02-27,Điện tử,TP HCM,Cửa hàng,6,5,11313900.0,7636137.0
2025-02-27,Điện tử,TP HCM,Online,6,6,8755500.0,6380001.0
2025-02-27,Điện tử,Đà Nẵng,Cửa hàng,5,5,11445550.0,8465978.0
2025-02-27,Điện tử,Đà Nẵng,Online,2,2,2794500.0,1842706.0
2025-02-28,Gia dụng,Cần Thơ,Cửa hàng,2,2,1899200.0,1224438.0
2025-02-28,Gia dụng,Cần Thơ,Online,3,3,4608450.0,3304382.0
2025-02-28,Gia dụng,Hà Nội,Cửa hàng,4,4,8184750.0,5470407.0
2025-02-28,Gia dụng,Hà Nội,Online,1,1,2931000.0,2338698.0
2025-02-28,Gia dụng,Hải Phòng,Cửa hàng,1,1,756000.0,545217.0
2025-02-28,Gia dụng,Hải Phòng,Online,5,5,16283950.0,11659356.0
2025-02-28,Gia dụng,TP HCM,Cửa hàng,3,3,2378000.0,1614330.0
2025-02-28,Gia dụng,TP HCM,Online,2,2,1823500.0,1366072.0
2025-02-28,Gia dụng,Đà Nẵng,Cửa hàng,3,3,16663256.0,11619994.0
2025-02-28,Gia dụng,Đà Nẵng,Online,6,6,5487400.0,4067847.0
2025-02-28,Mỹ phẩm,Cần Thơ,Online,2,2,913500.0,659772.0
2025-02-28,Mỹ phẩm,Hà Nội,Cửa hàng,5,5,3259050.0,2198692.0
2025-02-28,Mỹ phẩm,Hà Nội,Online,2,2,2969200.0,2191223.0
2025-02-28,Mỹ phẩm,Hải Phòng,Cửa hàng,1,1,412000.0,327200.0
2025-02-28,Mỹ phẩm,TP HCM,Cửa hàng,4,4,1820850.0,1336861.0
2025-02-28,Mỹ phẩm,TP HCM,Online,2,2,1429150.0,982425.0
2025-02-28,Mỹ phẩm,Đà Nẵng,Online,2,2,2848000.0,2323063.0
2025-02-28,Sách,Hà Nội,Cửa hàng,2,2,259100.0,195061.0
2025-02-28,Sách,Hà Nội,Online,5,5,995250.0,723540.0
2025-02-28,Sách,Hải Phòng,Cửa hàng,4,4,1245300.0,823846.0
2025-02-28,Sách,Hải Phòng,Online,1,1,408000.0,322695.0
2025-02-28,Sách,TP HCM,Cửa hàng,11,11,4286472.0,3046268.0
2025-02-28,Sách,TP HCM,Online,4,4,723000.0,507469.0
2025-02-28,Sách,Đà Nẵng,Cửa hàng,1,1,272000.0,178707.0
2025-02-28,Thời trang,Cần Thơ,Online,3,3,6162700.0,4545903.0
2025-02-28,Thời trang,Hà Nội,Cửa hàng,6,6,7513900.0,5621255.0
2025-02-28,Thời trang,Hà Nội,Online,2,2,2161000.0,1447280.0
2025-02-28,Thời trang,Hải Phòng,Cửa hàng,2,2,2587400.0,1805768.0
2025-02-28,Thời trang,TP HCM,Cửa hàng,5,5,7029200.0,5679964.0
2025-02-28,Thời trang,TP HCM,Online,1,1,1293900.0,875976.0
2025-02-28,Thời trang,Đà Nẵng,Cửa hàng,2,2,1779200.0,1296607.0
2025-02-28,Thời trang,Đà Nẵng,Online,2,2,2150200.0,1554666.0
2025-02-28,Thực phẩm,Cần Thơ,Cửa hàng,1,1,173700.0,143010.0
2025-02-28,Thực phẩm,Cần Thơ,Online,5,5,1608500.0,1089024.0
2025-02-28,Thực phẩm,Hà Nội,Cửa hàng,4,4,930650.0,723315.0
2025-02-28,Thực phẩm,Hà Nội,Online,5,5,1527650.0,1124586.0
2025-02-28,Thực phẩm,Hải Phòng,Cửa hàng,3,3,4019325.0,2864419.0
2025-02-28,Thực phẩm,Hải Phòng,Online,2,2,321400.0,232626.0
2025-02-28,Thực phẩm,TP HCM,Cửa hàng,8,8,2052000.0,1410343.0
2025-02-28,Thực phẩm,TP HCM,Online,9,9,2547600.0,1799381.0
2025-02-28,Thực phẩm,Đà Nẵng,Cửa hàng,5,5,1089550.0,790032.0
2025-02-28,Thực phẩm,Đà Nẵng,Online,1,1,306000.0,257710.0
2025-02-28,Điện tử,Cần Thơ,Cửa hàng,5,5,11798900.0,8697899.0
2025-02-28,Điện tử,Cần Thơ,Online,1,1,3169800.0,2148392.0
2025-02-28,Điện tử,Hà Nội,Cửa hàng,6,6,8957900.0,6474089.0
2025-02-28,Điện tử,Hà Nội,Online,8,8,19217700.0,13494302.0
2025-02-28,Điện tử,Hải Phòng,Cửa hàng,3,3,5471100.0,4023402.0
2025-02-28,Điện tử,Hải Phòng,Online,5,5,10872550.0,8335910.0
2025-02-28,Điện tử,TP HCM,Cửa hàng,9,9,21801425.0,15376376.0
2025-02-28,Điện tử,TP HCM,Online,5,5,6275250.0,4629581.0
2025-02-28,Điện tử,Đà Nẵng,Cửa hàng,2,2,3048900.0,1943708.0
2025-02-28,Điện tử,Đà Nẵng,Online,2,2,1962550.0,1273521.0
2025-03-01,Gia dụng,Cần Thơ,Cửa hàng,4,4,6368000.0,5072510.0
2025-03-01,Gia dụng,Cần Thơ,Online,3,3,15033733.0,10741938.0
2025-03-01,Gia dụng,Hà Nội,Cửa hàng,6,6,8662300.0,5986978.0
2025-03-01,Gia dụng,Hải Phòng,Online,2,2,1573000.0,1134426.0
2025-03-01,Gia dụng,TP HCM,Cửa hàng,2,2,1487950.0,945269.0
2025-03-01,Gia dụng,TP HCM,Online,5,5,8955900.0,6047224.0
2025-03-01,Gia dụng,Đà Nẵng,Online,1,1,873000.0,554401.0
2025-03-01,Mỹ phẩm,Cần Thơ,Cửa hàng,2,2,2706000.0,1728017.0
2025-03-01,Mỹ phẩm,Cần Thơ,Online,2,2,3442100.0,2515922.0
2025-03-01,Mỹ phẩm,Hà Nội,Cửa hàng,3,3,1829950.0,1391851.0
2025-03-01,Mỹ phẩm,Hà Nội,Online,2,2,1378400.0,931120.0
2025-03-01,Mỹ phẩm,Hải Phòng,Cửa hàng,1,1,1038000.0,820425.0
2025-03-01,Mỹ phẩm,Hải Phòng,Online,2,2,1380200.0,1031346.0
2025-03-01,Mỹ phẩm,TP HCM,Cửa hàng,3,3,1775600.0,1144399.0
2025-03-01,Mỹ phẩm,TP HCM,Online,5,5,6217600.0,4265928.0
2025-03-01,Mỹ phẩm,Đà Nẵng,Cửa hàng,3,3,3259500.0,2495204.0
2025-03-01,Mỹ phẩm,Đà Nẵng,Online,1,1,872100.0,629871.0
2025-03-01,Sách,Cần Thơ,Cửa hàng,4,4,1161000.0,935260.0
2025-03-01,Sách,Cần Thơ,Online,2,2,369550.0,267703.0
2025-03-01,Sách,Hà Nội,Cửa hàng,5,5,1334950.0,992231.0
2025-03-01,Sách,Hà Nội,Online,4,4,828200.0,597281.0
2025-03-01,Sách,Hải Phòng,Cửa hàng,3,3,580800.0,435157.0
2025-03-01,Sách,Hải Phòng,Online,1,1,154000.0,111558.0
2025-03-01,Sách,TP HCM,Cửa hàng,4,4,1684000.0,1315242.0
2025-03-01,Sách,TP HCM,Online,5,5,1344000.0,1012961.0
2025-03-01,Sách,Đà Nẵng,Cửa hàng,2,2,730100.0,443344.0
2025-03-01,Sách,Đà Nẵng,Online,1,1,117900.0,99730.0
2025-03-01,Thời trang,Cần Thơ,Online,2,2,2698850.0,1883748.0
2025-03-01,Thời trang,Hà Nội,Cửa hàng,2,2,2788000.0,1869211.0
2025-03-01,Thời trang,Hà Nội,Online,1,1,2370000.0,1810727.0
2025-03-01,Thời trang,Hải Phòng,Cửa hàng,2,2,3547000.0,2879172.0
2025-03-01,Thời trang,Hải Phòng,Online,1,1,1342800.0,818078.0
2025-03-01,Thời trang,TP HCM,Cửa hàng,2,2,1299950.0,998054.0
2025-03-01,Thời trang,TP HCM,Online,3,3,2067000.0,1562578.0
2025-03-01,Thời trang,Đà Nẵng,Cửa hàng,2,2,2393950.0,1586996.0
2025-03-01,Thời trang,Đà Nẵng,Online,3,3,2789050.0,2029927.0
2025-03-01,Thực phẩm,Cần Thơ,Cửa hàng,4,4,667000.0,446812.0
2025-03-01,Thực phẩm,Cần Thơ,Online,1,1,188100.0,142522.0
2025-03-01,Thực phẩm,Hà Nội,Cửa hàng,6,6,1664800.0,1172317.0
2025-03-01,Thực phẩm,Hà Nội,Online,5,5,1257150.0,906803.0
2025-03-01,Thực phẩm,Hải Phòng,Cửa hàng,3,3,804800.0,581005.0
2025-03-01,Thực phẩm,Hải Phòng,Online,4,4,1566000.0,1163005.0
2025-03-01,Thực phẩm,TP HCM,Cửa hàng,15,15,7703135.0,5393871.0
2025-03-01,Thực phẩm,TP HCM,Online,9,9,2967400.0,2232390.0
2025-03-01,Thực phẩm,Đà Nẵng,Cửa hàng,5,5,996550.0,683929.0
2025-03-01,Thực phẩm,Đà Nẵng,Online,4,4,1140800.0,792869.0
2025-03-01,Điện tử,Cần Thơ,Online,1,1,1116250.0,807919.0
2025-03-01,Điện tử,Hà Nội,Cửa hàng,6,6,26853159.0,18698806.0
2025-03-01,Điện tử,Hà Nội,Online,5,5,5117400.0,3728667.0
2025-03-01,Điện tử,Hải Phòng,Cửa hàng,3,3,4025000.0,3057756.0
2025-03-01,Điện tử,Hải Phòng,Online,3,3,6895000.0,4343832.0
2025-03-01,Điện tử,TP HCM,Cửa hàng,6,6,13053350.0,9522420.0
2025-03-01,Điện tử,TP HCM,Online,2,2,3377250.0,2240147.0
2025-03-01,Điện tử,Đà Nẵng,Cửa hàng,1,1,2312000.0,1505834.0
2025-03-01,Điện tử,Đà Nẵng,Online,1,1,2482000.0,1849565.0
2025-03-02,Gia dụng,Cần Thơ,Cửa hàng,3,3,3187250.0,2097398.0
2025-03-02,Gia dụng,Cần Thơ,Online,2,2,2365600.0,1807574.0
2025-03-02,Gia dụng,Hà Nội,Cửa hàng,5,5,4793450.0,3621463.0
2025-03-02,Gia dụng,Hà Nội,Online,4,4,7891000.0,5630520.0
2025-03-02,Gia dụng,Hải Phòng,Cửa hàng,2,2,5039500.0,3143908.0
2025-03-02,Gia dụng,TP HCM,Cửa hàng,4,4,5627750.0,4034215.0
2025-03-02,Gia dụng,TP HCM,Online,6,6,5698100.0,3840935.0
2025-03-02,Gia dụng,Đà Nẵng,Cửa hàng,3,3,2308200.0,1723767.0
2025-03-02,Gia dụng,Đà Nẵng,Online,2,2,3539500.0,2253327.0
2025-03-02,Mỹ phẩm,Cần Thơ,Online,1,1,462000.0,352357.0
2025-03-02,Mỹ phẩm,Hà Nội,Cửa hàng,2,2,6067442.0,4353652.0
2025-03-02,Mỹ phẩm,Hà Nội,Online,2,2,890550.0,582491.0
2025-03-02,Mỹ phẩm,Hải Phòng,Cửa hàng,1,1,448200.0,337485.0
2025-03-02,Mỹ phẩm,TP HCM,Cửa hàng,3,3,2324000.0,1754347.0
2025-03-02,Mỹ phẩm,TP HCM,Online,5,5,4124200.0,2936115.0
2025-03-02,Mỹ phẩm,Đà Nẵng,Online,1,1,1112400.0,803426.0
2025-03-02,Sách,Cần Thơ,Cửa hàng,4,4,1072000.0,782723.0
2025-03-02,Sách,Hà Nội,Cửa hàng,1,1,143000.0,103806.0
2025-03-02,Sách,Hà Nội,Online,7,7,1730600.0,1327112.0
2025-03-02,Sách,TP HCM,Cửa hàng,4,4,1437900.0,1096386.0
2025-03-02,Sách,TP HCM,Online,5,5,973850.0,682660.0
2025-03-02,Sách,Đà Nẵng,Cửa hàng,3,3,531950.0,351018.0
2025-03-02,Sách,Đà Nẵng,Online,2,2,479000.0,331052.0
2025-03-02,Thời trang,Cần Thơ,Online,1,1,647900.0,418209.0
2025-03-02,Thời trang,Hà Nội,Cửa hàng,5,5,3401250.0,2590623.0
2025-03-02,Thời trang,Hà Nội,Online,4,4,4275300.0,3342866.0
2025-03-02,Thời trang,TP HCM,Cửa hàng,5,5,18842402.0,13323130.0
2025-03-02,Thời trang,TP HCM,Online,4,4,5342700.0,3563478.0
2025-03-02,Thời trang,Đà Nẵng,Cửa hàng,3,3,4354750.0,3520778.0
2025-03-02,Thực phẩm,Cần Thơ,Cửa hàng,3,3,1378650.0,922874.0
2025-03-02,Thực phẩm,Cần Thơ,Online,6,6,1907600.0,1425307.0
2025-03-02,Thực phẩm,Hà Nội,Cửa hàng,11,11,3644050.0,2699755.0
2025-03-02,Thực phẩm,Hà Nội,Online,7,7,1406000.0,990586.0
2025-03-02,Thực phẩm,Hải Phòng,Cửa hàng,2,2,879550.0,591197.0
2025-03-02,Thực phẩm,Hải Phòng,Online,1,1,930000.0,695650.0
2025-03-02,Thực phẩm,TP HCM,Cửa hàng,7,7,2280200.0,1705841.0
2025-03-02,Thực phẩm,TP HCM,Online,9,9,1981500.0,1395420.0
2025-03-02,Thực phẩm,Đà Nẵng,Cửa hàng,4,4,1531000.0,1125133.0
2025-03-02,Thực phẩm,Đà Nẵng,Online,4,4,1097450.0,800626.0
2025-03-02,Điện tử,Cần Thơ,Cửa hàng,1,1,1880200.0,1341384.0
2025-03-02,Điện tử,Cần Thơ,Online,2,2,3055100.0,2159161.0
2025-03-02,Điện tử,Hà Nội,Cửa hàng,3,3,4380000.0,3354640.0
2025-03-02,Điện tử,Hà Nội,Online,4,4,7087000.0,5076734.0
2025-03-02,Điện tử,Hải Phòng,Cửa hàng,3,3,6861000.0,4678990.0
2025-03-02,Điện tử,Hải Phòng,Online,1,1,2892000.0,2383413.0
2025-03-02,Điện tử,TP HCM,Cửa hàng,6,6,9005100.0,6391647.0
2025-03-02,Điện tử,TP HCM,Online,5,5,18324400.0,13914614.0
2025-03-02,Điện tử,Đà Nẵng,Cửa hàng,1,1,1934000.0,1219543.0
2025-03-03,Gia dụng,Cần Thơ,Cửa hàng,1,1,839700.0,564062.0
2025-03-03,Gia dụng,Cần Thơ,Online,1,1,884000.0,637528.0
2025-03-03,Gia dụng,Hà Nội,Cửa hàng,5,5,6714000.0,4573352.0
2025-03-03,Gia dụng,Hà Nội,Online,4,4,5177550.0,3731600.0
2025-03-03,Gia dụng,Hải Phòng,Cửa hàng,1,1,751450.0,492467.0
2025-03-03,Gia dụng,TP HCM,Cửa hàng,6,6,13190800.0,9608184.0
2025-03-03,Gia dụng,TP HCM,Online,6,6,7407600.0,5141297.0
2025-03-03,Gia dụng,Đà Nẵng,Cửa hàng,5,5,14551850.0,9961713.0
2025-03-03,Gia dụng,Đà Nẵng,Online,1,1,1540900.0,958944.0
2025-03-03,Mỹ phẩm,Cần Thơ,Cửa hàng,3,3,2469000.0,1672241.0
2025-03-03,Mỹ phẩm,Hà Nội,Cửa hàng,2,2,4032000.0,2949312.0
2025-03-03,Mỹ phẩm,Hà Nội,Online,2,2,2395000.0,1815824.0
2025-03-03,Mỹ phẩm,Hải Phòng,Cửa hàng,1,1,490500.0,305258.0
2025-03-03,Mỹ phẩm,TP HCM,Cửa hàng,2,2,1503000.0,980400.0
2025-03-03,Mỹ phẩm,TP HCM,Online,4,4,1837700.0,1357751.0
2025-03-03,Mỹ phẩm,Đà Nẵng,Cửa hàng,3,3,3239700.0,2445446.0
2025-03-03,Mỹ phẩm,Đà Nẵng,Online,2,2,2068000.0,1464219.0
2025-03-03,Sách,Cần Thơ,Cửa hàng,2,2,719900.0,564547.0
2025-03-03,Sách,Cần Thơ,Online,2,1,2129893.0,1528819.0
2025-03-03,Sách,Hà Nội,Cửa hàng,3,3,791700.0,625777.0
2025-03-03,Sách,Hà Nội,Online,7,7,1244450.0,875335.0
2025-03-03,Sách,Hải Phòng,Online,1,1,632000.0,383004.0
2025-03-03,Sách,TP HCM,Cửa hàng,2,2,597000.0,466176.0
2025-03-03,Sách,TP HCM,Online,1,1,252700.0,204073.0
2025-03-03,Sách,Đà Nẵng,Cửa hàng,4,4,1058600.0,779237.0
2025-03-03,Thời trang,Cần Thơ,Cửa hàng,1,1,795000.0,651998.0
2025-03-03,Thời trang,Cần Thơ,Online,1,1,642000.0,504945.0
2025-03-03,Thời trang,Hà Nội,Cửa hàng,4,4,2674000.0,1889279.0
2025-03-03,Thời trang,Hà Nội,Online,4,4,3649100.0,2471701.0
2025-03-03,Thời trang,Hải Phòng,Cửa hàng,1,1,799000.0,642835.0
2025-03-03,Thời trang,Hải Phòng,Online,4,4,4311500.0,3072060.0
2025-03-03,Thời trang,TP HCM,Cửa hàng,5,5,4910600.0,3659722.0
2025-03-03,Thời trang,TP HCM,Online,3,3,2039850.0,1350961.0
2025-03-03,Thời trang,Đà Nẵng,Cửa hàng,4,4,2841200.0,1995305.0
2025-03-03,Thời trang,Đà Nẵng,Online,2,2,2747000.0,1992403.0
2025-03-03,Thực phẩm,Cần Thơ,Cửa hàng,4,4,1604500.0,1171959.0
2025-03-03,Thực phẩm,Cần Thơ,Online,3,3,673200.0,519973.0
2025-03-03,Thực phẩm,Hà Nội,Cửa hàng,10,10,2729300.0,1920445.0
2025-03-03,Thực phẩm,Hà Nội,Online,8,8,3019000.0,2216762.0
2025-03-03,Thực phẩm,Hải Phòng,Cửa hàng,7,7,2260850.0,1658064.0
2025-03-03,Thực phẩm,Hải Phòng,Online,3,3,1782200.0,1286637.0
2025-03-03,Thực phẩm,TP HCM,Cửa hàng,7,7,2364200.0,1648339.0
2025-03-03,Thực phẩm,TP HCM,Online,9,9,2243400.0,1609451.0
2025-03-03,Thực phẩm,Đà Nẵng,Cửa hàng,3,3,878800.0,617118.0
2025-03-03,Thực phẩm,Đà Nẵng,Online,3,3,522000.0,430283.0
2025-03-03,Điện tử,Cần Thơ,Cửa hàng,2,2,1867500.0,1374723.0
2025-03-03,Điện tử,Cần Thơ,Online,1,1,1955000.0,1492904.0
2025-03-03,Điện tử,Hà Nội,Cửa hàng,2,2,3188000.0,2101952.0
2025-03-03,Điện tử,Hà Nội,Online,4,4,10664000.0,8160205.0
2025-03-03,Điện tử,Hải Phòng,Cửa hàng,1,1,973000.0,750111.0
2025-03-03,Điện tử,Hải Phòng,Online,2,2,2263850.0,1591033.0
2025-03-03,Điện tử,TP HCM,Cửa hàng,9,9,17156800.0,11371636.0
2025-03-03,Điện tử,TP HCM,Online,8,8,15226600.0,10634130.0
2025-03-03,Điện tử,Đà Nẵng,Cửa hàng,2,2,2055050.0,1362311.0
2025-03-03,Điện tử,Đà Nẵng,Online,2,2,2004000.0,1589225.0
2025-03-04,Gia dụng,Cần Thơ,Cửa hàng,4,4,4913250.0,3675037.0
2025-03-04,Gia dụng,Hà Nội,Cửa hàng,5,5,6636500.0,4720862.0
2025-03-04,Gia dụng,Hà Nội,Online,3,3,4463100.0,3387537.0
2025-03-04,Gia dụng,Hải Phòng,Online,1,1,1936000.0,1577110.0
2025-03-04,Gia dụng,TP HCM,Cửa hàng,7,7,8347700.0,5984284.0
2025-03-04,Gia dụng,TP HCM,Online,3,3,8233000.0,5904871.0
2025-03-04,Gia dụng,Đà Nẵng,Cửa hàng,1,1,1586000.0,1314537.0
2025-03-04,Gia dụng,Đà Nẵng,Online,3,3,6069500.0,4378337.0
2025-03-04,Mỹ phẩm,Cần Thơ,Cửa hàng,2,2,2098000.0,1652469.0
2025-03-04,Mỹ phẩm,Hà Nội,Cửa hàng,2,2,1931000.0,1480776.0
2025-03-04,Mỹ phẩm,Hà Nội,Online,3,3,2841750.0,2019880.0
2025-03-04,Mỹ phẩm,Hải Phòng,Cửa hàng,6,6,5049350.0,3835307.0
2025-03-04,Mỹ phẩm,TP HCM,Cửa hàng,5,5,9780462.0,7223405.0
2025-03-04,Mỹ phẩm,TP HCM,Online,5,5,6246800.0,4543127.0
2025-03-04,Mỹ phẩm,Đà Nẵng,Cửa hàng,2,2,1756150.0,1400413.0
2025-03-04,Mỹ phẩm,Đà Nẵng,Online,1,1,2044400.0,1567724.0
2025-03-04,Sách,Cần Thơ,Cửa hàng,2,2,412000.0,329539.0
2025-03-04,Sách,Cần Thơ,Online,1,1,135850.0,93883.0
2025-03-04,Sách,Hà Nội,Cửa hàng,5,5,1035250.0,766383.0
2025-03-04,Sách,Hà Nội,Online,2,2,261900.0,181269.0
2025-03-04,Sách,Hải Phòng,Cửa hàng,3,3,945600.0,736581.0
2025-03-04,Sách,Hải Phòng,Online,1,1,152000.0,110109.0
2025-03-04,Sách,TP HCM,Cửa hàng,1,1,288000.0,180901.0
2025-03-04,Sách,TP HCM,Online,4,4,832800.0,624090.0
2025-03-04,Sách,Đà Nẵng,Online,2,2,426000.0,293576.0
2025-03-04,Thời trang,Cần Thơ,Cửa hàng,1,1,803000.0,670422.0
2025-03-04,Thời trang,Cần Thơ,Online,2,2,1390000.0,884177.0
2025-03-04,Thời trang,Hà Nội,Cửa hàng,2,2,1574000.0,1186211.0
2025-03-04,Thời trang,Hà Nội,Online,6,6,4427500.0,3119747.0
2025-03-04,Thời trang,Hải Phòng,Cửa hàng,4,4,5097250.0,3856856.0
2025-03-04,Thời trang,Hải Phòng,Online,1,1,2195100.0,1587130.0
2025-03-04,Thời trang,TP HCM,Cửa hàng,5,5,3571250.0,2516603.0
2025-03-04,Thời trang,TP HCM,Online,3,3,2374000.0,1656347.0
2025-03-04,Thời trang,Đà Nẵng,Cửa hàng,3,3,5556550.0,4057509.0
2025-03-04,Thời trang,Đà Nẵng,Online,4,4,6738600.0,5020480.0
2025-03-04,Thực phẩm,Cần Thơ,Cửa hàng,1,1,498000.0,324993.0
2025-03-04,Thực phẩm,Cần Thơ,Online,2,2,907600.0,673624.0
2025-03-04,Thực phẩm,Hà Nội,Cửa hàng,5,5,1201450.0,888570.0
2025-03-04,Thực phẩm,Hà Nội,Online,6,6,1953900.0,1438439.0
2025-03-04,Thực phẩm,Hải Phòng,Cửa hàng,4,4,1260300.0,873661.0
2025-03-04,Thực phẩm,TP HCM,Cửa hàng,11,11,2653150.0,1919957.0
2025-03-04,Thực phẩm,TP HCM,Online,5,5,1615200.0,1112975.0
2025-03-04,Thực phẩm,Đà Nẵng,Cửa hàng,9,9,3103000.0,2259362.0
2025-03-04,Thực phẩm,Đà Nẵng,Online,1,1,186000.0,134444.0
2025-03-04,Điện tử,Cần Thơ,Cửa hàng,1,1,3934800.0,2701949.0
2025-03-04,Điện tử,Cần Thơ,Online,2,2,2916000.0,2094885.0
2025-03-04,Điện tử,Hà Nội,Cửa hàng,7,7,11694750.0,8774504.0
2025-03-04,Điện tử,Hà Nội,Online,2,2,3543000.0,2464649.0
2025-03-04,Điện tử,Hải Phòng,Cửa hàng,2,2,3307200.0,2199930.0
2025-03-04,Điện tử,Hải Phòng,Online,1,1,1162800.0,966667.0
2025-03-04,Điện tử,TP HCM,Cửa hàng,4,4,8660000.0,5671232.0
2025-03-04,Điện tử,TP HCM,Online,6,6,7574700.0,5266501.0
2025-03-04,Điện tử,Đà Nẵng,Cửa hàng,3,3,3762700.0,3002854.0
2025-03-04,Điện tử,Đà Nẵng,Online,4,4,10268000.0,7493318.0
2025-03-05,Gia dụng,Cần Thơ,Cửa hàng,3,3,4116000.0,2926894.0
2025-03-05,Gia dụng,Cần Thơ,Online,2,2,2510150.0,1767155.0
2025-03-05,Gia dụng,Hà Nội,Cửa hàng,4,4,5300350.0,3638773.0
2025-03-05,Gia dụng,Hà Nội,Online,2,2,1632000.0,1252672.0
2025-03-05,Gia dụng,Hải Phòng,Cửa hàng,1,1,876000.0,717320.0
2025-03-05,Gia dụng,Hải Phòng,Online,4,4,8093000.0,5696562.0
2025-03-05,Gia dụng,TP HCM,Cửa hàng,3,3,6324400.0,4868274.0
2025-03-05,Gia dụng,TP HCM,Online,9,9,10453950.0,7389312.0
2025-03-05,Gia dụng,Đà Nẵng,Cửa hàng,2,2,4163550.0,3337100.0
2025-03-05,Gia dụng,Đà Nẵng,Online,2,2,1702850.0,1228072.0
2025-03-05,Mỹ phẩm,Hà Nội,Cửa hàng,7,7,6262000.0,4740977.0
2025-03-05,Mỹ phẩm,Hà Nội,Online,2,2,1425000.0,1001228.0
2025-03-05,Mỹ phẩm,Hải Phòng,Cửa hàng,1,1,411000.0,286679.0
2025-03-05,Mỹ phẩm,Hải Phòng,Online,2,2,2526050.0,1987091.0
2025-03-05,Mỹ phẩm,TP HCM,Cửa hàng,3,3,2590500.0,1888081.0
2025-03-05,Mỹ phẩm,TP HCM,Online,5,5,8311317.0,5953338.0
2025-03-05,Mỹ phẩm,Đà Nẵng,Cửa hàng,3,3,1422100.0,948153.0
2025-03-05,Mỹ phẩm,Đà Nẵng,Online,1,1,4504160.0,3152912.0
2025-03-05,Sách,Cần Thơ,Cửa hàng,2,2,263800.0,202230.0
2025-03-05,Sách,Cần Thơ,Online,2,2,364100.0,263755.0
2025-03-05,Sách,Hà Nội,Cửa hàng,4,4,1303000.0,902144.0
2025-03-05,Sách,Hà Nội,Online,5,5,945200.0,702663.0
2025-03-05,Sách,Hải Phòng,Cửa hàng,2,2,686500.0,437764.0
2025-03-05,Sách,TP HCM,Cửa hàng,6,6,1134900.0,784875.0
2025-03-05,Sách,TP HCM,Online,6,6,1704900.0,1173871.0
2025-03-05,Sách,Đà Nẵng,Online,1,1,162450.0,117679.0
2025-03-05,Thời trang,Cần Thơ,Cửa hàng,3,3,3859000.0,2757996.0
2025-03-05,Thời trang,Cần Thơ,Online,1,1,2516000.0,1943434.0
2025-03-05,Thời trang,Hà Nội,Cửa hàng,2,2,3619200.0,2899943.0
2025-03-05,Thời trang,Hà Nội,Online,5,5,17174791.0,11855224.0
2025-03-05,Thời trang,Hải Phòng,Cửa hàng,4,4,3552700.0,2727685.0
2025-03-05,Thời trang,Hải Phòng,Online,1,1,1604000.0,1363262.0
2025-03-05,Thời trang,TP HCM,Cửa hàng,6,6,5941100.0,4388800.0
2025-03-05,Thời trang,TP HCM,Online,2,2,4586000.0,2943889.0
2025-03-05,Thời trang,Đà Nẵng,Cửa hàng,1,1,667800.0,452394.0
2025-03-05,Thời trang,Đà Nẵng,Online,2,2,2604050.0,1916143.0
2025-03-05,Thực phẩm,Cần Thơ,Cửa hàng,6,6,2160350.0,1677685.0
2025-03-05,Thực phẩm,Cần Thơ,Online,1,1,334800.0,219009.0
2025-03-05,Thực phẩm,Hà Nội,Cửa hàng,9,9,2827350.0,2176248.0
2025-03-05,Thực phẩm,Hà Nội,Online,7,7,1789300.0,1252961.0
2025-03-05,Thực phẩm,Hải Phòng,Online,8,8,2265400.0,1594763.0
2025-03-05,Thực phẩm,TP HCM,Cửa hàng,13,13,2966550.0,2256293.0
2025-03-05,Thực phẩm,TP HCM,Online,7,7,1469150.0,1130235.0
2025-03-05,Thực phẩm,Đà Nẵng,Cửa hàng,6,6,1945100.0,1506474.0
2025-03-05,Thực phẩm,Đà Nẵng,Online,6,6,1355100.0,957946.0
2025-03-05,Điện tử,Cần Thơ,Online,2,2,8880000.0,6940937.0
2025-03-05,Điện tử,Hà Nội,Cửa hàng,6,6,16808450.0,11787019.0
2025-03-05,Điện tử,Hà Nội,Online,6,6,21518850.0,15722359.0
2025-03-05,Điện tử,Hải Phòng,Cửa hàng,1,1,3234600.0,2397138.0
2025-03-05,Điện tử,TP HCM,Cửa hàng,7,7,17662350.0,12177230.0
2025-03-05,Điện tử,TP HCM,Online,7,7,17902000.0,13012646.0
2025-03-05,Điện tử,Đà Nẵng,Cửa hàng,4,4,6774550.0,5114351.0
2025-03-05,Điện tử,Đà Nẵng,Online,2,2,3145000.0,2590919.0
2025-03-06,Gia dụng,Cần Thơ,Online,3,3,2321850.0,1611666.0
2025-03-06,Gia dụng,Hà Nội,Cửa hàng,2,2,3387000.0,2359972.0
2025-03-06,Gia dụng,Hà Nội,Online,5,5,13972150.0,10385136.0
2025-03-06,Gia dụng,Hải Phòng,Cửa hàng,2,2,2437700.0,1728106.0
2025-03-06,Gia dụng,Hải Phòng,Online,2,2,6685000.0,4642863.0
2025-03-06,Gia dụng,TP HCM,Cửa hàng,3,3,5139400.0,3647295.0
2025-03-06,Gia dụng,TP HCM,Online,5,5,7525950.0,5205905.0
2025-03-06,Gia dụng,Đà Nẵng,Cửa hàng,6,6,18007013.0,12637380.0
2025-03-06,Gia dụng,Đà Nẵng,Online,1,1,3164400.0,2282121.0
2025-03-06,Mỹ phẩm,Cần Thơ,Cửa hàng,1,1,818000.0,565434.0
2025-03-06,Mỹ phẩm,Hà Nội,Cửa hàng,1,1,449000.0,321659.0
2025-03-06,Mỹ phẩm,Hà Nội,Online,2,2,877100.0,687745.0
2025-03-06,Mỹ phẩm,Hải Phòng,Online,1,1,423900.0,283614.0
2025-03-06,Mỹ phẩm,TP HCM,Cửa hàng,6,6,5400700.0,3758892.0
2025-03-06,Mỹ phẩm,TP HCM,Online,2,2,2430100.0,1856883.0
2025-03-06,Mỹ phẩm,Đà Nẵng,Online,3,3,2914600.0,2233966.0
2025-03-06,Sách,Cần Thơ,Cửa hàng,1,1,157000.0,94556.0
2025-03-06,Sách,Hà Nội,Cửa hàng,2,2,570000.0,384535.0
2025-03-06,Sách,Hà Nội,Online,4,4,3830136.0,2756725.0
2025-03-06,Sách,Hải Phòng,Cửa hàng,2,2,726500.0,567785.0
2025-03-06,Sách,TP HCM,Cửa hàng,5,5,1057350.0,685785.0
2025-03-06,Sách,TP HCM,Online,4,4,972600.0,704583.0
2025-03-06,Sách,Đà Nẵng,Cửa hàng,2,2,428000.0,272356.0
2025-03-06,Thời trang,Cần Thơ,Cửa hàng,2,2,2983000.0,2447072.0
2025-03-06,Thời trang,Cần Thơ,Online,2,2,2760700.0,1921241.0
2025-03-06,Thời trang,Hà Nội,Cửa hàng,2,2,2070900.0,1525820.0
2025-03-06,Thời trang,Hà Nội,Online,5,5,5052200.0,3665112.0
2025-03-06,Thời trang,Hải Phòng,Cửa hàng,2,2,2220000.0,1694708.0
2025-03-06,Thời trang,Hải Phòng,Online,1,1,652650.0,496183.0
2025-03-06,Thời trang,TP HCM,Cửa hàng,3,3,2034400.0,1530315.0
2025-03-06,Thời trang,TP HCM,Online,4,4,5702000.0,4085051.0
2025-03-06,Thời trang,Đà Nẵng,Cửa hàng,1,1,1301400.0,1010474.0
2025-03-06,Thực phẩm,Cần Thơ,Cửa hàng,2,2,354000.0,246072.0
2025-03-06,Thực phẩm,Cần Thơ,Online,4,4,1011250.0,744006.0
2025-03-06,Thực phẩm,Hà Nội,Cửa hàng,10,10,3231050.0,2427990.0
2025-03-06,Thực phẩm,Hà Nội,Online,6,6,2350350.0,1704597.0
2025-03-06,Thực phẩm,Hải Phòng,Cửa hàng,2,2,388000.0,269170.0
2025-03-06,Thực phẩm,TP HCM,Cửa hàng,11,11,3629600.0,2489427.0
2025-03-06,Thực phẩm,TP HCM,Online,8,8,3475250.0,2525593.0
2025-03-06,Thực phẩm,Đà Nẵng,Cửa hàng,4,4,1277100.0,911630.0
2025-03-06,Thực phẩm,Đà Nẵng,Online,6,6,1782750.0,1285341.0
2025-03-06,Điện tử,Cần Thơ,Cửa hàng,3,3,6907000.0,4864921.0
2025-03-06,Điện tử,Cần Thơ,Online,3,3,4787500.0,3299152.0
2025-03-06,Điện tử,Hà Nội,Cửa hàng,9,9,21608700.0,16326140.0
2025-03-06,Điện tử,Hà Nội,Online,7,7,15730600.0,11254085.0
2025-03-06,Điện tử,Hải Phòng,Cửa hàng,7,7,15303150.0,11395238.0
2025-03-06,Điện tử,Hải Phòng,Online,1,1,968000.0,697523.0
2025-03-06,Điện tử,TP HCM,Cửa hàng,5,5,7069050.0,4954203.0
2025-03-06,Điện tử,TP HCM,Online,7,7,15570450.0,10769816.0
2025-03-06,Điện tử,Đà Nẵng,Online,5,5,8225000.0,6030547.0
2025-03-07,Gia dụng,Cần Thơ,Cửa hàng,1,1,3755000.0,2772012.0
2025-03-07,Gia dụng,Cần Thơ,Online,1,1,949000.0,684406.0
2025-03-07,Gia dụng,Hà Nội,Cửa hàng,5,5,7326850.0,4988405.0
2025-03-07,Gia dụng,Hà Nội,Online,2,2,2624000.0,1736121.0
2025-03-07,Gia dụng,Hải Phòng,Cửa hàng,3,3,2227600.0,1713928.0
2025-03-07,Gia dụng,Hải Phòng,Online,2,2,13449852.0,9699523.0
2025-03-07,Gia dụng,TP HCM,Cửa hàng,5,5,4520400.0,3099298.0
2025-03-07,Gia dụng,TP HCM,Online,4,4,9836100.0,6875058.0
2025-03-07,Gia dụng,Đà Nẵng,Cửa hàng,1,1,1463000.0,1125333.0
2025-03-07,Gia dụng,Đà Nẵng,Online,1,1,4025000.0,2623362.0
2025-03-07,Mỹ phẩm,Cần Thơ,Cửa hàng,3,3,12079024.0,8397804.0
2025-03-07,Mỹ phẩm,Cần Thơ,Online,2,2,2555000.0,1994981.0
2025-03-07,Mỹ phẩm,Hà Nội,Cửa hàng,8,8,10608550.0,8013000.0
2025-03-07,Mỹ phẩm,Hà Nội,Online,5,5,3101000.0,2134424.0
2025-03-07,Mỹ phẩm,Hải Phòng,Cửa hàng,2,2,1422000.0,1109431.0
2025-03-07,Mỹ phẩm,TP HCM,Cửa hàng,1,1,1850600.0,1516807.0
2025-03-07,Mỹ phẩm,TP HCM,Online,2,2,1987900.0,1477440.0
2025-03-07,Mỹ phẩm,Đà Nẵng,Cửa hàng,1,1,1623000.0,1008625.0
2025-03-07,Mỹ phẩm,Đà Nẵng,Online,3,3,2224150.0,1655871.0
2025-03-07,Sách,Cần Thơ,Cửa hàng,1,1,136000.0,89180.0
2025-03-07,Sách,Hà Nội,Cửa hàng,3,3,592650.0,411779.0
2025-03-07,Sách,Hà Nội,Online,1,1,157700.0,114238.0
2025-03-07,Sách,Hải Phòng,Cửa hàng,2,2,554600.0,444438.0
2025-03-07,Sách,TP HCM,Cửa hàng,10,10,1859100.0,1304542.0
2025-03-07,Sách,TP HCM,Online,4,4,918400.0,628229.0
2025-03-07,Thời trang,Cần Thơ,Cửa hàng,2,2,1630000.0,1290437.0
2025-03-07,Thời trang,Cần Thơ,Online,2,2,2119000.0,1615633.0
2025-03-07,Thời trang,Hà Nội,Cửa hàng,7,7,9944500.0,6789839.0
2025-03-07,Thời trang,Hà Nội,Online,2,2,1530000.0,1082533.0
2025-03-07,Thời trang,Hải Phòng,Online,2,2,4314000.0,3508910.0
2025-03-07,Thời trang,TP HCM,Cửa hàng,3,3,5817400.0,3958579.0
2025-03-07,Thời trang,TP HCM,Online,4,4,7510150.0,5563882.0
2025-03-07,Thời trang,Đà Nẵng,Cửa hàng,2,2,5701000.0,4015653.0
2025-03-07,Thời trang,Đà Nẵng,Online,2,2,1451500.0,1008257.0
2025-03-07,Thực phẩm,Cần Thơ,Cửa hàng,4,4,1229900.0,904123.0
2025-03-07,Thực phẩm,Cần Thơ,Online,2,2,984750.0,769122.0
2025-03-07,Thực phẩm,Hà Nội,Cửa hàng,8,7,2271150.0,1515216.0
2025-03-07,Thực phẩm,Hà Nội,Online,5,5,2335050.0,1809025.0
2025-03-07,Thực phẩm,Hải Phòng,Cửa hàng,2,2,348600.0,248407.0
2025-03-07,Thực phẩm,Hải Phòng,Online,4,4,1504950.0,1068104.0
2025-03-07,Thực phẩm,TP HCM,Cửa hàng,6,6,1156200.0,822920.0
2025-03-07,Thực phẩm,TP HCM,Online,11,11,4063850.0,2916900.0
2025-03-07,Thực phẩm,Đà Nẵng,Cửa hàng,6,6,1210900.0,820541.0
2025-03-07,Thực phẩm,Đà Nẵng,Online,3,3,1545150.0,1251490.0
2025-03-07,Điện tử,Cần Thơ,Cửa hàng,4,4,10286200.0,7307333.0
2025-03-07,Điện tử,Cần Thơ,Online,3,3,3108700.0,2096615.0
2025-03-07,Điện tử,Hà Nội,Cửa hàng,2,2,7733000.0,4960584.0
2025-03-07,Điện tử,Hà Nội,Online,5,5,10772850.0,7715620.0
2025-03-07,Điện tử,Hải Phòng,Cửa hàng,2,2,1937000.0,1508382.0
2025-03-07,Điện tử,Hải Phòng,Online,1,1,1058000.0,685980.0
2025-03-07,Điện tử,TP HCM,Cửa hàng,8,8,10618150.0,7266444.0
2025-03-07,Điện tử,TP HCM,Online,4,4,7462350.0,5240631.0
2025-03-07,Điện tử,Đà Nẵng,Cửa hàng,4,4,19394559.0,13642205.0
2025-03-07,Điện tử,Đà Nẵng,Online,2,2,11402743.0,8069310.0
2025-03-08,Gia dụng,Cần Thơ,Cửa hàng,1,1,967000.0,622155.0
2025-03-08,Gia dụng,Hà Nội,Cửa hàng,4,4,7178000.0,4774595.0
2025-03-08,Gia dụng,Hà Nội,Online,6,6,6355450.0,4636140.0
2025-03-08,Gia dụng,Hải Phòng,Cửa hàng,3,3,3870400.0,2829447.0
2025-03-08,Gia dụng,Hải Phòng,Online,1,1,777600.0,575391.0
2025-03-08,Gia dụng,TP HCM,Cửa hàng,5,5,7060450.0,5010481.0
2025-03-08,Gia dụng,TP HCM,Online,3,3,3624400.0,2613867.0
2025-03-08,Gia dụng,Đà Nẵng,Cửa hàng,5,5,6953100.0,4831912.0
2025-03-08,Gia dụng,Đà Nẵng,Online,2,2,1723200.0,1297444.0
2025-03-08,Mỹ phẩm,Cần Thơ,Cửa hàng,1,1,440800.0,336916.0
2025-03-08,Mỹ phẩm,Cần Thơ,Online,1,1,547000.0,368889.0
2025-03-08,Mỹ phẩm,Hà Nội,Cửa hàng,3,3,3570000.0,2586403.0
2025-03-08,Mỹ phẩm,Hà Nội,Online,2,2,942800.0,726584.0
2025-03-08,Mỹ phẩm,TP HCM,Cửa hàng,5,5,10393809.0,7418979.0
2025-03-08,Mỹ phẩm,TP HCM,Online,4,4,3089000.0,2205049.0
2025-03-08,Mỹ phẩm,Đà Nẵng,Cửa hàng,4,4,4872400.0,3366321.0
2025-03-08,Sách,Cần Thơ,Cửa hàng,2,2,293000.0,242382.0
2025-03-08,Sách,Cần Thơ,Online,1,1,294000.0,209418.0
2025-03-08,Sách,Hà Nội,Cửa hàng,4,4,937500.0,768656.0
2025-03-08,Sách,Hà Nội,Online,2,2,286000.0,189830.0
2025-03-08,Sách,Hải Phòng,Cửa hàng,3,3,1390500.0,1053697.0
2025-03-08,Sách,Hải Phòng,Online,1,1,127300.0,80960.0
2025-03-08,Sách,TP HCM,Cửa hàng,3,3,401500.0,280860.0
2025-03-08,Sách,TP HCM,Online,2,2,226700.0,175090.0
2025-03-08,Sách,Đà Nẵng,Cửa hàng,5,5,1495600.0,1216019.0
2025-03-08,Sách,Đà Nẵng,Online,3,3,1308000.0,948121.0
2025-03-08,Thời trang,Cần Thơ,Cửa hàng,1,1,3430000.0,2136059.0
2025-03-08,Thời trang,Hà Nội,Cửa hàng,1,1,817000.0,535001.0
2025-03-08,Thời trang,Hà Nội,Online,4,4,5752450.0,4416155.0
2025-03-08,Thời trang,Hải Phòng,Cửa hàng,3,3,2198150.0,1599948.0
2025-03-08,Thời trang,Hải Phòng,Online,2,2,2342400.0,1659896.0
2025-03-08,Thời trang,TP HCM,Cửa hàng,3,3,6255000.0,4431347.0
2025-03-08,Thời trang,TP HCM,Online,4,4,4733250.0,3195037.0
2025-03-08,Thời trang,Đà Nẵng,Cửa hàng,2,2,2044450.0,1439227.0
2025-03-08,Thời trang,Đà Nẵng,Online,3,3,3712650.0,2889755.0
2025-03-08,Thực phẩm,Cần Thơ,Cửa hàng,3,3,1464900.0,995626.0
2025-03-08,Thực phẩm,Cần Thơ,Online,5,5,1831700.0,1332188.0
2025-03-08,Thực phẩm,Hà Nội,Cửa hàng,7,7,1245200.0,893970.0
2025-03-08,Thực phẩm,Hà Nội,Online,7,7,1975350.0,1413129.0
2025-03-08,Thực phẩm,Hải Phòng,Cửa hàng,2,2,539000.0,412559.0
2025-03-08,Thực phẩm,Hải Phòng,Online,2,2,482000.0,316828.0
2025-03-08,Thực phẩm,TP HCM,Cửa hàng,16,16,6465350.0,4531486.0
2025-03-08,Thực phẩm,TP HCM,Online,10,10,2507400.0,1805110.0
2025-03-08,Thực phẩm,Đà Nẵng,Cửa hàng,6,6,4397128.0,3156094.0
2025-03-08,Thực phẩm,Đà Nẵng,Online,6,6,2037550.0,1507925.0
2025-03-08,Điện tử,Cần Thơ,Cửa hàng,2,2,8218000.0,6753034.0
2025-03-08,Điện tử,Cần Thơ,Online,3,3,8336000.0,5947499.0
2025-03-08,Điện tử,Hà Nội,Cửa hàng,5,5,10958450.0,7834606.0
2025-03-08,Điện tử,Hà Nội,Online,1,1,1874000.0,1356363.0
2025-03-08,Điện tử,Hải Phòng,Cửa hàng,1,1,953800.0,727636.0
2025-03-08,Điện tử,Hải Phòng,Online,1,1,2222000.0,1508437.0
2025-03-08,Điện tử,TP HCM,Cửa hàng,9,9,11590650.0,8857555.0
2025-03-08,Điện tử,TP HCM,Online,7,7,27244525.0,19237600.0
2025-03-08,Điện tử,Đà Nẵng,Online,1,1,1146000.0,793496.0
2025-03-09,Gia dụng,Cần Thơ,Cửa hàng,1,1,729000.0,578935.0
2025-03-09,Gia dụng,Cần Thơ,Online,1,1,852000.0,582897.0
2025-03-09,Gia dụng,Hà Nội,Cửa hàng,9,9,10371150.0,7751191.0
2025-03-09,Gia dụng,Hà Nội,Online,3,3,3271000.0,2416887.0
2025-03-09,Gia dụng,Hải Phòng,Cửa hàng,3,3,4779650.0,3236782.0
2025-03-09,Gia dụng,Hải Phòng,Online,2,2,6426000.0,4951081.0
2025-03-09,Gia dụng,TP HCM,Cửa hàng,6,6,8141000.0,5413974.0
2025-03-09,Gia dụng,TP HCM,Online,5,5,7088000.0,5383201.0
2025-03-09,Gia dụng,Đà Nẵng,Cửa hàng,1,1,1620000.0,1358430.0
2025-03-09,Mỹ phẩm,Cần Thơ,Cửa hàng,3,3,2507100.0,2068519.0
2025-03-09,Mỹ phẩm,Hà Nội,Cửa hàng,3,3,2539500.0,1811408.0
2025-03-09,Mỹ phẩm,Hà Nội,Online,2,2,981000.0,641600.0
2025-03-09,Mỹ phẩm,Hải Phòng,Cửa hàng,3,3,2953000.0,2108800.0
2025-03-09,Mỹ phẩm,TP HCM,Cửa hàng,3,3,2464700.0,1879839.0
2025-03-09,Mỹ phẩm,TP HCM,Online,1,1,462000.0,277223.0
2025-03-09,Mỹ phẩm,Đà Nẵng,Cửa hàng,1,1,2145000.0,1600417.0
2025-03-09,Mỹ phẩm,Đà Nẵng,Online,3,3,1473400.0,1050726.0
2025-03-09,Sách,Hà Nội,Cửa hàng,5,5,983200.0,716578.0
2025-03-09,Sách,Hà Nội,Online,4,4,1873200.0,1381267.0
2025-03-09,Sách,Hải Phòng,Cửa hàng,1,1,263500.0,200016.0
2025-03-09,Sách,TP HCM,Cửa hàng,4,4,1055200.0,807291.0
2025-03-09,Sách,TP HCM,Online,1,1,489000.0,315511.0
2025-03-09,Sách,Đà Nẵng,Cửa hàng,2,2,411350.0,316817.0
2025-03-09,Sách,Đà Nẵng,Online,1,1,151000.0,109385.0
2025-03-09,Thời trang,Cần Thơ,Cửa hàng,3,3,5357750.0,3823959.0
2025-03-09,Thời trang,Cần Thơ,Online,1,1,727000.0,557922.0
2025-03-09,Thời trang,Hà Nội,Cửa hàng,3,3,3977500.0,3120095.0
2025-03-09,Thời trang,Hà Nội,Online,5,5,8598850.0,6137397.0
2025-03-09,Thời trang,Hải Phòng,Cửa hàng,1,1,767600.0,558609.0
2025-03-09,Thời trang,Hải Phòng,Online,3,3,2956800.0,2116282.0
2025-03-09,Thời trang,TP HCM,Cửa hàng,4,4,4341300.0,3221005.0
2025-03-09,Thời trang,TP HCM,Online,7,7,7236700.0,5008121.0
2025-03-09,Thời trang,Đà Nẵng,Cửa hàng,1,1,1968300.0,1202114.0
2025-03-09,Thời trang,Đà Nẵng,Online,1,1,809000.0,624450.0
2025-03-09,Thực phẩm,Cần Thơ,Cửa hàng,5,5,1833550.0,1402512.0
2025-03-09,Thực phẩm,Cần Thơ,Online,1,1,174000.0,109075.0
2025-03-09,Thực phẩm,Hà Nội,Cửa hàng,6,6,2582400.0,2000817.0
2025-03-09,Thực phẩm,Hà Nội,Online,15,15,4408050.0,3293514.0
2025-03-09,Thực phẩm,Hải Phòng,Cửa hàng,4,4,867800.0,655842.0
2025-03-09,Thực phẩm,Hải Phòng,Online,3,3,546900.0,409262.0
2025-03-09,Thực phẩm,TP HCM,Cửa hàng,11,11,2516850.0,1815447.0
2025-03-09,Thực phẩm,TP HCM,Online,5,5,1805100.0,1325503.0
2025-03-09,Thực phẩm,Đà Nẵng,Cửa hàng,2,2,915800.0,625271.0
2025-03-09,Thực phẩm,Đà Nẵng,Online,3,3,737000.0,532716.0
2025-03-09,Điện tử,Cần Thơ,Cửa hàng,2,2,3305400.0,2348158.0
2025-03-09,Điện tử,Cần Thơ,Online,3,3,3404000.0,2437916.0
2025-03-09,Điện tử,Hà Nội,Cửa hàng,7,7,16001100.0,11937063.0
2025-03-09,Điện tử,Hà Nội,Online,4,4,8621400.0,6640697.0
2025-03-09,Điện tử,Hải Phòng,Cửa hàng,2,2,6174000.0,4119300.0
2025-03-09,Điện tử,Hải Phòng,Online,3,3,5168300.0,3989957.0
2025-03-09,Điện tử,TP HCM,Cửa hàng,10,10,23100150.0,16632001.0
2025-03-09,Điện tử,TP HCM,Online,5,5,13028900.0,8706101.0
2025-03-09,Điện tử,Đà Nẵng,Cửa hàng,2,2,2291650.0,1857584.0
2025-03-09,Điện tử,Đà Nẵng,Online,4,4,7236600.0,4827358.0
2025-03-10,Gia dụng,Cần Thơ,Cửa hàng,2,2,1834000.0,1324090.0
2025-03-10,Gia dụng,Cần Thơ,Online,2,2,4646000.0,3651779.0
2025-03-10,Gia dụng,Hà Nội,Cửa hàng,7,7,8680950.0,5852951.0
2025-03-10,Gia dụng,Hà Nội,Online,5,5,8260200.0,5766497.0
2025-03-10,Gia dụng,Hải Phòng,Cửa hàng,1,1,1704000.0,1165273.0
2025-03-10,Gia dụng,Hải Phòng,Online,3,3,2534200.0,1984709.0
2025-03-10,Gia dụng,TP HCM,Cửa hàng,4,4,6632700.0,4673563.0
2025-03-10,Gia dụng,TP HCM,Online,6,6,8542600.0,6024421.0
2025-03-10,Gia dụng,Đà Nẵng,Cửa hàng,2,2,3776950.0,3057774.0
2025-03-10,Gia dụng,Đà Nẵng,Online,8,8,19608515.0,13833281.0
2025-03-10,Mỹ phẩm,Cần Thơ,Cửa hàng,3,3,1366350.0,981525.0
2025-03-10,Mỹ phẩm,Cần Thơ,Online,1,1,516000.0,326566.0
2025-03-10,Mỹ phẩm,Hà Nội,Cửa hàng,2,2,992000.0,764783.0
2025-03-10,Mỹ phẩm,Hà Nội,Online,4,4,5461000.0,4138023.0
2025-03-10,Mỹ phẩm,Hải Phòng,Cửa hàng,1,1,362950.0,242161.0
2025-03-10,Mỹ phẩm,TP HCM,Cửa hàng,1,1,454000.0,373218.0
2025-03-10,Mỹ phẩm,TP HCM,Online,2,2,1566000.0,1248782.0
2025-03-10,Mỹ phẩm,Đà Nẵng,Cửa hàng,2,2,842100.0,586751.0
2025-03-10,Mỹ phẩm,Đà Nẵng,Online,1,1,419050.0,342173.0
2025-03-10,Sách,Cần Thơ,Cửa hàng,1,1,137700.0,108303.0
2025-03-10,Sách,Cần Thơ,Online,1,1,140000.0,118693.0
2025-03-10,Sách,Hà Nội,Cửa hàng,1,1,274000.0,225651.0
2025-03-10,Sách,Hà Nội,Online,2,2,748000.0,535593.0
2025-03-10,Sách,Hải Phòng,Cửa hàng,3,3,1083650.0,701161.0
2025-03-10,Sách,Hải Phòng,Online,2,2,483000.0,354813.0
2025-03-10,Sách,TP HCM,Cửa hàng,3,3,597000.0,420461.0
2025-03-10,Sách,TP HCM,Online,4,4,580350.0,451055.0
2025-03-10,Sách,Đà Nẵng,Cửa hàng,2,2,734400.0,478050.0
2025-03-10,Thời trang,Cần Thơ,Cửa hàng,1,1,757000.0,529355.0
2025-03-10,Thời trang,Cần Thơ,Online,3,3,3494000.0,2520242.0
2025-03-10,Thời trang,Hà Nội,Cửa hàng,6,6,12258400.0,9132722.0
2025-03-10,Thời trang,Hà Nội,Online,3,3,4447250.0,2903242.0
2025-03-10,Thời trang,Hải Phòng,Cửa hàng,2,2,2397000.0,1709733.0
2025-03-10,Thời trang,Hải Phòng,Online,2,2,2006200.0,1553256.0
2025-03-10,Thời trang,TP HCM,Cửa hàng,6,6,8366700.0,6040380.0
2025-03-10,Thời trang,TP HCM,Online,4,4,4086350.0,2990692.0
2025-03-10,Thời trang,Đà Nẵng,Cửa hàng,1,1,731000.0,589798.0
2025-03-10,Thời trang,Đà Nẵng,Online,1,1,3905000.0,3158014.0
2025-03-10,Thực phẩm,Cần Thơ,Cửa hàng,4,4,1280500.0,882625.0
2025-03-10,Thực phẩm,Cần Thơ,Online,2,2,627000.0,443057.0
2025-03-10,Thực phẩm,Hà Nội,Cửa hàng,13,13,4554200.0,3504245.0
2025-03-10,Thực phẩm,Hà Nội,Online,6,6,1631400.0,1103038.0
2025-03-10,Thực phẩm,Hải Phòng,Cửa hàng,3,3,496900.0,358831.0
2025-03-10,Thực phẩm,Hải Phòng,Online,5,5,1864350.0,1327958.0
2025-03-10,Thực phẩm,TP HCM,Cửa hàng,9,9,1745000.0,1256812.0
2025-03-10,Thực phẩm,TP HCM,Online,10,10,2899750.0,2246982.0
2025-03-10,Thực phẩm,Đà Nẵng,Cửa hàng,3,3,893000.0,673573.0
2025-03-10,Thực phẩm,Đà Nẵng,Online,2,2,323300.0,209024.0
2025-03-10,Điện tử,Cần Thơ,Cửa hàng,2,2,8780800.0,6372229.0
2025-03-10,Điện tử,Cần Thơ,Online,1,1,3380100.0,2529918.0
2025-03-10,Điện tử,Hà Nội,Cửa hàng,6,6,12162500.0,8252573.0
2025-03-10,Điện tử,Hà Nội,Online,4,4,5055000.0,3712240.0
2025-03-10,Điện tử,Hải Phòng,Cửa hàng,3,3,8756000.0,5556331.0
2025-03-10,Điện tử,Hải Phòng,Online,2,2,3261000.0,2397980.0
2025-03-10,Điện tử,TP HCM,Cửa hàng,4,4,5277300.0,4058079.0
2025-03-10,Điện tử,TP HCM,Online,7,7,18392950.0,13560145.0
2025-03-10,Điện tử,Đà Nẵng,Online,2,2,9686480.0,6804149.0
2025-03-11,Gia dụng,Cần Thơ,Cửa hàng,1,1,889000.0,584530.0
2025-03-11,Gia dụng,Hà Nội,Cửa hàng,4,4,11992000.0,8588030.0
2025-03-11,Gia dụng,Hà Nội,Online,3,3,3270650.0,2354797.0
2025-03-11,Gia dụng,Hải Phòng,Cửa hàng,1,1,874000.0,728378.0
2025-03-11,Gia dụng,Hải Phòng,Online,1,1,1750000.0,1381770.0
2025-03-11,Gia dụng,TP HCM,Cửa hàng,4,4,6067450.0,4137072.0
2025-03-11,Gia dụng,TP HCM,Online,5,5,9396600.0,6741385.0
2025-03-11,Gia dụng,Đà Nẵng,Cửa hàng,5,5,8604200.0,6185655.0
2025-03-11,Gia dụng,Đà Nẵng,Online,3,3,6250900.0,4263596.0
2025-03-11,Mỹ phẩm,Cần Thơ,Online,1,1,1770800.0,1076648.0
2025-03-11,Mỹ phẩm,Hà Nội,Cửa hàng,4,4,5550550.0,3924670.0
2025-03-11,Mỹ phẩm,Hà Nội,Online,1,1,419400.0,302910.0
2025-03-11,Mỹ phẩm,Hải Phòng,Cửa hàng,2,2,1502000.0,1089911.0
2025-03-11,Mỹ phẩm,Hải Phòng,Online,4,4,3225700.0,2335086.0
2025-03-11,Mỹ phẩm,TP HCM,Cửa hàng,5,5,4168250.0,3303289.0
2025-03-11,Mỹ phẩm,TP HCM,Online,1,1,488000.0,352456.0
2025-03-11,Mỹ phẩm,Đà Nẵng,Cửa hàng,1,1,779000.0,529823.0
2025-03-11,Mỹ phẩm,Đà Nẵng,Online,2,2,1409000.0,1037971.0
2025-03-11,Sách,Cần Thơ,Cửa hàng,2,2,283800.0,185077.0
2025-03-11,Sách,Hà Nội,Cửa hàng,3,3,655500.0,451463.0
2025-03-11,Sách,Hà Nội,Online,1,1,145000.0,94336.0
2025-03-11,Sách,Hải Phòng,Online,1,1,125400.0,79264.0
2025-03-11,Sách,TP HCM,Cửa hàng,4,4,1380850.0,886179.0
2025-03-11,Sách,TP HCM,Online,5,5,1629600.0,1195545.0
2025-03-11,Sách,Đà Nẵng,Cửa hàng,1,1,161000.0,100818.0
2025-03-11,Sách,Đà Nẵng,Online,1,1,164000.0,118802.0
2025-03-11,Thời trang,Cần Thơ,Cửa hàng,2,2,4151100.0,3055402.0
2025-03-11,Thời trang,Hà Nội,Online,6,6,4318900.0,3048009.0
2025-03-11,Thời trang,Hải Phòng,Cửa hàng,2,2,2405000.0,1580510.0
2025-03-11,Thời trang,TP HCM,Cửa hàng,5,5,6703250.0,4793030.0
2025-03-11,Thời trang,TP HCM,Online,3,3,3084000.0,2139341.0
2025-03-11,Thời trang,Đà Nẵng,Online,5,5,4222850.0,3200699.0
2025-03-11,Thực phẩm,Cần Thơ,Cửa hàng,7,7,2226800.0,1666135.0
2025-03-11,Thực phẩm,Cần Thơ,Online,5,5,821300.0,581284.0
2025-03-11,Thực phẩm,Hà Nội,Cửa hàng,14,14,4809350.0,3526568.0
2025-03-11,Thực phẩm,Hà Nội,Online,8,8,3221350.0,2462795.0
2025-03-11,Thực phẩm,Hải Phòng,Cửa hàng,1,1,177000.0,129638.0
2025-03-11,Thực phẩm,Hải Phòng,Online,3,3,1143000.0,880958.0
2025-03-11,Thực phẩm,TP HCM,Cửa hàng,11,11,5575368.0,4031549.0
2025-03-11,Thực phẩm,TP HCM,Online,11,11,3265650.0,2285806.0
2025-03-11,Thực phẩm,Đà Nẵng,Cửa hàng,1,1,684000.0,475664.0
2025-03-11,Thực phẩm,Đà Nẵng,Online,2,2,561000.0,373892.0
2025-03-11,Điện tử,Cần Thơ,Cửa hàng,3,3,7889300.0,5710480.0
2025-03-11,Điện tử,Cần Thơ,Online,4,4,5386950.0,3690507.0
2025-03-11,Điện tử,Hà Nội,Cửa hàng,8,8,13885150.0,10807807.0
2025-03-11,Điện tử,Hà Nội,Online,5,5,11095800.0,8022419.0
2025-03-11,Điện tử,Hải Phòng,Cửa hàng,1,1,1023000.0,704565.0
2025-03-11,Điện tử,Hải Phòng,Online,2,2,3156750.0,2537411.0
2025-03-11,Điện tử,TP HCM,Cửa hàng,12,12,21322700.0,14384549.0
2025-03-11,Điện tử,TP HCM,Online,5,5,11405300.0,8937074.0
2025-03-11,Điện tử,Đà Nẵng,Online,1,1,955000.0,691968.0
2025-03-12,Gia dụng,Cần Thơ,Online,1,1,955000.0,638540.0
2025-03-12,Gia dụng,Hà Nội,Cửa hàng,4,4,3275500.0,2445727.0
2025-03-12,Gia dụng,Hà Nội,Online,8,8,8780700.0,6370004.0
2025-03-12,Gia dụng,Hải Phòng,Cửa hàng,2,2,1671350.0,1354087.0
2025-03-12,Gia dụng,Hải Phòng,Online,1,1,1419500.0,920305.0
2025-03-12,Gia dụng,TP HCM,Cửa hàng,8,8,12191800.0,8197712.0
2025-03-12,Gia dụng,TP HCM,Online,8,8,13742400.0,10165239.0
2025-03-12,Gia dụng,Đà Nẵng,Cửa hàng,2,2,1748000.0,1122428.0
2025-03-12,Gia dụng,Đà Nẵng,Online,2,2,2496300.0,1931456.0
2025-03-12,Mỹ phẩm,Cần Thơ,Online,2,2,2076000.0,1478676.0
2025-03-12,Mỹ phẩm,Hà Nội,Cửa hàng,4,4,1989250.0,1341369.0
2025-03-12,Mỹ phẩm,Hà Nội,Online,2,2,2281000.0,1676692.0
2025-03-12,Mỹ phẩm,Hải Phòng,Online,1,1,490200.0,338999.0
2025-03-12,Mỹ phẩm,TP HCM,Cửa hàng,4,4,3214150.0,2299508.0
2025-03-12,Mỹ phẩm,TP HCM,Online,4,4,2420250.0,1585755.0
2025-03-12,Mỹ phẩm,Đà Nẵng,Cửa hàng,1,1,944000.0,775964.0
2025-03-12,Mỹ phẩm,Đà Nẵng,Online,1,1,538000.0,388568.0
2025-03-12,Sách,Cần Thơ,Cửa hàng,2,2,751550.0,569186.0
2025-03-12,Sách,Hà Nội,Cửa hàng,2,2,282150.0,201049.0
2025-03-12,Sách,Hà Nội,Online,2,2,425000.0,310374.0
2025-03-12,Sách,Hải Phòng,Cửa hàng,2,2,284100.0,221394.0
2025-03-12,Sách,Hải Phòng,Online,1,1,288800.0,218220.0
2025-03-12,Sách,TP HCM,Cửa hàng,5,5,1385500.0,1017658.0
2025-03-12,Sách,TP HCM,Online,3,3,813000.0,614110.0
2025-03-12,Sách,Đà Nẵng,Cửa hàng,1,1,128000.0,93909.0
2025-03-12,Sách,Đà Nẵng,Online,1,1,162000.0,122594.0
2025-03-12,Thời trang,Cần Thơ,Cửa hàng,1,1,691050.0,535944.0
2025-03-12,Thời trang,Cần Thơ,Online,3,3,4203400.0,3291565.0
2025-03-12,Thời trang,Hà Nội,Cửa hàng,8,8,11373900.0,7963500.0
2025-03-12,Thời trang,Hà Nội,Online,1,1,807000.0,583488.0
2025-03-12,Thời trang,Hải Phòng,Online,2,2,2393500.0,1576583.0
2025-03-12,Thời trang,TP HCM,Cửa hàng,4,4,5387400.0,3759593.0
2025-03-12,Thời trang,TP HCM,Online,3,3,2670850.0,1868446.0
2025-03-12,Thời trang,Đà Nẵng,Cửa hàng,1,1,1926000.0,1520611.0
2025-03-12,Thời trang,Đà Nẵng,Online,3,3,3967000.0,2936237.0
2025-03-12,Thực phẩm,Cần Thơ,Cửa hàng,7,7,4861536.0,3388432.0
2025-03-12,Thực phẩm,Cần Thơ,Online,2,2,548900.0,445980.0
2025-03-12,Thực phẩm,Hà Nội,Cửa hàng,10,10,3190550.0,2309181.0
2025-03-12,Thực phẩm,Hà Nội,Online,9,9,5141458.0,3837483.0
2025-03-12,Thực phẩm,Hải Phòng,Cửa hàng,2,2,401400.0,325990.0
2025-03-12,Thực phẩm,Hải Phòng,Online,2,2,1140000.0,886418.0
2025-03-12,Thực phẩm,TP HCM,Cửa hàng,7,7,2436600.0,1756394.0
2025-03-12,Thực phẩm,TP HCM,Online,5,5,2417600.0,1732954.0
2025-03-12,Thực phẩm,Đà Nẵng,Cửa hàng,5,5,1040450.0,796902.0
2025-03-12,Thực phẩm,Đà Nẵng,Online,6,6,1586450.0,1188056.0
2025-03-12,Điện tử,Cần Thơ,Cửa hàng,4,4,8915800.0,7067993.0
2025-03-12,Điện tử,Cần Thơ,Online,1,1,1866600.0,1306982.0
2025-03-12,Điện tử,Hà Nội,Cửa hàng,6,6,9329300.0,6694195.0
2025-03-12,Điện tử,Hà Nội,Online,4,4,6130000.0,4429816.0
2025-03-12,Điện tử,Hải Phòng,Online,1,1,842350.0,517147.0
2025-03-12,Điện tử,TP HCM,Cửa hàng,1,1,971850.0,606508.0
2025-03-12,Điện tử,TP HCM,Online,9,9,28659300.0,21529957.0
2025-03-12,Điện tử,Đà Nẵng,Cửa hàng,4,4,9903000.0,7449396.0
2025-03-12,Điện tử,Đà Nẵng,Online,3,3,6299250.0,3978784.0
2025-03-13,Gia dụng,Cần Thơ,Cửa hàng,3,3,3502750.0,2360956.0
2025-03-13,Gia dụng,Cần Thơ,Online,5,5,5350000.0,3876985.0
2025-03-13,Gia dụng,Hà Nội,Cửa hàng,4,4,6158000.0,4306178.0
2025-03-13,Gia dụng,Hà Nội,Online,5,5,10653200.0,7965794.0
2025-03-13,Gia dụng,Hải Phòng,Cửa hàng,3,3,5950600.0,3787583.0
2025-03-13,Gia dụng,Hải Phòng,Online,4,4,3844600.0,2862281.0
2025-03-13,Gia dụng,TP HCM,Cửa hàng,5,5,6693700.0,4947115.0
2025-03-13,Gia dụng,TP HCM,Online,2,2,2301300.0,1469898.0
2025-03-13,Gia dụng,Đà Nẵng,Cửa hàng,2,2,1635000.0,1108898.0
2025-03-13,Mỹ phẩm,Cần Thơ,Cửa hàng,1,1,1304100.0,962410.0
2025-03-13,Mỹ phẩm,Cần Thơ,Online,1,1,2176000.0,1718263.0
2025-03-13,Mỹ phẩm,Hà Nội,Cửa hàng,1,1,1239000.0,879011.0
2025-03-13,Mỹ phẩm,Hà Nội,Online,2,2,1350000.0,950220.0
2025-03-13,Mỹ phẩm,Hải Phòng,Cửa hàng,2,2,6134868.0,4279136.0
2025-03-13,Mỹ phẩm,Hải Phòng,Online,1,1,1398000.0,977348.0
2025-03-13,Mỹ phẩm,TP HCM,Cửa hàng,4,4,3147200.0,2533504.0
2025-03-13,Mỹ phẩm,TP HCM,Online,3,3,2687700.0,2023926.0
2025-03-13,Mỹ phẩm,Đà Nẵng,Cửa hàng,1,1,8214994.0,5750496.0
2025-03-13,Mỹ phẩm,Đà Nẵng,Online,4,4,14014368.0,9868895.0
2025-03-13,Sách,Cần Thơ,Cửa hàng,2,2,737550.0,494259.0
2025-03-13,Sách,Cần Thơ,Online,1,1,152950.0,92833.0
2025-03-13,Sách,Hà Nội,Cửa hàng,2,2,363100.0,273160.0
2025-03-13,Sách,Hà Nội,Online,3,3,442500.0,324794.0
2025-03-13,Sách,Hải Phòng,Online,2,2,729900.0,453920.0
2025-03-13,Sách,TP HCM,Cửa hàng,5,5,900200.0,617418.0
2025-03-13,Sách,TP HCM,Online,5,5,1835050.0,1311731.0
2025-03-13,Sách,Đà Nẵng,Cửa hàng,2,2,423000.0,342646.0
2025-03-13,Sách,Đà Nẵng,Online,1,1,155000.0,114369.0
2025-03-13,Thời trang,Cần Thơ,Cửa hàng,2,2,2379150.0,1790535.0
2025-03-13,Thời trang,Hà Nội,Cửa hàng,2,2,2614500.0,1834457.0
2025-03-13,Thời trang,Hải Phòng,Online,2,2,2794000.0,2081616.0
2025-03-13,Thời trang,TP HCM,Cửa hàng,2,2,2952900.0,2044661.0
2025-03-13,Thời trang,TP HCM,Online,5,5,9151000.0,6776563.0
2025-03-13,Thời trang,Đà Nẵng,Cửa hàng,1,1,742900.0,513022.0
2025-03-13,Thực phẩm,Cần Thơ,Cửa hàng,3,3,1490000.0,1027607.0
2025-03-13,Thực phẩm,Cần Thơ,Online,6,6,2080650.0,1457321.0
2025-03-13,Thực phẩm,Hà Nội,Cửa hàng,10,10,2687350.0,1882724.0
2025-03-13,Thực phẩm,Hà Nội,Online,8,8,2856400.0,1988792.0
2025-03-13,Thực phẩm,Hải Phòng,Cửa hàng,5,5,3523157.0,2527931.0
2025-03-13,Thực phẩm,Hải Phòng,Online,4,4,816450.0,617929.0
2025-03-13,Thực phẩm,TP HCM,Cửa hàng,12,12,3432550.0,2435516.0
2025-03-13,Thực phẩm,TP HCM,Online,3,3,1074900.0,731226.0
2025-03-13,Thực phẩm,Đà Nẵng,Cửa hàng,5,5,3900050.0,2771405.0
2025-03-13,Thực phẩm,Đà Nẵng,Online,5,5,1269050.0,1006080.0
2025-03-13,Điện tử,Cần Thơ,Cửa hàng,1,1,979200.0,801722.0
2025-03-13,Điện tử,Cần Thơ,Online,2,2,3749650.0,2865577.0
2025-03-13,Điện tử,Hà Nội,Cửa hàng,5,5,10393450.0,7878329.0
2025-03-13,Điện tử,Hà Nội,Online,2,2,5714000.0,4353474.0
2025-03-13,Điện tử,Hải Phòng,Cửa hàng,2,2,1899500.0,1299071.0
2025-03-13,Điện tử,Hải Phòng,Online,4,4,5283500.0,3811657.0
2025-03-13,Điện tử,TP HCM,Cửa hàng,5,5,12364100.0,8114362.0
2025-03-13,Điện tử,TP HCM,Online,9,9,15639300.0,11111369.0
2025-03-13,Điện tử,Đà Nẵng,Cửa hàng,4,4,4393400.0,3182095.0
2025-03-13,Điện tử,Đà Nẵng,Online,1,1,971550.0,750650.0
2025-03-14,Gia dụng,Cần Thơ,Cửa hàng,1,1,790400.0,574017.0
2025-03-14,Gia dụng,Cần Thơ,Online,3,3,6639550.0,4703282.0
2025-03-14,Gia dụng,Hà Nội,Cửa hàng,3,3,3889000.0,2868901.0
2025-03-14,Gia dụng,Hải Phòng,Online,1,1,785000.0,566131.0
2025-03-14,Gia dụng,TP HCM,Cửa hàng,5,5,5096000.0,3651280.0
2025-03-14,Gia dụng,TP HCM,Online,5,5,11462750.0,8614420.0
2025-03-14,Gia dụng,Đà Nẵng,Cửa hàng,1,1,976000.0,665325.0
2025-03-14,Gia dụng,Đà Nẵng,Online,2,2,4788000.0,3049431.0
2025-03-14,Mỹ phẩm,Cần Thơ,Cửa hàng,2,2,1401000.0,912476.0
2025-03-14,Mỹ phẩm,Cần Thơ,Online,2,2,2551000.0,1633159.0
2025-03-14,Mỹ phẩm,Hà Nội,Cửa hàng,3,3,2763000.0,1807262.0
2025-03-14,Mỹ phẩm,Hà Nội,Online,1,1,535000.0,386402.0
2025-03-14,Mỹ phẩm,Hải Phòng,Cửa hàng,2,2,2128500.0,1496710.0
2025-03-14,Mỹ phẩm,Hải Phòng,Online,1,1,470000.0,360025.0
2025-03-14,Mỹ phẩm,TP HCM,Cửa hàng,4,4,2396550.0,1786883.0
2025-03-14,Mỹ phẩm,TP HCM,Online,1,1,447000.0,322844.0
2025-03-14,Mỹ phẩm,Đà Nẵng,Online,1,1,891100.0,748345.0
2025-03-14,Sách,Cần Thơ,Cửa hàng,2,2,299000.0,215912.0
2025-03-14,Sách,Cần Thơ,Online,1,1,145350.0,116488.0
2025-03-14,Sách,Hà Nội,Cửa hàng,3,3,765500.0,575452.0
2025-03-14,Sách,Hà Nội,Online,3,3,755400.0,563853.0
2025-03-14,Sách,Hải Phòng,Online,2,2,431750.0,344759.0
2025-03-14,Sách,TP HCM,Cửa hàng,3,3,920400.0,623653.0
2025-03-14,Sách,TP HCM,Online,5,5,1610550.0,1164227.0
2025-03-14,Sách,Đà Nẵng,Cửa hàng,2,2,648000.0,437482.0
2025-03-14,Sách,Đà Nẵng,Online,1,1,227800.0,162075.0
2025-03-14,Thời trang,Cần Thơ,Online,3,3,5198100.0,4096003.0
2025-03-14,Thời trang,Hà Nội,Cửa hàng,1,1,4060000.0,2357010.0
2025-03-14,Thời trang,Hà Nội,Online,1,1,1434000.0,1209553.0
2025-03-14,Thời trang,Hải Phòng,Cửa hàng,4,4,4471500.0,3505080.0
2025-03-14,Thời trang,TP HCM,Cửa hàng,2,2,2859000.0,2074104.0
2025-03-14,Thời trang,TP HCM,Online,4,4,4233300.0,3428877.0
2025-03-14,Thời trang,Đà Nẵng,Cửa hàng,2,2,10094643.0,7093946.0
2025-03-14,Thời trang,Đà Nẵng,Online,1,1,3296000.0,2539712.0
2025-03-14,Thực phẩm,Cần Thơ,Cửa hàng,6,6,3152160.0,2263217.0
2025-03-14,Thực phẩm,Cần Thơ,Online,1,1,311600.0,225230.0
2025-03-14,Thực phẩm,Hà Nội,Cửa hàng,9,9,3317000.0,2346642.0
2025-03-14,Thực phẩm,Hà Nội,Online,7,7,1795000.0,1302310.0
2025-03-14,Thực phẩm,Hải Phòng,Cửa hàng,4,4,2705067.0,1902053.0
2025-03-14,Thực phẩm,Hải Phòng,Online,4,4,900100.0,626443.0
2025-03-14,Thực phẩm,TP HCM,Cửa hàng,8,8,1787000.0,1336633.0
2025-03-14,Thực phẩm,TP HCM,Online,10,10,4272500.0,3111286.0
2025-03-14,Thực phẩm,Đà Nẵng,Cửa hàng,6,6,1153900.0,852582.0
2025-03-14,Thực phẩm,Đà Nẵng,Online,3,3,1140400.0,737140.0
2025-03-14,Điện tử,Cần Thơ,Cửa hàng,1,1,1254000.0,1049846.0
2025-03-14,Điện tử,Cần Thơ,Online,1,1,855950.0,683973.0
2025-03-14,Điện tử,Hà Nội,Cửa hàng,7,7,14150200.0,10272097.0
2025-03-14,Điện tử,Hà Nội,Online,5,5,9861500.0,7375579.0
2025-03-14,Điện tử,Hải Phòng,Cửa hàng,1,1,2380700.0,1860854.0
2025-03-14,Điện tử,TP HCM,Cửa hàng,4,4,5517450.0,4274634.0
2025-03-14,Điện tử,TP HCM,Online,10,10,43195654.0,30487828.0
2025-03-14,Điện tử,Đà Nẵng,Cửa hàng,5,5,7733000.0,5759891.0
2025-03-14,Điện tử,Đà Nẵng,Online,3,3,7109000.0,5145349.0
2025-03-15,Gia dụng,Cần Thơ,Cửa hàng,1,1,798000.0,621711.0
2025-03-15,Gia dụng,Cần Thơ,Online,1,1,1514300.0,1146864.0
2025-03-15,Gia dụng,Hà Nội,Cửa hàng,7,7,9745900.0,7093647.0
2025-03-15,Gia dụng,Hà Nội,Online,2,2,2496900.0,1888358.0
2025-03-15,Gia dụng,Hải Phòng,Online,1,1,2554200.0,2096488.0
2025-03-15,Gia dụng,TP HCM,Cửa hàng,10,10,14525600.0,10766184.0
2025-03-15,Gia dụng,TP HCM,Online,3,3,4350400.0,3062418.0
2025-03-15,Gia dụng,Đà Nẵng,Cửa hàng,2,2,4039200.0,2964720.0
2025-03-15,Gia dụng,Đà Nẵng,Online,1,1,835200.0,537543.0
2025-03-15,Mỹ phẩm,Cần Thơ,Cửa hàng,1,1,476000.0,369144.0
2025-03-15,Mỹ phẩm,Cần Thơ,Online,1,1,498000.0,336641.0
2025-03-15,Mỹ phẩm,Hà Nội,Cửa hàng,2,2,1924000.0,1470605.0
2025-03-15,Mỹ phẩm,Hải Phòng,Online,1,1,1984000.0,1359516.0
2025-03-15,Mỹ phẩm,TP HCM,Cửa hàng,3,3,2770600.0,1775709.0
2025-03-15,Mỹ phẩm,TP HCM,Online,1,1,992000.0,643209.0
2025-03-15,Mỹ phẩm,Đà Nẵng,Cửa hàng,2,2,3537800.0,2713206.0
2025-03-15,Mỹ phẩm,Đà Nẵng,Online,2,2,2256000.0,1603596.0
2025-03-15,Sách,Cần Thơ,Cửa hàng,2,2,2404936.0,1680473.0
2025-03-15,Sách,Cần Thơ,Online,3,3,422350.0,320563.0
2025-03-15,Sách,Hà Nội,Online,3,3,564800.0,430824.0
2025-03-15,Sách,Hải Phòng,Online,1,1,705000.0,515998.0
2025-03-15,Sách,TP HCM,Cửa hàng,6,6,1561000.0,1205006.0
2025-03-15,Sách,TP HCM,Online,1,1,1883416.0,1318391.0
2025-03-15,Sách,Đà Nẵng,Cửa hàng,4,4,932650.0,681839.0
2025-03-15,Sách,Đà Nẵng,Online,5,5,2169088.0,1504409.0
2025-03-15,Thời trang,Cần Thơ,Cửa hàng,2,2,2069100.0,1434285.0
2025-03-15,Thời trang,Cần Thơ,Online,2,2,2430850.0,1775571.0
2025-03-15,Thời trang,Hà Nội,Cửa hàng,4,4,3354450.0,2534780.0
2025-03-15,Thời trang,Hà Nội,Online,4,4,5656950.0,4233168.0
2025-03-15,Thời trang,Hải Phòng,Cửa hàng,1,1,832000.0,657135.0
2025-03-15,Thời trang,Hải Phòng,Online,2,2,1340000.0,990129.0
2025-03-15,Thời trang,TP HCM,Cửa hàng,4,4,4702100.0,3530169.0
2025-03-15,Thời trang,TP HCM,Online,4,4,4023700.0,2892621.0
2025-03-15,Thời trang,Đà Nẵng,Cửa hàng,3,3,5184000.0,3565958.0
2025-03-15,Thời trang,Đà Nẵng,Online,2,2,3071000.0,2441070.0
2025-03-15,Thực phẩm,Cần Thơ,Cửa hàng,4,4,1645000.0,1169713.0
2025-03-15,Thực phẩm,Cần Thơ,Online,2,2,803000.0,597521.0
2025-03-15,Thực phẩm,Hà Nội,Cửa hàng,8,8,3145600.0,2215971.0
2025-03-15,Thực phẩm,Hà Nội,Online,5,5,1192500.0,871282.0
2025-03-15,Thực phẩm,Hải Phòng,Cửa hàng,2,2,675000.0,450055.0
2025-03-15,Thực phẩm,Hải Phòng,Online,1,1,619400.0,447712.0
2025-03-15,Thực phẩm,TP HCM,Cửa hàng,9,9,2452450.0,1713348.0
2025-03-15,Thực phẩm,TP HCM,Online,9,9,3246800.0,2220141.0
2025-03-15,Thực phẩm,Đà Nẵng,Cửa hàng,5,5,1189650.0,860192.0
2025-03-15,Thực phẩm,Đà Nẵng,Online,6,6,1734900.0,1211939.0
2025-03-15,Điện tử,Cần Thơ,Cửa hàng,2,2,2284000.0,1463075.0
2025-03-15,Điện tử,Cần Thơ,Online,1,1,1119000.0,856299.0
2025-03-15,Điện tử,Hà Nội,Cửa hàng,5,5,10005000.0,6750982.0
2025-03-15,Điện tử,Hà Nội,Online,5,5,8698850.0,6318647.0
2025-03-15,Điện tử,Hải Phòng,Cửa hàng,5,5,9165950.0,5647890.0
2025-03-15,Điện tử,Hải Phòng,Online,1,1,1046000.0,828098.0
2025-03-15,Điện tử,TP HCM,Cửa hàng,8,8,12792050.0,9112648.0
2025-03-15,Điện tử,TP HCM,Online,8,8,18866900.0,13150800.0
2025-03-15,Điện tử,Đà Nẵng,Cửa hàng,2,2,3144000.0,2385759.0
2025-03-15,Điện tử,Đà Nẵng,Online,2,2,1886000.0,1460293.0
2025-03-16,Gia dụng,Cần Thơ,Cửa hàng,1,1,2405400.0,1582062.0
2025-03-16,Gia dụng,Cần Thơ,Online,1,1,937000.0,673600.0
2025-03-16,Gia dụng,Hà Nội,Cửa hàng,1,1,1795500.0,1339262.0
2025-03-16,Gia dụng,Hà Nội,Online,3,3,3742300.0,2743627.0
2025-03-16,Gia dụng,Hải Phòng,Cửa hàng,2,2,1564650.0,1093602.0
2025-03-16,Gia dụng,Hải Phòng,Online,3,3,6086400.0,4462587.0
2025-03-16,Gia dụng,TP HCM,Cửa hàng,5,5,3998700.0,2713846.0
2025-03-16,Gia dụng,TP HCM,Online,4,4,5716650.0,4101669.0
2025-03-16,Gia dụng,Đà Nẵng,Cửa hàng,2,2,2489000.0,1880758.0
2025-03-16,Gia dụng,Đà Nẵng,Online,3,3,5985600.0,4010706.0
2025-03-16,Mỹ phẩm,Cần Thơ,Cửa hàng,3,3,3678000.0,2667764.0
2025-03-16,Mỹ phẩm,Cần Thơ,Online,3,3,2486800.0,1980275.0
2025-03-16,Mỹ phẩm,Hà Nội,Cửa hàng,5,5,3676400.0,2450503.0
2025-03-16,Mỹ phẩm,Hà Nội,Online,1,1,537000.0,384889.0
2025-03-16,Mỹ phẩm,Hải Phòng,Cửa hàng,4,4,4090100.0,2953423.0
2025-03-16,Mỹ phẩm,Hải Phòng,Online,1,1,470000.0,339456.0
2025-03-16,Mỹ phẩm,TP HCM,Cửa hàng,3,3,3534000.0,2288879.0
2025-03-16,Mỹ phẩm,TP HCM,Online,2,2,2489000.0,1795759.0
2025-03-16,Mỹ phẩm,Đà Nẵng,Cửa hàng,3,3,2078300.0,1531234.0
2025-03-16,Sách,Cần Thơ,Online,1,1,494000.0,387861.0
2025-03-16,Sách,Hà Nội,Cửa hàng,1,1,137700.0,92330.0
2025-03-16,Sách,Hà Nội,Online,2,2,720600.0,526408.0
2025-03-16,Sách,Hải Phòng,Cửa hàng,2,2,292000.0,214180.0
2025-03-16,Sách,TP HCM,Cửa hàng,7,7,2351750.0,1683544.0
2025-03-16,Sách,TP HCM,Online,3,3,459500.0,337224.0
2025-03-16,Sách,Đà Nẵng,Cửa hàng,2,2,252900.0,194863.0
2025-03-16,Sách,Đà Nẵng,Online,1,1,317300.0,268428.0
2025-03-16,Thời trang,Cần Thơ,Cửa hàng,2,2,6757500.0,4954345.0
2025-03-16,Thời trang,Hà Nội,Cửa hàng,3,3,6770100.0,4985076.0
2025-03-16,Thời trang,Hà Nội,Online,1,1,723000.0,506497.0
2025-03-16,Thời trang,Hải Phòng,Cửa hàng,1,1,2792000.0,1765799.0
2025-03-16,Thời trang,Hải Phòng,Online,1,1,801800.0,540913.0
2025-03-16,Thời trang,TP HCM,Cửa hàng,7,7,10404500.0,7122158.0
2025-03-16,Thời trang,TP HCM,Online,3,3,2517000.0,1836767.0
2025-03-16,Thực phẩm,Cần Thơ,Cửa hàng,6,6,1862000.0,1367590.0
2025-03-16,Thực phẩm,Cần Thơ,Online,3,3,919000.0,685064.0
2025-03-16,Thực phẩm,Hà Nội,Cửa hàng,8,8,1753750.0,1239983.0
2025-03-16,Thực phẩm,Hà Nội,Online,7,7,1418050.0,1003019.0
2025-03-16,Thực phẩm,Hải Phòng,Cửa hàng,4,4,1064800.0,831141.0
2025-03-16,Thực phẩm,Hải Phòng,Online,2,2,322000.0,210849.0
2025-03-16,Thực phẩm,TP HCM,Cửa hàng,17,17,6014600.0,4267238.0
2025-03-16,Thực phẩm,TP HCM,Online,3,3,761850.0,550678.0
2025-03-16,Thực phẩm,Đà Nẵng,Cửa hàng,1,1,323000.0,259294.0
2025-03-16,Thực phẩm,Đà Nẵng,Online,6,6,1632550.0,1140468.0
2025-03-16,Điện tử,Cần Thơ,Online,2,2,5974300.0,3936543.0
2025-03-16,Điện tử,Hà Nội,Cửa hàng,3,3,6457000.0,4574212.0
2025-03-16,Điện tử,Hà Nội,Online,2,2,3259450.0,2428833.0
2025-03-16,Điện tử,Hải Phòng,Cửa hàng,2,2,5039000.0,3885210.0
2025-03-16,Điện tử,Hải Phòng,Online,2,2,3531000.0,2437392.0
2025-03-16,Điện tử,TP HCM,Cửa hàng,14,14,20163850.0,14255117.0
2025-03-16,Điện tử,TP HCM,Online,9,9,36930509.0,26207331.0
2025-03-16,Điện tử,Đà Nẵng,Cửa hàng,3,3,3584250.0,2519898.0
2025-03-16,Điện tử,Đà Nẵng,Online,3,3,10980450.0,8266590.0
2025-03-17,Gia dụng,Hà Nội,Cửa hàng,2,2,1890000.0,1445483.0
2025-03-17,Gia dụng,Hà Nội,Online,4,4,3579950.0,2561582.0
2025-03-17,Gia dụng,Hải Phòng,Cửa hàng,2,2,3245300.0,2255762.0
2025-03-17,Gia dụng,Hải Phòng,Online,2,2,1838000.0,1284080.0
2025-03-17,Gia dụng,TP HCM,Cửa hàng,2,2,2439000.0,1764170.0
2025-03-17,Gia dụng,TP HCM,Online,3,3,2291000.0,1601212.0
2025-03-17,Gia dụng,Đà Nẵng,Cửa hàng,3,3,7629300.0,5428466.0
2025-03-17,Gia dụng,Đà Nẵng,Online,3,3,4398700.0,3239394.0
2025-03-17,Mỹ phẩm,Cần Thơ,Online,2,2,2299000.0,1683172.0
2025-03-17,Mỹ phẩm,Hà Nội,Cửa hàng,1,1,1936000.0,1249533.0
2025-03-17,Mỹ phẩm,Hà Nội,Online,2,2,1462200.0,1026152.0
2025-03-17,Mỹ phẩm,Hải Phòng,Cửa hàng,1,1,443000.0,345005.0
2025-03-17,Mỹ phẩm,TP HCM,Cửa hàng,6,6,6746459.0,4789062.0
2025-03-17,Mỹ phẩm,TP HCM,Online,5,5,4281400.0,3031972.0
2025-03-17,Mỹ phẩm,Đà Nẵng,Cửa hàng,1,1,840600.0,687924.0
2025-03-17,Mỹ phẩm,Đà Nẵng,Online,1,1,946000.0,639047.0
2025-03-17,Sách,Cần Thơ,Cửa hàng,2,2,732000.0,590480.0
2025-03-17,Sách,Cần Thơ,Online,1,1,317300.0,229853.0
2025-03-17,Sách,Hà Nội,Cửa hàng,1,1,128000.0,87363.0
2025-03-17,Sách,Hà Nội,Online,4,4,1435950.0,1008445.0
2025-03-17,Sách,Hải Phòng,Cửa hàng,2,2,291500.0,231306.0
2025-03-17,Sách,Hải Phòng,Online,2,2,522200.0,396995.0
2025-03-17,Sách,TP HCM,Cửa hàng,1,1,270000.0,219948.0
2025-03-17,Sách,TP HCM,Online,4,4,1298700.0,847441.0
2025-03-17,Sách,Đà Nẵng,Cửa hàng,1,1,141950.0,98475.0
2025-03-17,Sách,Đà Nẵng,Online,1,1,248900.0,168245.0
2025-03-17,Thời trang,Cần Thơ,Cửa hàng,3,3,3911000.0,2962569.0
2025-03-17,Thời trang,Hà Nội,Cửa hàng,7,7,7242450.0,5174483.0
2025-03-17,Thời trang,Hà Nội,Online,4,4,4060400.0,2920761.0
2025-03-17,Thời trang,Hải Phòng,Cửa hàng,1,1,1216800.0,955882.0
2025-03-17,Thời trang,Hải Phòng,Online,2,2,2912800.0,2225921.0
2025-03-17,Thời trang,TP HCM,Cửa hàng,1,1,694450.0,514802.0
2025-03-17,Thời trang,TP HCM,Online,2,2,1769700.0,1322899.0
2025-03-17,Thời trang,Đà Nẵng,Cửa hàng,4,4,6256800.0,4052946.0
2025-03-17,Thời trang,Đà Nẵng,Online,2,2,2133550.0,1423996.0
2025-03-17,Thực phẩm,Cần Thơ,Cửa hàng,5,5,2216000.0,1628108.0
2025-03-17,Thực phẩm,Cần Thơ,Online,2,2,1391200.0,1000438.0
2025-03-17,Thực phẩm,Hà Nội,Cửa hàng,8,8,2102250.0,1458106.0
2025-03-17,Thực phẩm,Hà Nội,Online,6,6,2026550.0,1397377.0
2025-03-17,Thực phẩm,Hải Phòng,Cửa hàng,6,6,2633150.0,1819635.0
2025-03-17,Thực phẩm,Hải Phòng,Online,5,5,1202450.0,876358.0
2025-03-17,Thực phẩm,TP HCM,Cửa hàng,14,14,6940282.0,4929892.0
2025-03-17,Thực phẩm,TP HCM,Online,8,8,2484900.0,1797322.0
2025-03-17,Thực phẩm,Đà Nẵng,Cửa hàng,5,5,1415800.0,1111401.0
2025-03-17,Thực phẩm,Đà Nẵng,Online,5,5,1451800.0,1073649.0
2025-03-17,Điện tử,Cần Thơ,Cửa hàng,1,1,1882000.0,1329706.0
2025-03-17,Điện tử,Cần Thơ,Online,1,1,892050.0,645648.0
2025-03-17,Điện tử,Hà Nội,Cửa hàng,6,6,13112500.0,8934816.0
2025-03-17,Điện tử,Hải Phòng,Cửa hàng,2,2,9989000.0,6850937.0
2025-03-17,Điện tử,TP HCM,Cửa hàng,5,5,9132800.0,6600565.0
2025-03-17,Điện tử,TP HCM,Online,9,9,15206800.0,11135800.0
2025-03-17,Điện tử,Đà Nẵng,Cửa hàng,1,1,2130000.0,1803115.0
2025-03-17,Điện tử,Đà Nẵng,Online,4,4,6368950.0,4967078.0
2025-03-18,Gia dụng,Cần Thơ,Cửa hàng,2,2,1613100.0,1152127.0
2025-03-18,Gia dụng,Cần Thơ,Online,1,1,758000.0,508452.0
2025-03-18,Gia dụng,Hà Nội,Cửa hàng,2,2,2438000.0,1983504.0
2025-03-18,Gia dụng,Hà Nội,Online,4,4,5268500.0,3651711.0
2025-03-18,Gia dụng,Hải Phòng,Cửa hàng,1,1,716400.0,584301.0
2025-03-18,Gia dụng,Hải Phòng,Online,3,3,16722473.0,11343949.0
2025-03-18,Gia dụng,TP HCM,Cửa hàng,4,4,7383000.0,4992831.0
2025-03-18,Gia dụng,TP HCM,Online,5,5,8529400.0,6171353.0
2025-03-18,Gia dụng,Đà Nẵng,Cửa hàng,1,1,2496000.0,1952083.0
2025-03-18,Gia dụng,Đà Nẵng,Online,7,7,10104700.0,7278918.0
2025-03-18,Mỹ phẩm,Cần Thơ,Cửa hàng,4,4,2498850.0,1998037.0
2025-03-18,Mỹ phẩm,Cần Thơ,Online,1,1,451000.0,381293.0
2025-03-18,Mỹ phẩm,Hà Nội,Cửa hàng,3,3,2349700.0,1550341.0
2025-03-18,Mỹ phẩm,Hà Nội,Online,2,2,1441100.0,1109386.0
2025-03-18,Mỹ phẩm,Hải Phòng,Cửa hàng,2,2,1085000.0,892600.0
2025-03-18,Mỹ phẩm,Hải Phòng,Online,1,1,540000.0,425986.0
2025-03-18,Mỹ phẩm,TP HCM,Cửa hàng,4,4,4131000.0,3143860.0
2025-03-18,Mỹ phẩm,TP HCM,Online,4,4,4864900.0,3363907.0
2025-03-18,Mỹ phẩm,Đà Nẵng,Online,2,2,1314800.0,963716.0
2025-03-18,Sách,Hà Nội,Cửa hàng,1,1,141000.0,111911.0
2025-03-18,Sách,Hà Nội,Online,3,3,901700.0,660195.0
2025-03-18,Sách,Hải Phòng,Cửa hàng,2,2,423200.0,350893.0
2025-03-18,Sách,Hải Phòng,Online,1,1,139650.0,101163.0
2025-03-18,Sách,TP HCM,Cửa hàng,3,3,2278243.0,1575538.0
2025-03-18,Sách,TP HCM,Online,3,3,655800.0,487923.0
2025-03-18,Sách,Đà Nẵng,Cửa hàng,2,2,420600.0,297265.0
2025-03-18,Thời trang,Cần Thơ,Cửa hàng,1,1,1269000.0,789393.0
2025-03-18,Thời trang,Cần Thơ,Online,2,2,2511000.0,1942939.0
2025-03-18,Thời trang,Hà Nội,Cửa hàng,5,5,5138200.0,3744848.0
2025-03-18,Thời trang,Hà Nội,Online,2,2,2061800.0,1579801.0
2025-03-18,Thời trang,Hải Phòng,Cửa hàng,1,1,2316000.0,1477404.0
2025-03-18,Thời trang,Hải Phòng,Online,2,2,1526950.0,1117398.0
2025-03-18,Thời trang,TP HCM,Cửa hàng,2,2,1601000.0,1019899.0
2025-03-18,Thời trang,TP HCM,Online,7,7,7073000.0,5288761.0
2025-03-18,Thời trang,Đà Nẵng,Cửa hàng,1,1,699200.0,546015.0
2025-03-18,Thời trang,Đà Nẵng,Online,1,1,1637100.0,1183678.0
2025-03-18,Thực phẩm,Cần Thơ,Cửa hàng,3,3,1476400.0,1029554.0
2025-03-18,Thực phẩm,Cần Thơ,Online,1,1,404000.0,313235.0
2025-03-18,Thực phẩm,Hà Nội,Cửa hàng,10,10,3341200.0,2503828.0
2025-03-18,Thực phẩm,Hà Nội,Online,11,11,6379560.0,4634776.0
2025-03-18,Thực phẩm,Hải Phòng,Cửa hàng,7,7,2148750.0,1452567.0
2025-03-18,Thực phẩm,Hải Phòng,Online,2,2,297500.0,213232.0
2025-03-18,Thực phẩm,TP HCM,Cửa hàng,12,12,2858700.0,2022396.0
2025-03-18,Thực phẩm,TP HCM,Online,10,10,4212156.0,3033671.0
2025-03-18,Thực phẩm,Đà Nẵng,Cửa hàng,5,5,3504707.0,2398793.0
2025-03-18,Thực phẩm,Đà Nẵng,Online,2,2,378750.0,282275.0
2025-03-18,Điện tử,Cần Thơ,Cửa hàng,1,1,1139000.0,810639.0
2025-03-18,Điện tử,Cần Thơ,Online,1,1,1927800.0,1443944.0
2025-03-18,Điện tử,Hà Nội,Cửa hàng,6,6,18857000.0,13308045.0
2025-03-18,Điện tử,Hà Nội,Online,4,4,8497050.0,6149991.0
2025-03-18,Điện tử,Hải Phòng,Online,3,3,5751000.0,4326175.0
2025-03-18,Điện tử,TP HCM,Cửa hàng,9,9,13854150.0,10818332.0
2025-03-18,Điện tử,TP HCM,Online,4,4,6415800.0,4684486.0
2025-03-18,Điện tử,Đà Nẵng,Cửa hàng,2,2,5362200.0,3583145.0
2025-03-18,Điện tử,Đà Nẵng,Online,1,1,1200000.0,868535.0
2025-03-19,Gia dụng,Cần Thơ,Cửa hàng,1,1,1624000.0,1196758.0
2025-03-19,Gia dụng,Hà Nội,Cửa hàng,9,9,13540700.0,9717036.0
2025-03-19,Gia dụng,Hải Phòng,Cửa hàng,2,2,2572600.0,2033983.0
2025-03-19,Gia dụng,Hải Phòng,Online,3,3,3950050.0,2973075.0
2025-03-19,Gia dụng,TP HCM,Cửa hàng,4,4,7534900.0,5280119.0
2025-03-19,Gia dụng,TP HCM,Online,5,5,6579150.0,4985666.0
2025-03-19,Gia dụng,Đà Nẵng,Cửa hàng,1,1,810000.0,596111.0
2025-03-19,Gia dụng,Đà Nẵng,Online,3,3,6217250.0,4384052.0
2025-03-19,Mỹ phẩm,Cần Thơ,Cửa hàng,1,1,882000.0,738169.0
2025-03-19,Mỹ phẩm,Cần Thơ,Online,1,1,438900.0,316994.0
2025-03-19,Mỹ phẩm,Hà Nội,Cửa hàng,7,7,5867900.0,4415341.0
2025-03-19,Mỹ phẩm,Hà Nội,Online,2,2,2381700.0,1907240.0
2025-03-19,Mỹ phẩm,Hải Phòng,Cửa hàng,2,2,1444100.0,1152498.0
2025-03-19,Mỹ phẩm,TP HCM,Cửa hàng,1,1,517000.0,397856.0
2025-03-19,Mỹ phẩm,TP HCM,Online,2,2,964100.0,699252.0
2025-03-19,Mỹ phẩm,Đà Nẵng,Cửa hàng,5,5,4193600.0,2787796.0
2025-03-19,Sách,Cần Thơ,Cửa hàng,3,3,524350.0,348724.0
2025-03-19,Sách,Cần Thơ,Online,4,4,1787000.0,1287583.0
2025-03-19,Sách,Hà Nội,Cửa hàng,3,3,797200.0,586568.0
2025-03-19,Sách,Hà Nội,Online,2,2,268650.0,185427.0
2025-03-19,Sách,Hải Phòng,Cửa hàng,2,2,272200.0,198376.0
2025-03-19,Sách,TP HCM,Cửa hàng,4,4,890400.0,643626.0
2025-03-19,Sách,TP HCM,Online,3,3,1109400.0,799197.0
2025-03-19,Sách,Đà Nẵng,Cửa hàng,1,1,140000.0,101416.0
2025-03-19,Sách,Đà Nẵng,Online,4,4,1541500.0,1151309.0
2025-03-19,Thời trang,Cần Thơ,Cửa hàng,2,2,2109000.0,1620638.0
2025-03-19,Thời trang,Cần Thơ,Online,1,1,1628300.0,1272830.0
2025-03-19,Thời trang,Hà Nội,Cửa hàng,3,3,2121800.0,1538544.0
2025-03-19,Thời trang,Hà Nội,Online,5,5,7035000.0,5285748.0
2025-03-19,Thời trang,Hải Phòng,Cửa hàng,1,1,783000.0,553042.0
2025-03-19,Thời trang,TP HCM,Cửa hàng,3,3,4008000.0,2784112.0
2025-03-19,Thời trang,TP HCM,Online,7,7,6820700.0,5114947.0
2025-03-19,Thời trang,Đà Nẵng,Cửa hàng,2,2,1482250.0,1044541.0
2025-03-19,Thời trang,Đà Nẵng,Online,3,3,4253650.0,2995435.0
2025-03-19,Thực phẩm,Cần Thơ,Cửa hàng,10,10,6336986.0,4559943.0
2025-03-19,Thực phẩm,Cần Thơ,Online,3,3,1583900.0,1110528.0
2025-03-19,Thực phẩm,Hà Nội,Cửa hàng,11,11,4438400.0,3324247.0
2025-03-19,Thực phẩm,Hà Nội,Online,2,2,505000.0,353248.0
2025-03-19,Thực phẩm,Hải Phòng,Cửa hàng,5,5,1252600.0,950175.0
2025-03-19,Thực phẩm,Hải Phòng,Online,3,3,560000.0,399538.0
2025-03-19,Thực phẩm,TP HCM,Cửa hàng,8,8,2296800.0,1568257.0
2025-03-19,Thực phẩm,TP HCM,Online,5,5,1650750.0,1230263.0
2025-03-19,Thực phẩm,Đà Nẵng,Cửa hàng,3,3,1015000.0,782974.0
2025-03-19,Thực phẩm,Đà Nẵng,Online,8,8,2980600.0,2237024.0
2025-03-19,Điện tử,Cần Thơ,Cửa hàng,3,3,5603200.0,3853251.0
2025-03-19,Điện tử,Hà Nội,Cửa hàng,3,3,5592400.0,3886556.0
2025-03-19,Điện tử,Hà Nội,Online,5,5,9201800.0,6456987.0
2025-03-19,Điện tử,Hải Phòng,Cửa hàng,3,3,5971700.0,4157154.0
2025-03-19,Điện tử,TP HCM,Cửa hàng,4,4,7353450.0,5678775.0
2025-03-19,Điện tử,TP HCM,Online,7,7,21251950.0,15609836.0
2025-03-19,Điện tử,Đà Nẵng,Online,4,4,11021600.0,8234189.0
2025-03-20,Gia dụng,Cần Thơ,Cửa hàng,1,1,1616000.0,1195311.0
2025-03-20,Gia dụng,Cần Thơ,Online,2,2,1537000.0,1216254.0
2025-03-20,Gia dụng,Hà Nội,Cửa hàng,5,5,9060200.0,6097071.0
2025-03-20,Gia dụng,Hà Nội,Online,5,5,9874000.0,7026200.0
2025-03-20,Gia dụng,Hải Phòng,Online,4,4,6166400.0,4701040.0
2025-03-20,Gia dụng,TP HCM,Cửa hàng,7,7,14030100.0,10792135.0
2025-03-20,Gia dụng,TP HCM,Online,4,4,11081300.0,7227772.0
2025-03-20,Gia dụng,Đà Nẵng,Online,2,2,2767400.0,1729835.0
2025-03-20,Mỹ phẩm,Cần Thơ,Cửa hàng,1,1,507000.0,406910.0
2025-03-20,Mỹ phẩm,Hà Nội,Cửa hàng,2,2,2031000.0,1454661.0
2025-03-20,Mỹ phẩm,Hà Nội,Online,1,1,420750.0,261319.0
2025-03-20,Mỹ phẩm,Hải Phòng,Cửa hàng,1,1,1638000.0,1040560.0
2025-03-20,Mỹ phẩm,Hải Phòng,Online,1,1,436000.0,286437.0
2025-03-20,Mỹ phẩm,TP HCM,Cửa hàng,4,4,2520900.0,1886772.0
2025-03-20,Mỹ phẩm,TP HCM,Online,1,1,886000.0,564699.0
2025-03-20,Sách,Cần Thơ,Cửa hàng,1,1,254000.0,214012.0
2025-03-20,Sách,Cần Thơ,Online,1,1,674500.0,498607.0
2025-03-20,Sách,Hà Nội,Cửa hàng,4,4,907000.0,622919.0
2025-03-20,Sách,Hà Nội,Online,4,4,738000.0,533182.0
2025-03-20,Sách,Hải Phòng,Cửa hàng,2,2,263000.0,196937.0
2025-03-20,Sách,TP HCM,Cửa hàng,7,7,1812000.0,1302729.0
2025-03-20,Sách,TP HCM,Online,4,4,685000.0,485152.0
2025-03-20,Sách,Đà Nẵng,Cửa hàng,1,1,159000.0,117596.0
2025-03-20,Sách,Đà Nẵng,Online,1,1,147250.0,106668.0
2025-03-20,Thời trang,Cần Thơ,Cửa hàng,1,1,3085600.0,2214016.0
2025-03-20,Thời trang,Cần Thơ,Online,1,1,3088800.0,2480949.0
2025-03-20,Thời trang,Hà Nội,Cửa hàng,6,6,7686450.0,5856423.0
2025-03-20,Thời trang,Hà Nội,Online,3,3,2134000.0,1568833.0
2025-03-20,Thời trang,Hải Phòng,Cửa hàng,2,2,3917400.0,2465793.0
2025-03-20,Thời trang,Hải Phòng,Online,1,1,717000.0,516579.0
2025-03-20,Thời trang,TP HCM,Cửa hàng,5,5,7888000.0,5313386.0
2025-03-20,Thời trang,TP HCM,Online,5,5,17459729.0,12432249.0
2025-03-20,Thời trang,Đà Nẵng,Cửa hàng,4,4,6026000.0,4251894.0
2025-03-20,Thời trang,Đà Nẵng,Online,2,2,2025000.0,1589766.0
2025-03-20,Thực phẩm,Cần Thơ,Cửa hàng,7,7,1704850.0,1290959.0
2025-03-20,Thực phẩm,Cần Thơ,Online,2,2,669800.0,534864.0
2025-03-20,Thực phẩm,Hà Nội,Cửa hàng,11,11,4127900.0,3156925.0
2025-03-20,Thực phẩm,Hà Nội,Online,6,6,1547450.0,1156239.0
2025-03-20,Thực phẩm,Hải Phòng,Cửa hàng,3,3,668200.0,430949.0
2025-03-20,Thực phẩm,Hải Phòng,Online,1,1,174800.0,110509.0
2025-03-20,Thực phẩm,TP HCM,Cửa hàng,11,11,2819800.0,1889491.0
2025-03-20,Thực phẩm,TP HCM,Online,12,12,3890000.0,2746407.0
2025-03-20,Thực phẩm,Đà Nẵng,Cửa hàng,3,3,829750.0,639825.0
2025-03-20,Thực phẩm,Đà Nẵng,Online,4,4,831600.0,630994.0
2025-03-20,Điện tử,Cần Thơ,Cửa hàng,2,2,4922900.0,3458533.0
2025-03-20,Điện tử,Hà Nội,Cửa hàng,5,5,12936750.0,9065118.0
2025-03-20,Điện tử,Hà Nội,Online,1,1,2616300.0,1789973.0
2025-03-20,Điện tử,Hải Phòng,Cửa hàng,5,5,10345500.0,7354338.0
2025-03-20,Điện tử,TP HCM,Cửa hàng,5,5,7639350.0,5500067.0
2025-03-20,Điện tử,TP HCM,Online,8,8,21972300.0,16119439.0
2025-03-20,Điện tử,Đà Nẵng,Cửa hàng,4,4,5246600.0,3911177.0
2025-03-20,Điện tử,Đà Nẵng,Online,1,1,1239000.0,896763.0
2025-03-21,Gia dụng,Cần Thơ,Online,2,2,2403600.0,1793990.0
2025-03-21,Gia dụng,Hà Nội,Cửa hàng,4,4,4034000.0,2741360.0
2025-03-21,Gia dụng,Hà Nội,Online,3,3,5023800.0,3583288.0
2025-03-21,Gia dụng,Hải Phòng,Cửa hàng,1,1,924000.0,620163.0
2025-03-21,Gia dụng,Hải Phòng,Online,2,2,1962700.0,1401601.0
2025-03-21,Gia dụng,TP HCM,Cửa hàng,2,2,1656550.0,1111284.0
2025-03-21,Gia dụng,TP HCM,Online,3,3,3105500.0,2156886.0
2025-03-21,Gia dụng,Đà Nẵng,Cửa hàng,3,3,3286000.0,2295178.0
2025-03-21,Gia dụng,Đà Nẵng,Online,3,3,6537750.0,4949121.0
2025-03-21,Mỹ phẩm,Cần Thơ,Cửa hàng,3,3,2685000.0,2134233.0
2025-03-21,Mỹ phẩm,Cần Thơ,Online,2,2,984000.0,740170.0
2025-03-21,Mỹ phẩm,Hà Nội,Cửa hàng,1,1,455000.0,328622.0
2025-03-21,Mỹ phẩm,Hải Phòng,Cửa hàng,3,3,2516350.0,1888060.0
2025-03-21,Mỹ phẩm,TP HCM,Cửa hàng,5,5,3654850.0,2597383.0
2025-03-21,Mỹ phẩm,TP HCM,Online,2,2,1003000.0,825836.0
2025-03-21,Mỹ phẩm,Đà Nẵng,Online,1,1,450900.0,278328.0
2025-03-21,Sách,Cần Thơ,Online,1,1,282000.0,204281.0
2025-03-21,Sách,Hà Nội,Cửa hàng,4,4,1043900.0,719238.0
2025-03-21,Sách,Hà Nội,Online,5,5,662300.0,461590.0
2025-03-21,Sách,Hải Phòng,Cửa hàng,3,3,427500.0,304276.0
2025-03-21,Sách,TP HCM,Cửa hàng,2,2,382850.0,311307.0
2025-03-21,Sách,TP HCM,Online,4,4,815800.0,580992.0
2025-03-21,Sách,Đà Nẵng,Cửa hàng,1,1,244800.0,192293.0
2025-03-21,Thời trang,Cần Thơ,Cửa hàng,3,3,2212700.0,1479104.0
2025-03-21,Thời trang,Cần Thơ,Online,2,2,1462000.0,1023546.0
2025-03-21,Thời trang,Hà Nội,Cửa hàng,2,2,3141100.0,2381573.0
2025-03-21,Thời trang,Hà Nội,Online,3,3,2076350.0,1501270.0
2025-03-21,Thời trang,Hải Phòng,Cửa hàng,3,3,4948500.0,3859868.0
2025-03-21,Thời trang,Hải Phòng,Online,2,2,2342900.0,1948503.0
2025-03-21,Thời trang,TP HCM,Cửa hàng,2,2,5885800.0,4456258.0
2025-03-21,Thời trang,TP HCM,Online,2,2,4225000.0,2979606.0
2025-03-21,Thời trang,Đà Nẵng,Cửa hàng,1,1,1562000.0,1308594.0
2025-03-21,Thời trang,Đà Nẵng,Online,4,4,5068200.0,3352803.0
2025-03-21,Thực phẩm,Cần Thơ,Cửa hàng,4,4,1225450.0,845411.0
2025-03-21,Thực phẩm,Cần Thơ,Online,1,1,188000.0,146155.0
2025-03-21,Thực phẩm,Hà Nội,Cửa hàng,8,8,3425650.0,2422949.0
2025-03-21,Thực phẩm,Hà Nội,Online,8,8,2046100.0,1507293.0
2025-03-21,Thực phẩm,Hải Phòng,Cửa hàng,4,4,1659000.0,1202288.0
2025-03-21,Thực phẩm,Hải Phòng,Online,2,2,505600.0,367421.0
2025-03-21,Thực phẩm,TP HCM,Cửa hàng,15,15,3972000.0,2892115.0
2025-03-21,Thực phẩm,TP HCM,Online,7,7,2540350.0,1855270.0
2025-03-21,Thực phẩm,Đà Nẵng,Cửa hàng,7,6,2652350.0,1990860.0
2025-03-21,Thực phẩm,Đà Nẵng,Online,5,5,1544850.0,1123392.0
2025-03-21,Điện tử,Cần Thơ,Cửa hàng,3,3,5238300.0,3533282.0
2025-03-21,Điện tử,Cần Thơ,Online,1,1,3254700.0,1954104.0
2025-03-21,Điện tử,Hà Nội,Cửa hàng,7,7,10961050.0,7736453.0
2025-03-21,Điện tử,Hà Nội,Online,3,3,6856750.0,5049009.0
2025-03-21,Điện tử,Hải Phòng,Cửa hàng,3,3,11945000.0,8661666.0
2025-03-21,Điện tử,Hải Phòng,Online,5,5,5958600.0,4263675.0
2025-03-21,Điện tử,TP HCM,Cửa hàng,7,7,18078800.0,12485847.0
2025-03-21,Điện tử,TP HCM,Online,3,3,18571963.0,13706554.0
2025-03-21,Điện tử,Đà Nẵng,Cửa hàng,3,3,5806900.0,3865109.0
2025-03-22,Gia dụng,Cần Thơ,Cửa hàng,6,6,8877500.0,6229206.0
2025-03-22,Gia dụng,Hà Nội,Cửa hàng,8,8,16828400.0,11928092.0
2025-03-22,Gia dụng,Hà Nội,Online,2,2,3580000.0,2161885.0
2025-03-22,Gia dụng,Hải Phòng,Cửa hàng,3,3,3362000.0,2487091.0
2025-03-22,Gia dụng,Hải Phòng,Online,1,1,1580000.0,1078057.0
2025-03-22,Gia dụng,TP HCM,Cửa hàng,4,4,4357800.0,3194541.0
2025-03-22,Gia dụng,TP HCM,Online,3,3,3872600.0,2783060.0
2025-03-22,Gia dụng,Đà Nẵng,Cửa hàng,1,1,4636000.0,3131157.0
2025-03-22,Gia dụng,Đà Nẵng,Online,6,6,11681900.0,8331830.0
2025-03-22,Mỹ phẩm,Hà Nội,Cửa hàng,1,1,494000.0,384463.0
2025-03-22,Mỹ phẩm,Hà Nội,Online,1,1,530000.0,382538.0
2025-03-22,Mỹ phẩm,Hải Phòng,Cửa hàng,1,1,1041200.0,677457.0
2025-03-22,Mỹ phẩm,Hải Phòng,Online,1,1,417600.0,261352.0
2025-03-22,Mỹ phẩm,TP HCM,Cửa hàng,2,2,1820700.0,1355753.0
2025-03-22,Mỹ phẩm,TP HCM,Online,3,3,6261849.0,4458917.0
2025-03-22,Mỹ phẩm,Đà Nẵng,Online,1,1,450300.0,291663.0
2025-03-22,Sách,Hà Nội,Cửa hàng,3,3,1441600.0,1094786.0
2025-03-22,Sách,Hà Nội,Online,2,2,423000.0,311025.0
2025-03-22,Sách,Hải Phòng,Cửa hàng,1,1,135900.0,104863.0
2025-03-22,Sách,TP HCM,Cửa hàng,1,1,136800.0,99098.0
2025-03-22,Sách,TP HCM,Online,6,6,2175200.0,1449976.0
2025-03-22,Sách,Đà Nẵng,Cửa hàng,2,2,614000.0,404834.0
2025-03-22,Sách,Đà Nẵng,Online,2,2,528900.0,393582.0
2025-03-22,Thời trang,Cần Thơ,Cửa hàng,2,2,1334200.0,1052300.0
2025-03-22,Thời trang,Hà Nội,Cửa hàng,4,4,4614200.0,3102291.0
2025-03-22,Thời trang,Hà Nội,Online,3,3,4424000.0,3290908.0
2025-03-22,Thời trang,Hải Phòng,Online,2,2,5279850.0,3329695.0
2025-03-22,Thời trang,TP HCM,Cửa hàng,6,6,8475650.0,6009510.0
2025-03-22,Thời trang,TP HCM,Online,4,4,3600900.0,2579101.0
2025-03-22,Thời trang,Đà Nẵng,Cửa hàng,2,2,3939000.0,2523181.0
2025-03-22,Thời trang,Đà Nẵng,Online,5,5,9380500.0,6265604.0
2025-03-22,Thực phẩm,Cần Thơ,Cửa hàng,2,2,510400.0,337653.0
2025-03-22,Thực phẩm,Cần Thơ,Online,3,3,480100.0,346286.0
2025-03-22,Thực phẩm,Hà Nội,Cửa hàng,13,13,2796100.0,1969755.0
2025-03-22,Thực phẩm,Hà Nội,Online,9,9,1878550.0,1347541.0
2025-03-22,Thực phẩm,Hải Phòng,Cửa hàng,1,1,156600.0,118044.0
2025-03-22,Thực phẩm,Hải Phòng,Online,4,4,1677750.0,1184336.0
2025-03-22,Thực phẩm,TP HCM,Cửa hàng,8,8,2669850.0,1795366.0
2025-03-22,Thực phẩm,TP HCM,Online,12,12,2944950.0,2093679.0
2025-03-22,Thực phẩm,Đà Nẵng,Cửa hàng,10,10,2835750.0,2202753.0
2025-03-22,Thực phẩm,Đà Nẵng,Online,3,3,1824000.0,1391665.0
2025-03-22,Điện tử,Cần Thơ,Cửa hàng,4,4,4316800.0,2923979.0
2025-03-22,Điện tử,Cần Thơ,Online,1,1,2324000.0,1412758.0
2025-03-22,Điện tử,Hà Nội,Cửa hàng,1,1,1964600.0,1619603.0
2025-03-22,Điện tử,Hà Nội,Online,8,8,10818800.0,7494461.0
2025-03-22,Điện tử,Hải Phòng,Cửa hàng,3,3,6724000.0,4693903.0
2025-03-22,Điện tử,Hải Phòng,Online,5,5,5569000.0,4001921.0
2025-03-22,Điện tử,TP HCM,Cửa hàng,3,3,7773800.0,6005596.0
2025-03-22,Điện tử,TP HCM,Online,4,4,6447200.0,4593456.0
2025-03-22,Điện tử,Đà Nẵng,Cửa hàng,1,1,2871000.0,2104428.0
2025-03-22,Điện tử,Đà Nẵng,Online,2,2,3336400.0,2124980.0
2025-03-23,Gia dụng,Cần Thơ,Cửa hàng,6,6,28381138.0,20128489.0
2025-03-23,Gia dụng,Cần Thơ,Online,1,1,1660000.0,1116511.0
2025-03-23,Gia dụng,Hà Nội,Cửa hàng,3,3,2463450.0,1559713.0
2025-03-23,Gia dụng,Hà Nội,Online,3,3,3475000.0,2675530.0
2025-03-23,Gia dụng,Hải Phòng,Cửa hàng,3,3,4117600.0,2701843.0
2025-03-23,Gia dụng,Hải Phòng,Online,2,2,2631300.0,1801349.0
2025-03-23,Gia dụng,TP HCM,Cửa hàng,8,8,11714400.0,8075501.0
2025-03-23,Gia dụng,TP HCM,Online,5,5,6313100.0,4798323.0
2025-03-23,Gia dụng,Đà Nẵng,Cửa hàng,3,3,5082200.0,3400731.0
2025-03-23,Gia dụng,Đà Nẵng,Online,2,2,4183400.0,3394884.0
2025-03-23,Mỹ phẩm,Cần Thơ,Cửa hàng,3,3,1901100.0,1306433.0
2025-03-23,Mỹ phẩm,Cần Thơ,Online,1,1,7963385.0,5574370.0
2025-03-23,Mỹ phẩm,Hà Nội,Cửa hàng,1,1,493000.0,401336.0
2025-03-23,Mỹ phẩm,Hải Phòng,Online,1,1,982000.0,719751.0
2025-03-23,Mỹ phẩm,TP HCM,Cửa hàng,2,2,956450.0,674419.0
2025-03-23,Mỹ phẩm,TP HCM,Online,4,4,2181050.0,1582394.0
2025-03-23,Sách,Cần Thơ,Cửa hàng,4,4,1321000.0,1002832.0
2025-03-23,Sách,Cần Thơ,Online,4,4,1016100.0,689020.0
2025-03-23,Sách,Hà Nội,Cửa hàng,3,3,470000.0,341879.0
2025-03-23,Sách,Hà Nội,Online,2,2,899250.0,651419.0
2025-03-23,Sách,Hải Phòng,Cửa hàng,3,3,1165900.0,803611.0
2025-03-23,Sách,Hải Phòng,Online,1,1,129200.0,105396.0
2025-03-23,Sách,TP HCM,Cửa hàng,4,4,889200.0,600649.0
2025-03-23,Sách,Đà Nẵng,Cửa hàng,1,1,128000.0,87507.0
2025-03-23,Sách,Đà Nẵng,Online,2,2,1002000.0,720322.0
2025-03-23,Thời trang,Cần Thơ,Cửa hàng,1,1,809000.0,570820.0
2025-03-23,Thời trang,Cần Thơ,Online,3,3,5474000.0,3605225.0
2025-03-23,Thời trang,Hà Nội,Cửa hàng,7,7,9512750.0,7032093.0
2025-03-23,Thời trang,Hà Nội,Online,5,5,6601100.0,4548908.0
2025-03-23,Thời trang,Hải Phòng,Cửa hàng,2,2,1491750.0,973579.0
2025-03-23,Thời trang,TP HCM,Cửa hàng,8,8,8193950.0,6172465.0
2025-03-23,Thời trang,TP HCM,Online,4,4,10450500.0,8076262.0
2025-03-23,Thời trang,Đà Nẵng,Cửa hàng,4,4,6123300.0,4163404.0
2025-03-23,Thời trang,Đà Nẵng,Online,2,2,2151900.0,1781664.0
2025-03-23,Thực phẩm,Cần Thơ,Cửa hàng,4,4,1079500.0,748026.0
2025-03-23,Thực phẩm,Cần Thơ,Online,1,1,396000.0,286235.0
2025-03-23,Thực phẩm,Hà Nội,Cửa hàng,12,12,3290000.0,2289520.0
2025-03-23,Thực phẩm,Hà Nội,Online,9,9,3425100.0,2392298.0
2025-03-23,Thực phẩm,Hải Phòng,Cửa hàng,2,2,500450.0,366685.0
2025-03-23,Thực phẩm,Hải Phòng,Online,1,1,481950.0,338444.0
2025-03-23,Thực phẩm,TP HCM,Cửa hàng,17,17,4448650.0,3159519.0
2025-03-23,Thực phẩm,TP HCM,Online,5,5,1124200.0,776321.0
2025-03-23,Thực phẩm,Đà Nẵng,Cửa hàng,1,1,171000.0,107140.0
2025-03-23,Điện tử,Cần Thơ,Cửa hàng,1,1,1224000.0,882749.0
2025-03-23,Điện tử,Cần Thơ,Online,1,1,1873400.0,1355929.0
2025-03-23,Điện tử,Hà Nội,Cửa hàng,5,5,10320500.0,7661310.0
2025-03-23,Điện tử,Hà Nội,Online,9,9,19269300.0,13418775.0
2025-03-23,Điện tử,Hải Phòng,Cửa hàng,2,2,5463000.0,3781790.0
2025-03-23,Điện tử,Hải Phòng,Online,1,1,1106000.0,773849.0
2025-03-23,Điện tử,TP HCM,Cửa hàng,5,5,8756150.0,5923239.0
2025-03-23,Điện tử,TP HCM,Online,2,2,3405000.0,2410862.0
2025-03-23,Điện tử,Đà Nẵng,Cửa hàng,3,3,5181100.0,3865547.0
2025-03-23,Điện tử,Đà Nẵng,Online,3,3,4520400.0,3566930.0
2025-03-24,Gia dụng,Cần Thơ,Online,2,2,1735000.0,1116894.0
2025-03-24,Gia dụng,Hà Nội,Cửa hàng,3,3,4184000.0,2812166.0
2025-03-24,Gia dụng,Hà Nội,Online,3,3,7199100.0,5606224.0
2025-03-24,Gia dụng,Hải Phòng,Cửa hàng,2,2,3363400.0,2561500.0
2025-03-24,Gia dụng,Hải Phòng,Online,1,1,876000.0,699806.0
2025-03-24,Gia dụng,TP HCM,Cửa hàng,8,8,15626550.0,11294265.0
2025-03-24,Gia dụng,TP HCM,Online,9,9,15912200.0,12170993.0
2025-03-24,Gia dụng,Đà Nẵng,Cửa hàng,2,2,1573000.0,1024485.0
2025-03-24,Gia dụng,Đà Nẵng,Online,2,2,2742000.0,2169605.0
2025-03-24,Mỹ phẩm,Cần Thơ,Online,1,1,449650.0,289082.0
2025-03-24,Mỹ phẩm,Hà Nội,Cửa hàng,1,1,482400.0,394139.0
2025-03-24,Mỹ phẩm,Hà Nội,Online,6,6,6010400.0,4252787.0
2025-03-24,Mỹ phẩm,Hải Phòng,Cửa hàng,2,2,1991200.0,1384851.0
2025-03-24,Mỹ phẩm,TP HCM,Cửa hàng,7,6,4593700.0,3058574.0
2025-03-24,Mỹ phẩm,TP HCM,Online,3,3,2870800.0,2136713.0
2025-03-24,Mỹ phẩm,Đà Nẵng,Cửa hàng,1,1,1692000.0,1250006.0
2025-03-24,Mỹ phẩm,Đà Nẵng,Online,1,1,404100.0,312684.0
2025-03-24,Sách,Cần Thơ,Cửa hàng,1,1,132050.0,105208.0
2025-03-24,Sách,Hà Nội,Online,3,3,570200.0,416555.0
2025-03-24,Sách,Hải Phòng,Cửa hàng,3,3,745300.0,577809.0
2025-03-24,Sách,TP HCM,Cửa hàng,10,10,1944350.0,1351541.0
2025-03-24,Sách,TP HCM,Online,4,4,879800.0,615077.0
2025-03-24,Sách,Đà Nẵng,Cửa hàng,2,2,568200.0,414261.0
2025-03-24,Sách,Đà Nẵng,Online,3,3,847400.0,601613.0
2025-03-24,Thời trang,Cần Thơ,Online,2,2,3735000.0,3093285.0
2025-03-24,Thời trang,Hà Nội,Cửa hàng,3,3,4313000.0,3460519.0
2025-03-24,Thời trang,Hà Nội,Online,3,3,3409300.0,2472339.0
2025-03-24,Thời trang,Hải Phòng,Cửa hàng,2,2,2280000.0,1662440.0
2025-03-24,Thời trang,Hải Phòng,Online,1,1,1434500.0,919147.0
2025-03-24,Thời trang,TP HCM,Cửa hàng,7,7,6061250.0,4561628.0
2025-03-24,Thời trang,TP HCM,Online,1,1,2373000.0,1884229.0
2025-03-24,Thời trang,Đà Nẵng,Cửa hàng,5,5,5242100.0,3604598.0
2025-03-24,Thời trang,Đà Nẵng,Online,1,1,635550.0,522637.0
2025-03-24,Thực phẩm,Cần Thơ,Cửa hàng,2,2,1128950.0,934337.0
2025-03-24,Thực phẩm,Cần Thơ,Online,5,5,1223400.0,881189.0
2025-03-24,Thực phẩm,Hà Nội,Cửa hàng,7,7,2320950.0,1741025.0
2025-03-24,Thực phẩm,Hà Nội,Online,8,8,3624250.0,2613487.0
2025-03-24,Thực phẩm,Hải Phòng,Cửa hàng,1,1,174000.0,123733.0
2025-03-24,Thực phẩm,Hải Phòng,Online,2,2,345850.0,231988.0
2025-03-24,Thực phẩm,TP HCM,Cửa hàng,10,10,2988350.0,2178034.0
2025-03-24,Thực phẩm,TP HCM,Online,9,9,2833900.0,2233989.0
2025-03-24,Thực phẩm,Đà Nẵng,Cửa hàng,3,3,891550.0,692559.0
2025-03-24,Thực phẩm,Đà Nẵng,Online,4,4,1258900.0,912342.0
2025-03-24,Điện tử,Cần Thơ,Cửa hàng,1,1,1097000.0,682850.0
2025-03-24,Điện tử,Cần Thơ,Online,1,1,1174000.0,816234.0
2025-03-24,Điện tử,Hà Nội,Cửa hàng,4,4,4157600.0,3151616.0
2025-03-24,Điện tử,Hà Nội,Online,5,5,12501900.0,9043390.0
2025-03-24,Điện tử,Hải Phòng,Cửa hàng,2,2,3286150.0,2493013.0
2025-03-24,Điện tử,TP HCM,Cửa hàng,3,3,3261800.0,2417258.0
2025-03-24,Điện tử,TP HCM,Online,2,2,1845250.0,1258363.0
2025-03-24,Điện tử,Đà Nẵng,Cửa hàng,3,3,5763800.0,4160328.0
2025-03-24,Điện tử,Đà Nẵng,Online,2,2,2410000.0,1703255.0
2025-03-25,Gia dụng,Cần Thơ,Cửa hàng,4,4,5661050.0,3917616.0
2025-03-25,Gia dụng,Cần Thơ,Online,3,3,3160150.0,2142862.0
2025-03-25,Gia dụng,Hà Nội,Cửa hàng,3,3,3717450.0,2500998.0
2025-03-25,Gia dụng,Hà Nội,Online,2,2,4124000.0,3074166.0
2025-03-25,Gia dụng,Hải Phòng,Cửa hàng,2,2,2472000.0,1744430.0
2025-03-25,Gia dụng,Hải Phòng,Online,2,2,3769600.0,2804104.0
2025-03-25,Gia dụng,TP HCM,Cửa hàng,5,5,7348000.0,4959523.0
2025-03-25,Gia dụng,TP HCM,Online,3,3,3515850.0,2258040.0
2025-03-25,Gia dụng,Đà Nẵng,Cửa hàng,1,1,2019600.0,1673487.0
2025-03-25,Gia dụng,Đà Nẵng,Online,3,3,5313500.0,3932375.0
2025-03-25,Mỹ phẩm,Cần Thơ,Cửa hàng,1,1,1587000.0,1065314.0
2025-03-25,Mỹ phẩm,Hà Nội,Cửa hàng,4,4,3682900.0,2726177.0
2025-03-25,Mỹ phẩm,Hà Nội,Online,4,4,4003000.0,2943631.0
2025-03-25,Mỹ phẩm,Hải Phòng,Online,2,2,3049450.0,2105013.0
2025-03-25,Mỹ phẩm,TP HCM,Cửa hàng,4,4,2370800.0,1606998.0
2025-03-25,Mỹ phẩm,TP HCM,Online,3,3,2843800.0,2060004.0
2025-03-25,Mỹ phẩm,Đà Nẵng,Cửa hàng,1,1,424000.0,333368.0
2025-03-25,Mỹ phẩm,Đà Nẵng,Online,1,1,410400.0,299715.0
2025-03-25,Sách,Cần Thơ,Cửa hàng,3,3,933300.0,623111.0
2025-03-25,Sách,Hà Nội,Cửa hàng,7,7,2344000.0,1688748.0
2025-03-25,Sách,Hà Nội,Online,5,5,1214550.0,888325.0
2025-03-25,Sách,Hải Phòng,Cửa hàng,1,1,166000.0,136592.0
2025-03-25,Sách,Hải Phòng,Online,1,1,693000.0,547300.0
2025-03-25,Sách,TP HCM,Cửa hàng,5,5,958750.0,657862.0
2025-03-25,Sách,TP HCM,Online,8,8,2267400.0,1563268.0
2025-03-25,Sách,Đà Nẵng,Cửa hàng,2,2,836600.0,598738.0
2025-03-25,Sách,Đà Nẵng,Online,4,4,1127000.0,769154.0
2025-03-25,Thời trang,Hà Nội,Cửa hàng,3,3,4579000.0,3184187.0
2025-03-25,Thời trang,Hà Nội,Online,5,5,6398400.0,4721399.0
2025-03-25,Thời trang,Hải Phòng,Cửa hàng,1,1,2292000.0,1397270.0
2025-03-25,Thời trang,TP HCM,Cửa hàng,3,3,3840900.0,2922187.0
2025-03-25,Thời trang,TP HCM,Online,4,4,10347000.0,6431269.0
2025-03-25,Thời trang,Đà Nẵng,Cửa hàng,3,3,5164000.0,3504216.0
2025-03-25,Thời trang,Đà Nẵng,Online,1,1,2848000.0,1873338.0
2025-03-25,Thực phẩm,Cần Thơ,Cửa hàng,3,3,990000.0,744851.0
2025-03-25,Thực phẩm,Cần Thơ,Online,4,4,1615950.0,1236368.0
2025-03-25,Thực phẩm,Hà Nội,Cửa hàng,10,10,2049650.0,1430821.0
2025-03-25,Thực phẩm,Hà Nội,Online,6,6,1862800.0,1436422.0
2025-03-25,Thực phẩm,Hải Phòng,Cửa hàng,4,4,1349100.0,1017724.0
2025-03-25,Thực phẩm,Hải Phòng,Online,3,3,664900.0,463223.0
2025-03-25,Thực phẩm,TP HCM,Cửa hàng,8,8,2688600.0,1948241.0
2025-03-25,Thực phẩm,TP HCM,Online,3,3,749200.0,550039.0
2025-03-25,Thực phẩm,Đà Nẵng,Cửa hàng,6,6,1396450.0,997482.0
2025-03-25,Thực phẩm,Đà Nẵng,Online,2,2,344000.0,233010.0
2025-03-25,Điện tử,Cần Thơ,Cửa hàng,2,2,3247000.0,2232920.0
2025-03-25,Điện tử,Cần Thơ,Online,3,3,4416000.0,3334986.0
2025-03-25,Điện tử,Hà Nội,Cửa hàng,1,1,1010000.0,623817.0
2025-03-25,Điện tử,Hà Nội,Online,3,3,4290000.0,2890240.0
2025-03-25,Điện tử,Hải Phòng,Cửa hàng,4,4,7831800.0,5269891.0
2025-03-25,Điện tử,Hải Phòng,Online,1,1,3201000.0,2365499.0
2025-03-25,Điện tử,TP HCM,Cửa hàng,5,5,10555700.0,7710058.0
2025-03-25,Điện tử,TP HCM,Online,6,6,8780350.0,6396457.0
2025-03-25,Điện tử,Đà Nẵng,Cửa hàng,2,2,4387900.0,2926597.0
2025-03-26,Gia dụng,Hà Nội,Cửa hàng,1,1,955000.0,679120.0
2025-03-26,Gia dụng,Hà Nội,Online,3,3,3331550.0,2290449.0
2025-03-26,Gia dụng,Hải Phòng,Cửa hàng,3,3,4776650.0,3232243.0
2025-03-26,Gia dụng,Hải Phòng,Online,1,1,2361300.0,1910668.0
2025-03-26,Gia dụng,TP HCM,Cửa hàng,11,11,34203176.0,23437126.0
2025-03-26,Gia dụng,TP HCM,Online,4,4,6802750.0,5086187.0
2025-03-26,Gia dụng,Đà Nẵng,Cửa hàng,5,5,5119200.0,3840869.0
2025-03-26,Gia dụng,Đà Nẵng,Online,1,1,863100.0,552342.0
2025-03-26,Mỹ phẩm,Cần Thơ,Cửa hàng,1,1,411350.0,277008.0
2025-03-26,Mỹ phẩm,Hà Nội,Cửa hàng,1,1,908000.0,593806.0
2025-03-26,Mỹ phẩm,Hà Nội,Online,3,3,2522950.0,1693607.0
2025-03-26,Mỹ phẩm,Hải Phòng,Cửa hàng,1,1,426000.0,256619.0
2025-03-26,Mỹ phẩm,Hải Phòng,Online,2,2,1432000.0,1187358.0
2025-03-26,Mỹ phẩm,TP HCM,Cửa hàng,4,4,7926272.0,5603777.0
2025-03-26,Mỹ phẩm,TP HCM,Online,1,1,501000.0,346602.0
2025-03-26,Mỹ phẩm,Đà Nẵng,Cửa hàng,1,1,1014600.0,831389.0
2025-03-26,Mỹ phẩm,Đà Nẵng,Online,1,1,406600.0,297316.0
2025-03-26,Sách,Cần Thơ,Cửa hàng,1,1,302000.0,187695.0
2025-03-26,Sách,Hà Nội,Cửa hàng,2,2,544800.0,344270.0
2025-03-26,Sách,Hà Nội,Online,2,2,258700.0,199277.0
2025-03-26,Sách,Hải Phòng,Cửa hàng,1,1,124450.0,77916.0
2025-03-26,Sách,Hải Phòng,Online,2,2,566000.0,463239.0
2025-03-26,Sách,TP HCM,Cửa hàng,3,3,522350.0,392636.0
2025-03-26,Sách,TP HCM,Online,6,6,1167550.0,772532.0
2025-03-26,Sách,Đà Nẵng,Cửa hàng,1,1,399000.0,325893.0
2025-03-26,Thời trang,Cần Thơ,Cửa hàng,1,1,1528000.0,923890.0
2025-03-26,Thời trang,Cần Thơ,Online,2,2,1502600.0,1021583.0
2025-03-26,Thời trang,Hà Nội,Cửa hàng,4,4,7001500.0,5023276.0
2025-03-26,Thời trang,Hà Nội,Online,2,2,4652000.0,3573578.0
2025-03-26,Thời trang,Hải Phòng,Cửa hàng,5,5,9443200.0,7106331.0
2025-03-26,Thời trang,TP HCM,Cửa hàng,3,3,2389000.0,1589508.0
2025-03-26,Thời trang,TP HCM,Online,8,8,14684900.0,10176216.0
2025-03-26,Thời trang,Đà Nẵng,Cửa hàng,1,1,851000.0,560789.0
2025-03-26,Thời trang,Đà Nẵng,Online,1,1,791000.0,556908.0
2025-03-26,Thực phẩm,Cần Thơ,Cửa hàng,10,10,3347000.0,2570628.0
2025-03-26,Thực phẩm,Cần Thơ,Online,4,4,1230600.0,937390.0
2025-03-26,Thực phẩm,Hà Nội,Cửa hàng,11,11,3511500.0,2529186.0
2025-03-26,Thực phẩm,Hà Nội,Online,9,8,3159800.0,2221494.0
2025-03-26,Thực phẩm,Hải Phòng,Cửa hàng,1,1,171000.0,104601.0
2025-03-26,Thực phẩm,Hải Phòng,Online,3,3,1892000.0,1394747.0
2025-03-26,Thực phẩm,TP HCM,Cửa hàng,9,9,3455700.0,2572129.0
2025-03-26,Thực phẩm,TP HCM,Online,7,7,4645363.0,3367313.0
2025-03-26,Thực phẩm,Đà Nẵng,Cửa hàng,4,4,1056000.0,800271.0
2025-03-26,Thực phẩm,Đà Nẵng,Online,2,2,765250.0,615135.0
2025-03-26,Điện tử,Cần Thơ,Cửa hàng,1,1,4432000.0,3718017.0
2025-03-26,Điện tử,Cần Thơ,Online,1,1,1157000.0,729456.0
2025-03-26,Điện tử,Hà Nội,Cửa hàng,2,2,3233150.0,2228409.0
2025-03-26,Điện tử,Hà Nội,Online,3,3,4065400.0,3003930.0
2025-03-26,Điện tử,Hải Phòng,Cửa hàng,2,2,10795000.0,8318424.0
2025-03-26,Điện tử,Hải Phòng,Online,1,1,2791800.0,1900249.0
2025-03-26,Điện tử,TP HCM,Cửa hàng,6,6,9953000.0,6925104.0
2025-03-26,Điện tử,TP HCM,Online,7,7,23340067.0,17134188.0
2025-03-26,Điện tử,Đà Nẵng,Cửa hàng,2,2,1940100.0,1278421.0
2025-03-26,Điện tử,Đà Nẵng,Online,1,1,1231000.0,992909.0
2025-03-27,Gia dụng,Cần Thơ,Cửa hàng,2,2,3437300.0,2599770.0
2025-03-27,Gia dụng,Hà Nội,Cửa hàng,4,4,6109500.0,4312320.0
2025-03-27,Gia dụng,Hà Nội,Online,8,8,10002400.0,7172767.0
2025-03-27,Gia dụng,Hải Phòng,Cửa hàng,4,4,15940966.0,11279178.0
2025-03-27,Gia dụng,Hải Phòng,Online,3,3,3790300.0,2836069.0
2025-03-27,Gia dụng,TP HCM,Cửa hàng,7,7,8039450.0,6065577.0
2025-03-27,Gia dụng,TP HCM,Online,6,6,8633600.0,6481158.0
2025-03-27,Gia dụng,Đà Nẵng,Cửa hàng,2,2,5509000.0,4495571.0
2025-03-27,Gia dụng,Đà Nẵng,Online,4,4,3357400.0,2487319.0
2025-03-27,Mỹ phẩm,Hà Nội,Cửa hàng,1,1,1016000.0,687568.0
2025-03-27,Mỹ phẩm,Hà Nội,Online,1,1,466650.0,298848.0
2025-03-27,Mỹ phẩm,Hải Phòng,Cửa hàng,1,1,471200.0,283820.0
2025-03-27,Mỹ phẩm,Hải Phòng,Online,1,1,515000.0,359142.0
2025-03-27,Mỹ phẩm,TP HCM,Cửa hàng,4,4,3946200.0,2899854.0
2025-03-27,Mỹ phẩm,TP HCM,Online,4,4,3945500.0,2968225.0
2025-03-27,Mỹ phẩm,Đà Nẵng,Cửa hàng,1,1,1885500.0,1198382.0
2025-03-27,Sách,Cần Thơ,Cửa hàng,2,2,457500.0,312923.0
2025-03-27,Sách,Cần Thơ,Online,1,1,413250.0,251126.0
2025-03-27,Sách,Hà Nội,Cửa hàng,6,6,2449750.0,1951325.0
2025-03-27,Sách,Hà Nội,Online,1,1,236300.0,158181.0
2025-03-27,Sách,Hải Phòng,Cửa hàng,1,1,405000.0,293383.0
2025-03-27,Sách,Hải Phòng,Online,1,1,152950.0,114242.0
2025-03-27,Sách,TP HCM,Cửa hàng,3,3,700800.0,443210.0
2025-03-27,Sách,TP HCM,Online,2,2,686550.0,527898.0
2025-03-27,Sách,Đà Nẵng,Cửa hàng,3,3,448600.0,338270.0
2025-03-27,Sách,Đà Nẵng,Online,1,1,128250.0,78409.0
2025-03-27,Thời trang,Cần Thơ,Cửa hàng,2,2,4693250.0,3245322.0
2025-03-27,Thời trang,Cần Thơ,Online,1,1,666000.0,406901.0
2025-03-27,Thời trang,Hà Nội,Cửa hàng,3,3,2900350.0,1967240.0
2025-03-27,Thời trang,Hà Nội,Online,2,2,1615750.0,1051029.0
2025-03-27,Thời trang,Hải Phòng,Cửa hàng,3,3,2672000.0,1977272.0
2025-03-27,Thời trang,TP HCM,Cửa hàng,2,2,1597000.0,1261228.0
2025-03-27,Thời trang,TP HCM,Online,3,3,2893400.0,2024176.0
2025-03-27,Thời trang,Đà Nẵng,Cửa hàng,2,2,2144000.0,1701782.0
2025-03-27,Thực phẩm,Cần Thơ,Cửa hàng,2,2,559000.0,364744.0
2025-03-27,Thực phẩm,Cần Thơ,Online,6,6,1774800.0,1314101.0
2025-03-27,Thực phẩm,Hà Nội,Cửa hàng,9,9,2624850.0,1896772.0
2025-03-27,Thực phẩm,Hà Nội,Online,4,4,1019250.0,652311.0
2025-03-27,Thực phẩm,Hải Phòng,Cửa hàng,4,4,1280000.0,945707.0
2025-03-27,Thực phẩm,Hải Phòng,Online,4,4,1751800.0,1171025.0
2025-03-27,Thực phẩm,TP HCM,Cửa hàng,8,8,2140500.0,1526200.0
2025-03-27,Thực phẩm,TP HCM,Online,10,10,3053700.0,2328579.0
2025-03-27,Thực phẩm,Đà Nẵng,Cửa hàng,8,8,2466700.0,1723485.0
2025-03-27,Thực phẩm,Đà Nẵng,Online,3,3,1330000.0,891669.0
2025-03-27,Điện tử,Cần Thơ,Cửa hàng,2,2,2429000.0,1732050.0
2025-03-27,Điện tử,Cần Thơ,Online,1,1,1086000.0,865687.0
2025-03-27,Điện tử,Hà Nội,Cửa hàng,4,4,9152700.0,6519556.0
2025-03-27,Điện tử,Hà Nội,Online,5,5,9725400.0,7255103.0
2025-03-27,Điện tử,Hải Phòng,Cửa hàng,2,2,5996000.0,4422339.0
2025-03-27,Điện tử,Hải Phòng,Online,1,1,4520000.0,3271484.0
2025-03-27,Điện tử,TP HCM,Cửa hàng,7,7,15449550.0,10818563.0
2025-03-27,Điện tử,TP HCM,Online,3,3,6452850.0,4766705.0
2025-03-27,Điện tử,Đà Nẵng,Cửa hàng,2,2,2076000.0,1453179.0
2025-03-27,Điện tử,Đà Nẵng,Online,1,1,4141200.0,2997316.0
2025-03-28,Gia dụng,Cần Thơ,Online,2,2,1804450.0,1301344.0
2025-03-28,Gia dụng,Hà Nội,Cửa hàng,2,2,5760800.0,3832690.0
2025-03-28,Gia dụng,Hà Nội,Online,5,5,6643900.0,4769828.0
2025-03-28,Gia dụng,Hải Phòng,Cửa hàng,2,2,2198000.0,1499867.0
2025-03-28,Gia dụng,Hải Phòng,Online,2,2,1553400.0,1168736.0
2025-03-28,Gia dụng,TP HCM,Cửa hàng,3,3,16853329.0,11933527.0
2025-03-28,Gia dụng,TP HCM,Online,7,7,9018850.0,5930755.0
2025-03-28,Gia dụng,Đà Nẵng,Cửa hàng,1,1,928000.0,700161.0
2025-03-28,Gia dụng,Đà Nẵng,Online,1,1,730800.0,617948.0
2025-03-28,Mỹ phẩm,Cần Thơ,Cửa hàng,2,2,2984000.0,2071981.0
2025-03-28,Mỹ phẩm,Cần Thơ,Online,5,5,3966850.0,2875978.0
2025-03-28,Mỹ phẩm,Hà Nội,Online,3,3,1729000.0,1355192.0
2025-03-28,Mỹ phẩm,Hải Phòng,Online,1,1,523000.0,380090.0
2025-03-28,Mỹ phẩm,TP HCM,Cửa hàng,2,2,1217900.0,1002803.0
2025-03-28,Mỹ phẩm,Đà Nẵng,Cửa hàng,1,1,914000.0,610631.0
2025-03-28,Mỹ phẩm,Đà Nẵng,Online,2,2,1708000.0,1411273.0
2025-03-28,Sách,Cần Thơ,Cửa hàng,1,1,241200.0,187112.0
2025-03-28,Sách,Cần Thơ,Online,3,3,1105000.0,811278.0
2025-03-28,Sách,Hà Nội,Cửa hàng,9,9,2182900.0,1578772.0
2025-03-28,Sách,Hà Nội,Online,1,1,137000.0,89036.0
2025-03-28,Sách,Hải Phòng,Cửa hàng,1,1,253800.0,192154.0
2025-03-28,Sách,Hải Phòng,Online,2,2,752000.0,538386.0
2025-03-28,Sách,TP HCM,Cửa hàng,2,2,300950.0,205144.0
2025-03-28,Sách,TP HCM,Online,4,4,884000.0,671573.0
2025-03-28,Sách,Đà Nẵng,Cửa hàng,2,2,415900.0,312955.0
2025-03-28,Thời trang,Cần Thơ,Cửa hàng,2,2,2954000.0,2443377.0
2025-03-28,Thời trang,Cần Thơ,Online,3,3,3817300.0,2458726.0
2025-03-28,Thời trang,Hà Nội,Cửa hàng,4,4,7960700.0,5087501.0
2025-03-28,Thời trang,Hà Nội,Online,8,8,7674250.0,5696712.0
2025-03-28,Thời trang,Hải Phòng,Cửa hàng,3,3,3809000.0,2722591.0
2025-03-28,Thời trang,Hải Phòng,Online,1,1,686700.0,528467.0
2025-03-28,Thời trang,TP HCM,Cửa hàng,1,1,721650.0,532839.0
2025-03-28,Thời trang,TP HCM,Online,6,6,8360350.0,6124083.0
2025-03-28,Thời trang,Đà Nẵng,Cửa hàng,1,1,841000.0,566462.0
2025-03-28,Thời trang,Đà Nẵng,Online,4,4,6328600.0,4498676.0
2025-03-28,Thực phẩm,Cần Thơ,Cửa hàng,3,3,640700.0,445374.0
2025-03-28,Thực phẩm,Hà Nội,Cửa hàng,13,13,5627750.0,3918064.0
2025-03-28,Thực phẩm,Hà Nội,Online,3,3,708000.0,515679.0
2025-03-28,Thực phẩm,Hải Phòng,Cửa hàng,2,2,505750.0,338509.0
2025-03-28,Thực phẩm,Hải Phòng,Online,1,1,173000.0,114644.0
2025-03-28,Thực phẩm,TP HCM,Cửa hàng,10,10,4139400.0,2826739.0
2025-03-28,Thực phẩm,TP HCM,Online,12,12,2852700.0,2098746.0
2025-03-28,Thực phẩm,Đà Nẵng,Cửa hàng,3,3,918550.0,705783.0
2025-03-28,Thực phẩm,Đà Nẵng,Online,3,3,828050.0,585042.0
2025-03-28,Điện tử,Cần Thơ,Cửa hàng,1,1,3090000.0,2465308.0
2025-03-28,Điện tử,Cần Thơ,Online,2,2,2141750.0,1609765.0
2025-03-28,Điện tử,Hà Nội,Cửa hàng,5,5,23980773.0,17617221.0
2025-03-28,Điện tử,Hà Nội,Online,4,4,10312000.0,7062343.0
2025-03-28,Điện tử,Hải Phòng,Cửa hàng,1,1,1087000.0,698209.0
2025-03-28,Điện tử,Hải Phòng,Online,3,3,7703150.0,5930171.0
2025-03-28,Điện tử,TP HCM,Cửa hàng,7,7,13942950.0,10220764.0
2025-03-28,Điện tử,TP HCM,Online,4,4,5699000.0,4168053.0
2025-03-28,Điện tử,Đà Nẵng,Cửa hàng,3,3,4226150.0,3239323.0
2025-03-28,Điện tử,Đà Nẵng,Online,5,5,6992250.0,5375046.0
2025-03-29,Gia dụng,Cần Thơ,Cửa hàng,3,3,2271100.0,1607425.0
2025-03-29,Gia dụng,Cần Thơ,Online,1,1,930000.0,640225.0
2025-03-29,Gia dụng,Hà Nội,Cửa hàng,3,3,6070800.0,4608347.0
2025-03-29,Gia dụng,Hà Nội,Online,6,6,7586700.0,5899473.0
2025-03-29,Gia dụng,Hải Phòng,Cửa hàng,4,4,6339800.0,4046726.0
2025-03-29,Gia dụng,Hải Phòng,Online,2,2,4199200.0,3225232.0
2025-03-29,Gia dụng,TP HCM,Cửa hàng,3,3,2568000.0,1883271.0
2025-03-29,Gia dụng,TP HCM,Online,3,3,4482500.0,3291882.0
2025-03-29,Gia dụng,Đà Nẵng,Cửa hàng,2,2,2492400.0,1697603.0
2025-03-29,Gia dụng,Đà Nẵng,Online,3,3,3762350.0,2773021.0
2025-03-29,Mỹ phẩm,Cần Thơ,Cửa hàng,3,3,3659000.0,2577524.0
2025-03-29,Mỹ phẩm,Cần Thơ,Online,2,2,1464600.0,1086028.0
2025-03-29,Mỹ phẩm,Hà Nội,Cửa hàng,5,5,4635150.0,3398105.0
2025-03-29,Mỹ phẩm,Hà Nội,Online,2,2,858800.0,651067.0
2025-03-29,Mỹ phẩm,Hải Phòng,Cửa hàng,1,1,872000.0,726532.0
2025-03-29,Mỹ phẩm,TP HCM,Cửa hàng,3,3,2429900.0,1720798.0
2025-03-29,Mỹ phẩm,TP HCM,Online,4,4,3368900.0,2280200.0
2025-03-29,Mỹ phẩm,Đà Nẵng,Cửa hàng,1,1,454100.0,340297.0
2025-03-29,Mỹ phẩm,Đà Nẵng,Online,2,2,1592700.0,1011733.0
2025-03-29,Sách,Cần Thơ,Online,2,2,315000.0,246308.0
2025-03-29,Sách,Hà Nội,Cửa hàng,3,3,591000.0,374802.0
2025-03-29,Sách,Hà Nội,Online,1,1,320000.0,244207.0
2025-03-29,Sách,TP HCM,Cửa hàng,7,7,1756250.0,1378206.0
2025-03-29,Sách,TP HCM,Online,4,4,1569600.0,1170423.0
2025-03-29,Sách,Đà Nẵng,Cửa hàng,2,2,461650.0,361784.0
2025-03-29,Sách,Đà Nẵng,Online,2,2,304900.0,232912.0
2025-03-29,Thời trang,Cần Thơ,Cửa hàng,3,3,2585200.0,1771484.0
2025-03-29,Thời trang,Cần Thơ,Online,3,3,3632800.0,2677688.0
2025-03-29,Thời trang,Hà Nội,Cửa hàng,4,4,7173000.0,5314609.0
2025-03-29,Thời trang,Hà Nội,Online,4,4,3526500.0,2663653.0
2025-03-29,Thời trang,Hải Phòng,Cửa hàng,5,5,6577000.0,4858138.0
2025-03-29,Thời trang,TP HCM,Cửa hàng,5,5,5626850.0,3981956.0
2025-03-29,Thời trang,TP HCM,Online,3,3,3095600.0,2167394.0
2025-03-29,Thời trang,Đà Nẵng,Cửa hàng,1,1,679250.0,511482.0
2025-03-29,Thời trang,Đà Nẵng,Online,2,2,1545550.0,1140412.0
2025-03-29,Thực phẩm,Cần Thơ,Cửa hàng,2,2,591000.0,452236.0
2025-03-29,Thực phẩm,Cần Thơ,Online,1,1,187150.0,154514.0
2025-03-29,Thực phẩm,Hà Nội,Cửa hàng,8,8,2754300.0,1998464.0
2025-03-29,Thực phẩm,Hà Nội,Online,4,4,844700.0,583229.0
2025-03-29,Thực phẩm,Hải Phòng,Cửa hàng,4,4,896850.0,645443.0
2025-03-29,Thực phẩm,Hải Phòng,Online,3,3,841300.0,628504.0
2025-03-29,Thực phẩm,TP HCM,Cửa hàng,8,8,1922100.0,1422173.0
2025-03-29,Thực phẩm,TP HCM,Online,7,7,1580700.0,1102221.0
2025-03-29,Thực phẩm,Đà Nẵng,Cửa hàng,9,9,3275700.0,2377826.0
2025-03-29,Thực phẩm,Đà Nẵng,Online,5,5,1227000.0,948426.0
2025-03-29,Điện tử,Cần Thơ,Cửa hàng,4,4,8015400.0,5783099.0
2025-03-29,Điện tử,Cần Thơ,Online,2,2,3170700.0,2249778.0
2025-03-29,Điện tử,Hà Nội,Cửa hàng,4,4,5400700.0,4119856.0
2025-03-29,Điện tử,Hà Nội,Online,4,4,7798500.0,5784137.0
2025-03-29,Điện tử,Hải Phòng,Cửa hàng,2,2,2175100.0,1531309.0
2025-03-29,Điện tử,Hải Phòng,Online,1,1,900000.0,759238.0
2025-03-29,Điện tử,TP HCM,Cửa hàng,5,5,8326700.0,6228585.0
2025-03-29,Điện tử,TP HCM,Online,3,3,7702000.0,6222424.0
2025-03-29,Điện tử,Đà Nẵng,Cửa hàng,1,1,906300.0,711244.0
2025-03-29,Điện tử,Đà Nẵng,Online,2,2,2958800.0,2238709.0
2025-03-30,Gia dụng,Cần Thơ,Cửa hàng,1,1,691900.0,475264.0
2025-03-30,Gia dụng,Cần Thơ,Online,2,2,3686000.0,2884383.0
2025-03-30,Gia dụng,Hà Nội,Cửa hàng,3,3,4436300.0,2990865.0
2025-03-30,Gia dụng,Hà Nội,Online,5,5,23258876.0,16513923.0
2025-03-30,Gia dụng,Hải Phòng,Cửa hàng,1,1,860400.0,687762.0
2025-03-30,Gia dụng,Hải Phòng,Online,1,1,658800.0,501081.0
2025-03-30,Gia dụng,TP HCM,Cửa hàng,8,8,11123300.0,8361266.0
2025-03-30,Gia dụng,TP HCM,Online,7,7,9570250.0,7184414.0
2025-03-30,Gia dụng,Đà Nẵng,Cửa hàng,1,1,1411700.0,1082573.0
2025-03-30,Gia dụng,Đà Nẵng,Online,2,2,2251850.0,1566886.0
2025-03-30,Mỹ phẩm,Cần Thơ,Cửa hàng,1,1,541000.0,383664.0
2025-03-30,Mỹ phẩm,Cần Thơ,Online,1,1,1992000.0,1438714.0
2025-03-30,Mỹ phẩm,Hà Nội,Cửa hàng,4,4,2138800.0,1534157.0
2025-03-30,Mỹ phẩm,Hà Nội,Online,1,1,405650.0,332140.0
2025-03-30,Mỹ phẩm,Hải Phòng,Cửa hàng,1,1,1070000.0,908826.0
2025-03-30,Mỹ phẩm,Hải Phòng,Online,1,1,1605000.0,1099655.0
2025-03-30,Mỹ phẩm,TP HCM,Cửa hàng,2,2,1410500.0,1094175.0
2025-03-30,Mỹ phẩm,TP HCM,Online,3,3,1982200.0,1477783.0
2025-03-30,Mỹ phẩm,Đà Nẵng,Cửa hàng,3,3,2304400.0,1832341.0
2025-03-30,Sách,Cần Thơ,Cửa hàng,2,2,455000.0,339183.0
2025-03-30,Sách,Hà Nội,Cửa hàng,4,4,1277500.0,877158.0
2025-03-30,Sách,Hà Nội,Online,4,4,612250.0,457474.0
2025-03-30,Sách,Hải Phòng,Online,1,1,125100.0,90623.0
2025-03-30,Sách,TP HCM,Cửa hàng,2,2,600000.0,495330.0
2025-03-30,Sách,TP HCM,Online,4,4,901200.0,645933.0
2025-03-30,Sách,Đà Nẵng,Cửa hàng,1,1,138000.0,99968.0
2025-03-30,Sách,Đà Nẵng,Online,1,1,230400.0,166902.0
2025-03-30,Thời trang,Cần Thơ,Cửa hàng,3,3,4227550.0,3347974.0
2025-03-30,Thời trang,Cần Thơ,Online,2,2,1462300.0,1056107.0
2025-03-30,Thời trang,Hà Nội,Cửa hàng,3,3,3763800.0,2510149.0
2025-03-30,Thời trang,Hà Nội,Online,2,2,2475050.0,1843009.0
2025-03-30,Thời trang,Hải Phòng,Cửa hàng,2,2,2895000.0,1963393.0
2025-03-30,Thời trang,Hải Phòng,Online,4,4,3591400.0,2775540.0
2025-03-30,Thời trang,TP HCM,Cửa hàng,5,5,4687950.0,3252634.0
2025-03-30,Thời trang,TP HCM,Online,2,2,2117000.0,1422452.0
2025-03-30,Thời trang,Đà Nẵng,Cửa hàng,4,4,5672550.0,3814496.0
2025-03-30,Thời trang,Đà Nẵng,Online,2,2,2860500.0,2072171.0
2025-03-30,Thực phẩm,Cần Thơ,Cửa hàng,1,1,314500.0,223125.0
2025-03-30,Thực phẩm,Cần Thơ,Online,3,3,1043700.0,712543.0
2025-03-30,Thực phẩm,Hà Nội,Cửa hàng,8,8,1975200.0,1441188.0
2025-03-30,Thực phẩm,Hà Nội,Online,3,3,495400.0,354664.0
2025-03-30,Thực phẩm,Hải Phòng,Cửa hàng,4,4,970250.0,718481.0
2025-03-30,Thực phẩm,Hải Phòng,Online,2,2,637000.0,475366.0
2025-03-30,Thực phẩm,TP HCM,Cửa hàng,13,13,3867200.0,2830000.0
2025-03-30,Thực phẩm,TP HCM,Online,10,10,2907900.0,2183866.0
2025-03-30,Thực phẩm,Đà Nẵng,Cửa hàng,3,3,901000.0,665582.0
2025-03-30,Thực phẩm,Đà Nẵng,Online,5,5,1577550.0,1194120.0
2025-03-30,Điện tử,Cần Thơ,Cửa hàng,4,4,26231405.0,18485486.0
2025-03-30,Điện tử,Cần Thơ,Online,3,3,6810700.0,4781332.0
2025-03-30,Điện tử,Hà Nội,Cửa hàng,5,5,11170500.0,8308988.0
2025-03-30,Điện tử,Hà Nội,Online,7,7,15560300.0,11122497.0
2025-03-30,Điện tử,Hải Phòng,Online,1,1,2210000.0,1642826.0
2025-03-30,Điện tử,TP HCM,Cửa hàng,8,8,16798450.0,12596231.0
2025-03-30,Điện tử,TP HCM,Online,7,7,16901900.0,12328378.0
2025-03-30,Điện tử,Đà Nẵng,Cửa hàng,3,3,7502200.0,4804343.0
2025-03-30,Điện tử,Đà Nẵng,Online,1,1,1199000.0,943838.0
2025-03-31,Gia dụng,Cần Thơ,Cửa hàng,2,2,5121000.0,3186517.0
2025-03-31,Gia dụng,Cần Thơ,Online,1,1,779000.0,622627.0
2025-03-31,Gia dụng,Hà Nội,Cửa hàng,4,4,3941200.0,3176791.0
2025-03-31,Gia dụng,Hà Nội,Online,4,4,5329600.0,3813153.0
2025-03-31,Gia dụng,Hải Phòng,Cửa hàng,2,2,1725200.0,1226166.0
2025-03-31,Gia dụng,Hải Phòng,Online,2,2,2620800.0,2047284.0
2025-03-31,Gia dụng,TP HCM,Cửa hàng,4,4,6010700.0,4454018.0
2025-03-31,Gia dụng,TP HCM,Online,7,7,10231400.0,7617172.0
2025-03-31,Gia dụng,Đà Nẵng,Cửa hàng,1,1,1942000.0,1188019.0
2025-03-31,Gia dụng,Đà Nẵng,Online,4,4,5920000.0,4291452.0
2025-03-31,Mỹ phẩm,Cần Thơ,Cửa hàng,2,2,1976950.0,1516273.0
2025-03-31,Mỹ phẩm,Cần Thơ,Online,2,2,896000.0,614598.0
2025-03-31,Mỹ phẩm,Hà Nội,Cửa hàng,3,3,3639000.0,2767839.0
2025-03-31,Mỹ phẩm,Hà Nội,Online,1,1,543000.0,392179.0
2025-03-31,Mỹ phẩm,Hải Phòng,Cửa hàng,2,2,1652200.0,1318125.0
2025-03-31,Mỹ phẩm,Hải Phòng,Online,4,4,1899000.0,1294044.0
2025-03-31,Mỹ phẩm,TP HCM,Cửa hàng,3,3,2566150.0,1634057.0
2025-03-31,Mỹ phẩm,TP HCM,Online,4,4,2951650.0,2048868.0
2025-03-31,Mỹ phẩm,Đà Nẵng,Cửa hàng,1,1,2415000.0,1566408.0
2025-03-31,Mỹ phẩm,Đà Nẵng,Online,1,1,527000.0,412700.0
2025-03-31,Sách,Cần Thơ,Cửa hàng,1,1,260000.0,220320.0
2025-03-31,Sách,Cần Thơ,Online,1,1,158000.0,117689.0
2025-03-31,Sách,Hà Nội,Cửa hàng,2,2,978000.0,744705.0
2025-03-31,Sách,Hà Nội,Online,4,4,1023700.0,754849.0
2025-03-31,Sách,Hải Phòng,Cửa hàng,1,1,131000.0,97303.0
2025-03-31,Sách,TP HCM,Cửa hàng,4,4,1036500.0,686294.0
2025-03-31,Sách,TP HCM,Online,2,2,739300.0,546893.0
2025-03-31,Sách,Đà Nẵng,Cửa hàng,1,1,286000.0,194887.0
2025-03-31,Thời trang,Cần Thơ,Cửa hàng,2,2,2317050.0,1477372.0
2025-03-31,Thời trang,Hà Nội,Cửa hàng,4,4,4824000.0,3635295.0
2025-03-31,Thời trang,Hà Nội,Online,3,3,3987000.0,3000630.0
2025-03-31,Thời trang,Hải Phòng,Cửa hàng,3,3,5560000.0,4349885.0
2025-03-31,Thời trang,Hải Phòng,Online,2,2,2304000.0,1810099.0
2025-03-31,Thời trang,TP HCM,Cửa hàng,5,5,5500600.0,3879532.0
2025-03-31,Thời trang,TP HCM,Online,4,4,5578500.0,3875141.0
2025-03-31,Thời trang,Đà Nẵng,Cửa hàng,4,4,7066050.0,5466065.0
2025-03-31,Thời trang,Đà Nẵng,Online,3,3,1987850.0,1411094.0
2025-03-31,Thực phẩm,Cần Thơ,Cửa hàng,2,2,2329055.0,1618824.0
2025-03-31,Thực phẩm,Cần Thơ,Online,6,6,1341200.0,928299.0
2025-03-31,Thực phẩm,Hà Nội,Cửa hàng,6,6,1986550.0,1544561.0
2025-03-31,Thực phẩm,Hà Nội,Online,8,8,3065450.0,2221251.0
2025-03-31,Thực phẩm,Hải Phòng,Cửa hàng,6,6,2047700.0,1615797.0
2025-03-31,Thực phẩm,Hải Phòng,Online,2,2,571250.0,399449.0
2025-03-31,Thực phẩm,TP HCM,Cửa hàng,13,13,4899750.0,3413088.0
2025-03-31,Thực phẩm,TP HCM,Online,9,9,4971324.0,3537772.0
2025-03-31,Thực phẩm,Đà Nẵng,Online,7,7,1952900.0,1457038.0
2025-03-31,Điện tử,Cần Thơ,Cửa hàng,4,4,8540200.0,6119001.0
2025-03-31,Điện tử,Cần Thơ,Online,3,3,4176350.0,3092266.0
2025-03-31,Điện tử,Hà Nội,Cửa hàng,4,4,9966000.0,6594866.0
2025-03-31,Điện tử,Hà Nội,Online,2,2,2103000.0,1438082.0
2025-03-31,Điện tử,Hải Phòng,Cửa hàng,1,1,4769000.0,3028961.0
2025-03-31,Điện tử,Hải Phòng,Online,2,2,2104200.0,1643224.0
2025-03-31,Điện tử,TP HCM,Cửa hàng,5,5,31346075.0,21626463.0
2025-03-31,Điện tử,TP HCM,Online,7,7,12805850.0,9816447.0
2025-03-31,Điện tử,Đà Nẵng,Cửa hàng,2,2,1905200.0,1255408.0
2025-03-31,Điện tử,Đà Nẵng,Online,3,3,7849850.0,5614429.0
2025-04-01,Gia dụng,Cần Thơ,Online,2,2,1697000.0,1166527.0
2025-04-01,Gia dụng,Hà Nội,Cửa hàng,12,12,18806700.0,13944985.0
2025-04-01,Gia dụng,Hà Nội,Online,2,2,1744000.0,1147885.0
2025-04-01,Gia dụng,Hải Phòng,Cửa hàng,1,1,1589400.0,1054822.0
2025-04-01,Gia dụng,Hải Phòng,Online,3,3,3447900.0,2413710.0
2025-04-01,Gia dụng,TP HCM,Cửa hàng,5,5,6843900.0,4910236.0
2025-04-01,Gia dụng,TP HCM,Online,4,4,7502500.0,5553889.0
2025-04-01,Gia dụng,Đà Nẵng,Cửa hàng,1,1,879700.0,545289.0
2025-04-01,Gia dụng,Đà Nẵng,Online,6,6,7582350.0,5438327.0
2025-04-01,Mỹ phẩm,Cần Thơ,Cửa hàng,2,2,1243400.0,844675.0
2025-04-01,Mỹ phẩm,Hà Nội,Cửa hàng,3,3,2777850.0,2134591.0
2025-04-01,Mỹ phẩm,Hà Nội,Online,5,5,5908600.0,4432534.0
2025-04-01,Mỹ phẩm,Hải Phòng,Cửa hàng,1,1,459850.0,304452.0
2025-04-01,Mỹ phẩm,TP HCM,Cửa hàng,3,3,3734400.0,2463567.0
2025-04-01,Mỹ phẩm,TP HCM,Online,1,1,509000.0,367623.0
2025-04-01,Sách,Cần Thơ,Cửa hàng,2,2,282200.0,222357.0
2025-04-01,Sách,Cần Thơ,Online,2,2,444100.0,316594.0
2025-04-01,Sách,Hà Nội,Cửa hàng,1,1,307800.0,204817.0
2025-04-01,Sách,Hà Nội,Online,3,3,1072000.0,792561.0
2025-04-01,Sách,TP HCM,Cửa hàng,4,4,743850.0,562757.0
2025-04-01,Sách,TP HCM,Online,9,9,1982500.0,1396984.0
2025-04-01,Sách,Đà Nẵng,Cửa hàng,1,1,168000.0,115353.0
2025-04-01,Sách,Đà Nẵng,Online,4,4,1334600.0,982657.0
2025-04-01,Thời trang,Hà Nội,Cửa hàng,3,3,4133400.0,2775441.0
2025-04-01,Thời trang,Hà Nội,Online,4,4,6276000.0,4434484.0
2025-04-01,Thời trang,Hải Phòng,Online,1,1,1590000.0,1286788.0
2025-04-01,Thời trang,TP HCM,Cửa hàng,4,4,5196250.0,3724275.0
2025-04-01,Thời trang,TP HCM,Online,3,3,3393900.0,2498416.0
2025-04-01,Thời trang,Đà Nẵng,Cửa hàng,2,2,4997000.0,3246900.0
2025-04-01,Thời trang,Đà Nẵng,Online,3,3,3518000.0,2502862.0
2025-04-01,Thực phẩm,Cần Thơ,Cửa hàng,9,9,3338950.0,2348998.0
2025-04-01,Thực phẩm,Cần Thơ,Online,3,3,860500.0,632069.0
2025-04-01,Thực phẩm,Hà Nội,Cửa hàng,5,5,1332800.0,1040204.0
2025-04-01,Thực phẩm,Hà Nội,Online,11,11,3324250.0,2391521.0
2025-04-01,Thực phẩm,Hải Phòng,Cửa hàng,3,3,1473500.0,1010932.0
2025-04-01,Thực phẩm,Hải Phòng,Online,5,5,1236000.0,903775.0
2025-04-01,Thực phẩm,TP HCM,Cửa hàng,9,9,2963500.0,2213639.0
2025-04-01,Thực phẩm,TP HCM,Online,9,9,3012400.0,2197384.0
2025-04-01,Thực phẩm,Đà Nẵng,Cửa hàng,3,3,1236550.0,989284.0
2025-04-01,Thực phẩm,Đà Nẵng,Online,5,5,1743150.0,1227054.0
2025-04-01,Điện tử,Cần Thơ,Cửa hàng,1,1,964800.0,809977.0
2025-04-01,Điện tử,Cần Thơ,Online,2,2,4480200.0,3121008.0
2025-04-01,Điện tử,Hà Nội,Cửa hàng,3,3,3211750.0,2410752.0
2025-04-01,Điện tử,Hà Nội,Online,4,4,6071000.0,4429494.0
2025-04-01,Điện tử,Hải Phòng,Cửa hàng,3,3,6250200.0,4899997.0
2025-04-01,Điện tử,Hải Phòng,Online,4,4,8945950.0,6517127.0
2025-04-01,Điện tử,TP HCM,Cửa hàng,9,9,17440000.0,12170248.0
2025-04-01,Điện tử,TP HCM,Online,8,8,12851850.0,8926538.0
2025-04-01,Điện tử,Đà Nẵng,Cửa hàng,3,3,4257400.0,3141252.0
2025-04-01,Điện tử,Đà Nẵng,Online,4,4,8441900.0,6155633.0
2025-04-02,Gia dụng,Cần Thơ,Cửa hàng,3,3,2362000.0,1670798.0
2025-04-02,Gia dụng,Hà Nội,Cửa hàng,5,5,4259500.0,3079574.0
2025-04-02,Gia dụng,Hà Nội,Online,2,2,5334000.0,4254944.0
2025-04-02,Gia dụng,Hải Phòng,Cửa hàng,1,1,1404200.0,895038.0
2025-04-02,Gia dụng,TP HCM,Cửa hàng,4,4,9218250.0,6829872.0
2025-04-02,Gia dụng,TP HCM,Online,1,1,728000.0,525023.0
2025-04-02,Gia dụng,Đà Nẵng,Cửa hàng,3,3,4485550.0,3503656.0
2025-04-02,Gia dụng,Đà Nẵng,Online,2,2,3673000.0,2841332.0
2025-04-02,Mỹ phẩm,Cần Thơ,Cửa hàng,1,1,523000.0,346786.0
2025-04-02,Mỹ phẩm,Cần Thơ,Online,1,1,514000.0,430595.0
2025-04-02,Mỹ phẩm,Hà Nội,Cửa hàng,3,3,1827200.0,1344322.0
2025-04-02,Mỹ phẩm,Hà Nội,Online,4,4,3240600.0,2134959.0
2025-04-02,Mỹ phẩm,Hải Phòng,Cửa hàng,3,3,2142350.0,1446249.0
2025-04-02,Mỹ phẩm,Hải Phòng,Online,1,1,1502800.0,1085391.0
2025-04-02,Mỹ phẩm,TP HCM,Cửa hàng,4,4,2936950.0,2211981.0
2025-04-02,Mỹ phẩm,TP HCM,Online,3,3,2658100.0,1874237.0
2025-04-02,Mỹ phẩm,Đà Nẵng,Cửa hàng,3,3,2648600.0,1968599.0
2025-04-02,Mỹ phẩm,Đà Nẵng,Online,1,1,528000.0,443450.0
2025-04-02,Sách,Cần Thơ,Cửa hàng,3,3,406750.0,289300.0
2025-04-02,Sách,Hà Nội,Cửa hàng,2,2,429400.0,261812.0
2025-04-02,Sách,Hà Nội,Online,4,4,1656350.0,1163271.0
2025-04-02,Sách,Hải Phòng,Cửa hàng,1,1,247000.0,194852.0
2025-04-02,Sách,TP HCM,Cửa hàng,3,3,540550.0,355648.0
2025-04-02,Sách,TP HCM,Online,3,3,455000.0,337522.0
2025-04-02,Thời trang,Cần Thơ,Cửa hàng,2,2,1845350.0,1307911.0
2025-04-02,Thời trang,Cần Thơ,Online,1,1,1218900.0,756378.0
2025-04-02,Thời trang,Hà Nội,Cửa hàng,2,2,2227000.0,1633897.0
2025-04-02,Thời trang,Hà Nội,Online,4,4,4412000.0,3327574.0
2025-04-02,Thời trang,Hải Phòng,Cửa hàng,2,2,2887050.0,2089059.0
2025-04-02,Thời trang,Hải Phòng,Online,1,1,2034000.0,1470650.0
2025-04-02,Thời trang,TP HCM,Cửa hàng,7,7,12569450.0,10011180.0
2025-04-02,Thời trang,TP HCM,Online,3,3,3579300.0,2411098.0
2025-04-02,Thời trang,Đà Nẵng,Cửa hàng,3,3,4727100.0,3737563.0
2025-04-02,Thời trang,Đà Nẵng,Online,2,2,2488050.0,2087640.0
2025-04-02,Thực phẩm,Cần Thơ,Cửa hàng,5,5,1530900.0,1061717.0
2025-04-02,Thực phẩm,Cần Thơ,Online,3,3,677300.0,486954.0
2025-04-02,Thực phẩm,Hà Nội,Cửa hàng,10,10,2864150.0,2075643.0
2025-04-02,Thực phẩm,Hà Nội,Online,8,8,1366000.0,1073030.0
2025-04-02,Thực phẩm,Hải Phòng,Cửa hàng,2,2,370000.0,257893.0
2025-04-02,Thực phẩm,Hải Phòng,Online,4,4,1259000.0,882699.0
2025-04-02,Thực phẩm,TP HCM,Cửa hàng,7,7,1868500.0,1334751.0
2025-04-02,Thực phẩm,TP HCM,Online,16,15,5616100.0,4047392.0
2025-04-02,Thực phẩm,Đà Nẵng,Cửa hàng,3,3,480250.0,356462.0
2025-04-02,Thực phẩm,Đà Nẵng,Online,2,2,547750.0,395923.0
2025-04-02,Điện tử,Cần Thơ,Cửa hàng,2,2,5625000.0,4361811.0
2025-04-02,Điện tử,Cần Thơ,Online,4,4,6273900.0,4299795.0
2025-04-02,Điện tử,Hà Nội,Cửa hàng,5,5,8069500.0,5878257.0
2025-04-02,Điện tử,Hà Nội,Online,5,5,11005000.0,7416683.0
2025-04-02,Điện tử,Hải Phòng,Cửa hàng,1,1,2032000.0,1526733.0
2025-04-02,Điện tử,Hải Phòng,Online,3,3,5101900.0,3831271.0
2025-04-02,Điện tử,TP HCM,Cửa hàng,2,2,11318044.0,7838336.0
2025-04-02,Điện tử,TP HCM,Online,11,11,41503531.0,29274330.0
2025-04-02,Điện tử,Đà Nẵng,Cửa hàng,5,5,9023200.0,6005258.0
2025-04-02,Điện tử,Đà Nẵng,Online,2,2,4207000.0,3229300.0
2025-04-03,Gia dụng,Cần Thơ,Cửa hàng,2,2,1578000.0,1179725.0
2025-04-03,Gia dụng,Cần Thơ,Online,1,1,1292000.0,837904.0
2025-04-03,Gia dụng,Hà Nội,Cửa hàng,5,5,7634200.0,5545217.0
2025-04-03,Gia dụng,Hà Nội,Online,4,4,5068100.0,3691956.0
2025-04-03,Gia dụng,Hải Phòng,Online,2,2,1578700.0,1146780.0
2025-04-03,Gia dụng,TP HCM,Cửa hàng,4,4,5321300.0,3774242.0
2025-04-03,Gia dụng,TP HCM,Online,4,4,3232800.0,2476057.0
2025-04-03,Gia dụng,Đà Nẵng,Cửa hàng,1,1,883000.0,530607.0
2025-04-03,Gia dụng,Đà Nẵng,Online,5,5,6416750.0,4674291.0
2025-04-03,Mỹ phẩm,Cần Thơ,Cửa hàng,1,1,1836000.0,1326043.0
2025-04-03,Mỹ phẩm,Cần Thơ,Online,1,1,517750.0,371579.0
2025-04-03,Mỹ phẩm,Hà Nội,Cửa hàng,5,5,5388150.0,3945678.0
2025-04-03,Mỹ phẩm,Hà Nội,Online,3,3,1404500.0,987917.0
2025-04-03,Mỹ phẩm,Hải Phòng,Cửa hàng,2,2,973850.0,689236.0
2025-04-03,Mỹ phẩm,Hải Phòng,Online,1,1,414000.0,337373.0
2025-04-03,Mỹ phẩm,TP HCM,Cửa hàng,4,4,3096200.0,2226999.0
2025-04-03,Mỹ phẩm,TP HCM,Online,1,1,513000.0,370512.0
2025-04-03,Sách,Cần Thơ,Cửa hàng,1,1,286200.0,212983.0
2025-04-03,Sách,Hà Nội,Cửa hàng,3,3,531900.0,431858.0
2025-04-03,Sách,Hà Nội,Online,3,3,486000.0,348592.0
2025-04-03,Sách,Hải Phòng,Cửa hàng,1,1,134300.0,101675.0
2025-04-03,Sách,TP HCM,Cửa hàng,2,2,728950.0,493469.0
2025-04-03,Sách,TP HCM,Online,1,1,143100.0,86039.0
2025-04-03,Sách,Đà Nẵng,Cửa hàng,1,1,288800.0,204588.0
2025-04-03,Thời trang,Cần Thơ,Cửa hàng,2,2,2383000.0,1739886.0
2025-04-03,Thời trang,Hà Nội,Cửa hàng,6,6,8179150.0,6124420.0
2025-04-03,Thời trang,Hà Nội,Online,4,4,3931000.0,2932845.0
2025-04-03,Thời trang,Hải Phòng,Cửa hàng,1,1,3044000.0,1836407.0
2025-04-03,Thời trang,Hải Phòng,Online,1,1,827000.0,531489.0
2025-04-03,Thời trang,TP HCM,Cửa hàng,2,2,1526000.0,1042202.0
2025-04-03,Thời trang,TP HCM,Online,4,4,3867700.0,2769524.0
2025-04-03,Thời trang,Đà Nẵng,Cửa hàng,1,1,1382000.0,1124613.0
2025-04-03,Thời trang,Đà Nẵng,Online,2,2,2227000.0,1548237.0
2025-04-03,Thực phẩm,Cần Thơ,Cửa hàng,2,2,790200.0,567276.0
2025-04-03,Thực phẩm,Cần Thơ,Online,7,7,1929100.0,1435190.0
2025-04-03,Thực phẩm,Hà Nội,Cửa hàng,10,10,3479850.0,2531760.0
2025-04-03,Thực phẩm,Hà Nội,Online,5,5,1175100.0,866510.0
2025-04-03,Thực phẩm,Hải Phòng,Cửa hàng,5,5,1507900.0,1139331.0
2025-04-03,Thực phẩm,Hải Phòng,Online,4,4,1043850.0,740350.0
2025-04-03,Thực phẩm,TP HCM,Cửa hàng,8,8,3437100.0,2466058.0
2025-04-03,Thực phẩm,TP HCM,Online,11,11,5391924.0,3826327.0
2025-04-03,Thực phẩm,Đà Nẵng,Cửa hàng,7,7,1765500.0,1403155.0
2025-04-03,Thực phẩm,Đà Nẵng,Online,4,4,968750.0,740313.0
2025-04-03,Điện tử,Cần Thơ,Cửa hàng,4,4,8622700.0,6618807.0
2025-04-03,Điện tử,Cần Thơ,Online,3,3,3277000.0,2257519.0
2025-04-03,Điện tử,Hà Nội,Cửa hàng,6,6,10160000.0,6690751.0
2025-04-03,Điện tử,Hà Nội,Online,5,5,8276350.0,5360674.0
2025-04-03,Điện tử,Hải Phòng,Cửa hàng,2,2,7749450.0,5059633.0
2025-04-03,Điện tử,Hải Phòng,Online,2,2,4335100.0,3038875.0
2025-04-03,Điện tử,TP HCM,Cửa hàng,7,7,10738450.0,7828960.0
2025-04-03,Điện tử,TP HCM,Online,8,8,11754400.0,8443391.0
2025-04-03,Điện tử,Đà Nẵng,Cửa hàng,1,1,1167550.0,753258.0
2025-04-03,Điện tử,Đà Nẵng,Online,5,5,7511800.0,5239466.0
2025-04-04,Gia dụng,Cần Thơ,Cửa hàng,1,1,875000.0,548229.0
2025-04-04,Gia dụng,Cần Thơ,Online,4,4,3320850.0,2452966.0
2025-04-04,Gia dụng,Hà Nội,Cửa hàng,6,6,6574300.0,4950944.0
2025-04-04,Gia dụng,Hà Nội,Online,3,3,4281350.0,3173853.0
2025-04-04,Gia dụng,Hải Phòng,Cửa hàng,4,4,5863000.0,4433350.0
2025-04-04,Gia dụng,Hải Phòng,Online,1,1,815000.0,509288.0
2025-04-04,Gia dụng,TP HCM,Cửa hàng,6,6,5003300.0,3423547.0
2025-04-04,Gia dụng,TP HCM,Online,4,4,4362700.0,3143581.0
2025-04-04,Gia dụng,Đà Nẵng,Cửa hàng,4,4,4802900.0,3243155.0
2025-04-04,Gia dụng,Đà Nẵng,Online,4,4,7682500.0,5691705.0
2025-04-04,Mỹ phẩm,Cần Thơ,Online,1,1,457900.0,378331.0
2025-04-04,Mỹ phẩm,Hà Nội,Cửa hàng,2,2,880100.0,690068.0
2025-04-04,Mỹ phẩm,Hà Nội,Online,2,2,1567000.0,1130967.0
2025-04-04,Mỹ phẩm,Hải Phòng,Cửa hàng,1,1,443000.0,352882.0
2025-04-04,Mỹ phẩm,TP HCM,Cửa hàng,2,2,931600.0,641471.0
2025-04-04,Mỹ phẩm,TP HCM,Online,3,3,1989000.0,1462875.0
2025-04-04,Mỹ phẩm,Đà Nẵng,Cửa hàng,2,2,2325900.0,1649084.0
2025-04-04,Mỹ phẩm,Đà Nẵng,Online,1,1,484000.0,349567.0
2025-04-04,Sách,Cần Thơ,Cửa hàng,1,1,136800.0,91447.0
2025-04-04,Sách,Cần Thơ,Online,3,3,483650.0,349046.0
2025-04-04,Sách,Hà Nội,Cửa hàng,1,1,302000.0,234297.0
2025-04-04,Sách,Hà Nội,Online,2,2,309300.0,224205.0
2025-04-04,Sách,Hải Phòng,Cửa hàng,2,2,284000.0,209202.0
2025-04-04,Sách,Hải Phòng,Online,1,1,547200.0,396393.0
2025-04-04,Sách,TP HCM,Cửa hàng,5,5,1343000.0,1038786.0
2025-04-04,Sách,TP HCM,Online,5,5,1225200.0,856248.0
2025-04-04,Sách,Đà Nẵng,Cửa hàng,2,2,583000.0,389715.0
2025-04-04,Thời trang,Cần Thơ,Cửa hàng,1,1,713000.0,582442.0
2025-04-04,Thời trang,Cần Thơ,Online,4,4,5032000.0,3654372.0
2025-04-04,Thời trang,Hà Nội,Cửa hàng,2,2,1514950.0,1054665.0
2025-04-04,Thời trang,Hà Nội,Online,1,1,665000.0,480817.0
2025-04-04,Thời trang,Hải Phòng,Online,6,6,6807000.0,4950695.0
2025-04-04,Thời trang,TP HCM,Cửa hàng,3,3,2333900.0,1741888.0
2025-04-04,Thời trang,TP HCM,Online,4,4,7523000.0,4653200.0
2025-04-04,Thời trang,Đà Nẵng,Cửa hàng,2,2,2495000.0,1804875.0
2025-04-04,Thời trang,Đà Nẵng,Online,2,2,1409600.0,993088.0
2025-04-04,Thực phẩm,Cần Thơ,Cửa hàng,7,7,2213900.0,1561041.0
2025-04-04,Thực phẩm,Cần Thơ,Online,3,3,1159500.0,745148.0
2025-04-04,Thực phẩm,Hà Nội,Cửa hàng,19,18,6456137.0,4575661.0
2025-04-04,Thực phẩm,Hà Nội,Online,8,8,1938150.0,1334534.0
2025-04-04,Thực phẩm,Hải Phòng,Cửa hàng,2,2,370000.0,253463.0
2025-04-04,Thực phẩm,Hải Phòng,Online,5,5,1846650.0,1278983.0
2025-04-04,Thực phẩm,TP HCM,Cửa hàng,5,5,1249600.0,833993.0
2025-04-04,Thực phẩm,TP HCM,Online,11,11,4421150.0,3175587.0
2025-04-04,Thực phẩm,Đà Nẵng,Cửa hàng,7,7,1182050.0,861545.0
2025-04-04,Thực phẩm,Đà Nẵng,Online,1,1,594000.0,474859.0
2025-04-04,Điện tử,Cần Thơ,Online,2,2,3195800.0,2208058.0
2025-04-04,Điện tử,Hà Nội,Cửa hàng,6,6,15792750.0,11313679.0
2025-04-04,Điện tử,Hà Nội,Online,3,3,5097000.0,3732662.0
2025-04-04,Điện tử,Hải Phòng,Cửa hàng,2,2,5071300.0,3692469.0
2025-04-04,Điện tử,TP HCM,Cửa hàng,7,7,13525250.0,9959390.0
2025-04-04,Điện tử,TP HCM,Online,3,3,3196900.0,2117100.0
2025-04-05,Gia dụng,Cần Thơ,Cửa hàng,1,1,3436000.0,2380772.0
2025-04-05,Gia dụng,Cần Thơ,Online,3,3,4526400.0,3424112.0
2025-04-05,Gia dụng,Hà Nội,Cửa hàng,5,5,4626900.0,3253810.0
2025-04-05,Gia dụng,Hà Nội,Online,1,1,3120000.0,1889161.0
2025-04-05,Gia dụng,Hải Phòng,Cửa hàng,4,4,6532750.0,4586919.0
2025-04-05,Gia dụng,Hải Phòng,Online,2,2,2340000.0,1539443.0
2025-04-05,Gia dụng,TP HCM,Cửa hàng,7,7,8937200.0,5969762.0
2025-04-05,Gia dụng,TP HCM,Online,12,12,20617400.0,14150313.0
2025-04-05,Gia dụng,Đà Nẵng,Cửa hàng,2,2,3531150.0,2431292.0
2025-04-05,Gia dụng,Đà Nẵng,Online,1,1,623050.0,427891.0
2025-04-05,Mỹ phẩm,Cần Thơ,Cửa hàng,4,4,3126000.0,2236153.0
2025-04-05,Mỹ phẩm,Cần Thơ,Online,1,1,936000.0,676022.0
2025-04-05,Mỹ phẩm,Hà Nội,Cửa hàng,1,1,880000.0,617882.0
2025-04-05,Mỹ phẩm,Hà Nội,Online,2,2,2230800.0,1584125.0
2025-04-05,Mỹ phẩm,Hải Phòng,Cửa hàng,1,1,419900.0,268019.0
2025-04-05,Mỹ phẩm,Hải Phòng,Online,1,1,452700.0,371450.0
2025-04-05,Mỹ phẩm,TP HCM,Online,3,3,4082000.0,2960298.0
2025-04-05,Mỹ phẩm,Đà Nẵng,Cửa hàng,3,3,2652000.0,1765327.0
2025-04-05,Mỹ phẩm,Đà Nẵng,Online,1,1,410000.0,280354.0
2025-04-05,Sách,Cần Thơ,Cửa hàng,1,1,133950.0,97292.0
2025-04-05,Sách,Cần Thơ,Online,1,1,156000.0,113007.0
2025-04-05,Sách,Hà Nội,Cửa hàng,2,2,922000.0,708837.0
2025-04-05,Sách,Hải Phòng,Online,2,2,548000.0,415297.0
2025-04-05,Sách,TP HCM,Cửa hàng,4,4,1533050.0,1109517.0
2025-04-05,Sách,TP HCM,Online,1,1,140000.0,110997.0
2025-04-05,Sách,Đà Nẵng,Cửa hàng,2,2,283500.0,223232.0
2025-04-05,Sách,Đà Nẵng,Online,2,2,437000.0,334404.0
2025-04-05,Thời trang,Cần Thơ,Cửa hàng,1,1,1390600.0,1089931.0
2025-04-05,Thời trang,Cần Thơ,Online,1,1,623200.0,497580.0
2025-04-05,Thời trang,Hà Nội,Cửa hàng,5,5,5210150.0,3637098.0
2025-04-05,Thời trang,Hà Nội,Online,6,6,7574200.0,5319639.0
2025-04-05,Thời trang,Hải Phòng,Cửa hàng,1,1,3448000.0,2859559.0
2025-04-05,Thời trang,Hải Phòng,Online,2,2,2030000.0,1564807.0
2025-04-05,Thời trang,TP HCM,Cửa hàng,4,4,3700100.0,2711631.0
2025-04-05,Thời trang,TP HCM,Online,6,6,10245600.0,7241799.0
2025-04-05,Thời trang,Đà Nẵng,Cửa hàng,1,1,1161100.0,889568.0
2025-04-05,Thời trang,Đà Nẵng,Online,4,4,7063200.0,5218672.0
2025-04-05,Thực phẩm,Cần Thơ,Cửa hàng,8,8,2485850.0,1766448.0
2025-04-05,Thực phẩm,Cần Thơ,Online,5,5,2173950.0,1454183.0
2025-04-05,Thực phẩm,Hà Nội,Cửa hàng,5,5,2191200.0,1560479.0
2025-04-05,Thực phẩm,Hà Nội,Online,8,8,2422050.0,1641437.0
2025-04-05,Thực phẩm,Hải Phòng,Cửa hàng,3,3,727500.0,537854.0
2025-04-05,Thực phẩm,Hải Phòng,Online,3,3,811600.0,583401.0
2025-04-05,Thực phẩm,TP HCM,Cửa hàng,10,10,4326983.0,3146038.0
2025-04-05,Thực phẩm,TP HCM,Online,9,9,2165150.0,1585337.0
2025-04-05,Thực phẩm,Đà Nẵng,Cửa hàng,5,5,1030950.0,721565.0
2025-04-05,Thực phẩm,Đà Nẵng,Online,6,6,1394850.0,1073561.0
2025-04-05,Điện tử,Cần Thơ,Cửa hàng,2,2,2068300.0,1734281.0
2025-04-05,Điện tử,Hà Nội,Cửa hàng,6,6,11365900.0,8780257.0
2025-04-05,Điện tử,Hà Nội,Online,4,4,22863878.0,16352190.0
2025-04-05,Điện tử,Hải Phòng,Cửa hàng,3,3,4155900.0,3105185.0
2025-04-05,Điện tử,TP HCM,Cửa hàng,4,4,6359650.0,4347395.0
2025-04-05,Điện tử,TP HCM,Online,5,5,9114650.0,6990074.0
2025-04-05,Điện tử,Đà Nẵng,Cửa hàng,1,1,1158050.0,926676.0
2025-04-05,Điện tử,Đà Nẵng,Online,1,1,2635200.0,1855756.0
2025-04-06,Gia dụng,Cần Thơ,Cửa hàng,2,2,3142200.0,2083196.0
2025-04-06,Gia dụng,Cần Thơ,Online,2,2,2465000.0,1706270.0
2025-04-06,Gia dụng,Hà Nội,Cửa hàng,6,6,8503700.0,6413578.0
2025-04-06,Gia dụng,Hà Nội,Online,3,3,4176650.0,3154483.0
2025-04-06,Gia dụng,Hải Phòng,Cửa hàng,1,1,1422900.0,1083358.0
2025-04-06,Gia dụng,Hải Phòng,Online,1,1,2769000.0,1996964.0
2025-04-06,Gia dụng,TP HCM,Cửa hàng,4,4,5040800.0,3567406.0
2025-04-06,Gia dụng,TP HCM,Online,5,5,9159450.0,7065093.0
2025-04-06,Gia dụng,Đà Nẵng,Cửa hàng,2,2,4146000.0,3018684.0
2025-04-06,Mỹ phẩm,Cần Thơ,Online,1,1,861900.0,564798.0
2025-04-06,Mỹ phẩm,Hà Nội,Cửa hàng,3,3,1333800.0,888844.0
2025-04-06,Mỹ phẩm,Hà Nội,Online,3,3,2703500.0,1939410.0
2025-04-06,Mỹ phẩm,Hải Phòng,Cửa hàng,3,3,3391600.0,2349117.0
2025-04-06,Mỹ phẩm,Hải Phòng,Online,1,1,1371000.0,1105473.0
2025-04-06,Mỹ phẩm,TP HCM,Cửa hàng,5,5,2781000.0,1909315.0
2025-04-06,Mỹ phẩm,TP HCM,Online,3,3,2599200.0,1972772.0
2025-04-06,Mỹ phẩm,Đà Nẵng,Cửa hàng,8,7,7453600.0,5422701.0
2025-04-06,Mỹ phẩm,Đà Nẵng,Online,2,2,951700.0,705970.0
2025-04-06,Sách,Cần Thơ,Cửa hàng,2,2,636000.0,396852.0
2025-04-06,Sách,Hà Nội,Cửa hàng,3,3,1016300.0,776639.0
2025-04-06,Sách,Hà Nội,Online,2,2,407850.0,292913.0
2025-04-06,Sách,Hải Phòng,Online,1,1,151050.0,96171.0
2025-04-06,Sách,TP HCM,Cửa hàng,4,4,1686100.0,1259214.0
2025-04-06,Sách,TP HCM,Online,5,5,1252200.0,832576.0
2025-04-06,Sách,Đà Nẵng,Cửa hàng,2,2,274000.0,204360.0
2025-04-06,Sách,Đà Nẵng,Online,4,4,1007500.0,781416.0
2025-04-06,Thời trang,Cần Thơ,Online,1,1,653600.0,451033.0
2025-04-06,Thời trang,Hà Nội,Cửa hàng,4,4,7911650.0,5668828.0
2025-04-06,Thời trang,Hà Nội,Online,4,4,8170800.0,5848720.0
2025-04-06,Thời trang,Hải Phòng,Cửa hàng,2,2,1354100.0,1008804.0
2025-04-06,Thời trang,Hải Phòng,Online,1,1,672350.0,518876.0
2025-04-06,Thời trang,TP HCM,Cửa hàng,6,6,8651000.0,6188342.0
2025-04-06,Thời trang,TP HCM,Online,3,3,2217350.0,1682467.0
2025-04-06,Thời trang,Đà Nẵng,Cửa hàng,1,1,1536000.0,992231.0
2025-04-06,Thời trang,Đà Nẵng,Online,2,2,2180500.0,1541130.0
2025-04-06,Thực phẩm,Cần Thơ,Cửa hàng,5,5,1140400.0,831756.0
2025-04-06,Thực phẩm,Cần Thơ,Online,3,3,823950.0,614103.0
2025-04-06,Thực phẩm,Hà Nội,Cửa hàng,10,10,3272200.0,2419142.0
2025-04-06,Thực phẩm,Hà Nội,Online,7,7,3097600.0,2169873.0
2025-04-06,Thực phẩm,Hải Phòng,Cửa hàng,5,5,1593300.0,1115319.0
2025-04-06,Thực phẩm,Hải Phòng,Online,2,2,332000.0,261756.0
2025-04-06,Thực phẩm,TP HCM,Cửa hàng,9,9,2522750.0,1982400.0
2025-04-06,Thực phẩm,TP HCM,Online,10,10,3158500.0,2260616.0
2025-04-06,Thực phẩm,Đà Nẵng,Cửa hàng,5,5,1165500.0,846733.0
2025-04-06,Thực phẩm,Đà Nẵng,Online,3,3,1067700.0,804799.0
2025-04-06,Điện tử,Cần Thơ,Cửa hàng,2,2,1925500.0,1332308.0
2025-04-06,Điện tử,Cần Thơ,Online,2,2,2108450.0,1529485.0
2025-04-06,Điện tử,Hà Nội,Cửa hàng,4,4,8979900.0,6807996.0
2025-04-06,Điện tử,Hà Nội,Online,3,3,8149700.0,6124886.0
2025-04-06,Điện tử,Hải Phòng,Online,2,2,5916850.0,4071672.0
2025-04-06,Điện tử,TP HCM,Cửa hàng,4,4,4477500.0,3296116.0
2025-04-06,Điện tử,TP HCM,Online,7,6,17249000.0,13136107.0
2025-04-06,Điện tử,Đà Nẵng,Cửa hàng,2,2,6352350.0,3976577.0
2025-04-06,Điện tử,Đà Nẵng,Online,2,2,3273000.0,2634527.0
2025-04-07,Gia dụng,Cần Thơ,Online,1,1,2898000.0,1876982.0
2025-04-07,Gia dụng,Hà Nội,Cửa hàng,5,5,10948100.0,8613812.0
2025-04-07,Gia dụng,Hà Nội,Online,3,3,5572100.0,3454525.0
2025-04-07,Gia dụng,Hải Phòng,Online,2,2,1547600.0,1270285.0
2025-04-07,Gia dụng,TP HCM,Cửa hàng,4,4,8522400.0,5824277.0
2025-04-07,Gia dụng,TP HCM,Online,5,5,6576200.0,4803124.0
2025-04-07,Gia dụng,Đà Nẵng,Cửa hàng,2,2,4575000.0,3204966.0
2025-04-07,Gia dụng,Đà Nẵng,Online,1,1,1846000.0,1440467.0
2025-04-07,Mỹ phẩm,Cần Thơ,Cửa hàng,1,1,460000.0,342637.0
2025-04-07,Mỹ phẩm,Cần Thơ,Online,1,1,467000.0,380823.0
2025-04-07,Mỹ phẩm,Hà Nội,Cửa hàng,1,1,466000.0,281732.0
2025-04-07,Mỹ phẩm,Hà Nội,Online,3,3,2775900.0,2176814.0
2025-04-07,Mỹ phẩm,Hải Phòng,Cửa hàng,3,3,1687200.0,1219515.0
2025-04-07,Mỹ phẩm,TP HCM,Cửa hàng,2,2,4082089.0,2836464.0
2025-04-07,Mỹ phẩm,TP HCM,Online,2,2,2379800.0,1674176.0
2025-04-07,Mỹ phẩm,Đà Nẵng,Cửa hàng,1,1,450000.0,323320.0
2025-04-07,Mỹ phẩm,Đà Nẵng,Online,1,1,406800.0,333024.0
2025-04-07,Sách,Cần Thơ,Cửa hàng,3,3,585900.0,432224.0
2025-04-07,Sách,Cần Thơ,Online,4,4,1151200.0,856602.0
2025-04-07,Sách,Hà Nội,Cửa hàng,7,7,2112000.0,1498633.0
2025-04-07,Sách,Hà Nội,Online,6,6,1138200.0,873069.0
2025-04-07,Sách,Hải Phòng,Online,1,1,393000.0,284690.0
2025-04-07,Sách,TP HCM,Cửa hàng,5,5,1657150.0,1197613.0
2025-04-07,Sách,TP HCM,Online,2,2,290750.0,221502.0
2025-04-07,Sách,Đà Nẵng,Cửa hàng,3,3,850500.0,696916.0
2025-04-07,Sách,Đà Nẵng,Online,2,2,996000.0,728005.0
2025-04-07,Thời trang,Cần Thơ,Cửa hàng,2,2,1387000.0,1139092.0
2025-04-07,Thời trang,Cần Thơ,Online,5,5,4129600.0,2969875.0
2025-04-07,Thời trang,Hà Nội,Cửa hàng,3,3,6748000.0,4908949.0
2025-04-07,Thời trang,Hà Nội,Online,1,1,1670000.0,1135477.0
2025-04-07,Thời trang,Hải Phòng,Cửa hàng,2,2,2226300.0,1617232.0
2025-04-07,Thời trang,Hải Phòng,Online,2,2,1321400.0,974208.0
2025-04-07,Thời trang,TP HCM,Cửa hàng,6,6,10687000.0,8012873.0
2025-04-07,Thời trang,TP HCM,Online,4,4,2841750.0,2045044.0
2025-04-07,Thời trang,Đà Nẵng,Cửa hàng,1,1,804000.0,549302.0
2025-04-07,Thời trang,Đà Nẵng,Online,2,2,3121500.0,2198460.0
2025-04-07,Thực phẩm,Cần Thơ,Cửa hàng,5,5,1841800.0,1253073.0
2025-04-07,Thực phẩm,Cần Thơ,Online,4,4,1897400.0,1405342.0
2025-04-07,Thực phẩm,Hà Nội,Cửa hàng,12,12,4436298.0,3194427.0
2025-04-07,Thực phẩm,Hà Nội,Online,11,11,3600664.0,2640297.0
2025-04-07,Thực phẩm,Hải Phòng,Cửa hàng,3,3,658900.0,480785.0
2025-04-07,Thực phẩm,Hải Phòng,Online,1,1,332000.0,247675.0
2025-04-07,Thực phẩm,TP HCM,Cửa hàng,13,13,4039050.0,2817184.0
2025-04-07,Thực phẩm,TP HCM,Online,6,6,1907650.0,1347146.0
2025-04-07,Thực phẩm,Đà Nẵng,Cửa hàng,3,3,472100.0,348562.0
2025-04-07,Thực phẩm,Đà Nẵng,Online,5,5,1161300.0,870502.0
2025-04-07,Điện tử,Cần Thơ,Cửa hàng,4,4,7211100.0,5633206.0
2025-04-07,Điện tử,Cần Thơ,Online,1,1,995000.0,640558.0
2025-04-07,Điện tử,Hà Nội,Cửa hàng,2,2,2173200.0,1494214.0
2025-04-07,Điện tử,Hà Nội,Online,3,3,3173800.0,2316994.0
2025-04-07,Điện tử,Hải Phòng,Cửa hàng,5,5,7279350.0,5151519.0
2025-04-07,Điện tử,Hải Phòng,Online,1,1,2002000.0,1438648.0
2025-04-07,Điện tử,TP HCM,Cửa hàng,4,4,7937250.0,5345981.0
2025-04-07,Điện tử,TP HCM,Online,9,9,17497400.0,11982853.0
2025-04-07,Điện tử,Đà Nẵng,Cửa hàng,1,1,3088800.0,2119091.0
2025-04-08,Gia dụng,Cần Thơ,Cửa hàng,1,1,765700.0,640831.0
2025-04-08,Gia dụng,Cần Thơ,Online,4,4,4914500.0,3830139.0
2025-04-08,Gia dụng,Hà Nội,Cửa hàng,6,6,10279900.0,7341413.0
2025-04-08,Gia dụng,Hà Nội,Online,4,4,4484900.0,3349689.0
2025-04-08,Gia dụng,Hải Phòng,Cửa hàng,2,2,4251600.0,2841990.0
2025-04-08,Gia dụng,Hải Phòng,Online,1,1,17620414.0,12707596.0
2025-04-08,Gia dụng,TP HCM,Cửa hàng,5,5,5778800.0,4372978.0
2025-04-08,Gia dụng,TP HCM,Online,6,6,8706150.0,6673945.0
2025-04-08,Gia dụng,Đà Nẵng,Cửa hàng,2,2,2433200.0,1605000.0
2025-04-08,Gia dụng,Đà Nẵng,Online,3,3,2611500.0,1810799.0
2025-04-08,Mỹ phẩm,Cần Thơ,Cửa hàng,1,1,1026000.0,642718.0
2025-04-08,Mỹ phẩm,Cần Thơ,Online,1,1,462600.0,334111.0
2025-04-08,Mỹ phẩm,Hà Nội,Cửa hàng,4,4,3904350.0,2811208.0
2025-04-08,Mỹ phẩm,Hà Nội,Online,2,2,1406000.0,1110776.0
2025-04-08,Mỹ phẩm,Hải Phòng,Online,3,3,2443750.0,1905249.0
2025-04-08,Mỹ phẩm,TP HCM,Cửa hàng,4,4,3646900.0,2434503.0
2025-04-08,Mỹ phẩm,TP HCM,Online,4,4,2878050.0,2025175.0
2025-04-08,Mỹ phẩm,Đà Nẵng,Cửa hàng,3,3,3661000.0,2680317.0
2025-04-08,Sách,Cần Thơ,Cửa hàng,1,1,124450.0,78627.0
2025-04-08,Sách,Cần Thơ,Online,2,2,381600.0,248418.0
2025-04-08,Sách,Hà Nội,Cửa hàng,5,5,1170450.0,874017.0
2025-04-08,Sách,Hà Nội,Online,1,1,282000.0,189642.0
2025-04-08,Sách,TP HCM,Cửa hàng,5,5,1110050.0,861258.0
2025-04-08,Sách,TP HCM,Online,4,4,1244000.0,861583.0
2025-04-08,Sách,Đà Nẵng,Cửa hàng,2,2,275550.0,201794.0
2025-04-08,Sách,Đà Nẵng,Online,1,1,163000.0,118078.0
2025-04-08,Thời trang,Cần Thơ,Cửa hàng,1,1,1474400.0,1178551.0
2025-04-08,Thời trang,Cần Thơ,Online,2,2,1456000.0,1056974.0
2025-04-08,Thời trang,Hà Nội,Cửa hàng,2,2,2769000.0,1779437.0
2025-04-08,Thời trang,Hà Nội,Online,5,5,4579600.0,3201568.0
2025-04-08,Thời trang,Hải Phòng,Cửa hàng,1,1,1402200.0,1090963.0
2025-04-08,Thời trang,TP HCM,Cửa hàng,6,6,8231500.0,6017962.0
2025-04-08,Thời trang,TP HCM,Online,8,8,7533000.0,5211339.0
2025-04-08,Thời trang,Đà Nẵng,Online,1,1,775000.0,486280.0
2025-04-08,Thực phẩm,Cần Thơ,Cửa hàng,3,3,1381750.0,1000703.0
2025-04-08,Thực phẩm,Cần Thơ,Online,3,3,1417350.0,1013026.0
2025-04-08,Thực phẩm,Hà Nội,Cửa hàng,10,10,5463463.0,3883454.0
2025-04-08,Thực phẩm,Hà Nội,Online,7,7,2501150.0,1836055.0
2025-04-08,Thực phẩm,Hải Phòng,Cửa hàng,3,3,738750.0,574246.0
2025-04-08,Thực phẩm,Hải Phòng,Online,3,3,1345500.0,1064752.0
2025-04-08,Thực phẩm,TP HCM,Cửa hàng,4,4,1024400.0,819846.0
2025-04-08,Thực phẩm,TP HCM,Online,10,10,2809650.0,2026662.0
2025-04-08,Thực phẩm,Đà Nẵng,Cửa hàng,3,3,735400.0,551971.0
2025-04-08,Thực phẩm,Đà Nẵng,Online,3,3,2017850.0,1465554.0
2025-04-08,Điện tử,Cần Thơ,Cửa hàng,1,1,1594600.0,1310035.0
2025-04-08,Điện tử,Hà Nội,Cửa hàng,4,4,6726950.0,4965864.0
2025-04-08,Điện tử,Hà Nội,Online,5,5,6904750.0,4866299.0
2025-04-08,Điện tử,Hải Phòng,Cửa hàng,1,1,2224000.0,1576127.0
2025-04-08,Điện tử,TP HCM,Cửa hàng,9,9,22526950.0,15793706.0
2025-04-08,Điện tử,TP HCM,Online,8,7,13124400.0,9240711.0
2025-04-08,Điện tử,Đà Nẵng,Cửa hàng,1,1,2416000.0,1767518.0
2025-04-08,Điện tử,Đà Nẵng,Online,3,3,5830100.0,4837836.0
2025-04-09,Gia dụng,Cần Thơ,Online,1,1,4305000.0,2666442.0
2025-04-09,Gia dụng,Hà Nội,Cửa hàng,3,3,15342320.0,10778426.0
2025-04-09,Gia dụng,Hà Nội,Online,4,4,6916900.0,4903413.0
2025-04-09,Gia dụng,Hải Phòng,Cửa hàng,3,3,3988900.0,2617528.0
2025-04-09,Gia dụng,Hải Phòng,Online,2,2,2065850.0,1562162.0
2025-04-09,Gia dụng,TP HCM,Cửa hàng,6,6,7685350.0,5664454.0
2025-04-09,Gia dụng,TP HCM,Online,1,1,897000.0,644328.0
2025-04-09,Gia dụng,Đà Nẵng,Online,3,3,6068000.0,4511514.0
2025-04-09,Mỹ phẩm,Cần Thơ,Online,1,1,522000.0,431207.0
2025-04-09,Mỹ phẩm,Hà Nội,Cửa hàng,1,1,883800.0,748158.0
2025-04-09,Mỹ phẩm,Hà Nội,Online,2,2,947000.0,665912.0
2025-04-09,Mỹ phẩm,Hải Phòng,Cửa hàng,1,1,1215000.0,769967.0
2025-04-09,Mỹ phẩm,Hải Phòng,Online,4,4,3400400.0,2471674.0
2025-04-09,Mỹ phẩm,TP HCM,Cửa hàng,1,1,9066092.0,6346264.0
2025-04-09,Mỹ phẩm,TP HCM,Online,2,2,1460200.0,987559.0
2025-04-09,Mỹ phẩm,Đà Nẵng,Cửa hàng,1,1,914400.0,637962.0
2025-04-09,Mỹ phẩm,Đà Nẵng,Online,2,2,2354000.0,1684115.0
2025-04-09,Sách,Cần Thơ,Cửa hàng,2,2,583000.0,416454.0
2025-04-09,Sách,Cần Thơ,Online,4,4,714000.0,511460.0
2025-04-09,Sách,Hà Nội,Cửa hàng,2,2,280200.0,205389.0
2025-04-09,Sách,Hải Phòng,Cửa hàng,3,3,856000.0,679493.0
2025-04-09,Sách,Hải Phòng,Online,2,2,832000.0,560751.0
2025-04-09,Sách,TP HCM,Cửa hàng,5,5,1115100.0,824168.0
2025-04-09,Sách,TP HCM,Online,4,4,760100.0,558239.0
2025-04-09,Sách,Đà Nẵng,Cửa hàng,4,4,564900.0,404315.0
2025-04-09,Thời trang,Cần Thơ,Cửa hàng,1,1,605200.0,385354.0
2025-04-09,Thời trang,Hà Nội,Cửa hàng,2,2,3928000.0,2604530.0
2025-04-09,Thời trang,Hà Nội,Online,4,4,8706200.0,6471406.0
2025-04-09,Thời trang,Hải Phòng,Cửa hàng,3,3,3650050.0,2635266.0
2025-04-09,Thời trang,TP HCM,Cửa hàng,7,7,11456150.0,8152969.0
2025-04-09,Thời trang,TP HCM,Online,3,3,2992000.0,2200269.0
2025-04-09,Thời trang,Đà Nẵng,Cửa hàng,1,1,1470000.0,1215641.0
2025-04-09,Thời trang,Đà Nẵng,Online,2,2,3088750.0,2462346.0
2025-04-09,Thực phẩm,Cần Thơ,Cửa hàng,2,2,599900.0,474279.0
2025-04-09,Thực phẩm,Cần Thơ,Online,1,1,206000.0,128703.0
2025-04-09,Thực phẩm,Hà Nội,Cửa hàng,9,9,5865598.0,4317831.0
2025-04-09,Thực phẩm,Hà Nội,Online,7,7,2734900.0,1900275.0
2025-04-09,Thực phẩm,Hải Phòng,Cửa hàng,5,5,1137400.0,817694.0
2025-04-09,Thực phẩm,Hải Phòng,Online,3,3,861900.0,607569.0
2025-04-09,Thực phẩm,TP HCM,Cửa hàng,13,13,5961057.0,4227139.0
2025-04-09,Thực phẩm,TP HCM,Online,7,7,2888600.0,1973734.0
2025-04-09,Thực phẩm,Đà Nẵng,Cửa hàng,9,9,2733400.0,1904033.0
2025-04-09,Thực phẩm,Đà Nẵng,Online,5,5,921950.0,651956.0
2025-04-09,Điện tử,Cần Thơ,Cửa hàng,3,3,7095200.0,4767304.0
2025-04-09,Điện tử,Cần Thơ,Online,3,3,4854650.0,3159186.0
2025-04-09,Điện tử,Hà Nội,Cửa hàng,5,5,11149200.0,7769209.0
2025-04-09,Điện tử,Hà Nội,Online,4,4,8229750.0,5907189.0
2025-04-09,Điện tử,Hải Phòng,Cửa hàng,2,2,1901900.0,1198617.0
2025-04-09,Điện tử,Hải Phòng,Online,3,3,3898100.0,2874068.0
2025-04-09,Điện tử,TP HCM,Cửa hàng,7,7,13967500.0,10257193.0
2025-04-09,Điện tử,TP HCM,Online,3,3,3381050.0,2618604.0
2025-04-09,Điện tử,Đà Nẵng,Cửa hàng,7,7,12229450.0,9073019.0
2025-04-09,Điện tử,Đà Nẵng,Online,3,3,7524900.0,5669944.0
2025-04-10,Gia dụng,Cần Thơ,Cửa hàng,2,2,1674000.0,1264990.0
2025-04-10,Gia dụng,Cần Thơ,Online,1,1,789000.0,656689.0
2025-04-10,Gia dụng,Hà Nội,Cửa hàng,5,5,7612150.0,6152514.0
2025-04-10,Gia dụng,Hà Nội,Online,3,3,3294650.0,2419643.0
2025-04-10,Gia dụng,Hải Phòng,Cửa hàng,3,3,4764050.0,3669956.0
2025-04-10,Gia dụng,TP HCM,Cửa hàng,8,8,20904378.0,14935051.0
2025-04-10,Gia dụng,TP HCM,Online,6,6,7680300.0,5439918.0
2025-04-10,Gia dụng,Đà Nẵng,Cửa hàng,1,1,740050.0,565621.0
2025-04-10,Gia dụng,Đà Nẵng,Online,2,2,1784850.0,1171976.0
2025-04-10,Mỹ phẩm,Cần Thơ,Cửa hàng,3,3,2919150.0,2187921.0
2025-04-10,Mỹ phẩm,Cần Thơ,Online,1,1,1422000.0,1027034.0
2025-04-10,Mỹ phẩm,Hà Nội,Cửa hàng,6,6,2849600.0,2097873.0
2025-04-10,Mỹ phẩm,Hải Phòng,Cửa hàng,2,2,1211550.0,872804.0
2025-04-10,Mỹ phẩm,Hải Phòng,Online,1,1,1578000.0,1245547.0
2025-04-10,Mỹ phẩm,TP HCM,Cửa hàng,3,3,1851000.0,1383045.0
2025-04-10,Mỹ phẩm,TP HCM,Online,3,3,3400750.0,2764505.0
2025-04-10,Mỹ phẩm,Đà Nẵng,Online,1,1,491000.0,354623.0
2025-04-10,Sách,Cần Thơ,Cửa hàng,2,2,489250.0,375007.0
2025-04-10,Sách,Hà Nội,Cửa hàng,6,6,1018750.0,758054.0
2025-04-10,Sách,Hà Nội,Online,4,4,680200.0,502171.0
2025-04-10,Sách,Hải Phòng,Cửa hàng,1,1,137700.0,92735.0
2025-04-10,Sách,Hải Phòng,Online,3,3,1535000.0,1040425.0
2025-04-10,Sách,TP HCM,Cửa hàng,1,1,294000.0,196833.0
2025-04-10,Sách,TP HCM,Online,2,2,762000.0,551297.0
2025-04-10,Thời trang,Hà Nội,Cửa hàng,5,5,5273000.0,4056396.0
2025-04-10,Thời trang,Hà Nội,Online,5,5,6976200.0,5510796.0
2025-04-10,Thời trang,Hải Phòng,Online,4,4,3352450.0,2349193.0
2025-04-10,Thời trang,TP HCM,Cửa hàng,4,4,3674950.0,2503676.0
2025-04-10,Thời trang,TP HCM,Online,11,11,12181400.0,9096303.0
2025-04-10,Thời trang,Đà Nẵng,Cửa hàng,3,3,5115400.0,3560892.0
2025-04-10,Thời trang,Đà Nẵng,Online,1,1,682000.0,521227.0
2025-04-10,Thực phẩm,Cần Thơ,Cửa hàng,3,3,1103750.0,800595.0
2025-04-10,Thực phẩm,Cần Thơ,Online,3,3,1442200.0,1140611.0
2025-04-10,Thực phẩm,Hà Nội,Cửa hàng,8,8,3702600.0,2754736.0
2025-04-10,Thực phẩm,Hà Nội,Online,3,3,919800.0,675145.0
2025-04-10,Thực phẩm,Hải Phòng,Cửa hàng,7,7,2354450.0,1651117.0
2025-04-10,Thực phẩm,Hải Phòng,Online,3,3,703550.0,504946.0
2025-04-10,Thực phẩm,TP HCM,Cửa hàng,11,11,4202650.0,2925240.0
2025-04-10,Thực phẩm,TP HCM,Online,7,7,2040850.0,1412095.0
2025-04-10,Thực phẩm,Đà Nẵng,Cửa hàng,4,4,1035000.0,759563.0
2025-04-10,Thực phẩm,Đà Nẵng,Online,1,1,370500.0,245529.0
2025-04-10,Điện tử,Cần Thơ,Cửa hàng,4,4,5430950.0,4188033.0
2025-04-10,Điện tử,Cần Thơ,Online,2,2,3364000.0,2243072.0
2025-04-10,Điện tử,Hà Nội,Cửa hàng,3,3,7892000.0,5478275.0
2025-04-10,Điện tử,Hà Nội,Online,7,7,11032750.0,8049338.0
2025-04-10,Điện tử,Hải Phòng,Cửa hàng,2,2,5274000.0,4041601.0
2025-04-10,Điện tử,Hải Phòng,Online,3,3,12744777.0,8742321.0
2025-04-10,Điện tử,TP HCM,Cửa hàng,8,8,15411950.0,11211053.0
2025-04-10,Điện tử,TP HCM,Online,4,4,7436350.0,5698908.0
2025-04-10,Điện tử,Đà Nẵng,Cửa hàng,4,4,8457000.0,6499229.0
2025-04-10,Điện tử,Đà Nẵng,Online,3,3,5941550.0,3740371.0
2025-04-11,Gia dụng,Cần Thơ,Cửa hàng,4,4,6725300.0,5071259.0
2025-04-11,Gia dụng,Cần Thơ,Online,1,1,1720800.0,1241017.0
2025-04-11,Gia dụng,Hà Nội,Cửa hàng,6,6,6648750.0,4889255.0
2025-04-11,Gia dụng,Hà Nội,Online,3,3,5173300.0,3993790.0
2025-04-11,Gia dụng,Hải Phòng,Cửa hàng,3,3,3557600.0,2695532.0
2025-04-11,Gia dụng,Hải Phòng,Online,1,1,1904000.0,1362346.0
2025-04-11,Gia dụng,TP HCM,Cửa hàng,6,6,8712550.0,6079373.0
2025-04-11,Gia dụng,TP HCM,Online,6,6,10045350.0,7320856.0
2025-04-11,Gia dụng,Đà Nẵng,Cửa hàng,3,3,2367800.0,1846901.0
2025-04-11,Gia dụng,Đà Nẵng,Online,2,2,2674000.0,2143621.0
2025-04-11,Mỹ phẩm,Cần Thơ,Cửa hàng,1,1,792000.0,566550.0
2025-04-11,Mỹ phẩm,Cần Thơ,Online,4,4,2818850.0,2070397.0
2025-04-11,Mỹ phẩm,Hà Nội,Cửa hàng,3,3,2573600.0,1822299.0
2025-04-11,Mỹ phẩm,Hà Nội,Online,4,4,2298750.0,1692262.0
2025-04-11,Mỹ phẩm,Hải Phòng,Cửa hàng,1,1,392400.0,250792.0
2025-04-11,Mỹ phẩm,Hải Phòng,Online,2,2,1584000.0,1113677.0
2025-04-11,Mỹ phẩm,TP HCM,Cửa hàng,4,4,1739600.0,1142755.0
2025-04-11,Mỹ phẩm,TP HCM,Online,6,6,4221900.0,3098710.0
2025-04-11,Mỹ phẩm,Đà Nẵng,Cửa hàng,1,1,504000.0,359231.0
2025-04-11,Mỹ phẩm,Đà Nẵng,Online,2,2,1878000.0,1305916.0
2025-04-11,Sách,Hà Nội,Cửa hàng,2,2,914700.0,628752.0
2025-04-11,Sách,Hà Nội,Online,4,4,753250.0,545454.0
2025-04-11,Sách,Hải Phòng,Cửa hàng,3,3,1235400.0,874257.0
2025-04-11,Sách,Hải Phòng,Online,2,2,252500.0,185637.0
2025-04-11,Sách,TP HCM,Cửa hàng,4,4,1053000.0,780374.0
2025-04-11,Sách,TP HCM,Online,4,4,789700.0,562032.0
2025-04-11,Sách,Đà Nẵng,Cửa hàng,1,1,314000.0,215556.0
2025-04-11,Thời trang,Cần Thơ,Cửa hàng,2,2,2058000.0,1430461.0
2025-04-11,Thời trang,Cần Thơ,Online,2,2,3198000.0,2312260.0
2025-04-11,Thời trang,Hà Nội,Cửa hàng,7,7,5695900.0,4178895.0
2025-04-11,Thời trang,Hà Nội,Online,2,2,2685000.0,2035612.0
2025-04-11,Thời trang,Hải Phòng,Cửa hàng,3,3,3798200.0,2742517.0
2025-04-11,Thời trang,Hải Phòng,Online,1,1,684000.0,494555.0
2025-04-11,Thời trang,TP HCM,Cửa hàng,3,3,4938000.0,3349565.0
2025-04-11,Thời trang,TP HCM,Online,3,3,7130000.0,4725867.0
2025-04-11,Thời trang,Đà Nẵng,Cửa hàng,2,2,3676250.0,2411545.0
2025-04-11,Thực phẩm,Cần Thơ,Online,2,2,347000.0,258009.0
2025-04-11,Thực phẩm,Hà Nội,Cửa hàng,10,10,3398300.0,2453004.0
2025-04-11,Thực phẩm,Hà Nội,Online,5,5,1056400.0,724045.0
2025-04-11,Thực phẩm,Hải Phòng,Cửa hàng,3,3,638800.0,472769.0
2025-04-11,Thực phẩm,Hải Phòng,Online,3,3,1020000.0,708110.0
2025-04-11,Thực phẩm,TP HCM,Cửa hàng,10,10,2758200.0,2068373.0
2025-04-11,Thực phẩm,TP HCM,Online,6,6,1669700.0,1141869.0
2025-04-11,Thực phẩm,Đà Nẵng,Cửa hàng,6,6,4184846.0,2944270.0
2025-04-11,Thực phẩm,Đà Nẵng,Online,1,1,181000.0,135705.0
2025-04-11,Điện tử,Cần Thơ,Cửa hàng,1,1,1115000.0,748363.0
2025-04-11,Điện tử,Cần Thơ,Online,2,2,1875900.0,1486188.0
2025-04-11,Điện tử,Hà Nội,Cửa hàng,3,3,4134000.0,3312030.0
2025-04-11,Điện tử,Hà Nội,Online,6,6,12613200.0,8496154.0
2025-04-11,Điện tử,Hải Phòng,Cửa hàng,4,4,11366300.0,8585363.0
2025-04-11,Điện tử,Hải Phòng,Online,4,4,5208650.0,3830570.0
2025-04-11,Điện tử,TP HCM,Cửa hàng,6,6,8554100.0,5953254.0
2025-04-11,Điện tử,TP HCM,Online,5,5,8431750.0,6079564.0
2025-04-11,Điện tử,Đà Nẵng,Cửa hàng,3,3,6878000.0,4617580.0
2025-04-11,Điện tử,Đà Nẵng,Online,2,2,2722000.0,1848873.0
2025-04-12,Gia dụng,Cần Thơ,Cửa hàng,2,2,3446000.0,2344297.0
2025-04-12,Gia dụng,Cần Thơ,Online,1,1,951000.0,713654.0
2025-04-12,Gia dụng,Hà Nội,Cửa hàng,3,3,2479350.0,1880792.0
2025-04-12,Gia dụng,Hà Nội,Online,6,6,7491700.0,5115787.0
2025-04-12,Gia dụng,Hải Phòng,Cửa hàng,4,4,8819300.0,6276201.0
2025-04-12,Gia dụng,TP HCM,Cửa hàng,5,5,7348400.0,4882585.0
2025-04-12,Gia dụng,TP HCM,Online,3,3,5261600.0,3614749.0
2025-04-12,Gia dụng,Đà Nẵng,Cửa hàng,1,1,798000.0,514182.0
2025-04-12,Mỹ phẩm,Cần Thơ,Online,2,2,829100.0,668760.0
2025-04-12,Mỹ phẩm,Hà Nội,Cửa hàng,3,3,1921000.0,1462326.0
2025-04-12,Mỹ phẩm,Hà Nội,Online,3,3,3137000.0,2274152.0
2025-04-12,Mỹ phẩm,Hải Phòng,Cửa hàng,3,3,2437000.0,1883115.0
2025-04-12,Mỹ phẩm,TP HCM,Cửa hàng,3,3,1751500.0,1172914.0
2025-04-12,Mỹ phẩm,TP HCM,Online,4,4,2662700.0,1943318.0
2025-04-12,Mỹ phẩm,Đà Nẵng,Cửa hàng,3,3,1585000.0,1181291.0
2025-04-12,Sách,Hà Nội,Cửa hàng,3,3,644100.0,470327.0
2025-04-12,Sách,Hà Nội,Online,3,3,779000.0,534091.0
2025-04-12,Sách,Hải Phòng,Cửa hàng,2,2,717600.0,491591.0
2025-04-12,Sách,Hải Phòng,Online,3,3,569000.0,422998.0
2025-04-12,Sách,TP HCM,Cửa hàng,6,6,2176000.0,1661212.0
2025-04-12,Sách,TP HCM,Online,2,2,453750.0,325467.0
2025-04-12,Sách,Đà Nẵng,Cửa hàng,3,3,640000.0,468718.0
2025-04-12,Thời trang,Cần Thơ,Cửa hàng,3,3,2632100.0,2046135.0
2025-04-12,Thời trang,Cần Thơ,Online,2,2,1430000.0,1009557.0
2025-04-12,Thời trang,Hà Nội,Cửa hàng,7,7,8758850.0,6316873.0
2025-04-12,Thời trang,Hà Nội,Online,1,1,779950.0,652232.0
2025-04-12,Thời trang,Hải Phòng,Cửa hàng,6,6,8571850.0,5814620.0
2025-04-12,Thời trang,Hải Phòng,Online,2,2,2586900.0,1621408.0
2025-04-12,Thời trang,TP HCM,Cửa hàng,3,3,3737400.0,2417311.0
2025-04-12,Thời trang,TP HCM,Online,5,5,6094000.0,4563492.0
2025-04-12,Thời trang,Đà Nẵng,Cửa hàng,1,1,762000.0,531987.0
2025-04-12,Thời trang,Đà Nẵng,Online,3,3,5339000.0,4014677.0
2025-04-12,Thực phẩm,Cần Thơ,Cửa hàng,3,3,781500.0,613802.0
2025-04-12,Thực phẩm,Cần Thơ,Online,3,3,762000.0,555465.0
2025-04-12,Thực phẩm,Hà Nội,Cửa hàng,14,14,5378524.0,3731558.0
2025-04-12,Thực phẩm,Hà Nội,Online,10,10,5916172.0,4258645.0
2025-04-12,Thực phẩm,Hải Phòng,Cửa hàng,6,6,2416400.0,1691932.0
2025-04-12,Thực phẩm,Hải Phòng,Online,1,1,145800.0,118505.0
2025-04-12,Thực phẩm,TP HCM,Cửa hàng,10,10,3547100.0,2711580.0
2025-04-12,Thực phẩm,TP HCM,Online,6,6,2008550.0,1403156.0
2025-04-12,Thực phẩm,Đà Nẵng,Cửa hàng,3,3,722000.0,563587.0
2025-04-12,Thực phẩm,Đà Nẵng,Online,2,2,1039600.0,841144.0
2025-04-12,Điện tử,Cần Thơ,Cửa hàng,1,1,1825800.0,1523691.0
2025-04-12,Điện tử,Cần Thơ,Online,2,2,9160100.0,7191834.0
2025-04-12,Điện tử,Hà Nội,Cửa hàng,2,2,6333300.0,4571348.0
2025-04-12,Điện tử,Hà Nội,Online,4,4,20296247.0,14944537.0
2025-04-12,Điện tử,Hải Phòng,Cửa hàng,2,2,3371250.0,2732838.0
2025-04-12,Điện tử,Hải Phòng,Online,1,1,1240000.0,1022010.0
2025-04-12,Điện tử,TP HCM,Cửa hàng,2,2,6308000.0,4891682.0
2025-04-12,Điện tử,TP HCM,Online,6,6,9732450.0,7576284.0
2025-04-12,Điện tử,Đà Nẵng,Cửa hàng,2,2,10109400.0,7991965.0
2025-04-12,Điện tử,Đà Nẵng,Online,1,1,1042000.0,677631.0
2025-04-13,Gia dụng,Cần Thơ,Cửa hàng,3,3,5983050.0,4643375.0
2025-04-13,Gia dụng,Hà Nội,Cửa hàng,3,3,4892000.0,3577528.0
2025-04-13,Gia dụng,Hà Nội,Online,4,4,6717900.0,4765857.0
2025-04-13,Gia dụng,Hải Phòng,Cửa hàng,1,1,702050.0,496706.0
2025-04-13,Gia dụng,Hải Phòng,Online,1,1,830000.0,530381.0
2025-04-13,Gia dụng,TP HCM,Cửa hàng,6,6,10251100.0,8001397.0
2025-04-13,Gia dụng,TP HCM,Online,1,1,942000.0,581212.0
2025-04-13,Gia dụng,Đà Nẵng,Cửa hàng,1,1,1343000.0,1052525.0
2025-04-13,Mỹ phẩm,Cần Thơ,Cửa hàng,1,1,842000.0,529401.0
2025-04-13,Mỹ phẩm,Cần Thơ,Online,2,2,2511000.0,2089914.0
2025-04-13,Mỹ phẩm,Hà Nội,Cửa hàng,1,1,419050.0,329703.0
2025-04-13,Mỹ phẩm,Hà Nội,Online,2,2,828050.0,590358.0
2025-04-13,Mỹ phẩm,Hải Phòng,Online,1,1,1410000.0,984794.0
2025-04-13,Mỹ phẩm,TP HCM,Cửa hàng,1,1,1032000.0,655043.0
2025-04-13,Mỹ phẩm,TP HCM,Online,3,3,2148250.0,1423254.0
2025-04-13,Mỹ phẩm,Đà Nẵng,Cửa hàng,1,1,423700.0,269868.0
2025-04-13,Mỹ phẩm,Đà Nẵng,Online,1,1,443650.0,311165.0
2025-04-13,Sách,Cần Thơ,Cửa hàng,5,5,1324400.0,986396.0
2025-04-13,Sách,Cần Thơ,Online,2,2,453900.0,328806.0
2025-04-13,Sách,Hà Nội,Cửa hàng,6,6,1575650.0,1247107.0
2025-04-13,Sách,Hà Nội,Online,4,4,717250.0,556050.0
2025-04-13,Sách,Hải Phòng,Cửa hàng,2,2,416000.0,289356.0
2025-04-13,Sách,Hải Phòng,Online,1,1,424650.0,307618.0
2025-04-13,Sách,TP HCM,Cửa hàng,6,6,2243800.0,1629307.0
2025-04-13,Sách,TP HCM,Online,3,3,1311200.0,933371.0
2025-04-13,Sách,Đà Nẵng,Online,1,1,334000.0,260283.0
2025-04-13,Thời trang,Cần Thơ,Cửa hàng,3,3,3368250.0,2586517.0
2025-04-13,Thời trang,Cần Thơ,Online,2,2,2946900.0,1825846.0
2025-04-13,Thời trang,Hà Nội,Cửa hàng,7,7,9600300.0,6655770.0
2025-04-13,Thời trang,Hà Nội,Online,3,3,3007800.0,2191545.0
2025-04-13,Thời trang,Hải Phòng,Cửa hàng,1,1,750000.0,467415.0
2025-04-13,Thời trang,Hải Phòng,Online,1,1,1398000.0,861905.0
2025-04-13,Thời trang,TP HCM,Cửa hàng,5,5,6867550.0,4754149.0
2025-04-13,Thời trang,TP HCM,Online,2,2,2035900.0,1493380.0
2025-04-13,Thời trang,Đà Nẵng,Cửa hàng,3,3,5177700.0,3926967.0
2025-04-13,Thời trang,Đà Nẵng,Online,1,1,708000.0,546227.0
2025-04-13,Thực phẩm,Cần Thơ,Cửa hàng,4,4,1642450.0,1134257.0
2025-04-13,Thực phẩm,Cần Thơ,Online,2,2,884400.0,649837.0
2025-04-13,Thực phẩm,Hà Nội,Cửa hàng,10,10,3588600.0,2683158.0
2025-04-13,Thực phẩm,Hà Nội,Online,7,7,4994446.0,3611227.0
2025-04-13,Thực phẩm,Hải Phòng,Cửa hàng,7,7,2910750.0,2194054.0
2025-04-13,Thực phẩm,Hải Phòng,Online,4,4,1956000.0,1376433.0
2025-04-13,Thực phẩm,TP HCM,Cửa hàng,13,13,2759300.0,2046518.0
2025-04-13,Thực phẩm,TP HCM,Online,12,12,3604050.0,2662810.0
2025-04-13,Thực phẩm,Đà Nẵng,Cửa hàng,2,2,896000.0,682677.0
2025-04-13,Thực phẩm,Đà Nẵng,Online,4,4,1657000.0,1221655.0
2025-04-13,Điện tử,Cần Thơ,Cửa hàng,4,4,10709350.0,7069252.0
2025-04-13,Điện tử,Cần Thơ,Online,4,4,3730000.0,2770456.0
2025-04-13,Điện tử,Hà Nội,Cửa hàng,6,6,15187300.0,11260400.0
2025-04-13,Điện tử,Hà Nội,Online,6,6,12705900.0,9626016.0
2025-04-13,Điện tử,Hải Phòng,Cửa hàng,3,3,18082614.0,12643015.0
2025-04-13,Điện tử,Hải Phòng,Online,3,3,7490000.0,4715977.0
2025-04-13,Điện tử,TP HCM,Cửa hàng,5,5,9380150.0,6441819.0
2025-04-13,Điện tử,TP HCM,Online,3,3,8195400.0,6163075.0
2025-04-13,Điện tử,Đà Nẵng,Cửa hàng,2,2,2280450.0,1527757.0
2025-04-14,Gia dụng,Cần Thơ,Cửa hàng,2,2,1620000.0,1282112.0
2025-04-14,Gia dụng,Cần Thơ,Online,2,2,1489800.0,1059991.0
2025-04-14,Gia dụng,Hà Nội,Cửa hàng,5,5,11010400.0,7630603.0
2025-04-14,Gia dụng,Hà Nội,Online,7,7,9709400.0,6857452.0
2025-04-14,Gia dụng,Hải Phòng,Online,2,2,1593850.0,1262913.0
2025-04-14,Gia dụng,TP HCM,Cửa hàng,6,6,6537600.0,4922389.0
2025-04-14,Gia dụng,TP HCM,Online,6,6,7328750.0,5176955.0
2025-04-14,Gia dụng,Đà Nẵng,Cửa hàng,2,2,4382150.0,3106223.0
2025-04-14,Gia dụng,Đà Nẵng,Online,3,3,2385000.0,1652097.0
2025-04-14,Mỹ phẩm,Hà Nội,Cửa hàng,7,7,6149350.0,4506618.0
2025-04-14,Mỹ phẩm,Hà Nội,Online,3,3,2665450.0,2058590.0
2025-04-14,Mỹ phẩm,Hải Phòng,Cửa hàng,3,3,2838200.0,2056825.0
2025-04-14,Mỹ phẩm,Hải Phòng,Online,2,2,834000.0,589073.0
2025-04-14,Mỹ phẩm,TP HCM,Cửa hàng,4,4,4210550.0,2860615.0
2025-04-14,Mỹ phẩm,TP HCM,Online,4,4,4507650.0,3207916.0
2025-04-14,Mỹ phẩm,Đà Nẵng,Cửa hàng,1,1,2565000.0,1912294.0
2025-04-14,Sách,Cần Thơ,Online,3,3,898600.0,642907.0
2025-04-14,Sách,Hà Nội,Cửa hàng,1,1,612750.0,452284.0
2025-04-14,Sách,Hà Nội,Online,1,1,730000.0,587040.0
2025-04-14,Sách,Hải Phòng,Cửa hàng,1,1,170000.0,134741.0
2025-04-14,Sách,Hải Phòng,Online,1,1,124450.0,86441.0
2025-04-14,Sách,TP HCM,Cửa hàng,7,7,1953000.0,1461848.0
2025-04-14,Sách,TP HCM,Online,5,5,1280300.0,916426.0
2025-04-14,Sách,Đà Nẵng,Online,1,1,675000.0,488972.0
2025-04-14,Thời trang,Cần Thơ,Cửa hàng,1,1,721000.0,442388.0
2025-04-14,Thời trang,Cần Thơ,Online,1,1,1312000.0,948620.0
2025-04-14,Thời trang,Hà Nội,Cửa hàng,4,4,2655750.0,1941756.0
2025-04-14,Thời trang,Hà Nội,Online,4,4,7884150.0,5507573.0
2025-04-14,Thời trang,Hải Phòng,Cửa hàng,1,1,1532000.0,1234824.0
2025-04-14,Thời trang,Hải Phòng,Online,2,2,3182150.0,2337265.0
2025-04-14,Thời trang,TP HCM,Cửa hàng,6,6,7858300.0,5619378.0
2025-04-14,Thời trang,TP HCM,Online,1,1,646200.0,467224.0
2025-04-14,Thời trang,Đà Nẵng,Cửa hàng,2,2,1455850.0,1099550.0
2025-04-14,Thời trang,Đà Nẵng,Online,1,1,3344000.0,2417823.0
2025-04-14,Thực phẩm,Cần Thơ,Cửa hàng,6,6,1848450.0,1414952.0
2025-04-14,Thực phẩm,Cần Thơ,Online,4,4,1480900.0,1047461.0
2025-04-14,Thực phẩm,Hà Nội,Cửa hàng,9,9,5508048.0,3961807.0
2025-04-14,Thực phẩm,Hà Nội,Online,8,8,3055500.0,2181960.0
2025-04-14,Thực phẩm,Hải Phòng,Cửa hàng,6,6,1422000.0,1042708.0
2025-04-14,Thực phẩm,Hải Phòng,Online,1,1,190000.0,137335.0
2025-04-14,Thực phẩm,TP HCM,Cửa hàng,10,10,3143100.0,2347333.0
2025-04-14,Thực phẩm,TP HCM,Online,6,6,1991500.0,1487932.0
2025-04-14,Thực phẩm,Đà Nẵng,Cửa hàng,5,5,2279900.0,1737365.0
2025-04-14,Thực phẩm,Đà Nẵng,Online,2,2,849200.0,615245.0
2025-04-14,Điện tử,Cần Thơ,Cửa hàng,3,3,4208550.0,3202810.0
2025-04-14,Điện tử,Cần Thơ,Online,2,2,6933000.0,5552310.0
2025-04-14,Điện tử,Hà Nội,Cửa hàng,6,6,11926350.0,8720568.0
2025-04-14,Điện tử,Hà Nội,Online,4,4,6459550.0,4518388.0
2025-04-14,Điện tử,Hải Phòng,Cửa hàng,1,1,1018300.0,748118.0
2025-04-14,Điện tử,Hải Phòng,Online,1,1,1182750.0,771533.0
2025-04-14,Điện tử,TP HCM,Cửa hàng,5,5,6686600.0,4881291.0
2025-04-14,Điện tử,TP HCM,Online,9,9,21896474.0,15651502.0
2025-04-14,Điện tử,Đà Nẵng,Cửa hàng,2,2,3411000.0,2463881.0
2025-04-14,Điện tử,Đà Nẵng,Online,4,4,3944750.0,2899274.0
2025-04-15,Gia dụng,Cần Thơ,Cửa hàng,3,3,2397300.0,1608164.0
2025-04-15,Gia dụng,Cần Thơ,Online,1,1,1894000.0,1365926.0
2025-04-15,Gia dụng,Hà Nội,Cửa hàng,1,1,1846000.0,1225422.0
2025-04-15,Gia dụng,Hà Nội,Online,3,3,5025400.0,3674241.0
2025-04-15,Gia dụng,Hải Phòng,Cửa hàng,1,1,1548000.0,1116396.0
2025-04-15,Gia dụng,Hải Phòng,Online,1,1,1722000.0,1241882.0
2025-04-15,Gia dụng,TP HCM,Cửa hàng,8,8,12807050.0,9525328.0
2025-04-15,Gia dụng,TP HCM,Online,7,7,11819000.0,8622325.0
2025-04-15,Gia dụng,Đà Nẵng,Cửa hàng,1,1,3223200.0,1965750.0
2025-04-15,Gia dụng,Đà Nẵng,Online,2,2,1540000.0,1110626.0
2025-04-15,Mỹ phẩm,Cần Thơ,Cửa hàng,1,1,5473435.0,3831405.0
2025-04-15,Mỹ phẩm,Hà Nội,Cửa hàng,2,2,972100.0,769433.0
2025-04-15,Mỹ phẩm,Hà Nội,Online,3,3,1485000.0,1102886.0
2025-04-15,Mỹ phẩm,Hải Phòng,Cửa hàng,2,2,1424550.0,1005684.0
2025-04-15,Mỹ phẩm,TP HCM,Cửa hàng,4,4,2889700.0,2077301.0
2025-04-15,Mỹ phẩm,TP HCM,Online,3,3,5211050.0,3697823.0
2025-04-15,Mỹ phẩm,Đà Nẵng,Cửa hàng,3,3,1387000.0,951656.0
2025-04-15,Mỹ phẩm,Đà Nẵng,Online,2,2,1055750.0,704246.0
2025-04-15,Sách,Hà Nội,Cửa hàng,5,5,1025400.0,738539.0
2025-04-15,Sách,Hà Nội,Online,1,1,147250.0,92338.0
2025-04-15,Sách,Hải Phòng,Cửa hàng,3,3,834500.0,553406.0
2025-04-15,Sách,TP HCM,Cửa hàng,2,2,1235600.0,868296.0
2025-04-15,Sách,TP HCM,Online,4,4,1060000.0,761504.0
2025-04-15,Sách,Đà Nẵng,Cửa hàng,2,2,246800.0,190095.0
2025-04-15,Sách,Đà Nẵng,Online,2,2,264150.0,210632.0
2025-04-15,Thời trang,Cần Thơ,Cửa hàng,1,1,744000.0,552369.0
2025-04-15,Thời trang,Cần Thơ,Online,1,1,3192000.0,2238793.0
2025-04-15,Thời trang,Hà Nội,Cửa hàng,8,8,10690800.0,7647741.0
2025-04-15,Thời trang,Hà Nội,Online,7,7,24330343.0,16752120.0
2025-04-15,Thời trang,Hải Phòng,Cửa hàng,2,2,1465000.0,1064957.0
2025-04-15,Thời trang,Hải Phòng,Online,2,2,2656700.0,1812349.0
2025-04-15,Thời trang,TP HCM,Cửa hàng,1,1,641000.0,446325.0
2025-04-15,Thời trang,TP HCM,Online,3,3,4107000.0,2951322.0
2025-04-15,Thời trang,Đà Nẵng,Online,1,1,598500.0,362677.0
2025-04-15,Thực phẩm,Cần Thơ,Cửa hàng,2,2,630000.0,500885.0
2025-04-15,Thực phẩm,Hà Nội,Cửa hàng,14,14,5092302.0,3605177.0
2025-04-15,Thực phẩm,Hà Nội,Online,12,11,2860250.0,2171864.0
2025-04-15,Thực phẩm,Hải Phòng,Cửa hàng,3,3,1040600.0,635592.0
2025-04-15,Thực phẩm,Hải Phòng,Online,2,2,749100.0,530530.0
2025-04-15,Thực phẩm,TP HCM,Cửa hàng,10,10,2611750.0,1990007.0
2025-04-15,Thực phẩm,TP HCM,Online,8,8,2604550.0,1894907.0
2025-04-15,Thực phẩm,Đà Nẵng,Cửa hàng,4,4,1013200.0,681950.0
2025-04-15,Thực phẩm,Đà Nẵng,Online,3,3,1348050.0,989092.0
2025-04-15,Điện tử,Cần Thơ,Cửa hàng,1,1,1829700.0,1431631.0
2025-04-15,Điện tử,Cần Thơ,Online,3,3,21079167.0,14983970.0
2025-04-15,Điện tử,Hà Nội,Cửa hàng,8,8,18357950.0,13427083.0
2025-04-15,Điện tử,Hà Nội,Online,6,6,10132900.0,7566863.0
2025-04-15,Điện tử,Hải Phòng,Cửa hàng,1,1,1240000.0,894882.0
2025-04-15,Điện tử,Hải Phòng,Online,2,2,2062500.0,1472089.0
2025-04-15,Điện tử,TP HCM,Cửa hàng,6,6,9697450.0,7226504.0
2025-04-15,Điện tử,TP HCM,Online,2,2,2058450.0,1380780.0
2025-04-15,Điện tử,Đà Nẵng,Cửa hàng,2,2,3056900.0,1945646.0
2025-04-15,Điện tử,Đà Nẵng,Online,5,5,12505000.0,9357260.0
2025-04-16,Gia dụng,Cần Thơ,Online,3,3,7132000.0,4831469.0
2025-04-16,Gia dụng,Hà Nội,Cửa hàng,4,4,6017000.0,4416756.0
2025-04-16,Gia dụng,Hà Nội,Online,3,3,3273300.0,2447248.0
2025-04-16,Gia dụng,Hải Phòng,Cửa hàng,4,4,5162000.0,3839526.0
2025-04-16,Gia dụng,TP HCM,Cửa hàng,6,6,7892700.0,6110926.0
2025-04-16,Gia dụng,TP HCM,Online,8,8,13967600.0,10922034.0
2025-04-16,Gia dụng,Đà Nẵng,Cửa hàng,2,2,3446000.0,2330399.0
2025-04-16,Gia dụng,Đà Nẵng,Online,1,1,1301400.0,938551.0
2025-04-16,Mỹ phẩm,Cần Thơ,Online,1,1,1547550.0,1313741.0
2025-04-16,Mỹ phẩm,Hà Nội,Cửa hàng,3,3,3543800.0,2423245.0
2025-04-16,Mỹ phẩm,Hải Phòng,Cửa hàng,1,1,1008000.0,648710.0
2025-04-16,Mỹ phẩm,TP HCM,Cửa hàng,4,4,3954000.0,2537636.0
2025-04-16,Mỹ phẩm,TP HCM,Online,3,3,1797400.0,1326551.0
2025-04-16,Mỹ phẩm,Đà Nẵng,Cửa hàng,3,3,3023000.0,2142038.0
2025-04-16,Sách,Cần Thơ,Cửa hàng,2,2,452900.0,373312.0
2025-04-16,Sách,Cần Thơ,Online,4,4,784000.0,614867.0
2025-04-16,Sách,Hà Nội,Cửa hàng,6,6,1390700.0,1012588.0
2025-04-16,Sách,Hà Nội,Online,3,3,941400.0,675875.0
2025-04-16,Sách,Hải Phòng,Cửa hàng,2,2,288000.0,209268.0
2025-04-16,Sách,TP HCM,Cửa hàng,4,4,3482237.0,2364157.0
2025-04-16,Sách,TP HCM,Online,1,1,128000.0,101225.0
2025-04-16,Sách,Đà Nẵng,Cửa hàng,3,3,746200.0,550316.0
2025-04-16,Sách,Đà Nẵng,Online,1,1,128000.0,92724.0
2025-04-16,Thời trang,Cần Thơ,Cửa hàng,3,3,5456000.0,4168662.0
2025-04-16,Thời trang,Cần Thơ,Online,2,2,1901100.0,1219259.0
2025-04-16,Thời trang,Hà Nội,Cửa hàng,3,3,17012710.0,12023447.0
2025-04-16,Thời trang,Hà Nội,Online,4,4,3454600.0,2665267.0
2025-04-16,Thời trang,Hải Phòng,Cửa hàng,1,1,740000.0,606386.0
2025-04-16,Thời trang,TP HCM,Cửa hàng,9,9,6572150.0,5002634.0
2025-04-16,Thời trang,TP HCM,Online,2,2,1661700.0,1268545.0
2025-04-16,Thời trang,Đà Nẵng,Cửa hàng,3,3,3092750.0,2248172.0
2025-04-16,Thực phẩm,Cần Thơ,Cửa hàng,3,3,788100.0,555044.0
2025-04-16,Thực phẩm,Cần Thơ,Online,3,3,505350.0,351016.0
2025-04-16,Thực phẩm,Hà Nội,Cửa hàng,6,6,1887000.0,1373666.0
2025-04-16,Thực phẩm,Hà Nội,Online,5,5,1271600.0,882157.0
2025-04-16,Thực phẩm,Hải Phòng,Cửa hàng,6,6,1890000.0,1353466.0
2025-04-16,Thực phẩm,Hải Phòng,Online,3,3,511000.0,383991.0
2025-04-16,Thực phẩm,TP HCM,Cửa hàng,12,12,5764450.0,4242986.0
2025-04-16,Thực phẩm,TP HCM,Online,13,13,3432750.0,2455759.0
2025-04-16,Thực phẩm,Đà Nẵng,Cửa hàng,4,4,1040300.0,718966.0
2025-04-16,Thực phẩm,Đà Nẵng,Online,4,4,1119050.0,822477.0
2025-04-16,Điện tử,Cần Thơ,Cửa hàng,2,2,3821000.0,2757349.0
2025-04-16,Điện tử,Cần Thơ,Online,1,1,3154950.0,2474489.0
2025-04-16,Điện tử,Hà Nội,Cửa hàng,4,4,6578400.0,4763709.0
2025-04-16,Điện tử,Hà Nội,Online,6,6,9506600.0,6939804.0
2025-04-16,Điện tử,Hải Phòng,Cửa hàng,2,2,5285500.0,3693533.0
2025-04-16,Điện tử,TP HCM,Cửa hàng,10,10,21622000.0,16645000.0
2025-04-16,Điện tử,TP HCM,Online,3,3,9796100.0,7255738.0
2025-04-16,Điện tử,Đà Nẵng,Cửa hàng,1,1,2069100.0,1453788.0
2025-04-16,Điện tử,Đà Nẵng,Online,4,4,8548700.0,6232758.0
2025-04-17,Gia dụng,Cần Thơ,Cửa hàng,2,2,5480600.0,4022724.0
2025-04-17,Gia dụng,Cần Thơ,Online,1,1,949000.0,684406.0
2025-04-17,Gia dụng,Hà Nội,Cửa hàng,6,6,9841150.0,7316050.0
2025-04-17,Gia dụng,Hà Nội,Online,5,5,5361800.0,3862128.0
2025-04-17,Gia dụng,Hải Phòng,Cửa hàng,3,3,5280000.0,3663017.0
2025-04-17,Gia dụng,TP HCM,Cửa hàng,5,5,4234100.0,2973404.0
2025-04-17,Gia dụng,TP HCM,Online,5,5,7003700.0,5629590.0
2025-04-17,Gia dụng,Đà Nẵng,Cửa hàng,4,4,5907000.0,4432128.0
2025-04-17,Gia dụng,Đà Nẵng,Online,2,2,1494300.0,1115342.0
2025-04-17,Mỹ phẩm,Cần Thơ,Online,2,2,1370400.0,989766.0
2025-04-17,Mỹ phẩm,Hà Nội,Cửa hàng,2,2,922500.0,593001.0
2025-04-17,Mỹ phẩm,Hà Nội,Online,2,2,1344000.0,953363.0
2025-04-17,Mỹ phẩm,Hải Phòng,Cửa hàng,1,1,1941800.0,1378804.0
2025-04-17,Mỹ phẩm,Hải Phòng,Online,1,1,1314000.0,949031.0
2025-04-17,Mỹ phẩm,TP HCM,Cửa hàng,1,1,2038500.0,1614200.0
2025-04-17,Mỹ phẩm,TP HCM,Online,1,1,1952000.0,1514290.0
2025-04-17,Sách,Cần Thơ,Cửa hàng,4,4,1650300.0,1319495.0
2025-04-17,Sách,Cần Thơ,Online,2,2,307000.0,199022.0
2025-04-17,Sách,Hà Nội,Cửa hàng,2,2,277250.0,174318.0
2025-04-17,Sách,Hà Nội,Online,3,3,623200.0,447397.0
2025-04-17,Sách,Hải Phòng,Cửa hàng,2,2,312000.0,239031.0
2025-04-17,Sách,Hải Phòng,Online,2,2,1647291.0,1144776.0
2025-04-17,Sách,TP HCM,Cửa hàng,4,4,1359550.0,960509.0
2025-04-17,Sách,TP HCM,Online,1,1,160000.0,123851.0
2025-04-17,Sách,Đà Nẵng,Cửa hàng,2,2,951450.0,703725.0
2025-04-17,Sách,Đà Nẵng,Online,1,1,165000.0,119526.0
2025-04-17,Thời trang,Cần Thơ,Cửa hàng,2,2,1590500.0,1144275.0
2025-04-17,Thời trang,Cần Thơ,Online,4,4,6001600.0,4177320.0
2025-04-17,Thời trang,Hà Nội,Cửa hàng,5,5,6803400.0,5116671.0
2025-04-17,Thời trang,Hà Nội,Online,4,4,5885800.0,4396123.0
2025-04-17,Thời trang,Hải Phòng,Cửa hàng,1,1,717000.0,492525.0
2025-04-17,Thời trang,Hải Phòng,Online,2,2,1378700.0,952300.0
2025-04-17,Thời trang,TP HCM,Cửa hàng,8,8,19350718.0,13544703.0
2025-04-17,Thời trang,TP HCM,Online,4,4,3671700.0,2589269.0
2025-04-17,Thời trang,Đà Nẵng,Cửa hàng,3,3,3587000.0,2687542.0
2025-04-17,Thời trang,Đà Nẵng,Online,1,1,1603600.0,1203204.0
2025-04-17,Thực phẩm,Cần Thơ,Cửa hàng,3,3,1026000.0,733509.0
2025-04-17,Thực phẩm,Cần Thơ,Online,3,3,725550.0,537658.0
2025-04-17,Thực phẩm,Hà Nội,Cửa hàng,7,7,2675000.0,1819833.0
2025-04-17,Thực phẩm,Hà Nội,Online,4,4,1114550.0,830296.0
2025-04-17,Thực phẩm,Hải Phòng,Cửa hàng,4,4,672850.0,506288.0
2025-04-17,Thực phẩm,Hải Phòng,Online,1,1,320000.0,231301.0
2025-04-17,Thực phẩm,TP HCM,Cửa hàng,12,12,4173800.0,3041763.0
2025-04-17,Thực phẩm,TP HCM,Online,9,9,2550550.0,1881427.0
2025-04-17,Thực phẩm,Đà Nẵng,Cửa hàng,3,3,519000.0,355046.0
2025-04-17,Điện tử,Cần Thơ,Cửa hàng,2,2,2127000.0,1617061.0
2025-04-17,Điện tử,Cần Thơ,Online,4,4,10909000.0,7068391.0
2025-04-17,Điện tử,Hà Nội,Cửa hàng,7,7,21114612.0,14694827.0
2025-04-17,Điện tử,Hà Nội,Online,7,7,54938197.0,38887143.0
2025-04-17,Điện tử,Hải Phòng,Cửa hàng,4,4,5336500.0,3823153.0
2025-04-17,Điện tử,Hải Phòng,Online,2,2,6558200.0,5428366.0
2025-04-17,Điện tử,TP HCM,Cửa hàng,8,8,13195900.0,9719307.0
2025-04-17,Điện tử,TP HCM,Online,2,2,1970000.0,1586350.0
2025-04-17,Điện tử,Đà Nẵng,Cửa hàng,3,3,6219650.0,4908103.0
2025-04-17,Điện tử,Đà Nẵng,Online,4,4,7034750.0,5366257.0
2025-04-18,Gia dụng,Cần Thơ,Cửa hàng,1,1,932000.0,658783.0
2025-04-18,Gia dụng,Hà Nội,Cửa hàng,3,3,3245000.0,2286825.0
2025-04-18,Gia dụng,Hà Nội,Online,4,4,9373900.0,6829953.0
2025-04-18,Gia dụng,Hải Phòng,Cửa hàng,3,3,5857750.0,4367230.0
2025-04-18,Gia dụng,Hải Phòng,Online,1,1,758100.0,584189.0
2025-04-18,Gia dụng,TP HCM,Cửa hàng,7,7,5544550.0,4170326.0
2025-04-18,Gia dụng,TP HCM,Online,8,8,13803750.0,9850199.0
2025-04-18,Gia dụng,Đà Nẵng,Cửa hàng,2,2,1638150.0,1219399.0
2025-04-18,Mỹ phẩm,Cần Thơ,Cửa hàng,1,1,462650.0,304630.0
2025-04-18,Mỹ phẩm,Hà Nội,Cửa hàng,5,5,4062850.0,2896312.0
2025-04-18,Mỹ phẩm,Hà Nội,Online,2,2,894000.0,645453.0
2025-04-18,Mỹ phẩm,Hải Phòng,Cửa hàng,1,1,982000.0,743518.0
2025-04-18,Mỹ phẩm,Hải Phòng,Online,2,2,1261700.0,863213.0
2025-04-18,Mỹ phẩm,TP HCM,Cửa hàng,4,4,4937000.0,3848207.0
2025-04-18,Mỹ phẩm,TP HCM,Online,5,5,3955200.0,2755891.0
2025-04-18,Mỹ phẩm,Đà Nẵng,Cửa hàng,2,2,2727750.0,2180171.0
2025-04-18,Sách,Cần Thơ,Cửa hàng,1,1,250200.0,151980.0
2025-04-18,Sách,Hà Nội,Cửa hàng,3,3,1094000.0,894547.0
2025-04-18,Sách,Hà Nội,Online,2,2,424000.0,281351.0
2025-04-18,Sách,Hải Phòng,Cửa hàng,1,1,139000.0,93660.0
2025-04-18,Sách,Hải Phòng,Online,4,4,911100.0,674789.0
2025-04-18,Sách,TP HCM,Cửa hàng,3,3,591000.0,380092.0
2025-04-18,Sách,TP HCM,Online,4,4,1250200.0,956538.0
2025-04-18,Sách,Đà Nẵng,Cửa hàng,3,3,421750.0,301929.0
2025-04-18,Thời trang,Cần Thơ,Cửa hàng,1,1,767000.0,473364.0
2025-04-18,Thời trang,Cần Thơ,Online,1,1,3192000.0,2062487.0
2025-04-18,Thời trang,Hà Nội,Online,2,2,3141850.0,2227856.0
2025-04-18,Thời trang,Hải Phòng,Cửa hàng,3,3,2109800.0,1488945.0
2025-04-18,Thời trang,TP HCM,Cửa hàng,2,2,2147000.0,1541753.0
2025-04-18,Thời trang,TP HCM,Online,4,4,6101000.0,4565031.0
2025-04-18,Thời trang,Đà Nẵng,Cửa hàng,1,1,2184000.0,1439024.0
2025-04-18,Thời trang,Đà Nẵng,Online,2,2,1398400.0,991026.0
2025-04-18,Thực phẩm,Cần Thơ,Cửa hàng,3,3,1294950.0,818061.0
2025-04-18,Thực phẩm,Cần Thơ,Online,6,6,1981950.0,1399256.0
2025-04-18,Thực phẩm,Hà Nội,Cửa hàng,12,12,5647537.0,4103498.0
2025-04-18,Thực phẩm,Hà Nội,Online,6,6,2001750.0,1434108.0
2025-04-18,Thực phẩm,Hải Phòng,Cửa hàng,9,9,2969150.0,2161655.0
2025-04-18,Thực phẩm,Hải Phòng,Online,6,6,1596100.0,1249884.0
2025-04-18,Thực phẩm,TP HCM,Cửa hàng,8,8,3432700.0,2347757.0
2025-04-18,Thực phẩm,TP HCM,Online,6,6,1411200.0,990474.0
2025-04-18,Thực phẩm,Đà Nẵng,Cửa hàng,5,5,1312450.0,904797.0
2025-04-18,Thực phẩm,Đà Nẵng,Online,7,7,2434800.0,1676386.0
2025-04-18,Điện tử,Hà Nội,Cửa hàng,2,2,7164000.0,5348828.0
2025-04-18,Điện tử,Hà Nội,Online,5,5,14049100.0,9880346.0
2025-04-18,Điện tử,Hải Phòng,Online,1,1,958500.0,650618.0
2025-04-18,Điện tử,TP HCM,Cửa hàng,3,3,3017100.0,2130872.0
2025-04-18,Điện tử,TP HCM,Online,8,8,17662350.0,12190785.0
2025-04-18,Điện tử,Đà Nẵng,Cửa hàng,1,1,1207000.0,817421.0
2025-04-18,Điện tử,Đà Nẵng,Online,3,3,4002350.0,2776555.0
2025-04-19,Gia dụng,Cần Thơ,Cửa hàng,2,2,5426000.0,3858473.0
2025-04-19,Gia dụng,Cần Thơ,Online,1,1,4255000.0,3068646.0
2025-04-19,Gia dụng,Hà Nội,Cửa hàng,6,6,10240100.0,7512333.0
2025-04-19,Gia dụng,Hà Nội,Online,2,2,6307000.0,4851797.0
2025-04-19,Gia dụng,TP HCM,Cửa hàng,7,7,8731700.0,6672209.0
2025-04-19,Gia dụng,TP HCM,Online,4,4,7521000.0,4930702.0
2025-04-19,Gia dụng,Đà Nẵng,Cửa hàng,3,3,5330000.0,3703540.0
2025-04-19,Gia dụng,Đà Nẵng,Online,1,1,4805000.0,3409347.0
2025-04-19,Mỹ phẩm,Cần Thơ,Cửa hàng,1,1,446000.0,322122.0
2025-04-19,Mỹ phẩm,Hà Nội,Cửa hàng,2,2,2647650.0,1664715.0
2025-04-19,Mỹ phẩm,Hà Nội,Online,4,4,3601950.0,2721934.0
2025-04-19,Mỹ phẩm,Hải Phòng,Online,2,2,1839700.0,1241283.0
2025-04-19,Mỹ phẩm,TP HCM,Cửa hàng,1,1,493000.0,395963.0
2025-04-19,Mỹ phẩm,TP HCM,Online,5,5,2536000.0,1767739.0
2025-04-19,Mỹ phẩm,Đà Nẵng,Cửa hàng,1,1,972000.0,697421.0
2025-04-19,Mỹ phẩm,Đà Nẵng,Online,2,2,1475000.0,1025852.0
2025-04-19,Sách,Cần Thơ,Cửa hàng,3,3,1053600.0,764074.0
2025-04-19,Sách,Cần Thơ,Online,1,1,295200.0,195705.0
2025-04-19,Sách,Hà Nội,Cửa hàng,3,3,742300.0,552521.0
2025-04-19,Sách,Hà Nội,Online,1,1,296000.0,214423.0
2025-04-19,Sách,Hải Phòng,Cửa hàng,2,2,711400.0,532992.0
2025-04-19,Sách,Hải Phòng,Online,2,2,571400.0,424123.0
2025-04-19,Sách,TP HCM,Cửa hàng,2,2,412000.0,326621.0
2025-04-19,Sách,TP HCM,Online,4,4,1154450.0,888586.0
2025-04-19,Sách,Đà Nẵng,Cửa hàng,2,2,854000.0,586391.0
2025-04-19,Sách,Đà Nẵng,Online,3,3,581000.0,393878.0
2025-04-19,Thời trang,Cần Thơ,Online,1,1,854000.0,556589.0
2025-04-19,Thời trang,Hà Nội,Cửa hàng,5,5,6798050.0,5135791.0
2025-04-19,Thời trang,Hà Nội,Online,2,2,2754000.0,1875757.0
2025-04-19,Thời trang,Hải Phòng,Cửa hàng,2,2,1499000.0,1093125.0
2025-04-19,Thời trang,Hải Phòng,Online,2,2,1960100.0,1539140.0
2025-04-19,Thời trang,TP HCM,Cửa hàng,2,2,3028250.0,2514955.0
2025-04-19,Thời trang,TP HCM,Online,2,2,1514000.0,1138036.0
2025-04-19,Thời trang,Đà Nẵng,Cửa hàng,4,4,5881950.0,3982188.0
2025-04-19,Thời trang,Đà Nẵng,Online,1,1,784700.0,620052.0
2025-04-19,Thực phẩm,Cần Thơ,Cửa hàng,2,2,718000.0,521723.0
2025-04-19,Thực phẩm,Cần Thơ,Online,1,1,270300.0,195377.0
2025-04-19,Thực phẩm,Hà Nội,Cửa hàng,9,9,1838900.0,1294421.0
2025-04-19,Thực phẩm,Hà Nội,Online,6,6,2444950.0,1720159.0
2025-04-19,Thực phẩm,Hải Phòng,Cửa hàng,4,4,1110700.0,751083.0
2025-04-19,Thực phẩm,Hải Phòng,Online,3,3,1297150.0,888256.0
2025-04-19,Thực phẩm,TP HCM,Cửa hàng,11,11,3626950.0,2680645.0
2025-04-19,Thực phẩm,TP HCM,Online,8,8,2011750.0,1475926.0
2025-04-19,Thực phẩm,Đà Nẵng,Cửa hàng,5,5,1752600.0,1310866.0
2025-04-19,Thực phẩm,Đà Nẵng,Online,6,6,1768100.0,1238390.0
2025-04-19,Điện tử,Cần Thơ,Cửa hàng,3,3,4874200.0,3505853.0
2025-04-19,Điện tử,Cần Thơ,Online,2,2,4868000.0,3425100.0
2025-04-19,Điện tử,Hà Nội,Cửa hàng,6,6,14245950.0,10820468.0
2025-04-19,Điện tử,Hà Nội,Online,3,3,3030350.0,2101728.0
2025-04-19,Điện tử,Hải Phòng,Cửa hàng,5,5,11588150.0,7833196.0
2025-04-19,Điện tử,Hải Phòng,Online,1,1,3717000.0,2579702.0
2025-04-19,Điện tử,TP HCM,Cửa hàng,8,8,11612200.0,8402981.0
2025-04-19,Điện tử,TP HCM,Online,3,3,3377000.0,2487838.0
2025-04-19,Điện tử,Đà Nẵng,Cửa hàng,2,2,2991500.0,2364887.0
2025-04-19,Điện tử,Đà Nẵng,Online,4,4,9154700.0,6496233.0
2025-04-20,Gia dụng,Cần Thơ,Cửa hàng,3,3,3154600.0,2308479.0
2025-04-20,Gia dụng,Cần Thơ,Online,4,4,5004050.0,3638491.0
2025-04-20,Gia dụng,Hà Nội,Cửa hàng,5,5,8679600.0,5763613.0
2025-04-20,Gia dụng,Hà Nội,Online,4,4,8178200.0,5755563.0
2025-04-20,Gia dụng,Hải Phòng,Cửa hàng,1,1,884000.0,556379.0
2025-04-20,Gia dụng,Hải Phòng,Online,1,1,1752000.0,1487007.0
2025-04-20,Gia dụng,TP HCM,Cửa hàng,5,5,4898000.0,3533705.0
2025-04-20,Gia dụng,TP HCM,Online,3,3,2367600.0,1850588.0
2025-04-20,Gia dụng,Đà Nẵng,Cửa hàng,3,3,2633000.0,2109211.0
2025-04-20,Mỹ phẩm,Cần Thơ,Cửa hàng,1,1,909000.0,771445.0
2025-04-20,Mỹ phẩm,Cần Thơ,Online,2,2,1292000.0,982634.0
2025-04-20,Mỹ phẩm,Hà Nội,Cửa hàng,4,4,3788900.0,3025768.0
2025-04-20,Mỹ phẩm,Hà Nội,Online,1,1,483000.0,359050.0
2025-04-20,Mỹ phẩm,Hải Phòng,Cửa hàng,1,1,352750.0,267098.0
2025-04-20,Mỹ phẩm,Hải Phòng,Online,1,1,866000.0,625618.0
2025-04-20,Mỹ phẩm,TP HCM,Cửa hàng,4,4,2047700.0,1534288.0
2025-04-20,Mỹ phẩm,TP HCM,Online,2,2,5013108.0,3471770.0
2025-04-20,Mỹ phẩm,Đà Nẵng,Cửa hàng,3,3,1487450.0,1018432.0
2025-04-20,Mỹ phẩm,Đà Nẵng,Online,1,1,1650000.0,1264034.0
2025-04-20,Sách,Cần Thơ,Cửa hàng,2,2,307400.0,229658.0
2025-04-20,Sách,Cần Thơ,Online,2,2,282000.0,221823.0
2025-04-20,Sách,Hà Nội,Cửa hàng,4,4,1406950.0,1047432.0
2025-04-20,Sách,Hà Nội,Online,2,2,269800.0,209249.0
2025-04-20,Sách,TP HCM,Cửa hàng,7,7,1828800.0,1368165.0
2025-04-20,Sách,TP HCM,Online,2,2,551200.0,414653.0
2025-04-20,Sách,Đà Nẵng,Cửa hàng,2,2,551000.0,411868.0
2025-04-20,Thời trang,Cần Thơ,Cửa hàng,2,2,2003200.0,1312862.0
2025-04-20,Thời trang,Hà Nội,Cửa hàng,4,4,3746400.0,2670433.0
2025-04-20,Thời trang,Hà Nội,Online,3,3,2103800.0,1499266.0
2025-04-20,Thời trang,Hải Phòng,Cửa hàng,2,2,4528800.0,3720678.0
2025-04-20,Thời trang,Hải Phòng,Online,2,2,4604000.0,3078617.0
2025-04-20,Thời trang,TP HCM,Cửa hàng,9,8,13327150.0,9926928.0
2025-04-20,Thời trang,TP HCM,Online,6,6,9125600.0,6785376.0
2025-04-20,Thời trang,Đà Nẵng,Cửa hàng,1,1,1536000.0,1052599.0
2025-04-20,Thực phẩm,Cần Thơ,Cửa hàng,3,3,1026250.0,782463.0
2025-04-20,Thực phẩm,Cần Thơ,Online,2,2,1096000.0,839390.0
2025-04-20,Thực phẩm,Hà Nội,Cửa hàng,8,8,1911650.0,1308580.0
2025-04-20,Thực phẩm,Hà Nội,Online,8,8,2892250.0,2102916.0
2025-04-20,Thực phẩm,Hải Phòng,Cửa hàng,4,4,1124000.0,738271.0
2025-04-20,Thực phẩm,Hải Phòng,Online,2,2,340100.0,245830.0
2025-04-20,Thực phẩm,TP HCM,Cửa hàng,5,5,2116500.0,1497901.0
2025-04-20,Thực phẩm,TP HCM,Online,12,12,3830250.0,2753154.0
2025-04-20,Thực phẩm,Đà Nẵng,Cửa hàng,5,5,2042600.0,1474993.0
2025-04-20,Thực phẩm,Đà Nẵng,Online,3,3,1341200.0,971351.0
2025-04-20,Điện tử,Cần Thơ,Cửa hàng,3,3,6404000.0,4310956.0
2025-04-20,Điện tử,Hà Nội,Cửa hàng,6,6,10099900.0,7317743.0
2025-04-20,Điện tử,Hà Nội,Online,3,3,3025100.0,2265910.0
2025-04-20,Điện tử,Hải Phòng,Cửa hàng,2,2,2432150.0,1846969.0
2025-04-20,Điện tử,Hải Phòng,Online,6,6,11824000.0,8539009.0
2025-04-20,Điện tử,TP HCM,Cửa hàng,3,3,4034550.0,3009680.0
2025-04-20,Điện tử,TP HCM,Online,6,6,14889200.0,11185133.0
2025-04-20,Điện tử,Đà Nẵng,Cửa hàng,2,2,4028000.0,2646490.0
2025-04-20,Điện tử,Đà Nẵng,Online,3,3,9315700.0,6577758.0
2025-04-21,Gia dụng,Cần Thơ,Cửa hàng,2,2,4349450.0,2892602.0
2025-04-21,Gia dụng,Cần Thơ,Online,1,1,846000.0,688577.0
2025-04-21,Gia dụng,Hà Nội,Cửa hàng,4,4,3906050.0,2698049.0
2025-04-21,Gia dụng,Hà Nội,Online,4,4,7665000.0,5467238.0
2025-04-21,Gia dụng,Hải Phòng,Cửa hàng,1,1,3935000.0,2535541.0
2025-04-21,Gia dụng,TP HCM,Cửa hàng,3,3,4428400.0,3564471.0
2025-04-21,Gia dụng,TP HCM,Online,2,2,4575000.0,3485242.0
2025-04-21,Gia dụng,Đà Nẵng,Cửa hàng,1,1,2908000.0,2008432.0
2025-04-21,Gia dụng,Đà Nẵng,Online,1,1,754200.0,543918.0
2025-04-21,Mỹ phẩm,Cần Thơ,Cửa hàng,2,2,1743000.0,1382692.0
2025-04-21,Mỹ phẩm,Cần Thơ,Online,1,1,495000.0,357512.0
2025-04-21,Mỹ phẩm,Hà Nội,Cửa hàng,4,4,3605750.0,2387365.0
2025-04-21,Mỹ phẩm,Hà Nội,Online,3,3,2950000.0,2036876.0
2025-04-21,Mỹ phẩm,Hải Phòng,Cửa hàng,1,1,419000.0,316083.0
2025-04-21,Mỹ phẩm,TP HCM,Cửa hàng,5,5,5317600.0,3722415.0
2025-04-21,Mỹ phẩm,TP HCM,Online,3,3,1726600.0,1250487.0
2025-04-21,Mỹ phẩm,Đà Nẵng,Cửa hàng,2,2,2881650.0,1886505.0
2025-04-21,Mỹ phẩm,Đà Nẵng,Online,1,1,485450.0,403393.0
2025-04-21,Sách,Hà Nội,Cửa hàng,4,4,1316150.0,1012783.0
2025-04-21,Sách,Hà Nội,Online,2,2,413000.0,299178.0
2025-04-21,Sách,Hải Phòng,Cửa hàng,3,3,693900.0,557543.0
2025-04-21,Sách,Hải Phòng,Online,1,1,153000.0,110834.0
2025-04-21,Sách,TP HCM,Cửa hàng,6,6,1021650.0,703948.0
2025-04-21,Sách,TP HCM,Online,3,3,706850.0,493195.0
2025-04-21,Sách,Đà Nẵng,Cửa hàng,1,1,130000.0,85250.0
2025-04-21,Sách,Đà Nẵng,Online,3,3,401350.0,267578.0
2025-04-21,Thời trang,Hà Nội,Cửa hàng,6,6,7437100.0,5793518.0
2025-04-21,Thời trang,Hà Nội,Online,3,3,3332250.0,2358999.0
2025-04-21,Thời trang,Hải Phòng,Cửa hàng,2,2,1524850.0,1277620.0
2025-04-21,Thời trang,Hải Phòng,Online,4,4,6554900.0,4508496.0
2025-04-21,Thời trang,TP HCM,Cửa hàng,3,3,3550000.0,2702260.0
2025-04-21,Thời trang,TP HCM,Online,6,6,8049250.0,6230458.0
2025-04-21,Thời trang,Đà Nẵng,Cửa hàng,1,1,2046000.0,1721966.0
2025-04-21,Thực phẩm,Cần Thơ,Cửa hàng,6,6,2627050.0,1806706.0
2025-04-21,Thực phẩm,Hà Nội,Cửa hàng,4,4,1380000.0,991941.0
2025-04-21,Thực phẩm,Hà Nội,Online,6,6,1035000.0,751976.0
2025-04-21,Thực phẩm,Hải Phòng,Cửa hàng,4,4,1706950.0,1202241.0
2025-04-21,Thực phẩm,Hải Phòng,Online,1,1,171000.0,145024.0
2025-04-21,Thực phẩm,TP HCM,Cửa hàng,12,12,3864950.0,2949657.0
2025-04-21,Thực phẩm,TP HCM,Online,9,9,1841800.0,1298298.0
2025-04-21,Thực phẩm,Đà Nẵng,Cửa hàng,1,1,144000.0,104348.0
2025-04-21,Thực phẩm,Đà Nẵng,Online,9,9,1936800.0,1384568.0
2025-04-21,Điện tử,Cần Thơ,Cửa hàng,2,2,3736900.0,2838251.0
2025-04-21,Điện tử,Cần Thơ,Online,1,1,3000000.0,2171839.0
2025-04-21,Điện tử,Hà Nội,Cửa hàng,6,6,7417300.0,5457106.0
2025-04-21,Điện tử,Hà Nội,Online,6,6,12826600.0,9255339.0
2025-04-21,Điện tử,Hải Phòng,Cửa hàng,2,2,2993000.0,1972908.0
2025-04-21,Điện tử,TP HCM,Cửa hàng,9,9,14970000.0,10484666.0
2025-04-21,Điện tử,TP HCM,Online,9,9,36257240.0,25572781.0
2025-04-21,Điện tử,Đà Nẵng,Cửa hàng,1,1,1970000.0,1328373.0
2025-04-22,Gia dụng,Cần Thơ,Cửa hàng,5,5,8758600.0,6125002.0
2025-04-22,Gia dụng,Cần Thơ,Online,3,3,3251000.0,2522375.0
2025-04-22,Gia dụng,Hà Nội,Cửa hàng,6,6,6179200.0,4571823.0
2025-04-22,Gia dụng,Hà Nội,Online,2,2,3341800.0,2398932.0
2025-04-22,Gia dụng,Hải Phòng,Cửa hàng,3,3,4700250.0,3136714.0
2025-04-22,Gia dụng,Hải Phòng,Online,1,1,1559900.0,1008191.0
2025-04-22,Gia dụng,TP HCM,Cửa hàng,9,9,19325260.0,13219988.0
2025-04-22,Gia dụng,TP HCM,Online,7,7,7462400.0,5110994.0
2025-04-22,Mỹ phẩm,Cần Thơ,Cửa hàng,2,2,2654000.0,1792041.0
2025-04-22,Mỹ phẩm,Cần Thơ,Online,1,1,1768000.0,1137829.0
2025-04-22,Mỹ phẩm,Hà Nội,Cửa hàng,2,2,1329000.0,929907.0
2025-04-22,Mỹ phẩm,Hà Nội,Online,1,1,1449900.0,1201815.0
2025-04-22,Mỹ phẩm,Hải Phòng,Cửa hàng,4,4,3416000.0,2253672.0
2025-04-22,Mỹ phẩm,TP HCM,Cửa hàng,3,3,5745000.0,4521185.0
2025-04-22,Mỹ phẩm,Đà Nẵng,Cửa hàng,5,5,3934600.0,2942248.0
2025-04-22,Mỹ phẩm,Đà Nẵng,Online,1,1,912000.0,555490.0
2025-04-22,Sách,Cần Thơ,Cửa hàng,1,1,141000.0,88585.0
2025-04-22,Sách,Cần Thơ,Online,2,2,275200.0,184033.0
2025-04-22,Sách,Hà Nội,Cửa hàng,5,5,1298650.0,928612.0
2025-04-22,Sách,Hà Nội,Online,1,1,256000.0,208256.0
2025-04-22,Sách,Hải Phòng,Cửa hàng,1,1,151200.0,115515.0
2025-04-22,Sách,Hải Phòng,Online,1,1,128700.0,83867.0
2025-04-22,Sách,TP HCM,Cửa hàng,2,2,416000.0,334678.0
2025-04-22,Sách,TP HCM,Online,4,4,1431550.0,983972.0
2025-04-22,Sách,Đà Nẵng,Cửa hàng,1,1,140400.0,105901.0
2025-04-22,Sách,Đà Nẵng,Online,1,1,480000.0,347713.0
2025-04-22,Thời trang,Cần Thơ,Cửa hàng,2,2,2796000.0,2047214.0
2025-04-22,Thời trang,Cần Thơ,Online,1,1,1318000.0,1097754.0
2025-04-22,Thời trang,Hà Nội,Cửa hàng,3,3,2873200.0,2008868.0
2025-04-22,Thời trang,Hà Nội,Online,3,3,5382000.0,4165271.0
2025-04-22,Thời trang,TP HCM,Cửa hàng,2,2,1997950.0,1554430.0
2025-04-22,Thời trang,TP HCM,Online,6,6,9569550.0,7116439.0
2025-04-22,Thời trang,Đà Nẵng,Cửa hàng,2,2,3830400.0,2939378.0
2025-04-22,Thời trang,Đà Nẵng,Online,3,3,3516000.0,2270021.0
2025-04-22,Thực phẩm,Cần Thơ,Cửa hàng,2,2,493000.0,332803.0
2025-04-22,Thực phẩm,Cần Thơ,Online,2,2,841200.0,631329.0
2025-04-22,Thực phẩm,Hà Nội,Cửa hàng,4,4,1786700.0,1396648.0
2025-04-22,Thực phẩm,Hà Nội,Online,7,7,1903600.0,1477929.0
2025-04-22,Thực phẩm,Hải Phòng,Cửa hàng,4,4,816800.0,559389.0
2025-04-22,Thực phẩm,Hải Phòng,Online,5,5,1996250.0,1536924.0
2025-04-22,Thực phẩm,TP HCM,Cửa hàng,9,9,2485150.0,1835428.0
2025-04-22,Thực phẩm,TP HCM,Online,6,6,2346400.0,1675267.0
2025-04-22,Thực phẩm,Đà Nẵng,Cửa hàng,11,11,3033350.0,2184207.0
2025-04-22,Thực phẩm,Đà Nẵng,Online,3,3,1276000.0,1021980.0
2025-04-22,Điện tử,Cần Thơ,Cửa hàng,2,2,4717000.0,3739154.0
2025-04-22,Điện tử,Cần Thơ,Online,1,1,1066000.0,745237.0
2025-04-22,Điện tử,Hà Nội,Cửa hàng,9,9,24345800.0,17627594.0
2025-04-22,Điện tử,Hà Nội,Online,3,3,5258300.0,4130626.0
2025-04-22,Điện tử,Hải Phòng,Cửa hàng,1,1,1160000.0,868406.0
2025-04-22,Điện tử,Hải Phòng,Online,2,2,2596100.0,2092165.0
2025-04-22,Điện tử,TP HCM,Cửa hàng,8,8,14222650.0,10329256.0
2025-04-22,Điện tử,TP HCM,Online,2,2,3684000.0,2711198.0
2025-04-22,Điện tử,Đà Nẵng,Cửa hàng,5,5,11643450.0,8861353.0
2025-04-22,Điện tử,Đà Nẵng,Online,1,1,1231000.0,890973.0
2025-04-23,Gia dụng,Cần Thơ,Online,1,1,1906000.0,1374581.0
2025-04-23,Gia dụng,Hà Nội,Cửa hàng,4,4,4235000.0,3132054.0
2025-04-23,Gia dụng,Hà Nội,Online,5,5,5845950.0,4049023.0
2025-04-23,Gia dụng,Hải Phòng,Cửa hàng,2,2,2367000.0,1495033.0
2025-04-23,Gia dụng,Hải Phòng,Online,1,1,767600.0,512591.0
2025-04-23,Gia dụng,TP HCM,Cửa hàng,4,4,3361850.0,2474777.0
2025-04-23,Gia dụng,TP HCM,Online,5,5,5651500.0,4169766.0
2025-04-23,Gia dụng,Đà Nẵng,Cửa hàng,5,5,5285700.0,4050801.0
2025-04-23,Gia dụng,Đà Nẵng,Online,2,2,1689000.0,1331935.0
2025-04-23,Mỹ phẩm,Cần Thơ,Cửa hàng,1,1,904400.0,675033.0
2025-04-23,Mỹ phẩm,Hà Nội,Cửa hàng,3,3,4245000.0,3045733.0
2025-04-23,Mỹ phẩm,Hà Nội,Online,2,2,1972900.0,1411686.0
2025-04-23,Mỹ phẩm,Hải Phòng,Online,2,2,979000.0,707079.0
2025-04-23,Mỹ phẩm,TP HCM,Cửa hàng,5,5,12151170.0,8408365.0
2025-04-23,Mỹ phẩm,TP HCM,Online,6,6,4494500.0,3207118.0
2025-04-23,Mỹ phẩm,Đà Nẵng,Cửa hàng,1,1,461000.0,388235.0
2025-04-23,Mỹ phẩm,Đà Nẵng,Online,1,1,423900.0,289760.0
2025-04-23,Sách,Cần Thơ,Cửa hàng,2,2,255550.0,183387.0
2025-04-23,Sách,Cần Thơ,Online,1,1,130000.0,106146.0
2025-04-23,Sách,Hà Nội,Cửa hàng,4,4,1538850.0,1124550.0
2025-04-23,Sách,Hà Nội,Online,6,6,996550.0,755699.0
2025-04-23,Sách,Hải Phòng,Cửa hàng,1,1,283100.0,239832.0
2025-04-23,Sách,TP HCM,Cửa hàng,5,5,1117250.0,766642.0
2025-04-23,Sách,TP HCM,Online,3,3,451700.0,329946.0
2025-04-23,Sách,Đà Nẵng,Cửa hàng,1,1,415650.0,327851.0
2025-04-23,Sách,Đà Nẵng,Online,1,1,152000.0,120499.0
2025-04-23,Thời trang,Cần Thơ,Cửa hàng,1,1,2030400.0,1249722.0
2025-04-23,Thời trang,Cần Thơ,Online,1,1,559300.0,404393.0
2025-04-23,Thời trang,Hà Nội,Cửa hàng,4,4,7351500.0,4798043.0
2025-04-23,Thời trang,Hà Nội,Online,6,6,6167900.0,4704610.0
2025-04-23,Thời trang,Hải Phòng,Cửa hàng,3,3,7137000.0,4553806.0
2025-04-23,Thời trang,Hải Phòng,Online,1,1,771000.0,542131.0
2025-04-23,Thời trang,TP HCM,Cửa hàng,2,2,2181300.0,1493846.0
2025-04-23,Thời trang,TP HCM,Online,5,5,5197350.0,3552052.0
2025-04-23,Thời trang,Đà Nẵng,Cửa hàng,1,1,690300.0,466908.0
2025-04-23,Thời trang,Đà Nẵng,Online,3,3,2570650.0,1689523.0
2025-04-23,Thực phẩm,Cần Thơ,Cửa hàng,1,1,184000.0,129430.0
2025-04-23,Thực phẩm,Cần Thơ,Online,3,3,1125300.0,814258.0
2025-04-23,Thực phẩm,Hà Nội,Cửa hàng,6,6,1728600.0,1269563.0
2025-04-23,Thực phẩm,Hà Nội,Online,8,8,1667350.0,1233008.0
2025-04-23,Thực phẩm,Hải Phòng,Cửa hàng,3,3,750000.0,504661.0
2025-04-23,Thực phẩm,Hải Phòng,Online,6,6,1385950.0,998508.0
2025-04-23,Thực phẩm,TP HCM,Cửa hàng,9,9,3158900.0,2166525.0
2025-04-23,Thực phẩm,TP HCM,Online,7,7,2277800.0,1684264.0
2025-04-23,Thực phẩm,Đà Nẵng,Cửa hàng,4,4,1989000.0,1384053.0
2025-04-23,Thực phẩm,Đà Nẵng,Online,4,4,2098000.0,1523043.0
2025-04-23,Điện tử,Cần Thơ,Cửa hàng,3,2,7901300.0,5969857.0
2025-04-23,Điện tử,Cần Thơ,Online,1,1,926100.0,697440.0
2025-04-23,Điện tử,Hà Nội,Cửa hàng,6,6,9089650.0,6850730.0
2025-04-23,Điện tử,Hà Nội,Online,9,9,20611700.0,15210232.0
2025-04-23,Điện tử,Hải Phòng,Cửa hàng,2,2,2070000.0,1597566.0
2025-04-23,Điện tử,Hải Phòng,Online,2,2,9345800.0,6796832.0
2025-04-23,Điện tử,TP HCM,Cửa hàng,9,9,34857581.0,24270022.0
2025-04-23,Điện tử,TP HCM,Online,5,5,11620900.0,8773861.0
2025-04-23,Điện tử,Đà Nẵng,Cửa hàng,1,1,981350.0,721587.0
2025-04-23,Điện tử,Đà Nẵng,Online,1,1,991800.0,614136.0
2025-04-24,Gia dụng,Cần Thơ,Online,1,1,964000.0,726358.0
2025-04-24,Gia dụng,Hà Nội,Cửa hàng,8,8,10480550.0,7969506.0
2025-04-24,Gia dụng,Hà Nội,Online,2,2,3910800.0,2693490.0
2025-04-24,Gia dụng,Hải Phòng,Online,2,2,2359000.0,1764979.0
2025-04-24,Gia dụng,TP HCM,Cửa hàng,2,2,4293000.0,3159690.0
2025-04-24,Gia dụng,TP HCM,Online,3,3,2155800.0,1672382.0
2025-04-24,Gia dụng,Đà Nẵng,Cửa hàng,3,3,5070700.0,4050492.0
2025-04-24,Gia dụng,Đà Nẵng,Online,2,2,2479500.0,1806307.0
2025-04-24,Mỹ phẩm,Cần Thơ,Cửa hàng,1,1,445000.0,296130.0
2025-04-24,Mỹ phẩm,Cần Thơ,Online,1,1,1014000.0,843128.0
2025-04-24,Mỹ phẩm,Hà Nội,Cửa hàng,2,2,948200.0,759552.0
2025-04-24,Mỹ phẩm,Hà Nội,Online,1,1,407700.0,277522.0
2025-04-24,Mỹ phẩm,Hải Phòng,Cửa hàng,3,3,2828000.0,2028084.0
2025-04-24,Mỹ phẩm,Hải Phòng,Online,1,1,403750.0,298744.0
2025-04-24,Mỹ phẩm,TP HCM,Cửa hàng,4,4,3190900.0,2085129.0
2025-04-24,Mỹ phẩm,TP HCM,Online,3,3,2372400.0,1851167.0
2025-04-24,Mỹ phẩm,Đà Nẵng,Cửa hàng,2,2,1092000.0,826748.0
2025-04-24,Mỹ phẩm,Đà Nẵng,Online,1,1,459000.0,335557.0
2025-04-24,Sách,Hà Nội,Cửa hàng,3,3,592900.0,444841.0
2025-04-24,Sách,Hà Nội,Online,4,4,1308200.0,897212.0
2025-04-24,Sách,Hải Phòng,Online,2,2,1624802.0,1149552.0
2025-04-24,Sách,TP HCM,Cửa hàng,4,4,988000.0,728227.0
2025-04-24,Sách,TP HCM,Online,2,2,808000.0,602081.0
2025-04-24,Sách,Đà Nẵng,Cửa hàng,3,3,493650.0,361785.0
2025-04-24,Sách,Đà Nẵng,Online,3,3,494300.0,382220.0
2025-04-24,Thời trang,Cần Thơ,Cửa hàng,2,2,1594000.0,990988.0
2025-04-24,Thời trang,Hà Nội,Cửa hàng,6,6,7570450.0,4976264.0
2025-04-24,Thời trang,Hà Nội,Online,3,3,4490050.0,3565404.0
2025-04-24,Thời trang,Hải Phòng,Cửa hàng,2,2,1459000.0,977635.0
2025-04-24,Thời trang,Hải Phòng,Online,1,1,666000.0,481540.0
2025-04-24,Thời trang,TP HCM,Cửa hàng,5,5,4929000.0,3639172.0
2025-04-24,Thời trang,TP HCM,Online,3,3,1928050.0,1337124.0
2025-04-24,Thời trang,Đà Nẵng,Cửa hàng,1,1,575450.0,369653.0
2025-04-24,Thời trang,Đà Nẵng,Online,1,1,657000.0,522433.0
2025-04-24,Thực phẩm,Cần Thơ,Cửa hàng,4,4,1515300.0,1215683.0
2025-04-24,Thực phẩm,Cần Thơ,Online,4,4,1850000.0,1351026.0
2025-04-24,Thực phẩm,Hà Nội,Cửa hàng,8,8,2774000.0,1894320.0
2025-04-24,Thực phẩm,Hà Nội,Online,10,10,5523333.0,4027643.0
2025-04-24,Thực phẩm,Hải Phòng,Cửa hàng,6,6,1673250.0,1226943.0
2025-04-24,Thực phẩm,Hải Phòng,Online,2,2,305400.0,218265.0
2025-04-24,Thực phẩm,TP HCM,Cửa hàng,10,10,2551950.0,1905187.0
2025-04-24,Thực phẩm,TP HCM,Online,7,7,2787950.0,2040323.0
2025-04-24,Thực phẩm,Đà Nẵng,Cửa hàng,6,6,2304100.0,1677068.0
2025-04-24,Thực phẩm,Đà Nẵng,Online,1,1,338200.0,251859.0
2025-04-24,Điện tử,Cần Thơ,Cửa hàng,1,1,19076754.0,13353728.0
2025-04-24,Điện tử,Hà Nội,Cửa hàng,3,3,5253000.0,3820788.0
2025-04-24,Điện tử,Hà Nội,Online,6,6,9499900.0,7156596.0
2025-04-24,Điện tử,Hải Phòng,Cửa hàng,2,2,2167750.0,1644248.0
2025-04-24,Điện tử,TP HCM,Cửa hàng,3,3,4356200.0,3062337.0
2025-04-24,Điện tử,TP HCM,Online,2,2,8988000.0,6111298.0
2025-04-24,Điện tử,Đà Nẵng,Cửa hàng,2,2,2070250.0,1563799.0
2025-04-24,Điện tử,Đà Nẵng,Online,2,2,2306600.0,1670511.0
2025-04-25,Gia dụng,Cần Thơ,Online,5,5,8869000.0,6955186.0
2025-04-25,Gia dụng,Hà Nội,Cửa hàng,5,5,9097400.0,6694228.0
2025-04-25,Gia dụng,Hà Nội,Online,4,4,8006100.0,5700317.0
2025-04-25,Gia dụng,Hải Phòng,Online,1,1,749000.0,467883.0
2025-04-25,Gia dụng,TP HCM,Cửa hàng,4,4,4556950.0,3166549.0
2025-04-25,Gia dụng,TP HCM,Online,5,5,7069600.0,5457373.0
2025-04-25,Gia dụng,Đà Nẵng,Cửa hàng,1,1,1564000.0,1091416.0
2025-04-25,Mỹ phẩm,Hà Nội,Cửa hàng,1,1,523000.0,345771.0
2025-04-25,Mỹ phẩm,Hà Nội,Online,7,7,5276050.0,3641714.0
2025-04-25,Mỹ phẩm,Hải Phòng,Online,1,1,1547550.0,1176905.0
2025-04-25,Mỹ phẩm,TP HCM,Cửa hàng,4,4,3420100.0,2297642.0
2025-04-25,Mỹ phẩm,Đà Nẵng,Online,3,3,3979200.0,2837118.0
2025-04-25,Sách,Cần Thơ,Cửa hàng,2,2,714600.0,545753.0
2025-04-25,Sách,Cần Thơ,Online,4,4,728000.0,553431.0
2025-04-25,Sách,Hà Nội,Cửa hàng,3,3,764850.0,576947.0
2025-04-25,Sách,Hà Nội,Online,8,8,1369950.0,978713.0
2025-04-25,Sách,Hải Phòng,Online,1,1,130050.0,98422.0
2025-04-25,Sách,TP HCM,Cửa hàng,6,6,1365450.0,925397.0
2025-04-25,Sách,TP HCM,Online,4,4,893850.0,633568.0
2025-04-25,Sách,Đà Nẵng,Online,1,1,655500.0,517138.0
2025-04-25,Thời trang,Cần Thơ,Cửa hàng,1,1,694000.0,456047.0
2025-04-25,Thời trang,Cần Thơ,Online,1,1,620500.0,426055.0
2025-04-25,Thời trang,Hà Nội,Cửa hàng,2,2,3506700.0,2348545.0
2025-04-25,Thời trang,Hà Nội,Online,4,4,4744750.0,3514614.0
2025-04-25,Thời trang,Hải Phòng,Cửa hàng,1,1,1404100.0,1106140.0
2025-04-25,Thời trang,TP HCM,Cửa hàng,6,6,4608050.0,3233798.0
2025-04-25,Thời trang,TP HCM,Online,4,4,7477000.0,5768659.0
2025-04-25,Thời trang,Đà Nẵng,Cửa hàng,1,1,1446000.0,957745.0
2025-04-25,Thời trang,Đà Nẵng,Online,1,1,667000.0,489601.0
2025-04-25,Thực phẩm,Cần Thơ,Cửa hàng,4,4,1381200.0,1026604.0
2025-04-25,Thực phẩm,Cần Thơ,Online,3,3,816300.0,589176.0
2025-04-25,Thực phẩm,Hà Nội,Cửa hàng,11,11,3099500.0,2264471.0
2025-04-25,Thực phẩm,Hà Nội,Online,7,7,1419350.0,995349.0
2025-04-25,Thực phẩm,Hải Phòng,Cửa hàng,2,2,344400.0,269702.0
2025-04-25,Thực phẩm,Hải Phòng,Online,3,3,924000.0,670092.0
2025-04-25,Thực phẩm,TP HCM,Cửa hàng,7,7,1886000.0,1421430.0
2025-04-25,Thực phẩm,TP HCM,Online,15,15,3962450.0,2777241.0
2025-04-25,Thực phẩm,Đà Nẵng,Cửa hàng,7,7,1984000.0,1496190.0
2025-04-25,Thực phẩm,Đà Nẵng,Online,2,2,505000.0,383486.0
2025-04-25,Điện tử,Cần Thơ,Cửa hàng,6,6,13768600.0,10504359.0
2025-04-25,Điện tử,Cần Thơ,Online,2,2,3085200.0,2048416.0
2025-04-25,Điện tử,Hà Nội,Cửa hàng,3,3,5338050.0,4078999.0
2025-04-25,Điện tử,Hải Phòng,Cửa hàng,3,3,3253100.0,2128441.0
2025-04-25,Điện tử,Hải Phòng,Online,2,2,3050000.0,2139242.0
2025-04-25,Điện tử,TP HCM,Cửa hàng,2,2,3646500.0,2711564.0
2025-04-25,Điện tử,TP HCM,Online,5,5,7910050.0,5884139.0
2025-04-25,Điện tử,Đà Nẵng,Cửa hàng,6,6,10102000.0,7248500.0
2025-04-26,Gia dụng,Cần Thơ,Cửa hàng,2,2,4608100.0,3026376.0
2025-04-26,Gia dụng,Hà Nội,Cửa hàng,5,5,7222550.0,5496938.0
2025-04-26,Gia dụng,Hà Nội,Online,4,4,4814050.0,3732966.0
2025-04-26,Gia dụng,Hải Phòng,Cửa hàng,2,2,3016000.0,2014956.0
2025-04-26,Gia dụng,Hải Phòng,Online,1,1,11117417.0,7782192.0
2025-04-26,Gia dụng,TP HCM,Cửa hàng,9,9,11649200.0,8457202.0
2025-04-26,Gia dụng,TP HCM,Online,4,4,5909800.0,4264347.0
2025-04-26,Gia dụng,Đà Nẵng,Cửa hàng,3,3,5800700.0,4322129.0
2025-04-26,Gia dụng,Đà Nẵng,Online,1,1,800000.0,576949.0
2025-04-26,Mỹ phẩm,Cần Thơ,Cửa hàng,2,2,2018000.0,1424676.0
2025-04-26,Mỹ phẩm,Hà Nội,Cửa hàng,1,1,485000.0,319129.0
2025-04-26,Mỹ phẩm,Hà Nội,Online,1,1,445000.0,321399.0
2025-04-26,Mỹ phẩm,Hải Phòng,Cửa hàng,1,1,921400.0,657559.0
2025-04-26,Mỹ phẩm,Hải Phòng,Online,1,1,916200.0,663097.0
2025-04-26,Mỹ phẩm,TP HCM,Cửa hàng,1,1,437400.0,299032.0
2025-04-26,Mỹ phẩm,TP HCM,Online,1,1,421200.0,287407.0
2025-04-26,Mỹ phẩm,Đà Nẵng,Cửa hàng,1,1,1322400.0,957292.0
2025-04-26,Mỹ phẩm,Đà Nẵng,Online,2,2,2381000.0,1961411.0
2025-04-26,Sách,Cần Thơ,Cửa hàng,2,2,399600.0,319359.0
2025-04-26,Sách,Hà Nội,Cửa hàng,4,4,1117550.0,810891.0
2025-04-26,Sách,Hà Nội,Online,2,2,256200.0,199400.0
2025-04-26,Sách,Hải Phòng,Cửa hàng,2,2,255400.0,199558.0
2025-04-26,Sách,Hải Phòng,Online,1,1,131100.0,109927.0
2025-04-26,Sách,TP HCM,Cửa hàng,5,5,1433350.0,1009727.0
2025-04-26,Sách,TP HCM,Online,6,6,1209750.0,881082.0
2025-04-26,Sách,Đà Nẵng,Cửa hàng,4,4,1045300.0,706343.0
2025-04-26,Thời trang,Cần Thơ,Cửa hàng,1,1,737000.0,547811.0
2025-04-26,Thời trang,Cần Thơ,Online,2,2,4047200.0,2471697.0
2025-04-26,Thời trang,Hà Nội,Cửa hàng,9,8,7812650.0,5639787.0
2025-04-26,Thời trang,Hà Nội,Online,4,4,5016850.0,3445256.0
2025-04-26,Thời trang,Hải Phòng,Cửa hàng,2,2,2988700.0,2016165.0
2025-04-26,Thời trang,Hải Phòng,Online,2,2,3601000.0,2307675.0
2025-04-26,Thời trang,TP HCM,Cửa hàng,3,3,3737200.0,2822721.0
2025-04-26,Thời trang,TP HCM,Online,2,2,1445000.0,1044783.0
2025-04-26,Thời trang,Đà Nẵng,Cửa hàng,3,3,3736000.0,2698116.0
2025-04-26,Thời trang,Đà Nẵng,Online,1,1,643150.0,438525.0
2025-04-26,Thực phẩm,Cần Thơ,Cửa hàng,4,4,1622650.0,1136154.0
2025-04-26,Thực phẩm,Cần Thơ,Online,8,8,5608349.0,4002608.0
2025-04-26,Thực phẩm,Hà Nội,Cửa hàng,17,17,4993350.0,3653439.0
2025-04-26,Thực phẩm,Hà Nội,Online,3,3,927450.0,695886.0
2025-04-26,Thực phẩm,Hải Phòng,Cửa hàng,4,4,1675800.0,1202199.0
2025-04-26,Thực phẩm,Hải Phòng,Online,3,3,627300.0,472124.0
2025-04-26,Thực phẩm,TP HCM,Cửa hàng,13,13,4451900.0,3298833.0
2025-04-26,Thực phẩm,TP HCM,Online,6,6,2470000.0,1787468.0
2025-04-26,Thực phẩm,Đà Nẵng,Online,3,3,1198500.0,866295.0
2025-04-26,Điện tử,Cần Thơ,Cửa hàng,1,1,1052000.0,646531.0
2025-04-26,Điện tử,Cần Thơ,Online,3,3,5584800.0,4307373.0
2025-04-26,Điện tử,Hà Nội,Cửa hàng,2,2,5715000.0,4394675.0
2025-04-26,Điện tử,Hải Phòng,Online,2,2,3217000.0,2334297.0
2025-04-26,Điện tử,TP HCM,Cửa hàng,7,7,12368650.0,8535680.0
2025-04-26,Điện tử,TP HCM,Online,4,4,4322050.0,3056050.0
2025-04-26,Điện tử,Đà Nẵng,Cửa hàng,6,6,11416350.0,7998076.0
2025-04-26,Điện tử,Đà Nẵng,Online,3,3,3551950.0,2734729.0
2025-04-27,Gia dụng,Cần Thơ,Cửa hàng,2,2,7973000.0,5732179.0
2025-04-27,Gia dụng,Cần Thơ,Online,1,1,2580000.0,1391310.0
2025-04-27,Gia dụng,Hà Nội,Cửa hàng,3,3,7593250.0,5064891.0
2025-04-27,Gia dụng,Hà Nội,Online,5,5,6721550.0,4606599.0
2025-04-27,Gia dụng,Hải Phòng,Cửa hàng,2,2,2333000.0,1565948.0
2025-04-27,Gia dụng,Hải Phòng,Online,4,4,5834000.0,3855340.0
2025-04-27,Gia dụng,TP HCM,Cửa hàng,4,4,3991550.0,2741384.0
2025-04-27,Gia dụng,TP HCM,Online,3,3,2374550.0,1712492.0
2025-04-27,Gia dụng,Đà Nẵng,Cửa hàng,2,2,4338100.0,2932175.0
2025-04-27,Gia dụng,Đà Nẵng,Online,2,2,4064400.0,3164016.0
2025-04-27,Mỹ phẩm,Cần Thơ,Cửa hàng,2,2,1035000.0,719280.0
2025-04-27,Mỹ phẩm,Hà Nội,Cửa hàng,3,3,2270450.0,1612656.0
2025-04-27,Mỹ phẩm,Hà Nội,Online,2,2,4328200.0,3133905.0
2025-04-27,Mỹ phẩm,Hải Phòng,Cửa hàng,1,1,486000.0,376766.0
2025-04-27,Mỹ phẩm,Hải Phòng,Online,1,1,2078600.0,1252547.0
2025-04-27,Mỹ phẩm,TP HCM,Cửa hàng,7,7,8336142.0,5961363.0
2025-04-27,Mỹ phẩm,Đà Nẵng,Cửa hàng,1,1,1060800.0,716340.0
2025-04-27,Mỹ phẩm,Đà Nẵng,Online,1,1,423000.0,311498.0
2025-04-27,Sách,Hà Nội,Cửa hàng,3,3,414900.0,293738.0
2025-04-27,Sách,Hà Nội,Online,4,4,1167100.0,876815.0
2025-04-27,Sách,Hải Phòng,Cửa hàng,2,2,317000.0,250583.0
2025-04-27,Sách,Hải Phòng,Online,2,2,274550.0,172601.0
2025-04-27,Sách,TP HCM,Cửa hàng,5,5,1285600.0,985420.0
2025-04-27,Sách,TP HCM,Online,1,1,783750.0,510011.0
2025-04-27,Sách,Đà Nẵng,Cửa hàng,2,2,296000.0,214589.0
2025-04-27,Sách,Đà Nẵng,Online,3,3,455000.0,318473.0
2025-04-27,Thời trang,Cần Thơ,Cửa hàng,3,3,4447100.0,3565414.0
2025-04-27,Thời trang,Cần Thơ,Online,2,2,1350150.0,887202.0
2025-04-27,Thời trang,Hà Nội,Cửa hàng,9,9,9420400.0,7225335.0
2025-04-27,Thời trang,Hà Nội,Online,5,5,9501350.0,6786538.0
2025-04-27,Thời trang,Hải Phòng,Online,1,1,826000.0,627583.0
2025-04-27,Thời trang,TP HCM,Cửa hàng,3,3,3491200.0,2413265.0
2025-04-27,Thời trang,TP HCM,Online,8,8,11063750.0,7761508.0
2025-04-27,Thời trang,Đà Nẵng,Cửa hàng,4,4,5916850.0,4073854.0
2025-04-27,Thực phẩm,Cần Thơ,Cửa hàng,4,4,851000.0,652624.0
2025-04-27,Thực phẩm,Cần Thơ,Online,4,4,1055700.0,771630.0
2025-04-27,Thực phẩm,Hà Nội,Cửa hàng,11,11,3355300.0,2353398.0
2025-04-27,Thực phẩm,Hà Nội,Online,8,8,1615700.0,1166110.0
2025-04-27,Thực phẩm,Hải Phòng,Cửa hàng,1,1,368000.0,256566.0
2025-04-27,Thực phẩm,Hải Phòng,Online,5,5,2289800.0,1642603.0
2025-04-27,Thực phẩm,TP HCM,Cửa hàng,12,12,4348750.0,3124757.0
2025-04-27,Thực phẩm,TP HCM,Online,11,11,5954775.0,4319485.0
2025-04-27,Thực phẩm,Đà Nẵng,Cửa hàng,1,1,701250.0,495349.0
2025-04-27,Thực phẩm,Đà Nẵng,Online,5,5,1055800.0,716277.0
2025-04-27,Điện tử,Cần Thơ,Cửa hàng,1,1,2154600.0,1441151.0
2025-04-27,Điện tử,Cần Thơ,Online,1,1,1128000.0,699791.0
2025-04-27,Điện tử,Hà Nội,Cửa hàng,6,6,13380300.0,9688568.0
2025-04-27,Điện tử,Hà Nội,Online,3,3,10696400.0,7700244.0
2025-04-27,Điện tử,Hải Phòng,Online,3,3,4427400.0,3392961.0
2025-04-27,Điện tử,TP HCM,Cửa hàng,5,5,10101000.0,7033578.0
2025-04-27,Điện tử,TP HCM,Online,3,3,6961000.0,4702169.0
2025-04-27,Điện tử,Đà Nẵng,Cửa hàng,4,4,6247700.0,4286993.0
2025-04-27,Điện tử,Đà Nẵng,Online,3,3,6719150.0,5310113.0
2025-04-28,Gia dụng,Cần Thơ,Cửa hàng,2,2,5526000.0,4045831.0
2025-04-28,Gia dụng,Cần Thơ,Online,6,6,9836450.0,7530407.0
2025-04-28,Gia dụng,Hà Nội,Cửa hàng,7,7,8734550.0,6359117.0
2025-04-28,Gia dụng,Hà Nội,Online,4,4,7900500.0,5604571.0
2025-04-28,Gia dụng,Hải Phòng,Cửa hàng,1,1,4710000.0,3079659.0
2025-04-28,Gia dụng,Hải Phòng,Online,1,1,2257200.0,1833290.0
2025-04-28,Gia dụng,TP HCM,Cửa hàng,3,3,6347450.0,4513014.0
2025-04-28,Gia dụng,TP HCM,Online,7,7,6166050.0,4215346.0
2025-04-28,Gia dụng,Đà Nẵng,Cửa hàng,2,2,1605850.0,1197209.0
2025-04-28,Gia dụng,Đà Nẵng,Online,1,1,945000.0,658938.0
2025-04-28,Mỹ phẩm,Cần Thơ,Cửa hàng,2,2,2219800.0,1693952.0
2025-04-28,Mỹ phẩm,Cần Thơ,Online,1,1,1876000.0,1354933.0
2025-04-28,Mỹ phẩm,Hà Nội,Cửa hàng,1,1,531000.0,352266.0
2025-04-28,Mỹ phẩm,Hà Nội,Online,5,5,3360300.0,2310951.0
2025-04-28,Mỹ phẩm,Hải Phòng,Cửa hàng,1,1,459000.0,317140.0
2025-04-28,Mỹ phẩm,Hải Phòng,Online,2,2,1827950.0,1431040.0
2025-04-28,Mỹ phẩm,TP HCM,Cửa hàng,3,3,3534800.0,2592429.0
2025-04-28,Mỹ phẩm,TP HCM,Online,3,3,2907600.0,2085041.0
2025-04-28,Mỹ phẩm,Đà Nẵng,Online,1,1,465500.0,326840.0
2025-04-28,Sách,Cần Thơ,Cửa hàng,2,2,614000.0,434221.0
2025-04-28,Sách,Cần Thơ,Online,1,1,128000.0,107145.0
2025-04-28,Sách,Hà Nội,Cửa hàng,2,2,532000.0,374972.0
2025-04-28,Sách,Hà Nội,Online,3,3,542200.0,399728.0
2025-04-28,Sách,Hải Phòng,Cửa hàng,3,3,562800.0,373794.0
2025-04-28,Sách,Hải Phòng,Online,1,1,128000.0,85265.0
2025-04-28,Sách,TP HCM,Cửa hàng,5,5,1082300.0,812301.0
2025-04-28,Sách,TP HCM,Online,2,2,570000.0,412909.0
2025-04-28,Sách,Đà Nẵng,Cửa hàng,2,2,263000.0,207320.0
2025-04-28,Sách,Đà Nẵng,Online,3,3,859000.0,575480.0
2025-04-28,Thời trang,Cần Thơ,Cửa hàng,2,2,3634800.0,2794044.0
2025-04-28,Thời trang,Cần Thơ,Online,2,2,3121400.0,2119902.0
2025-04-28,Thời trang,Hà Nội,Cửa hàng,4,4,4778350.0,3432770.0
2025-04-28,Thời trang,Hà Nội,Online,4,4,8859050.0,6632317.0
2025-04-28,Thời trang,Hải Phòng,Online,1,1,2559000.0,1728081.0
2025-04-28,Thời trang,TP HCM,Cửa hàng,4,4,4358850.0,2848198.0
2025-04-28,Thời trang,TP HCM,Online,6,6,6161250.0,4415983.0
2025-04-28,Thời trang,Đà Nẵng,Cửa hàng,3,3,2325800.0,1659496.0
2025-04-28,Thời trang,Đà Nẵng,Online,2,2,3536000.0,2742862.0
2025-04-28,Thực phẩm,Cần Thơ,Cửa hàng,6,6,2215900.0,1690263.0
2025-04-28,Thực phẩm,Cần Thơ,Online,3,3,824000.0,622495.0
2025-04-28,Thực phẩm,Hà Nội,Cửa hàng,9,9,3744150.0,2579089.0
2025-04-28,Thực phẩm,Hà Nội,Online,5,5,1408200.0,1010308.0
2025-04-28,Thực phẩm,Hải Phòng,Cửa hàng,3,3,1974500.0,1284655.0
2025-04-28,Thực phẩm,Hải Phòng,Online,5,5,1167500.0,794502.0
2025-04-28,Thực phẩm,TP HCM,Cửa hàng,9,9,2863300.0,2252489.0
2025-04-28,Thực phẩm,TP HCM,Online,9,9,3618450.0,2740607.0
2025-04-28,Thực phẩm,Đà Nẵng,Cửa hàng,3,3,896900.0,626758.0
2025-04-28,Thực phẩm,Đà Nẵng,Online,7,7,1962750.0,1442486.0
2025-04-28,Điện tử,Cần Thơ,Cửa hàng,2,2,4140500.0,2969736.0
2025-04-28,Điện tử,Hà Nội,Cửa hàng,5,5,12476000.0,8581402.0
2025-04-28,Điện tử,Hà Nội,Online,2,2,1880050.0,1438285.0
2025-04-28,Điện tử,Hải Phòng,Online,2,2,3188300.0,2353319.0
2025-04-28,Điện tử,TP HCM,Cửa hàng,5,5,8842600.0,5831817.0
2025-04-28,Điện tử,TP HCM,Online,2,2,6983000.0,5530002.0
2025-04-28,Điện tử,Đà Nẵng,Cửa hàng,2,2,2800800.0,1994912.0
2025-04-28,Điện tử,Đà Nẵng,Online,5,5,6927000.0,4920081.0
2025-04-29,Gia dụng,Cần Thơ,Cửa hàng,2,2,3732000.0,2483279.0
2025-04-29,Gia dụng,Cần Thơ,Online,2,2,4729000.0,3271497.0
2025-04-29,Gia dụng,Hà Nội,Cửa hàng,4,4,8002650.0,5805732.0
2025-04-29,Gia dụng,Hà Nội,Online,5,5,6734000.0,4895105.0
2025-04-29,Gia dụng,Hải Phòng,Cửa hàng,1,1,880000.0,651490.0
2025-04-29,Gia dụng,Hải Phòng,Online,2,2,1632700.0,1241968.0
2025-04-29,Gia dụng,TP HCM,Cửa hàng,4,4,6281350.0,4226366.0
2025-04-29,Gia dụng,TP HCM,Online,4,4,6700150.0,4837158.0
2025-04-29,Gia dụng,Đà Nẵng,Cửa hàng,3,3,4946550.0,3923399.0
2025-04-29,Gia dụng,Đà Nẵng,Online,1,1,1409800.0,1133814.0
2025-04-29,Mỹ phẩm,Cần Thơ,Cửa hàng,1,1,986000.0,726728.0
2025-04-29,Mỹ phẩm,Hà Nội,Cửa hàng,3,3,1711550.0,1147475.0
2025-04-29,Mỹ phẩm,Hà Nội,Online,4,4,4198700.0,2836306.0
2025-04-29,Mỹ phẩm,Hải Phòng,Cửa hàng,1,1,451000.0,366605.0
2025-04-29,Mỹ phẩm,Hải Phòng,Online,2,2,796500.0,544106.0
2025-04-29,Mỹ phẩm,TP HCM,Cửa hàng,2,2,3210000.0,2168301.0
2025-04-29,Mỹ phẩm,TP HCM,Online,1,1,488000.0,315259.0
2025-04-29,Mỹ phẩm,Đà Nẵng,Cửa hàng,3,3,3073700.0,2223844.0
2025-04-29,Mỹ phẩm,Đà Nẵng,Online,1,1,444600.0,321110.0
2025-04-29,Sách,Cần Thơ,Cửa hàng,1,1,494000.0,363652.0
2025-04-29,Sách,Cần Thơ,Online,1,1,498000.0,341667.0
2025-04-29,Sách,Hà Nội,Cửa hàng,3,3,805000.0,653122.0
2025-04-29,Sách,Hà Nội,Online,2,2,632650.0,497170.0
2025-04-29,Sách,Hải Phòng,Cửa hàng,2,2,297000.0,218945.0
2025-04-29,Sách,Hải Phòng,Online,3,3,2354502.0,1720971.0
2025-04-29,Sách,TP HCM,Cửa hàng,3,3,794000.0,566938.0
2025-04-29,Sách,TP HCM,Online,7,7,1902100.0,1401913.0
2025-04-29,Sách,Đà Nẵng,Cửa hàng,2,2,407550.0,310919.0
2025-04-29,Sách,Đà Nẵng,Online,1,1,146000.0,101468.0
2025-04-29,Thời trang,Cần Thơ,Cửa hàng,2,2,5061900.0,4110918.0
2025-04-29,Thời trang,Cần Thơ,Online,2,2,3564600.0,2656058.0
2025-04-29,Thời trang,Hà Nội,Cửa hàng,3,3,4522800.0,3208164.0
2025-04-29,Thời trang,Hà Nội,Online,3,3,5729000.0,4024744.0
2025-04-29,Thời trang,Hải Phòng,Cửa hàng,3,3,2059700.0,1411793.0
2025-04-29,Thời trang,Hải Phòng,Online,2,2,1904800.0,1249026.0
2025-04-29,Thời trang,TP HCM,Cửa hàng,6,6,9787500.0,6618321.0
2025-04-29,Thời trang,TP HCM,Online,8,8,8371950.0,5962851.0
2025-04-29,Thời trang,Đà Nẵng,Cửa hàng,2,2,3769800.0,3009924.0
2025-04-29,Thời trang,Đà Nẵng,Online,3,3,3168000.0,2372039.0
2025-04-29,Thực phẩm,Cần Thơ,Cửa hàng,5,5,1273550.0,884467.0
2025-04-29,Thực phẩm,Cần Thơ,Online,4,4,1101000.0,806098.0
2025-04-29,Thực phẩm,Hà Nội,Cửa hàng,7,7,1880450.0,1214973.0
2025-04-29,Thực phẩm,Hà Nội,Online,2,2,344350.0,235104.0
2025-04-29,Thực phẩm,Hải Phòng,Cửa hàng,2,2,784700.0,625383.0
2025-04-29,Thực phẩm,Hải Phòng,Online,2,2,1373650.0,961958.0
2025-04-29,Thực phẩm,TP HCM,Cửa hàng,10,10,3554250.0,2600575.0
2025-04-29,Thực phẩm,TP HCM,Online,8,8,2260000.0,1609386.0
2025-04-29,Thực phẩm,Đà Nẵng,Cửa hàng,5,5,1420300.0,1062492.0
2025-04-29,Thực phẩm,Đà Nẵng,Online,5,5,1450850.0,1070074.0
2025-04-29,Điện tử,Cần Thơ,Cửa hàng,3,3,11215000.0,9128258.0
2025-04-29,Điện tử,Cần Thơ,Online,3,3,3296000.0,2354318.0
2025-04-29,Điện tử,Hà Nội,Cửa hàng,1,1,1027000.0,618747.0
2025-04-29,Điện tử,Hà Nội,Online,5,5,6198150.0,4694315.0
2025-04-29,Điện tử,Hải Phòng,Cửa hàng,2,2,3926000.0,2665247.0
2025-04-29,Điện tử,Hải Phòng,Online,1,1,3330000.0,2427890.0
2025-04-29,Điện tử,TP HCM,Cửa hàng,10,10,19832150.0,14003225.0
2025-04-29,Điện tử,TP HCM,Online,4,4,22451360.0,15977189.0
2025-04-29,Điện tử,Đà Nẵng,Cửa hàng,3,3,5887000.0,3839414.0
2025-04-29,Điện tử,Đà Nẵng,Online,2,2,5958000.0,4214385.0
2025-04-30,Gia dụng,Cần Thơ,Cửa hàng,2,2,3590000.0,2402493.0
2025-04-30,Gia dụng,Cần Thơ,Online,1,1,3825000.0,2758536.0
2025-04-30,Gia dụng,Hà Nội,Cửa hàng,5,5,8454300.0,6623868.0
2025-04-30,Gia dụng,Hà Nội,Online,4,4,5433000.0,3818416.0
2025-04-30,Gia dụng,Hải Phòng,Cửa hàng,1,1,787000.0,661665.0
2025-04-30,Gia dụng,Hải Phòng,Online,1,1,4135000.0,3321934.0
2025-04-30,Gia dụng,TP HCM,Cửa hàng,4,4,3522500.0,2674014.0
2025-04-30,Gia dụng,TP HCM,Online,5,5,6469550.0,4801242.0
2025-04-30,Gia dụng,Đà Nẵng,Cửa hàng,2,2,3590000.0,2729067.0
2025-04-30,Mỹ phẩm,Cần Thơ,Cửa hàng,1,1,408500.0,283566.0
2025-04-30,Mỹ phẩm,Cần Thơ,Online,1,1,443000.0,301816.0
2025-04-30,Mỹ phẩm,Hà Nội,Cửa hàng,1,1,536000.0,343251.0
2025-04-30,Mỹ phẩm,Hà Nội,Online,1,1,448000.0,285112.0
2025-04-30,Mỹ phẩm,Hải Phòng,Cửa hàng,2,2,1477750.0,1211377.0
2025-04-30,Mỹ phẩm,TP HCM,Cửa hàng,4,4,3556600.0,2541944.0
2025-04-30,Mỹ phẩm,TP HCM,Online,5,5,2384800.0,1868099.0
2025-04-30,Mỹ phẩm,Đà Nẵng,Online,2,2,2580000.0,1835061.0
2025-04-30,Sách,Cần Thơ,Cửa hàng,3,3,467700.0,349349.0
2025-04-30,Sách,Cần Thơ,Online,1,1,433200.0,282147.0
2025-04-30,Sách,Hà Nội,Cửa hàng,2,2,530300.0,388079.0
2025-04-30,Sách,Hà Nội,Online,1,1,163000.0,99490.0
2025-04-30,Sách,Hải Phòng,Cửa hàng,3,3,1185600.0,954824.0
2025-04-30,Sách,TP HCM,Cửa hàng,4,4,1305500.0,973733.0
2025-04-30,Sách,TP HCM,Online,4,4,1143600.0,823694.0
2025-04-30,Thời trang,Cần Thơ,Cửa hàng,1,1,1411700.0,1164014.0
2025-04-30,Thời trang,Cần Thơ,Online,2,2,2826900.0,1949262.0
2025-04-30,Thời trang,Hà Nội,Cửa hàng,5,5,4907100.0,3589659.0
2025-04-30,Thời trang,Hà Nội,Online,3,3,14602401.0,10139753.0
2025-04-30,Thời trang,Hải Phòng,Online,2,2,3136000.0,2518472.0
2025-04-30,Thời trang,TP HCM,Cửa hàng,7,7,6025550.0,4214892.0
2025-04-30,Thời trang,TP HCM,Online,1,1,1314000.0,926778.0
2025-04-30,Thời trang,Đà Nẵng,Cửa hàng,2,2,1474100.0,1096306.0
2025-04-30,Thời trang,Đà Nẵng,Online,1,1,2411100.0,1743306.0
2025-04-30,Thực phẩm,Cần Thơ,Cửa hàng,2,2,1308000.0,898611.0
2025-04-30,Thực phẩm,Cần Thơ,Online,2,2,820300.0,580415.0
2025-04-30,Thực phẩm,Hà Nội,Cửa hàng,12,12,4054350.0,3081712.0
2025-04-30,Thực phẩm,Hà Nội,Online,8,8,2720650.0,2004247.0
2025-04-30,Thực phẩm,Hải Phòng,Cửa hàng,7,7,2422200.0,1791244.0
2025-04-30,Thực phẩm,Hải Phòng,Online,2,2,1194000.0,943730.0
2025-04-30,Thực phẩm,TP HCM,Cửa hàng,13,13,7072554.0,5035773.0
2025-04-30,Thực phẩm,TP HCM,Online,5,5,1585200.0,1256818.0
2025-04-30,Thực phẩm,Đà Nẵng,Cửa hàng,3,3,657800.0,496805.0
2025-04-30,Thực phẩm,Đà Nẵng,Online,1,1,169000.0,125517.0
2025-04-30,Điện tử,Cần Thơ,Online,2,2,23375701.0,16098263.0
2025-04-30,Điện tử,Hà Nội,Cửa hàng,8,8,14280400.0,9485585.0
2025-04-30,Điện tử,Hà Nội,Online,7,6,12256200.0,8790009.0
2025-04-30,Điện tử,Hải Phòng,Cửa hàng,4,4,6239150.0,4581857.0
2025-04-30,Điện tử,Hải Phòng,Online,1,1,1070650.0,657429.0
2025-04-30,Điện tử,TP HCM,Cửa hàng,8,8,13666900.0,10186251.0
2025-04-30,Điện tử,TP HCM,Online,7,7,11248100.0,7758827.0
2025-04-30,Điện tử,Đà Nẵng,Cửa hàng,3,3,7192800.0,4906216.0
2025-04-30,Điện tử,Đà Nẵng,Online,2,2,2350000.0,1788902.0
2025-05-01,Gia dụng,Cần Thơ,Cửa hàng,1,1,842000.0,570222.0
2025-05-01,Gia dụng,Hà Nội,Cửa hàng,12,12,14619200.0,10684632.0
2025-05-01,Gia dụng,Hà Nội,Online,2,2,1425150.0,1029326.0
2025-05-01,Gia dụng,Hải Phòng,Online,3,3,5924550.0,4134533.0
2025-05-01,Gia dụng,TP HCM,Cửa hàng,3,3,5290300.0,4053035.0
2025-05-01,Gia dụng,TP HCM,Online,7,7,8670000.0,6033223.0
2025-05-01,Gia dụng,Đà Nẵng,Cửa hàng,2,2,2998000.0,2322524.0
2025-05-01,Gia dụng,Đà Nẵng,Online,1,1,767600.0,633288.0
2025-05-01,Mỹ phẩm,Cần Thơ,Cửa hàng,1,1,491000.0,355373.0
2025-05-01,Mỹ phẩm,Cần Thơ,Online,1,1,9688167.0,6781717.0
2025-05-01,Mỹ phẩm,Hà Nội,Cửa hàng,4,4,5155250.0,3650527.0
2025-05-01,Mỹ phẩm,Hải Phòng,Online,1,1,520000.0,405836.0
2025-05-01,Mỹ phẩm,TP HCM,Cửa hàng,3,3,1378150.0,1041220.0
2025-05-01,Mỹ phẩm,TP HCM,Online,5,5,5092100.0,4021061.0
2025-05-01,Mỹ phẩm,Đà Nẵng,Cửa hàng,3,3,2213700.0,1529954.0
2025-05-01,Sách,Cần Thơ,Online,3,3,730700.0,524151.0
2025-05-01,Sách,Hà Nội,Cửa hàng,4,4,1168000.0,892845.0
2025-05-01,Sách,Hà Nội,Online,1,1,141000.0,85584.0
2025-05-01,Sách,Hải Phòng,Online,1,1,271700.0,196820.0
2025-05-01,Sách,TP HCM,Cửa hàng,6,5,1188800.0,891554.0
2025-05-01,Sách,TP HCM,Online,2,2,421800.0,308680.0
2025-05-01,Sách,Đà Nẵng,Cửa hàng,1,1,149000.0,111818.0
2025-05-01,Sách,Đà Nẵng,Online,4,4,1522800.0,1154917.0
2025-05-01,Thời trang,Cần Thơ,Cửa hàng,4,4,3702900.0,2637879.0
2025-05-01,Thời trang,Cần Thơ,Online,2,2,2620000.0,1812477.0
2025-05-01,Thời trang,Hà Nội,Cửa hàng,2,2,1474000.0,1012586.0
2025-05-01,Thời trang,Hà Nội,Online,3,3,5355800.0,3687508.0
2025-05-01,Thời trang,Hải Phòng,Cửa hàng,2,2,2849500.0,2020393.0
2025-05-01,Thời trang,TP HCM,Cửa hàng,5,5,6324350.0,4386018.0
2025-05-01,Thời trang,TP HCM,Online,2,2,2293300.0,1482046.0
2025-05-01,Thời trang,Đà Nẵng,Cửa hàng,2,2,3298000.0,2310249.0
2025-05-01,Thời trang,Đà Nẵng,Online,3,3,2834400.0,2075798.0
2025-05-01,Thực phẩm,Cần Thơ,Cửa hàng,5,5,1522700.0,1150909.0
2025-05-01,Thực phẩm,Cần Thơ,Online,7,7,2928000.0,2091694.0
2025-05-01,Thực phẩm,Hà Nội,Cửa hàng,10,10,2523100.0,1907368.0
2025-05-01,Thực phẩm,Hà Nội,Online,6,6,2632150.0,1973058.0
2025-05-01,Thực phẩm,Hải Phòng,Cửa hàng,4,4,1280100.0,915903.0
2025-05-01,Thực phẩm,Hải Phòng,Online,5,5,1806600.0,1315907.0
2025-05-01,Thực phẩm,TP HCM,Cửa hàng,7,7,2015800.0,1562751.0
2025-05-01,Thực phẩm,TP HCM,Online,5,5,1550100.0,1158982.0
2025-05-01,Thực phẩm,Đà Nẵng,Cửa hàng,6,6,2058250.0,1489982.0
2025-05-01,Thực phẩm,Đà Nẵng,Online,2,2,897000.0,607028.0
2025-05-01,Điện tử,Cần Thơ,Cửa hàng,5,5,9822500.0,7423130.0
2025-05-01,Điện tử,Cần Thơ,Online,4,4,12161500.0,9910925.0
2025-05-01,Điện tử,Hà Nội,Cửa hàng,5,5,12242350.0,9377594.0
2025-05-01,Điện tử,Hà Nội,Online,3,3,6106000.0,4363213.0
2025-05-01,Điện tử,Hải Phòng,Cửa hàng,1,1,1727200.0,1388056.0
2025-05-01,Điện tử,Hải Phòng,Online,1,1,4806000.0,3975312.0
2025-05-01,Điện tử,TP HCM,Cửa hàng,2,2,5098500.0,3750762.0
2025-05-01,Điện tử,TP HCM,Online,6,6,11583100.0,8159970.0
2025-05-01,Điện tử,Đà Nẵng,Cửa hàng,4,4,9597700.0,6763669.0
2025-05-01,Điện tử,Đà Nẵng,Online,1,1,4149600.0,2909176.0
2025-05-02,Gia dụng,Cần Thơ,Cửa hàng,2,2,1396850.0,864880.0
2025-05-02,Gia dụng,Cần Thơ,Online,2,2,2373700.0,1711335.0
2025-05-02,Gia dụng,Hà Nội,Cửa hàng,9,9,16794250.0,12424500.0
2025-05-02,Gia dụng,Hà Nội,Online,3,3,5010500.0,3739090.0
2025-05-02,Gia dụng,Hải Phòng,Cửa hàng,2,2,4216600.0,2887901.0
2025-05-02,Gia dụng,Hải Phòng,Online,1,1,2376000.0,1713538.0
2025-05-02,Gia dụng,TP HCM,Cửa hàng,1,1,845000.0,555982.0
2025-05-02,Gia dụng,TP HCM,Online,11,11,20095000.0,14891872.0
2025-05-02,Gia dụng,Đà Nẵng,Cửa hàng,2,2,11127676.0,7777656.0
2025-05-02,Gia dụng,Đà Nẵng,Online,2,2,1630000.0,1234043.0
2025-05-02,Mỹ phẩm,Cần Thơ,Cửa hàng,1,1,950000.0,727429.0
2025-05-02,Mỹ phẩm,Cần Thơ,Online,1,1,882000.0,637021.0
2025-05-02,Mỹ phẩm,Hà Nội,Cửa hàng,2,2,4551000.0,3058320.0
2025-05-02,Mỹ phẩm,Hà Nội,Online,2,2,2099500.0,1458557.0
2025-05-02,Mỹ phẩm,TP HCM,Cửa hàng,1,1,546000.0,351144.0
2025-05-02,Mỹ phẩm,TP HCM,Online,1,1,540000.0,397165.0
2025-05-02,Mỹ phẩm,Đà Nẵng,Cửa hàng,3,3,4034550.0,3018272.0
2025-05-02,Mỹ phẩm,Đà Nẵng,Online,1,1,494000.0,369176.0
2025-05-02,Sách,Cần Thơ,Online,3,3,714250.0,485343.0
2025-05-02,Sách,Hà Nội,Cửa hàng,3,3,554300.0,403248.0
2025-05-02,Sách,Hà Nội,Online,3,3,720500.0,584581.0
2025-05-02,Sách,Hải Phòng,Online,1,1,510000.0,365673.0
2025-05-02,Sách,TP HCM,Cửa hàng,1,1,120650.0,89652.0
2025-05-02,Sách,TP HCM,Online,5,5,903000.0,694366.0
2025-05-02,Sách,Đà Nẵng,Cửa hàng,2,2,418000.0,269675.0
2025-05-02,Sách,Đà Nẵng,Online,1,1,163000.0,124052.0
2025-05-02,Thời trang,Cần Thơ,Online,3,3,4735200.0,3292213.0
2025-05-02,Thời trang,Hà Nội,Cửa hàng,3,3,4222000.0,3047696.0
2025-05-02,Thời trang,Hà Nội,Online,4,4,5954700.0,3807096.0
2025-05-02,Thời trang,Hải Phòng,Cửa hàng,4,4,8886300.0,6969884.0
2025-05-02,Thời trang,Hải Phòng,Online,5,5,13194331.0,9157291.0
2025-05-02,Thời trang,TP HCM,Cửa hàng,1,1,13314916.0,9320442.0
2025-05-02,Thời trang,TP HCM,Online,4,4,5410400.0,4002414.0
2025-05-02,Thời trang,Đà Nẵng,Cửa hàng,3,3,2232000.0,1730148.0
2025-05-02,Thời trang,Đà Nẵng,Online,1,1,3545000.0,2810592.0
2025-05-02,Thực phẩm,Cần Thơ,Cửa hàng,2,2,608000.0,396451.0
2025-05-02,Thực phẩm,Hà Nội,Cửa hàng,12,12,4257400.0,3142432.0
2025-05-02,Thực phẩm,Hà Nội,Online,2,2,353850.0,252532.0
2025-05-02,Thực phẩm,Hải Phòng,Cửa hàng,1,1,318000.0,243594.0
2025-05-02,Thực phẩm,TP HCM,Cửa hàng,8,8,2784150.0,1889937.0
2025-05-02,Thực phẩm,TP HCM,Online,8,8,2308600.0,1669422.0
2025-05-02,Thực phẩm,Đà Nẵng,Cửa hàng,1,1,183000.0,115241.0
2025-05-02,Thực phẩm,Đà Nẵng,Online,7,7,1412300.0,971041.0
2025-05-02,Điện tử,Cần Thơ,Cửa hàng,4,4,5595100.0,3877327.0
2025-05-02,Điện tử,Cần Thơ,Online,1,1,1081000.0,782406.0
2025-05-02,Điện tử,Hà Nội,Cửa hàng,2,2,2180900.0,1607233.0
2025-05-02,Điện tử,Hà Nội,Online,7,7,8251100.0,6191423.0
2025-05-02,Điện tử,Hải Phòng,Cửa hàng,1,1,2236000.0,1560361.0
2025-05-02,Điện tử,Hải Phòng,Online,2,2,5140000.0,3843928.0
2025-05-02,Điện tử,TP HCM,Cửa hàng,12,12,22875650.0,16357972.0
2025-05-02,Điện tử,TP HCM,Online,10,10,15812000.0,11247805.0
2025-05-02,Điện tử,Đà Nẵng,Cửa hàng,2,2,3418700.0,2459974.0
2025-05-02,Điện tử,Đà Nẵng,Online,4,4,6638600.0,4998727.0
2025-05-03,Gia dụng,Cần Thơ,Cửa hàng,4,4,4364300.0,3265794.0
2025-05-03,Gia dụng,Cần Thơ,Online,3,3,6064900.0,4109011.0
2025-05-03,Gia dụng,Hà Nội,Cửa hàng,2,2,3419100.0,2309823.0
2025-05-03,Gia dụng,Hà Nội,Online,6,6,11014700.0,7935937.0
2025-05-03,Gia dụng,Hải Phòng,Cửa hàng,1,1,824000.0,572410.0
2025-05-03,Gia dụng,Hải Phòng,Online,2,2,6970200.0,5170349.0
2025-05-03,Gia dụng,TP HCM,Cửa hàng,12,12,22255238.0,16967877.0
2025-05-03,Gia dụng,TP HCM,Online,3,3,4984300.0,3096017.0
2025-05-03,Gia dụng,Đà Nẵng,Cửa hàng,2,2,1568650.0,1094297.0
2025-05-03,Gia dụng,Đà Nẵng,Online,1,1,1760000.0,1269287.0
2025-05-03,Mỹ phẩm,Cần Thơ,Cửa hàng,2,2,1069000.0,687206.0
2025-05-03,Mỹ phẩm,Cần Thơ,Online,1,1,516800.0,332464.0
2025-05-03,Mỹ phẩm,Hà Nội,Cửa hàng,5,5,2783000.0,2040080.0
2025-05-03,Mỹ phẩm,Hà Nội,Online,3,3,2004000.0,1610170.0
2025-05-03,Mỹ phẩm,Hải Phòng,Online,1,1,508250.0,367081.0
2025-05-03,Mỹ phẩm,TP HCM,Cửa hàng,1,1,435000.0,299694.0
2025-05-03,Mỹ phẩm,TP HCM,Online,3,3,3787000.0,2916999.0
2025-05-03,Mỹ phẩm,Đà Nẵng,Cửa hàng,1,1,1242000.0,770941.0
2025-05-03,Mỹ phẩm,Đà Nẵng,Online,1,1,970900.0,777559.0
2025-05-03,Sách,Cần Thơ,Cửa hàng,1,1,172000.0,143792.0
2025-05-03,Sách,Cần Thơ,Online,3,3,717200.0,528319.0
2025-05-03,Sách,Hà Nội,Cửa hàng,4,4,949800.0,677125.0
2025-05-03,Sách,Hà Nội,Online,3,3,749700.0,602007.0
2025-05-03,Sách,Hải Phòng,Cửa hàng,1,1,313500.0,257990.0
2025-05-03,Sách,Hải Phòng,Online,1,1,153000.0,95530.0
2025-05-03,Sách,TP HCM,Cửa hàng,5,5,1204850.0,867077.0
2025-05-03,Sách,TP HCM,Online,3,3,578000.0,462875.0
2025-05-03,Sách,Đà Nẵng,Cửa hàng,2,2,381900.0,319696.0
2025-05-03,Thời trang,Cần Thơ,Cửa hàng,1,1,1670000.0,1051656.0
2025-05-03,Thời trang,Cần Thơ,Online,1,1,843000.0,517919.0
2025-05-03,Thời trang,Hà Nội,Cửa hàng,7,7,10996350.0,7952735.0
2025-05-03,Thời trang,Hà Nội,Online,4,4,2918550.0,2203555.0
2025-05-03,Thời trang,Hải Phòng,Cửa hàng,4,4,5338250.0,3982165.0
2025-05-03,Thời trang,Hải Phòng,Online,2,2,1386000.0,1048228.0
2025-05-03,Thời trang,TP HCM,Cửa hàng,4,4,5413400.0,3687273.0
2025-05-03,Thời trang,TP HCM,Online,3,3,2785250.0,1970974.0
2025-05-03,Thời trang,Đà Nẵng,Cửa hàng,2,2,4725800.0,3705512.0
2025-05-03,Thời trang,Đà Nẵng,Online,1,1,853000.0,547787.0
2025-05-03,Thực phẩm,Cần Thơ,Cửa hàng,4,4,1249000.0,985194.0
2025-05-03,Thực phẩm,Cần Thơ,Online,7,7,1233500.0,927017.0
2025-05-03,Thực phẩm,Hà Nội,Cửa hàng,7,7,1556250.0,1124242.0
2025-05-03,Thực phẩm,Hà Nội,Online,13,13,4271000.0,2977063.0
2025-05-03,Thực phẩm,Hải Phòng,Cửa hàng,3,3,513700.0,353018.0
2025-05-03,Thực phẩm,Hải Phòng,Online,1,1,357200.0,266844.0
2025-05-03,Thực phẩm,TP HCM,Cửa hàng,10,10,5470450.0,3991042.0
2025-05-03,Thực phẩm,TP HCM,Online,5,5,1666350.0,1194395.0
2025-05-03,Thực phẩm,Đà Nẵng,Cửa hàng,4,4,1282400.0,931501.0
2025-05-03,Thực phẩm,Đà Nẵng,Online,4,4,1326550.0,926246.0
2025-05-03,Điện tử,Cần Thơ,Online,2,2,2967000.0,2175186.0
2025-05-03,Điện tử,Hà Nội,Cửa hàng,3,3,4393300.0,3310199.0
2025-05-03,Điện tử,Hà Nội,Online,3,3,4347300.0,3159007.0
2025-05-03,Điện tử,Hải Phòng,Cửa hàng,2,2,1758950.0,1412581.0
2025-05-03,Điện tử,TP HCM,Cửa hàng,3,3,4444000.0,3244290.0
2025-05-03,Điện tử,Đà Nẵng,Cửa hàng,5,5,7582200.0,5288312.0
2025-05-03,Điện tử,Đà Nẵng,Online,3,3,5661000.0,4052925.0
2025-05-04,Gia dụng,Cần Thơ,Cửa hàng,2,2,2538000.0,1787458.0
2025-05-04,Gia dụng,Cần Thơ,Online,1,1,810000.0,543973.0
2025-05-04,Gia dụng,Hà Nội,Cửa hàng,6,6,13624560.0,9815597.0
2025-05-04,Gia dụng,Hà Nội,Online,3,3,3244400.0,2344264.0
2025-05-04,Gia dụng,Hải Phòng,Cửa hàng,2,2,3466500.0,2326396.0
2025-05-04,Gia dụng,TP HCM,Cửa hàng,9,9,13216500.0,10015557.0
2025-05-04,Gia dụng,TP HCM,Online,5,5,8442400.0,5944511.0
2025-05-04,Gia dụng,Đà Nẵng,Cửa hàng,1,1,1704600.0,1289787.0
2025-05-04,Gia dụng,Đà Nẵng,Online,1,1,789450.0,569340.0
2025-05-04,Mỹ phẩm,Cần Thơ,Cửa hàng,4,4,3494400.0,2756914.0
2025-05-04,Mỹ phẩm,Hà Nội,Online,3,3,3504000.0,2615590.0
2025-05-04,Mỹ phẩm,Hải Phòng,Cửa hàng,2,2,2614400.0,1970276.0
2025-05-04,Mỹ phẩm,TP HCM,Cửa hàng,4,4,4623500.0,3486035.0
2025-05-04,Mỹ phẩm,TP HCM,Online,6,6,4444300.0,3269603.0
2025-05-04,Sách,Cần Thơ,Online,2,2,702300.0,555552.0
2025-05-04,Sách,Hà Nội,Cửa hàng,2,2,283500.0,215013.0
2025-05-04,Sách,Hà Nội,Online,3,3,1062900.0,682392.0
2025-05-04,Sách,Hải Phòng,Cửa hàng,1,1,155000.0,128873.0
2025-05-04,Sách,Hải Phòng,Online,1,1,159000.0,125528.0
2025-05-04,Sách,TP HCM,Cửa hàng,6,6,1929950.0,1430860.0
2025-05-04,Sách,TP HCM,Online,3,3,457400.0,302106.0
2025-05-04,Sách,Đà Nẵng,Cửa hàng,2,2,839200.0,559048.0
2025-05-04,Thời trang,Cần Thơ,Online,1,1,3135000.0,1967642.0
2025-05-04,Thời trang,Hà Nội,Cửa hàng,3,3,4284550.0,3140551.0
2025-05-04,Thời trang,Hà Nội,Online,1,1,721050.0,496564.0
2025-05-04,Thời trang,Hải Phòng,Cửa hàng,2,2,1330850.0,929471.0
2025-05-04,Thời trang,Hải Phòng,Online,2,2,2190000.0,1475186.0
2025-05-04,Thời trang,TP HCM,Cửa hàng,6,6,6827200.0,4661172.0
2025-05-04,Thời trang,TP HCM,Online,2,2,3944000.0,2951661.0
2025-05-04,Thời trang,Đà Nẵng,Cửa hàng,4,4,6893400.0,4382491.0
2025-05-04,Thời trang,Đà Nẵng,Online,1,1,758000.0,548343.0
2025-05-04,Thực phẩm,Cần Thơ,Cửa hàng,5,5,1483050.0,1079630.0
2025-05-04,Thực phẩm,Hà Nội,Cửa hàng,14,14,3411500.0,2502539.0
2025-05-04,Thực phẩm,Hà Nội,Online,8,8,2698150.0,1964991.0
2025-05-04,Thực phẩm,Hải Phòng,Online,3,3,1110000.0,768206.0
2025-05-04,Thực phẩm,TP HCM,Cửa hàng,13,13,5659384.0,4017602.0
2025-05-04,Thực phẩm,TP HCM,Online,3,3,538700.0,394286.0
2025-05-04,Thực phẩm,Đà Nẵng,Cửa hàng,2,2,854000.0,592633.0
2025-05-04,Thực phẩm,Đà Nẵng,Online,2,2,590900.0,405651.0
2025-05-04,Điện tử,Cần Thơ,Cửa hàng,3,3,5152000.0,3999317.0
2025-05-04,Điện tử,Cần Thơ,Online,1,1,3093000.0,1921016.0
2025-05-04,Điện tử,Hà Nội,Cửa hàng,5,5,12234300.0,8804659.0
2025-05-04,Điện tử,Hà Nội,Online,2,2,2318000.0,1670060.0
2025-05-04,Điện tử,Hải Phòng,Cửa hàng,1,1,3026700.0,2565599.0
2025-05-04,Điện tử,Hải Phòng,Online,3,3,4364600.0,3209161.0
2025-05-04,Điện tử,TP HCM,Cửa hàng,3,3,5404250.0,4147958.0
2025-05-04,Điện tử,TP HCM,Online,6,6,12566700.0,9074537.0
2025-05-04,Điện tử,Đà Nẵng,Cửa hàng,3,3,4564100.0,3312133.0
2025-05-04,Điện tử,Đà Nẵng,Online,1,1,16264575.0,11385202.0
2025-05-05,Gia dụng,Cần Thơ,Cửa hàng,2,2,1616000.0,1305281.0
2025-05-05,Gia dụng,Cần Thơ,Online,2,2,1476500.0,1050325.0
2025-05-05,Gia dụng,Hà Nội,Online,3,3,5566000.0,3886310.0
2025-05-05,Gia dụng,Hải Phòng,Cửa hàng,1,1,884000.0,725809.0
2025-05-05,Gia dụng,Hải Phòng,Online,1,1,947000.0,757597.0
2025-05-05,Gia dụng,TP HCM,Cửa hàng,8,8,16643600.0,11556152.0
2025-05-05,Gia dụng,TP HCM,Online,5,5,6724400.0,4855885.0
2025-05-05,Gia dụng,Đà Nẵng,Cửa hàng,2,2,1650000.0,1159511.0
2025-05-05,Mỹ phẩm,Cần Thơ,Cửa hàng,1,1,541000.0,402022.0
2025-05-05,Mỹ phẩm,Cần Thơ,Online,2,2,2183200.0,1721541.0
2025-05-05,Mỹ phẩm,Hà Nội,Cửa hàng,6,6,5040050.0,3390051.0
2025-05-05,Mỹ phẩm,Hà Nội,Online,2,2,1500800.0,1041185.0
2025-05-05,Mỹ phẩm,Hải Phòng,Online,2,2,1273000.0,901550.0
2025-05-05,Mỹ phẩm,TP HCM,Cửa hàng,5,5,4560500.0,3177507.0
2025-05-05,Mỹ phẩm,TP HCM,Online,3,3,2560400.0,1978801.0
2025-05-05,Mỹ phẩm,Đà Nẵng,Cửa hàng,3,3,3933250.0,2722494.0
2025-05-05,Mỹ phẩm,Đà Nẵng,Online,4,4,2818200.0,2148281.0
2025-05-05,Sách,Cần Thơ,Cửa hàng,1,1,316000.0,190772.0
2025-05-05,Sách,Hà Nội,Cửa hàng,4,4,751100.0,516681.0
2025-05-05,Sách,Hà Nội,Online,1,1,785000.0,656668.0
2025-05-05,Sách,Hải Phòng,Online,1,1,152950.0,129231.0
2025-05-05,Sách,TP HCM,Cửa hàng,1,1,158650.0,105327.0
2025-05-05,Sách,TP HCM,Online,5,5,1057000.0,778115.0
2025-05-05,Sách,Đà Nẵng,Online,2,2,440800.0,328866.0
2025-05-05,Thời trang,Cần Thơ,Cửa hàng,1,1,1442000.0,930294.0
2025-05-05,Thời trang,Cần Thơ,Online,3,3,2125400.0,1715769.0
2025-05-05,Thời trang,Hà Nội,Cửa hàng,3,3,3699000.0,2651355.0
2025-05-05,Thời trang,Hà Nội,Online,6,6,6705100.0,4447629.0
2025-05-05,Thời trang,Hải Phòng,Cửa hàng,3,3,3653850.0,2397402.0
2025-05-05,Thời trang,TP HCM,Cửa hàng,5,5,5403600.0,4199828.0
2025-05-05,Thời trang,TP HCM,Online,2,2,1464450.0,1120257.0
2025-05-05,Thời trang,Đà Nẵng,Cửa hàng,2,2,1471000.0,989578.0
2025-05-05,Thời trang,Đà Nẵng,Online,1,1,721000.0,521307.0
2025-05-05,Thực phẩm,Cần Thơ,Cửa hàng,3,3,602800.0,423504.0
2025-05-05,Thực phẩm,Cần Thơ,Online,4,4,1319600.0,896333.0
2025-05-05,Thực phẩm,Hà Nội,Cửa hàng,5,5,1887800.0,1303990.0
2025-05-05,Thực phẩm,Hà Nội,Online,9,9,2862050.0,2187627.0
2025-05-05,Thực phẩm,Hải Phòng,Cửa hàng,3,3,1124300.0,784484.0
2025-05-05,Thực phẩm,Hải Phòng,Online,2,2,366000.0,255058.0
2025-05-05,Thực phẩm,TP HCM,Cửa hàng,11,11,2913400.0,2060895.0
2025-05-05,Thực phẩm,TP HCM,Online,9,9,2535450.0,1903720.0
2025-05-05,Thực phẩm,Đà Nẵng,Cửa hàng,7,7,5944101.0,4216514.0
2025-05-05,Thực phẩm,Đà Nẵng,Online,3,3,715700.0,572964.0
2025-05-05,Điện tử,Cần Thơ,Cửa hàng,5,5,9278000.0,6411845.0
2025-05-05,Điện tử,Cần Thơ,Online,3,3,4261500.0,2989255.0
2025-05-05,Điện tử,Hà Nội,Cửa hàng,3,3,3503000.0,2543043.0
2025-05-05,Điện tử,Hà Nội,Online,4,4,6235650.0,4276887.0
2025-05-05,Điện tử,Hải Phòng,Cửa hàng,4,4,7662650.0,5713450.0
2025-05-05,Điện tử,Hải Phòng,Online,3,3,7205000.0,5213373.0
2025-05-05,Điện tử,TP HCM,Cửa hàng,8,8,16413200.0,11781957.0
2025-05-05,Điện tử,TP HCM,Online,3,3,5844000.0,4182683.0
2025-05-05,Điện tử,Đà Nẵng,Cửa hàng,3,3,5257200.0,3722622.0
2025-05-05,Điện tử,Đà Nẵng,Online,1,1,1171000.0,878689.0
2025-05-06,Gia dụng,Cần Thơ,Cửa hàng,4,4,7762600.0,6066200.0
2025-05-06,Gia dụng,Cần Thơ,Online,1,1,1824000.0,1108996.0
2025-05-06,Gia dụng,Hà Nội,Cửa hàng,6,6,8548800.0,5891581.0
2025-05-06,Gia dụng,Hà Nội,Online,4,4,5338300.0,3815858.0
2025-05-06,Gia dụng,Hải Phòng,Cửa hàng,5,5,6628350.0,4654178.0
2025-05-06,Gia dụng,Hải Phòng,Online,1,1,1502900.0,1083870.0
2025-05-06,Gia dụng,TP HCM,Cửa hàng,7,7,11481550.0,7765532.0
2025-05-06,Gia dụng,TP HCM,Online,1,1,1446000.0,944258.0
2025-05-06,Gia dụng,Đà Nẵng,Cửa hàng,5,5,7705600.0,5815734.0
2025-05-06,Gia dụng,Đà Nẵng,Online,2,2,4351600.0,3116397.0
2025-05-06,Mỹ phẩm,Cần Thơ,Cửa hàng,1,1,535000.0,392076.0
2025-05-06,Mỹ phẩm,Cần Thơ,Online,2,2,1295200.0,906577.0
2025-05-06,Mỹ phẩm,Hà Nội,Cửa hàng,2,2,2786800.0,2239616.0
2025-05-06,Mỹ phẩm,Hà Nội,Online,4,4,2570500.0,1835303.0
2025-05-06,Mỹ phẩm,Hải Phòng,Cửa hàng,2,2,904000.0,747325.0
2025-05-06,Mỹ phẩm,Hải Phòng,Online,1,1,815400.0,506071.0
2025-05-06,Mỹ phẩm,TP HCM,Cửa hàng,3,3,4770000.0,3611337.0
2025-05-06,Mỹ phẩm,TP HCM,Online,1,1,427500.0,330691.0
2025-05-06,Sách,Cần Thơ,Cửa hàng,1,1,256500.0,169794.0
2025-05-06,Sách,Hà Nội,Cửa hàng,3,3,863950.0,593498.0
2025-05-06,Sách,Hải Phòng,Online,1,1,131100.0,99577.0
2025-05-06,Sách,TP HCM,Cửa hàng,1,1,151000.0,106645.0
2025-05-06,Sách,TP HCM,Online,2,2,305000.0,248806.0
2025-05-06,Sách,Đà Nẵng,Cửa hàng,6,6,1392400.0,1018290.0
2025-05-06,Thời trang,Cần Thơ,Cửa hàng,1,1,674000.0,406699.0
2025-05-06,Thời trang,Cần Thơ,Online,1,1,724000.0,523476.0
2025-05-06,Thời trang,Hà Nội,Cửa hàng,2,2,3556900.0,2583501.0
2025-05-06,Thời trang,Hà Nội,Online,3,3,3410000.0,2379944.0
2025-05-06,Thời trang,Hải Phòng,Cửa hàng,2,2,2227000.0,1509974.0
2025-05-06,Thời trang,Hải Phòng,Online,1,1,774000.0,559628.0
2025-05-06,Thời trang,TP HCM,Cửa hàng,7,7,11562300.0,8340884.0
2025-05-06,Thời trang,TP HCM,Online,2,2,1325300.0,1039952.0
2025-05-06,Thời trang,Đà Nẵng,Cửa hàng,4,4,4853900.0,3598082.0
2025-05-06,Thời trang,Đà Nẵng,Online,1,1,792300.0,572859.0
2025-05-06,Thực phẩm,Cần Thơ,Cửa hàng,2,2,518500.0,419624.0
2025-05-06,Thực phẩm,Cần Thơ,Online,2,2,531600.0,382178.0
2025-05-06,Thực phẩm,Hà Nội,Cửa hàng,11,11,3058100.0,2301445.0
2025-05-06,Thực phẩm,Hà Nội,Online,5,5,1410250.0,1077565.0
2025-05-06,Thực phẩm,Hải Phòng,Cửa hàng,4,4,1124800.0,847812.0
2025-05-06,Thực phẩm,Hải Phòng,Online,4,4,1635000.0,1084360.0
2025-05-06,Thực phẩm,TP HCM,Cửa hàng,9,9,1764200.0,1266806.0
2025-05-06,Thực phẩm,TP HCM,Online,10,10,3673600.0,2640580.0
2025-05-06,Thực phẩm,Đà Nẵng,Cửa hàng,4,4,1948000.0,1392651.0
2025-05-06,Thực phẩm,Đà Nẵng,Online,3,3,797900.0,583657.0
2025-05-06,Điện tử,Cần Thơ,Cửa hàng,2,2,5603000.0,4135968.0
2025-05-06,Điện tử,Cần Thơ,Online,3,3,4198000.0,2888935.0
2025-05-06,Điện tử,Hà Nội,Cửa hàng,9,9,17674450.0,12516884.0
2025-05-06,Điện tử,Hà Nội,Online,4,4,9951000.0,7314475.0
2025-05-06,Điện tử,Hải Phòng,Cửa hàng,2,2,5875200.0,4013442.0
2025-05-06,Điện tử,Hải Phòng,Online,2,2,2248000.0,1631554.0
2025-05-06,Điện tử,TP HCM,Cửa hàng,6,6,9698150.0,7429767.0
2025-05-06,Điện tử,TP HCM,Online,12,12,20907250.0,14869184.0
2025-05-06,Điện tử,Đà Nẵng,Cửa hàng,5,5,13206000.0,8845798.0
2025-05-06,Điện tử,Đà Nẵng,Online,1,1,1182000.0,855507.0
2025-05-07,Gia dụng,Cần Thơ,Cửa hàng,2,2,2714000.0,2019770.0
2025-05-07,Gia dụng,Cần Thơ,Online,1,1,1825900.0,1316814.0
2025-05-07,Gia dụng,Hà Nội,Cửa hàng,2,2,2650000.0,1821274.0
2025-05-07,Gia dụng,Hà Nội,Online,7,7,9668000.0,6789501.0
2025-05-07,Gia dụng,Hải Phòng,Cửa hàng,1,1,759000.0,574799.0
2025-05-07,Gia dụng,TP HCM,Cửa hàng,10,10,13789600.0,9424139.0
2025-05-07,Gia dụng,TP HCM,Online,10,10,20299700.0,14247897.0
2025-05-07,Gia dụng,Đà Nẵng,Cửa hàng,2,2,2519400.0,1764968.0
2025-05-07,Gia dụng,Đà Nẵng,Online,5,5,7674000.0,5510879.0
2025-05-07,Mỹ phẩm,Cần Thơ,Online,1,1,968000.0,699134.0
2025-05-07,Mỹ phẩm,Hà Nội,Cửa hàng,3,3,2059700.0,1413411.0
2025-05-07,Mỹ phẩm,Hà Nội,Online,3,3,2035100.0,1368435.0
2025-05-07,Mỹ phẩm,Hải Phòng,Cửa hàng,2,2,1981000.0,1405200.0
2025-05-07,Mỹ phẩm,TP HCM,Cửa hàng,5,5,3623100.0,2642131.0
2025-05-07,Mỹ phẩm,TP HCM,Online,4,4,3536000.0,2685044.0
2025-05-07,Mỹ phẩm,Đà Nẵng,Cửa hàng,2,2,1004000.0,694862.0
2025-05-07,Mỹ phẩm,Đà Nẵng,Online,4,4,2839650.0,1990906.0
2025-05-07,Sách,Cần Thơ,Cửa hàng,2,2,432750.0,343839.0
2025-05-07,Sách,Cần Thơ,Online,2,2,325000.0,243146.0
2025-05-07,Sách,Hà Nội,Cửa hàng,6,6,1926800.0,1422745.0
2025-05-07,Sách,Hà Nội,Online,6,6,1801000.0,1274784.0
2025-05-07,Sách,Hải Phòng,Cửa hàng,1,1,136800.0,110569.0
2025-05-07,Sách,TP HCM,Cửa hàng,2,2,436600.0,290960.0
2025-05-07,Sách,TP HCM,Online,2,2,324000.0,221613.0
2025-05-07,Sách,Đà Nẵng,Cửa hàng,1,1,282000.0,224322.0
2025-05-07,Sách,Đà Nẵng,Online,5,5,1504000.0,1077659.0
2025-05-07,Thời trang,Cần Thơ,Cửa hàng,1,1,1534000.0,1138427.0
2025-05-07,Thời trang,Cần Thơ,Online,1,1,852000.0,669249.0
2025-05-07,Thời trang,Hà Nội,Cửa hàng,2,2,2926000.0,2259107.0
2025-05-07,Thời trang,Hà Nội,Online,3,3,3417200.0,2470749.0
2025-05-07,Thời trang,Hải Phòng,Cửa hàng,3,3,3244400.0,2504914.0
2025-05-07,Thời trang,TP HCM,Cửa hàng,5,5,6587100.0,4688756.0
2025-05-07,Thời trang,TP HCM,Online,4,4,5054600.0,3657370.0
2025-05-07,Thời trang,Đà Nẵng,Cửa hàng,1,1,694450.0,494449.0
2025-05-07,Thời trang,Đà Nẵng,Online,2,2,1424850.0,1078517.0
2025-05-07,Thực phẩm,Cần Thơ,Cửa hàng,6,6,2228800.0,1679736.0
2025-05-07,Thực phẩm,Cần Thơ,Online,2,2,346950.0,240230.0
2025-05-07,Thực phẩm,Hà Nội,Cửa hàng,6,6,1702700.0,1303509.0
2025-05-07,Thực phẩm,Hà Nội,Online,6,6,1170100.0,859983.0
2025-05-07,Thực phẩm,Hải Phòng,Cửa hàng,2,2,855800.0,659149.0
2025-05-07,Thực phẩm,Hải Phòng,Online,4,4,1067700.0,777075.0
2025-05-07,Thực phẩm,TP HCM,Cửa hàng,13,13,3569550.0,2439923.0
2025-05-07,Thực phẩm,TP HCM,Online,7,7,4323636.0,3149274.0
2025-05-07,Thực phẩm,Đà Nẵng,Cửa hàng,2,2,1042500.0,706137.0
2025-05-07,Thực phẩm,Đà Nẵng,Online,2,2,563700.0,391735.0
2025-05-07,Điện tử,Cần Thơ,Cửa hàng,1,1,1098000.0,783575.0
2025-05-07,Điện tử,Cần Thơ,Online,1,1,3358800.0,2431031.0
2025-05-07,Điện tử,Hà Nội,Cửa hàng,7,7,13339850.0,9927451.0
2025-05-07,Điện tử,Hà Nội,Online,1,1,896800.0,644096.0
2025-05-07,Điện tử,Hải Phòng,Cửa hàng,1,1,3486000.0,2782344.0
2025-05-07,Điện tử,TP HCM,Cửa hàng,7,7,16563500.0,11983725.0
2025-05-07,Điện tử,TP HCM,Online,8,8,12342450.0,8818481.0
2025-05-07,Điện tử,Đà Nẵng,Cửa hàng,6,6,9697150.0,7198449.0
2025-05-07,Điện tử,Đà Nẵng,Online,5,5,10242750.0,7714077.0
2025-05-08,Gia dụng,Cần Thơ,Cửa hàng,1,1,774000.0,473102.0
2025-05-08,Gia dụng,Cần Thơ,Online,1,1,621350.0,470517.0
2025-05-08,Gia dụng,Hà Nội,Cửa hàng,2,2,2994000.0,2156059.0
2025-05-08,Gia dụng,Hà Nội,Online,3,3,3228000.0,2341558.0
2025-05-08,Gia dụng,Hải Phòng,Online,4,4,4137950.0,3012491.0
2025-05-08,Gia dụng,TP HCM,Cửa hàng,3,3,3268600.0,2527420.0
2025-05-08,Gia dụng,TP HCM,Online,2,2,3859850.0,2783670.0
2025-05-08,Gia dụng,Đà Nẵng,Cửa hàng,2,2,1526950.0,1020858.0
2025-05-08,Mỹ phẩm,Cần Thơ,Cửa hàng,1,1,413100.0,329553.0
2025-05-08,Mỹ phẩm,Cần Thơ,Online,2,2,1359100.0,941052.0
2025-05-08,Mỹ phẩm,Hà Nội,Cửa hàng,2,2,1995500.0,1383075.0
2025-05-08,Mỹ phẩm,Hà Nội,Online,2,2,1390000.0,1051649.0
2025-05-08,Mỹ phẩm,Hải Phòng,Online,3,3,1722900.0,1225129.0
2025-05-08,Mỹ phẩm,TP HCM,Cửa hàng,5,5,5428200.0,3922820.0
2025-05-08,Mỹ phẩm,TP HCM,Online,2,2,2097600.0,1354191.0
2025-05-08,Mỹ phẩm,Đà Nẵng,Cửa hàng,2,2,3075500.0,2487929.0
2025-05-08,Mỹ phẩm,Đà Nẵng,Online,4,4,3367650.0,2418153.0
2025-05-08,Sách,Cần Thơ,Cửa hàng,1,1,145000.0,110277.0
2025-05-08,Sách,Cần Thơ,Online,1,1,138550.0,92429.0
2025-05-08,Sách,Hà Nội,Cửa hàng,4,4,915900.0,655328.0
2025-05-08,Sách,Hà Nội,Online,3,3,444500.0,316787.0
2025-05-08,Sách,Hải Phòng,Cửa hàng,2,2,232050.0,194562.0
2025-05-08,Sách,Hải Phòng,Online,4,4,1060300.0,815467.0
2025-05-08,Sách,TP HCM,Cửa hàng,4,4,797400.0,598798.0
2025-05-08,Sách,TP HCM,Online,4,4,862700.0,616215.0
2025-05-08,Sách,Đà Nẵng,Cửa hàng,5,5,1046100.0,691320.0
2025-05-08,Thời trang,Cần Thơ,Cửa hàng,1,1,589900.0,416716.0
2025-05-08,Thời trang,Cần Thơ,Online,1,1,755250.0,513254.0
2025-05-08,Thời trang,Hà Nội,Cửa hàng,4,4,2977150.0,2216059.0
2025-05-08,Thời trang,Hà Nội,Online,4,4,6419200.0,4562110.0
2025-05-08,Thời trang,Hải Phòng,Cửa hàng,1,1,759000.0,525282.0
2025-05-08,Thời trang,Hải Phòng,Online,3,3,4202100.0,2941796.0
2025-05-08,Thời trang,TP HCM,Cửa hàng,7,7,8449700.0,6023348.0
2025-05-08,Thời trang,TP HCM,Online,4,4,4464100.0,3022674.0
2025-05-08,Thời trang,Đà Nẵng,Cửa hàng,3,3,3447500.0,2621917.0
2025-05-08,Thời trang,Đà Nẵng,Online,3,3,3321200.0,2392351.0
2025-05-08,Thực phẩm,Cần Thơ,Cửa hàng,1,1,324000.0,216153.0
2025-05-08,Thực phẩm,Cần Thơ,Online,4,4,1792000.0,1272846.0
2025-05-08,Thực phẩm,Hà Nội,Cửa hàng,11,11,2939450.0,2118920.0
2025-05-08,Thực phẩm,Hà Nội,Online,5,5,1172900.0,839905.0
2025-05-08,Thực phẩm,Hải Phòng,Cửa hàng,4,4,1647300.0,1064153.0
2025-05-08,Thực phẩm,Hải Phòng,Online,1,1,334800.0,267850.0
2025-05-08,Thực phẩm,TP HCM,Cửa hàng,15,15,7117704.0,5193817.0
2025-05-08,Thực phẩm,TP HCM,Online,8,8,2053200.0,1452376.0
2025-05-08,Thực phẩm,Đà Nẵng,Cửa hàng,2,2,1110000.0,785423.0
2025-05-08,Thực phẩm,Đà Nẵng,Online,1,1,137700.0,99532.0
2025-05-08,Điện tử,Cần Thơ,Cửa hàng,5,5,7093850.0,4960652.0
2025-05-08,Điện tử,Cần Thơ,Online,1,1,1225000.0,871385.0
2025-05-08,Điện tử,Hà Nội,Cửa hàng,4,4,7391950.0,5218582.0
2025-05-08,Điện tử,Hà Nội,Online,4,4,9502000.0,7135926.0
2025-05-08,Điện tử,Hải Phòng,Cửa hàng,3,3,7241800.0,5144756.0
2025-05-08,Điện tử,Hải Phòng,Online,1,1,2627100.0,1727170.0
2025-05-08,Điện tử,TP HCM,Cửa hàng,5,5,5086550.0,3288588.0
2025-05-08,Điện tử,TP HCM,Online,5,5,8799700.0,6383318.0
2025-05-08,Điện tử,Đà Nẵng,Cửa hàng,1,1,4845000.0,3164934.0
2025-05-09,Gia dụng,Cần Thơ,Cửa hàng,5,5,6684400.0,5142421.0
2025-05-09,Gia dụng,Cần Thơ,Online,3,3,2933300.0,2131179.0
2025-05-09,Gia dụng,Hà Nội,Cửa hàng,6,6,10735550.0,7961867.0
2025-05-09,Gia dụng,Hà Nội,Online,6,6,7675250.0,5454444.0
2025-05-09,Gia dụng,Hải Phòng,Cửa hàng,2,2,1561650.0,1259222.0
2025-05-09,Gia dụng,TP HCM,Cửa hàng,4,4,4830800.0,3583431.0
2025-05-09,Gia dụng,TP HCM,Online,3,3,2505700.0,1848592.0
2025-05-09,Gia dụng,Đà Nẵng,Online,4,4,4803650.0,3371767.0
2025-05-09,Mỹ phẩm,Cần Thơ,Cửa hàng,3,3,3935050.0,2728342.0
2025-05-09,Mỹ phẩm,Hà Nội,Cửa hàng,3,3,2380800.0,1643159.0
2025-05-09,Mỹ phẩm,Hà Nội,Online,5,5,4454500.0,3353377.0
2025-05-09,Mỹ phẩm,Hải Phòng,Cửa hàng,1,1,477900.0,336434.0
2025-05-09,Mỹ phẩm,Hải Phòng,Online,2,2,894000.0,634143.0
2025-05-09,Mỹ phẩm,TP HCM,Cửa hàng,4,4,2517000.0,1806758.0
2025-05-09,Mỹ phẩm,TP HCM,Online,3,3,2051700.0,1514443.0
2025-05-09,Mỹ phẩm,Đà Nẵng,Cửa hàng,5,5,2873150.0,2183893.0
2025-05-09,Mỹ phẩm,Đà Nẵng,Online,2,2,1373700.0,894206.0
2025-05-09,Sách,Cần Thơ,Online,1,1,156000.0,128344.0
2025-05-09,Sách,Hà Nội,Cửa hàng,5,5,1091100.0,796656.0
2025-05-09,Sách,Hải Phòng,Cửa hàng,2,2,631000.0,399501.0
2025-05-09,Sách,TP HCM,Cửa hàng,7,7,2779400.0,2139303.0
2025-05-09,Sách,TP HCM,Online,3,3,392350.0,275544.0
2025-05-09,Sách,Đà Nẵng,Online,1,1,115600.0,83741.0
2025-05-09,Thời trang,Cần Thơ,Cửa hàng,1,1,715350.0,511240.0
2025-05-09,Thời trang,Cần Thơ,Online,1,1,706500.0,593233.0
2025-05-09,Thời trang,Hà Nội,Cửa hàng,2,2,1580000.0,1098718.0
2025-05-09,Thời trang,Hà Nội,Online,1,1,788500.0,570112.0
2025-05-09,Thời trang,Hải Phòng,Cửa hàng,1,1,620350.0,448534.0
2025-05-09,Thời trang,TP HCM,Cửa hàng,6,6,14867890.0,10381846.0
2025-05-09,Thời trang,TP HCM,Online,3,3,2185200.0,1601942.0
2025-05-09,Thời trang,Đà Nẵng,Cửa hàng,2,2,2204500.0,1545627.0
2025-05-09,Thời trang,Đà Nẵng,Online,1,1,1337600.0,1131652.0
2025-05-09,Thực phẩm,Cần Thơ,Cửa hàng,2,2,716100.0,524106.0
2025-05-09,Thực phẩm,Cần Thơ,Online,4,4,860400.0,663540.0
2025-05-09,Thực phẩm,Hà Nội,Cửa hàng,7,7,1914400.0,1293313.0
2025-05-09,Thực phẩm,Hà Nội,Online,8,8,1647450.0,1183311.0
2025-05-09,Thực phẩm,Hải Phòng,Cửa hàng,6,6,4235312.0,3021882.0
2025-05-09,Thực phẩm,Hải Phòng,Online,2,2,487600.0,373272.0
2025-05-09,Thực phẩm,TP HCM,Cửa hàng,11,10,4169300.0,3044975.0
2025-05-09,Thực phẩm,TP HCM,Online,13,13,5185650.0,3664764.0
2025-05-09,Thực phẩm,Đà Nẵng,Cửa hàng,3,3,865950.0,656547.0
2025-05-09,Thực phẩm,Đà Nẵng,Online,2,2,3903341.0,2749774.0
2025-05-09,Điện tử,Cần Thơ,Cửa hàng,1,1,1204000.0,966721.0
2025-05-09,Điện tử,Cần Thơ,Online,3,3,4130000.0,3089694.0
2025-05-09,Điện tử,Hà Nội,Cửa hàng,4,4,12788000.0,9092780.0
2025-05-09,Điện tử,Hà Nội,Online,4,4,10392000.0,7716581.0
2025-05-09,Điện tử,Hải Phòng,Cửa hàng,4,4,5654700.0,3826332.0
2025-05-09,Điện tử,Hải Phòng,Online,3,3,20706110.0,14533881.0
2025-05-09,Điện tử,TP HCM,Cửa hàng,7,7,12908200.0,9162036.0
2025-05-09,Điện tử,TP HCM,Online,3,3,5714000.0,4491293.0
2025-05-09,Điện tử,Đà Nẵng,Cửa hàng,3,3,4856000.0,3169853.0
2025-05-09,Điện tử,Đà Nẵng,Online,1,1,960450.0,757354.0
2025-05-10,Gia dụng,Cần Thơ,Cửa hàng,1,1,3008000.0,2542353.0
2025-05-10,Gia dụng,Cần Thơ,Online,1,1,2413800.0,1740799.0
2025-05-10,Gia dụng,Hà Nội,Cửa hàng,5,5,8386600.0,6174438.0
2025-05-10,Gia dụng,Hà Nội,Online,2,2,1649700.0,1177356.0
2025-05-10,Gia dụng,Hải Phòng,Cửa hàng,1,1,727200.0,489449.0
2025-05-10,Gia dụng,Hải Phòng,Online,3,3,2314600.0,1590712.0
2025-05-10,Gia dụng,TP HCM,Cửa hàng,5,5,6174600.0,4629383.0
2025-05-10,Gia dụng,TP HCM,Online,3,3,3256500.0,2257313.0
2025-05-10,Gia dụng,Đà Nẵng,Cửa hàng,2,2,2593800.0,1926739.0
2025-05-10,Mỹ phẩm,Cần Thơ,Cửa hàng,2,2,922650.0,687856.0
2025-05-10,Mỹ phẩm,Hà Nội,Cửa hàng,2,2,2592000.0,1903622.0
2025-05-10,Mỹ phẩm,Hà Nội,Online,2,2,2632800.0,1817816.0
2025-05-10,Mỹ phẩm,Hải Phòng,Online,2,2,6392079.0,4569673.0
2025-05-10,Mỹ phẩm,TP HCM,Cửa hàng,4,4,4433500.0,3025630.0
2025-05-10,Mỹ phẩm,Đà Nẵng,Cửa hàng,1,1,1002000.0,759664.0
2025-05-10,Sách,Cần Thơ,Online,1,1,117900.0,85407.0
2025-05-10,Sách,Hà Nội,Cửa hàng,3,3,557000.0,386200.0
2025-05-10,Sách,Hà Nội,Online,1,1,324900.0,252091.0
2025-05-10,Sách,TP HCM,Cửa hàng,3,3,1029000.0,761349.0
2025-05-10,Sách,TP HCM,Online,4,4,1207000.0,830565.0
2025-05-10,Sách,Đà Nẵng,Cửa hàng,1,1,260000.0,171669.0
2025-05-10,Sách,Đà Nẵng,Online,1,1,124450.0,85144.0
2025-05-10,Thời trang,Cần Thơ,Cửa hàng,2,2,4317750.0,2742385.0
2025-05-10,Thời trang,Cần Thơ,Online,1,1,741600.0,529276.0
2025-05-10,Thời trang,Hà Nội,Cửa hàng,6,6,25034185.0,17428120.0
2025-05-10,Thời trang,Hà Nội,Online,3,3,4975150.0,3651229.0
2025-05-10,Thời trang,Hải Phòng,Cửa hàng,2,2,3223000.0,2464335.0
2025-05-10,Thời trang,Hải Phòng,Online,1,1,3157750.0,2283158.0
2025-05-10,Thời trang,TP HCM,Cửa hàng,5,5,8443200.0,6658261.0
2025-05-10,Thời trang,TP HCM,Online,4,4,4899200.0,3447728.0
2025-05-10,Thời trang,Đà Nẵng,Cửa hàng,1,1,1298000.0,999232.0
2025-05-10,Thực phẩm,Cần Thơ,Cửa hàng,13,12,4651450.0,3462005.0
2025-05-10,Thực phẩm,Cần Thơ,Online,4,4,680250.0,507143.0
2025-05-10,Thực phẩm,Hà Nội,Cửa hàng,9,9,2437500.0,1766798.0
2025-05-10,Thực phẩm,Hà Nội,Online,8,8,2745400.0,1967617.0
2025-05-10,Thực phẩm,Hải Phòng,Cửa hàng,2,2,1029600.0,829985.0
2025-05-10,Thực phẩm,Hải Phòng,Online,2,2,373000.0,278647.0
2025-05-10,Thực phẩm,TP HCM,Cửa hàng,16,16,6652004.0,4721687.0
2025-05-10,Thực phẩm,TP HCM,Online,7,7,1889900.0,1323782.0
2025-05-10,Thực phẩm,Đà Nẵng,Cửa hàng,2,2,569700.0,436736.0
2025-05-10,Thực phẩm,Đà Nẵng,Online,5,5,1356350.0,1001789.0
2025-05-10,Điện tử,Cần Thơ,Cửa hàng,4,4,6014000.0,4559892.0
2025-05-10,Điện tử,Cần Thơ,Online,3,3,4438550.0,3559585.0
2025-05-10,Điện tử,Hà Nội,Cửa hàng,6,6,11939600.0,9432441.0
2025-05-10,Điện tử,Hà Nội,Online,3,3,2969800.0,2148452.0
2025-05-10,Điện tử,Hải Phòng,Online,1,1,1123000.0,842310.0
2025-05-10,Điện tử,TP HCM,Cửa hàng,6,6,16952500.0,11911236.0
2025-05-10,Điện tử,TP HCM,Online,2,2,5244850.0,3952001.0
2025-05-10,Điện tử,Đà Nẵng,Cửa hàng,4,4,7228850.0,5658547.0
2025-05-10,Điện tử,Đà Nẵng,Online,4,4,8249850.0,6162705.0
2025-05-11,Gia dụng,Cần Thơ,Cửa hàng,1,1,713450.0,484206.0
2025-05-11,Gia dụng,Hà Nội,Cửa hàng,4,4,6586000.0,4801949.0
2025-05-11,Gia dụng,Hà Nội,Online,1,1,845500.0,637435.0
2025-05-11,Gia dụng,Hải Phòng,Cửa hàng,2,2,1579050.0,1262283.0
2025-05-11,Gia dụng,Hải Phòng,Online,3,3,3688000.0,2738846.0
2025-05-11,Gia dụng,TP HCM,Cửa hàng,4,4,8000000.0,5695841.0
2025-05-11,Gia dụng,TP HCM,Online,3,3,6609800.0,4672382.0
2025-05-11,Gia dụng,Đà Nẵng,Cửa hàng,2,2,3717000.0,2331209.0
2025-05-11,Gia dụng,Đà Nẵng,Online,3,3,4720400.0,3190879.0
2025-05-11,Mỹ phẩm,Cần Thơ,Cửa hàng,1,1,503000.0,317755.0
2025-05-11,Mỹ phẩm,Cần Thơ,Online,1,1,1452000.0,1147959.0
2025-05-11,Mỹ phẩm,Hà Nội,Cửa hàng,6,6,6152900.0,4292456.0
2025-05-11,Mỹ phẩm,Hà Nội,Online,2,2,1327600.0,966567.0
2025-05-11,Mỹ phẩm,Hải Phòng,Online,2,2,2017800.0,1453102.0
2025-05-11,Mỹ phẩm,TP HCM,Cửa hàng,3,3,10125401.0,7131756.0
2025-05-11,Mỹ phẩm,TP HCM,Online,2,2,2030000.0,1298665.0
2025-05-11,Mỹ phẩm,Đà Nẵng,Cửa hàng,1,1,980000.0,662007.0
2025-05-11,Sách,Cần Thơ,Cửa hàng,2,2,1122000.0,922015.0
2025-05-11,Sách,Hà Nội,Cửa hàng,5,5,1075200.0,819073.0
2025-05-11,Sách,Hải Phòng,Cửa hàng,1,1,298000.0,222498.0
2025-05-11,Sách,Hải Phòng,Online,3,3,550500.0,361683.0
2025-05-11,Sách,TP HCM,Cửa hàng,2,2,286600.0,198432.0
2025-05-11,Sách,TP HCM,Online,3,3,549650.0,383576.0
2025-05-11,Sách,Đà Nẵng,Online,2,2,629000.0,471277.0
2025-05-11,Thời trang,Cần Thơ,Cửa hàng,4,4,5414450.0,4306139.0
2025-05-11,Thời trang,Cần Thơ,Online,2,2,3795000.0,2827316.0
2025-05-11,Thời trang,Hà Nội,Cửa hàng,4,4,2728100.0,1855449.0
2025-05-11,Thời trang,Hà Nội,Online,2,2,4136900.0,3193810.0
2025-05-11,Thời trang,Hải Phòng,Cửa hàng,2,2,3134000.0,2008318.0
2025-05-11,Thời trang,Hải Phòng,Online,5,5,7184150.0,5602262.0
2025-05-11,Thời trang,TP HCM,Cửa hàng,7,7,7203200.0,5241275.0
2025-05-11,Thời trang,TP HCM,Online,3,3,4116200.0,3197894.0
2025-05-11,Thời trang,Đà Nẵng,Cửa hàng,1,1,705000.0,593300.0
2025-05-11,Thời trang,Đà Nẵng,Online,2,2,3231750.0,2304848.0
2025-05-11,Thực phẩm,Cần Thơ,Cửa hàng,4,4,1075300.0,758696.0
2025-05-11,Thực phẩm,Cần Thơ,Online,2,2,834300.0,602912.0
2025-05-11,Thực phẩm,Hà Nội,Cửa hàng,4,4,2042950.0,1423500.0
2025-05-11,Thực phẩm,Hà Nội,Online,4,4,2030500.0,1328034.0
2025-05-11,Thực phẩm,Hải Phòng,Cửa hàng,4,4,972350.0,706753.0
2025-05-11,Thực phẩm,TP HCM,Cửa hàng,10,10,3523300.0,2650492.0
2025-05-11,Thực phẩm,TP HCM,Online,11,11,3079250.0,2199103.0
2025-05-11,Thực phẩm,Đà Nẵng,Cửa hàng,4,4,999600.0,740339.0
2025-05-11,Thực phẩm,Đà Nẵng,Online,2,2,562700.0,392098.0
2025-05-11,Điện tử,Cần Thơ,Cửa hàng,2,2,4047800.0,2783703.0
2025-05-11,Điện tử,Cần Thơ,Online,1,1,1004000.0,708386.0
2025-05-11,Điện tử,Hà Nội,Cửa hàng,8,8,15254050.0,10968698.0
2025-05-11,Điện tử,Hà Nội,Online,3,3,5161300.0,3647407.0
2025-05-11,Điện tử,Hải Phòng,Cửa hàng,5,5,5314300.0,3853692.0
2025-05-11,Điện tử,Hải Phòng,Online,2,2,5269200.0,3684493.0
2025-05-11,Điện tử,TP HCM,Cửa hàng,10,10,15573650.0,10650105.0
2025-05-11,Điện tử,TP HCM,Online,9,9,25540111.0,17804217.0
2025-05-11,Điện tử,Đà Nẵng,Cửa hàng,5,5,8288050.0,6111677.0
2025-05-11,Điện tử,Đà Nẵng,Online,2,2,2408000.0,1754935.0
2025-05-12,Gia dụng,Cần Thơ,Cửa hàng,5,5,6839450.0,5119760.0
2025-05-12,Gia dụng,Cần Thơ,Online,1,1,2817000.0,1698189.0
2025-05-12,Gia dụng,Hà Nội,Cửa hàng,3,3,4846150.0,3186292.0
2025-05-12,Gia dụng,Hà Nội,Online,7,7,11517550.0,8137748.0
2025-05-12,Gia dụng,Hải Phòng,Cửa hàng,2,2,2343400.0,1502472.0
2025-05-12,Gia dụng,Hải Phòng,Online,1,1,2310000.0,1665940.0
2025-05-12,Gia dụng,TP HCM,Cửa hàng,5,5,6531000.0,4523823.0
2025-05-12,Gia dụng,TP HCM,Online,5,5,5974100.0,4519090.0
2025-05-12,Gia dụng,Đà Nẵng,Cửa hàng,2,2,2546000.0,2039633.0
2025-05-12,Gia dụng,Đà Nẵng,Online,3,3,5344900.0,3903605.0
2025-05-12,Mỹ phẩm,Cần Thơ,Cửa hàng,1,1,471600.0,303662.0
2025-05-12,Mỹ phẩm,Cần Thơ,Online,1,1,458000.0,323925.0
2025-05-12,Mỹ phẩm,Hà Nội,Cửa hàng,2,2,1635000.0,1069304.0
2025-05-12,Mỹ phẩm,Hà Nội,Online,3,3,2711800.0,1993321.0
2025-05-12,Mỹ phẩm,Hải Phòng,Online,1,1,547000.0,395068.0
2025-05-12,Mỹ phẩm,TP HCM,Cửa hàng,2,2,962000.0,716701.0
2025-05-12,Mỹ phẩm,TP HCM,Online,3,3,1438000.0,986379.0
2025-05-12,Mỹ phẩm,Đà Nẵng,Cửa hàng,1,1,858000.0,557257.0
2025-05-12,Mỹ phẩm,Đà Nẵng,Online,1,1,433000.0,340048.0
2025-05-12,Sách,Hà Nội,Cửa hàng,2,2,630100.0,462553.0
2025-05-12,Sách,Hà Nội,Online,1,1,282000.0,184071.0
2025-05-12,Sách,Hải Phòng,Cửa hàng,1,1,163400.0,111969.0
2025-05-12,Sách,Hải Phòng,Online,4,4,1199900.0,798514.0
2025-05-12,Sách,TP HCM,Cửa hàng,5,5,1167400.0,767966.0
2025-05-12,Sách,TP HCM,Online,5,5,1120900.0,758700.0
2025-05-12,Sách,Đà Nẵng,Cửa hàng,2,2,448000.0,313569.0
2025-05-12,Sách,Đà Nẵng,Online,2,2,1523751.0,1099659.0
2025-05-12,Thời trang,Cần Thơ,Cửa hàng,4,4,7274600.0,4894196.0
2025-05-12,Thời trang,Cần Thơ,Online,1,1,669000.0,537644.0
2025-05-12,Thời trang,Hà Nội,Cửa hàng,5,5,5496200.0,4046964.0
2025-05-12,Thời trang,Hà Nội,Online,3,3,3189000.0,2252085.0
2025-05-12,Thời trang,Hải Phòng,Cửa hàng,3,3,2183150.0,1595670.0
2025-05-12,Thời trang,Hải Phòng,Online,1,1,1546000.0,1178381.0
2025-05-12,Thời trang,TP HCM,Cửa hàng,6,6,4827750.0,3730467.0
2025-05-12,Thời trang,TP HCM,Online,4,4,6207900.0,4645999.0
2025-05-12,Thời trang,Đà Nẵng,Cửa hàng,1,1,1334000.0,1013648.0
2025-05-12,Thời trang,Đà Nẵng,Online,1,1,716550.0,518089.0
2025-05-12,Thực phẩm,Cần Thơ,Cửa hàng,4,4,3006015.0,2067563.0
2025-05-12,Thực phẩm,Cần Thơ,Online,5,5,1185950.0,895213.0
2025-05-12,Thực phẩm,Hà Nội,Cửa hàng,9,9,2437350.0,1865027.0
2025-05-12,Thực phẩm,Hà Nội,Online,9,9,6113205.0,4347339.0
2025-05-12,Thực phẩm,Hải Phòng,Cửa hàng,6,6,1579950.0,1173593.0
2025-05-12,Thực phẩm,Hải Phòng,Online,1,1,579000.0,459591.0
2025-05-12,Thực phẩm,TP HCM,Cửa hàng,5,5,1792800.0,1433350.0
2025-05-12,Thực phẩm,TP HCM,Online,8,8,2202500.0,1665437.0
2025-05-12,Thực phẩm,Đà Nẵng,Cửa hàng,5,5,1018850.0,681813.0
2025-05-12,Thực phẩm,Đà Nẵng,Online,7,7,5506866.0,3902053.0
2025-05-12,Điện tử,Cần Thơ,Cửa hàng,2,2,4169000.0,3187743.0
2025-05-12,Điện tử,Hà Nội,Cửa hàng,9,9,13536050.0,9823544.0
2025-05-12,Điện tử,Hà Nội,Online,2,2,8298000.0,5824816.0
2025-05-12,Điện tử,Hải Phòng,Cửa hàng,3,3,23573103.0,16623392.0
2025-05-12,Điện tử,Hải Phòng,Online,1,1,3033000.0,2195223.0
2025-05-12,Điện tử,TP HCM,Cửa hàng,6,6,10379200.0,7773415.0
2025-05-12,Điện tử,TP HCM,Online,3,3,5335250.0,3938749.0
2025-05-12,Điện tử,Đà Nẵng,Cửa hàng,1,1,1063000.0,893061.0
2025-05-12,Điện tử,Đà Nẵng,Online,4,4,4038850.0,2992197.0
2025-05-13,Gia dụng,Cần Thơ,Cửa hàng,2,2,2200800.0,1616771.0
2025-05-13,Gia dụng,Cần Thơ,Online,1,1,3076000.0,2124615.0
2025-05-13,Gia dụng,Hà Nội,Cửa hàng,4,4,9052100.0,7190209.0
2025-05-13,Gia dụng,Hà Nội,Online,2,2,2453100.0,1600369.0
2025-05-13,Gia dụng,Hải Phòng,Cửa hàng,3,3,3359000.0,2206945.0
2025-05-13,Gia dụng,Hải Phòng,Online,1,1,699200.0,466356.0
2025-05-13,Gia dụng,TP HCM,Cửa hàng,6,6,9288650.0,7158025.0
2025-05-13,Gia dụng,TP HCM,Online,4,4,4761550.0,3448434.0
2025-05-13,Gia dụng,Đà Nẵng,Online,1,1,1678000.0,1210150.0
2025-05-13,Mỹ phẩm,Cần Thơ,Cửa hàng,1,1,413000.0,349055.0
2025-05-13,Mỹ phẩm,Cần Thơ,Online,2,2,1378000.0,1033273.0
2025-05-13,Mỹ phẩm,Hà Nội,Cửa hàng,4,4,3475000.0,2424580.0
2025-05-13,Mỹ phẩm,Hà Nội,Online,5,5,3592650.0,2396814.0
2025-05-13,Mỹ phẩm,Hải Phòng,Online,2,2,994000.0,742511.0
2025-05-13,Mỹ phẩm,TP HCM,Cửa hàng,2,2,1217500.0,991682.0
2025-05-13,Mỹ phẩm,TP HCM,Online,4,4,3568000.0,2559211.0
2025-05-13,Mỹ phẩm,Đà Nẵng,Online,1,1,446000.0,281316.0
2025-05-13,Sách,Cần Thơ,Cửa hàng,1,1,168000.0,110750.0
2025-05-13,Sách,Cần Thơ,Online,2,2,726550.0,519839.0
2025-05-13,Sách,Hà Nội,Cửa hàng,5,5,880400.0,668111.0
2025-05-13,Sách,Hà Nội,Online,4,4,1158500.0,801539.0
2025-05-13,Sách,Hải Phòng,Cửa hàng,4,4,964300.0,685488.0
2025-05-13,Sách,Hải Phòng,Online,1,1,159600.0,105369.0
2025-05-13,Sách,TP HCM,Cửa hàng,2,2,404200.0,282837.0
2025-05-13,Sách,TP HCM,Online,5,5,1652650.0,1151862.0
2025-05-13,Sách,Đà Nẵng,Cửa hàng,1,1,117900.0,84180.0
2025-05-13,Sách,Đà Nẵng,Online,2,2,402000.0,305628.0
2025-05-13,Thời trang,Cần Thơ,Online,1,1,2526000.0,1826382.0
2025-05-13,Thời trang,Hà Nội,Cửa hàng,4,4,5519100.0,3735420.0
2025-05-13,Thời trang,Hà Nội,Online,1,1,644000.0,465633.0
2025-05-13,Thời trang,Hải Phòng,Cửa hàng,3,3,3806450.0,2437062.0
2025-05-13,Thời trang,Hải Phòng,Online,1,1,1292000.0,924638.0
2025-05-13,Thời trang,TP HCM,Cửa hàng,10,10,12816100.0,9442172.0
2025-05-13,Thời trang,TP HCM,Online,6,6,4761550.0,3195273.0
2025-05-13,Thời trang,Đà Nẵng,Online,4,4,5626350.0,4154557.0
2025-05-13,Thực phẩm,Cần Thơ,Cửa hàng,4,4,1421850.0,930686.0
2025-05-13,Thực phẩm,Cần Thơ,Online,3,3,2140800.0,1532136.0
2025-05-13,Thực phẩm,Hà Nội,Cửa hàng,12,12,3950850.0,2842150.0
2025-05-13,Thực phẩm,Hà Nội,Online,12,12,3289150.0,2435638.0
2025-05-13,Thực phẩm,Hải Phòng,Cửa hàng,4,4,788100.0,581801.0
2025-05-13,Thực phẩm,Hải Phòng,Online,4,4,1084000.0,778139.0
2025-05-13,Thực phẩm,TP HCM,Cửa hàng,10,10,3503450.0,2584520.0
2025-05-13,Thực phẩm,TP HCM,Online,8,8,2645900.0,1927445.0
2025-05-13,Thực phẩm,Đà Nẵng,Cửa hàng,3,3,1327000.0,892625.0
2025-05-13,Thực phẩm,Đà Nẵng,Online,1,1,322000.0,230101.0
2025-05-13,Điện tử,Cần Thơ,Cửa hàng,2,2,5736000.0,3844925.0
2025-05-13,Điện tử,Cần Thơ,Online,2,2,7827000.0,6301050.0
2025-05-13,Điện tử,Hà Nội,Cửa hàng,5,5,16031150.0,10686554.0
2025-05-13,Điện tử,Hà Nội,Online,3,3,3100450.0,2348665.0
2025-05-13,Điện tử,Hải Phòng,Cửa hàng,1,1,965000.0,705833.0
2025-05-13,Điện tử,Hải Phòng,Online,1,1,824500.0,609596.0
2025-05-13,Điện tử,TP HCM,Cửa hàng,3,3,5850550.0,3996268.0
2025-05-13,Điện tử,TP HCM,Online,9,9,16458000.0,11958921.0
2025-05-13,Điện tử,Đà Nẵng,Cửa hàng,2,2,3270400.0,2094868.0
2025-05-13,Điện tử,Đà Nẵng,Online,1,1,1109000.0,806196.0
2025-05-14,Gia dụng,Cần Thơ,Cửa hàng,2,2,1627000.0,1167328.0
2025-05-14,Gia dụng,Hà Nội,Cửa hàng,2,2,2337400.0,1766639.0
2025-05-14,Gia dụng,Hà Nội,Online,4,4,7192350.0,5244931.0
2025-05-14,Gia dụng,Hải Phòng,Cửa hàng,2,2,1897000.0,1380025.0
2025-05-14,Gia dụng,Hải Phòng,Online,3,3,7129000.0,5362267.0
2025-05-14,Gia dụng,TP HCM,Cửa hàng,10,10,22101230.0,15587550.0
2025-05-14,Gia dụng,TP HCM,Online,1,1,1833500.0,1322295.0
2025-05-14,Gia dụng,Đà Nẵng,Cửa hàng,3,3,4107450.0,3248690.0
2025-05-14,Gia dụng,Đà Nẵng,Online,1,1,698250.0,510933.0
2025-05-14,Mỹ phẩm,Cần Thơ,Cửa hàng,2,2,1583800.0,1062662.0
2025-05-14,Mỹ phẩm,Cần Thơ,Online,1,1,427500.0,264759.0
2025-05-14,Mỹ phẩm,Hà Nội,Cửa hàng,3,3,2975650.0,2318630.0
2025-05-14,Mỹ phẩm,Hải Phòng,Online,1,1,468000.0,343285.0
2025-05-14,Mỹ phẩm,TP HCM,Cửa hàng,5,5,5590950.0,4081359.0
2025-05-14,Mỹ phẩm,TP HCM,Online,2,2,929000.0,586485.0
2025-05-14,Mỹ phẩm,Đà Nẵng,Cửa hàng,2,2,1374800.0,994882.0
2025-05-14,Mỹ phẩm,Đà Nẵng,Online,2,2,3136000.0,2226224.0
2025-05-14,Sách,Cần Thơ,Cửa hàng,1,1,364800.0,232632.0
2025-05-14,Sách,Cần Thơ,Online,1,1,130900.0,87947.0
2025-05-14,Sách,Hà Nội,Cửa hàng,7,7,1331850.0,992924.0
2025-05-14,Sách,Hà Nội,Online,2,2,564000.0,408563.0
2025-05-14,Sách,Hải Phòng,Cửa hàng,1,1,130000.0,89810.0
2025-05-14,Sách,TP HCM,Cửa hàng,5,5,1122200.0,760282.0
2025-05-14,Sách,TP HCM,Online,4,4,1157300.0,823859.0
2025-05-14,Sách,Đà Nẵng,Cửa hàng,1,1,298000.0,183054.0
2025-05-14,Thời trang,Cần Thơ,Cửa hàng,3,3,1939050.0,1384521.0
2025-05-14,Thời trang,Cần Thơ,Online,1,1,2343000.0,1931203.0
2025-05-14,Thời trang,Hà Nội,Cửa hàng,2,2,5129050.0,3516994.0
2025-05-14,Thời trang,Hà Nội,Online,3,3,4534250.0,3346698.0
2025-05-14,Thời trang,Hải Phòng,Cửa hàng,1,1,695000.0,417511.0
2025-05-14,Thời trang,Hải Phòng,Online,1,1,702100.0,529571.0
2025-05-14,Thời trang,TP HCM,Cửa hàng,5,5,9537900.0,6929076.0
2025-05-14,Thời trang,TP HCM,Online,5,5,5671350.0,3852020.0
2025-05-14,Thời trang,Đà Nẵng,Online,1,1,645000.0,502169.0
2025-05-14,Thực phẩm,Cần Thơ,Cửa hàng,7,7,3879421.0,2709219.0
2025-05-14,Thực phẩm,Cần Thơ,Online,5,5,913350.0,686597.0
2025-05-14,Thực phẩm,Hà Nội,Cửa hàng,9,9,2511650.0,1845460.0
2025-05-14,Thực phẩm,Hà Nội,Online,9,9,2168500.0,1618955.0
2025-05-14,Thực phẩm,Hải Phòng,Cửa hàng,3,3,1227000.0,947777.0
2025-05-14,Thực phẩm,Hải Phòng,Online,5,5,2782150.0,2013437.0
2025-05-14,Thực phẩm,TP HCM,Cửa hàng,10,10,3338950.0,2259205.0
2025-05-14,Thực phẩm,TP HCM,Online,9,9,3275750.0,2350649.0
2025-05-14,Thực phẩm,Đà Nẵng,Cửa hàng,1,1,169100.0,118148.0
2025-05-14,Thực phẩm,Đà Nẵng,Online,6,6,1490250.0,1093589.0
2025-05-14,Điện tử,Cần Thơ,Cửa hàng,2,2,5742800.0,4452333.0
2025-05-14,Điện tử,Cần Thơ,Online,1,1,2116600.0,1773748.0
2025-05-14,Điện tử,Hà Nội,Cửa hàng,1,1,954000.0,623932.0
2025-05-14,Điện tử,Hà Nội,Online,7,7,12692700.0,9293203.0
2025-05-14,Điện tử,Hải Phòng,Cửa hàng,5,5,10419050.0,7238017.0
2025-05-14,Điện tử,Hải Phòng,Online,2,2,3644000.0,2837143.0
2025-05-14,Điện tử,TP HCM,Cửa hàng,5,5,10943800.0,7699216.0
2025-05-14,Điện tử,TP HCM,Online,2,2,2168500.0,1778662.0
2025-05-14,Điện tử,Đà Nẵng,Cửa hàng,3,3,3431650.0,2568816.0
2025-05-14,Điện tử,Đà Nẵng,Online,6,6,10732100.0,7482149.0
2025-05-15,Gia dụng,Cần Thơ,Cửa hàng,2,2,5591900.0,4015237.0
2025-05-15,Gia dụng,Cần Thơ,Online,3,3,4242800.0,2996495.0
2025-05-15,Gia dụng,Hà Nội,Cửa hàng,4,4,7870850.0,5567306.0
2025-05-15,Gia dụng,Hà Nội,Online,4,4,3962000.0,2655826.0
2025-05-15,Gia dụng,Hải Phòng,Cửa hàng,5,5,10042000.0,6856102.0
2025-05-15,Gia dụng,Hải Phòng,Online,1,1,1380400.0,1034154.0
2025-05-15,Gia dụng,TP HCM,Cửa hàng,7,7,7767450.0,5661784.0
2025-05-15,Gia dụng,TP HCM,Online,1,1,780000.0,519615.0
2025-05-15,Gia dụng,Đà Nẵng,Cửa hàng,1,1,3564400.0,2937926.0
2025-05-15,Gia dụng,Đà Nẵng,Online,1,1,950000.0,713358.0
2025-05-15,Mỹ phẩm,Cần Thơ,Online,1,1,418500.0,300841.0
2025-05-15,Mỹ phẩm,Hà Nội,Cửa hàng,5,5,3077400.0,2151428.0
2025-05-15,Mỹ phẩm,Hà Nội,Online,3,3,2010000.0,1463343.0
2025-05-15,Mỹ phẩm,Hải Phòng,Online,3,3,2573000.0,1717021.0
2025-05-15,Mỹ phẩm,TP HCM,Cửa hàng,5,5,4631900.0,3541970.0
2025-05-15,Mỹ phẩm,TP HCM,Online,1,1,421000.0,300175.0
2025-05-15,Mỹ phẩm,Đà Nẵng,Cửa hàng,2,2,2630000.0,2193486.0
2025-05-15,Sách,Cần Thơ,Cửa hàng,3,3,397800.0,260000.0
2025-05-15,Sách,Cần Thơ,Online,1,1,554800.0,383389.0
2025-05-15,Sách,Hà Nội,Online,2,2,273200.0,190059.0
2025-05-15,Sách,Hải Phòng,Cửa hàng,2,2,266000.0,186458.0
2025-05-15,Sách,Hải Phòng,Online,4,4,1286800.0,1003970.0
2025-05-15,Sách,TP HCM,Cửa hàng,5,5,851750.0,619614.0
2025-05-15,Sách,TP HCM,Online,5,5,1717750.0,1325811.0
2025-05-15,Thời trang,Cần Thơ,Cửa hàng,1,1,2151000.0,1331526.0
2025-05-15,Thời trang,Cần Thơ,Online,1,1,2220000.0,1834477.0
2025-05-15,Thời trang,Hà Nội,Cửa hàng,6,6,10960050.0,8891672.0
2025-05-15,Thời trang,Hà Nội,Online,7,7,9806800.0,7163166.0
2025-05-15,Thời trang,Hải Phòng,Cửa hàng,3,3,3135050.0,2238918.0
2025-05-15,Thời trang,Hải Phòng,Online,1,1,2811800.0,1861431.0
2025-05-15,Thời trang,TP HCM,Cửa hàng,6,6,4915200.0,3634871.0
2025-05-15,Thời trang,TP HCM,Online,4,4,5092700.0,3901256.0
2025-05-15,Thực phẩm,Cần Thơ,Cửa hàng,3,3,1306000.0,891057.0
2025-05-15,Thực phẩm,Cần Thơ,Online,1,1,188000.0,143676.0
2025-05-15,Thực phẩm,Hà Nội,Cửa hàng,14,14,5012800.0,3617187.0
2025-05-15,Thực phẩm,Hà Nội,Online,4,4,2353737.0,1672966.0
2025-05-15,Thực phẩm,Hải Phòng,Cửa hàng,2,2,345000.0,269545.0
2025-05-15,Thực phẩm,Hải Phòng,Online,2,2,315000.0,241457.0
2025-05-15,Thực phẩm,TP HCM,Cửa hàng,12,12,4241850.0,3028402.0
2025-05-15,Thực phẩm,TP HCM,Online,9,9,5644709.0,4132806.0
2025-05-15,Thực phẩm,Đà Nẵng,Cửa hàng,2,2,498000.0,359470.0
2025-05-15,Thực phẩm,Đà Nẵng,Online,4,4,1603600.0,1240279.0
2025-05-15,Điện tử,Cần Thơ,Cửa hàng,6,6,15192600.0,10091888.0
2025-05-15,Điện tử,Cần Thơ,Online,1,1,1163000.0,968505.0
2025-05-15,Điện tử,Hà Nội,Cửa hàng,4,4,6257800.0,4555095.0
2025-05-15,Điện tử,Hà Nội,Online,8,8,18546000.0,13050861.0
2025-05-15,Điện tử,Hải Phòng,Online,1,1,1254000.0,907620.0
2025-05-15,Điện tử,TP HCM,Cửa hàng,5,5,6857050.0,5068048.0
2025-05-15,Điện tử,TP HCM,Online,5,5,8419500.0,6306541.0
2025-05-15,Điện tử,Đà Nẵng,Cửa hàng,3,3,4441000.0,3280659.0
2025-05-15,Điện tử,Đà Nẵng,Online,1,1,1052000.0,878058.0
2025-05-16,Gia dụng,Cần Thơ,Cửa hàng,1,1,1526000.0,1133078.0
2025-05-16,Gia dụng,Cần Thơ,Online,1,1,2367000.0,1811727.0
2025-05-16,Gia dụng,Hà Nội,Cửa hàng,3,3,3529550.0,2323577.0
2025-05-16,Gia dụng,Hà Nội,Online,4,4,5644000.0,4272270.0
2025-05-16,Gia dụng,Hải Phòng,Online,3,3,4762850.0,3762303.0
2025-05-16,Gia dụng,TP HCM,Cửa hàng,7,7,7869250.0,5939645.0
2025-05-16,Gia dụng,TP HCM,Online,5,5,4223000.0,3302667.0
2025-05-16,Gia dụng,Đà Nẵng,Cửa hàng,3,3,6190500.0,4372299.0
2025-05-16,Gia dụng,Đà Nẵng,Online,2,2,1732000.0,1209232.0
2025-05-16,Mỹ phẩm,Cần Thơ,Online,1,1,1734000.0,1252374.0
2025-05-16,Mỹ phẩm,Hà Nội,Cửa hàng,2,2,1449000.0,1098451.0
2025-05-16,Mỹ phẩm,Hà Nội,Online,2,2,862050.0,676093.0
2025-05-16,Mỹ phẩm,Hải Phòng,Online,2,2,1666000.0,1326137.0
2025-05-16,Mỹ phẩm,TP HCM,Cửa hàng,1,1,546000.0,367708.0
2025-05-16,Mỹ phẩm,TP HCM,Online,1,1,430000.0,313429.0
2025-05-16,Mỹ phẩm,Đà Nẵng,Cửa hàng,1,1,918000.0,713936.0
2025-05-16,Mỹ phẩm,Đà Nẵng,Online,1,1,395100.0,285359.0
2025-05-16,Sách,Cần Thơ,Cửa hàng,3,3,455800.0,305808.0
2025-05-16,Sách,Cần Thơ,Online,1,1,125100.0,90623.0
2025-05-16,Sách,Hà Nội,Cửa hàng,3,3,434800.0,334466.0
2025-05-16,Sách,Hà Nội,Online,1,1,152000.0,110109.0
2025-05-16,Sách,Hải Phòng,Online,2,2,397900.0,282939.0
2025-05-16,Sách,TP HCM,Cửa hàng,7,7,1778650.0,1323392.0
2025-05-16,Sách,TP HCM,Online,6,6,1625000.0,1194684.0
2025-05-16,Sách,Đà Nẵng,Online,1,1,163000.0,133925.0
2025-05-16,Thời trang,Cần Thơ,Cửa hàng,4,4,4100000.0,3081674.0
2025-05-16,Thời trang,Cần Thơ,Online,2,2,2120600.0,1627227.0
2025-05-16,Thời trang,Hà Nội,Cửa hàng,4,4,6492350.0,4862526.0
2025-05-16,Thời trang,Hà Nội,Online,3,3,2140200.0,1453894.0
2025-05-16,Thời trang,Hải Phòng,Online,2,2,1470100.0,1085352.0
2025-05-16,Thời trang,TP HCM,Cửa hàng,6,6,5483400.0,3771089.0
2025-05-16,Thời trang,TP HCM,Online,1,1,691600.0,536091.0
2025-05-16,Thời trang,Đà Nẵng,Cửa hàng,2,2,2332200.0,1896560.0
2025-05-16,Thời trang,Đà Nẵng,Online,2,2,2422650.0,1610394.0
2025-05-16,Thực phẩm,Cần Thơ,Cửa hàng,2,2,952000.0,651557.0
2025-05-16,Thực phẩm,Cần Thơ,Online,4,4,1002100.0,719479.0
2025-05-16,Thực phẩm,Hà Nội,Cửa hàng,7,7,1764800.0,1285335.0
2025-05-16,Thực phẩm,Hà Nội,Online,8,8,2658000.0,1990537.0
2025-05-16,Thực phẩm,Hải Phòng,Cửa hàng,3,3,897450.0,581008.0
2025-05-16,Thực phẩm,Hải Phòng,Online,5,5,962950.0,660142.0
2025-05-16,Thực phẩm,TP HCM,Cửa hàng,4,4,789300.0,548569.0
2025-05-16,Thực phẩm,TP HCM,Online,5,5,1967600.0,1372886.0
2025-05-16,Thực phẩm,Đà Nẵng,Cửa hàng,11,11,3584950.0,2568508.0
2025-05-16,Thực phẩm,Đà Nẵng,Online,3,3,462850.0,328451.0
2025-05-16,Điện tử,Cần Thơ,Cửa hàng,2,2,5223000.0,3581297.0
2025-05-16,Điện tử,Cần Thơ,Online,4,4,10534000.0,7953699.0
2025-05-16,Điện tử,Hà Nội,Cửa hàng,9,9,18938950.0,13492831.0
2025-05-16,Điện tử,Hà Nội,Online,6,6,12304600.0,8966538.0
2025-05-16,Điện tử,Hải Phòng,Cửa hàng,3,3,5961250.0,4163056.0
2025-05-16,Điện tử,Hải Phòng,Online,2,2,2021000.0,1280591.0
2025-05-16,Điện tử,TP HCM,Cửa hàng,5,5,5593000.0,4043624.0
2025-05-16,Điện tử,TP HCM,Online,6,6,10751000.0,7428080.0
2025-05-16,Điện tử,Đà Nẵng,Cửa hàng,3,3,6730000.0,5241764.0
2025-05-17,Gia dụng,Cần Thơ,Cửa hàng,1,1,748800.0,540024.0
2025-05-17,Gia dụng,Cần Thơ,Online,2,2,6054800.0,4700449.0
2025-05-17,Gia dụng,Hà Nội,Cửa hàng,4,4,3350200.0,2086068.0
2025-05-17,Gia dụng,Hà Nội,Online,6,6,13011800.0,9469883.0
2025-05-17,Gia dụng,Hải Phòng,Cửa hàng,1,1,824000.0,541438.0
2025-05-17,Gia dụng,Hải Phòng,Online,1,1,675900.0,541536.0
2025-05-17,Gia dụng,TP HCM,Cửa hàng,5,5,7430900.0,4803074.0
2025-05-17,Gia dụng,TP HCM,Online,6,6,12275700.0,8969087.0
2025-05-17,Gia dụng,Đà Nẵng,Cửa hàng,4,4,6962550.0,5392913.0
2025-05-17,Gia dụng,Đà Nẵng,Online,3,3,3838000.0,2954722.0
2025-05-17,Mỹ phẩm,Cần Thơ,Online,2,2,1483000.0,1016660.0
2025-05-17,Mỹ phẩm,Hà Nội,Cửa hàng,4,4,2762600.0,2031207.0
2025-05-17,Mỹ phẩm,Hà Nội,Online,2,2,1639500.0,1091901.0
2025-05-17,Mỹ phẩm,Hải Phòng,Online,2,2,946000.0,683245.0
2025-05-17,Mỹ phẩm,TP HCM,Cửa hàng,6,6,6662100.0,5185261.0
2025-05-17,Mỹ phẩm,TP HCM,Online,2,2,1569000.0,1229393.0
2025-05-17,Sách,Cần Thơ,Cửa hàng,2,2,576500.0,410796.0
2025-05-17,Sách,Cần Thơ,Online,1,1,138550.0,105079.0
2025-05-17,Sách,Hà Nội,Cửa hàng,4,4,1601450.0,1130665.0
2025-05-17,Sách,Hà Nội,Online,4,4,907150.0,614923.0
2025-05-17,Sách,Hải Phòng,Cửa hàng,1,1,164000.0,110092.0
2025-05-17,Sách,TP HCM,Cửa hàng,3,3,428550.0,287516.0
2025-05-17,Sách,TP HCM,Online,4,4,932900.0,683512.0
2025-05-17,Sách,Đà Nẵng,Cửa hàng,1,1,294000.0,181576.0
2025-05-17,Sách,Đà Nẵng,Online,1,1,165000.0,119526.0
2025-05-17,Thời trang,Cần Thơ,Cửa hàng,5,5,6371000.0,4494226.0
2025-05-17,Thời trang,Cần Thơ,Online,3,3,4225200.0,3000506.0
2025-05-17,Thời trang,Hà Nội,Cửa hàng,3,3,3279600.0,2276350.0
2025-05-17,Thời trang,Hà Nội,Online,2,2,1870400.0,1298535.0
2025-05-17,Thời trang,Hải Phòng,Cửa hàng,4,4,5400150.0,3667631.0
2025-05-17,Thời trang,Hải Phòng,Online,2,2,4237500.0,3413395.0
2025-05-17,Thời trang,TP HCM,Cửa hàng,1,1,813200.0,553798.0
2025-05-17,Thời trang,TP HCM,Online,2,2,1413400.0,1080050.0
2025-05-17,Thời trang,Đà Nẵng,Online,3,3,3229300.0,2375671.0
2025-05-17,Thực phẩm,Cần Thơ,Cửa hàng,4,4,4299734.0,3062736.0
2025-05-17,Thực phẩm,Cần Thơ,Online,6,6,2380950.0,1819705.0
2025-05-17,Thực phẩm,Hà Nội,Cửa hàng,5,5,891700.0,626149.0
2025-05-17,Thực phẩm,Hà Nội,Online,8,8,2677700.0,1899254.0
2025-05-17,Thực phẩm,Hải Phòng,Cửa hàng,4,4,1611200.0,1248530.0
2025-05-17,Thực phẩm,Hải Phòng,Online,4,4,1560000.0,1188174.0
2025-05-17,Thực phẩm,TP HCM,Cửa hàng,13,13,4145950.0,3118323.0
2025-05-17,Thực phẩm,TP HCM,Online,14,13,7112146.0,5054737.0
2025-05-17,Thực phẩm,Đà Nẵng,Cửa hàng,8,8,2342100.0,1633812.0
2025-05-17,Thực phẩm,Đà Nẵng,Online,4,4,1575600.0,1136791.0
2025-05-17,Điện tử,Cần Thơ,Cửa hàng,2,2,3047000.0,2293045.0
2025-05-17,Điện tử,Cần Thơ,Online,2,2,5375200.0,3474079.0
2025-05-17,Điện tử,Hà Nội,Cửa hàng,2,2,4362400.0,2839194.0
2025-05-17,Điện tử,Hà Nội,Online,3,3,4045900.0,3015346.0
2025-05-17,Điện tử,Hải Phòng,Cửa hàng,3,3,5152000.0,3738855.0
2025-05-17,Điện tử,Hải Phòng,Online,1,1,4548000.0,2772243.0
2025-05-17,Điện tử,TP HCM,Cửa hàng,7,7,18698850.0,14324662.0
2025-05-17,Điện tử,TP HCM,Online,2,2,3643200.0,2540845.0
2025-05-17,Điện tử,Đà Nẵng,Cửa hàng,5,5,26173705.0,18144000.0
2025-05-17,Điện tử,Đà Nẵng,Online,5,5,9695600.0,6518775.0
2025-05-18,Gia dụng,Cần Thơ,Cửa hàng,4,4,5107200.0,3593405.0
2025-05-18,Gia dụng,Cần Thơ,Online,1,1,1930000.0,1296008.0
2025-05-18,Gia dụng,Hà Nội,Cửa hàng,7,7,12792000.0,8451969.0
2025-05-18,Gia dụng,Hà Nội,Online,5,5,9960200.0,7525852.0
2025-05-18,Gia dụng,Hải Phòng,Cửa hàng,3,3,3178650.0,2012997.0
2025-05-18,Gia dụng,Hải Phòng,Online,1,1,1514000.0,1061970.0
2025-05-18,Gia dụng,TP HCM,Cửa hàng,6,6,16916476.0,12000479.0
2025-05-18,Gia dụng,TP HCM,Online,6,6,6957800.0,5124732.0
2025-05-18,Gia dụng,Đà Nẵng,Cửa hàng,6,6,15660036.0,11145248.0
2025-05-18,Mỹ phẩm,Cần Thơ,Cửa hàng,2,2,3230000.0,2591432.0
2025-05-18,Mỹ phẩm,Cần Thơ,Online,1,1,444000.0,320677.0
2025-05-18,Mỹ phẩm,Hà Nội,Cửa hàng,1,1,496000.0,326916.0
2025-05-18,Mỹ phẩm,Hà Nội,Online,1,1,894000.0,719961.0
2025-05-18,Mỹ phẩm,TP HCM,Cửa hàng,3,3,3592950.0,2634660.0
2025-05-18,Mỹ phẩm,Đà Nẵng,Cửa hàng,2,2,3123000.0,2456571.0
2025-05-18,Mỹ phẩm,Đà Nẵng,Online,2,2,2804650.0,2068012.0
2025-05-18,Sách,Cần Thơ,Cửa hàng,1,1,118800.0,100604.0
2025-05-18,Sách,Cần Thơ,Online,1,1,140600.0,101851.0
2025-05-18,Sách,Hà Nội,Cửa hàng,2,2,907000.0,697734.0
2025-05-18,Sách,Hà Nội,Online,2,2,275500.0,187613.0
2025-05-18,Sách,Hải Phòng,Cửa hàng,2,2,266750.0,177134.0
2025-05-18,Sách,Hải Phòng,Online,2,2,786500.0,581652.0
2025-05-18,Sách,TP HCM,Cửa hàng,5,5,1074000.0,720273.0
2025-05-18,Sách,TP HCM,Online,3,3,920900.0,582151.0
2025-05-18,Sách,Đà Nẵng,Cửa hàng,5,5,3369740.0,2344731.0
2025-05-18,Sách,Đà Nẵng,Online,2,2,275000.0,212131.0
2025-05-18,Thời trang,Cần Thơ,Online,1,1,1324000.0,810831.0
2025-05-18,Thời trang,Hà Nội,Cửa hàng,5,5,5849000.0,3861332.0
2025-05-18,Thời trang,Hà Nội,Online,3,3,6298000.0,4709262.0
2025-05-18,Thời trang,Hải Phòng,Cửa hàng,2,2,1449000.0,1174287.0
2025-05-18,Thời trang,TP HCM,Cửa hàng,5,5,7100150.0,5219070.0
2025-05-18,Thời trang,TP HCM,Online,4,4,5952250.0,4423858.0
2025-05-18,Thực phẩm,Cần Thơ,Cửa hàng,2,2,980600.0,719222.0
2025-05-18,Thực phẩm,Cần Thơ,Online,3,3,1227550.0,846370.0
2025-05-18,Thực phẩm,Hà Nội,Cửa hàng,4,4,1872000.0,1279068.0
2025-05-18,Thực phẩm,Hà Nội,Online,3,3,1670600.0,1307545.0
2025-05-18,Thực phẩm,Hải Phòng,Cửa hàng,1,1,732000.0,439844.0
2025-05-18,Thực phẩm,Hải Phòng,Online,3,3,520900.0,374690.0
2025-05-18,Thực phẩm,TP HCM,Cửa hàng,15,14,4108550.0,3101233.0
2025-05-18,Thực phẩm,TP HCM,Online,9,9,5698743.0,4075363.0
2025-05-18,Thực phẩm,Đà Nẵng,Cửa hàng,2,2,496750.0,371403.0
2025-05-18,Thực phẩm,Đà Nẵng,Online,5,5,1430450.0,983288.0
2025-05-18,Điện tử,Cần Thơ,Cửa hàng,3,3,4260000.0,3136925.0
2025-05-18,Điện tử,Hà Nội,Cửa hàng,6,6,10267300.0,7144987.0
2025-05-18,Điện tử,Hà Nội,Online,7,7,12574900.0,8849389.0
2025-05-18,Điện tử,Hải Phòng,Cửa hàng,2,2,4366200.0,3040744.0
2025-05-18,Điện tử,Hải Phòng,Online,1,1,983000.0,711475.0
2025-05-18,Điện tử,TP HCM,Cửa hàng,11,11,22006950.0,15779711.0
2025-05-18,Điện tử,TP HCM,Online,6,6,11512900.0,8234315.0
2025-05-18,Điện tử,Đà Nẵng,Cửa hàng,3,3,5320000.0,3722352.0
2025-05-18,Điện tử,Đà Nẵng,Online,2,2,7554000.0,5750176.0
2025-05-19,Gia dụng,Cần Thơ,Cửa hàng,3,3,2574350.0,1859142.0
2025-05-19,Gia dụng,Cần Thơ,Online,1,1,891000.0,618999.0
2025-05-19,Gia dụng,Hà Nội,Cửa hàng,4,4,5105400.0,3644359.0
2025-05-19,Gia dụng,Hà Nội,Online,3,3,5493600.0,3588196.0
2025-05-19,Gia dụng,Hải Phòng,Cửa hàng,2,2,4432600.0,3084473.0
2025-05-19,Gia dụng,TP HCM,Cửa hàng,7,7,21833414.0,15973538.0
2025-05-19,Gia dụng,TP HCM,Online,6,6,9235900.0,7011595.0
2025-05-19,Gia dụng,Đà Nẵng,Cửa hàng,4,4,3833000.0,2510745.0
2025-05-19,Mỹ phẩm,Cần Thơ,Online,1,1,409450.0,295724.0
2025-05-19,Mỹ phẩm,Hà Nội,Cửa hàng,2,2,1356300.0,872186.0
2025-05-19,Mỹ phẩm,Hà Nội,Online,4,4,2201450.0,1571698.0
2025-05-19,Mỹ phẩm,Hải Phòng,Cửa hàng,2,2,2661000.0,1738319.0
2025-05-19,Mỹ phẩm,Hải Phòng,Online,1,1,527000.0,389592.0
2025-05-19,Mỹ phẩm,TP HCM,Cửa hàng,4,4,4406300.0,3170701.0
2025-05-19,Mỹ phẩm,TP HCM,Online,4,4,3212700.0,2445582.0
2025-05-19,Mỹ phẩm,Đà Nẵng,Cửa hàng,3,3,2635950.0,1914294.0
2025-05-19,Mỹ phẩm,Đà Nẵng,Online,1,1,838000.0,519608.0
2025-05-19,Sách,Cần Thơ,Online,2,2,460700.0,342097.0
2025-05-19,Sách,Hà Nội,Cửa hàng,7,7,2182100.0,1526480.0
2025-05-19,Sách,Hà Nội,Online,6,6,2635923.0,1905644.0
2025-05-19,Sách,Hải Phòng,Cửa hàng,2,2,691500.0,501689.0
2025-05-19,Sách,Hải Phòng,Online,3,3,531550.0,367651.0
2025-05-19,Sách,TP HCM,Cửa hàng,6,6,2502100.0,1894583.0
2025-05-19,Sách,TP HCM,Online,3,3,433600.0,311047.0
2025-05-19,Sách,Đà Nẵng,Online,1,1,235800.0,196321.0
2025-05-19,Thời trang,Cần Thơ,Cửa hàng,1,1,769000.0,623108.0
2025-05-19,Thời trang,Cần Thơ,Online,1,1,724850.0,503325.0
2025-05-19,Thời trang,Hà Nội,Cửa hàng,4,4,3657950.0,2739401.0
2025-05-19,Thời trang,Hà Nội,Online,2,2,2593300.0,1675126.0
2025-05-19,Thời trang,Hải Phòng,Cửa hàng,2,2,3013650.0,2197036.0
2025-05-19,Thời trang,Hải Phòng,Online,3,3,4512950.0,3102621.0
2025-05-19,Thời trang,TP HCM,Cửa hàng,7,7,10189150.0,7709706.0
2025-05-19,Thời trang,TP HCM,Online,1,1,760950.0,607422.0
2025-05-19,Thời trang,Đà Nẵng,Online,1,1,810350.0,592114.0
2025-05-19,Thực phẩm,Cần Thơ,Cửa hàng,2,2,492050.0,359664.0
2025-05-19,Thực phẩm,Cần Thơ,Online,4,4,1217000.0,918162.0
2025-05-19,Thực phẩm,Hà Nội,Cửa hàng,9,9,4059350.0,2909801.0
2025-05-19,Thực phẩm,Hà Nội,Online,6,6,2414200.0,1647611.0
2025-05-19,Thực phẩm,Hải Phòng,Cửa hàng,2,2,568700.0,406056.0
2025-05-19,Thực phẩm,Hải Phòng,Online,1,1,671500.0,437445.0
2025-05-19,Thực phẩm,TP HCM,Cửa hàng,11,11,2915150.0,2182774.0
2025-05-19,Thực phẩm,TP HCM,Online,11,11,2711350.0,1833789.0
2025-05-19,Thực phẩm,Đà Nẵng,Cửa hàng,2,2,344000.0,258485.0
2025-05-19,Thực phẩm,Đà Nẵng,Online,5,5,1417800.0,999094.0
2025-05-19,Điện tử,Cần Thơ,Cửa hàng,2,2,1936800.0,1393875.0
2025-05-19,Điện tử,Cần Thơ,Online,3,3,7265200.0,4843838.0
2025-05-19,Điện tử,Hà Nội,Cửa hàng,5,5,6156650.0,4752069.0
2025-05-19,Điện tử,Hà Nội,Online,7,7,10652500.0,7203413.0
2025-05-19,Điện tử,Hải Phòng,Cửa hàng,2,2,7975000.0,5235271.0
2025-05-19,Điện tử,Hải Phòng,Online,2,2,7133500.0,4752638.0
2025-05-19,Điện tử,TP HCM,Cửa hàng,4,4,5404700.0,3929369.0
2025-05-19,Điện tử,TP HCM,Online,2,2,2873700.0,1943258.0
2025-05-19,Điện tử,Đà Nẵng,Cửa hàng,1,1,2128000.0,1679912.0
2025-05-19,Điện tử,Đà Nẵng,Online,4,4,8239850.0,6024921.0
2025-05-20,Gia dụng,Cần Thơ,Cửa hàng,3,3,3439150.0,2255330.0
2025-05-20,Gia dụng,Cần Thơ,Online,4,4,12025000.0,8874526.0
2025-05-20,Gia dụng,Hà Nội,Cửa hàng,5,5,4943650.0,3411267.0
2025-05-20,Gia dụng,Hà Nội,Online,1,1,720100.0,476958.0
2025-05-20,Gia dụng,Hải Phòng,Cửa hàng,1,1,1630000.0,1048989.0
2025-05-20,Gia dụng,Hải Phòng,Online,2,2,3308000.0,2505200.0
2025-05-20,Gia dụng,TP HCM,Cửa hàng,2,2,1591400.0,1187378.0
2025-05-20,Gia dụng,TP HCM,Online,3,3,3942500.0,2841651.0
2025-05-20,Gia dụng,Đà Nẵng,Cửa hàng,3,3,4292950.0,3172530.0
2025-05-20,Gia dụng,Đà Nẵng,Online,2,2,5772000.0,4116867.0
2025-05-20,Mỹ phẩm,Cần Thơ,Cửa hàng,4,4,5107800.0,3352191.0
2025-05-20,Mỹ phẩm,Cần Thơ,Online,2,2,906700.0,732834.0
2025-05-20,Mỹ phẩm,Hà Nội,Cửa hàng,5,5,3768300.0,2522412.0
2025-05-20,Mỹ phẩm,Hà Nội,Online,4,4,3164600.0,2531456.0
2025-05-20,Mỹ phẩm,Hải Phòng,Online,5,5,5633000.0,3775904.0
2025-05-20,Mỹ phẩm,TP HCM,Cửa hàng,5,5,3788500.0,2754216.0
2025-05-20,Mỹ phẩm,TP HCM,Online,4,4,2346800.0,1720163.0
2025-05-20,Mỹ phẩm,Đà Nẵng,Cửa hàng,1,1,499000.0,321155.0
2025-05-20,Mỹ phẩm,Đà Nẵng,Online,2,2,1459200.0,1108838.0
2025-05-20,Sách,Cần Thơ,Cửa hàng,3,3,639300.0,417953.0
2025-05-20,Sách,Cần Thơ,Online,3,3,1060900.0,739013.0
2025-05-20,Sách,Hà Nội,Online,4,4,855050.0,666421.0
2025-05-20,Sách,Hải Phòng,Cửa hàng,2,2,461700.0,340829.0
2025-05-20,Sách,TP HCM,Cửa hàng,5,5,1115900.0,832600.0
2025-05-20,Sách,TP HCM,Online,4,4,529450.0,388802.0
2025-05-20,Sách,Đà Nẵng,Cửa hàng,2,2,465000.0,302166.0
2025-05-20,Sách,Đà Nẵng,Online,1,1,134000.0,95215.0
2025-05-20,Thời trang,Cần Thơ,Cửa hàng,4,4,6133600.0,4165803.0
2025-05-20,Thời trang,Cần Thơ,Online,1,1,713450.0,603211.0
2025-05-20,Thời trang,Hà Nội,Cửa hàng,5,5,9165250.0,6541061.0
2025-05-20,Thời trang,Hà Nội,Online,1,1,732000.0,574081.0
2025-05-20,Thời trang,Hải Phòng,Cửa hàng,1,1,733000.0,529983.0
2025-05-20,Thời trang,TP HCM,Cửa hàng,4,4,6102250.0,4559666.0
2025-05-20,Thời trang,TP HCM,Online,3,3,3999000.0,2891410.0
2025-05-20,Thời trang,Đà Nẵng,Cửa hàng,3,3,9029000.0,6959804.0
2025-05-20,Thực phẩm,Cần Thơ,Cửa hàng,5,5,1261300.0,943197.0
2025-05-20,Thực phẩm,Cần Thơ,Online,2,2,525000.0,379479.0
2025-05-20,Thực phẩm,Hà Nội,Cửa hàng,10,10,2413100.0,1746415.0
2025-05-20,Thực phẩm,Hà Nội,Online,7,7,1953950.0,1462346.0
2025-05-20,Thực phẩm,Hải Phòng,Cửa hàng,4,4,968200.0,726431.0
2025-05-20,Thực phẩm,Hải Phòng,Online,3,3,508700.0,380699.0
2025-05-20,Thực phẩm,TP HCM,Cửa hàng,10,10,2331200.0,1639650.0
2025-05-20,Thực phẩm,TP HCM,Online,11,11,3063650.0,2257594.0
2025-05-20,Thực phẩm,Đà Nẵng,Cửa hàng,5,5,1363800.0,939992.0
2025-05-20,Thực phẩm,Đà Nẵng,Online,1,1,194000.0,144339.0
2025-05-20,Điện tử,Cần Thơ,Cửa hàng,4,4,8881600.0,5949257.0
2025-05-20,Điện tử,Hà Nội,Cửa hàng,1,1,1698300.0,1384837.0
2025-05-20,Điện tử,Hà Nội,Online,7,7,10169300.0,6938610.0
2025-05-20,Điện tử,Hải Phòng,Cửa hàng,2,2,3524000.0,2420707.0
2025-05-20,Điện tử,Hải Phòng,Online,3,3,3308000.0,2490248.0
2025-05-20,Điện tử,TP HCM,Cửa hàng,8,8,12530450.0,9049228.0
2025-05-20,Điện tử,TP HCM,Online,2,2,2142300.0,1624993.0
2025-05-20,Điện tử,Đà Nẵng,Cửa hàng,6,6,16486900.0,11247671.0
2025-05-20,Điện tử,Đà Nẵng,Online,1,1,3360000.0,2598706.0
2025-05-21,Gia dụng,Cần Thơ,Cửa hàng,4,4,5789100.0,4515177.0
2025-05-21,Gia dụng,Hà Nội,Cửa hàng,4,4,9261000.0,7158590.0
2025-05-21,Gia dụng,Hà Nội,Online,3,3,6142000.0,4831702.0
2025-05-21,Gia dụng,Hải Phòng,Cửa hàng,5,5,22800782.0,16164306.0
2025-05-21,Gia dụng,TP HCM,Cửa hàng,9,9,15308800.0,10639291.0
2025-05-21,Gia dụng,TP HCM,Online,3,3,3452000.0,2441535.0
2025-05-21,Gia dụng,Đà Nẵng,Online,2,2,2532000.0,1977499.0
2025-05-21,Mỹ phẩm,Cần Thơ,Cửa hàng,1,1,883800.0,541066.0
2025-05-21,Mỹ phẩm,Hà Nội,Cửa hàng,2,2,1615200.0,1250229.0
2025-05-21,Mỹ phẩm,Hà Nội,Online,7,7,3660650.0,2703262.0
2025-05-21,Mỹ phẩm,Hải Phòng,Cửa hàng,2,2,837500.0,624349.0
2025-05-21,Mỹ phẩm,TP HCM,Cửa hàng,6,6,3257600.0,2364926.0
2025-05-21,Mỹ phẩm,TP HCM,Online,3,3,1378100.0,1001878.0
2025-05-21,Mỹ phẩm,Đà Nẵng,Cửa hàng,1,1,515000.0,417307.0
2025-05-21,Mỹ phẩm,Đà Nẵng,Online,1,1,449100.0,367026.0
2025-05-21,Sách,Cần Thơ,Cửa hàng,1,1,131750.0,83810.0
2025-05-21,Sách,Cần Thơ,Online,1,1,140000.0,91773.0
2025-05-21,Sách,Hà Nội,Cửa hàng,8,8,2336200.0,1760984.0
2025-05-21,Sách,Hà Nội,Online,2,2,278000.0,211709.0
2025-05-21,Sách,Hải Phòng,Cửa hàng,1,1,151050.0,97510.0
2025-05-21,Sách,TP HCM,Cửa hàng,2,2,508050.0,337354.0
2025-05-21,Sách,TP HCM,Online,3,3,587900.0,419347.0
2025-05-21,Thời trang,Cần Thơ,Cửa hàng,3,3,4219000.0,3105360.0
2025-05-21,Thời trang,Cần Thơ,Online,1,1,824000.0,513776.0
2025-05-21,Thời trang,Hà Nội,Cửa hàng,2,2,5419000.0,4202671.0
2025-05-21,Thời trang,Hà Nội,Online,3,3,4997800.0,3756226.0
2025-05-21,Thời trang,Hải Phòng,Cửa hàng,1,1,687800.0,494181.0
2025-05-21,Thời trang,Hải Phòng,Online,1,1,1716000.0,1068246.0
2025-05-21,Thời trang,TP HCM,Cửa hàng,9,9,11858650.0,7962734.0
2025-05-21,Thời trang,TP HCM,Online,2,2,3541000.0,2742275.0
2025-05-21,Thời trang,Đà Nẵng,Cửa hàng,2,2,3447000.0,2286588.0
2025-05-21,Thời trang,Đà Nẵng,Online,3,3,3997400.0,2741031.0
2025-05-21,Thực phẩm,Cần Thơ,Cửa hàng,5,5,868000.0,600163.0
2025-05-21,Thực phẩm,Cần Thơ,Online,2,2,316000.0,220839.0
2025-05-21,Thực phẩm,Hà Nội,Cửa hàng,12,12,4441850.0,3272716.0
2025-05-21,Thực phẩm,Hà Nội,Online,4,4,1070000.0,838466.0
2025-05-21,Thực phẩm,Hải Phòng,Cửa hàng,3,3,547500.0,413472.0
2025-05-21,Thực phẩm,Hải Phòng,Online,3,3,1778000.0,1211629.0
2025-05-21,Thực phẩm,TP HCM,Cửa hàng,9,9,2353250.0,1838459.0
2025-05-21,Thực phẩm,TP HCM,Online,7,7,1702100.0,1225395.0
2025-05-21,Thực phẩm,Đà Nẵng,Cửa hàng,8,8,3048700.0,2263804.0
2025-05-21,Điện tử,Cần Thơ,Cửa hàng,4,3,6707200.0,5025022.0
2025-05-21,Điện tử,Cần Thơ,Online,4,4,22149473.0,16126237.0
2025-05-21,Điện tử,Hà Nội,Cửa hàng,2,2,5191950.0,3689236.0
2025-05-21,Điện tử,Hà Nội,Online,6,6,10977800.0,8214511.0
2025-05-21,Điện tử,Hải Phòng,Cửa hàng,5,5,9463000.0,7475124.0
2025-05-21,Điện tử,Hải Phòng,Online,1,1,2826000.0,2045401.0
2025-05-21,Điện tử,TP HCM,Cửa hàng,7,7,26378738.0,19043210.0
2025-05-21,Điện tử,TP HCM,Online,3,3,5666300.0,4009361.0
2025-05-21,Điện tử,Đà Nẵng,Cửa hàng,3,3,4507300.0,3245195.0
2025-05-22,Gia dụng,Cần Thơ,Cửa hàng,3,3,3342200.0,2662940.0
2025-05-22,Gia dụng,Cần Thơ,Online,2,2,1580000.0,1231281.0
2025-05-22,Gia dụng,Hà Nội,Cửa hàng,3,3,3560850.0,2651846.0
2025-05-22,Gia dụng,Hà Nội,Online,2,2,1762900.0,1164907.0
2025-05-22,Gia dụng,Hải Phòng,Cửa hàng,3,3,8096500.0,5446781.0
2025-05-22,Gia dụng,Hải Phòng,Online,1,1,678600.0,489397.0
2025-05-22,Gia dụng,TP HCM,Cửa hàng,3,3,5147000.0,3907268.0
2025-05-22,Gia dụng,TP HCM,Online,3,3,3269800.0,2418051.0
2025-05-22,Gia dụng,Đà Nẵng,Online,2,2,1649100.0,1285401.0
2025-05-22,Mỹ phẩm,Hà Nội,Cửa hàng,3,3,2282000.0,1729578.0
2025-05-22,Mỹ phẩm,Hà Nội,Online,3,3,3344800.0,2569167.0
2025-05-22,Mỹ phẩm,Hải Phòng,Online,1,1,419000.0,329955.0
2025-05-22,Mỹ phẩm,TP HCM,Cửa hàng,4,4,2386700.0,1820244.0
2025-05-22,Mỹ phẩm,TP HCM,Online,1,1,407700.0,288488.0
2025-05-22,Mỹ phẩm,Đà Nẵng,Cửa hàng,2,2,2793000.0,1910014.0
2025-05-22,Mỹ phẩm,Đà Nẵng,Online,1,1,494000.0,350772.0
2025-05-22,Sách,Cần Thơ,Online,2,2,597300.0,438720.0
2025-05-22,Sách,Hà Nội,Cửa hàng,2,2,297800.0,198318.0
2025-05-22,Sách,Hà Nội,Online,3,3,410900.0,294949.0
2025-05-22,Sách,Hải Phòng,Cửa hàng,4,4,2437123.0,1825173.0
2025-05-22,Sách,Hải Phòng,Online,2,2,664000.0,540183.0
2025-05-22,Sách,TP HCM,Cửa hàng,1,1,166000.0,110908.0
2025-05-22,Sách,TP HCM,Online,6,6,2247550.0,1643551.0
2025-05-22,Sách,Đà Nẵng,Cửa hàng,1,1,144000.0,106873.0
2025-05-22,Sách,Đà Nẵng,Online,4,4,1208000.0,823939.0
2025-05-22,Thời trang,Cần Thơ,Cửa hàng,2,2,1408000.0,1030784.0
2025-05-22,Thời trang,Cần Thơ,Online,1,1,1863900.0,1401371.0
2025-05-22,Thời trang,Hà Nội,Cửa hàng,3,3,4513150.0,3059652.0
2025-05-22,Thời trang,Hà Nội,Online,1,1,3158750.0,2152129.0
2025-05-22,Thời trang,Hải Phòng,Online,3,3,2324000.0,1691745.0
2025-05-22,Thời trang,TP HCM,Cửa hàng,6,6,6665900.0,4646372.0
2025-05-22,Thời trang,TP HCM,Online,2,2,1918200.0,1297822.0
2025-05-22,Thời trang,Đà Nẵng,Cửa hàng,1,1,1594100.0,1257999.0
2025-05-22,Thời trang,Đà Nẵng,Online,5,5,7459550.0,5285156.0
2025-05-22,Thực phẩm,Cần Thơ,Cửa hàng,1,1,396000.0,267078.0
2025-05-22,Thực phẩm,Cần Thơ,Online,4,4,1527000.0,1178307.0
2025-05-22,Thực phẩm,Hà Nội,Cửa hàng,10,10,2947900.0,2062046.0
2025-05-22,Thực phẩm,Hà Nội,Online,10,10,5184404.0,3698181.0
2025-05-22,Thực phẩm,Hải Phòng,Cửa hàng,6,6,1969100.0,1373208.0
2025-05-22,Thực phẩm,Hải Phòng,Online,3,3,1204750.0,858958.0
2025-05-22,Thực phẩm,TP HCM,Cửa hàng,12,12,4554200.0,3189640.0
2025-05-22,Thực phẩm,TP HCM,Online,15,15,6685343.0,4783519.0
2025-05-22,Thực phẩm,Đà Nẵng,Cửa hàng,5,5,1785450.0,1356421.0
2025-05-22,Thực phẩm,Đà Nẵng,Online,1,1,173000.0,114498.0
2025-05-22,Điện tử,Cần Thơ,Cửa hàng,2,2,2231700.0,1496938.0
2025-05-22,Điện tử,Hà Nội,Cửa hàng,9,9,29950961.0,21401565.0
2025-05-22,Điện tử,Hà Nội,Online,8,8,20676550.0,15391636.0
2025-05-22,Điện tử,Hải Phòng,Online,3,3,6275700.0,4724229.0
2025-05-22,Điện tử,TP HCM,Cửa hàng,4,4,7728950.0,5616189.0
2025-05-22,Điện tử,TP HCM,Online,2,2,1995450.0,1327357.0
2025-05-22,Điện tử,Đà Nẵng,Cửa hàng,1,1,2881500.0,2063019.0
2025-05-22,Điện tử,Đà Nẵng,Online,4,4,6656000.0,4566818.0
2025-05-23,Gia dụng,Cần Thơ,Cửa hàng,1,1,4505000.0,3098380.0
2025-05-23,Gia dụng,Cần Thơ,Online,3,3,3038300.0,2159308.0
2025-05-23,Gia dụng,Hà Nội,Cửa hàng,5,5,6410000.0,4486575.0
2025-05-23,Gia dụng,Hà Nội,Online,2,2,3651000.0,2560578.0
2025-05-23,Gia dụng,Hải Phòng,Cửa hàng,4,4,7653700.0,5332722.0
2025-05-23,Gia dụng,Hải Phòng,Online,3,3,4747800.0,3241698.0
2025-05-23,Gia dụng,TP HCM,Cửa hàng,5,5,7705500.0,5176295.0
2025-05-23,Gia dụng,TP HCM,Online,5,5,6905500.0,4887856.0
2025-05-23,Gia dụng,Đà Nẵng,Online,1,1,2337000.0,1787878.0
2025-05-23,Mỹ phẩm,Cần Thơ,Cửa hàng,1,1,538000.0,422650.0
2025-05-23,Mỹ phẩm,Cần Thơ,Online,2,2,957000.0,629717.0
2025-05-23,Mỹ phẩm,Hà Nội,Cửa hàng,2,2,1330000.0,1010004.0
2025-05-23,Mỹ phẩm,Hải Phòng,Cửa hàng,2,2,6788622.0,4761112.0
2025-05-23,Mỹ phẩm,Hải Phòng,Online,1,1,881600.0,583853.0
2025-05-23,Mỹ phẩm,TP HCM,Cửa hàng,4,4,3261150.0,2257443.0
2025-05-23,Mỹ phẩm,TP HCM,Online,4,4,2415250.0,1802112.0
2025-05-23,Mỹ phẩm,Đà Nẵng,Cửa hàng,2,2,2024000.0,1345573.0
2025-05-23,Sách,Cần Thơ,Online,2,2,406700.0,279318.0
2025-05-23,Sách,Hà Nội,Cửa hàng,3,3,985000.0,691572.0
2025-05-23,Sách,Hà Nội,Online,1,1,135850.0,105286.0
2025-05-23,Sách,Hải Phòng,Cửa hàng,1,1,122550.0,96215.0
2025-05-23,Sách,TP HCM,Cửa hàng,5,5,2500635.0,1761924.0
2025-05-23,Sách,TP HCM,Online,6,6,2007000.0,1498287.0
2025-05-23,Sách,Đà Nẵng,Cửa hàng,4,4,613500.0,457609.0
2025-05-23,Sách,Đà Nẵng,Online,3,3,1005000.0,730064.0
2025-05-23,Thời trang,Cần Thơ,Cửa hàng,2,2,1538000.0,1198161.0
2025-05-23,Thời trang,Hà Nội,Cửa hàng,7,7,7441600.0,5453774.0
2025-05-23,Thời trang,Hải Phòng,Cửa hàng,3,3,4680000.0,3568241.0
2025-05-23,Thời trang,Hải Phòng,Online,2,2,1466000.0,1058185.0
2025-05-23,Thời trang,TP HCM,Cửa hàng,3,3,4729450.0,3320755.0
2025-05-23,Thời trang,TP HCM,Online,3,3,15068477.0,10680193.0
2025-05-23,Thời trang,Đà Nẵng,Cửa hàng,2,2,1420000.0,919766.0
2025-05-23,Thời trang,Đà Nẵng,Online,1,1,1497600.0,964642.0
2025-05-23,Thực phẩm,Cần Thơ,Cửa hàng,2,2,963000.0,708545.0
2025-05-23,Thực phẩm,Cần Thơ,Online,4,4,1486100.0,1124534.0
2025-05-23,Thực phẩm,Hà Nội,Cửa hàng,12,12,7591770.0,5385128.0
2025-05-23,Thực phẩm,Hà Nội,Online,4,4,1746000.0,1225090.0
2025-05-23,Thực phẩm,Hải Phòng,Cửa hàng,2,2,543050.0,454296.0
2025-05-23,Thực phẩm,Hải Phòng,Online,4,4,1955600.0,1365800.0
2025-05-23,Thực phẩm,TP HCM,Cửa hàng,4,4,1230350.0,915638.0
2025-05-23,Thực phẩm,TP HCM,Online,11,11,2768600.0,2037967.0
2025-05-23,Thực phẩm,Đà Nẵng,Cửa hàng,3,3,1388300.0,1090763.0
2025-05-23,Thực phẩm,Đà Nẵng,Online,3,3,923300.0,660760.0
2025-05-23,Điện tử,Cần Thơ,Cửa hàng,2,2,5834000.0,3633237.0
2025-05-23,Điện tử,Cần Thơ,Online,4,4,3872250.0,2856684.0
2025-05-23,Điện tử,Hà Nội,Cửa hàng,5,5,9080550.0,7206286.0
2025-05-23,Điện tử,Hà Nội,Online,6,6,11298450.0,8643464.0
2025-05-23,Điện tử,Hải Phòng,Cửa hàng,1,1,1955100.0,1285257.0
2025-05-23,Điện tử,Hải Phòng,Online,2,2,2129000.0,1515322.0
2025-05-23,Điện tử,TP HCM,Cửa hàng,10,10,14732600.0,10576208.0
2025-05-23,Điện tử,TP HCM,Online,3,3,7832000.0,6215328.0
2025-05-23,Điện tử,Đà Nẵng,Cửa hàng,3,3,6158900.0,3943263.0
2025-05-23,Điện tử,Đà Nẵng,Online,3,3,6250500.0,4699180.0
2025-05-24,Gia dụng,Cần Thơ,Cửa hàng,2,2,2574400.0,2051628.0
2025-05-24,Gia dụng,Cần Thơ,Online,2,2,2614400.0,1986347.0
2025-05-24,Gia dụng,Hà Nội,Cửa hàng,4,4,4693550.0,3559824.0
2025-05-24,Gia dụng,Hà Nội,Online,5,5,5628500.0,4203445.0
2025-05-24,Gia dụng,Hải Phòng,Cửa hàng,3,3,4838000.0,3098979.0
2025-05-24,Gia dụng,TP HCM,Cửa hàng,7,7,6719400.0,4814829.0
2025-05-24,Gia dụng,TP HCM,Online,4,4,4804000.0,3475161.0
2025-05-24,Gia dụng,Đà Nẵng,Cửa hàng,1,1,918650.0,770233.0
2025-05-24,Gia dụng,Đà Nẵng,Online,3,3,5493100.0,3781711.0
2025-05-24,Mỹ phẩm,Cần Thơ,Online,3,3,3444300.0,2362135.0
2025-05-24,Mỹ phẩm,Hà Nội,Cửa hàng,3,3,2317000.0,1573972.0
2025-05-24,Mỹ phẩm,Hà Nội,Online,3,3,2083200.0,1462692.0
2025-05-24,Mỹ phẩm,Hải Phòng,Cửa hàng,2,2,2108650.0,1477888.0
2025-05-24,Mỹ phẩm,Hải Phòng,Online,1,1,992000.0,655158.0
2025-05-24,Mỹ phẩm,TP HCM,Cửa hàng,6,6,3824000.0,3014348.0
2025-05-24,Mỹ phẩm,Đà Nẵng,Cửa hàng,1,1,457000.0,359878.0
2025-05-24,Sách,Cần Thơ,Cửa hàng,3,3,885600.0,599093.0
2025-05-24,Sách,Cần Thơ,Online,1,1,387000.0,309465.0
2025-05-24,Sách,Hà Nội,Cửa hàng,5,5,1214700.0,859853.0
2025-05-24,Sách,Hà Nội,Online,2,2,726000.0,525916.0
2025-05-24,Sách,Hải Phòng,Cửa hàng,4,4,1151450.0,798407.0
2025-05-24,Sách,Hải Phòng,Online,1,1,145000.0,105038.0
2025-05-24,Sách,TP HCM,Cửa hàng,9,9,1918800.0,1350503.0
2025-05-24,Sách,TP HCM,Online,2,2,281600.0,198454.0
2025-05-24,Sách,Đà Nẵng,Cửa hàng,3,3,1004100.0,713493.0
2025-05-24,Thời trang,Cần Thơ,Cửa hàng,3,3,3106700.0,2384997.0
2025-05-24,Thời trang,Cần Thơ,Online,1,1,4030000.0,2913824.0
2025-05-24,Thời trang,Hà Nội,Cửa hàng,2,2,3673800.0,2428251.0
2025-05-24,Thời trang,Hà Nội,Online,2,2,3623900.0,2620200.0
2025-05-24,Thời trang,Hải Phòng,Cửa hàng,1,1,715000.0,527181.0
2025-05-24,Thời trang,TP HCM,Cửa hàng,4,4,11719128.0,8119313.0
2025-05-24,Thời trang,TP HCM,Online,3,3,2349000.0,1714755.0
2025-05-24,Thời trang,Đà Nẵng,Cửa hàng,1,1,3005800.0,2519983.0
2025-05-24,Thời trang,Đà Nẵng,Online,3,3,6782300.0,4930592.0
2025-05-24,Thực phẩm,Cần Thơ,Cửa hàng,1,1,154700.0,115644.0
2025-05-24,Thực phẩm,Cần Thơ,Online,4,4,1381200.0,1016139.0
2025-05-24,Thực phẩm,Hà Nội,Cửa hàng,5,5,1863800.0,1317518.0
2025-05-24,Thực phẩm,Hà Nội,Online,8,8,5099873.0,3780845.0
2025-05-24,Thực phẩm,Hải Phòng,Cửa hàng,2,2,757400.0,526123.0
2025-05-24,Thực phẩm,Hải Phòng,Online,4,4,604350.0,430624.0
2025-05-24,Thực phẩm,TP HCM,Cửa hàng,14,14,6295380.0,4510072.0
2025-05-24,Thực phẩm,TP HCM,Online,8,8,2228850.0,1586657.0
2025-05-24,Thực phẩm,Đà Nẵng,Cửa hàng,3,3,730350.0,563269.0
2025-05-24,Thực phẩm,Đà Nẵng,Online,7,7,2928500.0,2100126.0
2025-05-24,Điện tử,Cần Thơ,Cửa hàng,4,4,6862000.0,5003134.0
2025-05-24,Điện tử,Cần Thơ,Online,3,3,3159400.0,2378147.0
2025-05-24,Điện tử,Hà Nội,Cửa hàng,4,4,9671400.0,7619736.0
2025-05-24,Điện tử,Hà Nội,Online,7,7,9454200.0,6784990.0
2025-05-24,Điện tử,Hải Phòng,Cửa hàng,2,2,2191000.0,1643022.0
2025-05-24,Điện tử,Hải Phòng,Online,1,1,937000.0,678181.0
2025-05-24,Điện tử,TP HCM,Cửa hàng,6,6,10141200.0,7616381.0
2025-05-24,Điện tử,TP HCM,Online,4,4,8745150.0,6125205.0
2025-05-24,Điện tử,Đà Nẵng,Cửa hàng,2,2,4312950.0,3174451.0
2025-05-24,Điện tử,Đà Nẵng,Online,4,4,10802000.0,8395358.0
2025-05-25,Gia dụng,Cần Thơ,Cửa hàng,3,3,6898600.0,5585312.0
2025-05-25,Gia dụng,Cần Thơ,Online,1,1,1862000.0,1503262.0
2025-05-25,Gia dụng,Hà Nội,Cửa hàng,1,1,780300.0,540693.0
2025-05-25,Gia dụng,Hà Nội,Online,5,5,7462700.0,5498239.0
2025-05-25,Gia dụng,Hải Phòng,Cửa hàng,2,2,1779000.0,1399485.0
2025-05-25,Gia dụng,Hải Phòng,Online,3,3,7189000.0,5118468.0
2025-05-25,Gia dụng,TP HCM,Cửa hàng,3,3,12531147.0,8677763.0
2025-05-25,Gia dụng,TP HCM,Online,4,4,3983800.0,2799839.0
2025-05-25,Gia dụng,Đà Nẵng,Cửa hàng,3,3,9023200.0,6541745.0
2025-05-25,Gia dụng,Đà Nẵng,Online,1,1,1468700.0,1059206.0
2025-05-25,Mỹ phẩm,Cần Thơ,Cửa hàng,1,1,454750.0,296821.0
2025-05-25,Mỹ phẩm,Cần Thơ,Online,1,1,459850.0,278326.0
2025-05-25,Mỹ phẩm,Hà Nội,Cửa hàng,3,3,1909700.0,1260959.0
2025-05-25,Mỹ phẩm,Hà Nội,Online,1,1,1734000.0,1333603.0
2025-05-25,Mỹ phẩm,Hải Phòng,Cửa hàng,2,2,979250.0,690688.0
2025-05-25,Mỹ phẩm,Hải Phòng,Online,1,1,1581000.0,1141871.0
2025-05-25,Mỹ phẩm,TP HCM,Cửa hàng,6,6,5914000.0,4369484.0
2025-05-25,Mỹ phẩm,TP HCM,Online,5,5,6210300.0,4610549.0
2025-05-25,Mỹ phẩm,Đà Nẵng,Cửa hàng,1,1,779000.0,527803.0
2025-05-25,Mỹ phẩm,Đà Nẵng,Online,1,1,528000.0,375208.0
2025-05-25,Sách,Cần Thơ,Cửa hàng,1,1,172000.0,114390.0
2025-05-25,Sách,Cần Thơ,Online,1,1,162000.0,117353.0
2025-05-25,Sách,Hà Nội,Cửa hàng,2,2,310050.0,242344.0
2025-05-25,Sách,Hà Nội,Online,3,3,635500.0,445783.0
2025-05-25,Sách,Hải Phòng,Online,1,1,165000.0,137599.0
2025-05-25,Sách,TP HCM,Cửa hàng,1,1,131100.0,102332.0
2025-05-25,Sách,TP HCM,Online,1,1,261800.0,207715.0
2025-05-25,Sách,Đà Nẵng,Cửa hàng,2,2,311450.0,205013.0
2025-05-25,Sách,Đà Nẵng,Online,2,2,747450.0,594909.0
2025-05-25,Thời trang,Cần Thơ,Cửa hàng,2,2,3581600.0,2564684.0
2025-05-25,Thời trang,Cần Thơ,Online,2,2,5553000.0,4015004.0
2025-05-25,Thời trang,Hà Nội,Cửa hàng,4,4,2957300.0,2143838.0
2025-05-25,Thời trang,Hà Nội,Online,1,1,767000.0,554567.0
2025-05-25,Thời trang,Hải Phòng,Cửa hàng,3,3,4344450.0,3514072.0
2025-05-25,Thời trang,Hải Phòng,Online,1,1,749000.0,625822.0
2025-05-25,Thời trang,TP HCM,Cửa hàng,4,4,5348000.0,3797832.0
2025-05-25,Thời trang,TP HCM,Online,4,4,4525000.0,3230938.0
2025-05-25,Thời trang,Đà Nẵng,Cửa hàng,3,3,2688650.0,1905017.0
2025-05-25,Thời trang,Đà Nẵng,Online,1,1,730000.0,445490.0
2025-05-25,Thực phẩm,Cần Thơ,Cửa hàng,5,5,1663000.0,1274288.0
2025-05-25,Thực phẩm,Cần Thơ,Online,1,1,336000.0,242866.0
2025-05-25,Thực phẩm,Hà Nội,Cửa hàng,7,7,1937000.0,1430130.0
2025-05-25,Thực phẩm,Hà Nội,Online,9,9,4719440.0,3439112.0
2025-05-25,Thực phẩm,Hải Phòng,Cửa hàng,1,1,201000.0,121736.0
2025-05-25,Thực phẩm,Hải Phòng,Online,3,3,1120800.0,884218.0
2025-05-25,Thực phẩm,TP HCM,Cửa hàng,11,11,3151300.0,2196727.0
2025-05-25,Thực phẩm,TP HCM,Online,12,12,5895414.0,4213554.0
2025-05-25,Thực phẩm,Đà Nẵng,Cửa hàng,1,1,346000.0,208558.0
2025-05-25,Thực phẩm,Đà Nẵng,Online,2,2,1023000.0,708384.0
2025-05-25,Điện tử,Cần Thơ,Cửa hàng,2,2,2952350.0,2360770.0
2025-05-25,Điện tử,Cần Thơ,Online,2,2,2227000.0,1698216.0
2025-05-25,Điện tử,Hà Nội,Cửa hàng,6,6,7206350.0,5010775.0
2025-05-25,Điện tử,Hà Nội,Online,2,2,2002000.0,1449007.0
2025-05-25,Điện tử,Hải Phòng,Cửa hàng,2,2,2098800.0,1573626.0
2025-05-25,Điện tử,Hải Phòng,Online,4,4,4337550.0,3052207.0
2025-05-25,Điện tử,TP HCM,Cửa hàng,6,6,22973823.0,16257059.0
2025-05-25,Điện tử,TP HCM,Online,5,5,10574600.0,7184588.0
2025-05-25,Điện tử,Đà Nẵng,Online,3,3,4226000.0,3129483.0
2025-05-26,Gia dụng,Cần Thơ,Cửa hàng,1,1,1383200.0,830396.0
2025-05-26,Gia dụng,Cần Thơ,Online,2,2,2537000.0,1741192.0
2025-05-26,Gia dụng,Hà Nội,Cửa hàng,3,3,4151400.0,3174895.0
2025-05-26,Gia dụng,Hà Nội,Online,9,9,10960800.0,8272900.0
2025-05-26,Gia dụng,Hải Phòng,Cửa hàng,5,5,10192900.0,7021017.0
2025-05-26,Gia dụng,Hải Phòng,Online,2,2,1608350.0,1208112.0
2025-05-26,Gia dụng,TP HCM,Cửa hàng,8,8,11340900.0,8623620.0
2025-05-26,Gia dụng,TP HCM,Online,7,7,9483500.0,7016562.0
2025-05-26,Mỹ phẩm,Cần Thơ,Cửa hàng,3,3,2818000.0,2212605.0
2025-05-26,Mỹ phẩm,Hà Nội,Cửa hàng,6,6,5738000.0,4000245.0
2025-05-26,Mỹ phẩm,Hà Nội,Online,2,2,1307800.0,993163.0
2025-05-26,Mỹ phẩm,Hải Phòng,Cửa hàng,2,2,1593000.0,1073359.0
2025-05-26,Mỹ phẩm,Hải Phòng,Online,2,2,2705600.0,1954108.0
2025-05-26,Mỹ phẩm,TP HCM,Cửa hàng,4,4,4128250.0,2779927.0
2025-05-26,Mỹ phẩm,Đà Nẵng,Online,1,1,1008000.0,728024.0
2025-05-26,Sách,Cần Thơ,Online,2,2,286000.0,194822.0
2025-05-26,Sách,Hà Nội,Cửa hàng,2,2,517850.0,376440.0
2025-05-26,Sách,Hà Nội,Online,2,2,616000.0,469500.0
2025-05-26,Sách,Hải Phòng,Online,1,1,248900.0,176672.0
2025-05-26,Sách,TP HCM,Cửa hàng,2,2,542600.0,380094.0
2025-05-26,Sách,TP HCM,Online,1,1,129000.0,93448.0
2025-05-26,Sách,Đà Nẵng,Cửa hàng,4,4,696400.0,483797.0
2025-05-26,Sách,Đà Nẵng,Online,2,2,753800.0,591078.0
2025-05-26,Thời trang,Cần Thơ,Cửa hàng,3,3,2216400.0,1584435.0
2025-05-26,Thời trang,Hà Nội,Cửa hàng,1,1,604350.0,477439.0
2025-05-26,Thời trang,Hà Nội,Online,5,5,9555950.0,6397585.0
2025-05-26,Thời trang,Hải Phòng,Cửa hàng,2,2,2011200.0,1406149.0
2025-05-26,Thời trang,TP HCM,Cửa hàng,4,4,4235700.0,3146835.0
2025-05-26,Thời trang,TP HCM,Online,4,4,5278000.0,4249189.0
2025-05-26,Thời trang,Đà Nẵng,Cửa hàng,5,5,9131300.0,5713321.0
2025-05-26,Thời trang,Đà Nẵng,Online,2,2,2485450.0,1807302.0
2025-05-26,Thực phẩm,Cần Thơ,Cửa hàng,4,4,1246200.0,970554.0
2025-05-26,Thực phẩm,Hà Nội,Cửa hàng,10,10,3237450.0,2272287.0
2025-05-26,Thực phẩm,Hà Nội,Online,7,7,3066084.0,2181934.0
2025-05-26,Thực phẩm,Hải Phòng,Cửa hàng,4,4,1254300.0,944069.0
2025-05-26,Thực phẩm,Hải Phòng,Online,2,2,289000.0,234384.0
2025-05-26,Thực phẩm,TP HCM,Cửa hàng,12,12,3729600.0,2743115.0
2025-05-26,Thực phẩm,TP HCM,Online,6,6,2430000.0,1737260.0
2025-05-26,Thực phẩm,Đà Nẵng,Cửa hàng,5,5,1025750.0,729502.0
2025-05-26,Thực phẩm,Đà Nẵng,Online,2,2,369800.0,257945.0
2025-05-26,Điện tử,Cần Thơ,Cửa hàng,1,1,2891700.0,2092953.0
2025-05-26,Điện tử,Cần Thơ,Online,1,1,939000.0,679629.0
2025-05-26,Điện tử,Hà Nội,Cửa hàng,5,5,9110750.0,6483834.0
2025-05-26,Điện tử,Hà Nội,Online,3,3,5555000.0,3868010.0
2025-05-26,Điện tử,Hải Phòng,Cửa hàng,4,4,5822100.0,4097881.0
2025-05-26,Điện tử,Hải Phòng,Online,1,1,2196000.0,1777532.0
2025-05-26,Điện tử,TP HCM,Cửa hàng,4,4,8029250.0,6403737.0
2025-05-26,Điện tử,TP HCM,Online,3,3,6555000.0,5181252.0
2025-05-26,Điện tử,Đà Nẵng,Cửa hàng,2,2,5419800.0,3701535.0
2025-05-26,Điện tử,Đà Nẵng,Online,2,2,2083000.0,1669988.0
2025-05-27,Gia dụng,Cần Thơ,Cửa hàng,2,2,1781000.0,1323003.0
2025-05-27,Gia dụng,Cần Thơ,Online,1,1,4630000.0,3339091.0
2025-05-27,Gia dụng,Hà Nội,Cửa hàng,4,4,4015750.0,2721880.0
2025-05-27,Gia dụng,Hà Nội,Online,4,4,6905800.0,5090463.0
2025-05-27,Gia dụng,Hải Phòng,Cửa hàng,1,1,2631000.0,1643923.0
2025-05-27,Gia dụng,Hải Phòng,Online,2,2,2721000.0,2116840.0
2025-05-27,Gia dụng,TP HCM,Cửa hàng,3,3,3428000.0,2437135.0
2025-05-27,Gia dụng,TP HCM,Online,4,4,7778000.0,5107933.0
2025-05-27,Gia dụng,Đà Nẵng,Cửa hàng,2,2,2210950.0,1642082.0
2025-05-27,Mỹ phẩm,Cần Thơ,Cửa hàng,2,2,2794950.0,1900079.0
2025-05-27,Mỹ phẩm,Cần Thơ,Online,1,1,1040000.0,858881.0
2025-05-27,Mỹ phẩm,Hà Nội,Cửa hàng,3,3,2360000.0,1644534.0
2025-05-27,Mỹ phẩm,Hải Phòng,Online,1,1,550000.0,456576.0
2025-05-27,Mỹ phẩm,TP HCM,Cửa hàng,4,4,2520500.0,1806954.0
2025-05-27,Mỹ phẩm,TP HCM,Online,2,2,859100.0,571847.0
2025-05-27,Mỹ phẩm,Đà Nẵng,Cửa hàng,3,3,3767800.0,2387623.0
2025-05-27,Sách,Cần Thơ,Cửa hàng,2,2,462000.0,363353.0
2025-05-27,Sách,Cần Thơ,Online,1,1,124450.0,90152.0
2025-05-27,Sách,Hà Nội,Cửa hàng,5,5,844000.0,612715.0
2025-05-27,Sách,Hà Nội,Online,6,6,1776800.0,1250070.0
2025-05-27,Sách,Hải Phòng,Cửa hàng,2,2,579000.0,382729.0
2025-05-27,Sách,Hải Phòng,Online,1,1,139000.0,102635.0
2025-05-27,Sách,TP HCM,Cửa hàng,4,4,632000.0,472302.0
2025-05-27,Sách,TP HCM,Online,4,4,984400.0,671313.0
2025-05-27,Sách,Đà Nẵng,Cửa hàng,1,1,129600.0,84692.0
2025-05-27,Thời trang,Cần Thơ,Cửa hàng,3,3,3452100.0,2243130.0
2025-05-27,Thời trang,Cần Thơ,Online,2,2,2945100.0,1962775.0
2025-05-27,Thời trang,Hà Nội,Cửa hàng,5,5,15367588.0,10776319.0
2025-05-27,Thời trang,Hà Nội,Online,7,7,12372250.0,8979238.0
2025-05-27,Thời trang,Hải Phòng,Cửa hàng,2,2,4381000.0,3327490.0
2025-05-27,Thời trang,Hải Phòng,Online,3,3,2661400.0,1955280.0
2025-05-27,Thời trang,TP HCM,Cửa hàng,4,4,8896000.0,6158418.0
2025-05-27,Thời trang,TP HCM,Online,4,4,9057000.0,5887084.0
2025-05-27,Thời trang,Đà Nẵng,Cửa hàng,2,2,1533450.0,1053318.0
2025-05-27,Thời trang,Đà Nẵng,Online,7,7,10306050.0,7521069.0
2025-05-27,Thực phẩm,Cần Thơ,Cửa hàng,4,4,2132550.0,1504659.0
2025-05-27,Thực phẩm,Cần Thơ,Online,2,2,1088000.0,820084.0
2025-05-27,Thực phẩm,Hà Nội,Cửa hàng,7,7,1675400.0,1225824.0
2025-05-27,Thực phẩm,Hà Nội,Online,2,2,836000.0,577358.0
2025-05-27,Thực phẩm,Hải Phòng,Cửa hàng,6,6,1970250.0,1501935.0
2025-05-27,Thực phẩm,Hải Phòng,Online,4,4,1217800.0,870904.0
2025-05-27,Thực phẩm,TP HCM,Cửa hàng,14,14,4089400.0,2974776.0
2025-05-27,Thực phẩm,TP HCM,Online,4,4,1054150.0,736539.0
2025-05-27,Thực phẩm,Đà Nẵng,Cửa hàng,4,4,1229900.0,925142.0
2025-05-27,Thực phẩm,Đà Nẵng,Online,2,2,584200.0,456303.0
2025-05-27,Điện tử,Cần Thơ,Cửa hàng,5,5,7885550.0,6234993.0
2025-05-27,Điện tử,Cần Thơ,Online,1,1,2040000.0,1476510.0
2025-05-27,Điện tử,Hà Nội,Cửa hàng,8,8,13462550.0,9352833.0
2025-05-27,Điện tử,Hà Nội,Online,6,6,16086600.0,12354619.0
2025-05-27,Điện tử,Hải Phòng,Cửa hàng,4,4,6488700.0,4741128.0
2025-05-27,Điện tử,TP HCM,Cửa hàng,5,5,6846050.0,5194106.0
2025-05-27,Điện tử,TP HCM,Online,2,2,2260850.0,1546189.0
2025-05-27,Điện tử,Đà Nẵng,Cửa hàng,1,1,3264000.0,2119193.0
2025-05-27,Điện tử,Đà Nẵng,Online,1,1,799000.0,578300.0
2025-05-28,Gia dụng,Cần Thơ,Cửa hàng,1,1,693900.0,489927.0
2025-05-28,Gia dụng,Cần Thơ,Online,1,1,1690000.0,1271856.0
2025-05-28,Gia dụng,Hà Nội,Cửa hàng,2,2,3204300.0,1989489.0
2025-05-28,Gia dụng,Hà Nội,Online,5,5,7112750.0,5099605.0
2025-05-28,Gia dụng,Hải Phòng,Cửa hàng,2,2,1695000.0,1308143.0
2025-05-28,Gia dụng,Hải Phòng,Online,3,3,3600350.0,2683891.0
2025-05-28,Gia dụng,TP HCM,Cửa hàng,1,1,859000.0,552456.0
2025-05-28,Gia dụng,TP HCM,Online,5,5,5341400.0,3833312.0
2025-05-28,Gia dụng,Đà Nẵng,Cửa hàng,3,3,4916500.0,3918700.0
2025-05-28,Gia dụng,Đà Nẵng,Online,3,3,8401000.0,5756157.0
2025-05-28,Mỹ phẩm,Cần Thơ,Cửa hàng,1,1,5028803.0,3520162.0
2025-05-28,Mỹ phẩm,Cần Thơ,Online,1,1,959500.0,707953.0
2025-05-28,Mỹ phẩm,Hà Nội,Cửa hàng,3,3,1455450.0,1052581.0
2025-05-28,Mỹ phẩm,Hà Nội,Online,2,2,1438700.0,1024803.0
2025-05-28,Mỹ phẩm,Hải Phòng,Cửa hàng,1,1,396100.0,325481.0
2025-05-28,Mỹ phẩm,TP HCM,Cửa hàng,1,1,532000.0,387719.0
2025-05-28,Mỹ phẩm,TP HCM,Online,3,3,1953250.0,1523132.0
2025-05-28,Mỹ phẩm,Đà Nẵng,Online,2,2,805200.0,625330.0
2025-05-28,Sách,Cần Thơ,Online,2,2,525500.0,380673.0
2025-05-28,Sách,Hà Nội,Cửa hàng,3,3,3743672.0,2611650.0
2025-05-28,Sách,Hà Nội,Online,2,2,1613251.0,1118004.0
2025-05-28,Sách,TP HCM,Cửa hàng,5,5,876150.0,609051.0
2025-05-28,Sách,TP HCM,Online,6,6,1973500.0,1436141.0
2025-05-28,Sách,Đà Nẵng,Online,1,1,652000.0,544064.0
2025-05-28,Thời trang,Cần Thơ,Cửa hàng,3,3,5736400.0,4259845.0
2025-05-28,Thời trang,Hà Nội,Cửa hàng,4,4,3006000.0,2243986.0
2025-05-28,Thời trang,Hà Nội,Online,4,4,8680000.0,6181162.0
2025-05-28,Thời trang,Hải Phòng,Cửa hàng,1,1,800000.0,547213.0
2025-05-28,Thời trang,Hải Phòng,Online,4,4,4411600.0,3256071.0
2025-05-28,Thời trang,TP HCM,Cửa hàng,3,3,2168150.0,1564004.0
2025-05-28,Thời trang,TP HCM,Online,3,3,2920800.0,2270696.0
2025-05-28,Thời trang,Đà Nẵng,Cửa hàng,2,2,2966950.0,1943107.0
2025-05-28,Thời trang,Đà Nẵng,Online,1,1,666400.0,447862.0
2025-05-28,Thực phẩm,Cần Thơ,Cửa hàng,7,7,2268500.0,1580466.0
2025-05-28,Thực phẩm,Cần Thơ,Online,4,4,1332450.0,1009320.0
2025-05-28,Thực phẩm,Hà Nội,Cửa hàng,9,9,4122650.0,3129211.0
2025-05-28,Thực phẩm,Hà Nội,Online,7,7,1695150.0,1194001.0
2025-05-28,Thực phẩm,Hải Phòng,Cửa hàng,5,5,1852050.0,1464685.0
2025-05-28,Thực phẩm,Hải Phòng,Online,2,2,334300.0,242105.0
2025-05-28,Thực phẩm,TP HCM,Cửa hàng,10,10,2277550.0,1798985.0
2025-05-28,Thực phẩm,TP HCM,Online,9,9,2892100.0,2052082.0
2025-05-28,Thực phẩm,Đà Nẵng,Cửa hàng,4,4,696400.0,447649.0
2025-05-28,Thực phẩm,Đà Nẵng,Online,2,2,333000.0,219003.0
2025-05-28,Điện tử,Cần Thơ,Cửa hàng,2,2,3604000.0,2310092.0
2025-05-28,Điện tử,Cần Thơ,Online,1,1,3276000.0,2371102.0
2025-05-28,Điện tử,Hà Nội,Cửa hàng,5,5,10088150.0,6936031.0
2025-05-28,Điện tử,Hà Nội,Online,2,2,5329000.0,3710683.0
2025-05-28,Điện tử,Hải Phòng,Cửa hàng,1,1,1027000.0,860624.0
2025-05-28,Điện tử,TP HCM,Cửa hàng,6,6,10001450.0,6952511.0
2025-05-28,Điện tử,TP HCM,Online,8,8,12889250.0,9487181.0
2025-05-28,Điện tử,Đà Nẵng,Cửa hàng,3,3,6743000.0,4519441.0
2025-05-28,Điện tử,Đà Nẵng,Online,2,2,4808000.0,3383336.0
2025-05-29,Gia dụng,Cần Thơ,Cửa hàng,1,1,1506000.0,1052107.0
2025-05-29,Gia dụng,Cần Thơ,Online,3,3,2992500.0,2303536.0
2025-05-29,Gia dụng,Hà Nội,Cửa hàng,7,7,11162000.0,8498264.0
2025-05-29,Gia dụng,Hà Nội,Online,1,1,1760000.0,1269287.0
2025-05-29,Gia dụng,Hải Phòng,Cửa hàng,2,2,2329550.0,1560858.0
2025-05-29,Gia dụng,Hải Phòng,Online,1,1,683100.0,492642.0
2025-05-29,Gia dụng,TP HCM,Cửa hàng,3,3,2806800.0,2163265.0
2025-05-29,Gia dụng,TP HCM,Online,6,6,6568300.0,4786512.0
2025-05-29,Gia dụng,Đà Nẵng,Cửa hàng,3,3,5017000.0,4083462.0
2025-05-29,Gia dụng,Đà Nẵng,Online,4,4,7970000.0,5424230.0
2025-05-29,Mỹ phẩm,Cần Thơ,Cửa hàng,1,1,352750.0,234666.0
2025-05-29,Mỹ phẩm,Hà Nội,Cửa hàng,5,5,3605650.0,2577825.0
2025-05-29,Mỹ phẩm,Hà Nội,Online,3,3,1474000.0,972576.0
2025-05-29,Mỹ phẩm,TP HCM,Cửa hàng,6,6,4236400.0,3356014.0
2025-05-29,Mỹ phẩm,TP HCM,Online,4,4,2543900.0,1851674.0
2025-05-29,Mỹ phẩm,Đà Nẵng,Cửa hàng,1,1,1449000.0,887065.0
2025-05-29,Sách,Cần Thơ,Cửa hàng,2,2,746150.0,619341.0
2025-05-29,Sách,Cần Thơ,Online,1,1,131000.0,90233.0
2025-05-29,Sách,Hà Nội,Cửa hàng,4,4,987200.0,652174.0
2025-05-29,Sách,Hà Nội,Online,3,3,588200.0,420362.0
2025-05-29,Sách,Hải Phòng,Cửa hàng,4,4,1270000.0,884536.0
2025-05-29,Sách,Hải Phòng,Online,1,1,148000.0,114252.0
2025-05-29,Sách,TP HCM,Cửa hàng,5,5,1513050.0,1041677.0
2025-05-29,Sách,TP HCM,Online,4,4,559100.0,393667.0
2025-05-29,Sách,Đà Nẵng,Online,1,1,154000.0,115734.0
2025-05-29,Thời trang,Cần Thơ,Cửa hàng,1,1,1128800.0,949751.0
2025-05-29,Thời trang,Hà Nội,Cửa hàng,4,4,6960250.0,4758206.0
2025-05-29,Thời trang,Hà Nội,Online,7,7,8637350.0,6334197.0
2025-05-29,Thời trang,Hải Phòng,Cửa hàng,2,2,2523200.0,1888898.0
2025-05-29,Thời trang,Hải Phòng,Online,1,1,1290000.0,968467.0
2025-05-29,Thời trang,TP HCM,Cửa hàng,5,5,16039306.0,11099914.0
2025-05-29,Thời trang,TP HCM,Online,6,6,9368300.0,6870809.0
2025-05-29,Thời trang,Đà Nẵng,Cửa hàng,1,1,1878150.0,1501879.0
2025-05-29,Thời trang,Đà Nẵng,Online,1,1,690000.0,446834.0
2025-05-29,Thực phẩm,Cần Thơ,Cửa hàng,2,2,371000.0,298110.0
2025-05-29,Thực phẩm,Hà Nội,Cửa hàng,6,6,1511050.0,1105590.0
2025-05-29,Thực phẩm,Hà Nội,Online,4,4,1234700.0,908652.0
2025-05-29,Thực phẩm,Hải Phòng,Cửa hàng,3,3,704700.0,497274.0
2025-05-29,Thực phẩm,Hải Phòng,Online,4,4,1657000.0,1182060.0
2025-05-29,Thực phẩm,TP HCM,Cửa hàng,14,14,4755050.0,3347419.0
2025-05-29,Thực phẩm,TP HCM,Online,6,6,1789600.0,1293259.0
2025-05-29,Thực phẩm,Đà Nẵng,Cửa hàng,6,6,2412300.0,1780740.0
2025-05-29,Thực phẩm,Đà Nẵng,Online,1,1,146300.0,112302.0
2025-05-29,Điện tử,Cần Thơ,Cửa hàng,4,4,10045650.0,7166766.0
2025-05-29,Điện tử,Cần Thơ,Online,2,2,3453000.0,2512457.0
2025-05-29,Điện tử,Hà Nội,Cửa hàng,4,4,7371600.0,5222083.0
2025-05-29,Điện tử,Hà Nội,Online,1,1,998000.0,753543.0
2025-05-29,Điện tử,Hải Phòng,Cửa hàng,3,3,5822650.0,4512720.0
2025-05-29,Điện tử,TP HCM,Cửa hàng,7,7,9985700.0,6936170.0
2025-05-29,Điện tử,TP HCM,Online,5,5,7037800.0,5369516.0
2025-05-29,Điện tử,Đà Nẵng,Cửa hàng,3,3,29007702.0,20092088.0
2025-05-29,Điện tử,Đà Nẵng,Online,1,1,1054000.0,642493.0
2025-05-30,Gia dụng,Cần Thơ,Cửa hàng,1,1,710100.0,560628.0
2025-05-30,Gia dụng,Cần Thơ,Online,4,4,10234100.0,7453940.0
2025-05-30,Gia dụng,Hà Nội,Cửa hàng,6,6,10281900.0,7197505.0
2025-05-30,Gia dụng,Hà Nội,Online,4,4,3423950.0,2777133.0
2025-05-30,Gia dụng,Hải Phòng,Cửa hàng,1,1,914000.0,711490.0
2025-05-30,Gia dụng,Hải Phòng,Online,1,1,828400.0,600372.0
2025-05-30,Gia dụng,TP HCM,Cửa hàng,4,4,7615000.0,5599164.0
2025-05-30,Gia dụng,TP HCM,Online,8,8,9333650.0,6750590.0
2025-05-30,Gia dụng,Đà Nẵng,Cửa hàng,1,1,973000.0,654797.0
2025-05-30,Gia dụng,Đà Nẵng,Online,2,2,1683000.0,1137198.0
2025-05-30,Mỹ phẩm,Cần Thơ,Cửa hàng,1,1,946000.0,616526.0
2025-05-30,Mỹ phẩm,Hà Nội,Cửa hàng,2,2,866000.0,554181.0
2025-05-30,Mỹ phẩm,Hà Nội,Online,2,2,1996550.0,1445272.0
2025-05-30,Mỹ phẩm,Hải Phòng,Online,1,1,349350.0,263766.0
2025-05-30,Mỹ phẩm,TP HCM,Cửa hàng,3,3,1414000.0,984783.0
2025-05-30,Mỹ phẩm,TP HCM,Online,2,2,1578500.0,1137513.0
2025-05-30,Mỹ phẩm,Đà Nẵng,Cửa hàng,2,2,2510000.0,1684763.0
2025-05-30,Sách,Cần Thơ,Cửa hàng,2,2,402400.0,281607.0
2025-05-30,Sách,Hà Nội,Cửa hàng,4,4,1060450.0,753092.0
2025-05-30,Sách,Hà Nội,Online,5,5,1203050.0,902569.0
2025-05-30,Sách,Hải Phòng,Online,2,2,311000.0,229505.0
2025-05-30,Sách,TP HCM,Cửa hàng,4,4,529200.0,391154.0
2025-05-30,Sách,TP HCM,Online,3,3,766000.0,523732.0
2025-05-30,Sách,Đà Nẵng,Cửa hàng,1,1,135000.0,102011.0
2025-05-30,Sách,Đà Nẵng,Online,1,1,501600.0,354317.0
2025-05-30,Thời trang,Cần Thơ,Cửa hàng,2,2,3060000.0,2478539.0
2025-05-30,Thời trang,Cần Thơ,Online,2,2,1351500.0,1055830.0
2025-05-30,Thời trang,Hà Nội,Cửa hàng,2,2,1500000.0,1170146.0
2025-05-30,Thời trang,Hà Nội,Online,1,1,1427400.0,1032058.0
2025-05-30,Thời trang,Hải Phòng,Cửa hàng,5,5,5725900.0,3859300.0
2025-05-30,Thời trang,TP HCM,Cửa hàng,4,4,3329400.0,2436493.0
2025-05-30,Thời trang,TP HCM,Online,3,3,3582100.0,2530808.0
2025-05-30,Thời trang,Đà Nẵng,Cửa hàng,3,3,2772400.0,1976303.0
2025-05-30,Thực phẩm,Cần Thơ,Cửa hàng,8,7,2495700.0,1856584.0
2025-05-30,Thực phẩm,Cần Thơ,Online,3,3,902400.0,621995.0
2025-05-30,Thực phẩm,Hà Nội,Cửa hàng,5,5,2229500.0,1634676.0
2025-05-30,Thực phẩm,Hà Nội,Online,9,9,4281500.0,3108606.0
2025-05-30,Thực phẩm,Hải Phòng,Cửa hàng,1,1,362900.0,297146.0
2025-05-30,Thực phẩm,Hải Phòng,Online,4,4,1304450.0,933787.0
2025-05-30,Thực phẩm,TP HCM,Cửa hàng,11,11,3521950.0,2555591.0
2025-05-30,Thực phẩm,TP HCM,Online,8,8,2483350.0,1756743.0
2025-05-30,Thực phẩm,Đà Nẵng,Cửa hàng,6,6,2585350.0,1949963.0
2025-05-30,Thực phẩm,Đà Nẵng,Online,2,2,1017400.0,779128.0
2025-05-30,Điện tử,Cần Thơ,Cửa hàng,2,2,2268000.0,1736342.0
2025-05-30,Điện tử,Cần Thơ,Online,1,1,1096300.0,749499.0
2025-05-30,Điện tử,Hà Nội,Cửa hàng,5,5,12605500.0,8940266.0
2025-05-30,Điện tử,Hà Nội,Online,3,3,5468100.0,4359845.0
2025-05-30,Điện tử,Hải Phòng,Online,2,2,2857700.0,2157309.0
2025-05-30,Điện tử,TP HCM,Cửa hàng,6,6,7811400.0,5504173.0
2025-05-30,Điện tử,TP HCM,Online,4,4,7606800.0,5000155.0
2025-05-30,Điện tử,Đà Nẵng,Cửa hàng,3,3,5541900.0,3478521.0
2025-05-30,Điện tử,Đà Nẵng,Online,4,4,7628000.0,5194482.0
2025-05-31,Gia dụng,Cần Thơ,Cửa hàng,3,3,4587600.0,3044939.0
2025-05-31,Gia dụng,Cần Thơ,Online,2,2,3686000.0,2859910.0
2025-05-31,Gia dụng,Hà Nội,Cửa hàng,2,2,3253700.0,2454802.0
2025-05-31,Gia dụng,Hà Nội,Online,2,2,1497950.0,1014885.0
2025-05-31,Gia dụng,Hải Phòng,Cửa hàng,4,4,3425000.0,2687910.0
2025-05-31,Gia dụng,Hải Phòng,Online,2,2,1496000.0,1026987.0
2025-05-31,Gia dụng,TP HCM,Cửa hàng,9,9,13683200.0,8968179.0
2025-05-31,Gia dụng,TP HCM,Online,4,4,11714000.0,8456774.0
2025-05-31,Gia dụng,Đà Nẵng,Cửa hàng,1,1,839800.0,661235.0
2025-05-31,Gia dụng,Đà Nẵng,Online,2,2,3347900.0,2516662.0
2025-05-31,Mỹ phẩm,Hà Nội,Cửa hàng,2,2,923000.0,675449.0
2025-05-31,Mỹ phẩm,Hà Nội,Online,2,2,895000.0,689860.0
2025-05-31,Mỹ phẩm,Hải Phòng,Cửa hàng,2,2,1439000.0,1056574.0
2025-05-31,Mỹ phẩm,TP HCM,Cửa hàng,4,4,2935200.0,2264182.0
2025-05-31,Mỹ phẩm,TP HCM,Online,3,3,3442050.0,2506416.0
2025-05-31,Mỹ phẩm,Đà Nẵng,Cửa hàng,1,1,472000.0,334413.0
2025-05-31,Mỹ phẩm,Đà Nẵng,Online,1,1,433800.0,322648.0
2025-05-31,Sách,Cần Thơ,Cửa hàng,1,1,142000.0,107724.0
2025-05-31,Sách,Hà Nội,Cửa hàng,8,8,2097450.0,1574335.0
2025-05-31,Sách,Hà Nội,Online,2,2,772000.0,629743.0
2025-05-31,Sách,Hải Phòng,Cửa hàng,2,2,309050.0,207540.0
2025-05-31,Sách,Hải Phòng,Online,1,1,296000.0,233308.0
2025-05-31,Sách,TP HCM,Cửa hàng,7,7,4048434.0,2852663.0
2025-05-31,Sách,TP HCM,Online,1,1,276000.0,199935.0
2025-05-31,Sách,Đà Nẵng,Cửa hàng,4,4,859600.0,625340.0
2025-05-31,Thời trang,Cần Thơ,Cửa hàng,2,2,2009400.0,1535480.0
2025-05-31,Thời trang,Hà Nội,Cửa hàng,3,3,3943950.0,2900158.0
2025-05-31,Thời trang,Hà Nội,Online,5,5,7404550.0,5364280.0
2025-05-31,Thời trang,Hải Phòng,Cửa hàng,2,2,1508550.0,1127421.0
2025-05-31,Thời trang,Hải Phòng,Online,1,1,688000.0,571573.0
2025-05-31,Thời trang,TP HCM,Cửa hàng,11,11,14004450.0,9930628.0
2025-05-31,Thời trang,TP HCM,Online,3,3,2208300.0,1652563.0
2025-05-31,Thời trang,Đà Nẵng,Cửa hàng,1,1,3036000.0,1853605.0
2025-05-31,Thực phẩm,Cần Thơ,Cửa hàng,3,3,512900.0,408056.0
2025-05-31,Thực phẩm,Cần Thơ,Online,2,2,1144000.0,775006.0
2025-05-31,Thực phẩm,Hà Nội,Cửa hàng,8,8,2331150.0,1599338.0
2025-05-31,Thực phẩm,Hà Nội,Online,4,4,996350.0,666898.0
2025-05-31,Thực phẩm,Hải Phòng,Cửa hàng,5,5,1642200.0,1222216.0
2025-05-31,Thực phẩm,Hải Phòng,Online,2,2,452400.0,319982.0
2025-05-31,Thực phẩm,TP HCM,Cửa hàng,13,13,3790450.0,2854974.0
2025-05-31,Thực phẩm,TP HCM,Online,6,6,1895600.0,1334244.0
2025-05-31,Thực phẩm,Đà Nẵng,Cửa hàng,2,2,741400.0,521922.0
2025-05-31,Thực phẩm,Đà Nẵng,Online,3,3,1103300.0,785352.0
2025-05-31,Điện tử,Cần Thơ,Cửa hàng,1,1,3117000.0,2429934.0
2025-05-31,Điện tử,Cần Thơ,Online,1,1,1086000.0,882650.0
2025-05-31,Điện tử,Hà Nội,Cửa hàng,7,7,15757150.0,11570388.0
2025-05-31,Điện tử,Hà Nội,Online,4,4,5930500.0,4105033.0
2025-05-31,Điện tử,Hải Phòng,Online,5,5,5187400.0,3715291.0
2025-05-31,Điện tử,TP HCM,Cửa hàng,6,6,8997150.0,5950995.0
2025-05-31,Điện tử,TP HCM,Online,2,2,2939300.0,2084551.0
2025-05-31,Điện tử,Đà Nẵng,Cửa hàng,1,1,972000.0,685250.0
2025-05-31,Điện tử,Đà Nẵng,Online,2,2,3907800.0,2622327.0
2025-06-01,Gia dụng,Cần Thơ,Cửa hàng,2,2,1656000.0,1072518.0
2025-06-01,Gia dụng,Cần Thơ,Online,3,3,2434650.0,1848187.0
2025-06-01,Gia dụng,Hà Nội,Cửa hàng,3,3,5259000.0,3421883.0
2025-06-01,Gia dụng,Hà Nội,Online,2,2,2486000.0,2031715.0
2025-06-01,Gia dụng,Hải Phòng,Cửa hàng,2,2,1842000.0,1322845.0
2025-06-01,Gia dụng,TP HCM,Online,9,9,11087300.0,8250563.0
2025-06-01,Gia dụng,Đà Nẵng,Cửa hàng,2,2,1667000.0,1072036.0
2025-06-01,Gia dụng,Đà Nẵng,Online,1,1,3363000.0,2022026.0
2025-06-01,Mỹ phẩm,Cần Thơ,Cửa hàng,2,2,1983000.0,1499776.0
2025-06-01,Mỹ phẩm,Cần Thơ,Online,3,3,2705000.0,2130418.0
2025-06-01,Mỹ phẩm,Hà Nội,Cửa hàng,3,3,3490900.0,2635204.0
2025-06-01,Mỹ phẩm,Hà Nội,Online,3,3,2301800.0,1574095.0
2025-06-01,Mỹ phẩm,Hải Phòng,Online,3,3,1717500.0,1329975.0
2025-06-01,Mỹ phẩm,TP HCM,Cửa hàng,7,7,14830433.0,10844488.0
2025-06-01,Mỹ phẩm,TP HCM,Online,5,5,4880100.0,3188308.0
2025-06-01,Mỹ phẩm,Đà Nẵng,Cửa hàng,5,5,4350150.0,2892355.0
2025-06-01,Sách,Cần Thơ,Cửa hàng,1,1,161000.0,127963.0
2025-06-01,Sách,Cần Thơ,Online,2,2,533600.0,356450.0
2025-06-01,Sách,Hà Nội,Cửa hàng,2,2,882000.0,667569.0
2025-06-01,Sách,Hà Nội,Online,5,5,1070000.0,799129.0
2025-06-01,Sách,Hải Phòng,Cửa hàng,2,2,422000.0,329036.0
2025-06-01,Sách,TP HCM,Cửa hàng,5,5,1481700.0,1005453.0
2025-06-01,Sách,TP HCM,Online,4,4,566500.0,390926.0
2025-06-01,Sách,Đà Nẵng,Cửa hàng,1,1,134000.0,93929.0
2025-06-01,Sách,Đà Nẵng,Online,3,3,428700.0,310601.0
2025-06-01,Thời trang,Cần Thơ,Cửa hàng,3,3,6928000.0,4855860.0
2025-06-01,Thời trang,Hà Nội,Cửa hàng,5,5,6990200.0,5342841.0
2025-06-01,Thời trang,Hà Nội,Online,10,10,9764950.0,7060110.0
2025-06-01,Thời trang,Hải Phòng,Cửa hàng,1,1,658800.0,428078.0
2025-06-01,Thời trang,Hải Phòng,Online,1,1,787000.0,569027.0
2025-06-01,Thời trang,TP HCM,Cửa hàng,2,2,1395000.0,960763.0
2025-06-01,Thời trang,TP HCM,Online,2,2,2295200.0,1507778.0
2025-06-01,Thời trang,Đà Nẵng,Cửa hàng,3,3,4007000.0,2809549.0
2025-06-01,Thực phẩm,Cần Thơ,Cửa hàng,1,1,162350.0,120392.0
2025-06-01,Thực phẩm,Cần Thơ,Online,2,2,520600.0,370069.0
2025-06-01,Thực phẩm,Hà Nội,Cửa hàng,9,9,2336600.0,1658646.0
2025-06-01,Thực phẩm,Hà Nội,Online,6,6,1776350.0,1265265.0
2025-06-01,Thực phẩm,Hải Phòng,Cửa hàng,3,3,1151750.0,725214.0
2025-06-01,Thực phẩm,Hải Phòng,Online,2,2,3612813.0,2523163.0
2025-06-01,Thực phẩm,TP HCM,Cửa hàng,8,8,3034000.0,2192938.0
2025-06-01,Thực phẩm,TP HCM,Online,9,9,2032500.0,1463702.0
2025-06-01,Thực phẩm,Đà Nẵng,Cửa hàng,5,5,1005000.0,657263.0
2025-06-01,Thực phẩm,Đà Nẵng,Online,5,5,1403550.0,911473.0
2025-06-01,Điện tử,Cần Thơ,Cửa hàng,1,1,1182000.0,716000.0
2025-06-01,Điện tử,Cần Thơ,Online,1,1,960000.0,694828.0
2025-06-01,Điện tử,Hà Nội,Cửa hàng,2,2,6124000.0,4943190.0
2025-06-01,Điện tử,Hà Nội,Online,2,2,3598000.0,2722733.0
2025-06-01,Điện tử,Hải Phòng,Cửa hàng,4,4,4888700.0,3501734.0
2025-06-01,Điện tử,Hải Phòng,Online,2,2,2012250.0,1418446.0
2025-06-01,Điện tử,TP HCM,Cửa hàng,5,5,27315833.0,19238486.0
2025-06-01,Điện tử,TP HCM,Online,1,1,1148000.0,810589.0
2025-06-01,Điện tử,Đà Nẵng,Cửa hàng,3,3,4223350.0,2741086.0
2025-06-01,Điện tử,Đà Nẵng,Online,1,1,3468000.0,2510067.0
2025-06-02,Gia dụng,Cần Thơ,Cửa hàng,1,1,738150.0,453559.0
2025-06-02,Gia dụng,Cần Thơ,Online,1,1,3704000.0,3047774.0
2025-06-02,Gia dụng,Hà Nội,Cửa hàng,5,5,6423200.0,5059832.0
2025-06-02,Gia dụng,Hà Nội,Online,5,5,16560734.0,11594748.0
2025-06-02,Gia dụng,Hải Phòng,Cửa hàng,1,1,2960000.0,1831405.0
2025-06-02,Gia dụng,Hải Phòng,Online,1,1,1460000.0,1077887.0
2025-06-02,Gia dụng,TP HCM,Cửa hàng,6,6,11974100.0,8743413.0
2025-06-02,Gia dụng,TP HCM,Online,11,11,21706552.0,15495199.0
2025-06-02,Gia dụng,Đà Nẵng,Cửa hàng,1,1,771400.0,556323.0
2025-06-02,Gia dụng,Đà Nẵng,Online,2,2,1628900.0,1102001.0
2025-06-02,Mỹ phẩm,Cần Thơ,Cửa hàng,2,2,2476550.0,1706865.0
2025-06-02,Mỹ phẩm,Cần Thơ,Online,1,1,368900.0,252744.0
2025-06-02,Mỹ phẩm,Hà Nội,Online,1,1,473000.0,341622.0
2025-06-02,Mỹ phẩm,Hải Phòng,Cửa hàng,2,2,2395700.0,1671862.0
2025-06-02,Mỹ phẩm,Hải Phòng,Online,2,2,2309000.0,1713040.0
2025-06-02,Mỹ phẩm,TP HCM,Cửa hàng,3,3,1379950.0,963856.0
2025-06-02,Mỹ phẩm,TP HCM,Online,1,1,444000.0,320677.0
2025-06-02,Mỹ phẩm,Đà Nẵng,Cửa hàng,1,1,500000.0,402960.0
2025-06-02,Mỹ phẩm,Đà Nẵng,Online,2,2,1972950.0,1393816.0
2025-06-02,Sách,Cần Thơ,Online,4,4,2618896.0,1861549.0
2025-06-02,Sách,Hà Nội,Online,4,4,1157600.0,817936.0
2025-06-02,Sách,Hải Phòng,Online,3,3,413550.0,292109.0
2025-06-02,Sách,TP HCM,Cửa hàng,5,5,1479350.0,1017476.0
2025-06-02,Sách,TP HCM,Online,5,5,1384400.0,1041550.0
2025-06-02,Thời trang,Cần Thơ,Cửa hàng,3,3,2693000.0,1985115.0
2025-06-02,Thời trang,Cần Thơ,Online,1,1,634500.0,458765.0
2025-06-02,Thời trang,Hà Nội,Cửa hàng,1,1,719000.0,567041.0
2025-06-02,Thời trang,Hà Nội,Online,6,6,6670900.0,4930418.0
2025-06-02,Thời trang,Hải Phòng,Cửa hàng,3,3,4194800.0,3262736.0
2025-06-02,Thời trang,Hải Phòng,Online,1,1,1162800.0,936689.0
2025-06-02,Thời trang,TP HCM,Cửa hàng,4,4,4323800.0,3313267.0
2025-06-02,Thời trang,TP HCM,Online,3,3,6011400.0,4210339.0
2025-06-02,Thời trang,Đà Nẵng,Cửa hàng,3,3,3521450.0,2501944.0
2025-06-02,Thực phẩm,Cần Thơ,Cửa hàng,6,6,1585000.0,1200964.0
2025-06-02,Thực phẩm,Cần Thơ,Online,6,6,1345500.0,993303.0
2025-06-02,Thực phẩm,Hà Nội,Cửa hàng,8,8,2340800.0,1761744.0
2025-06-02,Thực phẩm,Hà Nội,Online,8,8,3639100.0,2650413.0
2025-06-02,Thực phẩm,Hải Phòng,Cửa hàng,1,1,169200.0,102968.0
2025-06-02,Thực phẩm,Hải Phòng,Online,1,1,194000.0,134032.0
2025-06-02,Thực phẩm,TP HCM,Cửa hàng,8,8,2252600.0,1693544.0
2025-06-02,Thực phẩm,TP HCM,Online,5,5,2026400.0,1429029.0
2025-06-02,Thực phẩm,Đà Nẵng,Cửa hàng,2,2,479600.0,334329.0
2025-06-02,Thực phẩm,Đà Nẵng,Online,4,4,1519100.0,1103050.0
2025-06-02,Điện tử,Cần Thơ,Online,3,3,8674350.0,6321109.0
2025-06-02,Điện tử,Hà Nội,Cửa hàng,5,5,11154750.0,7595705.0
2025-06-02,Điện tử,Hà Nội,Online,3,3,8604000.0,5494194.0
2025-06-02,Điện tử,Hải Phòng,Cửa hàng,3,3,5443700.0,4048094.0
2025-06-02,Điện tử,Hải Phòng,Online,1,1,1034100.0,756028.0
2025-06-02,Điện tử,TP HCM,Cửa hàng,6,6,10135000.0,7093167.0
2025-06-02,Điện tử,TP HCM,Online,5,5,9020900.0,6228532.0
2025-06-02,Điện tử,Đà Nẵng,Cửa hàng,5,5,7945350.0,5805877.0
2025-06-02,Điện tử,Đà Nẵng,Online,2,2,5553000.0,4120388.0
2025-06-03,Gia dụng,Cần Thơ,Cửa hàng,1,1,1810000.0,1377722.0
2025-06-03,Gia dụng,Cần Thơ,Online,1,1,867350.0,662915.0
2025-06-03,Gia dụng,Hà Nội,Cửa hàng,4,4,6870500.0,4594858.0
2025-06-03,Gia dụng,Hà Nội,Online,5,5,5416100.0,3820053.0
2025-06-03,Gia dụng,Hải Phòng,Cửa hàng,1,1,711550.0,516804.0
2025-06-03,Gia dụng,TP HCM,Cửa hàng,9,9,15063300.0,10449454.0
2025-06-03,Gia dụng,TP HCM,Online,3,3,3165000.0,2385640.0
2025-06-03,Gia dụng,Đà Nẵng,Cửa hàng,2,2,6673800.0,4719499.0
2025-06-03,Gia dụng,Đà Nẵng,Online,3,3,2577000.0,1872893.0
2025-06-03,Mỹ phẩm,Cần Thơ,Cửa hàng,1,1,464000.0,335122.0
2025-06-03,Mỹ phẩm,Hà Nội,Cửa hàng,3,3,5618832.0,3964376.0
2025-06-03,Mỹ phẩm,Hà Nội,Online,2,2,1021000.0,718691.0
2025-06-03,Mỹ phẩm,Hải Phòng,Online,1,1,1230000.0,888362.0
2025-06-03,Mỹ phẩm,TP HCM,Cửa hàng,4,4,2891350.0,2144252.0
2025-06-03,Mỹ phẩm,TP HCM,Online,3,3,1392600.0,968592.0
2025-06-03,Mỹ phẩm,Đà Nẵng,Cửa hàng,3,3,2263000.0,1754986.0
2025-06-03,Mỹ phẩm,Đà Nẵng,Online,1,1,1251000.0,1047020.0
2025-06-03,Sách,Cần Thơ,Cửa hàng,1,1,438900.0,348423.0
2025-06-03,Sách,Cần Thơ,Online,1,1,145000.0,92406.0
2025-06-03,Sách,Hà Nội,Cửa hàng,4,4,1522000.0,1156411.0
2025-06-03,Sách,Hà Nội,Online,3,3,533600.0,412324.0
2025-06-03,Sách,Hải Phòng,Cửa hàng,5,5,810500.0,565348.0
2025-06-03,Sách,Hải Phòng,Online,1,1,338000.0,220465.0
2025-06-03,Sách,TP HCM,Cửa hàng,6,6,1255950.0,890497.0
2025-06-03,Sách,TP HCM,Online,3,3,757900.0,546618.0
2025-06-03,Sách,Đà Nẵng,Online,1,1,608000.0,440437.0
2025-06-03,Thời trang,Cần Thơ,Cửa hàng,4,4,4353100.0,2967928.0
2025-06-03,Thời trang,Cần Thơ,Online,1,1,815000.0,589272.0
2025-06-03,Thời trang,Hà Nội,Cửa hàng,3,3,2241500.0,1560750.0
2025-06-03,Thời trang,Hà Nội,Online,3,3,3604350.0,2651199.0
2025-06-03,Thời trang,Hải Phòng,Cửa hàng,4,4,8832300.0,5677240.0
2025-06-03,Thời trang,TP HCM,Cửa hàng,5,5,5675000.0,3687979.0
2025-06-03,Thời trang,TP HCM,Online,2,2,3691000.0,2567024.0
2025-06-03,Thời trang,Đà Nẵng,Cửa hàng,4,4,4797900.0,3475204.0
2025-06-03,Thời trang,Đà Nẵng,Online,2,2,3777000.0,2946401.0
2025-06-03,Thực phẩm,Cần Thơ,Cửa hàng,1,1,187000.0,143375.0
2025-06-03,Thực phẩm,Cần Thơ,Online,6,6,3038950.0,2343752.0
2025-06-03,Thực phẩm,Hà Nội,Cửa hàng,4,4,1170700.0,877051.0
2025-06-03,Thực phẩm,Hà Nội,Online,5,5,906600.0,635112.0
2025-06-03,Thực phẩm,Hải Phòng,Cửa hàng,5,5,1390900.0,996140.0
2025-06-03,Thực phẩm,TP HCM,Cửa hàng,7,7,4742611.0,3309479.0
2025-06-03,Thực phẩm,TP HCM,Online,7,7,2078450.0,1543229.0
2025-06-03,Thực phẩm,Đà Nẵng,Cửa hàng,8,8,1731550.0,1303085.0
2025-06-03,Thực phẩm,Đà Nẵng,Online,2,2,739000.0,562017.0
2025-06-03,Điện tử,Cần Thơ,Cửa hàng,1,1,1006400.0,640319.0
2025-06-03,Điện tử,Cần Thơ,Online,1,1,1186000.0,967078.0
2025-06-03,Điện tử,Hà Nội,Cửa hàng,3,3,12446250.0,9501282.0
2025-06-03,Điện tử,Hà Nội,Online,4,4,29548406.0,21467918.0
2025-06-03,Điện tử,Hải Phòng,Cửa hàng,4,4,5118700.0,3597003.0
2025-06-03,Điện tử,Hải Phòng,Online,1,1,1229000.0,1019456.0
2025-06-03,Điện tử,TP HCM,Cửa hàng,5,5,8289050.0,5769633.0
2025-06-03,Điện tử,TP HCM,Online,5,5,8102850.0,5748335.0
2025-06-03,Điện tử,Đà Nẵng,Cửa hàng,1,1,821950.0,574200.0
2025-06-03,Điện tử,Đà Nẵng,Online,2,2,3988500.0,3030442.0
2025-06-04,Gia dụng,Cần Thơ,Cửa hàng,1,1,1748000.0,1183509.0
2025-06-04,Gia dụng,Cần Thơ,Online,2,2,1691000.0,1154359.0
2025-06-04,Gia dụng,Hà Nội,Cửa hàng,5,5,10575250.0,7489018.0
2025-06-04,Gia dụng,Hà Nội,Online,4,4,3904950.0,2917044.0
2025-06-04,Gia dụng,Hải Phòng,Cửa hàng,2,2,17842254.0,12602267.0
2025-06-04,Gia dụng,Hải Phòng,Online,1,1,619650.0,377756.0
2025-06-04,Gia dụng,TP HCM,Cửa hàng,8,8,15078100.0,10660322.0
2025-06-04,Gia dụng,TP HCM,Online,5,5,5704900.0,4397328.0
2025-06-04,Gia dụng,Đà Nẵng,Cửa hàng,2,2,4443600.0,3054449.0
2025-06-04,Gia dụng,Đà Nẵng,Online,1,1,779400.0,629255.0
2025-06-04,Mỹ phẩm,Cần Thơ,Cửa hàng,1,1,1397400.0,1049498.0
2025-06-04,Mỹ phẩm,Cần Thơ,Online,3,3,3129450.0,2365060.0
2025-06-04,Mỹ phẩm,Hà Nội,Cửa hàng,2,2,1844200.0,1305061.0
2025-06-04,Mỹ phẩm,Hà Nội,Online,3,3,1452000.0,980771.0
2025-06-04,Mỹ phẩm,Hải Phòng,Cửa hàng,2,2,1795800.0,1337586.0
2025-06-04,Mỹ phẩm,TP HCM,Cửa hàng,5,5,4761100.0,3258704.0
2025-06-04,Mỹ phẩm,TP HCM,Online,2,2,909150.0,624290.0
2025-06-04,Mỹ phẩm,Đà Nẵng,Cửa hàng,1,1,445550.0,341514.0
2025-06-04,Mỹ phẩm,Đà Nẵng,Online,1,1,2705000.0,1953675.0
2025-06-04,Sách,Cần Thơ,Online,2,2,317000.0,209845.0
2025-06-04,Sách,Hà Nội,Cửa hàng,3,3,1021500.0,753902.0
2025-06-04,Sách,Hà Nội,Online,2,2,306000.0,227385.0
2025-06-04,Sách,Hải Phòng,Cửa hàng,1,1,248400.0,187130.0
2025-06-04,Sách,Hải Phòng,Online,2,2,794400.0,556910.0
2025-06-04,Sách,TP HCM,Cửa hàng,4,4,976400.0,617553.0
2025-06-04,Sách,TP HCM,Online,1,1,149150.0,115472.0
2025-06-04,Sách,Đà Nẵng,Cửa hàng,2,2,305100.0,223882.0
2025-06-04,Sách,Đà Nẵng,Online,1,1,126000.0,100237.0
2025-06-04,Thời trang,Cần Thơ,Online,3,3,2239500.0,1498784.0
2025-06-04,Thời trang,Hà Nội,Cửa hàng,4,4,4178600.0,2895128.0
2025-06-04,Thời trang,Hà Nội,Online,5,5,7100600.0,5283650.0
2025-06-04,Thời trang,Hải Phòng,Cửa hàng,1,1,849000.0,613855.0
2025-06-04,Thời trang,Hải Phòng,Online,1,1,1532000.0,997697.0
2025-06-04,Thời trang,TP HCM,Cửa hàng,5,5,12044879.0,8333064.0
2025-06-04,Thời trang,TP HCM,Online,6,6,6038600.0,4513516.0
2025-06-04,Thời trang,Đà Nẵng,Cửa hàng,2,2,1408400.0,1047693.0
2025-06-04,Thực phẩm,Cần Thơ,Cửa hàng,2,2,1705000.0,1184123.0
2025-06-04,Thực phẩm,Cần Thơ,Online,3,3,1046900.0,784240.0
2025-06-04,Thực phẩm,Hà Nội,Cửa hàng,10,10,3871700.0,2736657.0
2025-06-04,Thực phẩm,Hà Nội,Online,5,5,975950.0,714987.0
2025-06-04,Thực phẩm,Hải Phòng,Cửa hàng,2,2,368000.0,242895.0
2025-06-04,Thực phẩm,Hải Phòng,Online,3,3,720400.0,521470.0
2025-06-04,Thực phẩm,TP HCM,Cửa hàng,17,17,6237244.0,4525147.0
2025-06-04,Thực phẩm,TP HCM,Online,12,12,4107600.0,2982677.0
2025-06-04,Thực phẩm,Đà Nẵng,Cửa hàng,3,3,1022000.0,796037.0
2025-06-04,Thực phẩm,Đà Nẵng,Online,4,4,1001850.0,675196.0
2025-06-04,Điện tử,Cần Thơ,Cửa hàng,2,2,6713800.0,4061735.0
2025-06-04,Điện tử,Cần Thơ,Online,2,2,4648000.0,3477440.0
2025-06-04,Điện tử,Hà Nội,Cửa hàng,5,5,9645250.0,7154071.0
2025-06-04,Điện tử,Hà Nội,Online,3,3,3034000.0,2216381.0
2025-06-04,Điện tử,Hải Phòng,Cửa hàng,2,2,2182000.0,1480850.0
2025-06-04,Điện tử,Hải Phòng,Online,4,4,5776000.0,3836033.0
2025-06-04,Điện tử,TP HCM,Cửa hàng,9,8,20244000.0,15381880.0
2025-06-04,Điện tử,TP HCM,Online,4,4,4412700.0,3105494.0
2025-06-04,Điện tử,Đà Nẵng,Cửa hàng,1,1,1072800.0,733219.0
2025-06-04,Điện tử,Đà Nẵng,Online,3,3,10285000.0,7411963.0
2025-06-05,Gia dụng,Cần Thơ,Cửa hàng,1,1,1526000.0,1091695.0
2025-06-05,Gia dụng,Cần Thơ,Online,4,4,6030050.0,4434731.0
2025-06-05,Gia dụng,Hà Nội,Cửa hàng,3,3,3036000.0,2121566.0
2025-06-05,Gia dụng,Hà Nội,Online,4,4,3830150.0,2682093.0
2025-06-05,Gia dụng,Hải Phòng,Cửa hàng,1,1,1704000.0,1312327.0
2025-06-05,Gia dụng,TP HCM,Cửa hàng,7,7,7226400.0,4934622.0
2025-06-05,Gia dụng,TP HCM,Online,3,3,2472000.0,1875727.0
2025-06-05,Gia dụng,Đà Nẵng,Cửa hàng,3,3,2813000.0,2023027.0
2025-06-05,Mỹ phẩm,Cần Thơ,Cửa hàng,2,2,11302378.0,8080701.0
2025-06-05,Mỹ phẩm,Cần Thơ,Online,1,1,550000.0,341723.0
2025-06-05,Mỹ phẩm,Hà Nội,Online,4,4,2752150.0,2025965.0
2025-06-05,Mỹ phẩm,Hải Phòng,Cửa hàng,3,3,1795000.0,1264738.0
2025-06-05,Mỹ phẩm,Hải Phòng,Online,2,2,983450.0,681063.0
2025-06-05,Mỹ phẩm,TP HCM,Cửa hàng,6,6,7032700.0,5161257.0
2025-06-05,Mỹ phẩm,TP HCM,Online,3,3,1774000.0,1313183.0
2025-06-05,Mỹ phẩm,Đà Nẵng,Cửa hàng,4,4,3681550.0,2704700.0
2025-06-05,Sách,Cần Thơ,Cửa hàng,2,2,259250.0,182044.0
2025-06-05,Sách,Hà Nội,Cửa hàng,1,1,150000.0,100862.0
2025-06-05,Sách,Hà Nội,Online,1,1,274000.0,187578.0
2025-06-05,Sách,Hải Phòng,Cửa hàng,3,3,453000.0,328416.0
2025-06-05,Sách,Hải Phòng,Online,1,1,135900.0,98618.0
2025-06-05,Sách,TP HCM,Cửa hàng,2,2,287100.0,207192.0
2025-06-05,Sách,TP HCM,Online,2,2,259350.0,189026.0
2025-06-05,Sách,Đà Nẵng,Cửa hàng,1,1,143100.0,106337.0
2025-06-05,Sách,Đà Nẵng,Online,1,1,151000.0,116394.0
2025-06-05,Thời trang,Cần Thơ,Cửa hàng,1,1,696350.0,480241.0
2025-06-05,Thời trang,Cần Thơ,Online,3,3,3323800.0,2338369.0
2025-06-05,Thời trang,Hà Nội,Cửa hàng,5,5,4069950.0,3131025.0
2025-06-05,Thời trang,Hà Nội,Online,5,5,13018849.0,9104533.0
2025-06-05,Thời trang,Hải Phòng,Cửa hàng,3,3,3723250.0,2758284.0
2025-06-05,Thời trang,TP HCM,Cửa hàng,4,4,7643600.0,4780864.0
2025-06-05,Thời trang,TP HCM,Online,3,3,1999550.0,1413819.0
2025-06-05,Thời trang,Đà Nẵng,Cửa hàng,2,2,1576000.0,1158710.0
2025-06-05,Thời trang,Đà Nẵng,Online,1,1,688000.0,441662.0
2025-06-05,Thực phẩm,Cần Thơ,Cửa hàng,4,4,905000.0,698570.0
2025-06-05,Thực phẩm,Cần Thơ,Online,2,2,794000.0,632159.0
2025-06-05,Thực phẩm,Hà Nội,Cửa hàng,10,10,2987750.0,2211609.0
2025-06-05,Thực phẩm,Hà Nội,Online,7,7,2782400.0,2074682.0
2025-06-05,Thực phẩm,Hải Phòng,Cửa hàng,2,2,846000.0,557537.0
2025-06-05,Thực phẩm,Hải Phòng,Online,2,2,585000.0,423242.0
2025-06-05,Thực phẩm,TP HCM,Cửa hàng,11,11,2508450.0,1860866.0
2025-06-05,Thực phẩm,TP HCM,Online,10,10,3658400.0,2628465.0
2025-06-05,Thực phẩm,Đà Nẵng,Cửa hàng,7,7,1971650.0,1384902.0
2025-06-05,Thực phẩm,Đà Nẵng,Online,6,6,2549600.0,1823495.0
2025-06-05,Điện tử,Cần Thơ,Cửa hàng,2,2,6867900.0,4460955.0
2025-06-05,Điện tử,Hà Nội,Cửa hàng,8,8,12597600.0,9127007.0
2025-06-05,Điện tử,Hà Nội,Online,3,3,7119100.0,5400410.0
2025-06-05,Điện tử,Hải Phòng,Cửa hàng,2,2,3981450.0,2741904.0
2025-06-05,Điện tử,Hải Phòng,Online,2,2,4139400.0,2904324.0
2025-06-05,Điện tử,TP HCM,Cửa hàng,9,9,16518100.0,11930246.0
2025-06-05,Điện tử,TP HCM,Online,4,4,8097500.0,5729552.0
2025-06-05,Điện tử,Đà Nẵng,Cửa hàng,5,5,8573000.0,6153918.0
2025-06-05,Điện tử,Đà Nẵng,Online,4,3,6634800.0,4589390.0
2025-06-06,Gia dụng,Cần Thơ,Cửa hàng,3,3,5440500.0,3932123.0
2025-06-06,Gia dụng,Cần Thơ,Online,1,1,1588000.0,1145243.0
2025-06-06,Gia dụng,Hà Nội,Cửa hàng,3,3,3685600.0,2295060.0
2025-06-06,Gia dụng,Hà Nội,Online,4,4,6860100.0,5089396.0
2025-06-06,Gia dụng,Hải Phòng,Online,1,1,882000.0,571272.0
2025-06-06,Gia dụng,TP HCM,Cửa hàng,5,5,6975600.0,4780940.0
2025-06-06,Gia dụng,TP HCM,Online,5,5,8409600.0,6525585.0
2025-06-06,Gia dụng,Đà Nẵng,Cửa hàng,3,3,3637700.0,2529300.0
2025-06-06,Gia dụng,Đà Nẵng,Online,2,2,3354700.0,2685154.0
2025-06-06,Mỹ phẩm,Cần Thơ,Cửa hàng,2,2,1436000.0,917286.0
2025-06-06,Mỹ phẩm,Hà Nội,Cửa hàng,3,3,1400100.0,967251.0
2025-06-06,Mỹ phẩm,Hà Nội,Online,2,2,1914000.0,1382379.0
2025-06-06,Mỹ phẩm,Hải Phòng,Cửa hàng,2,2,911000.0,657496.0
2025-06-06,Mỹ phẩm,TP HCM,Cửa hàng,3,3,1769000.0,1202421.0
2025-06-06,Mỹ phẩm,TP HCM,Online,2,2,2775000.0,1931702.0
2025-06-06,Mỹ phẩm,Đà Nẵng,Cửa hàng,1,1,433000.0,311008.0
2025-06-06,Mỹ phẩm,Đà Nẵng,Online,2,2,4086250.0,3068216.0
2025-06-06,Sách,Cần Thơ,Cửa hàng,4,4,1225000.0,873540.0
2025-06-06,Sách,Cần Thơ,Online,1,1,142200.0,107232.0
2025-06-06,Sách,Hà Nội,Cửa hàng,4,4,599300.0,430250.0
2025-06-06,Sách,Hà Nội,Online,6,6,1487900.0,1077097.0
2025-06-06,Sách,Hải Phòng,Cửa hàng,2,2,276600.0,217195.0
2025-06-06,Sách,Hải Phòng,Online,3,3,1124100.0,823558.0
2025-06-06,Sách,TP HCM,Cửa hàng,5,5,1239800.0,892194.0
2025-06-06,Sách,TP HCM,Online,1,1,402000.0,289178.0
2025-06-06,Sách,Đà Nẵng,Cửa hàng,1,1,668000.0,416996.0
2025-06-06,Thời trang,Cần Thơ,Cửa hàng,2,2,1660000.0,1131877.0
2025-06-06,Thời trang,Cần Thơ,Online,1,1,1474000.0,1065751.0
2025-06-06,Thời trang,Hà Nội,Cửa hàng,2,2,3937300.0,3064641.0
2025-06-06,Thời trang,Hà Nội,Online,3,3,3436400.0,2475259.0
2025-06-06,Thời trang,Hải Phòng,Online,1,1,649800.0,467719.0
2025-06-06,Thời trang,TP HCM,Cửa hàng,5,5,4498950.0,3116029.0
2025-06-06,Thời trang,TP HCM,Online,6,6,6181000.0,4429044.0
2025-06-06,Thời trang,Đà Nẵng,Cửa hàng,2,2,2952000.0,2062731.0
2025-06-06,Thời trang,Đà Nẵng,Online,1,1,2876400.0,1807015.0
2025-06-06,Thực phẩm,Cần Thơ,Cửa hàng,2,2,330900.0,233887.0
2025-06-06,Thực phẩm,Cần Thơ,Online,3,3,1406000.0,1057385.0
2025-06-06,Thực phẩm,Hà Nội,Cửa hàng,12,12,5300950.0,3870499.0
2025-06-06,Thực phẩm,Hà Nội,Online,6,6,1783300.0,1300648.0
2025-06-06,Thực phẩm,Hải Phòng,Cửa hàng,3,3,782050.0,590768.0
2025-06-06,Thực phẩm,Hải Phòng,Online,2,2,981000.0,674348.0
2025-06-06,Thực phẩm,TP HCM,Cửa hàng,4,4,957000.0,695432.0
2025-06-06,Thực phẩm,TP HCM,Online,7,7,2038550.0,1478603.0
2025-06-06,Thực phẩm,Đà Nẵng,Cửa hàng,3,3,808450.0,573209.0
2025-06-06,Thực phẩm,Đà Nẵng,Online,3,3,891000.0,659069.0
2025-06-06,Điện tử,Cần Thơ,Cửa hàng,2,2,2432000.0,1772769.0
2025-06-06,Điện tử,Cần Thơ,Online,1,1,930050.0,774401.0
2025-06-06,Điện tử,Hà Nội,Cửa hàng,4,4,9613100.0,7342195.0
2025-06-06,Điện tử,Hà Nội,Online,4,4,5557000.0,3755529.0
2025-06-06,Điện tử,Hải Phòng,Cửa hàng,4,4,5198200.0,4091141.0
2025-06-06,Điện tử,Hải Phòng,Online,1,1,4453600.0,2785290.0
2025-06-06,Điện tử,TP HCM,Cửa hàng,7,7,12512300.0,8843449.0
2025-06-06,Điện tử,TP HCM,Online,5,5,10561450.0,7083698.0
2025-06-06,Điện tử,Đà Nẵng,Cửa hàng,2,2,4343700.0,2784088.0
2025-06-07,Gia dụng,Cần Thơ,Cửa hàng,3,3,3311000.0,2407034.0
2025-06-07,Gia dụng,Cần Thơ,Online,1,1,812250.0,585783.0
2025-06-07,Gia dụng,Hà Nội,Cửa hàng,2,2,2191650.0,1551221.0
2025-06-07,Gia dụng,Hà Nội,Online,2,2,6005100.0,4141335.0
2025-06-07,Gia dụng,Hải Phòng,Cửa hàng,2,2,5399000.0,3619132.0
2025-06-07,Gia dụng,Hải Phòng,Online,2,2,1708700.0,1166799.0
2025-06-07,Gia dụng,TP HCM,Cửa hàng,8,8,18044827.0,12771335.0
2025-06-07,Gia dụng,TP HCM,Online,8,8,6486350.0,4966996.0
2025-06-07,Gia dụng,Đà Nẵng,Cửa hàng,1,1,9639956.0,6747969.0
2025-06-07,Gia dụng,Đà Nẵng,Online,2,2,4376050.0,3140194.0
2025-06-07,Mỹ phẩm,Hà Nội,Cửa hàng,2,2,2498850.0,1900673.0
2025-06-07,Mỹ phẩm,Hà Nội,Online,1,1,521550.0,313000.0
2025-06-07,Mỹ phẩm,Hải Phòng,Cửa hàng,4,4,2689050.0,1990362.0
2025-06-07,Mỹ phẩm,TP HCM,Cửa hàng,3,3,4954442.0,3530156.0
2025-06-07,Mỹ phẩm,TP HCM,Online,2,2,3248400.0,2166571.0
2025-06-07,Mỹ phẩm,Đà Nẵng,Online,1,1,1634000.0,1020290.0
2025-06-07,Sách,Cần Thơ,Cửa hàng,1,1,532000.0,386548.0
2025-06-07,Sách,Cần Thơ,Online,3,3,585550.0,422269.0
2025-06-07,Sách,Hà Nội,Cửa hàng,6,6,2956400.0,2241749.0
2025-06-07,Sách,Hà Nội,Online,5,5,2044950.0,1396459.0
2025-06-07,Sách,Hải Phòng,Cửa hàng,2,2,453900.0,316987.0
2025-06-07,Sách,Hải Phòng,Online,2,2,276300.0,189600.0
2025-06-07,Sách,TP HCM,Cửa hàng,2,2,713000.0,492759.0
2025-06-07,Sách,TP HCM,Online,5,5,1066200.0,746118.0
2025-06-07,Sách,Đà Nẵng,Cửa hàng,1,1,169000.0,107646.0
2025-06-07,Sách,Đà Nẵng,Online,6,6,1664900.0,1180461.0
2025-06-07,Thời trang,Cần Thơ,Cửa hàng,2,2,1271950.0,891707.0
2025-06-07,Thời trang,Hà Nội,Cửa hàng,3,3,17070103.0,12075916.0
2025-06-07,Thời trang,Hà Nội,Online,2,2,2291000.0,1812104.0
2025-06-07,Thời trang,Hải Phòng,Cửa hàng,1,1,657900.0,458732.0
2025-06-07,Thời trang,Hải Phòng,Online,1,1,3425000.0,2476389.0
2025-06-07,Thời trang,TP HCM,Cửa hàng,7,7,11059600.0,8383470.0
2025-06-07,Thời trang,TP HCM,Online,6,6,6063600.0,4141174.0
2025-06-07,Thời trang,Đà Nẵng,Cửa hàng,2,2,4740000.0,3204858.0
2025-06-07,Thời trang,Đà Nẵng,Online,1,1,1558000.0,1088958.0
2025-06-07,Thực phẩm,Cần Thơ,Cửa hàng,1,1,328700.0,224725.0
2025-06-07,Thực phẩm,Cần Thơ,Online,9,9,2355550.0,1685052.0
2025-06-07,Thực phẩm,Hà Nội,Cửa hàng,9,9,5209344.0,3679740.0
2025-06-07,Thực phẩm,Hà Nội,Online,7,7,2192000.0,1565335.0
2025-06-07,Thực phẩm,Hải Phòng,Cửa hàng,4,4,1803500.0,1164833.0
2025-06-07,Thực phẩm,Hải Phòng,Online,4,4,884100.0,621054.0
2025-06-07,Thực phẩm,TP HCM,Cửa hàng,9,9,3210400.0,2333481.0
2025-06-07,Thực phẩm,TP HCM,Online,9,9,2757700.0,2006449.0
2025-06-07,Thực phẩm,Đà Nẵng,Cửa hàng,7,7,2050400.0,1431657.0
2025-06-07,Thực phẩm,Đà Nẵng,Online,2,2,351150.0,282640.0
2025-06-07,Điện tử,Cần Thơ,Online,1,1,1136700.0,892245.0
2025-06-07,Điện tử,Hà Nội,Cửa hàng,4,4,4699050.0,3188689.0
2025-06-07,Điện tử,Hà Nội,Online,1,1,1095300.0,834790.0
2025-06-07,Điện tử,Hải Phòng,Online,1,1,2250000.0,1873463.0
2025-06-07,Điện tử,TP HCM,Cửa hàng,8,8,14488650.0,10304046.0
2025-06-07,Điện tử,TP HCM,Online,7,7,12194800.0,9090367.0
2025-06-07,Điện tử,Đà Nẵng,Cửa hàng,5,5,7707900.0,5295940.0
2025-06-07,Điện tử,Đà Nẵng,Online,4,4,6131800.0,4543296.0
2025-06-08,Gia dụng,Cần Thơ,Cửa hàng,2,2,2225600.0,1449279.0
2025-06-08,Gia dụng,Hà Nội,Cửa hàng,7,7,9423200.0,6944218.0
2025-06-08,Gia dụng,Hà Nội,Online,6,6,7025250.0,4857174.0
2025-06-08,Gia dụng,Hải Phòng,Cửa hàng,2,2,2333200.0,1525210.0
2025-06-08,Gia dụng,Hải Phòng,Online,1,1,2278800.0,1735961.0
2025-06-08,Gia dụng,TP HCM,Cửa hàng,3,3,6074100.0,4756678.0
2025-06-08,Gia dụng,TP HCM,Online,8,8,10506800.0,7821003.0
2025-06-08,Gia dụng,Đà Nẵng,Cửa hàng,3,3,5446000.0,3797313.0
2025-06-08,Gia dụng,Đà Nẵng,Online,1,1,782100.0,585549.0
2025-06-08,Mỹ phẩm,Cần Thơ,Online,1,1,1064000.0,857922.0
2025-06-08,Mỹ phẩm,Hà Nội,Cửa hàng,4,4,1940500.0,1292681.0
2025-06-08,Mỹ phẩm,Hà Nội,Online,1,1,405900.0,289502.0
2025-06-08,Mỹ phẩm,Hải Phòng,Cửa hàng,3,3,10174126.0,7208949.0
2025-06-08,Mỹ phẩm,TP HCM,Cửa hàng,4,4,2987850.0,2214291.0
2025-06-08,Mỹ phẩm,TP HCM,Online,1,1,393300.0,286388.0
2025-06-08,Mỹ phẩm,Đà Nẵng,Cửa hàng,1,1,464950.0,284796.0
2025-06-08,Sách,Hà Nội,Cửa hàng,2,2,251100.0,186306.0
2025-06-08,Sách,Hà Nội,Online,7,7,1010400.0,766794.0
2025-06-08,Sách,Hải Phòng,Online,2,2,954600.0,641247.0
2025-06-08,Sách,TP HCM,Cửa hàng,2,2,691150.0,559514.0
2025-06-08,Sách,TP HCM,Online,3,3,468550.0,334489.0
2025-06-08,Sách,Đà Nẵng,Cửa hàng,5,5,1816800.0,1310066.0
2025-06-08,Sách,Đà Nẵng,Online,1,1,634600.0,459706.0
2025-06-08,Thời trang,Cần Thơ,Online,2,2,1605000.0,1234432.0
2025-06-08,Thời trang,Hà Nội,Cửa hàng,2,2,1447000.0,1166075.0
2025-06-08,Thời trang,Hà Nội,Online,2,2,2171000.0,1524732.0
2025-06-08,Thời trang,Hải Phòng,Cửa hàng,4,4,7727900.0,5371724.0
2025-06-08,Thời trang,TP HCM,Cửa hàng,6,6,9496800.0,7393543.0
2025-06-08,Thời trang,TP HCM,Online,6,6,5132500.0,3788994.0
2025-06-08,Thời trang,Đà Nẵng,Cửa hàng,3,3,4219850.0,3350894.0
2025-06-08,Thời trang,Đà Nẵng,Online,1,1,2121000.0,1330315.0
2025-06-08,Thực phẩm,Cần Thơ,Cửa hàng,7,7,1861550.0,1345812.0
2025-06-08,Thực phẩm,Cần Thơ,Online,3,3,476900.0,344711.0
2025-06-08,Thực phẩm,Hà Nội,Cửa hàng,9,9,5697017.0,4063868.0
2025-06-08,Thực phẩm,Hà Nội,Online,5,5,2003300.0,1498139.0
2025-06-08,Thực phẩm,Hải Phòng,Cửa hàng,3,3,968900.0,716543.0
2025-06-08,Thực phẩm,Hải Phòng,Online,4,4,1725700.0,1344479.0
2025-06-08,Thực phẩm,TP HCM,Cửa hàng,15,15,6251100.0,4435222.0
2025-06-08,Thực phẩm,TP HCM,Online,12,12,2859150.0,2092996.0
2025-06-08,Thực phẩm,Đà Nẵng,Cửa hàng,1,1,687800.0,515341.0
2025-06-08,Thực phẩm,Đà Nẵng,Online,5,5,1944000.0,1401498.0
2025-06-08,Điện tử,Cần Thơ,Cửa hàng,2,2,2056400.0,1638698.0
2025-06-08,Điện tử,Cần Thơ,Online,1,1,1073000.0,857617.0
2025-06-08,Điện tử,Hà Nội,Cửa hàng,5,5,6397250.0,4413626.0
2025-06-08,Điện tử,Hà Nội,Online,4,3,8220000.0,5866329.0
2025-06-08,Điện tử,Hải Phòng,Cửa hàng,3,3,3385200.0,2502704.0
2025-06-08,Điện tử,TP HCM,Cửa hàng,7,7,13065400.0,9254788.0
2025-06-08,Điện tử,TP HCM,Online,3,3,8807000.0,5745781.0
2025-06-08,Điện tử,Đà Nẵng,Cửa hàng,4,4,4346600.0,3105516.0
2025-06-08,Điện tử,Đà Nẵng,Online,1,1,2460000.0,1561866.0
2025-06-09,Gia dụng,Cần Thơ,Cửa hàng,2,2,2756300.0,2038206.0
2025-06-09,Gia dụng,Hà Nội,Cửa hàng,3,3,2503700.0,1636796.0
2025-06-09,Gia dụng,Hà Nội,Online,2,2,5261400.0,4343692.0
2025-06-09,Gia dụng,Hải Phòng,Cửa hàng,5,5,19089215.0,13220371.0
2025-06-09,Gia dụng,Hải Phòng,Online,2,2,3147900.0,2148490.0
2025-06-09,Gia dụng,TP HCM,Cửa hàng,2,2,3105000.0,2503046.0
2025-06-09,Gia dụng,TP HCM,Online,3,3,2376000.0,1759809.0
2025-06-09,Gia dụng,Đà Nẵng,Cửa hàng,1,1,2610000.0,1638952.0
2025-06-09,Mỹ phẩm,Cần Thơ,Cửa hàng,1,1,353600.0,292094.0
2025-06-09,Mỹ phẩm,Hà Nội,Cửa hàng,4,4,2733550.0,2133122.0
2025-06-09,Mỹ phẩm,Hà Nội,Online,4,4,3210500.0,2199005.0
2025-06-09,Mỹ phẩm,Hải Phòng,Cửa hàng,2,2,1340000.0,980423.0
2025-06-09,Mỹ phẩm,Hải Phòng,Online,2,2,1681500.0,1138271.0
2025-06-09,Mỹ phẩm,TP HCM,Cửa hàng,3,3,2298400.0,1606486.0
2025-06-09,Mỹ phẩm,TP HCM,Online,3,3,3140300.0,2314793.0
2025-06-09,Mỹ phẩm,Đà Nẵng,Online,1,1,534000.0,391515.0
2025-06-09,Sách,Cần Thơ,Cửa hàng,3,3,796900.0,585576.0
2025-06-09,Sách,Hà Nội,Cửa hàng,5,5,1245000.0,892495.0
2025-06-09,Sách,Hà Nội,Online,4,4,906000.0,603701.0
2025-06-09,Sách,Hải Phòng,Cửa hàng,2,2,543200.0,436625.0
2025-06-09,Sách,TP HCM,Cửa hàng,5,5,701500.0,508110.0
2025-06-09,Sách,Đà Nẵng,Cửa hàng,3,3,814100.0,594396.0
2025-06-09,Sách,Đà Nẵng,Online,4,4,628000.0,449923.0
2025-06-09,Thời trang,Cần Thơ,Cửa hàng,1,1,770000.0,482938.0
2025-06-09,Thời trang,Cần Thơ,Online,4,4,17556100.0,12285936.0
2025-06-09,Thời trang,Hà Nội,Cửa hàng,1,1,2165400.0,1829773.0
2025-06-09,Thời trang,Hà Nội,Online,5,5,4463650.0,3171270.0
2025-06-09,Thời trang,Hải Phòng,Cửa hàng,2,2,1457000.0,1036322.0
2025-06-09,Thời trang,Hải Phòng,Online,2,2,5371400.0,3661220.0
2025-06-09,Thời trang,TP HCM,Cửa hàng,5,5,7715000.0,5476351.0
2025-06-09,Thời trang,TP HCM,Online,7,7,9954900.0,6627432.0
2025-06-09,Thời trang,Đà Nẵng,Online,2,2,2037100.0,1315263.0
2025-06-09,Thực phẩm,Cần Thơ,Cửa hàng,4,4,3395163.0,2372734.0
2025-06-09,Thực phẩm,Cần Thơ,Online,2,2,679000.0,479170.0
2025-06-09,Thực phẩm,Hà Nội,Cửa hàng,7,7,1926450.0,1361166.0
2025-06-09,Thực phẩm,Hà Nội,Online,8,8,3018167.0,2142621.0
2025-06-09,Thực phẩm,Hải Phòng,Cửa hàng,1,1,157700.0,119721.0
2025-06-09,Thực phẩm,Hải Phòng,Online,5,5,1473800.0,1064229.0
2025-06-09,Thực phẩm,TP HCM,Cửa hàng,11,11,2742450.0,2072077.0
2025-06-09,Thực phẩm,TP HCM,Online,11,11,4138300.0,2957748.0
2025-06-09,Thực phẩm,Đà Nẵng,Cửa hàng,3,3,477500.0,381484.0
2025-06-09,Thực phẩm,Đà Nẵng,Online,2,2,494000.0,399065.0
2025-06-09,Điện tử,Cần Thơ,Online,1,1,1090000.0,834861.0
2025-06-09,Điện tử,Hà Nội,Cửa hàng,2,2,5817800.0,3947043.0
2025-06-09,Điện tử,Hà Nội,Online,6,6,8184200.0,5671428.0
2025-06-09,Điện tử,Hải Phòng,Cửa hàng,4,4,4635000.0,3702608.0
2025-06-09,Điện tử,Hải Phòng,Online,2,2,7610000.0,5062257.0
2025-06-09,Điện tử,TP HCM,Cửa hàng,12,12,21372050.0,15331714.0
2025-06-09,Điện tử,TP HCM,Online,6,6,11824900.0,8489704.0
2025-06-09,Điện tử,Đà Nẵng,Cửa hàng,1,1,2414000.0,2016330.0
2025-06-09,Điện tử,Đà Nẵng,Online,1,1,1179000.0,853336.0
2025-06-10,Gia dụng,Cần Thơ,Cửa hàng,3,3,4665200.0,3271958.0
2025-06-10,Gia dụng,Hà Nội,Cửa hàng,4,4,3253700.0,2390283.0
2025-06-10,Gia dụng,Hà Nội,Online,3,3,3869800.0,2679535.0
2025-06-10,Gia dụng,Hải Phòng,Cửa hàng,2,2,3186000.0,2222540.0
2025-06-10,Gia dụng,Hải Phòng,Online,1,1,646850.0,466499.0
2025-06-10,Gia dụng,TP HCM,Cửa hàng,8,8,15987550.0,11260921.0
2025-06-10,Gia dụng,TP HCM,Online,5,5,5090000.0,3726897.0
2025-06-10,Gia dụng,Đà Nẵng,Cửa hàng,2,2,1535950.0,1021740.0
2025-06-10,Gia dụng,Đà Nẵng,Online,1,1,893000.0,683104.0
2025-06-10,Mỹ phẩm,Cần Thơ,Cửa hàng,3,3,3478900.0,2600940.0
2025-06-10,Mỹ phẩm,Hà Nội,Cửa hàng,2,2,1483700.0,942214.0
2025-06-10,Mỹ phẩm,Hải Phòng,Cửa hàng,1,1,456000.0,315511.0
2025-06-10,Mỹ phẩm,TP HCM,Cửa hàng,1,1,966000.0,727713.0
2025-06-10,Mỹ phẩm,TP HCM,Online,2,2,2558500.0,1755169.0
2025-06-10,Mỹ phẩm,Đà Nẵng,Cửa hàng,3,3,1962000.0,1447465.0
2025-06-10,Mỹ phẩm,Đà Nẵng,Online,1,1,1076000.0,858790.0
2025-06-10,Sách,Cần Thơ,Cửa hàng,2,2,430750.0,332488.0
2025-06-10,Sách,Cần Thơ,Online,1,1,121500.0,85494.0
2025-06-10,Sách,Hà Nội,Cửa hàng,4,4,1096000.0,783998.0
2025-06-10,Sách,Hà Nội,Online,1,1,246600.0,178638.0
2025-06-10,Sách,Hải Phòng,Cửa hàng,3,3,439000.0,323325.0
2025-06-10,Sách,Hải Phòng,Online,3,3,383500.0,269385.0
2025-06-10,Sách,TP HCM,Cửa hàng,1,1,128000.0,95302.0
2025-06-10,Sách,TP HCM,Online,2,2,876000.0,643663.0
2025-06-10,Sách,Đà Nẵng,Cửa hàng,1,1,139500.0,87961.0
2025-06-10,Sách,Đà Nẵng,Online,2,2,918000.0,638235.0
2025-06-10,Thời trang,Cần Thơ,Online,4,4,3861000.0,2866739.0
2025-06-10,Thời trang,Hà Nội,Cửa hàng,6,6,5365000.0,3631244.0
2025-06-10,Thời trang,Hà Nội,Online,2,2,2829400.0,2059063.0
2025-06-10,Thời trang,Hải Phòng,Cửa hàng,1,1,1568000.0,1074044.0
2025-06-10,Thời trang,Hải Phòng,Online,3,3,4019500.0,2944486.0
2025-06-10,Thời trang,TP HCM,Cửa hàng,5,5,6074000.0,4427652.0
2025-06-10,Thời trang,TP HCM,Online,5,5,6233700.0,4435669.0
2025-06-10,Thời trang,Đà Nẵng,Cửa hàng,1,1,689000.0,433689.0
2025-06-10,Thời trang,Đà Nẵng,Online,3,3,5306750.0,3466545.0
2025-06-10,Thực phẩm,Cần Thơ,Cửa hàng,4,4,896550.0,674217.0
2025-06-10,Thực phẩm,Cần Thơ,Online,2,2,790700.0,559871.0
2025-06-10,Thực phẩm,Hà Nội,Cửa hàng,9,9,4007052.0,2793892.0
2025-06-10,Thực phẩm,Hà Nội,Online,6,6,1524300.0,1078130.0
2025-06-10,Thực phẩm,Hải Phòng,Cửa hàng,9,9,1778550.0,1199715.0
2025-06-10,Thực phẩm,Hải Phòng,Online,2,2,876100.0,659640.0
2025-06-10,Thực phẩm,TP HCM,Cửa hàng,13,13,4958300.0,3827067.0
2025-06-10,Thực phẩm,TP HCM,Online,16,16,5518000.0,4034890.0
2025-06-10,Thực phẩm,Đà Nẵng,Cửa hàng,2,2,594600.0,409077.0
2025-06-10,Thực phẩm,Đà Nẵng,Online,4,4,1384050.0,945311.0
2025-06-10,Điện tử,Cần Thơ,Online,2,2,4323000.0,3155389.0
2025-06-10,Điện tử,Hà Nội,Cửa hàng,4,4,3789900.0,2530827.0
2025-06-10,Điện tử,Hà Nội,Online,2,2,6243750.0,4375878.0
2025-06-10,Điện tử,Hải Phòng,Cửa hàng,2,2,1995800.0,1301680.0
2025-06-10,Điện tử,Hải Phòng,Online,1,1,3756000.0,2708805.0
2025-06-10,Điện tử,TP HCM,Cửa hàng,8,8,16537700.0,11748443.0
2025-06-10,Điện tử,TP HCM,Online,5,5,7312900.0,5283094.0
2025-06-10,Điện tử,Đà Nẵng,Cửa hàng,3,3,3233200.0,2191108.0
2025-06-10,Điện tử,Đà Nẵng,Online,3,3,3188000.0,2307409.0
2025-06-11,Gia dụng,Cần Thơ,Cửa hàng,3,3,2206050.0,1516285.0
2025-06-11,Gia dụng,Cần Thơ,Online,1,1,743850.0,536454.0
2025-06-11,Gia dụng,Hà Nội,Cửa hàng,7,7,14394000.0,10096303.0
2025-06-11,Gia dụng,Hà Nội,Online,3,3,4568850.0,3416099.0
2025-06-11,Gia dụng,Hải Phòng,Cửa hàng,4,4,5932050.0,4083116.0
2025-06-11,Gia dụng,Hải Phòng,Online,2,2,4350400.0,3217539.0
2025-06-11,Gia dụng,TP HCM,Cửa hàng,3,3,4496350.0,3528119.0
2025-06-11,Gia dụng,TP HCM,Online,6,6,9942000.0,7359921.0
2025-06-11,Gia dụng,Đà Nẵng,Cửa hàng,3,3,4095450.0,2811803.0
2025-06-11,Gia dụng,Đà Nẵng,Online,2,2,3446000.0,2604134.0
2025-06-11,Mỹ phẩm,Hà Nội,Cửa hàng,3,3,3277200.0,2452184.0
2025-06-11,Mỹ phẩm,Hà Nội,Online,5,5,3306050.0,2375495.0
2025-06-11,Mỹ phẩm,Hải Phòng,Cửa hàng,2,2,1243400.0,910336.0
2025-06-11,Mỹ phẩm,TP HCM,Cửa hàng,4,4,1880250.0,1350934.0
2025-06-11,Mỹ phẩm,TP HCM,Online,2,2,888000.0,724514.0
2025-06-11,Mỹ phẩm,Đà Nẵng,Cửa hàng,3,3,1356250.0,1049149.0
2025-06-11,Mỹ phẩm,Đà Nẵng,Online,2,2,860500.0,631666.0
2025-06-11,Sách,Cần Thơ,Cửa hàng,2,2,549600.0,445871.0
2025-06-11,Sách,Hà Nội,Cửa hàng,4,4,709600.0,531440.0
2025-06-11,Sách,Hà Nội,Online,3,3,651100.0,488719.0
2025-06-11,Sách,Hải Phòng,Online,2,2,275100.0,187594.0
2025-06-11,Sách,TP HCM,Cửa hàng,1,1,165000.0,112011.0
2025-06-11,Sách,TP HCM,Online,7,7,1327600.0,963423.0
2025-06-11,Sách,Đà Nẵng,Cửa hàng,1,1,645000.0,451296.0
2025-06-11,Thời trang,Cần Thơ,Cửa hàng,2,2,5740000.0,4196878.0
2025-06-11,Thời trang,Cần Thơ,Online,1,1,829000.0,665666.0
2025-06-11,Thời trang,Hà Nội,Cửa hàng,1,1,3336000.0,2309863.0
2025-06-11,Thời trang,Hà Nội,Online,2,2,3675000.0,2442568.0
2025-06-11,Thời trang,Hải Phòng,Cửa hàng,2,2,4040000.0,2918577.0
2025-06-11,Thời trang,TP HCM,Cửa hàng,5,5,6150750.0,4534080.0
2025-06-11,Thời trang,TP HCM,Online,6,6,9956550.0,7448964.0
2025-06-11,Thời trang,Đà Nẵng,Cửa hàng,2,2,1551000.0,1062479.0
2025-06-11,Thời trang,Đà Nẵng,Online,1,1,1422000.0,1004562.0
2025-06-11,Thực phẩm,Cần Thơ,Cửa hàng,5,5,1417300.0,1056869.0
2025-06-11,Thực phẩm,Cần Thơ,Online,4,4,2599367.0,1840622.0
2025-06-11,Thực phẩm,Hà Nội,Cửa hàng,5,5,1153700.0,828287.0
2025-06-11,Thực phẩm,Hà Nội,Online,8,8,2807400.0,1963467.0
2025-06-11,Thực phẩm,Hải Phòng,Cửa hàng,2,2,697300.0,551316.0
2025-06-11,Thực phẩm,Hải Phòng,Online,5,5,1305750.0,970811.0
2025-06-11,Thực phẩm,TP HCM,Cửa hàng,12,12,5047606.0,3637463.0
2025-06-11,Thực phẩm,TP HCM,Online,8,8,2413550.0,1804797.0
2025-06-11,Thực phẩm,Đà Nẵng,Cửa hàng,3,3,1187000.0,784228.0
2025-06-11,Thực phẩm,Đà Nẵng,Online,4,4,1161550.0,853757.0
2025-06-11,Điện tử,Cần Thơ,Cửa hàng,6,6,10645350.0,7981403.0
2025-06-11,Điện tử,Cần Thơ,Online,5,5,10275000.0,7719448.0
2025-06-11,Điện tử,Hà Nội,Cửa hàng,4,4,29096664.0,20339248.0
2025-06-11,Điện tử,Hà Nội,Online,3,3,4204400.0,3064542.0
2025-06-11,Điện tử,Hải Phòng,Online,3,3,28179695.0,19647621.0
2025-06-11,Điện tử,TP HCM,Cửa hàng,4,4,5089950.0,3769708.0
2025-06-11,Điện tử,TP HCM,Online,3,3,3165500.0,2284627.0
2025-06-11,Điện tử,Đà Nẵng,Cửa hàng,3,3,3249350.0,2364307.0
2025-06-11,Điện tử,Đà Nẵng,Online,1,1,1020300.0,863313.0
2025-06-12,Gia dụng,Cần Thơ,Cửa hàng,2,2,3176350.0,2459663.0
2025-06-12,Gia dụng,Hà Nội,Cửa hàng,2,2,1470000.0,1100770.0
2025-06-12,Gia dụng,Hà Nội,Online,1,1,1473900.0,1130107.0
2025-06-12,Gia dụng,Hải Phòng,Cửa hàng,2,2,2476450.0,1925735.0
2025-06-12,Gia dụng,Hải Phòng,Online,1,1,815000.0,578561.0
2025-06-12,Gia dụng,TP HCM,Cửa hàng,7,7,7225550.0,5404020.0
2025-06-12,Gia dụng,TP HCM,Online,4,4,7770000.0,5062894.0
2025-06-12,Gia dụng,Đà Nẵng,Cửa hàng,3,3,4236900.0,3004072.0
2025-06-12,Gia dụng,Đà Nẵng,Online,1,1,700200.0,565440.0
2025-06-12,Mỹ phẩm,Cần Thơ,Cửa hàng,1,1,536000.0,408650.0
2025-06-12,Mỹ phẩm,Cần Thơ,Online,3,3,3549000.0,2355964.0
2025-06-12,Mỹ phẩm,Hà Nội,Cửa hàng,3,3,2228150.0,1781084.0
2025-06-12,Mỹ phẩm,Hà Nội,Online,2,2,1049600.0,758069.0
2025-06-12,Mỹ phẩm,Hải Phòng,Cửa hàng,1,1,430200.0,310710.0
2025-06-12,Mỹ phẩm,TP HCM,Cửa hàng,2,2,1927500.0,1500012.0
2025-06-12,Mỹ phẩm,TP HCM,Online,2,2,1706150.0,1073230.0
2025-06-12,Mỹ phẩm,Đà Nẵng,Cửa hàng,2,2,1540700.0,1148716.0
2025-06-12,Mỹ phẩm,Đà Nẵng,Online,3,3,1708800.0,1235273.0
2025-06-12,Sách,Cần Thơ,Cửa hàng,5,5,1195000.0,852740.0
2025-06-12,Sách,Cần Thơ,Online,2,2,641250.0,506897.0
2025-06-12,Sách,Hà Nội,Cửa hàng,5,5,1491200.0,1058314.0
2025-06-12,Sách,Hà Nội,Online,4,4,953100.0,680083.0
2025-06-12,Sách,Hải Phòng,Cửa hàng,1,1,128000.0,81841.0
2025-06-12,Sách,Hải Phòng,Online,2,2,3402042.0,2388765.0
2025-06-12,Sách,TP HCM,Cửa hàng,4,4,1419950.0,961567.0
2025-06-12,Sách,TP HCM,Online,3,3,824750.0,589446.0
2025-06-12,Sách,Đà Nẵng,Cửa hàng,4,4,1217500.0,826097.0
2025-06-12,Sách,Đà Nẵng,Online,1,1,520600.0,377124.0
2025-06-12,Thời trang,Cần Thơ,Cửa hàng,1,1,774000.0,648423.0
2025-06-12,Thời trang,Cần Thơ,Online,3,3,6661900.0,5019651.0
2025-06-12,Thời trang,Hà Nội,Cửa hàng,5,5,5074250.0,3490569.0
2025-06-12,Thời trang,Hà Nội,Online,4,4,6530200.0,4828781.0
2025-06-12,Thời trang,Hải Phòng,Cửa hàng,4,4,2884050.0,1907280.0
2025-06-12,Thời trang,Hải Phòng,Online,5,5,8564650.0,6225502.0
2025-06-12,Thời trang,TP HCM,Cửa hàng,3,3,4716150.0,3525682.0
2025-06-12,Thời trang,TP HCM,Online,3,3,3411300.0,2264974.0
2025-06-12,Thời trang,Đà Nẵng,Online,3,3,2968400.0,2191419.0
2025-06-12,Thực phẩm,Cần Thơ,Cửa hàng,2,2,316000.0,220634.0
2025-06-12,Thực phẩm,Cần Thơ,Online,2,2,757000.0,548584.0
2025-06-12,Thực phẩm,Hà Nội,Cửa hàng,10,10,2575650.0,1886843.0
2025-06-12,Thực phẩm,Hà Nội,Online,8,8,3022700.0,2195064.0
2025-06-12,Thực phẩm,Hải Phòng,Cửa hàng,4,4,1685700.0,1356317.0
2025-06-12,Thực phẩm,Hải Phòng,Online,2,2,822000.0,652716.0
2025-06-12,Thực phẩm,TP HCM,Cửa hàng,12,12,3740550.0,2704325.0
2025-06-12,Thực phẩm,TP HCM,Online,8,8,2147200.0,1574308.0
2025-06-12,Thực phẩm,Đà Nẵng,Cửa hàng,2,2,908800.0,719564.0
2025-06-12,Thực phẩm,Đà Nẵng,Online,9,9,2811050.0,2024959.0
2025-06-12,Điện tử,Hà Nội,Cửa hàng,1,1,3582450.0,2537028.0
2025-06-12,Điện tử,Hà Nội,Online,5,5,26662837.0,19374781.0
2025-06-12,Điện tử,Hải Phòng,Cửa hàng,2,2,2190000.0,1631143.0
2025-06-12,Điện tử,Hải Phòng,Online,2,2,5399700.0,3831924.0
2025-06-12,Điện tử,TP HCM,Cửa hàng,7,7,14375800.0,10346711.0
2025-06-12,Điện tử,TP HCM,Online,3,3,6755100.0,5227660.0
2025-06-12,Điện tử,Đà Nẵng,Cửa hàng,3,3,6907400.0,4294797.0
2025-06-13,Gia dụng,Cần Thơ,Cửa hàng,1,1,1744000.0,1233527.0
2025-06-13,Gia dụng,Cần Thơ,Online,1,1,882000.0,670932.0
2025-06-13,Gia dụng,Hà Nội,Cửa hàng,4,4,9038500.0,6261654.0
2025-06-13,Gia dụng,Hà Nội,Online,5,5,7578600.0,5469126.0
2025-06-13,Gia dụng,Hải Phòng,Cửa hàng,2,2,1634400.0,1132112.0
2025-06-13,Gia dụng,Hải Phòng,Online,4,4,8279600.0,5533303.0
2025-06-13,Gia dụng,TP HCM,Cửa hàng,4,4,6632650.0,4563206.0
2025-06-13,Gia dụng,TP HCM,Online,3,3,18453962.0,13140533.0
2025-06-13,Gia dụng,Đà Nẵng,Cửa hàng,1,1,917000.0,710232.0
2025-06-13,Gia dụng,Đà Nẵng,Online,3,3,3199600.0,2285488.0
2025-06-13,Mỹ phẩm,Hà Nội,Cửa hàng,2,2,886400.0,658214.0
2025-06-13,Mỹ phẩm,Hà Nội,Online,3,3,1651200.0,1193520.0
2025-06-13,Mỹ phẩm,TP HCM,Cửa hàng,3,3,9834764.0,6937807.0
2025-06-13,Mỹ phẩm,TP HCM,Online,7,7,5829750.0,4246028.0
2025-06-13,Mỹ phẩm,Đà Nẵng,Cửa hàng,1,1,396150.0,280120.0
2025-06-13,Mỹ phẩm,Đà Nẵng,Online,1,1,1251000.0,986813.0
2025-06-13,Sách,Cần Thơ,Cửa hàng,4,4,1027000.0,718668.0
2025-06-13,Sách,Hà Nội,Cửa hàng,4,4,1657450.0,1121214.0
2025-06-13,Sách,Hà Nội,Online,4,4,1759200.0,1277433.0
2025-06-13,Sách,Hải Phòng,Cửa hàng,3,3,637000.0,426037.0
2025-06-13,Sách,TP HCM,Cửa hàng,4,4,997600.0,725974.0
2025-06-13,Sách,TP HCM,Online,3,3,423100.0,323301.0
2025-06-13,Sách,Đà Nẵng,Cửa hàng,1,1,330000.0,239053.0
2025-06-13,Sách,Đà Nẵng,Online,1,1,238000.0,162969.0
2025-06-13,Thời trang,Cần Thơ,Cửa hàng,3,3,2329150.0,1902997.0
2025-06-13,Thời trang,Cần Thơ,Online,4,4,5928450.0,3844059.0
2025-06-13,Thời trang,Hà Nội,Cửa hàng,2,2,3431600.0,2525065.0
2025-06-13,Thời trang,Hà Nội,Online,5,5,9880750.0,7518405.0
2025-06-13,Thời trang,Hải Phòng,Online,3,3,3120000.0,2065162.0
2025-06-13,Thời trang,TP HCM,Cửa hàng,5,5,9881900.0,7131227.0
2025-06-13,Thời trang,TP HCM,Online,1,1,617100.0,482322.0
2025-06-13,Thời trang,Đà Nẵng,Cửa hàng,1,1,1450000.0,1173025.0
2025-06-13,Thời trang,Đà Nẵng,Online,1,1,662000.0,453546.0
2025-06-13,Thực phẩm,Cần Thơ,Cửa hàng,3,3,817000.0,615045.0
2025-06-13,Thực phẩm,Cần Thơ,Online,3,3,1059100.0,811938.0
2025-06-13,Thực phẩm,Hà Nội,Cửa hàng,10,10,4906161.0,3527274.0
2025-06-13,Thực phẩm,Hà Nội,Online,9,9,2588250.0,1884056.0
2025-06-13,Thực phẩm,Hải Phòng,Cửa hàng,2,2,690200.0,513885.0
2025-06-13,Thực phẩm,Hải Phòng,Online,3,3,928500.0,696462.0
2025-06-13,Thực phẩm,TP HCM,Cửa hàng,13,13,4961000.0,3706014.0
2025-06-13,Thực phẩm,TP HCM,Online,10,10,3901850.0,2791021.0
2025-06-13,Thực phẩm,Đà Nẵng,Cửa hàng,7,7,1520300.0,1077252.0
2025-06-13,Thực phẩm,Đà Nẵng,Online,4,4,684950.0,478724.0
2025-06-13,Điện tử,Cần Thơ,Cửa hàng,3,3,5457400.0,4231075.0
2025-06-13,Điện tử,Cần Thơ,Online,2,2,9124000.0,6603765.0
2025-06-13,Điện tử,Hà Nội,Cửa hàng,6,6,7945000.0,5459574.0
2025-06-13,Điện tử,Hà Nội,Online,1,1,1034000.0,748388.0
2025-06-13,Điện tử,Hải Phòng,Cửa hàng,3,3,8314000.0,6194652.0
2025-06-13,Điện tử,Hải Phòng,Online,3,3,7585850.0,5126263.0
2025-06-13,Điện tử,TP HCM,Cửa hàng,5,5,20089620.0,14166063.0
2025-06-13,Điện tử,TP HCM,Online,4,4,6000700.0,4562003.0
2025-06-13,Điện tử,Đà Nẵng,Cửa hàng,4,4,9928050.0,7686263.0
2025-06-13,Điện tử,Đà Nẵng,Online,1,1,2268000.0,1371552.0
2025-06-14,Gia dụng,Cần Thơ,Cửa hàng,4,4,6819100.0,5076393.0
2025-06-14,Gia dụng,Cần Thơ,Online,2,2,5010400.0,3301492.0
2025-06-14,Gia dụng,Hà Nội,Cửa hàng,3,3,13860401.0,9794889.0
2025-06-14,Gia dụng,Hà Nội,Online,4,4,4870650.0,3699387.0
2025-06-14,Gia dụng,Hải Phòng,Cửa hàng,3,3,16102956.0,11619634.0
2025-06-14,Gia dụng,Hải Phòng,Online,3,3,2381000.0,1565345.0
2025-06-14,Gia dụng,TP HCM,Cửa hàng,9,8,9751000.0,7281367.0
2025-06-14,Gia dụng,TP HCM,Online,4,4,4822000.0,3260032.0
2025-06-14,Gia dụng,Đà Nẵng,Cửa hàng,2,2,1998500.0,1407207.0
2025-06-14,Gia dụng,Đà Nẵng,Online,1,1,1898000.0,1368811.0
2025-06-14,Mỹ phẩm,Cần Thơ,Cửa hàng,1,1,1072000.0,793185.0
2025-06-14,Mỹ phẩm,Hà Nội,Cửa hàng,3,3,1357000.0,1064107.0
2025-06-14,Mỹ phẩm,Hà Nội,Online,5,5,3160800.0,2248063.0
2025-06-14,Mỹ phẩm,Hải Phòng,Cửa hàng,1,1,1896200.0,1450366.0
2025-06-14,Mỹ phẩm,Hải Phòng,Online,2,2,2539450.0,1761340.0
2025-06-14,Mỹ phẩm,TP HCM,Cửa hàng,1,1,472000.0,300753.0
2025-06-14,Mỹ phẩm,TP HCM,Online,2,2,857000.0,559108.0
2025-06-14,Mỹ phẩm,Đà Nẵng,Online,1,1,1804000.0,1302931.0
2025-06-14,Sách,Cần Thơ,Cửa hàng,4,4,969800.0,684177.0
2025-06-14,Sách,Cần Thơ,Online,1,1,155000.0,96592.0
2025-06-14,Sách,Hà Nội,Cửa hàng,1,1,160000.0,134828.0
2025-06-14,Sách,Hà Nội,Online,2,2,270000.0,184670.0
2025-06-14,Sách,Hải Phòng,Online,1,1,408000.0,327510.0
2025-06-14,Sách,TP HCM,Cửa hàng,2,2,305400.0,225098.0
2025-06-14,Sách,TP HCM,Online,5,5,3020426.0,2145643.0
2025-06-14,Sách,Đà Nẵng,Cửa hàng,1,1,148500.0,110691.0
2025-06-14,Thời trang,Cần Thơ,Cửa hàng,2,2,2976000.0,1997830.0
2025-06-14,Thời trang,Cần Thơ,Online,2,2,2916700.0,2136314.0
2025-06-14,Thời trang,Hà Nội,Cửa hàng,1,1,797000.0,496288.0
2025-06-14,Thời trang,Hà Nội,Online,4,4,6160200.0,4702589.0
2025-06-14,Thời trang,Hải Phòng,Cửa hàng,2,2,15522627.0,11077395.0
2025-06-14,Thời trang,Hải Phòng,Online,2,2,2223300.0,1409050.0
2025-06-14,Thời trang,TP HCM,Cửa hàng,4,4,3690700.0,2500953.0
2025-06-14,Thời trang,TP HCM,Online,6,6,7359000.0,5512705.0
2025-06-14,Thời trang,Đà Nẵng,Online,4,4,3293400.0,2375583.0
2025-06-14,Thực phẩm,Cần Thơ,Cửa hàng,2,2,1158000.0,825953.0
2025-06-14,Thực phẩm,Cần Thơ,Online,5,5,2089600.0,1445907.0
2025-06-14,Thực phẩm,Hà Nội,Cửa hàng,8,8,2536250.0,1903351.0
2025-06-14,Thực phẩm,Hà Nội,Online,7,7,1494450.0,1063830.0
2025-06-14,Thực phẩm,Hải Phòng,Cửa hàng,3,3,488950.0,362981.0
2025-06-14,Thực phẩm,Hải Phòng,Online,2,2,628500.0,429985.0
2025-06-14,Thực phẩm,TP HCM,Cửa hàng,10,10,2939450.0,2118677.0
2025-06-14,Thực phẩm,TP HCM,Online,9,9,3493200.0,2465594.0
2025-06-14,Thực phẩm,Đà Nẵng,Cửa hàng,4,4,1265300.0,870414.0
2025-06-14,Thực phẩm,Đà Nẵng,Online,7,7,1854650.0,1406015.0
2025-06-14,Điện tử,Cần Thơ,Cửa hàng,2,2,2414000.0,1765240.0
2025-06-14,Điện tử,Cần Thơ,Online,6,6,11815600.0,8822688.0
2025-06-14,Điện tử,Hà Nội,Cửa hàng,4,4,4392300.0,3345763.0
2025-06-14,Điện tử,Hà Nội,Online,3,3,4815700.0,3307925.0
2025-06-14,Điện tử,Hải Phòng,Cửa hàng,2,2,4548700.0,3609059.0
2025-06-14,Điện tử,Hải Phòng,Online,1,1,2040000.0,1285712.0
2025-06-14,Điện tử,TP HCM,Cửa hàng,8,8,13457800.0,10079913.0
2025-06-14,Điện tử,TP HCM,Online,2,2,3515300.0,2465965.0
2025-06-14,Điện tử,Đà Nẵng,Cửa hàng,2,2,2137500.0,1501311.0
2025-06-14,Điện tử,Đà Nẵng,Online,1,1,1029000.0,638263.0
2025-06-15,Gia dụng,Cần Thơ,Cửa hàng,3,3,6063200.0,5020442.0
2025-06-15,Gia dụng,Cần Thơ,Online,2,2,3325150.0,2352088.0
2025-06-15,Gia dụng,Hà Nội,Cửa hàng,3,3,5673700.0,4313468.0
2025-06-15,Gia dụng,Hà Nội,Online,4,4,6015850.0,4391983.0
2025-06-15,Gia dụng,Hải Phòng,Cửa hàng,4,4,6287000.0,4208377.0
2025-06-15,Gia dụng,TP HCM,Cửa hàng,6,6,11979050.0,8868568.0
2025-06-15,Gia dụng,TP HCM,Online,5,5,12025700.0,9266805.0
2025-06-15,Gia dụng,Đà Nẵng,Cửa hàng,1,1,1700500.0,1274823.0
2025-06-15,Gia dụng,Đà Nẵng,Online,1,1,691600.0,541537.0
2025-06-15,Mỹ phẩm,Cần Thơ,Online,1,1,471200.0,363103.0
2025-06-15,Mỹ phẩm,Hà Nội,Cửa hàng,2,2,4665447.0,3226047.0
2025-06-15,Mỹ phẩm,Hà Nội,Online,2,2,1531000.0,1069873.0
2025-06-15,Mỹ phẩm,Hải Phòng,Cửa hàng,1,1,1030000.0,705364.0
2025-06-15,Mỹ phẩm,TP HCM,Cửa hàng,2,2,903650.0,622300.0
2025-06-15,Mỹ phẩm,TP HCM,Online,2,2,967850.0,699026.0
2025-06-15,Mỹ phẩm,Đà Nẵng,Cửa hàng,1,1,957600.0,734921.0
2025-06-15,Mỹ phẩm,Đà Nẵng,Online,2,2,1820000.0,1168988.0
2025-06-15,Sách,Cần Thơ,Cửa hàng,1,1,126000.0,104516.0
2025-06-15,Sách,Hà Nội,Cửa hàng,2,2,465800.0,368886.0
2025-06-15,Sách,Hà Nội,Online,4,4,1650159.0,1141914.0
2025-06-15,Sách,Hải Phòng,Cửa hàng,1,1,168000.0,127167.0
2025-06-15,Sách,Hải Phòng,Online,1,1,126900.0,93961.0
2025-06-15,Sách,TP HCM,Cửa hàng,4,4,1172450.0,848359.0
2025-06-15,Sách,TP HCM,Online,7,7,1443250.0,1070147.0
2025-06-15,Sách,Đà Nẵng,Cửa hàng,2,2,297000.0,223995.0
2025-06-15,Sách,Đà Nẵng,Online,2,2,896000.0,675373.0
2025-06-15,Thời trang,Cần Thơ,Online,3,3,2157700.0,1674610.0
2025-06-15,Thời trang,Hà Nội,Cửa hàng,2,2,2758000.0,2130234.0
2025-06-15,Thời trang,Hà Nội,Online,4,4,7867600.0,6049217.0
2025-06-15,Thời trang,Hải Phòng,Cửa hàng,1,1,709650.0,579806.0
2025-06-15,Thời trang,Hải Phòng,Online,3,3,6165000.0,4326667.0
2025-06-15,Thời trang,TP HCM,Cửa hàng,7,7,10107100.0,7373788.0
2025-06-15,Thời trang,TP HCM,Online,4,4,6041950.0,4624221.0
2025-06-15,Thời trang,Đà Nẵng,Cửa hàng,3,3,4003800.0,2792449.0
2025-06-15,Thời trang,Đà Nẵng,Online,1,1,792000.0,554555.0
2025-06-15,Thực phẩm,Cần Thơ,Cửa hàng,4,4,1859600.0,1344898.0
2025-06-15,Thực phẩm,Cần Thơ,Online,1,1,196000.0,141188.0
2025-06-15,Thực phẩm,Hà Nội,Cửa hàng,2,2,389000.0,302892.0
2025-06-15,Thực phẩm,Hà Nội,Online,2,2,1680250.0,1058547.0
2025-06-15,Thực phẩm,Hải Phòng,Cửa hàng,6,6,1821950.0,1287672.0
2025-06-15,Thực phẩm,Hải Phòng,Online,6,6,3382000.0,2250325.0
2025-06-15,Thực phẩm,TP HCM,Cửa hàng,9,9,3915466.0,2881617.0
2025-06-15,Thực phẩm,TP HCM,Online,10,10,3568600.0,2552891.0
2025-06-15,Thực phẩm,Đà Nẵng,Cửa hàng,4,4,1665200.0,1096474.0
2025-06-15,Thực phẩm,Đà Nẵng,Online,3,3,1148400.0,849721.0
2025-06-15,Điện tử,Cần Thơ,Cửa hàng,6,6,11440800.0,8302006.0
2025-06-15,Điện tử,Cần Thơ,Online,5,5,10103050.0,7716925.0
2025-06-15,Điện tử,Hà Nội,Cửa hàng,4,4,10118900.0,6639945.0
2025-06-15,Điện tử,Hà Nội,Online,7,7,28845923.0,20089338.0
2025-06-15,Điện tử,Hải Phòng,Cửa hàng,6,6,9339400.0,6989867.0
2025-06-15,Điện tử,Hải Phòng,Online,5,5,13655250.0,9786488.0
2025-06-15,Điện tử,TP HCM,Cửa hàng,3,3,5529700.0,3992021.0
2025-06-15,Điện tử,TP HCM,Online,7,7,16248800.0,11067629.0
2025-06-15,Điện tử,Đà Nẵng,Cửa hàng,1,1,2528000.0,1612176.0
2025-06-16,Gia dụng,Cần Thơ,Cửa hàng,2,2,1665000.0,1250100.0
2025-06-16,Gia dụng,Cần Thơ,Online,1,1,2424000.0,1563915.0
2025-06-16,Gia dụng,Hà Nội,Cửa hàng,6,6,12637400.0,8782147.0
2025-06-16,Gia dụng,Hà Nội,Online,2,2,1839000.0,1374372.0
2025-06-16,Gia dụng,Hải Phòng,Cửa hàng,2,2,2269600.0,1855083.0
2025-06-16,Gia dụng,Hải Phòng,Online,2,2,1573200.0,1166516.0
2025-06-16,Gia dụng,TP HCM,Cửa hàng,5,5,11881300.0,8280923.0
2025-06-16,Gia dụng,TP HCM,Online,6,6,7212050.0,5269194.0
2025-06-16,Gia dụng,Đà Nẵng,Cửa hàng,3,3,4047000.0,3047933.0
2025-06-16,Gia dụng,Đà Nẵng,Online,2,2,1511400.0,1162779.0
2025-06-16,Mỹ phẩm,Hà Nội,Cửa hàng,4,4,2400700.0,1640992.0
2025-06-16,Mỹ phẩm,Hà Nội,Online,3,3,1912000.0,1296906.0
2025-06-16,Mỹ phẩm,Hải Phòng,Cửa hàng,1,1,397100.0,255071.0
2025-06-16,Mỹ phẩm,Hải Phòng,Online,1,1,930000.0,560303.0
2025-06-16,Mỹ phẩm,TP HCM,Cửa hàng,7,7,6523950.0,4776459.0
2025-06-16,Mỹ phẩm,TP HCM,Online,1,1,1896000.0,1436043.0
2025-06-16,Mỹ phẩm,Đà Nẵng,Cửa hàng,3,3,1816150.0,1223320.0
2025-06-16,Mỹ phẩm,Đà Nẵng,Online,2,2,1296000.0,842005.0
2025-06-16,Sách,Cần Thơ,Cửa hàng,1,1,640000.0,392855.0
2025-06-16,Sách,Cần Thơ,Online,1,1,288000.0,236594.0
2025-06-16,Sách,Hà Nội,Cửa hàng,3,3,1366000.0,1016468.0
2025-06-16,Sách,Hà Nội,Online,3,3,1237800.0,921544.0
2025-06-16,Sách,TP HCM,Cửa hàng,2,2,423750.0,292743.0
2025-06-16,Sách,Đà Nẵng,Cửa hàng,1,1,113900.0,79287.0
2025-06-16,Thời trang,Cần Thơ,Cửa hàng,1,1,1510000.0,1035826.0
2025-06-16,Thời trang,Cần Thơ,Online,5,5,3352150.0,2415657.0
2025-06-16,Thời trang,Hà Nội,Cửa hàng,5,5,5964900.0,4151695.0
2025-06-16,Thời trang,Hà Nội,Online,7,7,9480600.0,7167001.0
2025-06-16,Thời trang,Hải Phòng,Cửa hàng,2,2,3448000.0,2461943.0
2025-06-16,Thời trang,Hải Phòng,Online,1,1,1223600.0,746653.0
2025-06-16,Thời trang,TP HCM,Cửa hàng,6,6,4911400.0,3584556.0
2025-06-16,Thời trang,TP HCM,Online,4,4,4408400.0,3046348.0
2025-06-16,Thời trang,Đà Nẵng,Cửa hàng,2,2,5006000.0,3229111.0
2025-06-16,Thực phẩm,Cần Thơ,Cửa hàng,1,1,3296875.0,2307812.0
2025-06-16,Thực phẩm,Cần Thơ,Online,5,5,1198750.0,910309.0
2025-06-16,Thực phẩm,Hà Nội,Cửa hàng,8,8,4647466.0,3302793.0
2025-06-16,Thực phẩm,Hà Nội,Online,8,8,2327500.0,1638006.0
2025-06-16,Thực phẩm,Hải Phòng,Cửa hàng,4,4,877100.0,630873.0
2025-06-16,Thực phẩm,Hải Phòng,Online,5,5,1151750.0,897566.0
2025-06-16,Thực phẩm,TP HCM,Cửa hàng,16,16,3493700.0,2522768.0
2025-06-16,Thực phẩm,TP HCM,Online,6,6,1353600.0,996920.0
2025-06-16,Thực phẩm,Đà Nẵng,Cửa hàng,3,3,848600.0,578941.0
2025-06-16,Thực phẩm,Đà Nẵng,Online,3,3,530900.0,382992.0
2025-06-16,Điện tử,Cần Thơ,Online,2,2,13082452.0,9386758.0
2025-06-16,Điện tử,Hà Nội,Cửa hàng,5,5,6818500.0,4829889.0
2025-06-16,Điện tử,Hà Nội,Online,5,5,10154700.0,7773191.0
2025-06-16,Điện tử,Hải Phòng,Cửa hàng,2,2,5199800.0,3470193.0
2025-06-16,Điện tử,Hải Phòng,Online,1,1,1187000.0,867304.0
2025-06-16,Điện tử,TP HCM,Cửa hàng,4,4,7003000.0,5036569.0
2025-06-16,Điện tử,TP HCM,Online,2,2,1948400.0,1326635.0
2025-06-16,Điện tử,Đà Nẵng,Cửa hàng,2,2,6646800.0,4979093.0
2025-06-16,Điện tử,Đà Nẵng,Online,2,2,3017450.0,2295775.0
2025-06-17,Gia dụng,Cần Thơ,Online,1,1,1642200.0,1304765.0
2025-06-17,Gia dụng,Hà Nội,Cửa hàng,5,5,4838800.0,3185059.0
2025-06-17,Gia dụng,Hà Nội,Online,7,7,10374350.0,7490809.0
2025-06-17,Gia dụng,Hải Phòng,Cửa hàng,3,3,5765100.0,4475151.0
2025-06-17,Gia dụng,TP HCM,Cửa hàng,6,6,8450100.0,6352902.0
2025-06-17,Gia dụng,TP HCM,Online,7,7,13931400.0,10345154.0
2025-06-17,Gia dụng,Đà Nẵng,Online,2,2,2936050.0,2117438.0
2025-06-17,Mỹ phẩm,Cần Thơ,Cửa hàng,1,1,380700.0,231029.0
2025-06-17,Mỹ phẩm,Cần Thơ,Online,1,1,420000.0,317786.0
2025-06-17,Mỹ phẩm,Hà Nội,Cửa hàng,3,3,1380000.0,1087901.0
2025-06-17,Mỹ phẩm,Hà Nội,Online,1,1,477900.0,313174.0
2025-06-17,Mỹ phẩm,Hải Phòng,Cửa hàng,1,1,1043100.0,754005.0
2025-06-17,Mỹ phẩm,Hải Phòng,Online,2,2,1417950.0,1009971.0
2025-06-17,Mỹ phẩm,TP HCM,Cửa hàng,3,3,5066000.0,3526533.0
2025-06-17,Mỹ phẩm,TP HCM,Online,1,1,1027900.0,715361.0
2025-06-17,Mỹ phẩm,Đà Nẵng,Online,4,4,4343800.0,3019847.0
2025-06-17,Sách,Cần Thơ,Online,2,2,770300.0,580925.0
2025-06-17,Sách,Hà Nội,Cửa hàng,3,3,967450.0,705968.0
2025-06-17,Sách,Hà Nội,Online,2,2,1005000.0,678256.0
2025-06-17,Sách,Hải Phòng,Cửa hàng,2,2,973000.0,811735.0
2025-06-17,Sách,Hải Phòng,Online,1,1,656000.0,531157.0
2025-06-17,Sách,TP HCM,Cửa hàng,5,5,1781750.0,1167336.0
2025-06-17,Sách,TP HCM,Online,4,4,875400.0,649284.0
2025-06-17,Sách,Đà Nẵng,Cửa hàng,3,3,797000.0,573869.0
2025-06-17,Sách,Đà Nẵng,Online,2,2,803000.0,583507.0
2025-06-17,Thời trang,Cần Thơ,Cửa hàng,1,1,694450.0,502346.0
2025-06-17,Thời trang,Cần Thơ,Online,3,3,4434700.0,3095847.0
2025-06-17,Thời trang,Hà Nội,Cửa hàng,7,7,8411700.0,6430968.0
2025-06-17,Thời trang,Hà Nội,Online,4,4,7026000.0,5208890.0
2025-06-17,Thời trang,Hải Phòng,Cửa hàng,4,4,5696000.0,4014190.0
2025-06-17,Thời trang,Hải Phòng,Online,1,1,1570000.0,942457.0
2025-06-17,Thời trang,TP HCM,Cửa hàng,6,6,5375300.0,3756051.0
2025-06-17,Thời trang,TP HCM,Online,4,4,4736550.0,3198704.0
2025-06-17,Thời trang,Đà Nẵng,Cửa hàng,2,2,1569000.0,1155338.0
2025-06-17,Thời trang,Đà Nẵng,Online,1,1,712000.0,579638.0
2025-06-17,Thực phẩm,Cần Thơ,Cửa hàng,1,1,176400.0,145687.0
2025-06-17,Thực phẩm,Cần Thơ,Online,3,3,874000.0,596988.0
2025-06-17,Thực phẩm,Hà Nội,Cửa hàng,7,7,2371350.0,1770150.0
2025-06-17,Thực phẩm,Hà Nội,Online,11,11,3607800.0,2507575.0
2025-06-17,Thực phẩm,Hải Phòng,Cửa hàng,3,3,732900.0,560883.0
2025-06-17,Thực phẩm,Hải Phòng,Online,4,4,720050.0,534648.0
2025-06-17,Thực phẩm,TP HCM,Cửa hàng,7,7,1665150.0,1266822.0
2025-06-17,Thực phẩm,TP HCM,Online,4,4,853550.0,572585.0
2025-06-17,Thực phẩm,Đà Nẵng,Cửa hàng,4,4,1536800.0,1065613.0
2025-06-17,Thực phẩm,Đà Nẵng,Online,2,2,788000.0,582123.0
2025-06-17,Điện tử,Cần Thơ,Cửa hàng,1,1,1047850.0,826656.0
2025-06-17,Điện tử,Cần Thơ,Online,3,3,5390200.0,3742240.0
2025-06-17,Điện tử,Hà Nội,Cửa hàng,7,7,19216100.0,13852426.0
2025-06-17,Điện tử,Hà Nội,Online,1,1,2053900.0,1274094.0
2025-06-17,Điện tử,Hải Phòng,Cửa hàng,2,2,3466000.0,2572580.0
2025-06-17,Điện tử,Hải Phòng,Online,1,1,1900000.0,1375181.0
2025-06-17,Điện tử,TP HCM,Cửa hàng,9,9,19747600.0,13622063.0
2025-06-17,Điện tử,TP HCM,Online,6,6,9918100.0,7244956.0
2025-06-17,Điện tử,Đà Nẵng,Cửa hàng,1,1,2294000.0,1505075.0
2025-06-17,Điện tử,Đà Nẵng,Online,3,3,4222500.0,3122141.0
2025-06-18,Gia dụng,Cần Thơ,Cửa hàng,1,1,657900.0,471251.0
2025-06-18,Gia dụng,Cần Thơ,Online,2,2,4535200.0,3006817.0
2025-06-18,Gia dụng,Hà Nội,Cửa hàng,6,6,6133550.0,4532720.0
2025-06-18,Gia dụng,Hà Nội,Online,2,2,1753750.0,1371131.0
2025-06-18,Gia dụng,Hải Phòng,Cửa hàng,4,4,18399658.0,12783387.0
2025-06-18,Gia dụng,TP HCM,Cửa hàng,4,4,6678600.0,5000737.0
2025-06-18,Gia dụng,TP HCM,Online,3,3,4243350.0,3370844.0
2025-06-18,Gia dụng,Đà Nẵng,Online,2,2,2255600.0,1372312.0
2025-06-18,Mỹ phẩm,Hà Nội,Cửa hàng,2,2,1398000.0,846369.0
2025-06-18,Mỹ phẩm,Hà Nội,Online,4,4,2446000.0,1673235.0
2025-06-18,Mỹ phẩm,Hải Phòng,Cửa hàng,2,2,924000.0,687797.0
2025-06-18,Mỹ phẩm,TP HCM,Cửa hàng,2,2,2111000.0,1384370.0
2025-06-18,Mỹ phẩm,TP HCM,Online,2,2,892000.0,579880.0
2025-06-18,Mỹ phẩm,Đà Nẵng,Online,1,1,487000.0,321699.0
2025-06-18,Sách,Cần Thơ,Online,4,4,1288600.0,1000605.0
2025-06-18,Sách,Hà Nội,Cửa hàng,3,3,397150.0,281596.0
2025-06-18,Sách,Hà Nội,Online,4,4,934450.0,684374.0
2025-06-18,Sách,Hải Phòng,Cửa hàng,2,2,296000.0,240899.0
2025-06-18,Sách,Hải Phòng,Online,2,2,574900.0,391971.0
2025-06-18,Sách,TP HCM,Cửa hàng,4,4,1311050.0,971256.0
2025-06-18,Sách,TP HCM,Online,2,2,707500.0,473737.0
2025-06-18,Sách,Đà Nẵng,Cửa hàng,3,3,790000.0,622428.0
2025-06-18,Thời trang,Cần Thơ,Cửa hàng,1,1,1608000.0,1083648.0
2025-06-18,Thời trang,Cần Thơ,Online,1,1,1604000.0,1159745.0
2025-06-18,Thời trang,Hà Nội,Cửa hàng,6,6,6774600.0,5113591.0
2025-06-18,Thời trang,Hà Nội,Online,4,4,2967950.0,2261918.0
2025-06-18,Thời trang,Hải Phòng,Cửa hàng,1,1,2523000.0,2060278.0
2025-06-18,Thời trang,Hải Phòng,Online,1,1,2271450.0,1893727.0
2025-06-18,Thời trang,TP HCM,Cửa hàng,5,5,4416950.0,3395339.0
2025-06-18,Thời trang,TP HCM,Online,5,5,6444250.0,4424599.0
2025-06-18,Thời trang,Đà Nẵng,Cửa hàng,3,3,13987554.0,9991627.0
2025-06-18,Thời trang,Đà Nẵng,Online,3,3,2250000.0,1691188.0
2025-06-18,Thực phẩm,Cần Thơ,Cửa hàng,2,2,392000.0,275966.0
2025-06-18,Thực phẩm,Cần Thơ,Online,1,1,152100.0,102103.0
2025-06-18,Thực phẩm,Hà Nội,Cửa hàng,12,12,7704564.0,5556650.0
2025-06-18,Thực phẩm,Hà Nội,Online,3,3,1301300.0,982360.0
2025-06-18,Thực phẩm,Hải Phòng,Cửa hàng,4,4,1212900.0,827601.0
2025-06-18,Thực phẩm,Hải Phòng,Online,5,5,1457750.0,1050601.0
2025-06-18,Thực phẩm,TP HCM,Cửa hàng,8,8,2225600.0,1629822.0
2025-06-18,Thực phẩm,TP HCM,Online,8,8,2613700.0,1992700.0
2025-06-18,Thực phẩm,Đà Nẵng,Cửa hàng,4,4,1264900.0,951455.0
2025-06-18,Thực phẩm,Đà Nẵng,Online,5,5,917700.0,654543.0
2025-06-18,Điện tử,Cần Thơ,Cửa hàng,2,2,6328000.0,4980820.0
2025-06-18,Điện tử,Cần Thơ,Online,2,2,2038000.0,1475063.0
2025-06-18,Điện tử,Hà Nội,Cửa hàng,4,4,6875850.0,5028843.0
2025-06-18,Điện tử,Hà Nội,Online,4,4,8326900.0,5759333.0
2025-06-18,Điện tử,Hải Phòng,Cửa hàng,3,3,4030000.0,2756891.0
2025-06-18,Điện tử,Hải Phòng,Online,2,2,2121000.0,1515737.0
2025-06-18,Điện tử,TP HCM,Cửa hàng,7,7,25287561.0,17482869.0
2025-06-18,Điện tử,TP HCM,Online,6,6,14729300.0,10390720.0
2025-06-18,Điện tử,Đà Nẵng,Cửa hàng,3,3,10498800.0,7440559.0
2025-06-18,Điện tử,Đà Nẵng,Online,2,2,2057800.0,1558759.0
2025-06-19,Gia dụng,Cần Thơ,Cửa hàng,1,1,1710000.0,1225309.0
2025-06-19,Gia dụng,Cần Thơ,Online,2,2,1620000.0,1192888.0
2025-06-19,Gia dụng,Hà Nội,Cửa hàng,6,6,7538800.0,5433098.0
2025-06-19,Gia dụng,Hà Nội,Online,2,2,1670200.0,1130231.0
2025-06-19,Gia dụng,Hải Phòng,Cửa hàng,1,1,957000.0,690175.0
2025-06-19,Gia dụng,TP HCM,Cửa hàng,8,8,8187000.0,5712835.0
2025-06-19,Gia dụng,TP HCM,Online,6,6,9032100.0,6350995.0
2025-06-19,Gia dụng,Đà Nẵng,Cửa hàng,2,2,2407100.0,1617922.0
2025-06-19,Mỹ phẩm,Cần Thơ,Online,1,1,1365000.0,854841.0
2025-06-19,Mỹ phẩm,Hà Nội,Cửa hàng,3,3,3052700.0,2154674.0
2025-06-19,Mỹ phẩm,Hà Nội,Online,1,1,1692000.0,1222040.0
2025-06-19,Mỹ phẩm,Hải Phòng,Cửa hàng,1,1,1078000.0,757760.0
2025-06-19,Mỹ phẩm,Hải Phòng,Online,1,1,1413600.0,1130846.0
2025-06-19,Mỹ phẩm,TP HCM,Cửa hàng,6,6,6507100.0,4711940.0
2025-06-19,Mỹ phẩm,TP HCM,Online,5,5,4451150.0,3224006.0
2025-06-19,Mỹ phẩm,Đà Nẵng,Online,1,1,1242000.0,1028867.0
2025-06-19,Sách,Cần Thơ,Online,4,4,1653450.0,1208275.0
2025-06-19,Sách,Hà Nội,Cửa hàng,4,4,1058000.0,838864.0
2025-06-19,Sách,Hà Nội,Online,1,1,163400.0,118367.0
2025-06-19,Sách,Hải Phòng,Cửa hàng,1,1,324000.0,272644.0
2025-06-19,Sách,Hải Phòng,Online,3,3,551350.0,377212.0
2025-06-19,Sách,TP HCM,Cửa hàng,3,3,569400.0,420355.0
2025-06-19,Sách,TP HCM,Online,3,3,998000.0,713311.0
2025-06-19,Sách,Đà Nẵng,Cửa hàng,1,1,269800.0,216813.0
2025-06-19,Sách,Đà Nẵng,Online,3,3,1340200.0,955585.0
2025-06-19,Thời trang,Cần Thơ,Cửa hàng,1,1,1383200.0,1111369.0
2025-06-19,Thời trang,Cần Thơ,Online,2,2,3334700.0,2206004.0
2025-06-19,Thời trang,Hà Nội,Cửa hàng,2,2,3004000.0,2262721.0
2025-06-19,Thời trang,Hà Nội,Online,5,5,7390900.0,5389400.0
2025-06-19,Thời trang,Hải Phòng,Cửa hàng,1,1,798000.0,617548.0
2025-06-19,Thời trang,Hải Phòng,Online,1,1,852000.0,694307.0
2025-06-19,Thời trang,TP HCM,Cửa hàng,3,3,4516400.0,3026378.0
2025-06-19,Thời trang,TP HCM,Online,5,5,5315250.0,3981423.0
2025-06-19,Thời trang,Đà Nẵng,Cửa hàng,2,2,1499700.0,967351.0
2025-06-19,Thời trang,Đà Nẵng,Online,2,2,2000400.0,1488899.0
2025-06-19,Thực phẩm,Cần Thơ,Cửa hàng,3,3,1170000.0,845563.0
2025-06-19,Thực phẩm,Cần Thơ,Online,2,2,800100.0,589985.0
2025-06-19,Thực phẩm,Hà Nội,Cửa hàng,11,11,4257500.0,3014681.0
2025-06-19,Thực phẩm,Hà Nội,Online,6,6,2056400.0,1513021.0
2025-06-19,Thực phẩm,Hải Phòng,Cửa hàng,1,1,180500.0,129403.0
2025-06-19,Thực phẩm,Hải Phòng,Online,4,4,1388100.0,951026.0
2025-06-19,Thực phẩm,TP HCM,Cửa hàng,10,10,3704050.0,2751986.0
2025-06-19,Thực phẩm,TP HCM,Online,11,11,3216950.0,2222521.0
2025-06-19,Thực phẩm,Đà Nẵng,Cửa hàng,3,3,711900.0,484915.0
2025-06-19,Thực phẩm,Đà Nẵng,Online,2,2,703800.0,471740.0
2025-06-19,Điện tử,Cần Thơ,Cửa hàng,2,2,3032000.0,2164543.0
2025-06-19,Điện tử,Cần Thơ,Online,2,2,6036000.0,3893780.0
2025-06-19,Điện tử,Hà Nội,Cửa hàng,6,6,12229300.0,8773083.0
2025-06-19,Điện tử,Hà Nội,Online,5,5,8593450.0,5899294.0
2025-06-19,Điện tử,Hải Phòng,Cửa hàng,4,4,6069300.0,4419287.0
2025-06-19,Điện tử,TP HCM,Cửa hàng,7,7,9488100.0,6817353.0
2025-06-19,Điện tử,TP HCM,Online,2,2,2360000.0,1708120.0
2025-06-19,Điện tử,Đà Nẵng,Cửa hàng,2,2,4918700.0,3268529.0
2025-06-19,Điện tử,Đà Nẵng,Online,2,2,4129750.0,3193131.0
2025-06-20,Gia dụng,Cần Thơ,Cửa hàng,1,1,848000.0,547264.0
2025-06-20,Gia dụng,Cần Thơ,Online,1,1,919600.0,721215.0
2025-06-20,Gia dụng,Hà Nội,Cửa hàng,5,5,4696200.0,3458253.0
2025-06-20,Gia dụng,Hà Nội,Online,4,4,7814700.0,5631918.0
2025-06-20,Gia dụng,Hải Phòng,Cửa hàng,1,1,2667000.0,2225641.0
2025-06-20,Gia dụng,TP HCM,Cửa hàng,9,9,12267250.0,9124978.0
2025-06-20,Gia dụng,TP HCM,Online,4,4,5383950.0,3577842.0
2025-06-20,Gia dụng,Đà Nẵng,Cửa hàng,2,2,3324700.0,2594890.0
2025-06-20,Gia dụng,Đà Nẵng,Online,3,3,5879750.0,4153729.0
2025-06-20,Mỹ phẩm,Cần Thơ,Online,2,2,1908000.0,1491712.0
2025-06-20,Mỹ phẩm,Hà Nội,Cửa hàng,4,4,2431900.0,1624553.0
2025-06-20,Mỹ phẩm,Hà Nội,Online,4,4,3290800.0,2529692.0
2025-06-20,Mỹ phẩm,Hải Phòng,Cửa hàng,1,1,1086000.0,855964.0
2025-06-20,Mỹ phẩm,Hải Phòng,Online,4,4,3462200.0,2533064.0
2025-06-20,Mỹ phẩm,TP HCM,Cửa hàng,6,6,10063462.0,7180076.0
2025-06-20,Mỹ phẩm,TP HCM,Online,7,7,5738850.0,3978066.0
2025-06-20,Mỹ phẩm,Đà Nẵng,Online,1,1,693600.0,577883.0
2025-06-20,Sách,Cần Thơ,Cửa hàng,2,2,416200.0,317784.0
2025-06-20,Sách,Cần Thơ,Online,3,3,984750.0,689737.0
2025-06-20,Sách,Hà Nội,Cửa hàng,5,5,1205600.0,807160.0
2025-06-20,Sách,Hà Nội,Online,1,1,166000.0,134170.0
2025-06-20,Sách,Hải Phòng,Cửa hàng,1,1,169000.0,104991.0
2025-06-20,Sách,Hải Phòng,Online,3,3,838000.0,593002.0
2025-06-20,Sách,TP HCM,Cửa hàng,3,3,1063800.0,688319.0
2025-06-20,Sách,TP HCM,Online,3,3,550000.0,426875.0
2025-06-20,Sách,Đà Nẵng,Cửa hàng,2,2,275650.0,188831.0
2025-06-20,Sách,Đà Nẵng,Online,2,2,321000.0,212033.0
2025-06-20,Thời trang,Cần Thơ,Cửa hàng,2,2,1426600.0,1031541.0
2025-06-20,Thời trang,Cần Thơ,Online,1,1,544850.0,374214.0
2025-06-20,Thời trang,Hà Nội,Cửa hàng,2,2,1329300.0,1016407.0
2025-06-20,Thời trang,Hải Phòng,Cửa hàng,2,2,1921900.0,1260972.0
2025-06-20,Thời trang,TP HCM,Cửa hàng,6,6,15631506.0,11225348.0
2025-06-20,Thời trang,TP HCM,Online,2,2,2122950.0,1478412.0
2025-06-20,Thời trang,Đà Nẵng,Cửa hàng,1,1,1706000.0,1118157.0
2025-06-20,Thời trang,Đà Nẵng,Online,1,1,2834800.0,1929266.0
2025-06-20,Thực phẩm,Cần Thơ,Cửa hàng,3,3,726800.0,506840.0
2025-06-20,Thực phẩm,Cần Thơ,Online,4,4,992000.0,743324.0
2025-06-20,Thực phẩm,Hà Nội,Cửa hàng,10,9,2718300.0,1931895.0
2025-06-20,Thực phẩm,Hà Nội,Online,6,6,2688400.0,1976841.0
2025-06-20,Thực phẩm,Hải Phòng,Cửa hàng,4,4,1033150.0,855087.0
2025-06-20,Thực phẩm,Hải Phòng,Online,2,2,855200.0,628631.0
2025-06-20,Thực phẩm,TP HCM,Cửa hàng,7,7,2495900.0,1647854.0
2025-06-20,Thực phẩm,TP HCM,Online,12,12,4858550.0,3474796.0
2025-06-20,Thực phẩm,Đà Nẵng,Cửa hàng,6,5,1669800.0,1211173.0
2025-06-20,Thực phẩm,Đà Nẵng,Online,2,2,511900.0,362872.0
2025-06-20,Điện tử,Cần Thơ,Cửa hàng,2,2,2957100.0,2256984.0
2025-06-20,Điện tử,Cần Thơ,Online,2,2,7022000.0,5082380.0
2025-06-20,Điện tử,Hà Nội,Cửa hàng,1,1,3211950.0,2688614.0
2025-06-20,Điện tử,Hà Nội,Online,5,5,5089850.0,3563469.0
2025-06-20,Điện tử,Hải Phòng,Cửa hàng,3,3,3096250.0,2279559.0
2025-06-20,Điện tử,Hải Phòng,Online,1,1,1006000.0,725347.0
2025-06-20,Điện tử,TP HCM,Cửa hàng,8,8,16253250.0,10941842.0
2025-06-20,Điện tử,TP HCM,Online,6,6,9475950.0,6971974.0
2025-06-20,Điện tử,Đà Nẵng,Cửa hàng,3,3,3124600.0,2519884.0
2025-06-20,Điện tử,Đà Nẵng,Online,6,6,9613900.0,7182399.0
2025-06-21,Gia dụng,Cần Thơ,Online,1,1,771400.0,628225.0
2025-06-21,Gia dụng,Hà Nội,Cửa hàng,6,6,9136850.0,6946786.0
2025-06-21,Gia dụng,Hà Nội,Online,3,3,2440000.0,1775696.0
2025-06-21,Gia dụng,Hải Phòng,Cửa hàng,2,2,2514000.0,1977916.0
2025-06-21,Gia dụng,Hải Phòng,Online,5,5,6899200.0,5011093.0
2025-06-21,Gia dụng,TP HCM,Cửa hàng,7,7,7847100.0,5745765.0
2025-06-21,Gia dụng,TP HCM,Online,5,5,18882941.0,12959984.0
2025-06-21,Gia dụng,Đà Nẵng,Cửa hàng,2,2,2137350.0,1447889.0
2025-06-21,Gia dụng,Đà Nẵng,Online,1,1,1616400.0,1075043.0
2025-06-21,Mỹ phẩm,Hà Nội,Cửa hàng,4,4,3305450.0,2422719.0
2025-06-21,Mỹ phẩm,Hà Nội,Online,2,2,933350.0,641200.0
2025-06-21,Mỹ phẩm,Hải Phòng,Cửa hàng,3,3,1662400.0,1166086.0
2025-06-21,Mỹ phẩm,TP HCM,Cửa hàng,3,3,5819600.0,4444759.0
2025-06-21,Mỹ phẩm,TP HCM,Online,1,1,484000.0,304102.0
2025-06-21,Mỹ phẩm,Đà Nẵng,Cửa hàng,1,1,1066000.0,670977.0
2025-06-21,Mỹ phẩm,Đà Nẵng,Online,1,1,433000.0,282140.0
2025-06-21,Sách,Cần Thơ,Cửa hàng,2,2,1026700.0,644866.0
2025-06-21,Sách,Cần Thơ,Online,2,2,385400.0,265180.0
2025-06-21,Sách,Hà Nội,Cửa hàng,1,1,158000.0,117212.0
2025-06-21,Sách,Hà Nội,Online,1,1,283100.0,201161.0
2025-06-21,Sách,Hải Phòng,Online,1,1,143000.0,98733.0
2025-06-21,Sách,TP HCM,Cửa hàng,4,4,1176000.0,886075.0
2025-06-21,Sách,TP HCM,Online,3,3,701100.0,574928.0
2025-06-21,Sách,Đà Nẵng,Cửa hàng,2,2,282950.0,214291.0
2025-06-21,Thời trang,Cần Thơ,Cửa hàng,5,5,3763950.0,2655679.0
2025-06-21,Thời trang,Cần Thơ,Online,1,1,657000.0,438172.0
2025-06-21,Thời trang,Hà Nội,Cửa hàng,8,8,6780900.0,4540829.0
2025-06-21,Thời trang,Hà Nội,Online,3,3,4233950.0,3345407.0
2025-06-21,Thời trang,Hải Phòng,Cửa hàng,3,3,6319000.0,4811987.0
2025-06-21,Thời trang,TP HCM,Cửa hàng,2,2,3950000.0,3068505.0
2025-06-21,Thời trang,TP HCM,Online,4,4,3987900.0,2966163.0
2025-06-21,Thời trang,Đà Nẵng,Cửa hàng,1,1,2612000.0,2001579.0
2025-06-21,Thực phẩm,Cần Thơ,Cửa hàng,4,4,1615550.0,1189238.0
2025-06-21,Thực phẩm,Cần Thơ,Online,5,5,1688400.0,1336081.0
2025-06-21,Thực phẩm,Hà Nội,Cửa hàng,9,9,3064850.0,2219079.0
2025-06-21,Thực phẩm,Hà Nội,Online,11,11,2891650.0,2044430.0
2025-06-21,Thực phẩm,Hải Phòng,Cửa hàng,3,3,1482400.0,1086925.0
2025-06-21,Thực phẩm,Hải Phòng,Online,3,3,1026700.0,758314.0
2025-06-21,Thực phẩm,TP HCM,Cửa hàng,15,15,7670713.0,5279756.0
2025-06-21,Thực phẩm,TP HCM,Online,9,9,2708100.0,1960241.0
2025-06-21,Thực phẩm,Đà Nẵng,Cửa hàng,3,3,861000.0,640595.0
2025-06-21,Thực phẩm,Đà Nẵng,Online,1,1,139500.0,100833.0
2025-06-21,Điện tử,Hà Nội,Cửa hàng,7,7,15437300.0,11547949.0
2025-06-21,Điện tử,Hà Nội,Online,3,3,7998800.0,6244309.0
2025-06-21,Điện tử,Hải Phòng,Cửa hàng,1,1,1180000.0,1002936.0
2025-06-21,Điện tử,Hải Phòng,Online,2,2,3193900.0,2540334.0
2025-06-21,Điện tử,TP HCM,Cửa hàng,5,5,13300800.0,8979318.0
2025-06-21,Điện tử,TP HCM,Online,6,6,9455800.0,7158580.0
2025-06-21,Điện tử,Đà Nẵng,Cửa hàng,1,1,1135800.0,822069.0
2025-06-21,Điện tử,Đà Nẵng,Online,1,1,1012700.0,677657.0
2025-06-22,Gia dụng,Cần Thơ,Online,1,1,1697400.0,1165543.0
2025-06-22,Gia dụng,Hà Nội,Cửa hàng,6,6,19992234.0,14649116.0
2025-06-22,Gia dụng,Hà Nội,Online,2,2,1656000.0,1253736.0
2025-06-22,Gia dụng,Hải Phòng,Cửa hàng,3,3,4085000.0,3074007.0
2025-06-22,Gia dụng,Hải Phòng,Online,2,2,1647000.0,1186265.0
2025-06-22,Gia dụng,TP HCM,Cửa hàng,5,5,14473885.0,10094035.0
2025-06-22,Gia dụng,TP HCM,Online,7,7,8161500.0,6226102.0
2025-06-22,Gia dụng,Đà Nẵng,Cửa hàng,1,1,1558800.0,937973.0
2025-06-22,Gia dụng,Đà Nẵng,Online,1,1,1696000.0,1269790.0
2025-06-22,Mỹ phẩm,Hà Nội,Cửa hàng,2,2,956000.0,715173.0
2025-06-22,Mỹ phẩm,Hà Nội,Online,4,4,3837850.0,2618065.0
2025-06-22,Mỹ phẩm,Hải Phòng,Cửa hàng,3,3,2298500.0,1769847.0
2025-06-22,Mỹ phẩm,Hải Phòng,Online,1,1,397800.0,297441.0
2025-06-22,Mỹ phẩm,TP HCM,Cửa hàng,1,1,1202700.0,971588.0
2025-06-22,Mỹ phẩm,TP HCM,Online,4,4,4361200.0,3344090.0
2025-06-22,Mỹ phẩm,Đà Nẵng,Cửa hàng,2,2,1218400.0,835312.0
2025-06-22,Mỹ phẩm,Đà Nẵng,Online,1,1,807500.0,650913.0
2025-06-22,Sách,Cần Thơ,Cửa hàng,3,3,421100.0,285326.0
2025-06-22,Sách,Cần Thơ,Online,1,1,770000.0,640945.0
2025-06-22,Sách,Hà Nội,Cửa hàng,2,2,584800.0,429794.0
2025-06-22,Sách,Hà Nội,Online,5,5,1299600.0,954212.0
2025-06-22,Sách,Hải Phòng,Cửa hàng,1,1,161000.0,116629.0
2025-06-22,Sách,Hải Phòng,Online,1,1,150300.0,123327.0
2025-06-22,Sách,TP HCM,Cửa hàng,5,5,1378400.0,1010845.0
2025-06-22,Sách,TP HCM,Online,4,4,1064000.0,706883.0
2025-06-22,Sách,Đà Nẵng,Cửa hàng,1,1,755000.0,573180.0
2025-06-22,Sách,Đà Nẵng,Online,3,3,417000.0,309006.0
2025-06-22,Thời trang,Cần Thơ,Cửa hàng,2,2,1426900.0,909237.0
2025-06-22,Thời trang,Cần Thơ,Online,1,1,670500.0,439698.0
2025-06-22,Thời trang,Hà Nội,Cửa hàng,2,2,3776700.0,2665564.0
2025-06-22,Thời trang,Hà Nội,Online,3,3,7151000.0,4952690.0
2025-06-22,Thời trang,Hải Phòng,Cửa hàng,5,5,7511850.0,5118674.0
2025-06-22,Thời trang,Hải Phòng,Online,3,3,4027750.0,2708081.0
2025-06-22,Thời trang,TP HCM,Cửa hàng,3,3,2168400.0,1570020.0
2025-06-22,Thời trang,TP HCM,Online,3,3,4427100.0,2903129.0
2025-06-22,Thời trang,Đà Nẵng,Cửa hàng,3,3,3561700.0,2610878.0
2025-06-22,Thời trang,Đà Nẵng,Online,1,1,1328000.0,835450.0
2025-06-22,Thực phẩm,Cần Thơ,Cửa hàng,2,2,1086200.0,756886.0
2025-06-22,Thực phẩm,Cần Thơ,Online,1,1,146300.0,114752.0
2025-06-22,Thực phẩm,Hà Nội,Cửa hàng,2,2,1186000.0,800206.0
2025-06-22,Thực phẩm,Hà Nội,Online,8,8,2089300.0,1551829.0
2025-06-22,Thực phẩm,Hải Phòng,Cửa hàng,4,4,814500.0,611589.0
2025-06-22,Thực phẩm,Hải Phòng,Online,4,4,1336200.0,950783.0
2025-06-22,Thực phẩm,TP HCM,Cửa hàng,20,20,4784150.0,3677732.0
2025-06-22,Thực phẩm,TP HCM,Online,8,8,5020809.0,3491215.0
2025-06-22,Thực phẩm,Đà Nẵng,Cửa hàng,3,3,1046900.0,821273.0
2025-06-22,Thực phẩm,Đà Nẵng,Online,3,3,903000.0,701358.0
2025-06-22,Điện tử,Cần Thơ,Cửa hàng,5,5,11064250.0,8575251.0
2025-06-22,Điện tử,Cần Thơ,Online,5,5,10210500.0,7176504.0
2025-06-22,Điện tử,Hà Nội,Cửa hàng,1,1,3756000.0,3081813.0
2025-06-22,Điện tử,Hà Nội,Online,5,5,11248000.0,8164049.0
2025-06-22,Điện tử,Hải Phòng,Cửa hàng,1,1,3254700.0,2609462.0
2025-06-22,Điện tử,Hải Phòng,Online,2,2,1935600.0,1485094.0
2025-06-22,Điện tử,TP HCM,Cửa hàng,7,7,11864350.0,8442268.0
2025-06-22,Điện tử,TP HCM,Online,7,7,9003700.0,6620889.0
2025-06-22,Điện tử,Đà Nẵng,Cửa hàng,4,4,5566200.0,3522405.0
2025-06-23,Gia dụng,Cần Thơ,Cửa hàng,2,2,1599350.0,1093770.0
2025-06-23,Gia dụng,Cần Thơ,Online,2,2,2554900.0,1705251.0
2025-06-23,Gia dụng,Hà Nội,Cửa hàng,4,4,5857850.0,4498494.0
2025-06-23,Gia dụng,Hà Nội,Online,6,6,27786955.0,19934556.0
2025-06-23,Gia dụng,Hải Phòng,Cửa hàng,3,3,4259000.0,3304274.0
2025-06-23,Gia dụng,Hải Phòng,Online,1,1,878000.0,559778.0
2025-06-23,Gia dụng,TP HCM,Cửa hàng,3,3,5163050.0,3510026.0
2025-06-23,Gia dụng,TP HCM,Online,2,2,1748200.0,1230569.0
2025-06-23,Gia dụng,Đà Nẵng,Online,3,3,4480700.0,3136624.0
2025-06-23,Mỹ phẩm,Cần Thơ,Cửa hàng,2,2,878750.0,679057.0
2025-06-23,Mỹ phẩm,Cần Thơ,Online,1,1,546000.0,394346.0
2025-06-23,Mỹ phẩm,Hà Nội,Cửa hàng,3,3,1894900.0,1472045.0
2025-06-23,Mỹ phẩm,Hà Nội,Online,2,2,10371376.0,7288109.0
2025-06-23,Mỹ phẩm,TP HCM,Cửa hàng,1,1,1024000.0,802441.0
2025-06-23,Mỹ phẩm,TP HCM,Online,1,1,948000.0,649763.0
2025-06-23,Mỹ phẩm,Đà Nẵng,Cửa hàng,1,1,526000.0,340915.0
2025-06-23,Mỹ phẩm,Đà Nẵng,Online,2,2,961000.0,677849.0
2025-06-23,Sách,Cần Thơ,Cửa hàng,1,1,160550.0,119169.0
2025-06-23,Sách,Hà Nội,Cửa hàng,5,5,1062150.0,757123.0
2025-06-23,Sách,Hà Nội,Online,2,2,674000.0,511481.0
2025-06-23,Sách,Hải Phòng,Online,2,2,286050.0,192137.0
2025-06-23,Sách,TP HCM,Cửa hàng,3,3,3163134.0,2226377.0
2025-06-23,Sách,TP HCM,Online,4,4,1829000.0,1378024.0
2025-06-23,Sách,Đà Nẵng,Cửa hàng,4,4,1491350.0,1109267.0
2025-06-23,Sách,Đà Nẵng,Online,3,3,530300.0,404934.0
2025-06-23,Thời trang,Cần Thơ,Cửa hàng,1,1,1426000.0,1011452.0
2025-06-23,Thời trang,Hà Nội,Cửa hàng,6,6,5077500.0,3568302.0
2025-06-23,Thời trang,Hà Nội,Online,3,3,2860000.0,2320024.0
2025-06-23,Thời trang,Hải Phòng,Cửa hàng,1,1,622250.0,452799.0
2025-06-23,Thời trang,Hải Phòng,Online,2,2,2894900.0,1999604.0
2025-06-23,Thời trang,TP HCM,Cửa hàng,1,1,1644000.0,1340150.0
2025-06-23,Thời trang,TP HCM,Online,4,4,2714750.0,1969628.0
2025-06-23,Thời trang,Đà Nẵng,Cửa hàng,4,4,5510500.0,3726607.0
2025-06-23,Thời trang,Đà Nẵng,Online,1,1,1502000.0,1085996.0
2025-06-23,Thực phẩm,Cần Thơ,Cửa hàng,1,1,138600.0,86501.0
2025-06-23,Thực phẩm,Cần Thơ,Online,2,2,857250.0,644393.0
2025-06-23,Thực phẩm,Hà Nội,Cửa hàng,12,12,3740300.0,2791034.0
2025-06-23,Thực phẩm,Hà Nội,Online,8,8,3586650.0,2675747.0
2025-06-23,Thực phẩm,Hải Phòng,Cửa hàng,4,4,918000.0,696213.0
2025-06-23,Thực phẩm,Hải Phòng,Online,4,4,1147600.0,826933.0
2025-06-23,Thực phẩm,TP HCM,Cửa hàng,12,12,3535700.0,2526547.0
2025-06-23,Thực phẩm,TP HCM,Online,11,11,4935700.0,3384354.0
2025-06-23,Thực phẩm,Đà Nẵng,Cửa hàng,4,4,1330000.0,940564.0
2025-06-23,Thực phẩm,Đà Nẵng,Online,5,5,1743650.0,1263576.0
2025-06-23,Điện tử,Cần Thơ,Cửa hàng,1,1,1217000.0,840110.0
2025-06-23,Điện tử,Cần Thơ,Online,3,3,9826200.0,7209357.0
2025-06-23,Điện tử,Hà Nội,Cửa hàng,6,6,12572100.0,9709360.0
2025-06-23,Điện tử,Hà Nội,Online,1,1,2222000.0,1789301.0
2025-06-23,Điện tử,Hải Phòng,Cửa hàng,5,5,8543150.0,5407342.0
2025-06-23,Điện tử,TP HCM,Cửa hàng,6,6,12063050.0,8928545.0
2025-06-23,Điện tử,TP HCM,Online,7,7,10667850.0,7794152.0
2025-06-23,Điện tử,Đà Nẵng,Cửa hàng,2,2,3375000.0,2362447.0
2025-06-23,Điện tử,Đà Nẵng,Online,2,2,7327700.0,5303639.0
2025-06-24,Gia dụng,Cần Thơ,Online,2,2,1698700.0,1149458.0
2025-06-24,Gia dụng,Hà Nội,Cửa hàng,6,6,5742200.0,4111216.0
2025-06-24,Gia dụng,Hà Nội,Online,4,4,7700300.0,5194126.0
2025-06-24,Gia dụng,Hải Phòng,Cửa hàng,2,2,3314000.0,2331707.0
2025-06-24,Gia dụng,Hải Phòng,Online,1,1,817000.0,641988.0
2025-06-24,Gia dụng,TP HCM,Cửa hàng,3,3,4858350.0,3528454.0
2025-06-24,Gia dụng,TP HCM,Online,6,6,9113300.0,6527365.0
2025-06-24,Gia dụng,Đà Nẵng,Cửa hàng,1,1,3732000.0,3150347.0
2025-06-24,Gia dụng,Đà Nẵng,Online,4,4,8005000.0,5498965.0
2025-06-24,Mỹ phẩm,Cần Thơ,Online,1,1,524000.0,400416.0
2025-06-24,Mỹ phẩm,Hà Nội,Cửa hàng,5,5,3290800.0,2470669.0
2025-06-24,Mỹ phẩm,Hà Nội,Online,1,1,1593000.0,1150538.0
2025-06-24,Mỹ phẩm,Hải Phòng,Cửa hàng,1,1,396100.0,314012.0
2025-06-24,Mỹ phẩm,TP HCM,Cửa hàng,2,2,899000.0,601787.0
2025-06-24,Mỹ phẩm,TP HCM,Online,2,2,932100.0,663665.0
2025-06-24,Mỹ phẩm,Đà Nẵng,Online,1,1,830000.0,588669.0
2025-06-24,Sách,Cần Thơ,Cửa hàng,2,2,671500.0,520958.0
2025-06-24,Sách,Cần Thơ,Online,4,4,1073000.0,754952.0
2025-06-24,Sách,Hà Nội,Cửa hàng,2,2,1692990.0,1233887.0
2025-06-24,Sách,Hà Nội,Online,3,3,586150.0,456620.0
2025-06-24,Sách,TP HCM,Cửa hàng,5,5,1130050.0,812934.0
2025-06-24,Sách,TP HCM,Online,6,6,1712550.0,1314318.0
2025-06-24,Sách,Đà Nẵng,Cửa hàng,3,3,800000.0,606318.0
2025-06-24,Thời trang,Cần Thơ,Cửa hàng,1,1,649000.0,435065.0
2025-06-24,Thời trang,Cần Thơ,Online,1,1,685100.0,541882.0
2025-06-24,Thời trang,Hà Nội,Cửa hàng,2,2,2316000.0,1665020.0
2025-06-24,Thời trang,Hà Nội,Online,2,2,1373000.0,857707.0
2025-06-24,Thời trang,Hải Phòng,Cửa hàng,4,4,5272550.0,4115135.0
2025-06-24,Thời trang,Hải Phòng,Online,3,3,4342700.0,3112838.0
2025-06-24,Thời trang,TP HCM,Cửa hàng,3,3,2376000.0,1652942.0
2025-06-24,Thời trang,TP HCM,Online,3,3,5425000.0,3929934.0
2025-06-24,Thời trang,Đà Nẵng,Cửa hàng,2,2,1887600.0,1435438.0
2025-06-24,Thời trang,Đà Nẵng,Online,2,2,3583400.0,2350030.0
2025-06-24,Thực phẩm,Cần Thơ,Cửa hàng,1,1,184000.0,142701.0
2025-06-24,Thực phẩm,Cần Thơ,Online,5,5,1907050.0,1381926.0
2025-06-24,Thực phẩm,Hà Nội,Cửa hàng,5,5,858650.0,616096.0
2025-06-24,Thực phẩm,Hà Nội,Online,5,5,1815350.0,1337749.0
2025-06-24,Thực phẩm,Hải Phòng,Cửa hàng,5,5,1583600.0,1186202.0
2025-06-24,Thực phẩm,Hải Phòng,Online,3,3,766000.0,513807.0
2025-06-24,Thực phẩm,TP HCM,Cửa hàng,8,8,2290000.0,1638280.0
2025-06-24,Thực phẩm,TP HCM,Online,11,11,2303450.0,1685165.0
2025-06-24,Thực phẩm,Đà Nẵng,Cửa hàng,5,5,1372250.0,1046699.0
2025-06-24,Điện tử,Cần Thơ,Cửa hàng,4,4,8021400.0,5895275.0
2025-06-24,Điện tử,Hà Nội,Cửa hàng,6,6,7012850.0,5274971.0
2025-06-24,Điện tử,Hà Nội,Online,7,7,12786850.0,8667239.0
2025-06-24,Điện tử,Hải Phòng,Online,4,4,6138100.0,4253976.0
2025-06-24,Điện tử,TP HCM,Cửa hàng,7,7,14739100.0,10196478.0
2025-06-24,Điện tử,TP HCM,Online,5,5,7523000.0,5849407.0
2025-06-24,Điện tử,Đà Nẵng,Cửa hàng,2,2,3943600.0,2896820.0
2025-06-24,Điện tử,Đà Nẵng,Online,2,2,3729700.0,2816362.0
2025-06-25,Gia dụng,Cần Thơ,Cửa hàng,3,3,4334100.0,2725214.0
2025-06-25,Gia dụng,Cần Thơ,Online,1,1,2602050.0,1679233.0
2025-06-25,Gia dụng,Hà Nội,Cửa hàng,5,5,19664190.0,13886871.0
2025-06-25,Gia dụng,Hà Nội,Online,3,3,3557100.0,2692665.0
2025-06-25,Gia dụng,Hải Phòng,Cửa hàng,5,5,4522800.0,3250200.0
2025-06-25,Gia dụng,Hải Phòng,Online,2,2,3145700.0,2298118.0
2025-06-25,Gia dụng,TP HCM,Cửa hàng,9,9,19666300.0,13788506.0
2025-06-25,Gia dụng,TP HCM,Online,5,5,6154900.0,4525157.0
2025-06-25,Gia dụng,Đà Nẵng,Cửa hàng,3,3,2978600.0,2170183.0
2025-06-25,Gia dụng,Đà Nẵng,Online,2,2,2218100.0,1418921.0
2025-06-25,Mỹ phẩm,Hà Nội,Cửa hàng,3,3,2307800.0,1722260.0
2025-06-25,Mỹ phẩm,Hải Phòng,Cửa hàng,2,2,1039200.0,786098.0
2025-06-25,Mỹ phẩm,Hải Phòng,Online,2,2,2522000.0,1878205.0
2025-06-25,Mỹ phẩm,TP HCM,Cửa hàng,4,4,3946300.0,2824112.0
2025-06-25,Mỹ phẩm,TP HCM,Online,2,2,6436439.0,4560222.0
2025-06-25,Mỹ phẩm,Đà Nẵng,Cửa hàng,1,1,394200.0,242813.0
2025-06-25,Sách,Cần Thơ,Online,1,1,672000.0,486798.0
2025-06-25,Sách,Hà Nội,Cửa hàng,3,3,560850.0,369077.0
2025-06-25,Sách,Hà Nội,Online,3,3,422600.0,324663.0
2025-06-25,Sách,Hải Phòng,Cửa hàng,1,1,159000.0,108219.0
2025-06-25,Sách,TP HCM,Cửa hàng,2,2,428400.0,317534.0
2025-06-25,Sách,TP HCM,Online,2,2,1124600.0,811348.0
2025-06-25,Sách,Đà Nẵng,Cửa hàng,1,1,540000.0,353027.0
2025-06-25,Sách,Đà Nẵng,Online,3,3,780600.0,539985.0
2025-06-25,Thời trang,Cần Thơ,Cửa hàng,1,1,1580000.0,955208.0
2025-06-25,Thời trang,Cần Thơ,Online,1,1,804000.0,620124.0
2025-06-25,Thời trang,Hà Nội,Cửa hàng,6,6,6438850.0,4614110.0
2025-06-25,Thời trang,Hà Nội,Online,4,4,2755400.0,1826733.0
2025-06-25,Thời trang,TP HCM,Cửa hàng,2,2,3204000.0,2146078.0
2025-06-25,Thời trang,TP HCM,Online,6,6,4897000.0,3821334.0
2025-06-25,Thời trang,Đà Nẵng,Online,4,4,4507000.0,3204476.0
2025-06-25,Thực phẩm,Cần Thơ,Cửa hàng,10,10,3592050.0,2565300.0
2025-06-25,Thực phẩm,Cần Thơ,Online,2,2,301250.0,213408.0
2025-06-25,Thực phẩm,Hà Nội,Cửa hàng,12,11,3282450.0,2414560.0
2025-06-25,Thực phẩm,Hà Nội,Online,8,8,3338750.0,2393175.0
2025-06-25,Thực phẩm,Hải Phòng,Online,4,4,974750.0,658509.0
2025-06-25,Thực phẩm,TP HCM,Cửa hàng,14,14,3796650.0,2811172.0
2025-06-25,Thực phẩm,TP HCM,Online,9,8,3438700.0,2555748.0
2025-06-25,Thực phẩm,Đà Nẵng,Cửa hàng,1,1,139400.0,100761.0
2025-06-25,Thực phẩm,Đà Nẵng,Online,2,2,1070000.0,763306.0
2025-06-25,Điện tử,Cần Thơ,Cửa hàng,2,2,4218600.0,2882443.0
2025-06-25,Điện tử,Cần Thơ,Online,2,2,2762000.0,1814499.0
2025-06-25,Điện tử,Hà Nội,Cửa hàng,3,3,4181450.0,2904323.0
2025-06-25,Điện tử,Hà Nội,Online,6,6,26698171.0,19845047.0
2025-06-25,Điện tử,Hải Phòng,Online,4,4,6822900.0,5117592.0
2025-06-25,Điện tử,TP HCM,Cửa hàng,6,6,6854550.0,4809537.0
2025-06-25,Điện tử,TP HCM,Online,6,6,21673678.0,15240425.0
2025-06-25,Điện tử,Đà Nẵng,Cửa hàng,1,1,1074000.0,749710.0
2025-06-25,Điện tử,Đà Nẵng,Online,1,1,898700.0,540178.0
2025-06-26,Gia dụng,Cần Thơ,Cửa hàng,1,1,933000.0,779416.0
2025-06-26,Gia dụng,Hà Nội,Cửa hàng,5,5,5989500.0,4246650.0
2025-06-26,Gia dụng,Hà Nội,Online,4,4,3445700.0,2461008.0
2025-06-26,Gia dụng,Hải Phòng,Cửa hàng,2,2,3538800.0,2882327.0
2025-06-26,Gia dụng,Hải Phòng,Online,3,3,5862900.0,4553210.0
2025-06-26,Gia dụng,TP HCM,Cửa hàng,3,3,4051150.0,2877896.0
2025-06-26,Gia dụng,TP HCM,Online,5,5,6451700.0,4839939.0
2025-06-26,Gia dụng,Đà Nẵng,Cửa hàng,1,1,715350.0,509115.0
2025-06-26,Gia dụng,Đà Nẵng,Online,2,2,2491000.0,1839387.0
2025-06-26,Mỹ phẩm,Cần Thơ,Cửa hàng,2,2,744000.0,564244.0
2025-06-26,Mỹ phẩm,Cần Thơ,Online,2,2,930000.0,678257.0
2025-06-26,Mỹ phẩm,Hà Nội,Cửa hàng,2,2,941100.0,655996.0
2025-06-26,Mỹ phẩm,Hà Nội,Online,2,2,1019000.0,829438.0
2025-06-26,Mỹ phẩm,TP HCM,Cửa hàng,5,5,3553000.0,2482603.0
2025-06-26,Mỹ phẩm,TP HCM,Online,4,4,3634100.0,2714867.0
2025-06-26,Sách,Cần Thơ,Cửa hàng,1,1,320000.0,262438.0
2025-06-26,Sách,Cần Thơ,Online,1,1,161000.0,116239.0
2025-06-26,Sách,Hà Nội,Cửa hàng,4,4,1058700.0,758080.0
2025-06-26,Sách,Hà Nội,Online,5,5,1289000.0,1011727.0
2025-06-26,Sách,Hải Phòng,Cửa hàng,1,1,324000.0,219233.0
2025-06-26,Sách,Hải Phòng,Online,4,4,793600.0,532978.0
2025-06-26,Sách,TP HCM,Cửa hàng,4,4,2343743.0,1678401.0
2025-06-26,Sách,TP HCM,Online,7,7,1423750.0,1024304.0
2025-06-26,Sách,Đà Nẵng,Cửa hàng,4,4,1136300.0,796571.0
2025-06-26,Sách,Đà Nẵng,Online,4,4,1063000.0,852789.0
2025-06-26,Thời trang,Cần Thơ,Cửa hàng,1,1,1977000.0,1464699.0
2025-06-26,Thời trang,Cần Thơ,Online,1,1,3215000.0,2376670.0
2025-06-26,Thời trang,Hà Nội,Cửa hàng,3,3,5125000.0,3716892.0
2025-06-26,Thời trang,Hà Nội,Online,4,4,4528350.0,3476073.0
2025-06-26,Thời trang,Hải Phòng,Cửa hàng,4,4,7756000.0,5494292.0
2025-06-26,Thời trang,TP HCM,Cửa hàng,5,5,11526000.0,9167613.0
2025-06-26,Thời trang,TP HCM,Online,3,3,3768600.0,2641529.0
2025-06-26,Thời trang,Đà Nẵng,Online,1,1,1452600.0,1110856.0
2025-06-26,Thực phẩm,Cần Thơ,Cửa hàng,2,2,730050.0,466703.0
2025-06-26,Thực phẩm,Cần Thơ,Online,3,3,909600.0,689202.0
2025-06-26,Thực phẩm,Hà Nội,Cửa hàng,13,13,5450400.0,3849288.0
2025-06-26,Thực phẩm,Hà Nội,Online,5,5,1145900.0,833149.0
2025-06-26,Thực phẩm,Hải Phòng,Cửa hàng,6,6,1562100.0,1230360.0
2025-06-26,Thực phẩm,Hải Phòng,Online,2,2,343000.0,256921.0
2025-06-26,Thực phẩm,TP HCM,Cửa hàng,6,6,1436850.0,1012946.0
2025-06-26,Thực phẩm,TP HCM,Online,7,7,2735900.0,2011239.0
2025-06-26,Thực phẩm,Đà Nẵng,Cửa hàng,3,3,773450.0,536003.0
2025-06-26,Thực phẩm,Đà Nẵng,Online,2,2,1053000.0,690733.0
2025-06-26,Điện tử,Cần Thơ,Cửa hàng,2,2,2038000.0,1302865.0
2025-06-26,Điện tử,Cần Thơ,Online,2,2,3317000.0,2157984.0
2025-06-26,Điện tử,Hà Nội,Cửa hàng,3,3,3263200.0,2473902.0
2025-06-26,Điện tử,Hà Nội,Online,5,5,10954800.0,7373761.0
2025-06-26,Điện tử,Hải Phòng,Cửa hàng,2,2,5891000.0,4185588.0
2025-06-26,Điện tử,TP HCM,Cửa hàng,4,4,5609700.0,4260890.0
2025-06-26,Điện tử,TP HCM,Online,3,3,4749000.0,3380213.0
2025-06-26,Điện tử,Đà Nẵng,Cửa hàng,4,4,24245416.0,17129741.0
2025-06-26,Điện tử,Đà Nẵng,Online,3,3,10017000.0,7453756.0
2025-06-27,Gia dụng,Cần Thơ,Cửa hàng,4,4,3946350.0,3088713.0
2025-06-27,Gia dụng,Cần Thơ,Online,1,1,826200.0,595844.0
2025-06-27,Gia dụng,Hà Nội,Cửa hàng,3,3,3292050.0,2481502.0
2025-06-27,Gia dụng,Hà Nội,Online,3,3,2727500.0,1967982.0
2025-06-27,Gia dụng,Hải Phòng,Cửa hàng,3,3,6640000.0,5063914.0
2025-06-27,Gia dụng,Hải Phòng,Online,4,4,8030000.0,5946506.0
2025-06-27,Gia dụng,TP HCM,Cửa hàng,5,5,4303000.0,3372622.0
2025-06-27,Gia dụng,TP HCM,Online,7,7,7545900.0,5652847.0
2025-06-27,Gia dụng,Đà Nẵng,Cửa hàng,1,1,851200.0,511839.0
2025-06-27,Gia dụng,Đà Nẵng,Online,2,2,5942000.0,4847882.0
2025-06-27,Mỹ phẩm,Cần Thơ,Cửa hàng,2,2,1020000.0,746565.0
2025-06-27,Mỹ phẩm,Hà Nội,Cửa hàng,4,4,2789850.0,1992938.0
2025-06-27,Mỹ phẩm,Hà Nội,Online,3,3,1935050.0,1295657.0
2025-06-27,Mỹ phẩm,Hải Phòng,Online,1,1,524000.0,397012.0
2025-06-27,Mỹ phẩm,TP HCM,Cửa hàng,5,5,3564600.0,2612206.0
2025-06-27,Mỹ phẩm,TP HCM,Online,7,7,4961450.0,3536624.0
2025-06-27,Mỹ phẩm,Đà Nẵng,Cửa hàng,1,1,503000.0,309972.0
2025-06-27,Mỹ phẩm,Đà Nẵng,Online,2,2,976200.0,739371.0
2025-06-27,Sách,Cần Thơ,Cửa hàng,1,1,166000.0,102737.0
2025-06-27,Sách,Cần Thơ,Online,1,1,298000.0,209909.0
2025-06-27,Sách,Hà Nội,Cửa hàng,2,2,540600.0,388455.0
2025-06-27,Sách,Hà Nội,Online,5,5,705500.0,476678.0
2025-06-27,Sách,Hải Phòng,Cửa hàng,1,1,121550.0,73426.0
2025-06-27,Sách,Hải Phòng,Online,1,1,141550.0,94786.0
2025-06-27,Sách,TP HCM,Cửa hàng,3,3,410100.0,314233.0
2025-06-27,Sách,TP HCM,Online,3,3,657150.0,462415.0
2025-06-27,Sách,Đà Nẵng,Cửa hàng,1,1,131000.0,104325.0
2025-06-27,Sách,Đà Nẵng,Online,1,1,138600.0,108728.0
2025-06-27,Thời trang,Cần Thơ,Cửa hàng,1,1,759000.0,500234.0
2025-06-27,Thời trang,Cần Thơ,Online,1,1,649000.0,469249.0
2025-06-27,Thời trang,Hà Nội,Cửa hàng,5,5,3885700.0,2747593.0
2025-06-27,Thời trang,Hà Nội,Online,1,1,1098200.0,707829.0
2025-06-27,Thời trang,Hải Phòng,Online,1,1,1332000.0,803832.0
2025-06-27,Thời trang,TP HCM,Cửa hàng,6,6,5375000.0,4057339.0
2025-06-27,Thời trang,TP HCM,Online,3,3,2865000.0,1903298.0
2025-06-27,Thời trang,Đà Nẵng,Online,3,3,3897700.0,2748141.0
2025-06-27,Thực phẩm,Cần Thơ,Cửa hàng,1,1,297500.0,251304.0
2025-06-27,Thực phẩm,Cần Thơ,Online,3,3,712700.0,524464.0
2025-06-27,Thực phẩm,Hà Nội,Cửa hàng,10,10,2524100.0,1752590.0
2025-06-27,Thực phẩm,Hà Nội,Online,11,11,2505100.0,1830239.0
2025-06-27,Thực phẩm,Hải Phòng,Cửa hàng,4,4,745900.0,525828.0
2025-06-27,Thực phẩm,Hải Phòng,Online,5,5,1857150.0,1326264.0
2025-06-27,Thực phẩm,TP HCM,Cửa hàng,9,9,5840960.0,4190862.0
2025-06-27,Thực phẩm,TP HCM,Online,7,7,1958000.0,1427372.0
2025-06-27,Thực phẩm,Đà Nẵng,Cửa hàng,3,3,864100.0,594762.0
2025-06-27,Thực phẩm,Đà Nẵng,Online,2,2,520450.0,379931.0
2025-06-27,Điện tử,Cần Thơ,Online,2,2,6774000.0,5036137.0
2025-06-27,Điện tử,Hà Nội,Cửa hàng,6,6,12031300.0,9010147.0
2025-06-27,Điện tử,Hà Nội,Online,5,5,7545250.0,5222638.0
2025-06-27,Điện tử,Hải Phòng,Cửa hàng,4,4,6636050.0,4930154.0
2025-06-27,Điện tử,Hải Phòng,Online,1,1,1954000.0,1633566.0
2025-06-27,Điện tử,TP HCM,Cửa hàng,6,6,8311500.0,6331909.0
2025-06-27,Điện tử,TP HCM,Online,5,5,12694800.0,9227676.0
2025-06-27,Điện tử,Đà Nẵng,Cửa hàng,2,2,4264000.0,3336385.0
2025-06-27,Điện tử,Đà Nẵng,Online,6,6,10077700.0,7315540.0
2025-06-28,Gia dụng,Cần Thơ,Cửa hàng,4,4,5989850.0,4753091.0
2025-06-28,Gia dụng,Cần Thơ,Online,2,2,4075800.0,3153161.0
2025-06-28,Gia dụng,Hà Nội,Cửa hàng,5,5,8344050.0,5979008.0
2025-06-28,Gia dụng,Hà Nội,Online,4,4,3376050.0,2477035.0
2025-06-28,Gia dụng,Hải Phòng,Cửa hàng,2,2,4925400.0,4051318.0
2025-06-28,Gia dụng,Hải Phòng,Online,2,2,3588900.0,2702460.0
2025-06-28,Gia dụng,TP HCM,Cửa hàng,8,8,10166900.0,7548532.0
2025-06-28,Gia dụng,TP HCM,Online,7,7,9749100.0,7176650.0
2025-06-28,Gia dụng,Đà Nẵng,Online,2,2,1673000.0,1206544.0
2025-06-28,Mỹ phẩm,Hà Nội,Cửa hàng,3,3,2420600.0,1794688.0
2025-06-28,Mỹ phẩm,Hà Nội,Online,3,3,1898800.0,1359821.0
2025-06-28,Mỹ phẩm,Hải Phòng,Cửa hàng,1,1,846000.0,543637.0
2025-06-28,Mỹ phẩm,Hải Phòng,Online,1,1,435600.0,353588.0
2025-06-28,Mỹ phẩm,TP HCM,Cửa hàng,3,3,4796000.0,3465723.0
2025-06-28,Mỹ phẩm,TP HCM,Online,3,3,2272700.0,1809512.0
2025-06-28,Mỹ phẩm,Đà Nẵng,Cửa hàng,2,2,1276650.0,927548.0
2025-06-28,Sách,Cần Thơ,Cửa hàng,3,3,541900.0,421406.0
2025-06-28,Sách,Hà Nội,Cửa hàng,2,2,270900.0,195394.0
2025-06-28,Sách,Hà Nội,Online,1,1,171000.0,118600.0
2025-06-28,Sách,Hải Phòng,Cửa hàng,2,2,501000.0,371023.0
2025-06-28,Sách,Hải Phòng,Online,1,1,477000.0,345540.0
2025-06-28,Sách,TP HCM,Cửa hàng,3,3,639000.0,452698.0
2025-06-28,Sách,TP HCM,Online,3,3,769000.0,511323.0
2025-06-28,Sách,Đà Nẵng,Cửa hàng,1,1,148000.0,123424.0
2025-06-28,Sách,Đà Nẵng,Online,1,1,474000.0,307108.0
2025-06-28,Thời trang,Cần Thơ,Cửa hàng,1,1,2918400.0,1875842.0
2025-06-28,Thời trang,Cần Thơ,Online,3,3,4064000.0,2904801.0
2025-06-28,Thời trang,Hà Nội,Cửa hàng,5,5,9443750.0,6325368.0
2025-06-28,Thời trang,Hà Nội,Online,4,4,4164700.0,2946416.0
2025-06-28,Thời trang,Hải Phòng,Cửa hàng,3,3,4427300.0,3140580.0
2025-06-28,Thời trang,TP HCM,Cửa hàng,4,4,8258700.0,6457826.0
2025-06-28,Thời trang,TP HCM,Online,6,6,5767750.0,3954831.0
2025-06-28,Thời trang,Đà Nẵng,Online,2,2,2280000.0,1510873.0
2025-06-28,Thực phẩm,Cần Thơ,Cửa hàng,7,7,2537500.0,1828657.0
2025-06-28,Thực phẩm,Cần Thơ,Online,1,1,181000.0,111152.0
2025-06-28,Thực phẩm,Hà Nội,Cửa hàng,6,6,1171150.0,908916.0
2025-06-28,Thực phẩm,Hà Nội,Online,10,10,2574350.0,1872520.0
2025-06-28,Thực phẩm,Hải Phòng,Cửa hàng,5,5,2222400.0,1582562.0
2025-06-28,Thực phẩm,Hải Phòng,Online,4,4,1841200.0,1428641.0
2025-06-28,Thực phẩm,TP HCM,Cửa hàng,7,7,2286600.0,1627715.0
2025-06-28,Thực phẩm,TP HCM,Online,15,15,4381900.0,3192399.0
2025-06-28,Thực phẩm,Đà Nẵng,Cửa hàng,1,1,464100.0,294449.0
2025-06-28,Thực phẩm,Đà Nẵng,Online,4,4,849200.0,550396.0
2025-06-28,Điện tử,Cần Thơ,Cửa hàng,2,2,8313600.0,5439108.0
2025-06-28,Điện tử,Cần Thơ,Online,2,2,18371727.0,12709228.0
2025-06-28,Điện tử,Hà Nội,Cửa hàng,4,4,8537000.0,6642939.0
2025-06-28,Điện tử,Hà Nội,Online,3,3,9595200.0,7110296.0
2025-06-28,Điện tử,Hải Phòng,Cửa hàng,2,2,3183900.0,2251627.0
2025-06-28,Điện tử,Hải Phòng,Online,1,1,2152000.0,1351960.0
2025-06-28,Điện tử,TP HCM,Cửa hàng,4,4,7743000.0,5232126.0
2025-06-28,Điện tử,TP HCM,Online,2,2,2108950.0,1555811.0
2025-06-28,Điện tử,Đà Nẵng,Cửa hàng,2,2,4358000.0,2996846.0
2025-06-28,Điện tử,Đà Nẵng,Online,4,4,8640900.0,6504686.0
2025-06-29,Gia dụng,Cần Thơ,Online,2,2,2596800.0,1995784.0
2025-06-29,Gia dụng,Hà Nội,Cửa hàng,6,6,17811281.0,12510431.0
2025-06-29,Gia dụng,Hà Nội,Online,1,1,3072000.0,2156871.0
2025-06-29,Gia dụng,Hải Phòng,Cửa hàng,2,2,4006400.0,3139470.0
2025-06-29,Gia dụng,TP HCM,Cửa hàng,8,8,16953750.0,12248150.0
2025-06-29,Gia dụng,TP HCM,Online,8,8,8163400.0,5969327.0
2025-06-29,Gia dụng,Đà Nẵng,Cửa hàng,3,3,2712800.0,1885866.0
2025-06-29,Mỹ phẩm,Cần Thơ,Cửa hàng,3,3,3558750.0,2277329.0
2025-06-29,Mỹ phẩm,Hà Nội,Cửa hàng,2,2,1351850.0,1041180.0
2025-06-29,Mỹ phẩm,Hà Nội,Online,1,1,508000.0,377558.0
2025-06-29,Mỹ phẩm,Hải Phòng,Cửa hàng,1,1,483000.0,377968.0
2025-06-29,Mỹ phẩm,TP HCM,Cửa hàng,4,4,2471000.0,1870538.0
2025-06-29,Mỹ phẩm,TP HCM,Online,5,5,3270300.0,2509391.0
2025-06-29,Mỹ phẩm,Đà Nẵng,Cửa hàng,4,4,2197200.0,1584932.0
2025-06-29,Sách,Cần Thơ,Cửa hàng,3,3,474000.0,305367.0
2025-06-29,Sách,Cần Thơ,Online,2,2,767000.0,573929.0
2025-06-29,Sách,Hà Nội,Cửa hàng,7,7,1272800.0,982323.0
2025-06-29,Sách,Hà Nội,Online,2,2,737200.0,529441.0
2025-06-29,Sách,Hải Phòng,Cửa hàng,1,1,281200.0,192974.0
2025-06-29,Sách,TP HCM,Cửa hàng,7,7,1462900.0,1001093.0
2025-06-29,Sách,TP HCM,Online,6,6,1140100.0,827263.0
2025-06-29,Sách,Đà Nẵng,Cửa hàng,1,1,143100.0,109355.0
2025-06-29,Sách,Đà Nẵng,Online,2,2,317300.0,233029.0
2025-06-29,Thời trang,Cần Thơ,Cửa hàng,1,1,666400.0,531338.0
2025-06-29,Thời trang,Cần Thơ,Online,2,2,1467500.0,1012146.0
2025-06-29,Thời trang,Hà Nội,Cửa hàng,6,6,8794050.0,6444260.0
2025-06-29,Thời trang,Hà Nội,Online,5,5,7823900.0,5403551.0
2025-06-29,Thời trang,Hải Phòng,Cửa hàng,2,2,2750800.0,2167182.0
2025-06-29,Thời trang,Hải Phòng,Online,1,1,648000.0,494418.0
2025-06-29,Thời trang,TP HCM,Cửa hàng,4,4,5101000.0,3788555.0
2025-06-29,Thời trang,TP HCM,Online,5,5,7590250.0,5215735.0
2025-06-29,Thời trang,Đà Nẵng,Cửa hàng,2,2,3154800.0,2339211.0
2025-06-29,Thời trang,Đà Nẵng,Online,2,2,2142900.0,1668551.0
2025-06-29,Thực phẩm,Cần Thơ,Cửa hàng,3,3,947400.0,720790.0
2025-06-29,Thực phẩm,Hà Nội,Cửa hàng,7,7,2130650.0,1565378.0
2025-06-29,Thực phẩm,Hà Nội,Online,5,5,1524050.0,1033199.0
2025-06-29,Thực phẩm,Hải Phòng,Cửa hàng,5,5,1081300.0,779068.0
2025-06-29,Thực phẩm,Hải Phòng,Online,3,3,1221250.0,801576.0
2025-06-29,Thực phẩm,TP HCM,Cửa hàng,10,9,3616650.0,2683517.0
2025-06-29,Thực phẩm,TP HCM,Online,6,6,1681400.0,1196037.0
2025-06-29,Thực phẩm,Đà Nẵng,Cửa hàng,5,5,984100.0,727809.0
2025-06-29,Thực phẩm,Đà Nẵng,Online,1,1,173000.0,134179.0
2025-06-29,Điện tử,Cần Thơ,Cửa hàng,2,2,2876200.0,2127308.0
2025-06-29,Điện tử,Cần Thơ,Online,2,2,3454700.0,2614078.0
2025-06-29,Điện tử,Hà Nội,Cửa hàng,5,5,6242800.0,4435257.0
2025-06-29,Điện tử,Hà Nội,Online,6,6,10524350.0,7923077.0
2025-06-29,Điện tử,Hải Phòng,Cửa hàng,4,4,6152100.0,4106752.0
2025-06-29,Điện tử,TP HCM,Cửa hàng,3,3,3257450.0,2322431.0
2025-06-29,Điện tử,TP HCM,Online,9,9,13213600.0,9805026.0
2025-06-29,Điện tử,Đà Nẵng,Cửa hàng,5,5,6784900.0,5066065.0
2025-06-29,Điện tử,Đà Nẵng,Online,2,2,2336000.0,1901660.0
2025-06-30,Gia dụng,Cần Thơ,Cửa hàng,4,4,3312000.0,2415922.0
2025-06-30,Gia dụng,Cần Thơ,Online,1,1,834000.0,573905.0
2025-06-30,Gia dụng,Hà Nội,Cửa hàng,2,2,2684000.0,1966244.0
2025-06-30,Gia dụng,Hà Nội,Online,3,3,2407500.0,1671118.0
2025-06-30,Gia dụng,Hải Phòng,Online,1,1,8645465.0,6051825.0
2025-06-30,Gia dụng,TP HCM,Cửa hàng,7,7,9577800.0,6981164.0
2025-06-30,Gia dụng,TP HCM,Online,11,11,15076900.0,11283369.0
2025-06-30,Gia dụng,Đà Nẵng,Cửa hàng,4,4,4898200.0,3657357.0
2025-06-30,Mỹ phẩm,Cần Thơ,Cửa hàng,2,2,2119000.0,1589968.0
2025-06-30,Mỹ phẩm,Hà Nội,Cửa hàng,6,6,3679050.0,2644103.0
2025-06-30,Mỹ phẩm,Hà Nội,Online,5,5,4605650.0,3587001.0
2025-06-30,Mỹ phẩm,Hải Phòng,Online,2,2,874000.0,652748.0
2025-06-30,Mỹ phẩm,TP HCM,Cửa hàng,2,2,839500.0,540749.0
2025-06-30,Mỹ phẩm,TP HCM,Online,5,5,4318850.0,3238197.0
2025-06-30,Mỹ phẩm,Đà Nẵng,Cửa hàng,2,2,2575400.0,1848228.0
2025-06-30,Sách,Cần Thơ,Cửa hàng,2,2,391400.0,299449.0
2025-06-30,Sách,Hà Nội,Cửa hàng,3,3,614000.0,401721.0
2025-06-30,Sách,Hà Nội,Online,1,1,156000.0,131974.0
2025-06-30,Sách,Hải Phòng,Cửa hàng,2,2,548750.0,441339.0
2025-06-30,Sách,Hải Phòng,Online,1,1,167000.0,121939.0
2025-06-30,Sách,TP HCM,Cửa hàng,6,6,1898550.0,1353977.0
2025-06-30,Sách,TP HCM,Online,5,5,1438100.0,1057130.0
2025-06-30,Sách,Đà Nẵng,Cửa hàng,1,1,379050.0,299986.0
2025-06-30,Thời trang,Cần Thơ,Cửa hàng,3,3,5700400.0,3797610.0
2025-06-30,Thời trang,Hà Nội,Cửa hàng,7,7,7965300.0,5869145.0
2025-06-30,Thời trang,Hà Nội,Online,5,5,7171200.0,5172564.0
2025-06-30,Thời trang,Hải Phòng,Cửa hàng,2,2,2036600.0,1460080.0
2025-06-30,Thời trang,Hải Phòng,Online,1,1,846000.0,713405.0
2025-06-30,Thời trang,TP HCM,Cửa hàng,7,7,9389600.0,7217147.0
2025-06-30,Thời trang,TP HCM,Online,3,3,3191550.0,2253844.0
2025-06-30,Thời trang,Đà Nẵng,Cửa hàng,1,1,1464000.0,1088214.0
2025-06-30,Thực phẩm,Cần Thơ,Cửa hàng,5,5,1924100.0,1257733.0
2025-06-30,Thực phẩm,Cần Thơ,Online,1,1,148200.0,98449.0
2025-06-30,Thực phẩm,Hà Nội,Cửa hàng,12,12,3483850.0,2508399.0
2025-06-30,Thực phẩm,Hà Nội,Online,2,2,1667000.0,1124965.0
2025-06-30,Thực phẩm,Hải Phòng,Cửa hàng,4,4,1308800.0,916649.0
2025-06-30,Thực phẩm,Hải Phòng,Online,5,5,4699137.0,3309129.0
2025-06-30,Thực phẩm,TP HCM,Cửa hàng,9,9,3506250.0,2596401.0
2025-06-30,Thực phẩm,TP HCM,Online,12,12,6596911.0,4639361.0
2025-06-30,Thực phẩm,Đà Nẵng,Online,4,4,1331700.0,1009789.0
2025-06-30,Điện tử,Cần Thơ,Cửa hàng,1,1,944300.0,689982.0
2025-06-30,Điện tử,Cần Thơ,Online,3,3,7913000.0,5225340.0
2025-06-30,Điện tử,Hà Nội,Cửa hàng,4,4,11746000.0,8757431.0
2025-06-30,Điện tử,Hà Nội,Online,4,4,6434550.0,4187299.0
2025-06-30,Điện tử,Hải Phòng,Online,1,1,3153000.0,2126597.0
2025-06-30,Điện tử,TP HCM,Cửa hàng,5,5,5154150.0,3996951.0
2025-06-30,Điện tử,TP HCM,Online,4,4,11647950.0,8064212.0
2025-06-30,Điện tử,Đà Nẵng,Cửa hàng,3,3,6965950.0,5511442.0
2025-06-30,Điện tử,Đà Nẵng,Online,1,1,999000.0,614654.0
2025-07-01,Gia dụng,Cần Thơ,Cửa hàng,3,3,4293550.0,3468712.0
2025-07-01,Gia dụng,Cần Thơ,Online,1,1,849000.0,612287.0
2025-07-01,Gia dụng,Hà Nội,Cửa hàng,4,4,5049850.0,3838056.0
2025-07-01,Gia dụng,Hà Nội,Online,2,2,2484000.0,1972944.0
2025-07-01,Gia dụng,Hải Phòng,Cửa hàng,2,2,2512700.0,1796314.0
2025-07-01,Gia dụng,TP HCM,Cửa hàng,4,4,5114700.0,3620752.0
2025-07-01,Gia dụng,TP HCM,Online,6,6,14277000.0,10674797.0
2025-07-01,Gia dụng,Đà Nẵng,Cửa hàng,3,3,4090800.0,3146381.0
2025-07-01,Gia dụng,Đà Nẵng,Online,2,2,1647800.0,1184848.0
2025-07-01,Mỹ phẩm,Cần Thơ,Cửa hàng,1,1,1865800.0,1270383.0
2025-07-01,Mỹ phẩm,Cần Thơ,Online,1,1,529000.0,418775.0
2025-07-01,Mỹ phẩm,Hà Nội,Cửa hàng,5,5,5449600.0,4201678.0
2025-07-01,Mỹ phẩm,Hà Nội,Online,3,3,2590200.0,1955695.0
2025-07-01,Mỹ phẩm,Hải Phòng,Cửa hàng,1,1,698700.0,522819.0
2025-07-01,Mỹ phẩm,Hải Phòng,Online,6,6,10286068.0,7278011.0
2025-07-01,Mỹ phẩm,TP HCM,Cửa hàng,6,6,4400900.0,3167285.0
2025-07-01,Mỹ phẩm,TP HCM,Online,1,1,531000.0,383513.0
2025-07-01,Sách,Cần Thơ,Cửa hàng,3,3,677200.0,497807.0
2025-07-01,Sách,Hà Nội,Cửa hàng,4,4,868650.0,594390.0
2025-07-01,Sách,Hà Nội,Online,4,4,1065800.0,679551.0
2025-07-01,Sách,Hải Phòng,Cửa hàng,1,1,130000.0,82577.0
2025-07-01,Sách,Hải Phòng,Online,2,2,397750.0,280100.0
2025-07-01,Sách,TP HCM,Cửa hàng,3,3,567000.0,410472.0
2025-07-01,Sách,TP HCM,Online,5,5,707050.0,519758.0
2025-07-01,Sách,Đà Nẵng,Cửa hàng,1,1,138000.0,98389.0
2025-07-01,Sách,Đà Nẵng,Online,2,2,786200.0,558913.0
2025-07-01,Thời trang,Cần Thơ,Cửa hàng,2,2,1557000.0,1135658.0
2025-07-01,Thời trang,Hà Nội,Cửa hàng,4,4,5968700.0,4218513.0
2025-07-01,Thời trang,Hà Nội,Online,3,3,3587900.0,2780660.0
2025-07-01,Thời trang,Hải Phòng,Cửa hàng,1,1,804000.0,556822.0
2025-07-01,Thời trang,Hải Phòng,Online,4,4,6604500.0,4706289.0
2025-07-01,Thời trang,TP HCM,Cửa hàng,5,5,7947600.0,5490951.0
2025-07-01,Thời trang,TP HCM,Online,4,4,6401800.0,4387142.0
2025-07-01,Thời trang,Đà Nẵng,Cửa hàng,2,2,1459550.0,979344.0
2025-07-01,Thực phẩm,Cần Thơ,Cửa hàng,2,2,884000.0,590532.0
2025-07-01,Thực phẩm,Cần Thơ,Online,2,2,881000.0,643860.0
2025-07-01,Thực phẩm,Hà Nội,Cửa hàng,14,14,3352250.0,2401019.0
2025-07-01,Thực phẩm,Hà Nội,Online,9,9,3006050.0,2268056.0
2025-07-01,Thực phẩm,Hải Phòng,Online,1,1,198000.0,123756.0
2025-07-01,Thực phẩm,TP HCM,Cửa hàng,14,14,5108300.0,3794874.0
2025-07-01,Thực phẩm,TP HCM,Online,9,9,2674900.0,1921524.0
2025-07-01,Thực phẩm,Đà Nẵng,Cửa hàng,3,3,563850.0,394540.0
2025-07-01,Thực phẩm,Đà Nẵng,Online,4,4,914000.0,667080.0
2025-07-01,Điện tử,Cần Thơ,Cửa hàng,2,2,2187800.0,1556241.0
2025-07-01,Điện tử,Hà Nội,Cửa hàng,6,6,10027150.0,6827098.0
2025-07-01,Điện tử,Hà Nội,Online,3,3,4084800.0,2980849.0
2025-07-01,Điện tử,Hải Phòng,Cửa hàng,1,1,4616000.0,3895078.0
2025-07-01,Điện tử,TP HCM,Cửa hàng,4,4,7231000.0,5733299.0
2025-07-01,Điện tử,TP HCM,Online,8,8,16375300.0,11706151.0
2025-07-01,Điện tử,Đà Nẵng,Cửa hàng,1,1,1608200.0,1252291.0
2025-07-01,Điện tử,Đà Nẵng,Online,4,4,6446100.0,4835723.0
2025-07-02,Gia dụng,Cần Thơ,Cửa hàng,1,1,808000.0,682907.0
2025-07-02,Gia dụng,Cần Thơ,Online,1,1,657900.0,474468.0
2025-07-02,Gia dụng,Hà Nội,Cửa hàng,3,3,2298400.0,1706337.0
2025-07-02,Gia dụng,Hà Nội,Online,5,5,5003200.0,3340981.0
2025-07-02,Gia dụng,Hải Phòng,Cửa hàng,2,2,10583043.0,7500858.0
2025-07-02,Gia dụng,TP HCM,Cửa hàng,3,3,4356600.0,3187593.0
2025-07-02,Gia dụng,TP HCM,Online,6,6,11995000.0,8715813.0
2025-07-02,Gia dụng,Đà Nẵng,Cửa hàng,2,2,4045300.0,2980862.0
2025-07-02,Gia dụng,Đà Nẵng,Online,1,1,1946000.0,1403428.0
2025-07-02,Mỹ phẩm,Cần Thơ,Cửa hàng,2,2,953600.0,693397.0
2025-07-02,Mỹ phẩm,Hà Nội,Cửa hàng,3,3,2232700.0,1698695.0
2025-07-02,Mỹ phẩm,Hải Phòng,Cửa hàng,1,1,488000.0,402650.0
2025-07-02,Mỹ phẩm,Hải Phòng,Online,2,2,1783800.0,1317716.0
2025-07-02,Mỹ phẩm,TP HCM,Cửa hàng,8,8,5787800.0,4333749.0
2025-07-02,Mỹ phẩm,TP HCM,Online,4,4,2695000.0,2089502.0
2025-07-02,Mỹ phẩm,Đà Nẵng,Online,2,2,889300.0,570459.0
2025-07-02,Sách,Cần Thơ,Cửa hàng,3,3,869000.0,675553.0
2025-07-02,Sách,Cần Thơ,Online,1,1,169000.0,133414.0
2025-07-02,Sách,Hà Nội,Cửa hàng,5,5,1419200.0,1057830.0
2025-07-02,Sách,Hà Nội,Online,4,4,977600.0,768933.0
2025-07-02,Sách,Hải Phòng,Cửa hàng,3,3,576800.0,401914.0
2025-07-02,Sách,Hải Phòng,Online,3,3,509600.0,369155.0
2025-07-02,Sách,TP HCM,Cửa hàng,7,7,1598100.0,1133892.0
2025-07-02,Sách,TP HCM,Online,3,3,2798682.0,1988740.0
2025-07-02,Sách,Đà Nẵng,Online,2,2,846500.0,546424.0
2025-07-02,Thời trang,Cần Thơ,Cửa hàng,1,1,1203600.0,804866.0
2025-07-02,Thời trang,Cần Thơ,Online,1,1,1386000.0,1065142.0
2025-07-02,Thời trang,Hà Nội,Cửa hàng,5,5,9884400.0,7449050.0
2025-07-02,Thời trang,Hà Nội,Online,2,2,5074000.0,2969786.0
2025-07-02,Thời trang,Hải Phòng,Online,2,2,2948000.0,2261544.0
2025-07-02,Thời trang,TP HCM,Cửa hàng,3,3,4510000.0,3299220.0
2025-07-02,Thời trang,TP HCM,Online,2,2,2319400.0,1591336.0
2025-07-02,Thời trang,Đà Nẵng,Cửa hàng,1,1,1940850.0,1227949.0
2025-07-02,Thời trang,Đà Nẵng,Online,1,1,723900.0,523404.0
2025-07-02,Thực phẩm,Cần Thơ,Cửa hàng,6,6,1681700.0,1166406.0
2025-07-02,Thực phẩm,Cần Thơ,Online,5,5,1035700.0,713726.0
2025-07-02,Thực phẩm,Hà Nội,Cửa hàng,8,8,2021900.0,1457678.0
2025-07-02,Thực phẩm,Hà Nội,Online,7,7,1799400.0,1331858.0
2025-07-02,Thực phẩm,Hải Phòng,Cửa hàng,1,1,166250.0,134287.0
2025-07-02,Thực phẩm,Hải Phòng,Online,4,4,1528500.0,1210449.0
2025-07-02,Thực phẩm,TP HCM,Cửa hàng,8,8,2575750.0,1873328.0
2025-07-02,Thực phẩm,TP HCM,Online,7,7,2472000.0,1730420.0
2025-07-02,Thực phẩm,Đà Nẵng,Cửa hàng,4,4,993400.0,751017.0
2025-07-02,Thực phẩm,Đà Nẵng,Online,4,4,756000.0,541775.0
2025-07-02,Điện tử,Cần Thơ,Cửa hàng,2,2,3199000.0,2240432.0
2025-07-02,Điện tử,Cần Thơ,Online,1,1,1098000.0,799137.0
2025-07-02,Điện tử,Hà Nội,Cửa hàng,10,10,13716000.0,10621806.0
2025-07-02,Điện tử,Hà Nội,Online,2,2,3333000.0,2668756.0
2025-07-02,Điện tử,Hải Phòng,Cửa hàng,1,1,967000.0,762109.0
2025-07-02,Điện tử,TP HCM,Cửa hàng,6,6,13020950.0,8573332.0
2025-07-02,Điện tử,TP HCM,Online,7,7,10032100.0,7576710.0
2025-07-02,Điện tử,Đà Nẵng,Cửa hàng,3,3,5049000.0,4025584.0
2025-07-02,Điện tử,Đà Nẵng,Online,4,4,17872717.0,12830453.0
2025-07-03,Gia dụng,Cần Thơ,Cửa hàng,2,2,1674000.0,1353423.0
2025-07-03,Gia dụng,Cần Thơ,Online,1,1,2760000.0,1837686.0
2025-07-03,Gia dụng,Hà Nội,Cửa hàng,8,8,9169650.0,6678466.0
2025-07-03,Gia dụng,Hà Nội,Online,4,4,18143699.0,12629998.0
2025-07-03,Gia dụng,Hải Phòng,Online,1,1,1912000.0,1572060.0
2025-07-03,Gia dụng,TP HCM,Cửa hàng,4,4,4166750.0,2881895.0
2025-07-03,Gia dụng,TP HCM,Online,5,5,5261000.0,4017564.0
2025-07-03,Gia dụng,Đà Nẵng,Cửa hàng,3,3,3374100.0,2632585.0
2025-07-03,Gia dụng,Đà Nẵng,Online,2,2,2772400.0,1911175.0
2025-07-03,Mỹ phẩm,Cần Thơ,Cửa hàng,2,2,1828000.0,1452605.0
2025-07-03,Mỹ phẩm,Cần Thơ,Online,1,1,1653000.0,1193872.0
2025-07-03,Mỹ phẩm,Hà Nội,Cửa hàng,1,1,478800.0,377533.0
2025-07-03,Mỹ phẩm,Hà Nội,Online,3,3,1993700.0,1354236.0
2025-07-03,Mỹ phẩm,Hải Phòng,Cửa hàng,2,2,3009000.0,1905280.0
2025-07-03,Mỹ phẩm,Hải Phòng,Online,2,2,2846000.0,2009085.0
2025-07-03,Mỹ phẩm,TP HCM,Cửa hàng,4,4,3988000.0,3020786.0
2025-07-03,Mỹ phẩm,Đà Nẵng,Cửa hàng,3,3,2179550.0,1519473.0
2025-07-03,Mỹ phẩm,Đà Nẵng,Online,2,2,2420700.0,1705723.0
2025-07-03,Sách,Cần Thơ,Cửa hàng,2,2,436700.0,344443.0
2025-07-03,Sách,Cần Thơ,Online,1,1,170000.0,110236.0
2025-07-03,Sách,Hà Nội,Cửa hàng,3,3,926800.0,718931.0
2025-07-03,Sách,Hà Nội,Online,3,3,422600.0,310259.0
2025-07-03,Sách,Hải Phòng,Cửa hàng,3,3,690000.0,536294.0
2025-07-03,Sách,Hải Phòng,Online,3,3,763200.0,497565.0
2025-07-03,Sách,TP HCM,Cửa hàng,2,2,552000.0,358628.0
2025-07-03,Sách,TP HCM,Online,9,9,2131600.0,1469010.0
2025-07-03,Sách,Đà Nẵng,Cửa hàng,1,1,162000.0,130475.0
2025-07-03,Sách,Đà Nẵng,Online,1,1,134100.0,97142.0
2025-07-03,Thời trang,Cần Thơ,Cửa hàng,1,1,3222000.0,2307071.0
2025-07-03,Thời trang,Cần Thơ,Online,6,6,8655400.0,5653241.0
2025-07-03,Thời trang,Hà Nội,Cửa hàng,5,5,5827450.0,4201828.0
2025-07-03,Thời trang,Hà Nội,Online,1,1,1718700.0,1296243.0
2025-07-03,Thời trang,Hải Phòng,Cửa hàng,3,3,4494650.0,3002539.0
2025-07-03,Thời trang,Hải Phòng,Online,1,1,2385000.0,1724434.0
2025-07-03,Thời trang,TP HCM,Cửa hàng,10,10,11142900.0,8137765.0
2025-07-03,Thời trang,TP HCM,Online,1,1,11318953.0,7923267.0
2025-07-03,Thời trang,Đà Nẵng,Cửa hàng,2,2,2842950.0,2264800.0
2025-07-03,Thời trang,Đà Nẵng,Online,4,4,4096500.0,2723944.0
2025-07-03,Thực phẩm,Cần Thơ,Cửa hàng,6,6,1568700.0,1119416.0
2025-07-03,Thực phẩm,Cần Thơ,Online,1,1,168300.0,138146.0
2025-07-03,Thực phẩm,Hà Nội,Cửa hàng,8,8,3274500.0,2363401.0
2025-07-03,Thực phẩm,Hà Nội,Online,3,3,576000.0,401753.0
2025-07-03,Thực phẩm,Hải Phòng,Cửa hàng,5,5,2047800.0,1471852.0
2025-07-03,Thực phẩm,Hải Phòng,Online,2,2,1399500.0,954003.0
2025-07-03,Thực phẩm,TP HCM,Cửa hàng,11,11,2188200.0,1546605.0
2025-07-03,Thực phẩm,TP HCM,Online,11,11,4093850.0,2907018.0
2025-07-03,Thực phẩm,Đà Nẵng,Cửa hàng,3,3,1058300.0,760897.0
2025-07-03,Thực phẩm,Đà Nẵng,Online,5,5,1410250.0,943766.0
2025-07-03,Điện tử,Cần Thơ,Cửa hàng,1,1,1043800.0,668565.0
2025-07-03,Điện tử,Cần Thơ,Online,2,2,2049000.0,1420783.0
2025-07-03,Điện tử,Hà Nội,Cửa hàng,3,3,6505450.0,4961090.0
2025-07-03,Điện tử,Hà Nội,Online,4,4,10721000.0,7767593.0
2025-07-03,Điện tử,Hải Phòng,Cửa hàng,1,1,2103300.0,1522726.0
2025-07-03,Điện tử,Hải Phòng,Online,3,3,3035600.0,2194969.0
2025-07-03,Điện tử,TP HCM,Cửa hàng,5,5,11070600.0,7283192.0
2025-07-03,Điện tử,TP HCM,Online,4,4,9652150.0,6896495.0
2025-07-03,Điện tử,Đà Nẵng,Cửa hàng,3,3,6160650.0,4732266.0
2025-07-04,Gia dụng,Cần Thơ,Cửa hàng,4,4,6039000.0,4459692.0
2025-07-04,Gia dụng,Cần Thơ,Online,2,2,4035900.0,2753843.0
2025-07-04,Gia dụng,Hà Nội,Cửa hàng,5,5,10140150.0,7058697.0
2025-07-04,Gia dụng,Hà Nội,Online,3,3,5544000.0,3879999.0
2025-07-04,Gia dụng,Hải Phòng,Cửa hàng,7,7,9544400.0,6612427.0
2025-07-04,Gia dụng,Hải Phòng,Online,2,2,2570000.0,1959744.0
2025-07-04,Gia dụng,TP HCM,Cửa hàng,6,6,10230200.0,7218530.0
2025-07-04,Gia dụng,TP HCM,Online,3,3,3170900.0,2474940.0
2025-07-04,Gia dụng,Đà Nẵng,Cửa hàng,4,4,6343050.0,4442096.0
2025-07-04,Gia dụng,Đà Nẵng,Online,1,1,1492200.0,902219.0
2025-07-04,Mỹ phẩm,Cần Thơ,Cửa hàng,2,2,1553000.0,1011587.0
2025-07-04,Mỹ phẩm,Hà Nội,Cửa hàng,5,5,5205700.0,3739771.0
2025-07-04,Mỹ phẩm,Hà Nội,Online,2,2,1371400.0,952192.0
2025-07-04,Mỹ phẩm,Hải Phòng,Cửa hàng,2,2,896700.0,585710.0
2025-07-04,Mỹ phẩm,TP HCM,Cửa hàng,4,4,2921950.0,2230082.0
2025-07-04,Mỹ phẩm,TP HCM,Online,6,6,4107800.0,3063093.0
2025-07-04,Mỹ phẩm,Đà Nẵng,Online,1,1,2040000.0,1410488.0
2025-07-04,Sách,Cần Thơ,Cửa hàng,2,2,880000.0,655862.0
2025-07-04,Sách,Cần Thơ,Online,1,1,137700.0,99750.0
2025-07-04,Sách,Hà Nội,Cửa hàng,2,2,789000.0,614095.0
2025-07-04,Sách,Hà Nội,Online,2,2,638000.0,427191.0
2025-07-04,Sách,Hải Phòng,Cửa hàng,2,2,410500.0,268829.0
2025-07-04,Sách,Hải Phòng,Online,1,1,536000.0,363994.0
2025-07-04,Sách,TP HCM,Cửa hàng,3,3,429000.0,318565.0
2025-07-04,Sách,TP HCM,Online,3,3,473100.0,325278.0
2025-07-04,Sách,Đà Nẵng,Cửa hàng,1,1,135000.0,85555.0
2025-07-04,Sách,Đà Nẵng,Online,1,1,252700.0,191965.0
2025-07-04,Thời trang,Cần Thơ,Online,1,1,762000.0,550951.0
2025-07-04,Thời trang,Hà Nội,Cửa hàng,2,2,1438850.0,1047148.0
2025-07-04,Thời trang,Hà Nội,Online,3,3,4106800.0,2987892.0
2025-07-04,Thời trang,Hải Phòng,Cửa hàng,1,1,650000.0,444743.0
2025-07-04,Thời trang,Hải Phòng,Online,3,3,7104000.0,4923750.0
2025-07-04,Thời trang,TP HCM,Cửa hàng,3,3,4814450.0,3570757.0
2025-07-04,Thời trang,TP HCM,Online,6,6,7661000.0,5479361.0
2025-07-04,Thời trang,Đà Nẵng,Cửa hàng,4,4,3546100.0,2665263.0
2025-07-04,Thời trang,Đà Nẵng,Online,1,1,667850.0,495059.0
2025-07-04,Thực phẩm,Cần Thơ,Cửa hàng,6,6,1578250.0,1210592.0
2025-07-04,Thực phẩm,Cần Thơ,Online,2,2,950000.0,674511.0
2025-07-04,Thực phẩm,Hà Nội,Cửa hàng,10,10,3736000.0,2601125.0
2025-07-04,Thực phẩm,Hà Nội,Online,7,7,1934200.0,1464755.0
2025-07-04,Thực phẩm,Hải Phòng,Cửa hàng,1,1,206000.0,140766.0
2025-07-04,Thực phẩm,Hải Phòng,Online,4,4,3093326.0,2152406.0
2025-07-04,Thực phẩm,TP HCM,Cửa hàng,11,11,3226600.0,2354669.0
2025-07-04,Thực phẩm,TP HCM,Online,8,8,3093400.0,2261265.0
2025-07-04,Thực phẩm,Đà Nẵng,Cửa hàng,2,2,1517150.0,974389.0
2025-07-04,Thực phẩm,Đà Nẵng,Online,5,5,2456150.0,1809962.0
2025-07-04,Điện tử,Cần Thơ,Cửa hàng,2,2,2072200.0,1470127.0
2025-07-04,Điện tử,Cần Thơ,Online,1,1,994650.0,828999.0
2025-07-04,Điện tử,Hà Nội,Cửa hàng,5,5,7825100.0,5413846.0
2025-07-04,Điện tử,Hải Phòng,Cửa hàng,3,3,3449750.0,2578027.0
2025-07-04,Điện tử,Hải Phòng,Online,2,2,2867800.0,2075655.0
2025-07-04,Điện tử,TP HCM,Cửa hàng,9,9,9080750.0,6427017.0
2025-07-04,Điện tử,TP HCM,Online,3,3,4296950.0,3143142.0
2025-07-04,Điện tử,Đà Nẵng,Online,3,3,5998400.0,4218129.0
2025-07-05,Gia dụng,Cần Thơ,Cửa hàng,1,1,780000.0,495285.0
2025-07-05,Gia dụng,Cần Thơ,Online,4,4,5108400.0,3447098.0
2025-07-05,Gia dụng,Hà Nội,Cửa hàng,5,5,7072500.0,5478111.0
2025-07-05,Gia dụng,Hà Nội,Online,2,2,1516100.0,1014447.0
2025-07-05,Gia dụng,Hải Phòng,Cửa hàng,2,2,2536500.0,1765670.0
2025-07-05,Gia dụng,Hải Phòng,Online,2,2,3774400.0,2710489.0
2025-07-05,Gia dụng,TP HCM,Cửa hàng,5,5,14498128.0,9967320.0
2025-07-05,Gia dụng,TP HCM,Online,6,6,13880000.0,9507848.0
2025-07-05,Gia dụng,Đà Nẵng,Cửa hàng,1,1,913000.0,692488.0
2025-07-05,Gia dụng,Đà Nẵng,Online,2,2,2674000.0,2158213.0
2025-07-05,Mỹ phẩm,Cần Thơ,Cửa hàng,1,1,1419000.0,953024.0
2025-07-05,Mỹ phẩm,Cần Thơ,Online,1,1,396950.0,282518.0
2025-07-05,Mỹ phẩm,Hà Nội,Cửa hàng,3,3,2354900.0,1770449.0
2025-07-05,Mỹ phẩm,Hà Nội,Online,2,2,1863000.0,1253942.0
2025-07-05,Mỹ phẩm,Hải Phòng,Online,5,5,3410150.0,2303641.0
2025-07-05,Mỹ phẩm,TP HCM,Cửa hàng,5,5,3755400.0,2742041.0
2025-07-05,Mỹ phẩm,TP HCM,Online,2,2,1351800.0,996409.0
2025-07-05,Mỹ phẩm,Đà Nẵng,Cửa hàng,3,3,1882650.0,1378533.0
2025-07-05,Mỹ phẩm,Đà Nẵng,Online,2,2,1420000.0,1070210.0
2025-07-05,Sách,Cần Thơ,Cửa hàng,4,4,2016069.0,1414187.0
2025-07-05,Sách,Cần Thơ,Online,4,4,1441750.0,1000978.0
2025-07-05,Sách,Hà Nội,Cửa hàng,2,2,265000.0,176012.0
2025-07-05,Sách,Hải Phòng,Cửa hàng,2,2,385600.0,294019.0
2025-07-05,Sách,Hải Phòng,Online,2,2,622000.0,415666.0
2025-07-05,Sách,TP HCM,Cửa hàng,4,4,1019800.0,717389.0
2025-07-05,Thời trang,Cần Thơ,Cửa hàng,2,2,3819600.0,2704106.0
2025-07-05,Thời trang,Hà Nội,Cửa hàng,7,7,14155226.0,10191277.0
2025-07-05,Thời trang,Hà Nội,Online,3,3,3203950.0,2260261.0
2025-07-05,Thời trang,Hải Phòng,Cửa hàng,3,3,3820000.0,2567854.0
2025-07-05,Thời trang,Hải Phòng,Online,1,1,676800.0,465743.0
2025-07-05,Thời trang,TP HCM,Cửa hàng,9,9,13392550.0,9076670.0
2025-07-05,Thời trang,TP HCM,Online,1,1,1502000.0,1165824.0
2025-07-05,Thời trang,Đà Nẵng,Cửa hàng,2,2,3192000.0,1960622.0
2025-07-05,Thời trang,Đà Nẵng,Online,1,1,684900.0,442976.0
2025-07-05,Thực phẩm,Cần Thơ,Cửa hàng,4,4,1146500.0,821042.0
2025-07-05,Thực phẩm,Cần Thơ,Online,2,2,331400.0,240268.0
2025-07-05,Thực phẩm,Hà Nội,Cửa hàng,11,11,2751000.0,1996201.0
2025-07-05,Thực phẩm,Hà Nội,Online,9,9,4378000.0,3289032.0
2025-07-05,Thực phẩm,Hải Phòng,Cửa hàng,5,5,4398559.0,3209671.0
2025-07-05,Thực phẩm,Hải Phòng,Online,7,7,3409000.0,2595662.0
2025-07-05,Thực phẩm,TP HCM,Cửa hàng,11,11,2823250.0,2079957.0
2025-07-05,Thực phẩm,TP HCM,Online,7,7,1761100.0,1267448.0
2025-07-05,Thực phẩm,Đà Nẵng,Cửa hàng,3,3,1407050.0,1077346.0
2025-07-05,Thực phẩm,Đà Nẵng,Online,7,7,2967200.0,2019079.0
2025-07-05,Điện tử,Cần Thơ,Cửa hàng,1,1,1073550.0,721096.0
2025-07-05,Điện tử,Cần Thơ,Online,1,1,3435000.0,2486183.0
2025-07-05,Điện tử,Hà Nội,Cửa hàng,5,5,10994050.0,8806350.0
2025-07-05,Điện tử,Hà Nội,Online,3,3,3406000.0,2469658.0
2025-07-05,Điện tử,Hải Phòng,Cửa hàng,1,1,1164700.0,937001.0
2025-07-05,Điện tử,Hải Phòng,Online,1,1,2058000.0,1488247.0
2025-07-05,Điện tử,TP HCM,Cửa hàng,5,5,8821050.0,6463176.0
2025-07-05,Điện tử,TP HCM,Online,3,3,6208600.0,4949832.0
2025-07-05,Điện tử,Đà Nẵng,Cửa hàng,1,1,1081000.0,896215.0
2025-07-05,Điện tử,Đà Nẵng,Online,2,2,4497000.0,3462789.0
2025-07-06,Gia dụng,Cần Thơ,Cửa hàng,2,2,2503500.0,1691317.0
2025-07-06,Gia dụng,Cần Thơ,Online,6,6,24561725.0,17490758.0
2025-07-06,Gia dụng,Hà Nội,Cửa hàng,4,4,4249100.0,3249122.0
2025-07-06,Gia dụng,Hà Nội,Online,6,6,13095350.0,9677492.0
2025-07-06,Gia dụng,Hải Phòng,Cửa hàng,4,4,6641700.0,4791110.0
2025-07-06,Gia dụng,Hải Phòng,Online,3,3,8860600.0,6218300.0
2025-07-06,Gia dụng,TP HCM,Cửa hàng,3,3,3469000.0,2680665.0
2025-07-06,Gia dụng,TP HCM,Online,4,4,9264800.0,6319007.0
2025-07-06,Gia dụng,Đà Nẵng,Cửa hàng,1,1,4685000.0,3314709.0
2025-07-06,Gia dụng,Đà Nẵng,Online,2,2,2605000.0,1674006.0
2025-07-06,Mỹ phẩm,Cần Thơ,Cửa hàng,1,1,477000.0,339315.0
2025-07-06,Mỹ phẩm,Hà Nội,Cửa hàng,5,5,3287000.0,2309818.0
2025-07-06,Mỹ phẩm,Hà Nội,Online,4,4,4297000.0,3352983.0
2025-07-06,Mỹ phẩm,Hải Phòng,Cửa hàng,2,2,1236600.0,1011160.0
2025-07-06,Mỹ phẩm,TP HCM,Cửa hàng,3,3,2340000.0,1730751.0
2025-07-06,Mỹ phẩm,TP HCM,Online,3,3,3618800.0,2625216.0
2025-07-06,Mỹ phẩm,Đà Nẵng,Cửa hàng,1,1,496000.0,340436.0
2025-07-06,Mỹ phẩm,Đà Nẵng,Online,1,1,1740000.0,1291761.0
2025-07-06,Sách,Hà Nội,Cửa hàng,4,4,1723000.0,1170782.0
2025-07-06,Sách,Hà Nội,Online,3,3,1074400.0,765499.0
2025-07-06,Sách,Hải Phòng,Cửa hàng,2,2,275000.0,195664.0
2025-07-06,Sách,Hải Phòng,Online,1,1,142200.0,96231.0
2025-07-06,Sách,TP HCM,Cửa hàng,3,3,1152700.0,786626.0
2025-07-06,Sách,TP HCM,Online,3,3,385350.0,306185.0
2025-07-06,Sách,Đà Nẵng,Cửa hàng,1,1,495000.0,348432.0
2025-07-06,Thời trang,Cần Thơ,Online,1,1,1374000.0,1135674.0
2025-07-06,Thời trang,Hà Nội,Cửa hàng,4,4,6343350.0,4601196.0
2025-07-06,Thời trang,Hà Nội,Online,4,4,5518600.0,3974233.0
2025-07-06,Thời trang,Hải Phòng,Online,1,1,6846563.0,4792594.0
2025-07-06,Thời trang,TP HCM,Cửa hàng,6,6,5097700.0,3524832.0
2025-07-06,Thời trang,TP HCM,Online,5,5,6518400.0,4762980.0
2025-07-06,Thời trang,Đà Nẵng,Cửa hàng,4,4,9780000.0,7459633.0
2025-07-06,Thời trang,Đà Nẵng,Online,2,2,1461000.0,996437.0
2025-07-06,Thực phẩm,Cần Thơ,Cửa hàng,3,3,507000.0,367846.0
2025-07-06,Thực phẩm,Cần Thơ,Online,3,3,1326700.0,1009502.0
2025-07-06,Thực phẩm,Hà Nội,Cửa hàng,11,11,2644250.0,1941415.0
2025-07-06,Thực phẩm,Hà Nội,Online,13,13,4161400.0,3010241.0
2025-07-06,Thực phẩm,Hải Phòng,Cửa hàng,4,4,1410000.0,985419.0
2025-07-06,Thực phẩm,Hải Phòng,Online,3,3,474800.0,328533.0
2025-07-06,Thực phẩm,TP HCM,Cửa hàng,10,10,2100650.0,1504448.0
2025-07-06,Thực phẩm,TP HCM,Online,8,8,2236750.0,1638993.0
2025-07-06,Thực phẩm,Đà Nẵng,Cửa hàng,5,5,1697800.0,1294842.0
2025-07-06,Thực phẩm,Đà Nẵng,Online,6,6,2322500.0,1714562.0
2025-07-06,Điện tử,Hà Nội,Cửa hàng,7,7,15685100.0,11289243.0
2025-07-06,Điện tử,Hà Nội,Online,3,3,7571050.0,6139646.0
2025-07-06,Điện tử,Hải Phòng,Cửa hàng,1,1,974000.0,748142.0
2025-07-06,Điện tử,Hải Phòng,Online,1,1,3690000.0,3034530.0
2025-07-06,Điện tử,TP HCM,Cửa hàng,5,5,9749500.0,7210221.0
2025-07-06,Điện tử,TP HCM,Online,2,2,5996900.0,4721061.0
2025-07-06,Điện tử,Đà Nẵng,Cửa hàng,1,1,843200.0,643414.0
2025-07-06,Điện tử,Đà Nẵng,Online,2,2,2052000.0,1475158.0
2025-07-07,Gia dụng,Cần Thơ,Cửa hàng,2,2,2794000.0,1959214.0
2025-07-07,Gia dụng,Cần Thơ,Online,2,2,1797000.0,1264525.0
2025-07-07,Gia dụng,Hà Nội,Cửa hàng,4,4,6355400.0,4580637.0
2025-07-07,Gia dụng,Hà Nội,Online,6,6,6165950.0,4655507.0
2025-07-07,Gia dụng,Hải Phòng,Cửa hàng,5,5,7489400.0,5434564.0
2025-07-07,Gia dụng,Hải Phòng,Online,3,3,3485650.0,2336983.0
2025-07-07,Gia dụng,TP HCM,Cửa hàng,6,6,8833350.0,5592662.0
2025-07-07,Gia dụng,TP HCM,Online,2,2,4603400.0,3556706.0
2025-07-07,Gia dụng,Đà Nẵng,Cửa hàng,5,5,5688600.0,4000946.0
2025-07-07,Gia dụng,Đà Nẵng,Online,2,2,1526200.0,1171203.0
2025-07-07,Mỹ phẩm,Cần Thơ,Cửa hàng,1,1,858000.0,599788.0
2025-07-07,Mỹ phẩm,Hà Nội,Cửa hàng,5,5,3239550.0,2213706.0
2025-07-07,Mỹ phẩm,Hà Nội,Online,1,1,957600.0,738368.0
2025-07-07,Mỹ phẩm,Hải Phòng,Online,2,2,927650.0,682320.0
2025-07-07,Mỹ phẩm,TP HCM,Cửa hàng,1,1,434000.0,282548.0
2025-07-07,Mỹ phẩm,TP HCM,Online,6,6,5093800.0,3525767.0
2025-07-07,Sách,Cần Thơ,Cửa hàng,3,3,734500.0,566194.0
2025-07-07,Sách,Cần Thơ,Online,1,1,317300.0,216008.0
2025-07-07,Sách,Hà Nội,Cửa hàng,1,1,142000.0,86294.0
2025-07-07,Sách,Hà Nội,Online,5,5,1183200.0,819805.0
2025-07-07,Sách,Hải Phòng,Online,3,3,433000.0,314993.0
2025-07-07,Sách,TP HCM,Cửa hàng,1,1,162000.0,133112.0
2025-07-07,Sách,TP HCM,Online,3,3,606900.0,409608.0
2025-07-07,Sách,Đà Nẵng,Cửa hàng,2,2,1139000.0,753022.0
2025-07-07,Sách,Đà Nẵng,Online,1,1,300200.0,189432.0
2025-07-07,Thời trang,Cần Thơ,Cửa hàng,1,1,689000.0,472873.0
2025-07-07,Thời trang,Cần Thơ,Online,2,2,1540850.0,1116023.0
2025-07-07,Thời trang,Hà Nội,Cửa hàng,4,4,5502100.0,3620400.0
2025-07-07,Thời trang,Hà Nội,Online,2,2,4256000.0,2960679.0
2025-07-07,Thời trang,Hải Phòng,Cửa hàng,1,1,787000.0,511198.0
2025-07-07,Thời trang,TP HCM,Cửa hàng,2,2,1472350.0,1206221.0
2025-07-07,Thời trang,TP HCM,Online,2,2,3351400.0,2433202.0
2025-07-07,Thời trang,Đà Nẵng,Cửa hàng,2,2,2767000.0,2127130.0
2025-07-07,Thời trang,Đà Nẵng,Online,2,2,1353000.0,906907.0
2025-07-07,Thực phẩm,Cần Thơ,Cửa hàng,4,4,934000.0,699159.0
2025-07-07,Thực phẩm,Cần Thơ,Online,3,3,786850.0,561918.0
2025-07-07,Thực phẩm,Hà Nội,Cửa hàng,10,10,2247150.0,1696778.0
2025-07-07,Thực phẩm,Hà Nội,Online,6,6,1779000.0,1303235.0
2025-07-07,Thực phẩm,Hải Phòng,Cửa hàng,4,4,1445300.0,1012939.0
2025-07-07,Thực phẩm,Hải Phòng,Online,5,5,2247600.0,1614522.0
2025-07-07,Thực phẩm,TP HCM,Cửa hàng,8,8,2149100.0,1574820.0
2025-07-07,Thực phẩm,TP HCM,Online,8,8,2102300.0,1448545.0
2025-07-07,Thực phẩm,Đà Nẵng,Cửa hàng,3,3,1026100.0,766433.0
2025-07-07,Thực phẩm,Đà Nẵng,Online,3,3,636700.0,441816.0
2025-07-07,Điện tử,Cần Thơ,Cửa hàng,1,1,1747800.0,1107633.0
2025-07-07,Điện tử,Cần Thơ,Online,2,2,6225000.0,4466550.0
2025-07-07,Điện tử,Hà Nội,Cửa hàng,6,6,13408050.0,9562052.0
2025-07-07,Điện tử,Hà Nội,Online,4,4,7284250.0,5129967.0
2025-07-07,Điện tử,Hải Phòng,Cửa hàng,3,3,9072850.0,7094803.0
2025-07-07,Điện tử,Hải Phòng,Online,1,1,5185000.0,3242490.0
2025-07-07,Điện tử,TP HCM,Cửa hàng,7,7,13373350.0,10522074.0
2025-07-07,Điện tử,TP HCM,Online,6,6,17006600.0,12438373.0
2025-07-07,Điện tử,Đà Nẵng,Cửa hàng,2,2,22110757.0,15383652.0
2025-07-07,Điện tử,Đà Nẵng,Online,2,2,3284000.0,2561377.0
2025-07-08,Gia dụng,Cần Thơ,Cửa hàng,3,3,4394000.0,3119498.0
2025-07-08,Gia dụng,Cần Thơ,Online,2,2,3255300.0,2347677.0
2025-07-08,Gia dụng,Hà Nội,Cửa hàng,4,4,6100700.0,4028770.0
2025-07-08,Gia dụng,Hà Nội,Online,2,2,1923000.0,1386841.0
2025-07-08,Gia dụng,Hải Phòng,Cửa hàng,1,1,1580400.0,1144371.0
2025-07-08,Gia dụng,Hải Phòng,Online,2,2,2803000.0,2023731.0
2025-07-08,Gia dụng,TP HCM,Cửa hàng,10,10,12351650.0,8884567.0
2025-07-08,Gia dụng,TP HCM,Online,4,4,6207000.0,4213716.0
2025-07-08,Gia dụng,Đà Nẵng,Cửa hàng,3,3,4417000.0,3021027.0
2025-07-08,Gia dụng,Đà Nẵng,Online,2,2,2433000.0,1759889.0
2025-07-08,Mỹ phẩm,Hà Nội,Cửa hàng,6,6,6545800.0,4412459.0
2025-07-08,Mỹ phẩm,Hà Nội,Online,3,3,8986126.0,6375191.0
2025-07-08,Mỹ phẩm,Hải Phòng,Cửa hàng,2,2,2121000.0,1497644.0
2025-07-08,Mỹ phẩm,Hải Phòng,Online,1,1,409700.0,246690.0
2025-07-08,Mỹ phẩm,TP HCM,Cửa hàng,7,7,7975450.0,6275214.0
2025-07-08,Mỹ phẩm,TP HCM,Online,5,5,3448150.0,2581369.0
2025-07-08,Sách,Cần Thơ,Online,2,2,586000.0,440714.0
2025-07-08,Sách,Hà Nội,Cửa hàng,1,1,332000.0,267827.0
2025-07-08,Sách,Hà Nội,Online,4,4,1327500.0,986908.0
2025-07-08,Sách,Hải Phòng,Cửa hàng,1,1,157000.0,107680.0
2025-07-08,Sách,TP HCM,Cửa hàng,3,3,1406000.0,996213.0
2025-07-08,Sách,TP HCM,Online,3,3,615000.0,469551.0
2025-07-08,Sách,Đà Nẵng,Cửa hàng,1,1,364800.0,271180.0
2025-07-08,Sách,Đà Nẵng,Online,1,1,455600.0,366211.0
2025-07-08,Thời trang,Cần Thơ,Cửa hàng,1,1,660000.0,546319.0
2025-07-08,Thời trang,Cần Thơ,Online,1,1,2166000.0,1525103.0
2025-07-08,Thời trang,Hà Nội,Cửa hàng,5,5,7268950.0,5634908.0
2025-07-08,Thời trang,Hà Nội,Online,3,3,2117900.0,1614551.0
2025-07-08,Thời trang,Hải Phòng,Cửa hàng,3,3,3943000.0,2638003.0
2025-07-08,Thời trang,TP HCM,Cửa hàng,4,4,7939000.0,5915581.0
2025-07-08,Thời trang,TP HCM,Online,4,4,6528600.0,4786890.0
2025-07-08,Thời trang,Đà Nẵng,Cửa hàng,2,2,2650200.0,2078671.0
2025-07-08,Thời trang,Đà Nẵng,Online,2,2,4746000.0,3402989.0
2025-07-08,Thực phẩm,Cần Thơ,Cửa hàng,3,3,701650.0,483192.0
2025-07-08,Thực phẩm,Cần Thơ,Online,1,1,202000.0,165261.0
2025-07-08,Thực phẩm,Hà Nội,Cửa hàng,12,12,6707220.0,4769069.0
2025-07-08,Thực phẩm,Hà Nội,Online,8,8,1903650.0,1333301.0
2025-07-08,Thực phẩm,Hải Phòng,Cửa hàng,1,1,190000.0,133091.0
2025-07-08,Thực phẩm,Hải Phòng,Online,2,2,541400.0,372286.0
2025-07-08,Thực phẩm,TP HCM,Cửa hàng,9,9,2748500.0,1915449.0
2025-07-08,Thực phẩm,TP HCM,Online,4,4,1161350.0,850313.0
2025-07-08,Thực phẩm,Đà Nẵng,Cửa hàng,3,3,1302000.0,919372.0
2025-07-08,Thực phẩm,Đà Nẵng,Online,4,4,685550.0,482808.0
2025-07-08,Điện tử,Cần Thơ,Cửa hàng,5,5,8806000.0,6384135.0
2025-07-08,Điện tử,Cần Thơ,Online,3,3,4159500.0,3010561.0
2025-07-08,Điện tử,Hà Nội,Cửa hàng,1,1,895850.0,739050.0
2025-07-08,Điện tử,Hà Nội,Online,8,8,19484050.0,13762951.0
2025-07-08,Điện tử,Hải Phòng,Online,1,1,940500.0,584228.0
2025-07-08,Điện tử,TP HCM,Cửa hàng,5,5,6243150.0,4162057.0
2025-07-08,Điện tử,TP HCM,Online,7,7,11363500.0,8093713.0
2025-07-08,Điện tử,Đà Nẵng,Cửa hàng,2,2,3312050.0,2334444.0
2025-07-08,Điện tử,Đà Nẵng,Online,3,3,4602250.0,3215228.0
2025-07-09,Gia dụng,Cần Thơ,Cửa hàng,2,2,1773900.0,1288004.0
2025-07-09,Gia dụng,Cần Thơ,Online,1,1,3165400.0,2021727.0
2025-07-09,Gia dụng,Hà Nội,Cửa hàng,2,2,6578600.0,5264964.0
2025-07-09,Gia dụng,Hà Nội,Online,4,4,10445750.0,7018922.0
2025-07-09,Gia dụng,Hải Phòng,Online,2,2,17966511.0,12473168.0
2025-07-09,Gia dụng,TP HCM,Cửa hàng,7,7,8173200.0,5676952.0
2025-07-09,Gia dụng,TP HCM,Online,7,7,13652200.0,10385087.0
2025-07-09,Gia dụng,Đà Nẵng,Cửa hàng,3,3,3010600.0,2300156.0
2025-07-09,Mỹ phẩm,Cần Thơ,Online,1,1,490000.0,414948.0
2025-07-09,Mỹ phẩm,Hải Phòng,Cửa hàng,1,1,1672800.0,1398673.0
2025-07-09,Mỹ phẩm,Hải Phòng,Online,1,1,371700.0,268459.0
2025-07-09,Mỹ phẩm,TP HCM,Cửa hàng,6,6,3984950.0,2658431.0
2025-07-09,Mỹ phẩm,TP HCM,Online,3,3,2277450.0,1495839.0
2025-07-09,Mỹ phẩm,Đà Nẵng,Cửa hàng,4,4,3680900.0,2489445.0
2025-07-09,Sách,Hà Nội,Cửa hàng,2,2,317000.0,232856.0
2025-07-09,Sách,Hà Nội,Online,4,4,761100.0,523432.0
2025-07-09,Sách,Hải Phòng,Cửa hàng,3,3,1134400.0,891802.0
2025-07-09,Sách,Hải Phòng,Online,1,1,144000.0,104314.0
2025-07-09,Sách,TP HCM,Cửa hàng,3,3,1250700.0,845498.0
2025-07-09,Sách,TP HCM,Online,2,2,465500.0,376923.0
2025-07-09,Sách,Đà Nẵng,Cửa hàng,3,3,929600.0,712501.0
2025-07-09,Sách,Đà Nẵng,Online,2,2,309000.0,231348.0
2025-07-09,Thời trang,Cần Thơ,Cửa hàng,1,1,1394000.0,887102.0
2025-07-09,Thời trang,Hà Nội,Cửa hàng,7,7,10245050.0,7668650.0
2025-07-09,Thời trang,Hà Nội,Online,5,5,13741703.0,10121629.0
2025-07-09,Thời trang,Hải Phòng,Cửa hàng,1,1,1103300.0,923079.0
2025-07-09,Thời trang,TP HCM,Cửa hàng,4,4,2658700.0,1781480.0
2025-07-09,Thời trang,TP HCM,Online,5,5,6184050.0,4343852.0
2025-07-09,Thời trang,Đà Nẵng,Cửa hàng,8,8,8767100.0,6191893.0
2025-07-09,Thời trang,Đà Nẵng,Online,2,2,3229600.0,2314516.0
2025-07-09,Thực phẩm,Cần Thơ,Cửa hàng,1,1,153000.0,120341.0
2025-07-09,Thực phẩm,Cần Thơ,Online,3,3,797050.0,601209.0
2025-07-09,Thực phẩm,Hà Nội,Cửa hàng,7,7,4957794.0,3482452.0
2025-07-09,Thực phẩm,Hà Nội,Online,8,8,4235502.0,3075550.0
2025-07-09,Thực phẩm,Hải Phòng,Cửa hàng,5,5,1069100.0,797247.0
2025-07-09,Thực phẩm,TP HCM,Cửa hàng,7,7,2328800.0,1662237.0
2025-07-09,Thực phẩm,TP HCM,Online,7,7,2169600.0,1613998.0
2025-07-09,Thực phẩm,Đà Nẵng,Cửa hàng,5,5,2202950.0,1573422.0
2025-07-09,Thực phẩm,Đà Nẵng,Online,6,6,3740092.0,2652178.0
2025-07-09,Điện tử,Cần Thơ,Cửa hàng,3,3,5786000.0,3923848.0
2025-07-09,Điện tử,Cần Thơ,Online,3,3,9065600.0,6043698.0
2025-07-09,Điện tử,Hà Nội,Cửa hàng,5,5,9797700.0,7029661.0
2025-07-09,Điện tử,Hà Nội,Online,4,4,8921050.0,6034933.0
2025-07-09,Điện tử,Hải Phòng,Cửa hàng,2,2,5181400.0,3579120.0
2025-07-09,Điện tử,TP HCM,Cửa hàng,8,8,13970700.0,9987380.0
2025-07-09,Điện tử,TP HCM,Online,6,6,12082650.0,8810219.0
2025-07-09,Điện tử,Đà Nẵng,Cửa hàng,3,3,5687400.0,4016831.0
2025-07-09,Điện tử,Đà Nẵng,Online,3,3,4643100.0,3384232.0
2025-07-10,Gia dụng,Cần Thơ,Cửa hàng,1,1,1580000.0,1065174.0
2025-07-10,Gia dụng,Cần Thơ,Online,3,3,3980850.0,2860690.0
2025-07-10,Gia dụng,Hà Nội,Cửa hàng,5,5,10610288.0,7704990.0
2025-07-10,Gia dụng,Hà Nội,Online,3,3,3192700.0,2396250.0
2025-07-10,Gia dụng,Hải Phòng,Cửa hàng,2,2,3376500.0,2166307.0
2025-07-10,Gia dụng,Hải Phòng,Online,7,7,20854576.0,14983374.0
2025-07-10,Gia dụng,TP HCM,Cửa hàng,8,8,11219500.0,8536106.0
2025-07-10,Gia dụng,TP HCM,Online,3,3,8304000.0,6353401.0
2025-07-10,Gia dụng,Đà Nẵng,Cửa hàng,2,2,4819350.0,3593875.0
2025-07-10,Mỹ phẩm,Cần Thơ,Cửa hàng,2,2,2611600.0,1715354.0
2025-07-10,Mỹ phẩm,Hà Nội,Cửa hàng,5,5,2335450.0,1644437.0
2025-07-10,Mỹ phẩm,Hà Nội,Online,3,3,4189400.0,3116441.0
2025-07-10,Mỹ phẩm,Hải Phòng,Cửa hàng,2,2,1562350.0,1027044.0
2025-07-10,Mỹ phẩm,TP HCM,Cửa hàng,11,11,9523250.0,6866778.0
2025-07-10,Mỹ phẩm,TP HCM,Online,6,6,7352000.0,5172682.0
2025-07-10,Mỹ phẩm,Đà Nẵng,Online,4,4,1637650.0,1168254.0
2025-07-10,Sách,Cần Thơ,Cửa hàng,1,1,139650.0,105801.0
2025-07-10,Sách,Cần Thơ,Online,1,1,120600.0,72698.0
2025-07-10,Sách,Hà Nội,Online,3,3,794300.0,580885.0
2025-07-10,Sách,Hải Phòng,Online,1,1,274000.0,200621.0
2025-07-10,Sách,TP HCM,Cửa hàng,4,4,1734000.0,1196830.0
2025-07-10,Sách,TP HCM,Online,4,4,715250.0,472335.0
2025-07-10,Sách,Đà Nẵng,Cửa hàng,2,2,531700.0,395378.0
2025-07-10,Sách,Đà Nẵng,Online,1,1,124450.0,90152.0
2025-07-10,Thời trang,Cần Thơ,Cửa hàng,1,1,1564000.0,1196195.0
2025-07-10,Thời trang,Cần Thơ,Online,3,3,4795000.0,3277473.0
2025-07-10,Thời trang,Hà Nội,Cửa hàng,7,7,8371500.0,6369574.0
2025-07-10,Thời trang,Hà Nội,Online,3,3,3025600.0,2198755.0
2025-07-10,Thời trang,Hải Phòng,Cửa hàng,2,2,1507000.0,1075024.0
2025-07-10,Thời trang,Hải Phòng,Online,1,1,1440200.0,1144066.0
2025-07-10,Thời trang,TP HCM,Cửa hàng,2,2,5605000.0,3823438.0
2025-07-10,Thời trang,TP HCM,Online,3,3,3620000.0,2877213.0
2025-07-10,Thực phẩm,Cần Thơ,Cửa hàng,1,1,169000.0,114959.0
2025-07-10,Thực phẩm,Cần Thơ,Online,3,3,657050.0,458315.0
2025-07-10,Thực phẩm,Hà Nội,Cửa hàng,9,9,2469350.0,1942775.0
2025-07-10,Thực phẩm,Hà Nội,Online,13,13,4756800.0,3390766.0
2025-07-10,Thực phẩm,Hải Phòng,Cửa hàng,4,4,984600.0,679133.0
2025-07-10,Thực phẩm,Hải Phòng,Online,3,3,1415000.0,945543.0
2025-07-10,Thực phẩm,TP HCM,Cửa hàng,5,5,1438700.0,1064609.0
2025-07-10,Thực phẩm,TP HCM,Online,7,7,2025300.0,1518704.0
2025-07-10,Thực phẩm,Đà Nẵng,Cửa hàng,3,3,688000.0,496024.0
2025-07-10,Thực phẩm,Đà Nẵng,Online,5,5,1367650.0,1031542.0
2025-07-10,Điện tử,Cần Thơ,Cửa hàng,1,1,5855000.0,3924703.0
2025-07-10,Điện tử,Cần Thơ,Online,2,2,2155800.0,1638788.0
2025-07-10,Điện tử,Hà Nội,Cửa hàng,7,7,11979900.0,8788106.0
2025-07-10,Điện tử,Hà Nội,Online,4,4,23848198.0,16268912.0
2025-07-10,Điện tử,Hải Phòng,Cửa hàng,3,3,4138550.0,3116599.0
2025-07-10,Điện tử,Hải Phòng,Online,2,2,2036050.0,1566088.0
2025-07-10,Điện tử,TP HCM,Cửa hàng,6,6,9576100.0,6926074.0
2025-07-10,Điện tử,TP HCM,Online,6,6,11041000.0,7816644.0
2025-07-10,Điện tử,Đà Nẵng,Cửa hàng,3,3,8792000.0,5886920.0
2025-07-10,Điện tử,Đà Nẵng,Online,2,2,5630600.0,3643719.0
2025-07-11,Gia dụng,Cần Thơ,Cửa hàng,1,1,1504800.0,1045909.0
2025-07-11,Gia dụng,Cần Thơ,Online,1,1,784000.0,565410.0
2025-07-11,Gia dụng,Hà Nội,Cửa hàng,4,4,6897000.0,5158857.0
2025-07-11,Gia dụng,Hà Nội,Online,5,5,5553700.0,4229728.0
2025-07-11,Gia dụng,Hải Phòng,Cửa hàng,2,2,1577950.0,1288555.0
2025-07-11,Gia dụng,Hải Phòng,Online,1,1,813450.0,548802.0
2025-07-11,Gia dụng,TP HCM,Cửa hàng,8,8,9978650.0,7167281.0
2025-07-11,Gia dụng,TP HCM,Online,4,4,5603850.0,4047033.0
2025-07-11,Gia dụng,Đà Nẵng,Cửa hàng,3,3,5017500.0,3586729.0
2025-07-11,Gia dụng,Đà Nẵng,Online,1,1,1466000.0,918756.0
2025-07-11,Mỹ phẩm,Cần Thơ,Online,1,1,502000.0,362567.0
2025-07-11,Mỹ phẩm,Hà Nội,Cửa hàng,5,5,3137550.0,2396015.0
2025-07-11,Mỹ phẩm,Hà Nội,Online,3,3,1329400.0,989060.0
2025-07-11,Mỹ phẩm,Hải Phòng,Cửa hàng,3,3,2655100.0,1902235.0
2025-07-11,Mỹ phẩm,Hải Phòng,Online,2,2,920700.0,706054.0
2025-07-11,Mỹ phẩm,TP HCM,Cửa hàng,6,6,3343500.0,2169018.0
2025-07-11,Mỹ phẩm,TP HCM,Online,2,2,3343000.0,2413660.0
2025-07-11,Mỹ phẩm,Đà Nẵng,Cửa hàng,1,1,2330000.0,1822629.0
2025-07-11,Mỹ phẩm,Đà Nẵng,Online,1,1,1082000.0,845072.0
2025-07-11,Sách,Cần Thơ,Cửa hàng,3,3,521850.0,372966.0
2025-07-11,Sách,Hà Nội,Cửa hàng,4,4,1047400.0,735653.0
2025-07-11,Sách,Hải Phòng,Cửa hàng,2,2,397650.0,315495.0
2025-07-11,Sách,Hải Phòng,Online,1,1,453000.0,306632.0
2025-07-11,Sách,TP HCM,Cửa hàng,9,9,3185700.0,2443396.0
2025-07-11,Sách,TP HCM,Online,3,3,535000.0,395060.0
2025-07-11,Sách,Đà Nẵng,Cửa hàng,1,1,168000.0,119415.0
2025-07-11,Sách,Đà Nẵng,Online,1,1,509200.0,368866.0
2025-07-11,Thời trang,Cần Thơ,Cửa hàng,1,1,1242700.0,745889.0
2025-07-11,Thời trang,Cần Thơ,Online,1,1,798000.0,576981.0
2025-07-11,Thời trang,Hà Nội,Cửa hàng,3,3,1998850.0,1459213.0
2025-07-11,Thời trang,Hà Nội,Online,9,9,12243450.0,9067077.0
2025-07-11,Thời trang,Hải Phòng,Cửa hàng,2,2,2118700.0,1538374.0
2025-07-11,Thời trang,TP HCM,Cửa hàng,11,11,11382800.0,8246462.0
2025-07-11,Thời trang,TP HCM,Online,4,4,7081900.0,4589923.0
2025-07-11,Thời trang,Đà Nẵng,Cửa hàng,1,1,1546000.0,1131336.0
2025-07-11,Thời trang,Đà Nẵng,Online,1,1,605700.0,497155.0
2025-07-11,Thực phẩm,Cần Thơ,Cửa hàng,3,3,738300.0,542095.0
2025-07-11,Thực phẩm,Cần Thơ,Online,1,1,165300.0,119482.0
2025-07-11,Thực phẩm,Hà Nội,Cửa hàng,10,10,2743300.0,2076960.0
2025-07-11,Thực phẩm,Hà Nội,Online,6,6,2042900.0,1411953.0
2025-07-11,Thực phẩm,Hải Phòng,Cửa hàng,7,7,2137400.0,1723646.0
2025-07-11,Thực phẩm,TP HCM,Cửa hàng,11,11,3515900.0,2603612.0
2025-07-11,Thực phẩm,TP HCM,Online,8,8,5184879.0,3797038.0
2025-07-11,Thực phẩm,Đà Nẵng,Cửa hàng,5,5,2068400.0,1674722.0
2025-07-11,Thực phẩm,Đà Nẵng,Online,3,3,517550.0,374094.0
2025-07-11,Điện tử,Cần Thơ,Cửa hàng,2,2,2253000.0,1752700.0
2025-07-11,Điện tử,Cần Thơ,Online,3,3,7101000.0,5415976.0
2025-07-11,Điện tử,Hà Nội,Cửa hàng,3,3,4205750.0,3084141.0
2025-07-11,Điện tử,Hà Nội,Online,2,2,2351000.0,1791043.0
2025-07-11,Điện tử,Hải Phòng,Cửa hàng,1,1,2778750.0,1711300.0
2025-07-11,Điện tử,Hải Phòng,Online,1,1,3091500.0,2219218.0
2025-07-11,Điện tử,TP HCM,Cửa hàng,5,5,8891700.0,5829310.0
2025-07-11,Điện tử,TP HCM,Online,5,5,11620000.0,7753165.0
2025-07-11,Điện tử,Đà Nẵng,Cửa hàng,4,4,6254700.0,4822273.0
2025-07-11,Điện tử,Đà Nẵng,Online,3,3,4276000.0,2963202.0
2025-07-12,Gia dụng,Cần Thơ,Cửa hàng,4,4,6337000.0,4538064.0
2025-07-12,Gia dụng,Cần Thơ,Online,1,1,875900.0,675541.0
2025-07-12,Gia dụng,Hà Nội,Cửa hàng,4,4,5848100.0,4222838.0
2025-07-12,Gia dụng,Hà Nội,Online,3,3,3412300.0,2504815.0
2025-07-12,Gia dụng,Hải Phòng,Online,2,2,1506000.0,1083762.0
2025-07-12,Gia dụng,TP HCM,Cửa hàng,3,3,3498000.0,2293243.0
2025-07-12,Gia dụng,TP HCM,Online,8,8,10117850.0,7371601.0
2025-07-12,Gia dụng,Đà Nẵng,Cửa hàng,3,3,4559050.0,3539290.0
2025-07-12,Gia dụng,Đà Nẵng,Online,2,2,2623000.0,1983236.0
2025-07-12,Mỹ phẩm,Cần Thơ,Cửa hàng,1,1,1365150.0,1157310.0
2025-07-12,Mỹ phẩm,Cần Thơ,Online,1,1,478800.0,345811.0
2025-07-12,Mỹ phẩm,Hà Nội,Cửa hàng,4,4,8877469.0,6422415.0
2025-07-12,Mỹ phẩm,Hà Nội,Online,1,1,346800.0,250475.0
2025-07-12,Mỹ phẩm,Hải Phòng,Cửa hàng,1,1,405000.0,277275.0
2025-07-12,Mỹ phẩm,TP HCM,Cửa hàng,4,4,2963000.0,2124745.0
2025-07-12,Mỹ phẩm,TP HCM,Online,3,3,1208200.0,823878.0
2025-07-12,Mỹ phẩm,Đà Nẵng,Online,2,2,1312550.0,888111.0
2025-07-12,Sách,Cần Thơ,Cửa hàng,1,1,145000.0,119217.0
2025-07-12,Sách,Hà Nội,Cửa hàng,4,4,863800.0,625821.0
2025-07-12,Sách,Hà Nội,Online,3,3,646200.0,463901.0
2025-07-12,Sách,Hải Phòng,Cửa hàng,1,1,133000.0,90006.0
2025-07-12,Sách,Hải Phòng,Online,1,1,2034256.0,1473620.0
2025-07-12,Sách,TP HCM,Cửa hàng,5,5,2823247.0,2062722.0
2025-07-12,Sách,TP HCM,Online,4,4,991850.0,753015.0
2025-07-12,Sách,Đà Nẵng,Cửa hàng,1,1,149150.0,100387.0
2025-07-12,Sách,Đà Nẵng,Online,3,3,883300.0,657954.0
2025-07-12,Thời trang,Cần Thơ,Cửa hàng,2,2,1469750.0,1201407.0
2025-07-12,Thời trang,Hà Nội,Cửa hàng,4,4,2969300.0,2097080.0
2025-07-12,Thời trang,Hà Nội,Online,3,3,5223000.0,3418366.0
2025-07-12,Thời trang,Hải Phòng,Cửa hàng,1,1,683000.0,531237.0
2025-07-12,Thời trang,Hải Phòng,Online,2,2,3030850.0,2224247.0
2025-07-12,Thời trang,TP HCM,Cửa hàng,6,6,7401150.0,5057582.0
2025-07-12,Thời trang,TP HCM,Online,3,3,2827850.0,2107004.0
2025-07-12,Thời trang,Đà Nẵng,Cửa hàng,2,2,5296000.0,3484582.0
2025-07-12,Thời trang,Đà Nẵng,Online,3,3,3446000.0,2306737.0
2025-07-12,Thực phẩm,Cần Thơ,Cửa hàng,5,5,1358550.0,917846.0
2025-07-12,Thực phẩm,Cần Thơ,Online,2,2,576000.0,397169.0
2025-07-12,Thực phẩm,Hà Nội,Cửa hàng,10,10,3224850.0,2192690.0
2025-07-12,Thực phẩm,Hà Nội,Online,2,2,554000.0,382769.0
2025-07-12,Thực phẩm,Hải Phòng,Cửa hàng,2,2,366900.0,268106.0
2025-07-12,Thực phẩm,Hải Phòng,Online,3,3,1120000.0,807153.0
2025-07-12,Thực phẩm,TP HCM,Cửa hàng,13,13,2794000.0,2026557.0
2025-07-12,Thực phẩm,TP HCM,Online,11,11,3842600.0,2650672.0
2025-07-12,Thực phẩm,Đà Nẵng,Cửa hàng,5,5,1065400.0,760953.0
2025-07-12,Thực phẩm,Đà Nẵng,Online,3,3,1508000.0,1081322.0
2025-07-12,Điện tử,Cần Thơ,Cửa hàng,4,4,5020900.0,3443963.0
2025-07-12,Điện tử,Cần Thơ,Online,2,2,9898500.0,6590714.0
2025-07-12,Điện tử,Hà Nội,Cửa hàng,6,6,16679500.0,12475475.0
2025-07-12,Điện tử,Hà Nội,Online,3,3,9278000.0,6955628.0
2025-07-12,Điện tử,TP HCM,Cửa hàng,6,6,11157750.0,8470800.0
2025-07-12,Điện tử,TP HCM,Online,7,7,19061050.0,14737910.0
2025-07-12,Điện tử,Đà Nẵng,Cửa hàng,6,6,12446500.0,9130478.0
2025-07-12,Điện tử,Đà Nẵng,Online,2,2,1946050.0,1524234.0
2025-07-13,Gia dụng,Cần Thơ,Cửa hàng,2,2,3411800.0,2448435.0
2025-07-13,Gia dụng,Cần Thơ,Online,3,3,3310000.0,2483482.0
2025-07-13,Gia dụng,Hà Nội,Cửa hàng,3,3,2558550.0,1794184.0
2025-07-13,Gia dụng,Hà Nội,Online,1,1,771000.0,636626.0
2025-07-13,Gia dụng,Hải Phòng,Cửa hàng,2,2,4663000.0,3732886.0
2025-07-13,Gia dụng,TP HCM,Cửa hàng,4,4,7579000.0,5636820.0
2025-07-13,Gia dụng,TP HCM,Online,3,3,4317450.0,3174349.0
2025-07-13,Gia dụng,Đà Nẵng,Cửa hàng,3,3,5073450.0,4025433.0
2025-07-13,Gia dụng,Đà Nẵng,Online,2,2,2795000.0,2254093.0
2025-07-13,Mỹ phẩm,Cần Thơ,Cửa hàng,3,3,2170950.0,1488059.0
2025-07-13,Mỹ phẩm,Hà Nội,Cửa hàng,1,1,423900.0,330879.0
2025-07-13,Mỹ phẩm,Hà Nội,Online,3,3,2303050.0,1712617.0
2025-07-13,Mỹ phẩm,Hải Phòng,Online,2,2,2268700.0,1569644.0
2025-07-13,Mỹ phẩm,TP HCM,Cửa hàng,8,8,12820878.0,9566406.0
2025-07-13,Mỹ phẩm,TP HCM,Online,4,4,2260650.0,1504700.0
2025-07-13,Mỹ phẩm,Đà Nẵng,Cửa hàng,1,1,1041200.0,689859.0
2025-07-13,Mỹ phẩm,Đà Nẵng,Online,1,1,493000.0,402104.0
2025-07-13,Sách,Cần Thơ,Online,1,1,163000.0,118078.0
2025-07-13,Sách,Hà Nội,Cửa hàng,3,3,874000.0,702158.0
2025-07-13,Sách,Hà Nội,Online,4,4,1044000.0,791045.0
2025-07-13,Sách,Hải Phòng,Online,2,2,268100.0,181073.0
2025-07-13,Sách,TP HCM,Cửa hàng,3,3,698300.0,479223.0
2025-07-13,Sách,TP HCM,Online,2,2,867600.0,640304.0
2025-07-13,Sách,Đà Nẵng,Cửa hàng,3,3,625000.0,441571.0
2025-07-13,Thời trang,Cần Thơ,Online,1,1,2463000.0,1594780.0
2025-07-13,Thời trang,Hà Nội,Cửa hàng,4,4,5960200.0,4572439.0
2025-07-13,Thời trang,Hà Nội,Online,2,2,2033800.0,1640405.0
2025-07-13,Thời trang,Hải Phòng,Cửa hàng,1,1,592200.0,435894.0
2025-07-13,Thời trang,Hải Phòng,Online,2,2,2202000.0,1537531.0
2025-07-13,Thời trang,TP HCM,Cửa hàng,4,4,4946250.0,3556005.0
2025-07-13,Thời trang,TP HCM,Online,2,2,2128000.0,1616837.0
2025-07-13,Thực phẩm,Cần Thơ,Cửa hàng,5,5,1354600.0,922182.0
2025-07-13,Thực phẩm,Cần Thơ,Online,5,5,1419850.0,1048377.0
2025-07-13,Thực phẩm,Hà Nội,Cửa hàng,9,9,3483300.0,2453219.0
2025-07-13,Thực phẩm,Hà Nội,Online,12,12,2538450.0,1881146.0
2025-07-13,Thực phẩm,Hải Phòng,Cửa hàng,6,6,2279350.0,1644955.0
2025-07-13,Thực phẩm,Hải Phòng,Online,3,3,664600.0,465055.0
2025-07-13,Thực phẩm,TP HCM,Cửa hàng,17,17,6144650.0,4461396.0
2025-07-13,Thực phẩm,TP HCM,Online,6,6,1729000.0,1201155.0
2025-07-13,Thực phẩm,Đà Nẵng,Cửa hàng,3,3,860950.0,633028.0
2025-07-13,Thực phẩm,Đà Nẵng,Online,6,6,1935050.0,1358021.0
2025-07-13,Điện tử,Cần Thơ,Cửa hàng,4,4,4881600.0,3687840.0
2025-07-13,Điện tử,Cần Thơ,Online,2,2,3276000.0,2443347.0
2025-07-13,Điện tử,Hà Nội,Cửa hàng,4,4,9251000.0,6819826.0
2025-07-13,Điện tử,Hà Nội,Online,6,5,18939600.0,14654528.0
2025-07-13,Điện tử,Hải Phòng,Cửa hàng,2,2,3865200.0,2683230.0
2025-07-13,Điện tử,Hải Phòng,Online,2,2,2002150.0,1449115.0
2025-07-13,Điện tử,TP HCM,Cửa hàng,8,8,14308900.0,10788134.0
2025-07-13,Điện tử,TP HCM,Online,3,3,3317500.0,2509330.0
2025-07-13,Điện tử,Đà Nẵng,Cửa hàng,2,2,3372000.0,2678100.0
2025-07-13,Điện tử,Đà Nẵng,Online,3,3,4178100.0,3238327.0
2025-07-14,Gia dụng,Cần Thơ,Cửa hàng,3,3,8174000.0,5948049.0
2025-07-14,Gia dụng,Cần Thơ,Online,3,3,5901500.0,4140466.0
2025-07-14,Gia dụng,Hà Nội,Cửa hàng,3,3,3579000.0,2595072.0
2025-07-14,Gia dụng,Hà Nội,Online,8,8,26925335.0,18925122.0
2025-07-14,Gia dụng,Hải Phòng,Cửa hàng,5,5,6657650.0,4974413.0
2025-07-14,Gia dụng,TP HCM,Cửa hàng,6,6,15225100.0,11787739.0
2025-07-14,Gia dụng,Đà Nẵng,Cửa hàng,3,3,2459950.0,1797963.0
2025-07-14,Gia dụng,Đà Nẵng,Online,3,3,6434000.0,4807907.0
2025-07-14,Mỹ phẩm,Cần Thơ,Cửa hàng,1,1,394250.0,260158.0
2025-07-14,Mỹ phẩm,Hà Nội,Cửa hàng,4,4,4251300.0,3000656.0
2025-07-14,Mỹ phẩm,Hà Nội,Online,1,1,1248000.0,1014919.0
2025-07-14,Mỹ phẩm,Hải Phòng,Online,2,2,958000.0,703842.0
2025-07-14,Mỹ phẩm,TP HCM,Cửa hàng,4,4,7433500.0,5411512.0
2025-07-14,Mỹ phẩm,TP HCM,Online,2,2,2698900.0,2004450.0
2025-07-14,Mỹ phẩm,Đà Nẵng,Cửa hàng,1,1,518000.0,336580.0
2025-07-14,Mỹ phẩm,Đà Nẵng,Online,2,2,918250.0,698753.0
2025-07-14,Sách,Cần Thơ,Cửa hàng,2,2,324000.0,269246.0
2025-07-14,Sách,Hà Nội,Cửa hàng,3,3,425600.0,312916.0
2025-07-14,Sách,Hà Nội,Online,2,2,275700.0,194548.0
2025-07-14,Sách,Hải Phòng,Cửa hàng,1,1,656000.0,475208.0
2025-07-14,Sách,Hải Phòng,Online,2,2,377600.0,296265.0
2025-07-14,Sách,TP HCM,Cửa hàng,4,4,1233100.0,897780.0
2025-07-14,Sách,TP HCM,Online,2,2,748000.0,546498.0
2025-07-14,Sách,Đà Nẵng,Cửa hàng,1,1,158000.0,108811.0
2025-07-14,Sách,Đà Nẵng,Online,2,2,272000.0,214478.0
2025-07-14,Thời trang,Cần Thơ,Cửa hàng,1,1,672600.0,492621.0
2025-07-14,Thời trang,Hà Nội,Cửa hàng,2,2,3920250.0,2908438.0
2025-07-14,Thời trang,Hà Nội,Online,1,1,713000.0,455477.0
2025-07-14,Thời trang,Hải Phòng,Cửa hàng,1,1,838000.0,516429.0
2025-07-14,Thời trang,Hải Phòng,Online,3,3,5370900.0,4031573.0
2025-07-14,Thời trang,TP HCM,Cửa hàng,7,7,5850250.0,4209346.0
2025-07-14,Thời trang,TP HCM,Online,8,8,15474900.0,11081672.0
2025-07-14,Thời trang,Đà Nẵng,Cửa hàng,2,2,2778000.0,1830349.0
2025-07-14,Thời trang,Đà Nẵng,Online,1,1,3895000.0,2955215.0
2025-07-14,Thực phẩm,Cần Thơ,Cửa hàng,5,5,1086700.0,710526.0
2025-07-14,Thực phẩm,Cần Thơ,Online,4,4,976100.0,764327.0
2025-07-14,Thực phẩm,Hà Nội,Cửa hàng,7,7,2551950.0,1774955.0
2025-07-14,Thực phẩm,Hà Nội,Online,6,6,2871300.0,2072610.0
2025-07-14,Thực phẩm,Hải Phòng,Cửa hàng,4,4,742000.0,519701.0
2025-07-14,Thực phẩm,Hải Phòng,Online,3,3,647100.0,452659.0
2025-07-14,Thực phẩm,TP HCM,Cửa hàng,12,12,4616450.0,3420789.0
2025-07-14,Thực phẩm,TP HCM,Online,9,9,2235800.0,1624211.0
2025-07-14,Thực phẩm,Đà Nẵng,Cửa hàng,3,3,1032400.0,766373.0
2025-07-14,Thực phẩm,Đà Nẵng,Online,7,7,2452500.0,1801941.0
2025-07-14,Điện tử,Cần Thơ,Cửa hàng,3,3,7864850.0,5485836.0
2025-07-14,Điện tử,Cần Thơ,Online,1,1,1863900.0,1583866.0
2025-07-14,Điện tử,Hà Nội,Cửa hàng,5,5,21071106.0,15933166.0
2025-07-14,Điện tử,Hà Nội,Online,7,6,7011500.0,4953342.0
2025-07-14,Điện tử,Hải Phòng,Cửa hàng,2,2,5311400.0,4292030.0
2025-07-14,Điện tử,TP HCM,Cửa hàng,2,2,2083000.0,1495182.0
2025-07-14,Điện tử,TP HCM,Online,1,1,1037000.0,843537.0
2025-07-14,Điện tử,Đà Nẵng,Cửa hàng,5,5,7713650.0,5860465.0
2025-07-14,Điện tử,Đà Nẵng,Online,2,2,4203400.0,2896983.0
2025-07-15,Gia dụng,Cần Thơ,Cửa hàng,2,2,4149000.0,2569344.0
2025-07-15,Gia dụng,Cần Thơ,Online,1,1,942000.0,757925.0
2025-07-15,Gia dụng,Hà Nội,Cửa hàng,5,5,6193900.0,4353520.0
2025-07-15,Gia dụng,Hà Nội,Online,4,4,4038250.0,2925632.0
2025-07-15,Gia dụng,Hải Phòng,Cửa hàng,3,3,5180550.0,4203575.0
2025-07-15,Gia dụng,Hải Phòng,Online,5,5,9752600.0,7354820.0
2025-07-15,Gia dụng,TP HCM,Cửa hàng,4,4,6918000.0,4699649.0
2025-07-15,Gia dụng,TP HCM,Online,5,5,8225800.0,6174075.0
2025-07-15,Gia dụng,Đà Nẵng,Cửa hàng,2,2,4041800.0,2739899.0
2025-07-15,Gia dụng,Đà Nẵng,Online,1,1,819000.0,649537.0
2025-07-15,Mỹ phẩm,Hà Nội,Cửa hàng,3,3,2839600.0,1878918.0
2025-07-15,Mỹ phẩm,Hà Nội,Online,5,5,5515200.0,4097760.0
2025-07-15,Mỹ phẩm,Hải Phòng,Cửa hàng,2,2,940150.0,688134.0
2025-07-15,Mỹ phẩm,TP HCM,Cửa hàng,3,3,2922000.0,2216191.0
2025-07-15,Mỹ phẩm,TP HCM,Online,2,2,1503000.0,1012916.0
2025-07-15,Sách,Cần Thơ,Cửa hàng,3,3,590000.0,424309.0
2025-07-15,Sách,Hà Nội,Cửa hàng,3,3,392000.0,284645.0
2025-07-15,Sách,Hà Nội,Online,3,3,554550.0,417672.0
2025-07-15,Sách,Hải Phòng,Cửa hàng,1,1,357000.0,244749.0
2025-07-15,Sách,Hải Phòng,Online,2,2,529850.0,383337.0
2025-07-15,Sách,TP HCM,Cửa hàng,4,4,850100.0,669407.0
2025-07-15,Sách,TP HCM,Online,2,2,765500.0,550843.0
2025-07-15,Sách,Đà Nẵng,Cửa hàng,3,3,468200.0,341631.0
2025-07-15,Thời trang,Cần Thơ,Cửa hàng,1,1,2992500.0,2303797.0
2025-07-15,Thời trang,Cần Thơ,Online,1,1,2648600.0,1620438.0
2025-07-15,Thời trang,Hà Nội,Cửa hàng,5,5,6986000.0,5380993.0
2025-07-15,Thời trang,Hà Nội,Online,2,2,2863000.0,2174672.0
2025-07-15,Thời trang,Hải Phòng,Cửa hàng,1,1,701000.0,472809.0
2025-07-15,Thời trang,Hải Phòng,Online,6,6,6774200.0,5115718.0
2025-07-15,Thời trang,TP HCM,Cửa hàng,6,6,11864200.0,7864972.0
2025-07-15,Thời trang,TP HCM,Online,4,4,8048300.0,5882594.0
2025-07-15,Thời trang,Đà Nẵng,Cửa hàng,3,3,5897000.0,4695643.0
2025-07-15,Thời trang,Đà Nẵng,Online,3,3,7386000.0,5340324.0
2025-07-15,Thực phẩm,Cần Thơ,Cửa hàng,1,1,581400.0,468160.0
2025-07-15,Thực phẩm,Cần Thơ,Online,2,2,311150.0,226530.0
2025-07-15,Thực phẩm,Hà Nội,Cửa hàng,10,10,3135050.0,2270826.0
2025-07-15,Thực phẩm,Hà Nội,Online,4,4,1579500.0,1142851.0
2025-07-15,Thực phẩm,Hải Phòng,Cửa hàng,2,2,501450.0,401786.0
2025-07-15,Thực phẩm,Hải Phòng,Online,1,1,200000.0,160877.0
2025-07-15,Thực phẩm,TP HCM,Cửa hàng,16,16,7708363.0,5482212.0
2025-07-15,Thực phẩm,TP HCM,Online,8,8,2577700.0,1949132.0
2025-07-15,Thực phẩm,Đà Nẵng,Cửa hàng,4,4,900900.0,671448.0
2025-07-15,Thực phẩm,Đà Nẵng,Online,4,4,1139000.0,770913.0
2025-07-15,Điện tử,Cần Thơ,Cửa hàng,3,3,5342850.0,4431595.0
2025-07-15,Điện tử,Cần Thơ,Online,3,3,5136200.0,3408871.0
2025-07-15,Điện tử,Hà Nội,Cửa hàng,9,9,15753600.0,11108638.0
2025-07-15,Điện tử,Hà Nội,Online,3,3,5568500.0,4290051.0
2025-07-15,Điện tử,Hải Phòng,Cửa hàng,1,1,1234000.0,865046.0
2025-07-15,Điện tử,Hải Phòng,Online,1,1,3151800.0,1942235.0
2025-07-15,Điện tử,TP HCM,Cửa hàng,10,10,39807289.0,28356085.0
2025-07-15,Điện tử,TP HCM,Online,7,7,13390650.0,9587421.0
2025-07-15,Điện tử,Đà Nẵng,Cửa hàng,3,3,2939350.0,2064265.0
2025-07-15,Điện tử,Đà Nẵng,Online,3,3,5405500.0,4182423.0
2025-07-16,Gia dụng,Cần Thơ,Cửa hàng,2,2,1560700.0,1202224.0
2025-07-16,Gia dụng,Cần Thơ,Online,3,3,5126800.0,3255962.0
2025-07-16,Gia dụng,Hà Nội,Cửa hàng,2,2,2266000.0,1669105.0
2025-07-16,Gia dụng,Hà Nội,Online,6,6,13302800.0,9394448.0
2025-07-16,Gia dụng,TP HCM,Cửa hàng,5,5,9339000.0,6529131.0
2025-07-16,Gia dụng,TP HCM,Online,2,2,2614000.0,1656924.0
2025-07-16,Gia dụng,Đà Nẵng,Cửa hàng,2,2,3608700.0,2522859.0
2025-07-16,Gia dụng,Đà Nẵng,Online,4,4,4971000.0,3920361.0
2025-07-16,Mỹ phẩm,Cần Thơ,Online,1,1,429400.0,340091.0
2025-07-16,Mỹ phẩm,Hà Nội,Cửa hàng,4,4,2701200.0,2099022.0
2025-07-16,Mỹ phẩm,Hà Nội,Online,2,2,2268650.0,1615434.0
2025-07-16,Mỹ phẩm,Hải Phòng,Cửa hàng,2,2,1994950.0,1629401.0
2025-07-16,Mỹ phẩm,TP HCM,Cửa hàng,2,2,2048200.0,1672921.0
2025-07-16,Mỹ phẩm,TP HCM,Online,5,5,3348350.0,2616456.0
2025-07-16,Mỹ phẩm,Đà Nẵng,Cửa hàng,1,1,387600.0,320296.0
2025-07-16,Mỹ phẩm,Đà Nẵng,Online,4,4,2800000.0,1901745.0
2025-07-16,Sách,Cần Thơ,Cửa hàng,3,3,414350.0,313830.0
2025-07-16,Sách,Cần Thơ,Online,2,2,295000.0,197576.0
2025-07-16,Sách,Hà Nội,Cửa hàng,4,4,915600.0,710869.0
2025-07-16,Sách,Hà Nội,Online,2,2,644000.0,511345.0
2025-07-16,Sách,Hải Phòng,Cửa hàng,1,1,130000.0,109909.0
2025-07-16,Sách,TP HCM,Cửa hàng,1,1,663000.0,525225.0
2025-07-16,Sách,TP HCM,Online,1,1,133450.0,96672.0
2025-07-16,Sách,Đà Nẵng,Cửa hàng,2,2,774000.0,510657.0
2025-07-16,Sách,Đà Nẵng,Online,3,3,822000.0,568469.0
2025-07-16,Thời trang,Cần Thơ,Cửa hàng,3,3,4818650.0,3854877.0
2025-07-16,Thời trang,Cần Thơ,Online,1,1,2367000.0,1970272.0
2025-07-16,Thời trang,Hà Nội,Cửa hàng,6,6,6919300.0,5054881.0
2025-07-16,Thời trang,Hà Nội,Online,4,4,3517800.0,2616030.0
2025-07-16,Thời trang,Hải Phòng,Cửa hàng,2,2,1465000.0,1124533.0
2025-07-16,Thời trang,TP HCM,Cửa hàng,3,3,2972300.0,2424564.0
2025-07-16,Thời trang,TP HCM,Online,8,8,11464800.0,8054995.0
2025-07-16,Thời trang,Đà Nẵng,Online,1,1,2577000.0,1662386.0
2025-07-16,Thực phẩm,Cần Thơ,Cửa hàng,4,4,2556890.0,1831254.0
2025-07-16,Thực phẩm,Cần Thơ,Online,2,2,768400.0,548372.0
2025-07-16,Thực phẩm,Hà Nội,Cửa hàng,5,5,1012550.0,722881.0
2025-07-16,Thực phẩm,Hà Nội,Online,8,8,2411250.0,1706977.0
2025-07-16,Thực phẩm,Hải Phòng,Cửa hàng,4,4,2266000.0,1711910.0
2025-07-16,Thực phẩm,Hải Phòng,Online,1,1,173000.0,108743.0
2025-07-16,Thực phẩm,TP HCM,Cửa hàng,9,9,2958650.0,2206326.0
2025-07-16,Thực phẩm,TP HCM,Online,9,9,3418650.0,2483296.0
2025-07-16,Thực phẩm,Đà Nẵng,Cửa hàng,3,3,923600.0,752861.0
2025-07-16,Thực phẩm,Đà Nẵng,Online,3,3,1179900.0,792708.0
2025-07-16,Điện tử,Cần Thơ,Cửa hàng,2,2,3191400.0,2629618.0
2025-07-16,Điện tử,Cần Thơ,Online,5,5,9053300.0,6313799.0
2025-07-16,Điện tử,Hà Nội,Cửa hàng,11,11,25356516.0,18241086.0
2025-07-16,Điện tử,Hà Nội,Online,7,7,14702400.0,10729181.0
2025-07-16,Điện tử,Hải Phòng,Cửa hàng,2,2,2084000.0,1540173.0
2025-07-16,Điện tử,Hải Phòng,Online,7,7,11947950.0,8573859.0
2025-07-16,Điện tử,TP HCM,Cửa hàng,7,7,18960550.0,13121834.0
2025-07-16,Điện tử,TP HCM,Online,8,8,31574610.0,22319386.0
2025-07-16,Điện tử,Đà Nẵng,Cửa hàng,3,3,7001000.0,4738091.0
2025-07-16,Điện tử,Đà Nẵng,Online,1,1,1187000.0,859126.0
2025-07-17,Gia dụng,Cần Thơ,Cửa hàng,3,3,2267050.0,1741510.0
2025-07-17,Gia dụng,Cần Thơ,Online,1,1,803000.0,579112.0
2025-07-17,Gia dụng,Hà Nội,Cửa hàng,8,8,10161450.0,6979880.0
2025-07-17,Gia dụng,Hà Nội,Online,2,2,3552300.0,2682543.0
2025-07-17,Gia dụng,Hải Phòng,Cửa hàng,2,2,1545000.0,1186450.0
2025-07-17,Gia dụng,Hải Phòng,Online,2,2,2600000.0,2009125.0
2025-07-17,Gia dụng,TP HCM,Cửa hàng,4,4,4290000.0,3301818.0
2025-07-17,Gia dụng,TP HCM,Online,5,5,11427400.0,7921098.0
2025-07-17,Gia dụng,Đà Nẵng,Cửa hàng,1,1,817000.0,492060.0
2025-07-17,Gia dụng,Đà Nẵng,Online,2,2,1909000.0,1320644.0
2025-07-17,Mỹ phẩm,Hà Nội,Cửa hàng,3,3,2916000.0,2115457.0
2025-07-17,Mỹ phẩm,Hà Nội,Online,3,3,3029700.0,2525849.0
2025-07-17,Mỹ phẩm,Hải Phòng,Cửa hàng,1,1,411000.0,316346.0
2025-07-17,Mỹ phẩm,Hải Phòng,Online,1,1,421800.0,340994.0
2025-07-17,Mỹ phẩm,TP HCM,Cửa hàng,4,4,2852600.0,2099618.0
2025-07-17,Mỹ phẩm,TP HCM,Online,2,2,867000.0,570263.0
2025-07-17,Mỹ phẩm,Đà Nẵng,Online,3,3,2343900.0,1718392.0
2025-07-17,Sách,Cần Thơ,Cửa hàng,3,3,916400.0,599673.0
2025-07-17,Sách,Hải Phòng,Cửa hàng,1,1,139000.0,114472.0
2025-07-17,Sách,Hải Phòng,Online,1,1,342000.0,256546.0
2025-07-17,Sách,TP HCM,Cửa hàng,3,3,611000.0,448370.0
2025-07-17,Sách,TP HCM,Online,4,4,1065900.0,766663.0
2025-07-17,Sách,Đà Nẵng,Cửa hàng,1,1,675000.0,572748.0
2025-07-17,Sách,Đà Nẵng,Online,2,2,676000.0,466393.0
2025-07-17,Thời trang,Cần Thơ,Cửa hàng,2,2,1496000.0,1179999.0
2025-07-17,Thời trang,Cần Thơ,Online,1,1,658800.0,546753.0
2025-07-17,Thời trang,Hà Nội,Cửa hàng,7,7,9475400.0,6677102.0
2025-07-17,Thời trang,Hà Nội,Online,5,5,9102900.0,6366273.0
2025-07-17,Thời trang,Hải Phòng,Online,2,2,1420700.0,1027213.0
2025-07-17,Thời trang,TP HCM,Online,4,4,2924900.0,2165901.0
2025-07-17,Thời trang,Đà Nẵng,Cửa hàng,4,4,5254100.0,4119700.0
2025-07-17,Thời trang,Đà Nẵng,Online,3,3,6072650.0,4711818.0
2025-07-17,Thực phẩm,Cần Thơ,Cửa hàng,5,5,1557150.0,1195350.0
2025-07-17,Thực phẩm,Cần Thơ,Online,3,3,982300.0,731533.0
2025-07-17,Thực phẩm,Hà Nội,Cửa hàng,8,8,3122100.0,2413511.0
2025-07-17,Thực phẩm,Hà Nội,Online,5,5,1474150.0,1163126.0
2025-07-17,Thực phẩm,Hải Phòng,Cửa hàng,1,1,199000.0,166602.0
2025-07-17,Thực phẩm,TP HCM,Cửa hàng,10,10,3613750.0,2603078.0
2025-07-17,Thực phẩm,TP HCM,Online,6,6,2775950.0,2079516.0
2025-07-17,Thực phẩm,Đà Nẵng,Cửa hàng,3,3,662900.0,524593.0
2025-07-17,Thực phẩm,Đà Nẵng,Online,5,5,1959900.0,1531987.0
2025-07-17,Điện tử,Cần Thơ,Cửa hàng,1,1,966000.0,699171.0
2025-07-17,Điện tử,Cần Thơ,Online,2,2,2279000.0,1624418.0
2025-07-17,Điện tử,Hà Nội,Cửa hàng,11,11,22486784.0,15633560.0
2025-07-17,Điện tử,Hà Nội,Online,5,5,8861000.0,5993749.0
2025-07-17,Điện tử,Hải Phòng,Cửa hàng,4,4,7968000.0,5869468.0
2025-07-17,Điện tử,Hải Phòng,Online,2,2,5933700.0,4222020.0
2025-07-17,Điện tử,TP HCM,Cửa hàng,9,9,18440150.0,13145269.0
2025-07-17,Điện tử,TP HCM,Online,9,9,17067700.0,12837036.0
2025-07-17,Điện tử,Đà Nẵng,Cửa hàng,5,5,11020500.0,7748192.0
2025-07-17,Điện tử,Đà Nẵng,Online,5,5,6451300.0,4661700.0
2025-07-18,Gia dụng,Cần Thơ,Cửa hàng,4,4,3314000.0,2373476.0
2025-07-18,Gia dụng,Hà Nội,Cửa hàng,5,5,9373000.0,7116731.0
2025-07-18,Gia dụng,Hà Nội,Online,6,6,12691920.0,9053453.0
2025-07-18,Gia dụng,Hải Phòng,Online,2,2,1470750.0,1067924.0
2025-07-18,Gia dụng,TP HCM,Cửa hàng,5,5,9253500.0,6725505.0
2025-07-18,Gia dụng,TP HCM,Online,5,5,7160700.0,4852842.0
2025-07-18,Gia dụng,Đà Nẵng,Cửa hàng,3,3,3614000.0,2718829.0
2025-07-18,Gia dụng,Đà Nẵng,Online,1,1,2493000.0,1797917.0
2025-07-18,Mỹ phẩm,Cần Thơ,Cửa hàng,1,1,450300.0,347155.0
2025-07-18,Mỹ phẩm,Cần Thơ,Online,1,1,1407000.0,920940.0
2025-07-18,Mỹ phẩm,Hà Nội,Cửa hàng,2,2,3000000.0,1987229.0
2025-07-18,Mỹ phẩm,Hà Nội,Online,1,1,511100.0,352950.0
2025-07-18,Mỹ phẩm,Hải Phòng,Cửa hàng,4,4,2888800.0,2224651.0
2025-07-18,Mỹ phẩm,Hải Phòng,Online,1,1,1804000.0,1364233.0
2025-07-18,Mỹ phẩm,TP HCM,Cửa hàng,3,3,1783500.0,1139506.0
2025-07-18,Mỹ phẩm,TP HCM,Online,4,4,5021200.0,3703644.0
2025-07-18,Sách,Cần Thơ,Cửa hàng,3,3,439000.0,315220.0
2025-07-18,Sách,Cần Thơ,Online,5,5,1745550.0,1281533.0
2025-07-18,Sách,Hà Nội,Cửa hàng,2,2,546300.0,405455.0
2025-07-18,Sách,Hà Nội,Online,3,3,842200.0,666185.0
2025-07-18,Sách,Hải Phòng,Cửa hàng,1,1,129200.0,105283.0
2025-07-18,Sách,Hải Phòng,Online,2,2,410000.0,285729.0
2025-07-18,Sách,TP HCM,Cửa hàng,7,7,2062800.0,1469740.0
2025-07-18,Sách,TP HCM,Online,7,7,1998250.0,1395079.0
2025-07-18,Sách,Đà Nẵng,Cửa hàng,2,2,447000.0,340083.0
2025-07-18,Thời trang,Cần Thơ,Cửa hàng,1,1,793000.0,634166.0
2025-07-18,Thời trang,Hà Nội,Cửa hàng,2,2,4847900.0,3355138.0
2025-07-18,Thời trang,Hà Nội,Online,3,3,4768700.0,3130794.0
2025-07-18,Thời trang,Hải Phòng,Cửa hàng,1,1,1537200.0,1215276.0
2025-07-18,Thời trang,Hải Phòng,Online,2,2,1532950.0,1055786.0
2025-07-18,Thời trang,TP HCM,Cửa hàng,5,5,9493200.0,6683034.0
2025-07-18,Thời trang,TP HCM,Online,4,4,6935800.0,5441480.0
2025-07-18,Thời trang,Đà Nẵng,Cửa hàng,2,2,2113000.0,1448525.0
2025-07-18,Thời trang,Đà Nẵng,Online,1,1,1392000.0,1006462.0
2025-07-18,Thực phẩm,Cần Thơ,Cửa hàng,2,2,843000.0,618099.0
2025-07-18,Thực phẩm,Cần Thơ,Online,1,1,160000.0,115651.0
2025-07-18,Thực phẩm,Hà Nội,Cửa hàng,13,13,4489800.0,3174197.0
2025-07-18,Thực phẩm,Hà Nội,Online,10,9,2611000.0,1908600.0
2025-07-18,Thực phẩm,Hải Phòng,Cửa hàng,4,4,3666721.0,2570680.0
2025-07-18,Thực phẩm,Hải Phòng,Online,2,2,662000.0,442083.0
2025-07-18,Thực phẩm,TP HCM,Cửa hàng,11,11,3931800.0,2776570.0
2025-07-18,Thực phẩm,TP HCM,Online,3,3,698900.0,462358.0
2025-07-18,Thực phẩm,Đà Nẵng,Cửa hàng,3,3,1241100.0,945313.0
2025-07-18,Thực phẩm,Đà Nẵng,Online,2,2,724000.0,575268.0
2025-07-18,Điện tử,Cần Thơ,Cửa hàng,1,1,15515789.0,10861052.0
2025-07-18,Điện tử,Cần Thơ,Online,3,3,5545200.0,4031983.0
2025-07-18,Điện tử,Hà Nội,Cửa hàng,5,5,8150950.0,5767087.0
2025-07-18,Điện tử,Hà Nội,Online,2,2,6766500.0,4537132.0
2025-07-18,Điện tử,Hải Phòng,Cửa hàng,1,1,1121000.0,871719.0
2025-07-18,Điện tử,Hải Phòng,Online,3,3,5415900.0,3688083.0
2025-07-18,Điện tử,TP HCM,Cửa hàng,5,5,12401900.0,9143156.0
2025-07-18,Điện tử,TP HCM,Online,7,7,16357600.0,11666081.0
2025-07-18,Điện tử,Đà Nẵng,Cửa hàng,3,3,3939400.0,3290032.0
2025-07-18,Điện tử,Đà Nẵng,Online,7,7,15914250.0,10687800.0
2025-07-19,Gia dụng,Cần Thơ,Cửa hàng,1,1,766000.0,545100.0
2025-07-19,Gia dụng,Cần Thơ,Online,1,1,1493400.0,1080895.0
2025-07-19,Gia dụng,Hà Nội,Cửa hàng,4,4,6282000.0,4669577.0
2025-07-19,Gia dụng,Hà Nội,Online,4,4,3112200.0,2246002.0
2025-07-19,Gia dụng,Hải Phòng,Cửa hàng,2,2,5037900.0,3530941.0
2025-07-19,Gia dụng,TP HCM,Cửa hàng,6,6,10244650.0,7488758.0
2025-07-19,Gia dụng,TP HCM,Online,3,3,3293000.0,2431271.0
2025-07-19,Mỹ phẩm,Cần Thơ,Cửa hàng,1,1,422000.0,310396.0
2025-07-19,Mỹ phẩm,Cần Thơ,Online,2,2,1483300.0,1127823.0
2025-07-19,Mỹ phẩm,Hà Nội,Cửa hàng,3,3,2605000.0,1788694.0
2025-07-19,Mỹ phẩm,Hà Nội,Online,2,2,839900.0,599447.0
2025-07-19,Mỹ phẩm,Hải Phòng,Cửa hàng,2,2,1372000.0,931233.0
2025-07-19,Mỹ phẩm,TP HCM,Cửa hàng,2,2,789100.0,566874.0
2025-07-19,Mỹ phẩm,TP HCM,Online,2,2,2828000.0,2086892.0
2025-07-19,Mỹ phẩm,Đà Nẵng,Cửa hàng,2,2,1042000.0,672289.0
2025-07-19,Sách,Cần Thơ,Cửa hàng,1,1,160000.0,126393.0
2025-07-19,Sách,Cần Thơ,Online,3,3,758000.0,520144.0
2025-07-19,Sách,Hà Nội,Cửa hàng,2,2,570000.0,380219.0
2025-07-19,Sách,Hà Nội,Online,2,2,609000.0,379722.0
2025-07-19,Sách,Hải Phòng,Cửa hàng,2,2,923700.0,748892.0
2025-07-19,Sách,Hải Phòng,Online,1,1,163000.0,137010.0
2025-07-19,Sách,TP HCM,Cửa hàng,4,4,601500.0,448342.0
2025-07-19,Sách,TP HCM,Online,3,3,1087000.0,749637.0
2025-07-19,Sách,Đà Nẵng,Cửa hàng,4,4,1348000.0,1014255.0
2025-07-19,Sách,Đà Nẵng,Online,1,1,149400.0,101660.0
2025-07-19,Thời trang,Cần Thơ,Cửa hàng,3,3,4973000.0,3477198.0
2025-07-19,Thời trang,Cần Thơ,Online,1,1,2864000.0,2095027.0
2025-07-19,Thời trang,Hà Nội,Cửa hàng,6,6,5255600.0,3815226.0
2025-07-19,Thời trang,Hà Nội,Online,8,8,9687950.0,6602648.0
2025-07-19,Thời trang,Hải Phòng,Online,2,2,1484000.0,1072981.0
2025-07-19,Thời trang,TP HCM,Cửa hàng,6,6,9334700.0,6626025.0
2025-07-19,Thời trang,TP HCM,Online,3,3,2279500.0,1619758.0
2025-07-19,Thời trang,Đà Nẵng,Cửa hàng,3,3,2333000.0,1684785.0
2025-07-19,Thời trang,Đà Nẵng,Online,3,3,12807903.0,9060719.0
2025-07-19,Thực phẩm,Cần Thơ,Cửa hàng,1,1,188000.0,150775.0
2025-07-19,Thực phẩm,Cần Thơ,Online,3,3,1401200.0,959430.0
2025-07-19,Thực phẩm,Hà Nội,Cửa hàng,6,6,1714600.0,1275986.0
2025-07-19,Thực phẩm,Hà Nội,Online,6,6,1417200.0,1032068.0
2025-07-19,Thực phẩm,Hải Phòng,Cửa hàng,3,3,959700.0,734845.0
2025-07-19,Thực phẩm,Hải Phòng,Online,4,4,1376000.0,991567.0
2025-07-19,Thực phẩm,TP HCM,Cửa hàng,11,10,2824400.0,2085761.0
2025-07-19,Thực phẩm,TP HCM,Online,5,5,2976415.0,2149614.0
2025-07-19,Thực phẩm,Đà Nẵng,Cửa hàng,5,5,1233750.0,909476.0
2025-07-19,Thực phẩm,Đà Nẵng,Online,4,4,1017800.0,716530.0
2025-07-19,Điện tử,Cần Thơ,Cửa hàng,4,4,5595000.0,4243964.0
2025-07-19,Điện tử,Cần Thơ,Online,4,4,4285150.0,3185850.0
2025-07-19,Điện tử,Hà Nội,Cửa hàng,1,1,4830750.0,3856452.0
2025-07-19,Điện tử,Hà Nội,Online,4,4,7604500.0,5712088.0
2025-07-19,Điện tử,Hải Phòng,Cửa hàng,1,1,1117000.0,713161.0
2025-07-19,Điện tử,Hải Phòng,Online,2,2,2337600.0,1657024.0
2025-07-19,Điện tử,TP HCM,Cửa hàng,5,5,11284150.0,8653964.0
2025-07-19,Điện tử,TP HCM,Online,6,6,7420400.0,5222156.0
2025-07-19,Điện tử,Đà Nẵng,Cửa hàng,4,4,5695650.0,4420191.0
2025-07-19,Điện tử,Đà Nẵng,Online,2,2,3921050.0,2881197.0
2025-07-20,Gia dụng,Cần Thơ,Cửa hàng,1,1,877000.0,578110.0
2025-07-20,Gia dụng,Cần Thơ,Online,1,1,845500.0,508059.0
2025-07-20,Gia dụng,Hà Nội,Cửa hàng,8,8,13761650.0,9851599.0
2025-07-20,Gia dụng,Hà Nội,Online,6,6,7307350.0,4764340.0
2025-07-20,Gia dụng,Hải Phòng,Cửa hàng,2,2,5146000.0,4002826.0
2025-07-20,Gia dụng,Hải Phòng,Online,1,1,760000.0,574237.0
2025-07-20,Gia dụng,TP HCM,Cửa hàng,1,1,1348100.0,866566.0
2025-07-20,Gia dụng,TP HCM,Online,7,7,11115600.0,7419066.0
2025-07-20,Gia dụng,Đà Nẵng,Cửa hàng,1,1,3612000.0,2789946.0
2025-07-20,Gia dụng,Đà Nẵng,Online,2,2,1437150.0,1021069.0
2025-07-20,Mỹ phẩm,Cần Thơ,Online,1,1,790200.0,478557.0
2025-07-20,Mỹ phẩm,Hà Nội,Cửa hàng,1,1,497000.0,374108.0
2025-07-20,Mỹ phẩm,Hà Nội,Online,4,4,2545900.0,1832406.0
2025-07-20,Mỹ phẩm,Hải Phòng,Cửa hàng,1,1,2640000.0,1638670.0
2025-07-20,Mỹ phẩm,TP HCM,Cửa hàng,5,5,5078350.0,3788933.0
2025-07-20,Mỹ phẩm,TP HCM,Online,2,2,881600.0,603132.0
2025-07-20,Sách,Cần Thơ,Cửa hàng,2,2,861000.0,682974.0
2025-07-20,Sách,Hà Nội,Cửa hàng,1,1,258000.0,156769.0
2025-07-20,Sách,Hà Nội,Online,1,1,1505230.0,1090392.0
2025-07-20,Sách,Hải Phòng,Cửa hàng,3,3,415000.0,301175.0
2025-07-20,Sách,TP HCM,Cửa hàng,3,3,405300.0,291877.0
2025-07-20,Sách,TP HCM,Online,1,1,162000.0,122562.0
2025-07-20,Sách,Đà Nẵng,Cửa hàng,1,1,132050.0,111033.0
2025-07-20,Sách,Đà Nẵng,Online,2,2,381400.0,253030.0
2025-07-20,Thời trang,Cần Thơ,Cửa hàng,1,1,699300.0,529036.0
2025-07-20,Thời trang,Cần Thơ,Online,1,1,759000.0,487463.0
2025-07-20,Thời trang,Hà Nội,Cửa hàng,6,6,5613000.0,3708079.0
2025-07-20,Thời trang,Hà Nội,Online,3,3,4562600.0,3609010.0
2025-07-20,Thời trang,Hải Phòng,Cửa hàng,1,1,1227400.0,773109.0
2025-07-20,Thời trang,Hải Phòng,Online,2,2,1386000.0,935125.0
2025-07-20,Thời trang,TP HCM,Cửa hàng,6,6,6114650.0,4304968.0
2025-07-20,Thời trang,TP HCM,Online,7,7,13488000.0,10125251.0
2025-07-20,Thời trang,Đà Nẵng,Cửa hàng,1,1,606100.0,374878.0
2025-07-20,Thời trang,Đà Nẵng,Online,1,1,648000.0,463604.0
2025-07-20,Thực phẩm,Cần Thơ,Cửa hàng,5,5,972450.0,719713.0
2025-07-20,Thực phẩm,Cần Thơ,Online,3,3,1504100.0,1107429.0
2025-07-20,Thực phẩm,Hà Nội,Cửa hàng,6,6,1815200.0,1286132.0
2025-07-20,Thực phẩm,Hà Nội,Online,8,8,2439700.0,1787436.0
2025-07-20,Thực phẩm,Hải Phòng,Online,1,1,185400.0,136499.0
2025-07-20,Thực phẩm,TP HCM,Cửa hàng,11,11,2581600.0,1952990.0
2025-07-20,Thực phẩm,TP HCM,Online,9,9,4336608.0,3091887.0
2025-07-20,Thực phẩm,Đà Nẵng,Cửa hàng,2,2,515350.0,413991.0
2025-07-20,Thực phẩm,Đà Nẵng,Online,7,7,2500750.0,1795389.0
2025-07-20,Điện tử,Cần Thơ,Cửa hàng,1,1,923950.0,737564.0
2025-07-20,Điện tử,Cần Thơ,Online,2,2,5265100.0,4001931.0
2025-07-20,Điện tử,Hà Nội,Cửa hàng,4,4,8027000.0,6005204.0
2025-07-20,Điện tử,Hà Nội,Online,10,10,20265050.0,14992898.0
2025-07-20,Điện tử,Hải Phòng,Cửa hàng,4,4,11839000.0,8451414.0
2025-07-20,Điện tử,Hải Phòng,Online,1,1,1113000.0,703854.0
2025-07-20,Điện tử,TP HCM,Cửa hàng,13,13,21496850.0,15743603.0
2025-07-20,Điện tử,TP HCM,Online,9,9,17423800.0,12743618.0
2025-07-20,Điện tử,Đà Nẵng,Cửa hàng,1,1,1258000.0,1011651.0
2025-07-20,Điện tử,Đà Nẵng,Online,3,3,5468950.0,3939559.0
2025-07-21,Gia dụng,Cần Thơ,Cửa hàng,2,2,4174200.0,3434255.0
2025-07-21,Gia dụng,Cần Thơ,Online,1,1,856000.0,611214.0
2025-07-21,Gia dụng,Hà Nội,Cửa hàng,2,2,1706950.0,1219868.0
2025-07-21,Gia dụng,Hà Nội,Online,8,8,11408850.0,8537027.0
2025-07-21,Gia dụng,Hải Phòng,Cửa hàng,1,1,976000.0,629964.0
2025-07-21,Gia dụng,Hải Phòng,Online,3,3,3052750.0,2209762.0
2025-07-21,Gia dụng,TP HCM,Cửa hàng,3,3,5772800.0,3978492.0
2025-07-21,Gia dụng,TP HCM,Online,5,5,3953000.0,2707152.0
2025-07-21,Gia dụng,Đà Nẵng,Cửa hàng,2,2,4982100.0,3877608.0
2025-07-21,Gia dụng,Đà Nẵng,Online,2,2,2565300.0,1706339.0
2025-07-21,Mỹ phẩm,Cần Thơ,Cửa hàng,2,2,1036000.0,802487.0
2025-07-21,Mỹ phẩm,Cần Thơ,Online,2,2,917000.0,683493.0
2025-07-21,Mỹ phẩm,Hà Nội,Cửa hàng,1,1,465000.0,392201.0
2025-07-21,Mỹ phẩm,Hà Nội,Online,4,4,4363200.0,3127869.0
2025-07-21,Mỹ phẩm,Hải Phòng,Cửa hàng,1,1,1428000.0,931945.0
2025-07-21,Mỹ phẩm,Hải Phòng,Online,1,1,368900.0,240767.0
2025-07-21,Mỹ phẩm,TP HCM,Cửa hàng,2,2,1292000.0,886264.0
2025-07-21,Mỹ phẩm,TP HCM,Online,4,4,4710450.0,3214409.0
2025-07-21,Mỹ phẩm,Đà Nẵng,Cửa hàng,1,1,499000.0,363130.0
2025-07-21,Mỹ phẩm,Đà Nẵng,Online,1,1,1266300.0,1012081.0
2025-07-21,Sách,Cần Thơ,Cửa hàng,1,1,148000.0,98976.0
2025-07-21,Sách,Hà Nội,Cửa hàng,2,2,379850.0,254374.0
2025-07-21,Sách,Hà Nội,Online,1,1,367650.0,254910.0
2025-07-21,Sách,Hải Phòng,Online,2,2,384800.0,292296.0
2025-07-21,Sách,TP HCM,Cửa hàng,3,3,890450.0,656738.0
2025-07-21,Sách,Đà Nẵng,Online,3,3,763400.0,566196.0
2025-07-21,Thời trang,Cần Thơ,Online,3,3,5661800.0,4207553.0
2025-07-21,Thời trang,Hà Nội,Cửa hàng,6,6,6798100.0,5258032.0
2025-07-21,Thời trang,Hà Nội,Online,9,9,13259300.0,9849669.0
2025-07-21,Thời trang,TP HCM,Cửa hàng,5,5,8866500.0,6392499.0
2025-07-21,Thời trang,TP HCM,Online,3,3,3998850.0,2796999.0
2025-07-21,Thời trang,Đà Nẵng,Cửa hàng,1,1,778000.0,651187.0
2025-07-21,Thời trang,Đà Nẵng,Online,4,4,3595000.0,2561889.0
2025-07-21,Thực phẩm,Cần Thơ,Cửa hàng,6,6,1722000.0,1322884.0
2025-07-21,Thực phẩm,Cần Thơ,Online,3,3,600900.0,445139.0
2025-07-21,Thực phẩm,Hà Nội,Cửa hàng,11,11,2619100.0,1921786.0
2025-07-21,Thực phẩm,Hà Nội,Online,6,6,2272900.0,1674642.0
2025-07-21,Thực phẩm,Hải Phòng,Cửa hàng,3,3,756400.0,559385.0
2025-07-21,Thực phẩm,Hải Phòng,Online,4,4,1030900.0,682748.0
2025-07-21,Thực phẩm,TP HCM,Cửa hàng,11,11,3429800.0,2310378.0
2025-07-21,Thực phẩm,TP HCM,Online,9,9,2429800.0,1883272.0
2025-07-21,Thực phẩm,Đà Nẵng,Cửa hàng,3,3,491200.0,356915.0
2025-07-21,Thực phẩm,Đà Nẵng,Online,4,4,1567700.0,1130748.0
2025-07-21,Điện tử,Cần Thơ,Cửa hàng,2,2,3027000.0,2322042.0
2025-07-21,Điện tử,Hà Nội,Cửa hàng,6,6,15829800.0,10452051.0
2025-07-21,Điện tử,Hà Nội,Online,2,2,5131100.0,3632865.0
2025-07-21,Điện tử,Hải Phòng,Cửa hàng,2,2,4238100.0,3473742.0
2025-07-21,Điện tử,Hải Phòng,Online,6,6,11233950.0,7812084.0
2025-07-21,Điện tử,TP HCM,Cửa hàng,9,9,17854650.0,12948889.0
2025-07-21,Điện tử,TP HCM,Online,4,4,9043800.0,6418957.0
2025-07-21,Điện tử,Đà Nẵng,Cửa hàng,4,4,9087050.0,6659433.0
2025-07-21,Điện tử,Đà Nẵng,Online,1,1,1167000.0,818357.0
2025-07-22,Gia dụng,Cần Thơ,Cửa hàng,2,2,2548000.0,1897364.0
2025-07-22,Gia dụng,Cần Thơ,Online,2,2,1657500.0,1124314.0
2025-07-22,Gia dụng,Hà Nội,Cửa hàng,5,5,4885650.0,3551074.0
2025-07-22,Gia dụng,Hà Nội,Online,3,3,4600000.0,3338385.0
2025-07-22,Gia dụng,Hải Phòng,Cửa hàng,1,1,1704300.0,1335023.0
2025-07-22,Gia dụng,TP HCM,Cửa hàng,4,4,4045850.0,2868881.0
2025-07-22,Gia dụng,TP HCM,Online,5,5,6268950.0,4747683.0
2025-07-22,Gia dụng,Đà Nẵng,Online,2,2,2339100.0,1730146.0
2025-07-22,Mỹ phẩm,Cần Thơ,Cửa hàng,1,1,864500.0,634916.0
2025-07-22,Mỹ phẩm,Cần Thơ,Online,3,2,1345800.0,1024863.0
2025-07-22,Mỹ phẩm,Hà Nội,Cửa hàng,2,2,1819800.0,1148202.0
2025-07-22,Mỹ phẩm,Hà Nội,Online,2,2,902600.0,602989.0
2025-07-22,Mỹ phẩm,Hải Phòng,Cửa hàng,2,2,835550.0,591747.0
2025-07-22,Mỹ phẩm,Hải Phòng,Online,1,1,472000.0,355619.0
2025-07-22,Mỹ phẩm,TP HCM,Cửa hàng,6,6,5408400.0,4146270.0
2025-07-22,Mỹ phẩm,TP HCM,Online,3,3,2948900.0,2055167.0
2025-07-22,Mỹ phẩm,Đà Nẵng,Cửa hàng,1,1,1032000.0,835485.0
2025-07-22,Sách,Cần Thơ,Cửa hàng,6,6,1645000.0,1129860.0
2025-07-22,Sách,Hà Nội,Online,1,1,486000.0,323238.0
2025-07-22,Sách,Hải Phòng,Cửa hàng,1,1,165000.0,129226.0
2025-07-22,Sách,TP HCM,Cửa hàng,3,3,857500.0,565714.0
2025-07-22,Sách,TP HCM,Online,2,2,482750.0,348151.0
2025-07-22,Sách,Đà Nẵng,Cửa hàng,1,1,161500.0,116956.0
2025-07-22,Thời trang,Cần Thơ,Cửa hàng,2,2,2006400.0,1422082.0
2025-07-22,Thời trang,Cần Thơ,Online,1,1,665950.0,544770.0
2025-07-22,Thời trang,Hà Nội,Cửa hàng,3,3,1992000.0,1323623.0
2025-07-22,Thời trang,Hà Nội,Online,3,3,3956400.0,2706617.0
2025-07-22,Thời trang,Hải Phòng,Cửa hàng,3,3,5990750.0,4426582.0
2025-07-22,Thời trang,Hải Phòng,Online,3,3,4464000.0,3368558.0
2025-07-22,Thời trang,TP HCM,Cửa hàng,3,3,3444700.0,2651845.0
2025-07-22,Thời trang,TP HCM,Online,4,4,4197200.0,2944693.0
2025-07-22,Thời trang,Đà Nẵng,Cửa hàng,2,2,1350650.0,1004834.0
2025-07-22,Thời trang,Đà Nẵng,Online,2,2,1355000.0,952884.0
2025-07-22,Thực phẩm,Cần Thơ,Cửa hàng,8,8,1953300.0,1427492.0
2025-07-22,Thực phẩm,Cần Thơ,Online,5,5,2026000.0,1412715.0
2025-07-22,Thực phẩm,Hà Nội,Cửa hàng,9,9,4593876.0,3264706.0
2025-07-22,Thực phẩm,Hà Nội,Online,6,6,1456350.0,1030832.0
2025-07-22,Thực phẩm,Hải Phòng,Cửa hàng,2,2,458200.0,354233.0
2025-07-22,Thực phẩm,Hải Phòng,Online,4,4,1479500.0,1093843.0
2025-07-22,Thực phẩm,TP HCM,Cửa hàng,13,13,4875400.0,3410485.0
2025-07-22,Thực phẩm,TP HCM,Online,8,8,2576800.0,1895965.0
2025-07-22,Thực phẩm,Đà Nẵng,Cửa hàng,6,6,2350150.0,1689826.0
2025-07-22,Thực phẩm,Đà Nẵng,Online,1,1,163000.0,123512.0
2025-07-22,Điện tử,Cần Thơ,Cửa hàng,3,3,4212050.0,3089827.0
2025-07-22,Điện tử,Cần Thơ,Online,2,2,6378400.0,5073770.0
2025-07-22,Điện tử,Hà Nội,Cửa hàng,5,5,9722450.0,7159269.0
2025-07-22,Điện tử,Hà Nội,Online,4,4,7029750.0,5229568.0
2025-07-22,Điện tử,Hải Phòng,Cửa hàng,2,2,3514000.0,2594399.0
2025-07-22,Điện tử,Hải Phòng,Online,1,1,14430857.0,10101600.0
2025-07-22,Điện tử,TP HCM,Cửa hàng,5,5,9165050.0,5984452.0
2025-07-22,Điện tử,TP HCM,Online,7,7,8800600.0,6451017.0
2025-07-22,Điện tử,Đà Nẵng,Cửa hàng,4,4,5830700.0,4257014.0
2025-07-22,Điện tử,Đà Nẵng,Online,2,2,6456750.0,4034787.0
2025-07-23,Gia dụng,Cần Thơ,Online,1,1,3344000.0,2411646.0
2025-07-23,Gia dụng,Hà Nội,Cửa hàng,4,4,3365100.0,2278846.0
2025-07-23,Gia dụng,Hà Nội,Online,5,5,4939650.0,3579838.0
2025-07-23,Gia dụng,Hải Phòng,Online,1,1,707750.0,568307.0
2025-07-23,Gia dụng,TP HCM,Cửa hàng,11,11,13454950.0,9564747.0
2025-07-23,Gia dụng,TP HCM,Online,5,5,6553150.0,5080170.0
2025-07-23,Gia dụng,Đà Nẵng,Cửa hàng,4,4,5993100.0,3752732.0
2025-07-23,Mỹ phẩm,Cần Thơ,Cửa hàng,1,1,2136000.0,1707811.0
2025-07-23,Mỹ phẩm,Cần Thơ,Online,1,1,479000.0,345956.0
2025-07-23,Mỹ phẩm,Hà Nội,Cửa hàng,11,11,15325011.0,11065039.0
2025-07-23,Mỹ phẩm,Hải Phòng,Cửa hàng,3,3,2981000.0,2230866.0
2025-07-23,Mỹ phẩm,TP HCM,Cửa hàng,3,3,3425000.0,2448163.0
2025-07-23,Mỹ phẩm,TP HCM,Online,2,2,941200.0,703541.0
2025-07-23,Mỹ phẩm,Đà Nẵng,Online,3,3,1349500.0,921373.0
2025-07-23,Sách,Cần Thơ,Cửa hàng,1,1,275400.0,191672.0
2025-07-23,Sách,Hà Nội,Cửa hàng,3,3,1142550.0,861793.0
2025-07-23,Sách,Hà Nội,Online,1,1,438900.0,370493.0
2025-07-23,Sách,Hải Phòng,Online,2,2,534000.0,395569.0
2025-07-23,Sách,TP HCM,Cửa hàng,1,1,321100.0,251675.0
2025-07-23,Sách,TP HCM,Online,2,2,458000.0,315215.0
2025-07-23,Sách,Đà Nẵng,Cửa hàng,5,5,1534600.0,1094894.0
2025-07-23,Thời trang,Hà Nội,Cửa hàng,5,5,10220883.0,7044063.0
2025-07-23,Thời trang,Hà Nội,Online,3,3,2873000.0,1968757.0
2025-07-23,Thời trang,Hải Phòng,Cửa hàng,4,4,6320400.0,4651886.0
2025-07-23,Thời trang,TP HCM,Cửa hàng,7,7,7139800.0,5414269.0
2025-07-23,Thời trang,TP HCM,Online,6,6,5729650.0,3921097.0
2025-07-23,Thời trang,Đà Nẵng,Cửa hàng,2,2,6601000.0,4133875.0
2025-07-23,Thời trang,Đà Nẵng,Online,2,2,2010600.0,1605965.0
2025-07-23,Thực phẩm,Cần Thơ,Cửa hàng,5,5,1302800.0,923105.0
2025-07-23,Thực phẩm,Cần Thơ,Online,2,2,331900.0,237836.0
2025-07-23,Thực phẩm,Hà Nội,Cửa hàng,9,9,2179350.0,1567165.0
2025-07-23,Thực phẩm,Hà Nội,Online,9,9,2696350.0,1919520.0
2025-07-23,Thực phẩm,Hải Phòng,Cửa hàng,4,4,852850.0,612930.0
2025-07-23,Thực phẩm,Hải Phòng,Online,6,6,1568350.0,1189870.0
2025-07-23,Thực phẩm,TP HCM,Cửa hàng,11,11,3892800.0,3032734.0
2025-07-23,Thực phẩm,TP HCM,Online,10,10,4172250.0,3098506.0
2025-07-23,Thực phẩm,Đà Nẵng,Cửa hàng,3,3,662300.0,534205.0
2025-07-23,Thực phẩm,Đà Nẵng,Online,1,1,173850.0,125662.0
2025-07-23,Điện tử,Cần Thơ,Cửa hàng,2,2,3470000.0,2614804.0
2025-07-23,Điện tử,Hà Nội,Cửa hàng,1,1,1044050.0,650005.0
2025-07-23,Điện tử,Hà Nội,Online,3,3,6596000.0,4608035.0
2025-07-23,Điện tử,Hải Phòng,Cửa hàng,1,1,2044000.0,1500553.0
2025-07-23,Điện tử,Hải Phòng,Online,1,1,1118000.0,809186.0
2025-07-23,Điện tử,TP HCM,Cửa hàng,6,6,11008550.0,7626712.0
2025-07-23,Điện tử,TP HCM,Online,8,8,10290350.0,7401216.0
2025-07-23,Điện tử,Đà Nẵng,Cửa hàng,1,1,1207000.0,873243.0
2025-07-23,Điện tử,Đà Nẵng,Online,3,3,3327000.0,2408015.0
2025-07-24,Gia dụng,Hà Nội,Cửa hàng,3,3,4413200.0,3403547.0
2025-07-24,Gia dụng,Hà Nội,Online,3,3,6704000.0,4732420.0
2025-07-24,Gia dụng,Hải Phòng,Cửa hàng,4,4,3546000.0,2709912.0
2025-07-24,Gia dụng,Hải Phòng,Online,3,3,4267300.0,2829964.0
2025-07-24,Gia dụng,TP HCM,Cửa hàng,7,7,12367400.0,9484796.0
2025-07-24,Gia dụng,TP HCM,Online,3,3,5378450.0,4174774.0
2025-07-24,Gia dụng,Đà Nẵng,Cửa hàng,3,3,5854300.0,4352942.0
2025-07-24,Gia dụng,Đà Nẵng,Online,3,3,6110000.0,4254943.0
2025-07-24,Mỹ phẩm,Cần Thơ,Cửa hàng,1,1,499000.0,390687.0
2025-07-24,Mỹ phẩm,Cần Thơ,Online,2,2,2269000.0,1706924.0
2025-07-24,Mỹ phẩm,Hà Nội,Cửa hàng,4,4,3469550.0,2495256.0
2025-07-24,Mỹ phẩm,Hải Phòng,Cửa hàng,2,2,845750.0,529755.0
2025-07-24,Mỹ phẩm,TP HCM,Cửa hàng,5,5,3171450.0,2333075.0
2025-07-24,Mỹ phẩm,TP HCM,Online,3,3,8730420.0,6276659.0
2025-07-24,Mỹ phẩm,Đà Nẵng,Cửa hàng,1,1,468000.0,321857.0
2025-07-24,Sách,Cần Thơ,Cửa hàng,3,3,440100.0,308447.0
2025-07-24,Sách,Cần Thơ,Online,1,1,536000.0,388280.0
2025-07-24,Sách,Hà Nội,Cửa hàng,8,8,2027400.0,1506252.0
2025-07-24,Sách,Hà Nội,Online,2,2,307000.0,238789.0
2025-07-24,Sách,Hải Phòng,Cửa hàng,1,1,264000.0,185415.0
2025-07-24,Sách,Hải Phòng,Online,1,1,149000.0,99159.0
2025-07-24,Sách,TP HCM,Cửa hàng,2,2,935000.0,684026.0
2025-07-24,Sách,TP HCM,Online,3,3,1487100.0,1105433.0
2025-07-24,Sách,Đà Nẵng,Cửa hàng,2,2,422000.0,295647.0
2025-07-24,Sách,Đà Nẵng,Online,1,1,121600.0,98269.0
2025-07-24,Thời trang,Cần Thơ,Cửa hàng,2,2,3024000.0,1902955.0
2025-07-24,Thời trang,Cần Thơ,Online,1,1,618450.0,483809.0
2025-07-24,Thời trang,Hà Nội,Cửa hàng,7,7,10045400.0,7165980.0
2025-07-24,Thời trang,Hà Nội,Online,1,1,2019600.0,1637323.0
2025-07-24,Thời trang,Hải Phòng,Cửa hàng,2,2,3193550.0,2460726.0
2025-07-24,Thời trang,Hải Phòng,Online,2,2,2636200.0,1724061.0
2025-07-24,Thời trang,TP HCM,Cửa hàng,1,1,764000.0,539242.0
2025-07-24,Thời trang,TP HCM,Online,2,2,2222200.0,1571486.0
2025-07-24,Thời trang,Đà Nẵng,Cửa hàng,2,2,1420850.0,1160895.0
2025-07-24,Thời trang,Đà Nẵng,Online,2,2,2777200.0,2205149.0
2025-07-24,Thực phẩm,Cần Thơ,Cửa hàng,4,4,2275000.0,1650386.0
2025-07-24,Thực phẩm,Cần Thơ,Online,2,2,498800.0,363816.0
2025-07-24,Thực phẩm,Hà Nội,Cửa hàng,11,11,2609900.0,1928224.0
2025-07-24,Thực phẩm,Hà Nội,Online,12,12,4730000.0,3474892.0
2025-07-24,Thực phẩm,Hải Phòng,Cửa hàng,6,6,2568800.0,1709326.0
2025-07-24,Thực phẩm,Hải Phòng,Online,3,3,1934750.0,1278777.0
2025-07-24,Thực phẩm,TP HCM,Cửa hàng,13,13,3422700.0,2454695.0
2025-07-24,Thực phẩm,TP HCM,Online,13,13,4062250.0,2959975.0
2025-07-24,Thực phẩm,Đà Nẵng,Cửa hàng,2,2,378800.0,260020.0
2025-07-24,Thực phẩm,Đà Nẵng,Online,3,3,683800.0,497273.0
2025-07-24,Điện tử,Cần Thơ,Cửa hàng,1,1,1178000.0,710921.0
2025-07-24,Điện tử,Cần Thơ,Online,1,1,2198300.0,1486605.0
2025-07-24,Điện tử,Hà Nội,Cửa hàng,6,6,10445550.0,8077420.0
2025-07-24,Điện tử,Hà Nội,Online,2,2,3290800.0,2298993.0
2025-07-24,Điện tử,Hải Phòng,Cửa hàng,5,5,8107400.0,6020442.0
2025-07-24,Điện tử,TP HCM,Cửa hàng,1,1,910800.0,659172.0
2025-07-24,Điện tử,TP HCM,Online,3,3,3121900.0,2259567.0
2025-07-24,Điện tử,Đà Nẵng,Cửa hàng,1,1,2464000.0,1654869.0
2025-07-24,Điện tử,Đà Nẵng,Online,2,2,2164700.0,1486089.0
2025-07-25,Gia dụng,Cần Thơ,Cửa hàng,1,1,1639800.0,1309298.0
2025-07-25,Gia dụng,Cần Thơ,Online,2,2,1476000.0,987670.0
2025-07-25,Gia dụng,Hà Nội,Cửa hàng,4,4,8434550.0,6748883.0
2025-07-25,Gia dụng,Hà Nội,Online,3,3,4183000.0,2972654.0
2025-07-25,Gia dụng,Hải Phòng,Cửa hàng,4,4,7513400.0,5520790.0
2025-07-25,Gia dụng,Hải Phòng,Online,2,2,1697000.0,1187253.0
2025-07-25,Gia dụng,TP HCM,Cửa hàng,4,4,4813400.0,3620496.0
2025-07-25,Gia dụng,TP HCM,Online,5,5,5771000.0,4201098.0
2025-07-25,Gia dụng,Đà Nẵng,Cửa hàng,4,4,7338400.0,5463025.0
2025-07-25,Gia dụng,Đà Nẵng,Online,1,1,2343000.0,1792460.0
2025-07-25,Mỹ phẩm,Cần Thơ,Cửa hàng,1,1,441150.0,350389.0
2025-07-25,Mỹ phẩm,Cần Thơ,Online,3,3,4133850.0,2956315.0
2025-07-25,Mỹ phẩm,Hà Nội,Cửa hàng,3,3,2847200.0,1900943.0
2025-07-25,Mỹ phẩm,TP HCM,Cửa hàng,5,5,2808300.0,2055996.0
2025-07-25,Mỹ phẩm,TP HCM,Online,2,2,1778750.0,1269841.0
2025-07-25,Mỹ phẩm,Đà Nẵng,Cửa hàng,1,1,465000.0,303388.0
2025-07-25,Mỹ phẩm,Đà Nẵng,Online,1,1,865300.0,558475.0
2025-07-25,Sách,Hà Nội,Cửa hàng,6,6,1190200.0,868572.0
2025-07-25,Sách,Hà Nội,Online,2,2,281000.0,203557.0
2025-07-25,Sách,TP HCM,Cửa hàng,5,5,3171138.0,2273708.0
2025-07-25,Sách,TP HCM,Online,3,3,1308000.0,1041825.0
2025-07-25,Sách,Đà Nẵng,Online,2,2,471150.0,341106.0
2025-07-25,Thời trang,Hà Nội,Cửa hàng,2,2,1501000.0,1050998.0
2025-07-25,Thời trang,Hà Nội,Online,3,3,4488400.0,3058016.0
2025-07-25,Thời trang,Hải Phòng,Cửa hàng,1,1,3244500.0,2138173.0
2025-07-25,Thời trang,Hải Phòng,Online,2,2,1279700.0,1026745.0
2025-07-25,Thời trang,TP HCM,Cửa hàng,4,4,3506800.0,2548744.0
2025-07-25,Thời trang,TP HCM,Online,4,4,6785400.0,5312114.0
2025-07-25,Thời trang,Đà Nẵng,Cửa hàng,2,2,1452150.0,1051663.0
2025-07-25,Thời trang,Đà Nẵng,Online,1,1,802000.0,579873.0
2025-07-25,Thực phẩm,Cần Thơ,Cửa hàng,7,7,2213250.0,1598412.0
2025-07-25,Thực phẩm,Cần Thơ,Online,3,3,672700.0,491416.0
2025-07-25,Thực phẩm,Hà Nội,Cửa hàng,11,11,3258400.0,2298204.0
2025-07-25,Thực phẩm,Hà Nội,Online,8,8,3303500.0,2440892.0
2025-07-25,Thực phẩm,Hải Phòng,Cửa hàng,8,8,1659800.0,1175816.0
2025-07-25,Thực phẩm,Hải Phòng,Online,3,3,746700.0,522417.0
2025-07-25,Thực phẩm,TP HCM,Cửa hàng,12,12,4258850.0,3205440.0
2025-07-25,Thực phẩm,TP HCM,Online,18,18,5403750.0,3968781.0
2025-07-25,Thực phẩm,Đà Nẵng,Cửa hàng,2,2,508000.0,373694.0
2025-07-25,Thực phẩm,Đà Nẵng,Online,7,7,3241950.0,2280078.0
2025-07-25,Điện tử,Cần Thơ,Cửa hàng,3,3,8829300.0,6642818.0
2025-07-25,Điện tử,Hà Nội,Cửa hàng,3,3,4540550.0,3084391.0
2025-07-25,Điện tử,Hà Nội,Online,3,3,4170000.0,3060810.0
2025-07-25,Điện tử,Hải Phòng,Cửa hàng,2,2,2138000.0,1618870.0
2025-07-25,Điện tử,Hải Phòng,Online,1,1,1136000.0,879347.0
2025-07-25,Điện tử,TP HCM,Cửa hàng,7,7,12882850.0,10216730.0
2025-07-25,Điện tử,TP HCM,Online,4,4,7921200.0,5267188.0
2025-07-25,Điện tử,Đà Nẵng,Cửa hàng,2,2,3498000.0,2056895.0
2025-07-25,Điện tử,Đà Nẵng,Online,4,4,7485000.0,5011538.0
2025-07-26,Gia dụng,Cần Thơ,Cửa hàng,3,3,2451750.0,1742659.0
2025-07-26,Gia dụng,Cần Thơ,Online,1,1,974000.0,754155.0
2025-07-26,Gia dụng,Hà Nội,Cửa hàng,2,2,2502600.0,1909027.0
2025-07-26,Gia dụng,Hà Nội,Online,4,4,6763000.0,4532943.0
2025-07-26,Gia dụng,Hải Phòng,Cửa hàng,2,2,1680000.0,1305290.0
2025-07-26,Gia dụng,Hải Phòng,Online,1,1,2373000.0,1687439.0
2025-07-26,Gia dụng,TP HCM,Cửa hàng,5,5,7720200.0,5111992.0
2025-07-26,Gia dụng,TP HCM,Online,4,4,6748450.0,4861584.0
2025-07-26,Gia dụng,Đà Nẵng,Cửa hàng,2,2,2801000.0,1837919.0
2025-07-26,Gia dụng,Đà Nẵng,Online,3,3,2345650.0,1589883.0
2025-07-26,Mỹ phẩm,Cần Thơ,Cửa hàng,1,1,526000.0,440022.0
2025-07-26,Mỹ phẩm,Hà Nội,Cửa hàng,2,2,1957200.0,1469838.0
2025-07-26,Mỹ phẩm,Hà Nội,Online,2,2,868450.0,623110.0
2025-07-26,Mỹ phẩm,Hải Phòng,Online,1,1,915800.0,628014.0
2025-07-26,Mỹ phẩm,TP HCM,Cửa hàng,6,6,4980050.0,3673175.0
2025-07-26,Mỹ phẩm,TP HCM,Online,2,2,1337900.0,998160.0
2025-07-26,Mỹ phẩm,Đà Nẵng,Cửa hàng,3,3,2195950.0,1712817.0
2025-07-26,Mỹ phẩm,Đà Nẵng,Online,2,2,2138350.0,1748549.0
2025-07-26,Sách,Cần Thơ,Cửa hàng,3,3,560000.0,386291.0
2025-07-26,Sách,Hà Nội,Cửa hàng,3,3,759000.0,526420.0
2025-07-26,Sách,Hà Nội,Online,2,2,627000.0,425827.0
2025-07-26,Sách,Hải Phòng,Cửa hàng,1,1,116100.0,75019.0
2025-07-26,Sách,TP HCM,Cửa hàng,3,3,734000.0,539748.0
2025-07-26,Sách,Đà Nẵng,Cửa hàng,1,1,130000.0,98353.0
2025-07-26,Sách,Đà Nẵng,Online,1,1,128350.0,96329.0
2025-07-26,Thời trang,Cần Thơ,Cửa hàng,3,3,4477700.0,3105455.0
2025-07-26,Thời trang,Cần Thơ,Online,2,2,2677700.0,1936066.0
2025-07-26,Thời trang,Hà Nội,Cửa hàng,2,2,3060000.0,2301894.0
2025-07-26,Thời trang,Hà Nội,Online,5,5,4547200.0,3323505.0
2025-07-26,Thời trang,Hải Phòng,Cửa hàng,3,3,3006750.0,2352861.0
2025-07-26,Thời trang,TP HCM,Cửa hàng,3,3,3945800.0,2889643.0
2025-07-26,Thời trang,TP HCM,Online,2,2,1476700.0,1202336.0
2025-07-26,Thời trang,Đà Nẵng,Cửa hàng,2,2,14502266.0,10128056.0
2025-07-26,Thời trang,Đà Nẵng,Online,2,2,3230000.0,2401725.0
2025-07-26,Thực phẩm,Cần Thơ,Cửa hàng,3,3,890000.0,561889.0
2025-07-26,Thực phẩm,Cần Thơ,Online,4,4,1256000.0,943173.0
2025-07-26,Thực phẩm,Hà Nội,Cửa hàng,9,9,3180300.0,2385186.0
2025-07-26,Thực phẩm,Hà Nội,Online,6,6,1458350.0,996352.0
2025-07-26,Thực phẩm,Hải Phòng,Cửa hàng,4,4,889000.0,672726.0
2025-07-26,Thực phẩm,Hải Phòng,Online,1,1,175750.0,121335.0
2025-07-26,Thực phẩm,TP HCM,Cửa hàng,14,14,7675586.0,5452899.0
2025-07-26,Thực phẩm,TP HCM,Online,10,10,2594050.0,1864621.0
2025-07-26,Thực phẩm,Đà Nẵng,Cửa hàng,6,6,2793800.0,2034148.0
2025-07-26,Thực phẩm,Đà Nẵng,Online,1,1,423300.0,305968.0
2025-07-26,Điện tử,Cần Thơ,Cửa hàng,1,1,1155000.0,699065.0
2025-07-26,Điện tử,Cần Thơ,Online,1,1,2140000.0,1301849.0
2025-07-26,Điện tử,Hà Nội,Cửa hàng,8,8,17078800.0,12776136.0
2025-07-26,Điện tử,Hà Nội,Online,7,7,12811150.0,9028251.0
2025-07-26,Điện tử,Hải Phòng,Cửa hàng,2,2,2188250.0,1575352.0
2025-07-26,Điện tử,Hải Phòng,Online,3,3,3654000.0,2666325.0
2025-07-26,Điện tử,TP HCM,Cửa hàng,7,7,10602900.0,7450489.0
2025-07-26,Điện tử,TP HCM,Online,7,7,8137100.0,5872605.0
2025-07-26,Điện tử,Đà Nẵng,Cửa hàng,4,4,7221200.0,5807072.0
2025-07-26,Điện tử,Đà Nẵng,Online,2,2,3501000.0,2522003.0
2025-07-27,Gia dụng,Cần Thơ,Online,1,1,777000.0,521249.0
2025-07-27,Gia dụng,Hà Nội,Cửa hàng,2,2,2614300.0,1772911.0
2025-07-27,Gia dụng,Hà Nội,Online,3,3,3470000.0,2462856.0
2025-07-27,Gia dụng,Hải Phòng,Online,2,2,2172000.0,1755171.0
2025-07-27,Gia dụng,TP HCM,Cửa hàng,6,6,6395600.0,4739916.0
2025-07-27,Gia dụng,TP HCM,Online,1,1,906300.0,555040.0
2025-07-27,Gia dụng,Đà Nẵng,Cửa hàng,1,1,1413600.0,1033748.0
2025-07-27,Gia dụng,Đà Nẵng,Online,2,2,1670600.0,1280303.0
2025-07-27,Mỹ phẩm,Cần Thơ,Cửa hàng,2,2,2111000.0,1368403.0
2025-07-27,Mỹ phẩm,Hà Nội,Cửa hàng,1,1,451350.0,376615.0
2025-07-27,Mỹ phẩm,Hà Nội,Online,2,2,1422000.0,1032733.0
2025-07-27,Mỹ phẩm,Hải Phòng,Cửa hàng,2,2,961000.0,789255.0
2025-07-27,Mỹ phẩm,TP HCM,Cửa hàng,6,6,6161900.0,4573073.0
2025-07-27,Mỹ phẩm,TP HCM,Online,1,1,1299000.0,977840.0
2025-07-27,Mỹ phẩm,Đà Nẵng,Cửa hàng,1,1,1341000.0,1028667.0
2025-07-27,Sách,Cần Thơ,Cửa hàng,1,1,146000.0,110652.0
2025-07-27,Sách,Cần Thơ,Online,3,3,1145600.0,944618.0
2025-07-27,Sách,Hà Nội,Cửa hàng,3,3,766000.0,595300.0
2025-07-27,Sách,Hà Nội,Online,4,4,1023050.0,763034.0
2025-07-27,Sách,Hải Phòng,Cửa hàng,2,2,1259500.0,962950.0
2025-07-27,Sách,Hải Phòng,Online,1,1,161000.0,131714.0
2025-07-27,Sách,TP HCM,Cửa hàng,7,7,1158200.0,797797.0
2025-07-27,Sách,TP HCM,Online,5,5,679150.0,503829.0
2025-07-27,Sách,Đà Nẵng,Cửa hàng,2,2,876000.0,681559.0
2025-07-27,Sách,Đà Nẵng,Online,3,3,1923645.0,1324967.0
2025-07-27,Thời trang,Cần Thơ,Cửa hàng,2,2,3170000.0,2378840.0
2025-07-27,Thời trang,Cần Thơ,Online,4,4,2883800.0,2085083.0
2025-07-27,Thời trang,Hà Nội,Cửa hàng,4,4,3660900.0,2945011.0
2025-07-27,Thời trang,Hà Nội,Online,6,6,6413700.0,4373451.0
2025-07-27,Thời trang,Hải Phòng,Cửa hàng,1,1,3480000.0,2807600.0
2025-07-27,Thời trang,Hải Phòng,Online,3,3,7044000.0,4872008.0
2025-07-27,Thời trang,TP HCM,Cửa hàng,7,7,6048850.0,4247979.0
2025-07-27,Thời trang,TP HCM,Online,3,3,4326150.0,3463754.0
2025-07-27,Thời trang,Đà Nẵng,Cửa hàng,3,3,4273600.0,3307069.0
2025-07-27,Thời trang,Đà Nẵng,Online,1,1,726000.0,524922.0
2025-07-27,Thực phẩm,Cần Thơ,Cửa hàng,8,8,2318350.0,1540518.0
2025-07-27,Thực phẩm,Cần Thơ,Online,1,1,345600.0,246466.0
2025-07-27,Thực phẩm,Hà Nội,Cửa hàng,5,5,1259700.0,859242.0
2025-07-27,Thực phẩm,Hà Nội,Online,9,9,1502100.0,1109817.0
2025-07-27,Thực phẩm,Hải Phòng,Cửa hàng,5,5,1812500.0,1405006.0
2025-07-27,Thực phẩm,Hải Phòng,Online,5,5,1411400.0,987632.0
2025-07-27,Thực phẩm,TP HCM,Cửa hàng,10,10,2475800.0,1738766.0
2025-07-27,Thực phẩm,TP HCM,Online,8,8,2560150.0,1894125.0
2025-07-27,Thực phẩm,Đà Nẵng,Cửa hàng,1,1,194000.0,155393.0
2025-07-27,Thực phẩm,Đà Nẵng,Online,2,2,1136000.0,770983.0
2025-07-27,Điện tử,Cần Thơ,Cửa hàng,2,2,2236000.0,1555063.0
2025-07-27,Điện tử,Hà Nội,Cửa hàng,7,7,13624650.0,10207679.0
2025-07-27,Điện tử,Hà Nội,Online,2,2,5696400.0,3574968.0
2025-07-27,Điện tử,Hải Phòng,Cửa hàng,1,1,1040000.0,787440.0
2025-07-27,Điện tử,Hải Phòng,Online,1,1,2200000.0,1454733.0
2025-07-27,Điện tử,TP HCM,Cửa hàng,4,4,7019350.0,4633625.0
2025-07-27,Điện tử,TP HCM,Online,4,4,17911326.0,12710604.0
2025-07-27,Điện tử,Đà Nẵng,Cửa hàng,4,4,6513850.0,4435348.0
2025-07-27,Điện tử,Đà Nẵng,Online,2,2,3618000.0,2351011.0
2025-07-28,Gia dụng,Cần Thơ,Online,4,4,5283550.0,4195463.0
2025-07-28,Gia dụng,Hà Nội,Cửa hàng,4,4,4107000.0,2830836.0
2025-07-28,Gia dụng,Hà Nội,Online,1,1,2905200.0,2102878.0
2025-07-28,Gia dụng,Hải Phòng,Cửa hàng,2,2,5970800.0,4137305.0
2025-07-28,Gia dụng,Hải Phòng,Online,3,3,6114850.0,4214610.0
2025-07-28,Gia dụng,TP HCM,Cửa hàng,5,5,4886850.0,3551720.0
2025-07-28,Gia dụng,TP HCM,Online,6,6,11140100.0,7992169.0
2025-07-28,Gia dụng,Đà Nẵng,Cửa hàng,1,1,1683400.0,1097136.0
2025-07-28,Gia dụng,Đà Nẵng,Online,1,1,1292000.0,1085865.0
2025-07-28,Mỹ phẩm,Cần Thơ,Cửa hàng,1,1,984000.0,801544.0
2025-07-28,Mỹ phẩm,Cần Thơ,Online,1,1,1165650.0,844507.0
2025-07-28,Mỹ phẩm,Hà Nội,Cửa hàng,3,3,2016150.0,1518576.0
2025-07-28,Mỹ phẩm,Hà Nội,Online,1,1,1644000.0,1009092.0
2025-07-28,Mỹ phẩm,Hải Phòng,Online,2,2,3046000.0,2427460.0
2025-07-28,Mỹ phẩm,TP HCM,Cửa hàng,4,4,5363600.0,4135723.0
2025-07-28,Mỹ phẩm,TP HCM,Online,1,1,435000.0,292222.0
2025-07-28,Mỹ phẩm,Đà Nẵng,Cửa hàng,2,2,1307000.0,826622.0
2025-07-28,Sách,Cần Thơ,Cửa hàng,2,2,457600.0,336326.0
2025-07-28,Sách,Cần Thơ,Online,1,1,164000.0,118802.0
2025-07-28,Sách,Hà Nội,Cửa hàng,4,4,1173100.0,824755.0
2025-07-28,Sách,Hà Nội,Online,3,3,676400.0,483023.0
2025-07-28,Sách,Hải Phòng,Cửa hàng,1,1,326000.0,264749.0
2025-07-28,Sách,Hải Phòng,Online,2,2,439000.0,325679.0
2025-07-28,Sách,TP HCM,Cửa hàng,6,6,2278800.0,1601688.0
2025-07-28,Sách,TP HCM,Online,3,3,1011000.0,733967.0
2025-07-28,Sách,Đà Nẵng,Cửa hàng,1,1,164000.0,116065.0
2025-07-28,Sách,Đà Nẵng,Online,2,2,694700.0,536760.0
2025-07-28,Thời trang,Cần Thơ,Cửa hàng,2,2,2914000.0,2053586.0
2025-07-28,Thời trang,Cần Thơ,Online,2,2,6132000.0,4379542.0
2025-07-28,Thời trang,Hà Nội,Cửa hàng,3,3,3943300.0,2703676.0
2025-07-28,Thời trang,Hà Nội,Online,3,3,2532550.0,1779266.0
2025-07-28,Thời trang,Hải Phòng,Cửa hàng,2,2,1454000.0,1088250.0
2025-07-28,Thời trang,TP HCM,Cửa hàng,5,5,4393700.0,3234744.0
2025-07-28,Thời trang,TP HCM,Online,3,3,3191350.0,2283440.0
2025-07-28,Thời trang,Đà Nẵng,Cửa hàng,1,1,760000.0,503440.0
2025-07-28,Thời trang,Đà Nẵng,Online,3,3,4451850.0,3159377.0
2025-07-28,Thực phẩm,Cần Thơ,Cửa hàng,4,4,1563300.0,1270264.0
2025-07-28,Thực phẩm,Cần Thơ,Online,3,3,700350.0,514387.0
2025-07-28,Thực phẩm,Hà Nội,Cửa hàng,10,10,2910100.0,2125821.0
2025-07-28,Thực phẩm,Hà Nội,Online,8,8,3983415.0,2802391.0
2025-07-28,Thực phẩm,Hải Phòng,Cửa hàng,6,6,2733914.0,1890899.0
2025-07-28,Thực phẩm,Hải Phòng,Online,3,3,1314000.0,951381.0
2025-07-28,Thực phẩm,TP HCM,Cửa hàng,17,17,7894151.0,5773610.0
2025-07-28,Thực phẩm,TP HCM,Online,9,9,2395800.0,1882283.0
2025-07-28,Thực phẩm,Đà Nẵng,Cửa hàng,1,1,200000.0,166210.0
2025-07-28,Thực phẩm,Đà Nẵng,Online,4,4,1098400.0,793948.0
2025-07-28,Điện tử,Cần Thơ,Cửa hàng,3,3,5435000.0,3891943.0
2025-07-28,Điện tử,Cần Thơ,Online,1,1,830450.0,601063.0
2025-07-28,Điện tử,Hà Nội,Cửa hàng,6,6,7287450.0,5349801.0
2025-07-28,Điện tử,Hà Nội,Online,1,1,1936800.0,1411184.0
2025-07-28,Điện tử,Hải Phòng,Cửa hàng,3,3,4163300.0,3213015.0
2025-07-28,Điện tử,Hải Phòng,Online,1,1,3339000.0,2416700.0
2025-07-28,Điện tử,TP HCM,Cửa hàng,7,7,11164300.0,7757174.0
2025-07-28,Điện tử,TP HCM,Online,6,6,10664100.0,7308062.0
2025-07-28,Điện tử,Đà Nẵng,Cửa hàng,2,2,4423500.0,2903754.0
2025-07-28,Điện tử,Đà Nẵng,Online,2,2,5865600.0,4245401.0
2025-07-29,Gia dụng,Cần Thơ,Online,2,2,2772000.0,2001340.0
2025-07-29,Gia dụng,Hà Nội,Cửa hàng,6,6,8394450.0,5642509.0
2025-07-29,Gia dụng,Hà Nội,Online,4,4,6969000.0,5123159.0
2025-07-29,Gia dụng,Hải Phòng,Cửa hàng,2,2,2288400.0,1602888.0
2025-07-29,Gia dụng,TP HCM,Cửa hàng,7,7,14678100.0,9772535.0
2025-07-29,Gia dụng,TP HCM,Online,6,6,9596950.0,6992315.0
2025-07-29,Gia dụng,Đà Nẵng,Cửa hàng,2,2,4150200.0,2950126.0
2025-07-29,Gia dụng,Đà Nẵng,Online,3,3,17720734.0,12861563.0
2025-07-29,Mỹ phẩm,Cần Thơ,Cửa hàng,1,1,482000.0,325170.0
2025-07-29,Mỹ phẩm,Hà Nội,Cửa hàng,4,4,2792150.0,1850844.0
2025-07-29,Mỹ phẩm,Hà Nội,Online,4,4,4284700.0,2921998.0
2025-07-29,Mỹ phẩm,Hải Phòng,Cửa hàng,2,2,933100.0,606665.0
2025-07-29,Mỹ phẩm,TP HCM,Cửa hàng,2,2,916000.0,654391.0
2025-07-29,Mỹ phẩm,TP HCM,Online,1,1,390600.0,265352.0
2025-07-29,Mỹ phẩm,Đà Nẵng,Cửa hàng,1,1,952000.0,783667.0
2025-07-29,Mỹ phẩm,Đà Nẵng,Online,2,2,1787700.0,1222735.0
2025-07-29,Sách,Cần Thơ,Cửa hàng,3,3,422400.0,304792.0
2025-07-29,Sách,Hà Nội,Cửa hàng,1,1,135850.0,114236.0
2025-07-29,Sách,Hà Nội,Online,4,4,1088500.0,771638.0
2025-07-29,Sách,Hải Phòng,Cửa hàng,1,1,148000.0,115673.0
2025-07-29,Sách,Hải Phòng,Online,1,1,146300.0,105980.0
2025-07-29,Sách,TP HCM,Cửa hàng,4,4,576350.0,435490.0
2025-07-29,Sách,TP HCM,Online,2,2,541550.0,347720.0
2025-07-29,Sách,Đà Nẵng,Cửa hàng,1,1,157000.0,120377.0
2025-07-29,Sách,Đà Nẵng,Online,1,1,136800.0,105107.0
2025-07-29,Thời trang,Cần Thơ,Cửa hàng,1,1,1330000.0,816361.0
2025-07-29,Thời trang,Cần Thơ,Online,2,2,2781000.0,2000424.0
2025-07-29,Thời trang,Hà Nội,Cửa hàng,2,2,3665000.0,2906466.0
2025-07-29,Thời trang,Hà Nội,Online,5,5,16826834.0,12190767.0
2025-07-29,Thời trang,Hải Phòng,Cửa hàng,1,1,764100.0,511896.0
2025-07-29,Thời trang,TP HCM,Cửa hàng,7,7,6573150.0,4722205.0
2025-07-29,Thời trang,TP HCM,Online,5,5,5939100.0,4210273.0
2025-07-29,Thời trang,Đà Nẵng,Cửa hàng,3,3,2272900.0,1652934.0
2025-07-29,Thời trang,Đà Nẵng,Online,3,3,3991600.0,2835047.0
2025-07-29,Thực phẩm,Cần Thơ,Cửa hàng,2,2,522400.0,379289.0
2025-07-29,Thực phẩm,Cần Thơ,Online,2,2,346300.0,247286.0
2025-07-29,Thực phẩm,Hà Nội,Cửa hàng,9,9,5709485.0,4095892.0
2025-07-29,Thực phẩm,Hà Nội,Online,5,5,1307650.0,876653.0
2025-07-29,Thực phẩm,Hải Phòng,Cửa hàng,8,8,2572700.0,1913552.0
2025-07-29,Thực phẩm,Hải Phòng,Online,3,3,1160600.0,780084.0
2025-07-29,Thực phẩm,TP HCM,Cửa hàng,10,10,2287550.0,1610944.0
2025-07-29,Thực phẩm,TP HCM,Online,10,10,2756750.0,2036489.0
2025-07-29,Thực phẩm,Đà Nẵng,Cửa hàng,4,4,1271000.0,957176.0
2025-07-29,Thực phẩm,Đà Nẵng,Online,3,3,918700.0,669519.0
2025-07-29,Điện tử,Cần Thơ,Cửa hàng,1,1,1036450.0,812606.0
2025-07-29,Điện tử,Cần Thơ,Online,1,1,1041200.0,740551.0
2025-07-29,Điện tử,Hà Nội,Cửa hàng,4,4,6690150.0,4949654.0
2025-07-29,Điện tử,Hà Nội,Online,4,4,4875150.0,3628340.0
2025-07-29,Điện tử,Hải Phòng,Cửa hàng,2,2,4540350.0,3355930.0
2025-07-29,Điện tử,Hải Phòng,Online,1,1,1002250.0,769039.0
2025-07-29,Điện tử,TP HCM,Cửa hàng,7,7,13190150.0,10225665.0
2025-07-29,Điện tử,TP HCM,Online,6,6,7228650.0,5163249.0
2025-07-29,Điện tử,Đà Nẵng,Cửa hàng,2,2,3268000.0,2293657.0
2025-07-29,Điện tử,Đà Nẵng,Online,2,2,2297600.0,1674920.0
2025-07-30,Gia dụng,Cần Thơ,Cửa hàng,2,2,2149600.0,1413418.0
2025-07-30,Gia dụng,Cần Thơ,Online,2,2,3842000.0,2686155.0
2025-07-30,Gia dụng,Hà Nội,Cửa hàng,6,6,12790700.0,9239481.0
2025-07-30,Gia dụng,Hà Nội,Online,2,2,1580300.0,1186147.0
2025-07-30,Gia dụng,Hải Phòng,Cửa hàng,1,1,756200.0,461919.0
2025-07-30,Gia dụng,TP HCM,Cửa hàng,8,8,9752100.0,7043877.0
2025-07-30,Gia dụng,TP HCM,Online,3,3,4868000.0,3293222.0
2025-07-30,Gia dụng,Đà Nẵng,Cửa hàng,1,1,1590300.0,1326526.0
2025-07-30,Gia dụng,Đà Nẵng,Online,2,2,2798000.0,2017878.0
2025-07-30,Mỹ phẩm,Cần Thơ,Cửa hàng,1,1,4312817.0,3018972.0
2025-07-30,Mỹ phẩm,Cần Thơ,Online,1,1,838000.0,565473.0
2025-07-30,Mỹ phẩm,Hà Nội,Cửa hàng,3,3,1735800.0,1181688.0
2025-07-30,Mỹ phẩm,Hà Nội,Online,1,1,5064481.0,3545137.0
2025-07-30,Mỹ phẩm,TP HCM,Cửa hàng,4,4,7173252.0,5119363.0
2025-07-30,Mỹ phẩm,TP HCM,Online,1,1,491150.0,362435.0
2025-07-30,Mỹ phẩm,Đà Nẵng,Cửa hàng,2,2,971900.0,749974.0
2025-07-30,Mỹ phẩm,Đà Nẵng,Online,1,1,516000.0,432462.0
2025-07-30,Sách,Cần Thơ,Cửa hàng,2,2,588000.0,462300.0
2025-07-30,Sách,Cần Thơ,Online,1,1,162450.0,117679.0
2025-07-30,Sách,Hà Nội,Cửa hàng,1,1,122550.0,99322.0
2025-07-30,Sách,Hà Nội,Online,1,1,145000.0,105955.0
2025-07-30,Sách,Hải Phòng,Online,4,4,722600.0,526387.0
2025-07-30,Sách,TP HCM,Cửa hàng,3,3,452600.0,354091.0
2025-07-30,Sách,TP HCM,Online,5,5,979000.0,737188.0
2025-07-30,Sách,Đà Nẵng,Cửa hàng,3,3,754000.0,535384.0
2025-07-30,Sách,Đà Nẵng,Online,1,1,310000.0,236753.0
2025-07-30,Thời trang,Cần Thơ,Cửa hàng,3,3,4970400.0,3135947.0
2025-07-30,Thời trang,Hà Nội,Cửa hàng,3,3,2237350.0,1466160.0
2025-07-30,Thời trang,Hà Nội,Online,2,2,13390447.0,9721563.0
2025-07-30,Thời trang,Hải Phòng,Cửa hàng,3,3,5164700.0,3461608.0
2025-07-30,Thời trang,Hải Phòng,Online,1,1,721000.0,521307.0
2025-07-30,Thời trang,TP HCM,Cửa hàng,5,5,5638000.0,3595487.0
2025-07-30,Thời trang,TP HCM,Online,4,4,6886850.0,5634770.0
2025-07-30,Thời trang,Đà Nẵng,Cửa hàng,1,1,1499100.0,1155812.0
2025-07-30,Thời trang,Đà Nẵng,Online,2,2,3153900.0,2206043.0
2025-07-30,Thực phẩm,Cần Thơ,Cửa hàng,4,4,832750.0,629982.0
2025-07-30,Thực phẩm,Cần Thơ,Online,2,2,793000.0,566834.0
2025-07-30,Thực phẩm,Hà Nội,Cửa hàng,9,9,2731100.0,2113036.0
2025-07-30,Thực phẩm,Hà Nội,Online,4,4,1098000.0,812297.0
2025-07-30,Thực phẩm,Hải Phòng,Cửa hàng,3,3,655500.0,427610.0
2025-07-30,Thực phẩm,Hải Phòng,Online,6,6,1925150.0,1333810.0
2025-07-30,Thực phẩm,TP HCM,Cửa hàng,16,16,5391834.0,3783356.0
2025-07-30,Thực phẩm,TP HCM,Online,12,12,3154750.0,2318767.0
2025-07-30,Thực phẩm,Đà Nẵng,Cửa hàng,4,4,1372500.0,956255.0
2025-07-30,Thực phẩm,Đà Nẵng,Online,5,5,1434100.0,987123.0
2025-07-30,Điện tử,Cần Thơ,Cửa hàng,1,1,3222000.0,2626172.0
2025-07-30,Điện tử,Cần Thơ,Online,2,2,2044200.0,1549619.0
2025-07-30,Điện tử,Hà Nội,Cửa hàng,6,6,12829900.0,9203054.0
2025-07-30,Điện tử,Hà Nội,Online,6,6,11393400.0,8850401.0
2025-07-30,Điện tử,Hải Phòng,Cửa hàng,2,2,4510000.0,2929376.0
2025-07-30,Điện tử,Hải Phòng,Online,3,3,4454000.0,3234417.0
2025-07-30,Điện tử,TP HCM,Cửa hàng,5,5,6244700.0,4317618.0
2025-07-30,Điện tử,TP HCM,Online,8,8,12797100.0,8741775.0
2025-07-30,Điện tử,Đà Nẵng,Cửa hàng,3,3,6290000.0,4255296.0
2025-07-30,Điện tử,Đà Nẵng,Online,2,2,2944900.0,2358895.0
2025-07-31,Gia dụng,Cần Thơ,Cửa hàng,4,4,6166200.0,4731228.0
2025-07-31,Gia dụng,Cần Thơ,Online,1,1,2853000.0,1755536.0
2025-07-31,Gia dụng,Hà Nội,Cửa hàng,3,3,4750800.0,3470617.0
2025-07-31,Gia dụng,Hà Nội,Online,4,4,6733650.0,5141432.0
2025-07-31,Gia dụng,Hải Phòng,Cửa hàng,2,2,2394900.0,1831791.0
2025-07-31,Gia dụng,Hải Phòng,Online,1,1,1732000.0,1410365.0
2025-07-31,Gia dụng,TP HCM,Cửa hàng,5,5,5720250.0,3879090.0
2025-07-31,Gia dụng,TP HCM,Online,7,7,9830950.0,7067011.0
2025-07-31,Gia dụng,Đà Nẵng,Cửa hàng,2,2,1603200.0,1210253.0
2025-07-31,Mỹ phẩm,Cần Thơ,Online,1,1,481650.0,293756.0
2025-07-31,Mỹ phẩm,Hà Nội,Cửa hàng,1,1,413100.0,321075.0
2025-07-31,Mỹ phẩm,Hà Nội,Online,1,1,438000.0,278478.0
2025-07-31,Mỹ phẩm,Hải Phòng,Cửa hàng,1,1,6419715.0,4493800.0
2025-07-31,Mỹ phẩm,Hải Phòng,Online,1,1,551000.0,419369.0
2025-07-31,Mỹ phẩm,TP HCM,Cửa hàng,2,2,3540650.0,2325980.0
2025-07-31,Mỹ phẩm,TP HCM,Online,4,4,3111650.0,2277916.0
2025-07-31,Mỹ phẩm,Đà Nẵng,Cửa hàng,3,3,6198349.0,4375636.0
2025-07-31,Mỹ phẩm,Đà Nẵng,Online,2,2,1323900.0,1005011.0
2025-07-31,Sách,Cần Thơ,Online,1,1,260000.0,188345.0
2025-07-31,Sách,Hà Nội,Cửa hàng,4,4,1025800.0,764346.0
2025-07-31,Sách,Hà Nội,Online,1,1,328000.0,273969.0
2025-07-31,Sách,TP HCM,Cửa hàng,2,2,925400.0,670088.0
2025-07-31,Sách,TP HCM,Online,2,2,433400.0,285562.0
2025-07-31,Sách,Đà Nẵng,Cửa hàng,1,1,138700.0,111137.0
2025-07-31,Sách,Đà Nẵng,Online,2,2,820400.0,643521.0
2025-07-31,Thời trang,Cần Thơ,Cửa hàng,2,2,1344400.0,1040286.0
2025-07-31,Thời trang,Cần Thơ,Online,1,1,681000.0,433159.0
2025-07-31,Thời trang,Hà Nội,Cửa hàng,7,7,7450350.0,5620015.0
2025-07-31,Thời trang,Hà Nội,Online,4,4,5299150.0,3997923.0
2025-07-31,Thời trang,Hải Phòng,Cửa hàng,4,4,3599500.0,2449212.0
2025-07-31,Thời trang,Hải Phòng,Online,3,3,4416900.0,3032688.0
2025-07-31,Thời trang,TP HCM,Cửa hàng,8,8,10997950.0,8527813.0
2025-07-31,Thời trang,TP HCM,Online,6,6,8320100.0,5817456.0
2025-07-31,Thực phẩm,Cần Thơ,Cửa hàng,3,3,835800.0,658539.0
2025-07-31,Thực phẩm,Cần Thơ,Online,2,2,373000.0,278994.0
2025-07-31,Thực phẩm,Hà Nội,Cửa hàng,11,11,4752100.0,3282197.0
2025-07-31,Thực phẩm,Hà Nội,Online,4,4,3133849.0,2165667.0
2025-07-31,Thực phẩm,Hải Phòng,Cửa hàng,6,6,4527703.0,3321036.0
2025-07-31,Thực phẩm,TP HCM,Cửa hàng,7,7,5255561.0,3658440.0
2025-07-31,Thực phẩm,TP HCM,Online,7,7,3130700.0,2319864.0
2025-07-31,Thực phẩm,Đà Nẵng,Cửa hàng,5,5,1272600.0,898200.0
2025-07-31,Thực phẩm,Đà Nẵng,Online,5,5,1691800.0,1294679.0
2025-07-31,Điện tử,Cần Thơ,Cửa hàng,3,3,4027050.0,2839071.0
2025-07-31,Điện tử,Cần Thơ,Online,1,1,1192250.0,862926.0
2025-07-31,Điện tử,Hà Nội,Cửa hàng,5,5,9692200.0,6815623.0
2025-07-31,Điện tử,Hà Nội,Online,3,3,3075800.0,2101140.0
2025-07-31,Điện tử,Hải Phòng,Online,2,2,5484000.0,3854014.0
2025-07-31,Điện tử,TP HCM,Cửa hàng,9,8,22261200.0,15244485.0
2025-07-31,Điện tử,TP HCM,Online,4,4,9733350.0,6913573.0
2025-07-31,Điện tử,Đà Nẵng,Cửa hàng,3,3,5246400.0,4156143.0
2025-07-31,Điện tử,Đà Nẵng,Online,3,3,5493800.0,3894370.0
2025-08-01,Gia dụng,Cần Thơ,Cửa hàng,1,1,869000.0,573119.0
2025-08-01,Gia dụng,Cần Thơ,Online,3,3,7287400.0,5392833.0
2025-08-01,Gia dụng,Hà Nội,Cửa hàng,1,1,1756000.0,1258626.0
2025-08-01,Gia dụng,Hà Nội,Online,3,3,2592050.0,1818097.0
2025-08-01,Gia dụng,Hải Phòng,Online,2,2,5285400.0,3995101.0
2025-08-01,Gia dụng,TP HCM,Cửa hàng,6,6,10047150.0,6808324.0
2025-08-01,Gia dụng,TP HCM,Online,6,6,8631200.0,5975559.0
2025-08-01,Gia dụng,Đà Nẵng,Cửa hàng,3,3,4763700.0,3522724.0
2025-08-01,Gia dụng,Đà Nẵng,Online,2,2,1555000.0,1191834.0
2025-08-01,Mỹ phẩm,Hà Nội,Cửa hàng,6,6,4731400.0,3577320.0
2025-08-01,Mỹ phẩm,Hà Nội,Online,4,4,3384200.0,2306849.0
2025-08-01,Mỹ phẩm,TP HCM,Cửa hàng,3,3,1800200.0,1262219.0
2025-08-01,Mỹ phẩm,TP HCM,Online,4,4,2148950.0,1645362.0
2025-08-01,Mỹ phẩm,Đà Nẵng,Cửa hàng,2,2,1316600.0,812848.0
2025-08-01,Mỹ phẩm,Đà Nẵng,Online,2,2,1671100.0,1249421.0
2025-08-01,Sách,Cần Thơ,Online,1,1,140400.0,101706.0
2025-08-01,Sách,Hà Nội,Cửa hàng,2,2,498000.0,336376.0
2025-08-01,Sách,Hà Nội,Online,2,2,404300.0,293038.0
2025-08-01,Sách,Hải Phòng,Cửa hàng,1,1,286000.0,223554.0
2025-08-01,Sách,TP HCM,Cửa hàng,1,1,159000.0,115180.0
2025-08-01,Sách,TP HCM,Online,3,3,761450.0,600104.0
2025-08-01,Sách,Đà Nẵng,Online,1,1,164000.0,118802.0
2025-08-01,Thời trang,Cần Thơ,Cửa hàng,1,1,801000.0,485484.0
2025-08-01,Thời trang,Cần Thơ,Online,3,3,2236300.0,1592220.0
2025-08-01,Thời trang,Hà Nội,Cửa hàng,4,4,6818250.0,5344821.0
2025-08-01,Thời trang,Hà Nội,Online,1,1,638400.0,535371.0
2025-08-01,Thời trang,Hải Phòng,Cửa hàng,2,2,1352600.0,1019612.0
2025-08-01,Thời trang,Hải Phòng,Online,2,2,1475300.0,1129797.0
2025-08-01,Thời trang,TP HCM,Cửa hàng,2,2,7538630.0,5614429.0
2025-08-01,Thời trang,TP HCM,Online,4,4,4267950.0,3124879.0
2025-08-01,Thời trang,Đà Nẵng,Cửa hàng,3,3,6508000.0,4561703.0
2025-08-01,Thời trang,Đà Nẵng,Online,2,2,1240700.0,771604.0
2025-08-01,Thực phẩm,Cần Thơ,Cửa hàng,4,4,1384600.0,1036904.0
2025-08-01,Thực phẩm,Cần Thơ,Online,4,4,1508400.0,1130515.0
2025-08-01,Thực phẩm,Hà Nội,Cửa hàng,13,13,4445050.0,3261038.0
2025-08-01,Thực phẩm,Hà Nội,Online,9,9,1924550.0,1443225.0
2025-08-01,Thực phẩm,Hải Phòng,Cửa hàng,4,4,1638100.0,1138047.0
2025-08-01,Thực phẩm,Hải Phòng,Online,4,4,1012200.0,735006.0
2025-08-01,Thực phẩm,TP HCM,Cửa hàng,13,13,3986300.0,2918994.0
2025-08-01,Thực phẩm,TP HCM,Online,7,7,1841100.0,1383179.0
2025-08-01,Thực phẩm,Đà Nẵng,Cửa hàng,5,5,1867600.0,1323475.0
2025-08-01,Thực phẩm,Đà Nẵng,Online,5,5,1957000.0,1455604.0
2025-08-01,Điện tử,Cần Thơ,Cửa hàng,2,2,3361000.0,2485132.0
2025-08-01,Điện tử,Cần Thơ,Online,2,2,5163000.0,3692596.0
2025-08-01,Điện tử,Hà Nội,Cửa hàng,2,2,4328550.0,3604000.0
2025-08-01,Điện tử,Hà Nội,Online,4,4,8220000.0,5985695.0
2025-08-01,Điện tử,Hải Phòng,Cửa hàng,1,1,6320000.0,4584924.0
2025-08-01,Điện tử,Hải Phòng,Online,1,1,961200.0,633995.0
2025-08-01,Điện tử,TP HCM,Cửa hàng,6,6,13451000.0,9814725.0
2025-08-01,Điện tử,TP HCM,Online,7,7,12005000.0,8197852.0
2025-08-01,Điện tử,Đà Nẵng,Cửa hàng,3,3,3046000.0,2119518.0
2025-08-01,Điện tử,Đà Nẵng,Online,3,3,9066700.0,6513232.0
2025-08-02,Gia dụng,Cần Thơ,Cửa hàng,1,1,1431000.0,990074.0
2025-08-02,Gia dụng,Cần Thơ,Online,2,2,4315600.0,2847914.0
2025-08-02,Gia dụng,Hà Nội,Cửa hàng,3,3,3278600.0,2213674.0
2025-08-02,Gia dụng,Hà Nội,Online,2,2,1656000.0,1284376.0
2025-08-02,Gia dụng,Hải Phòng,Online,1,1,1688400.0,1217650.0
2025-08-02,Gia dụng,TP HCM,Cửa hàng,10,10,15527900.0,11390178.0
2025-08-02,Gia dụng,TP HCM,Online,6,6,8959450.0,6829393.0
2025-08-02,Gia dụng,Đà Nẵng,Cửa hàng,1,1,1888000.0,1358425.0
2025-08-02,Gia dụng,Đà Nẵng,Online,4,4,6013700.0,4220174.0
2025-08-02,Mỹ phẩm,Cần Thơ,Cửa hàng,1,1,419400.0,255635.0
2025-08-02,Mỹ phẩm,Cần Thơ,Online,2,2,835350.0,652401.0
2025-08-02,Mỹ phẩm,Hà Nội,Cửa hàng,2,2,2141000.0,1536587.0
2025-08-02,Mỹ phẩm,Hà Nội,Online,1,1,411350.0,311704.0
2025-08-02,Mỹ phẩm,Hải Phòng,Cửa hàng,1,1,799000.0,522859.0
2025-08-02,Mỹ phẩm,TP HCM,Cửa hàng,5,5,5286600.0,4318659.0
2025-08-02,Mỹ phẩm,TP HCM,Online,6,6,3784200.0,2870408.0
2025-08-02,Mỹ phẩm,Đà Nẵng,Cửa hàng,1,1,526000.0,333974.0
2025-08-02,Sách,Cần Thơ,Cửa hàng,1,1,260100.0,219734.0
2025-08-02,Sách,Hà Nội,Cửa hàng,2,2,292000.0,187278.0
2025-08-02,Sách,Hà Nội,Online,5,5,1527950.0,1059627.0
2025-08-02,Sách,Hải Phòng,Online,1,1,114300.0,82799.0
2025-08-02,Sách,TP HCM,Cửa hàng,1,1,116100.0,97745.0
2025-08-02,Sách,TP HCM,Online,3,3,1966750.0,1425003.0
2025-08-02,Sách,Đà Nẵng,Online,1,1,148000.0,94584.0
2025-08-02,Thời trang,Cần Thơ,Cửa hàng,2,2,4544000.0,3221775.0
2025-08-02,Thời trang,Hà Nội,Cửa hàng,6,6,4871850.0,3633032.0
2025-08-02,Thời trang,Hà Nội,Online,3,3,6492850.0,4225638.0
2025-08-02,Thời trang,Hải Phòng,Cửa hàng,4,4,3905500.0,2852483.0
2025-08-02,Thời trang,TP HCM,Cửa hàng,7,7,11400100.0,8478366.0
2025-08-02,Thời trang,TP HCM,Online,6,6,4352450.0,3170675.0
2025-08-02,Thời trang,Đà Nẵng,Cửa hàng,3,3,3661000.0,2724015.0
2025-08-02,Thời trang,Đà Nẵng,Online,3,3,2072100.0,1435953.0
2025-08-02,Thực phẩm,Cần Thơ,Cửa hàng,7,7,2656800.0,1875954.0
2025-08-02,Thực phẩm,Cần Thơ,Online,2,2,1094250.0,790942.0
2025-08-02,Thực phẩm,Hà Nội,Cửa hàng,4,4,2187750.0,1424243.0
2025-08-02,Thực phẩm,Hà Nội,Online,2,2,1018700.0,772290.0
2025-08-02,Thực phẩm,Hải Phòng,Cửa hàng,5,5,1864900.0,1416408.0
2025-08-02,Thực phẩm,Hải Phòng,Online,1,1,165000.0,126186.0
2025-08-02,Thực phẩm,TP HCM,Cửa hàng,12,12,3598800.0,2573586.0
2025-08-02,Thực phẩm,TP HCM,Online,9,7,2814350.0,2134720.0
2025-08-02,Thực phẩm,Đà Nẵng,Cửa hàng,2,2,910000.0,654304.0
2025-08-02,Thực phẩm,Đà Nẵng,Online,2,2,523000.0,367081.0
2025-08-02,Điện tử,Cần Thơ,Cửa hàng,2,2,2206000.0,1668925.0
2025-08-02,Điện tử,Hà Nội,Cửa hàng,10,10,12848600.0,9660840.0
2025-08-02,Điện tử,Hà Nội,Online,7,7,13197300.0,9268914.0
2025-08-02,Điện tử,Hải Phòng,Cửa hàng,1,1,1078000.0,684618.0
2025-08-02,Điện tử,Hải Phòng,Online,2,2,6517000.0,4716871.0
2025-08-02,Điện tử,TP HCM,Cửa hàng,5,5,7628950.0,5855988.0
2025-08-02,Điện tử,TP HCM,Online,2,2,3128000.0,2354577.0
2025-08-02,Điện tử,Đà Nẵng,Cửa hàng,1,1,966000.0,762392.0
2025-08-02,Điện tử,Đà Nẵng,Online,1,1,3820000.0,2764838.0
2025-08-03,Gia dụng,Cần Thơ,Cửa hàng,1,1,1787900.0,1174692.0
2025-08-03,Gia dụng,Cần Thơ,Online,1,1,2715000.0,1940274.0
2025-08-03,Gia dụng,Hà Nội,Cửa hàng,7,7,10962050.0,7694471.0
2025-08-03,Gia dụng,Hà Nội,Online,4,4,5587450.0,3774486.0
2025-08-03,Gia dụng,Hải Phòng,Cửa hàng,1,1,867000.0,593580.0
2025-08-03,Gia dụng,Hải Phòng,Online,1,1,799900.0,670849.0
2025-08-03,Gia dụng,TP HCM,Cửa hàng,6,6,7116000.0,5184952.0
2025-08-03,Gia dụng,TP HCM,Online,6,6,9624300.0,6978678.0
2025-08-03,Gia dụng,Đà Nẵng,Cửa hàng,1,1,1359000.0,828576.0
2025-08-03,Gia dụng,Đà Nẵng,Online,2,2,1775200.0,1196354.0
2025-08-03,Mỹ phẩm,Hà Nội,Cửa hàng,5,5,9860451.0,7201553.0
2025-08-03,Mỹ phẩm,Hà Nội,Online,1,1,471000.0,307847.0
2025-08-03,Mỹ phẩm,Hải Phòng,Online,1,1,1547550.0,1117712.0
2025-08-03,Mỹ phẩm,TP HCM,Cửa hàng,2,2,965100.0,683646.0
2025-08-03,Mỹ phẩm,TP HCM,Online,6,6,4157250.0,3264479.0
2025-08-03,Mỹ phẩm,Đà Nẵng,Cửa hàng,2,2,1239000.0,857172.0
2025-08-03,Mỹ phẩm,Đà Nẵng,Online,1,1,2515000.0,1544751.0
2025-08-03,Sách,Cần Thơ,Cửa hàng,1,1,309600.0,249541.0
2025-08-03,Sách,Cần Thơ,Online,1,1,310000.0,205156.0
2025-08-03,Sách,Hà Nội,Cửa hàng,7,7,1572100.0,1149372.0
2025-08-03,Sách,Hà Nội,Online,1,1,163000.0,124246.0
2025-08-03,Sách,Hải Phòng,Cửa hàng,2,2,316000.0,212444.0
2025-08-03,Sách,TP HCM,Cửa hàng,5,5,836450.0,617729.0
2025-08-03,Sách,TP HCM,Online,2,2,310000.0,231979.0
2025-08-03,Sách,Đà Nẵng,Cửa hàng,2,2,420000.0,299934.0
2025-08-03,Sách,Đà Nẵng,Online,2,2,642000.0,438344.0
2025-08-03,Thời trang,Cần Thơ,Cửa hàng,1,1,738150.0,491233.0
2025-08-03,Thời trang,Cần Thơ,Online,1,1,3332000.0,2409147.0
2025-08-03,Thời trang,Hà Nội,Cửa hàng,3,3,3795000.0,2666835.0
2025-08-03,Thời trang,Hà Nội,Online,7,7,6536800.0,4779740.0
2025-08-03,Thời trang,Hải Phòng,Cửa hàng,2,2,2636700.0,1665422.0
2025-08-03,Thời trang,Hải Phòng,Online,3,3,9319000.0,6512226.0
2025-08-03,Thời trang,TP HCM,Cửa hàng,4,4,5225850.0,3493981.0
2025-08-03,Thời trang,TP HCM,Online,3,3,3786800.0,2954425.0
2025-08-03,Thời trang,Đà Nẵng,Cửa hàng,1,1,856000.0,680376.0
2025-08-03,Thời trang,Đà Nẵng,Online,4,4,6694300.0,4916430.0
2025-08-03,Thực phẩm,Cần Thơ,Cửa hàng,1,1,166000.0,118327.0
2025-08-03,Thực phẩm,Cần Thơ,Online,6,6,2221850.0,1536736.0
2025-08-03,Thực phẩm,Hà Nội,Cửa hàng,10,10,3177100.0,2290311.0
2025-08-03,Thực phẩm,Hà Nội,Online,5,5,1247800.0,900549.0
2025-08-03,Thực phẩm,Hải Phòng,Cửa hàng,6,6,1364450.0,1005205.0
2025-08-03,Thực phẩm,Hải Phòng,Online,2,2,489000.0,344959.0
2025-08-03,Thực phẩm,TP HCM,Cửa hàng,14,14,3821950.0,2845185.0
2025-08-03,Thực phẩm,TP HCM,Online,4,4,1193500.0,801029.0
2025-08-03,Thực phẩm,Đà Nẵng,Cửa hàng,3,3,1036400.0,771475.0
2025-08-03,Thực phẩm,Đà Nẵng,Online,4,4,847000.0,588467.0
2025-08-03,Điện tử,Cần Thơ,Cửa hàng,2,2,2072150.0,1343197.0
2025-08-03,Điện tử,Cần Thơ,Online,1,1,2122000.0,1599063.0
2025-08-03,Điện tử,Hà Nội,Cửa hàng,4,4,11874800.0,8589364.0
2025-08-03,Điện tử,Hà Nội,Online,3,3,4189200.0,3206487.0
2025-08-03,Điện tử,Hải Phòng,Cửa hàng,1,1,2188000.0,1673844.0
2025-08-03,Điện tử,Hải Phòng,Online,2,2,2869000.0,2103457.0
2025-08-03,Điện tử,TP HCM,Cửa hàng,5,5,11737250.0,8509019.0
2025-08-03,Điện tử,TP HCM,Online,5,5,7754950.0,5547666.0
2025-08-03,Điện tử,Đà Nẵng,Cửa hàng,1,1,1177050.0,968319.0
2025-08-03,Điện tử,Đà Nẵng,Online,4,4,12796800.0,10102602.0
2025-08-04,Gia dụng,Cần Thơ,Cửa hàng,2,2,2264750.0,1602761.0
2025-08-04,Gia dụng,Hà Nội,Cửa hàng,3,3,3692400.0,2643709.0
2025-08-04,Gia dụng,Hà Nội,Online,3,3,3241300.0,2406375.0
2025-08-04,Gia dụng,Hải Phòng,Cửa hàng,1,1,718200.0,460747.0
2025-08-04,Gia dụng,Hải Phòng,Online,1,1,2408400.0,1769028.0
2025-08-04,Gia dụng,TP HCM,Cửa hàng,5,5,7954800.0,5542813.0
2025-08-04,Gia dụng,TP HCM,Online,6,6,11407800.0,8392447.0
2025-08-04,Mỹ phẩm,Cần Thơ,Cửa hàng,1,1,442000.0,292335.0
2025-08-04,Mỹ phẩm,Hà Nội,Cửa hàng,2,2,829250.0,692246.0
2025-08-04,Mỹ phẩm,Hà Nội,Online,3,3,3253950.0,2160100.0
2025-08-04,Mỹ phẩm,Hải Phòng,Cửa hàng,1,1,408000.0,269979.0
2025-08-04,Mỹ phẩm,Hải Phòng,Online,1,1,390450.0,282001.0
2025-08-04,Mỹ phẩm,TP HCM,Cửa hàng,9,9,6694400.0,4985437.0
2025-08-04,Mỹ phẩm,TP HCM,Online,3,3,1971000.0,1618940.0
2025-08-04,Mỹ phẩm,Đà Nẵng,Online,1,1,541000.0,383038.0
2025-08-04,Sách,Cần Thơ,Cửa hàng,3,3,490700.0,335660.0
2025-08-04,Sách,Cần Thơ,Online,1,1,393000.0,274405.0
2025-08-04,Sách,Hà Nội,Cửa hàng,2,2,3314435.0,2326241.0
2025-08-04,Sách,Hà Nội,Online,5,5,1227800.0,884104.0
2025-08-04,Sách,Hải Phòng,Cửa hàng,2,2,291400.0,199260.0
2025-08-04,Sách,Hải Phòng,Online,1,1,283100.0,239194.0
2025-08-04,Sách,TP HCM,Cửa hàng,5,5,1564500.0,1130093.0
2025-08-04,Sách,TP HCM,Online,2,2,448300.0,308768.0
2025-08-04,Sách,Đà Nẵng,Cửa hàng,2,2,416200.0,303795.0
2025-08-04,Sách,Đà Nẵng,Online,2,2,765000.0,549698.0
2025-08-04,Thời trang,Cần Thơ,Cửa hàng,1,1,783000.0,613198.0
2025-08-04,Thời trang,Cần Thơ,Online,1,1,615600.0,520052.0
2025-08-04,Thời trang,Hà Nội,Cửa hàng,3,3,4933700.0,3529476.0
2025-08-04,Thời trang,Hà Nội,Online,4,4,4066800.0,2931063.0
2025-08-04,Thời trang,Hải Phòng,Online,4,4,12003557.0,8744157.0
2025-08-04,Thời trang,TP HCM,Cửa hàng,1,1,702900.0,515402.0
2025-08-04,Thời trang,TP HCM,Online,6,6,8621000.0,5729538.0
2025-08-04,Thời trang,Đà Nẵng,Cửa hàng,4,4,4533900.0,3461745.0
2025-08-04,Thời trang,Đà Nẵng,Online,3,3,3417000.0,2084530.0
2025-08-04,Thực phẩm,Cần Thơ,Cửa hàng,4,4,803100.0,617869.0
2025-08-04,Thực phẩm,Cần Thơ,Online,2,2,345150.0,249276.0
2025-08-04,Thực phẩm,Hà Nội,Cửa hàng,4,4,1388000.0,1031796.0
2025-08-04,Thực phẩm,Hà Nội,Online,10,10,5722012.0,4011827.0
2025-08-04,Thực phẩm,Hải Phòng,Cửa hàng,2,2,748000.0,559104.0
2025-08-04,Thực phẩm,Hải Phòng,Online,2,2,344200.0,270940.0
2025-08-04,Thực phẩm,TP HCM,Cửa hàng,6,6,1541400.0,1059484.0
2025-08-04,Thực phẩm,TP HCM,Online,8,8,4330280.0,3084025.0
2025-08-04,Thực phẩm,Đà Nẵng,Cửa hàng,6,6,3809078.0,2702012.0
2025-08-04,Thực phẩm,Đà Nẵng,Online,2,2,834000.0,572387.0
2025-08-04,Điện tử,Cần Thơ,Cửa hàng,3,3,4213600.0,3007892.0
2025-08-04,Điện tử,Cần Thơ,Online,1,1,1072000.0,754959.0
2025-08-04,Điện tử,Hà Nội,Cửa hàng,7,7,9938800.0,7407509.0
2025-08-04,Điện tử,Hà Nội,Online,2,2,2943100.0,2128761.0
2025-08-04,Điện tử,Hải Phòng,Cửa hàng,4,4,9347500.0,6830372.0
2025-08-04,Điện tử,Hải Phòng,Online,1,1,3930400.0,2707553.0
2025-08-04,Điện tử,TP HCM,Cửa hàng,4,4,4319200.0,3076621.0
2025-08-04,Điện tử,TP HCM,Online,4,4,5171700.0,3645161.0
2025-08-04,Điện tử,Đà Nẵng,Online,2,2,3226400.0,2100364.0
2025-08-05,Gia dụng,Cần Thơ,Cửa hàng,2,2,1532000.0,1012691.0
2025-08-05,Gia dụng,Cần Thơ,Online,1,1,859000.0,619499.0
2025-08-05,Gia dụng,Hà Nội,Cửa hàng,4,4,5404500.0,3728642.0
2025-08-05,Gia dụng,Hà Nội,Online,3,3,5302200.0,3661306.0
2025-08-05,Gia dụng,Hải Phòng,Cửa hàng,3,3,7988700.0,5737051.0
2025-08-05,Gia dụng,TP HCM,Cửa hàng,6,6,5609800.0,4220116.0
2025-08-05,Gia dụng,TP HCM,Online,3,3,2396100.0,1833211.0
2025-08-05,Gia dụng,Đà Nẵng,Cửa hàng,1,1,760000.0,618500.0
2025-08-05,Gia dụng,Đà Nẵng,Online,1,1,1542800.0,1112646.0
2025-08-05,Mỹ phẩm,Cần Thơ,Cửa hàng,5,5,10314859.0,7228642.0
2025-08-05,Mỹ phẩm,Cần Thơ,Online,1,1,437000.0,277048.0
2025-08-05,Mỹ phẩm,Hà Nội,Cửa hàng,2,2,2998000.0,2341708.0
2025-08-05,Mỹ phẩm,Hà Nội,Online,2,2,946550.0,595960.0
2025-08-05,Mỹ phẩm,Hải Phòng,Cửa hàng,2,2,1842750.0,1139671.0
2025-08-05,Mỹ phẩm,TP HCM,Cửa hàng,3,3,2498000.0,1859421.0
2025-08-05,Mỹ phẩm,Đà Nẵng,Cửa hàng,2,2,9275949.0,6485893.0
2025-08-05,Mỹ phẩm,Đà Nẵng,Online,1,1,1365150.0,954138.0
2025-08-05,Sách,Cần Thơ,Cửa hàng,3,3,1021250.0,815711.0
2025-08-05,Sách,Hà Nội,Cửa hàng,4,4,1246700.0,923023.0
2025-08-05,Sách,Hà Nội,Online,1,1,135850.0,99650.0
2025-08-05,Sách,Hải Phòng,Cửa hàng,2,2,915600.0,608405.0
2025-08-05,Sách,TP HCM,Cửa hàng,7,7,1745350.0,1208674.0
2025-08-05,Sách,TP HCM,Online,3,3,551700.0,377173.0
2025-08-05,Sách,Đà Nẵng,Cửa hàng,4,4,1017000.0,775392.0
2025-08-05,Thời trang,Cần Thơ,Cửa hàng,1,1,1529500.0,1086278.0
2025-08-05,Thời trang,Cần Thơ,Online,2,2,1485000.0,1073704.0
2025-08-05,Thời trang,Hà Nội,Cửa hàng,5,5,6681000.0,5268707.0
2025-08-05,Thời trang,Hà Nội,Online,5,5,4129550.0,3059053.0
2025-08-05,Thời trang,Hải Phòng,Cửa hàng,1,1,1576000.0,1061515.0
2025-08-05,Thời trang,Hải Phòng,Online,2,2,2147450.0,1530665.0
2025-08-05,Thời trang,TP HCM,Cửa hàng,5,5,5761400.0,4021418.0
2025-08-05,Thời trang,Đà Nẵng,Cửa hàng,2,2,5487850.0,4261368.0
2025-08-05,Thời trang,Đà Nẵng,Online,1,1,776000.0,561074.0
2025-08-05,Thực phẩm,Cần Thơ,Cửa hàng,4,4,1047300.0,723185.0
2025-08-05,Thực phẩm,Cần Thơ,Online,3,3,1001000.0,793379.0
2025-08-05,Thực phẩm,Hà Nội,Cửa hàng,12,12,3275900.0,2426339.0
2025-08-05,Thực phẩm,Hà Nội,Online,6,6,1860100.0,1327260.0
2025-08-05,Thực phẩm,Hải Phòng,Cửa hàng,2,2,316350.0,242930.0
2025-08-05,Thực phẩm,Hải Phòng,Online,7,6,2726800.0,2007689.0
2025-08-05,Thực phẩm,TP HCM,Cửa hàng,7,7,1750800.0,1323535.0
2025-08-05,Thực phẩm,TP HCM,Online,6,6,1162000.0,853509.0
2025-08-05,Thực phẩm,Đà Nẵng,Cửa hàng,6,6,1614150.0,1180913.0
2025-08-05,Thực phẩm,Đà Nẵng,Online,5,5,1356200.0,984909.0
2025-08-05,Điện tử,Cần Thơ,Online,3,3,4212350.0,2812214.0
2025-08-05,Điện tử,Hà Nội,Cửa hàng,3,3,9185800.0,6959832.0
2025-08-05,Điện tử,Hà Nội,Online,1,1,1076000.0,898193.0
2025-08-05,Điện tử,Hải Phòng,Cửa hàng,3,3,23258099.0,16240238.0
2025-08-05,Điện tử,Hải Phòng,Online,2,2,3470050.0,2567899.0
2025-08-05,Điện tử,TP HCM,Cửa hàng,6,6,10652600.0,8060978.0
2025-08-05,Điện tử,TP HCM,Online,7,6,18395150.0,13350401.0
2025-08-05,Điện tử,Đà Nẵng,Cửa hàng,3,3,8021000.0,5718085.0
2025-08-05,Điện tử,Đà Nẵng,Online,1,1,1032000.0,811373.0
2025-08-06,Gia dụng,Cần Thơ,Online,2,2,1855000.0,1345532.0
2025-08-06,Gia dụng,Hà Nội,Cửa hàng,6,6,6290200.0,4677091.0
2025-08-06,Gia dụng,Hà Nội,Online,7,7,7249050.0,5336838.0
2025-08-06,Gia dụng,Hải Phòng,Cửa hàng,1,1,1724000.0,1172971.0
2025-08-06,Gia dụng,Hải Phòng,Online,2,2,3433950.0,2555668.0
2025-08-06,Gia dụng,TP HCM,Cửa hàng,2,2,1647500.0,1184647.0
2025-08-06,Gia dụng,TP HCM,Online,6,6,7650600.0,4916702.0
2025-08-06,Gia dụng,Đà Nẵng,Cửa hàng,1,1,903450.0,755927.0
2025-08-06,Gia dụng,Đà Nẵng,Online,1,1,1526000.0,1100530.0
2025-08-06,Mỹ phẩm,Cần Thơ,Cửa hàng,2,2,1864000.0,1380082.0
2025-08-06,Mỹ phẩm,Cần Thơ,Online,3,3,1389100.0,1036155.0
2025-08-06,Mỹ phẩm,Hà Nội,Cửa hàng,1,1,1570800.0,1102777.0
2025-08-06,Mỹ phẩm,Hà Nội,Online,3,3,2403000.0,1812564.0
2025-08-06,Mỹ phẩm,Hải Phòng,Cửa hàng,1,1,873800.0,528703.0
2025-08-06,Mỹ phẩm,Hải Phòng,Online,2,2,1869800.0,1283579.0
2025-08-06,Mỹ phẩm,TP HCM,Cửa hàng,4,4,2049350.0,1461747.0
2025-08-06,Mỹ phẩm,TP HCM,Online,3,3,2186800.0,1634084.0
2025-08-06,Mỹ phẩm,Đà Nẵng,Online,1,1,490500.0,366015.0
2025-08-06,Sách,Cần Thơ,Cửa hàng,1,1,132000.0,84793.0
2025-08-06,Sách,Cần Thơ,Online,1,1,252700.0,176632.0
2025-08-06,Sách,Hà Nội,Cửa hàng,5,5,1501000.0,1118600.0
2025-08-06,Sách,Hà Nội,Online,1,1,124100.0,89898.0
2025-08-06,Sách,Hải Phòng,Cửa hàng,1,1,269800.0,191287.0
2025-08-06,Sách,Hải Phòng,Online,1,1,148200.0,93743.0
2025-08-06,Sách,TP HCM,Cửa hàng,3,3,776600.0,622585.0
2025-08-06,Sách,TP HCM,Online,2,2,2418696.0,1781810.0
2025-08-06,Sách,Đà Nẵng,Online,1,1,165000.0,125084.0
2025-08-06,Thời trang,Cần Thơ,Cửa hàng,3,3,4385950.0,3062132.0
2025-08-06,Thời trang,Cần Thơ,Online,1,1,824000.0,546678.0
2025-08-06,Thời trang,Hà Nội,Cửa hàng,6,6,6681700.0,4883749.0
2025-08-06,Thời trang,Hà Nội,Online,1,1,809000.0,529288.0
2025-08-06,Thời trang,Hải Phòng,Cửa hàng,2,2,2034900.0,1653692.0
2025-08-06,Thời trang,Hải Phòng,Online,2,2,2152000.0,1710488.0
2025-08-06,Thời trang,TP HCM,Cửa hàng,2,2,1381300.0,949348.0
2025-08-06,Thời trang,TP HCM,Online,2,2,3503000.0,2627559.0
2025-08-06,Thời trang,Đà Nẵng,Cửa hàng,2,2,4503000.0,3428371.0
2025-08-06,Thời trang,Đà Nẵng,Online,4,4,5708900.0,4067094.0
2025-08-06,Thực phẩm,Cần Thơ,Cửa hàng,7,7,6004863.0,4191936.0
2025-08-06,Thực phẩm,Cần Thơ,Online,5,5,1376650.0,928729.0
2025-08-06,Thực phẩm,Hà Nội,Cửa hàng,5,5,1766400.0,1163670.0
2025-08-06,Thực phẩm,Hải Phòng,Cửa hàng,3,3,771050.0,545143.0
2025-08-06,Thực phẩm,Hải Phòng,Online,5,5,1234700.0,963084.0
2025-08-06,Thực phẩm,TP HCM,Cửa hàng,7,7,1668700.0,1308723.0
2025-08-06,Thực phẩm,TP HCM,Online,7,7,1716200.0,1280626.0
2025-08-06,Thực phẩm,Đà Nẵng,Cửa hàng,7,7,1611850.0,1175712.0
2025-08-06,Thực phẩm,Đà Nẵng,Online,3,3,543200.0,371225.0
2025-08-06,Điện tử,Cần Thơ,Cửa hàng,5,5,6051700.0,4265303.0
2025-08-06,Điện tử,Cần Thơ,Online,2,2,12442907.0,9047721.0
2025-08-06,Điện tử,Hà Nội,Cửa hàng,3,3,5941000.0,4246326.0
2025-08-06,Điện tử,Hà Nội,Online,7,7,12033650.0,9101274.0
2025-08-06,Điện tử,Hải Phòng,Cửa hàng,1,1,1069000.0,749385.0
2025-08-06,Điện tử,Hải Phòng,Online,4,4,20202899.0,14236783.0
2025-08-06,Điện tử,TP HCM,Cửa hàng,9,9,15039350.0,11938794.0
2025-08-06,Điện tử,TP HCM,Online,6,6,10109600.0,7294109.0
2025-08-06,Điện tử,Đà Nẵng,Cửa hàng,4,4,7299600.0,5601510.0
2025-08-06,Điện tử,Đà Nẵng,Online,3,3,5417600.0,3880791.0
2025-08-07,Gia dụng,Cần Thơ,Cửa hàng,4,4,6440550.0,4857675.0
2025-08-07,Gia dụng,Cần Thơ,Online,1,1,1949400.0,1556101.0
2025-08-07,Gia dụng,Hà Nội,Cửa hàng,3,3,3101750.0,2188996.0
2025-08-07,Gia dụng,Hà Nội,Online,2,2,2411500.0,1758123.0
2025-08-07,Gia dụng,Hải Phòng,Cửa hàng,3,3,5260600.0,3852899.0
2025-08-07,Gia dụng,TP HCM,Cửa hàng,9,9,10539100.0,8265205.0
2025-08-07,Gia dụng,TP HCM,Online,6,6,5921700.0,4291844.0
2025-08-07,Gia dụng,Đà Nẵng,Cửa hàng,1,1,1547000.0,948963.0
2025-08-07,Gia dụng,Đà Nẵng,Online,2,2,3355000.0,2465049.0
2025-08-07,Mỹ phẩm,Cần Thơ,Cửa hàng,3,3,1972950.0,1489048.0
2025-08-07,Mỹ phẩm,Cần Thơ,Online,1,1,972000.0,702023.0
2025-08-07,Mỹ phẩm,Hà Nội,Cửa hàng,3,3,2181950.0,1520051.0
2025-08-07,Mỹ phẩm,Hà Nội,Online,2,2,813900.0,563698.0
2025-08-07,Mỹ phẩm,TP HCM,Cửa hàng,1,1,450000.0,321502.0
2025-08-07,Mỹ phẩm,TP HCM,Online,3,3,3175400.0,2532327.0
2025-08-07,Mỹ phẩm,Đà Nẵng,Cửa hàng,2,2,982000.0,676453.0
2025-08-07,Sách,Cần Thơ,Cửa hàng,1,1,131000.0,106429.0
2025-08-07,Sách,Hà Nội,Cửa hàng,2,2,445450.0,326183.0
2025-08-07,Sách,Hà Nội,Online,2,2,308700.0,205949.0
2025-08-07,Sách,Hải Phòng,Cửa hàng,3,3,401850.0,295740.0
2025-08-07,Sách,Hải Phòng,Online,2,2,294250.0,217242.0
2025-08-07,Sách,TP HCM,Cửa hàng,8,8,2566900.0,1775990.0
2025-08-07,Sách,Đà Nẵng,Cửa hàng,2,2,456000.0,315490.0
2025-08-07,Sách,Đà Nẵng,Online,1,1,152950.0,111275.0
2025-08-07,Thời trang,Cần Thơ,Cửa hàng,4,4,4523200.0,3042745.0
2025-08-07,Thời trang,Cần Thơ,Online,1,1,680000.0,463440.0
2025-08-07,Thời trang,Hà Nội,Cửa hàng,2,2,4822000.0,3364806.0
2025-08-07,Thời trang,Hà Nội,Online,1,1,761000.0,550228.0
2025-08-07,Thời trang,Hải Phòng,Cửa hàng,2,2,2710700.0,2022412.0
2025-08-07,Thời trang,TP HCM,Cửa hàng,3,3,5366200.0,3542661.0
2025-08-07,Thời trang,TP HCM,Online,4,4,13259869.0,9391695.0
2025-08-07,Thời trang,Đà Nẵng,Cửa hàng,2,2,2451000.0,1975746.0
2025-08-07,Thời trang,Đà Nẵng,Online,1,1,793250.0,643915.0
2025-08-07,Thực phẩm,Cần Thơ,Cửa hàng,4,4,1073250.0,762132.0
2025-08-07,Thực phẩm,Cần Thơ,Online,1,1,444600.0,308078.0
2025-08-07,Thực phẩm,Hà Nội,Cửa hàng,9,9,4767809.0,3478761.0
2025-08-07,Thực phẩm,Hà Nội,Online,9,9,2414700.0,1700511.0
2025-08-07,Thực phẩm,Hải Phòng,Cửa hàng,3,3,1339000.0,990964.0
2025-08-07,Thực phẩm,Hải Phòng,Online,2,2,778000.0,562351.0
2025-08-07,Thực phẩm,TP HCM,Cửa hàng,7,7,2032600.0,1525135.0
2025-08-07,Thực phẩm,TP HCM,Online,12,12,3341200.0,2477946.0
2025-08-07,Thực phẩm,Đà Nẵng,Cửa hàng,5,5,1194750.0,801240.0
2025-08-07,Thực phẩm,Đà Nẵng,Online,2,2,771400.0,551638.0
2025-08-07,Điện tử,Cần Thơ,Cửa hàng,2,2,2798500.0,2249070.0
2025-08-07,Điện tử,Cần Thơ,Online,2,2,4343550.0,2873852.0
2025-08-07,Điện tử,Hà Nội,Cửa hàng,2,2,3193000.0,2055889.0
2025-08-07,Điện tử,Hà Nội,Online,4,4,5191300.0,3696176.0
2025-08-07,Điện tử,Hải Phòng,Cửa hàng,2,2,5595000.0,4136631.0
2025-08-07,Điện tử,Hải Phòng,Online,2,2,2175300.0,1682405.0
2025-08-07,Điện tử,TP HCM,Cửa hàng,6,6,12303650.0,7465688.0
2025-08-07,Điện tử,TP HCM,Online,5,5,8203400.0,5659037.0
2025-08-07,Điện tử,Đà Nẵng,Cửa hàng,1,1,1119000.0,791035.0
2025-08-07,Điện tử,Đà Nẵng,Online,1,1,1170000.0,713990.0
2025-08-08,Gia dụng,Cần Thơ,Cửa hàng,2,2,3449000.0,2589235.0
2025-08-08,Gia dụng,Cần Thơ,Online,2,2,2713500.0,2205891.0
2025-08-08,Gia dụng,Hà Nội,Cửa hàng,6,6,6115900.0,4560890.0
2025-08-08,Gia dụng,Hà Nội,Online,4,4,6081600.0,4460362.0
2025-08-08,Gia dụng,Hải Phòng,Cửa hàng,2,2,4165200.0,3301341.0
2025-08-08,Gia dụng,Hải Phòng,Online,4,4,7428600.0,5853880.0
2025-08-08,Gia dụng,TP HCM,Cửa hàng,2,2,3947100.0,2523551.0
2025-08-08,Gia dụng,Đà Nẵng,Cửa hàng,1,1,691900.0,498662.0
2025-08-08,Gia dụng,Đà Nẵng,Online,1,1,2472000.0,1776465.0
2025-08-08,Mỹ phẩm,Hà Nội,Cửa hàng,8,8,6864000.0,5014351.0
2025-08-08,Mỹ phẩm,Hà Nội,Online,2,2,2145000.0,1458793.0
2025-08-08,Mỹ phẩm,Hải Phòng,Cửa hàng,2,2,1282300.0,1026184.0
2025-08-08,Mỹ phẩm,Hải Phòng,Online,1,1,1010000.0,729468.0
2025-08-08,Mỹ phẩm,TP HCM,Cửa hàng,1,1,2104000.0,1662685.0
2025-08-08,Mỹ phẩm,TP HCM,Online,3,3,8284441.0,5983403.0
2025-08-08,Mỹ phẩm,Đà Nẵng,Cửa hàng,5,5,4396000.0,3003242.0
2025-08-08,Sách,Hà Nội,Cửa hàng,2,2,464750.0,304674.0
2025-08-08,Sách,Hà Nội,Online,3,3,1260000.0,836319.0
2025-08-08,Sách,Hải Phòng,Cửa hàng,1,1,141000.0,101152.0
2025-08-08,Sách,Hải Phòng,Online,1,1,501000.0,324767.0
2025-08-08,Sách,TP HCM,Cửa hàng,3,3,1314000.0,977944.0
2025-08-08,Sách,TP HCM,Online,2,2,880000.0,608160.0
2025-08-08,Sách,Đà Nẵng,Cửa hàng,1,1,133000.0,97980.0
2025-08-08,Sách,Đà Nẵng,Online,4,4,704200.0,501152.0
2025-08-08,Thời trang,Cần Thơ,Cửa hàng,1,1,775200.0,610920.0
2025-08-08,Thời trang,Hà Nội,Cửa hàng,5,5,7815500.0,5934794.0
2025-08-08,Thời trang,Hà Nội,Online,3,3,2854400.0,2073391.0
2025-08-08,Thời trang,Hải Phòng,Cửa hàng,2,2,1578000.0,1097582.0
2025-08-08,Thời trang,Hải Phòng,Online,1,1,1231200.0,912371.0
2025-08-08,Thời trang,TP HCM,Cửa hàng,2,2,2193300.0,1592310.0
2025-08-08,Thời trang,TP HCM,Online,5,5,6021200.0,4158171.0
2025-08-08,Thời trang,Đà Nẵng,Cửa hàng,3,3,4237000.0,3178227.0
2025-08-08,Thời trang,Đà Nẵng,Online,1,1,653400.0,544707.0
2025-08-08,Thực phẩm,Cần Thơ,Cửa hàng,4,4,1092600.0,800726.0
2025-08-08,Thực phẩm,Cần Thơ,Online,3,3,925000.0,629900.0
2025-08-08,Thực phẩm,Hà Nội,Cửa hàng,8,8,1826900.0,1283504.0
2025-08-08,Thực phẩm,Hà Nội,Online,8,8,1491950.0,1038618.0
2025-08-08,Thực phẩm,Hải Phòng,Online,8,8,2790450.0,1982840.0
2025-08-08,Thực phẩm,TP HCM,Cửa hàng,15,14,3838700.0,2733868.0
2025-08-08,Thực phẩm,TP HCM,Online,8,8,1718800.0,1194606.0
2025-08-08,Thực phẩm,Đà Nẵng,Cửa hàng,4,4,1336000.0,936278.0
2025-08-08,Thực phẩm,Đà Nẵng,Online,4,4,1118200.0,799738.0
2025-08-08,Điện tử,Cần Thơ,Online,1,1,1047850.0,825163.0
2025-08-08,Điện tử,Hà Nội,Cửa hàng,6,6,14763050.0,10134939.0
2025-08-08,Điện tử,Hà Nội,Online,5,5,9047950.0,6088948.0
2025-08-08,Điện tử,Hải Phòng,Cửa hàng,2,2,2097450.0,1703817.0
2025-08-08,Điện tử,Hải Phòng,Online,2,2,3919800.0,2894813.0
2025-08-08,Điện tử,TP HCM,Cửa hàng,6,6,7657600.0,5158102.0
2025-08-08,Điện tử,TP HCM,Online,8,8,15877500.0,12059409.0
2025-08-08,Điện tử,Đà Nẵng,Cửa hàng,3,3,7456000.0,5855498.0
2025-08-08,Điện tử,Đà Nẵng,Online,1,1,12237754.0,8566428.0
2025-08-09,Gia dụng,Cần Thơ,Cửa hàng,1,1,780900.0,600088.0
2025-08-09,Gia dụng,Hà Nội,Cửa hàng,5,5,5801200.0,4159775.0
2025-08-09,Gia dụng,Hà Nội,Online,4,4,6166000.0,4531299.0
2025-08-09,Gia dụng,Hải Phòng,Cửa hàng,2,2,1727950.0,1353656.0
2025-08-09,Gia dụng,Hải Phòng,Online,3,3,3077900.0,2312168.0
2025-08-09,Gia dụng,TP HCM,Cửa hàng,6,6,5591200.0,4103277.0
2025-08-09,Gia dụng,TP HCM,Online,8,8,10717100.0,7828388.0
2025-08-09,Gia dụng,Đà Nẵng,Cửa hàng,3,3,3809700.0,2845214.0
2025-08-09,Gia dụng,Đà Nẵng,Online,2,2,4012800.0,2847794.0
2025-08-09,Mỹ phẩm,Cần Thơ,Cửa hàng,1,1,1674000.0,1200490.0
2025-08-09,Mỹ phẩm,Cần Thơ,Online,1,1,417600.0,323357.0
2025-08-09,Mỹ phẩm,Hà Nội,Cửa hàng,2,2,919000.0,683574.0
2025-08-09,Mỹ phẩm,Hà Nội,Online,3,3,1807650.0,1290892.0
2025-08-09,Mỹ phẩm,TP HCM,Cửa hàng,7,7,5759000.0,4402503.0
2025-08-09,Mỹ phẩm,TP HCM,Online,6,6,5025900.0,3706901.0
2025-08-09,Sách,Cần Thơ,Online,2,2,2185460.0,1549205.0
2025-08-09,Sách,Hà Nội,Cửa hàng,5,5,701350.0,514400.0
2025-08-09,Sách,Hà Nội,Online,7,7,1923200.0,1338076.0
2025-08-09,Sách,Hải Phòng,Cửa hàng,3,3,1073500.0,803925.0
2025-08-09,Sách,Hải Phòng,Online,1,1,461700.0,334457.0
2025-08-09,Sách,TP HCM,Cửa hàng,3,3,426450.0,323643.0
2025-08-09,Sách,Đà Nẵng,Cửa hàng,4,4,2772553.0,1917358.0
2025-08-09,Sách,Đà Nẵng,Online,1,1,154000.0,97931.0
2025-08-09,Thời trang,Cần Thơ,Cửa hàng,4,4,6311600.0,4703644.0
2025-08-09,Thời trang,Hà Nội,Cửa hàng,4,4,5597800.0,4127090.0
2025-08-09,Thời trang,Hà Nội,Online,3,3,5418300.0,3896525.0
2025-08-09,Thời trang,Hải Phòng,Cửa hàng,2,2,2370250.0,1953546.0
2025-08-09,Thời trang,Hải Phòng,Online,3,3,2917600.0,2260646.0
2025-08-09,Thời trang,TP HCM,Cửa hàng,2,2,4004750.0,2720896.0
2025-08-09,Thời trang,TP HCM,Online,5,5,5884700.0,4060683.0
2025-08-09,Thời trang,Đà Nẵng,Cửa hàng,4,4,9109800.0,6558468.0
2025-08-09,Thời trang,Đà Nẵng,Online,2,2,2032300.0,1583712.0
2025-08-09,Thực phẩm,Cần Thơ,Cửa hàng,4,4,1928150.0,1498196.0
2025-08-09,Thực phẩm,Cần Thơ,Online,2,2,956900.0,666426.0
2025-08-09,Thực phẩm,Hà Nội,Cửa hàng,9,9,4134400.0,2992539.0
2025-08-09,Thực phẩm,Hà Nội,Online,8,8,6073449.0,4301579.0
2025-08-09,Thực phẩm,Hải Phòng,Cửa hàng,4,4,1618850.0,1176710.0
2025-08-09,Thực phẩm,Hải Phòng,Online,1,1,176000.0,131777.0
2025-08-09,Thực phẩm,TP HCM,Cửa hàng,5,5,1259200.0,873324.0
2025-08-09,Thực phẩm,TP HCM,Online,8,8,1381200.0,1003815.0
2025-08-09,Thực phẩm,Đà Nẵng,Cửa hàng,8,8,2073350.0,1591358.0
2025-08-09,Thực phẩm,Đà Nẵng,Online,3,3,661800.0,505598.0
2025-08-09,Điện tử,Cần Thơ,Cửa hàng,2,2,7400900.0,4734729.0
2025-08-09,Điện tử,Hà Nội,Cửa hàng,4,4,6163450.0,4562775.0
2025-08-09,Điện tử,Hà Nội,Online,4,4,6848800.0,4890720.0
2025-08-09,Điện tử,Hải Phòng,Cửa hàng,1,1,1048000.0,699115.0
2025-08-09,Điện tử,Hải Phòng,Online,3,3,9461000.0,7412692.0
2025-08-09,Điện tử,TP HCM,Cửa hàng,3,3,5133300.0,3534370.0
2025-08-09,Điện tử,TP HCM,Online,3,3,3095250.0,2340305.0
2025-08-09,Điện tử,Đà Nẵng,Online,3,3,7068000.0,5175404.0
2025-08-10,Gia dụng,Cần Thơ,Online,1,1,953000.0,707648.0
2025-08-10,Gia dụng,Hà Nội,Cửa hàng,1,1,2463000.0,2042418.0
2025-08-10,Gia dụng,Hà Nội,Online,5,5,6670750.0,4638725.0
2025-08-10,Gia dụng,Hải Phòng,Cửa hàng,1,1,855000.0,714151.0
2025-08-10,Gia dụng,Hải Phòng,Online,5,5,3956300.0,2658271.0
2025-08-10,Gia dụng,TP HCM,Cửa hàng,6,6,5415200.0,4003850.0
2025-08-10,Gia dụng,TP HCM,Online,10,10,15975300.0,11339632.0
2025-08-10,Gia dụng,Đà Nẵng,Cửa hàng,5,5,6112550.0,4543781.0
2025-08-10,Gia dụng,Đà Nẵng,Online,2,2,4111200.0,3383556.0
2025-08-10,Mỹ phẩm,Hà Nội,Cửa hàng,2,2,1613000.0,1190361.0
2025-08-10,Mỹ phẩm,Hà Nội,Online,2,2,3076000.0,2140551.0
2025-08-10,Mỹ phẩm,Hải Phòng,Cửa hàng,2,2,904850.0,665739.0
2025-08-10,Mỹ phẩm,TP HCM,Cửa hàng,5,5,3321500.0,2474798.0
2025-08-10,Mỹ phẩm,TP HCM,Online,2,2,970000.0,774698.0
2025-08-10,Mỹ phẩm,Đà Nẵng,Cửa hàng,3,3,1213800.0,787908.0
2025-08-10,Sách,Cần Thơ,Cửa hàng,2,2,1168500.0,790692.0
2025-08-10,Sách,Cần Thơ,Online,2,2,529750.0,351968.0
2025-08-10,Sách,Hà Nội,Cửa hàng,5,5,1033000.0,733502.0
2025-08-10,Sách,Hà Nội,Online,6,6,1338100.0,994844.0
2025-08-10,Sách,Hải Phòng,Online,1,1,130050.0,92794.0
2025-08-10,Sách,TP HCM,Cửa hàng,4,4,1391150.0,925272.0
2025-08-10,Sách,TP HCM,Online,1,1,159600.0,96215.0
2025-08-10,Sách,Đà Nẵng,Cửa hàng,5,5,861050.0,626597.0
2025-08-10,Sách,Đà Nẵng,Online,1,1,458850.0,332392.0
2025-08-10,Thời trang,Cần Thơ,Cửa hàng,2,2,1452000.0,1043498.0
2025-08-10,Thời trang,Cần Thơ,Online,1,1,1354000.0,932485.0
2025-08-10,Thời trang,Hà Nội,Online,2,2,1445000.0,952459.0
2025-08-10,Thời trang,Hải Phòng,Cửa hàng,2,2,1476750.0,1066657.0
2025-08-10,Thời trang,TP HCM,Cửa hàng,3,3,4638700.0,3310548.0
2025-08-10,Thời trang,TP HCM,Online,3,3,4724450.0,3484050.0
2025-08-10,Thời trang,Đà Nẵng,Cửa hàng,1,1,1326000.0,811154.0
2025-08-10,Thời trang,Đà Nẵng,Online,4,4,5151000.0,3366613.0
2025-08-10,Thực phẩm,Cần Thơ,Cửa hàng,2,2,625300.0,449016.0
2025-08-10,Thực phẩm,Cần Thơ,Online,3,3,691500.0,456182.0
2025-08-10,Thực phẩm,Hà Nội,Cửa hàng,10,10,2818900.0,1959804.0
2025-08-10,Thực phẩm,Hà Nội,Online,5,5,3449408.0,2433878.0
2025-08-10,Thực phẩm,Hải Phòng,Cửa hàng,7,7,5092858.0,3569399.0
2025-08-10,Thực phẩm,Hải Phòng,Online,3,3,695400.0,534296.0
2025-08-10,Thực phẩm,TP HCM,Cửa hàng,8,8,3534000.0,2541287.0
2025-08-10,Thực phẩm,TP HCM,Online,8,8,1977450.0,1431369.0
2025-08-10,Thực phẩm,Đà Nẵng,Cửa hàng,6,6,2516500.0,1986013.0
2025-08-10,Thực phẩm,Đà Nẵng,Online,7,7,1727900.0,1247190.0
2025-08-10,Điện tử,Cần Thơ,Cửa hàng,3,3,5177600.0,3577651.0
2025-08-10,Điện tử,Cần Thơ,Online,1,1,952850.0,689653.0
2025-08-10,Điện tử,Hà Nội,Cửa hàng,9,9,15363100.0,11412015.0
2025-08-10,Điện tử,Hà Nội,Online,4,4,8952300.0,6412934.0
2025-08-10,Điện tử,Hải Phòng,Cửa hàng,3,3,3460000.0,2301703.0
2025-08-10,Điện tử,Hải Phòng,Online,3,3,4531300.0,3186777.0
2025-08-10,Điện tử,TP HCM,Cửa hàng,4,4,8327700.0,6236236.0
2025-08-10,Điện tử,TP HCM,Online,4,4,4151450.0,2942476.0
2025-08-10,Điện tử,Đà Nẵng,Cửa hàng,3,3,8342600.0,6316964.0
2025-08-10,Điện tử,Đà Nẵng,Online,5,5,7238450.0,5197387.0
2025-08-11,Gia dụng,Cần Thơ,Cửa hàng,3,3,3306300.0,2565552.0
2025-08-11,Gia dụng,Cần Thơ,Online,1,1,830000.0,514672.0
2025-08-11,Gia dụng,Hà Nội,Cửa hàng,5,5,8015500.0,6119000.0
2025-08-11,Gia dụng,Hà Nội,Online,5,5,9739350.0,7213374.0
2025-08-11,Gia dụng,Hải Phòng,Cửa hàng,2,2,1497650.0,1145060.0
2025-08-11,Gia dụng,TP HCM,Cửa hàng,3,3,3909400.0,2815785.0
2025-08-11,Gia dụng,TP HCM,Online,5,5,7054000.0,5260034.0
2025-08-11,Gia dụng,Đà Nẵng,Cửa hàng,3,3,2386000.0,1933134.0
2025-08-11,Gia dụng,Đà Nẵng,Online,2,2,7306000.0,6015229.0
2025-08-11,Mỹ phẩm,Cần Thơ,Cửa hàng,1,1,433000.0,365003.0
2025-08-11,Mỹ phẩm,Cần Thơ,Online,1,1,984000.0,627866.0
2025-08-11,Mỹ phẩm,Hà Nội,Cửa hàng,3,3,1814000.0,1279427.0
2025-08-11,Mỹ phẩm,Hà Nội,Online,1,1,487350.0,388816.0
2025-08-11,Mỹ phẩm,Hải Phòng,Online,1,1,1437000.0,1032507.0
2025-08-11,Mỹ phẩm,TP HCM,Cửa hàng,3,3,2901200.0,2131904.0
2025-08-11,Mỹ phẩm,TP HCM,Online,3,3,1866950.0,1326867.0
2025-08-11,Sách,Cần Thơ,Cửa hàng,3,3,439700.0,323408.0
2025-08-11,Sách,Cần Thơ,Online,2,2,1757016.0,1255697.0
2025-08-11,Sách,Hà Nội,Cửa hàng,3,3,853400.0,696633.0
2025-08-11,Sách,Hà Nội,Online,3,3,656450.0,455201.0
2025-08-11,Sách,Hải Phòng,Cửa hàng,5,5,4831175.0,3507884.0
2025-08-11,Sách,TP HCM,Cửa hàng,4,4,1262000.0,923841.0
2025-08-11,Sách,TP HCM,Online,3,3,959200.0,749302.0
2025-08-11,Sách,Đà Nẵng,Online,1,1,148500.0,107574.0
2025-08-11,Thời trang,Cần Thơ,Cửa hàng,2,2,3465000.0,2563370.0
2025-08-11,Thời trang,Cần Thơ,Online,1,1,669000.0,483709.0
2025-08-11,Thời trang,Hà Nội,Cửa hàng,3,3,4015950.0,2915568.0
2025-08-11,Thời trang,Hà Nội,Online,2,2,2061600.0,1480545.0
2025-08-11,Thời trang,Hải Phòng,Cửa hàng,1,1,1468000.0,1024749.0
2025-08-11,Thời trang,Hải Phòng,Online,1,1,6668364.0,4667855.0
2025-08-11,Thời trang,TP HCM,Cửa hàng,3,3,2751200.0,1866162.0
2025-08-11,Thời trang,TP HCM,Online,5,5,5264000.0,3910749.0
2025-08-11,Thời trang,Đà Nẵng,Cửa hàng,1,1,826000.0,597225.0
2025-08-11,Thời trang,Đà Nẵng,Online,1,1,1322400.0,858370.0
2025-08-11,Thực phẩm,Cần Thơ,Cửa hàng,3,3,1353300.0,943076.0
2025-08-11,Thực phẩm,Cần Thơ,Online,4,4,870450.0,579757.0
2025-08-11,Thực phẩm,Hà Nội,Cửa hàng,10,10,2787250.0,2061213.0
2025-08-11,Thực phẩm,Hà Nội,Online,9,9,5736177.0,4090343.0
2025-08-11,Thực phẩm,Hải Phòng,Cửa hàng,2,2,808000.0,492677.0
2025-08-11,Thực phẩm,Hải Phòng,Online,2,2,560900.0,424832.0
2025-08-11,Thực phẩm,TP HCM,Cửa hàng,9,9,2741250.0,1800353.0
2025-08-11,Thực phẩm,TP HCM,Online,8,8,3530365.0,2548676.0
2025-08-11,Thực phẩm,Đà Nẵng,Cửa hàng,4,4,1977450.0,1432113.0
2025-08-11,Thực phẩm,Đà Nẵng,Online,1,1,585000.0,422848.0
2025-08-11,Điện tử,Cần Thơ,Online,3,3,8327050.0,6097982.0
2025-08-11,Điện tử,Hà Nội,Cửa hàng,8,8,30787927.0,21324084.0
2025-08-11,Điện tử,Hà Nội,Online,7,7,9775400.0,7260282.0
2025-08-11,Điện tử,Hải Phòng,Cửa hàng,4,4,7279000.0,5199530.0
2025-08-11,Điện tử,TP HCM,Cửa hàng,6,6,9469100.0,6992201.0
2025-08-11,Điện tử,TP HCM,Online,5,5,6191600.0,4378769.0
2025-08-11,Điện tử,Đà Nẵng,Cửa hàng,1,1,2222000.0,1461980.0
2025-08-11,Điện tử,Đà Nẵng,Online,1,1,3297000.0,2594654.0
2025-08-12,Gia dụng,Cần Thơ,Online,1,1,772000.0,556756.0
2025-08-12,Gia dụng,Hà Nội,Cửa hàng,3,3,3805250.0,2598616.0
2025-08-12,Gia dụng,Hà Nội,Online,5,5,8133600.0,5932520.0
2025-08-12,Gia dụng,Hải Phòng,Cửa hàng,3,3,7294000.0,5583553.0
2025-08-12,Gia dụng,Hải Phòng,Online,1,1,3268000.0,2356836.0
2025-08-12,Gia dụng,TP HCM,Cửa hàng,4,4,5164400.0,3668128.0
2025-08-12,Gia dụng,TP HCM,Online,3,3,6057200.0,4575088.0
2025-08-12,Gia dụng,Đà Nẵng,Cửa hàng,2,2,3682000.0,2623388.0
2025-08-12,Gia dụng,Đà Nẵng,Online,1,1,1918000.0,1530459.0
2025-08-12,Mỹ phẩm,Cần Thơ,Cửa hàng,1,1,465300.0,367626.0
2025-08-12,Mỹ phẩm,Cần Thơ,Online,4,4,2493300.0,1838511.0
2025-08-12,Mỹ phẩm,Hà Nội,Cửa hàng,2,2,1319800.0,1077977.0
2025-08-12,Mỹ phẩm,Hà Nội,Online,3,3,2336600.0,1766706.0
2025-08-12,Mỹ phẩm,Hải Phòng,Cửa hàng,4,4,1899000.0,1341277.0
2025-08-12,Mỹ phẩm,TP HCM,Cửa hàng,3,3,2726750.0,1904970.0
2025-08-12,Mỹ phẩm,Đà Nẵng,Cửa hàng,1,1,443650.0,362529.0
2025-08-12,Sách,Cần Thơ,Cửa hàng,1,1,310000.0,254195.0
2025-08-12,Sách,Cần Thơ,Online,3,3,579600.0,417248.0
2025-08-12,Sách,Hà Nội,Cửa hàng,3,3,368300.0,269197.0
2025-08-12,Sách,Hải Phòng,Cửa hàng,1,1,170000.0,128242.0
2025-08-12,Sách,Hải Phòng,Online,1,1,162000.0,125812.0
2025-08-12,Sách,TP HCM,Cửa hàng,2,2,262050.0,201258.0
2025-08-12,Sách,TP HCM,Online,3,3,598000.0,392234.0
2025-08-12,Sách,Đà Nẵng,Cửa hàng,2,2,935000.0,773085.0
2025-08-12,Sách,Đà Nẵng,Online,1,1,282000.0,209852.0
2025-08-12,Thời trang,Cần Thơ,Online,1,1,2406000.0,1649461.0
2025-08-12,Thời trang,Hà Nội,Cửa hàng,5,5,7976200.0,5250263.0
2025-08-12,Thời trang,Hà Nội,Online,6,6,6107750.0,4422020.0
2025-08-12,Thời trang,Hải Phòng,Cửa hàng,2,2,4522000.0,3236451.0
2025-08-12,Thời trang,Hải Phòng,Online,2,2,5448000.0,3909957.0
2025-08-12,Thời trang,TP HCM,Cửa hàng,10,10,11546850.0,8284561.0
2025-08-12,Thời trang,TP HCM,Online,7,7,7858850.0,5517554.0
2025-08-12,Thời trang,Đà Nẵng,Cửa hàng,2,2,1570900.0,1153450.0
2025-08-12,Thời trang,Đà Nẵng,Online,2,2,1976400.0,1488366.0
2025-08-12,Thực phẩm,Cần Thơ,Cửa hàng,6,6,1681100.0,1165118.0
2025-08-12,Thực phẩm,Cần Thơ,Online,3,3,520450.0,364317.0
2025-08-12,Thực phẩm,Hà Nội,Cửa hàng,10,10,2287500.0,1694056.0
2025-08-12,Thực phẩm,Hà Nội,Online,4,4,916000.0,688165.0
2025-08-12,Thực phẩm,Hải Phòng,Cửa hàng,6,6,1448050.0,1001591.0
2025-08-12,Thực phẩm,Hải Phòng,Online,5,5,1247450.0,900228.0
2025-08-12,Thực phẩm,TP HCM,Cửa hàng,6,6,1663000.0,1241059.0
2025-08-12,Thực phẩm,TP HCM,Online,3,3,1226700.0,929955.0
2025-08-12,Thực phẩm,Đà Nẵng,Cửa hàng,3,3,1421600.0,999560.0
2025-08-12,Thực phẩm,Đà Nẵng,Online,5,5,1608400.0,1162558.0
2025-08-12,Điện tử,Cần Thơ,Cửa hàng,2,2,1833300.0,1365041.0
2025-08-12,Điện tử,Cần Thơ,Online,2,2,4704000.0,3252425.0
2025-08-12,Điện tử,Hà Nội,Cửa hàng,6,6,10982000.0,8019318.0
2025-08-12,Điện tử,Hà Nội,Online,4,4,5241100.0,3966094.0
2025-08-12,Điện tử,Hải Phòng,Cửa hàng,1,1,5060000.0,3580916.0
2025-08-12,Điện tử,Hải Phòng,Online,2,2,2992000.0,2269404.0
2025-08-12,Điện tử,TP HCM,Cửa hàng,10,10,15218800.0,11072088.0
2025-08-12,Điện tử,TP HCM,Online,4,4,9532150.0,6922297.0
2025-08-12,Điện tử,Đà Nẵng,Cửa hàng,1,1,2240000.0,1461797.0
2025-08-13,Gia dụng,Cần Thơ,Cửa hàng,2,2,2978700.0,2413956.0
2025-08-13,Gia dụng,Hà Nội,Cửa hàng,3,3,15212071.0,10932299.0
2025-08-13,Gia dụng,Hà Nội,Online,3,3,5535800.0,3900610.0
2025-08-13,Gia dụng,Hải Phòng,Cửa hàng,4,4,5814400.0,4193522.0
2025-08-13,Gia dụng,Hải Phòng,Online,1,1,1858000.0,1339964.0
2025-08-13,Gia dụng,TP HCM,Cửa hàng,3,3,5830000.0,4439588.0
2025-08-13,Gia dụng,TP HCM,Online,8,8,14384300.0,10806633.0
2025-08-13,Gia dụng,Đà Nẵng,Cửa hàng,1,1,1839200.0,1503663.0
2025-08-13,Mỹ phẩm,Cần Thơ,Cửa hàng,1,1,525000.0,317200.0
2025-08-13,Mỹ phẩm,Hà Nội,Cửa hàng,2,2,1070000.0,839615.0
2025-08-13,Mỹ phẩm,Hà Nội,Online,4,4,5909700.0,4369014.0
2025-08-13,Mỹ phẩm,Hải Phòng,Cửa hàng,2,2,1376000.0,1029595.0
2025-08-13,Mỹ phẩm,Hải Phòng,Online,1,1,486400.0,381635.0
2025-08-13,Mỹ phẩm,TP HCM,Cửa hàng,4,4,4979650.0,3597603.0
2025-08-13,Mỹ phẩm,TP HCM,Online,2,2,1556000.0,1085681.0
2025-08-13,Mỹ phẩm,Đà Nẵng,Cửa hàng,4,4,2388000.0,1749979.0
2025-08-13,Mỹ phẩm,Đà Nẵng,Online,1,1,489000.0,345585.0
2025-08-13,Sách,Cần Thơ,Cửa hàng,1,1,154000.0,102420.0
2025-08-13,Sách,Cần Thơ,Online,1,1,122550.0,88725.0
2025-08-13,Sách,Hà Nội,Cửa hàng,2,2,276200.0,184112.0
2025-08-13,Sách,Hà Nội,Online,1,1,245100.0,178494.0
2025-08-13,Sách,Hải Phòng,Cửa hàng,1,1,164000.0,112679.0
2025-08-13,Sách,Hải Phòng,Online,2,2,384350.0,263415.0
2025-08-13,Sách,TP HCM,Cửa hàng,6,6,1610950.0,1120384.0
2025-08-13,Sách,TP HCM,Online,2,2,314300.0,223944.0
2025-08-13,Sách,Đà Nẵng,Online,3,3,406050.0,294144.0
2025-08-13,Thời trang,Cần Thơ,Cửa hàng,1,1,1506000.0,1136978.0
2025-08-13,Thời trang,Cần Thơ,Online,3,3,4637200.0,3495993.0
2025-08-13,Thời trang,Hà Nội,Cửa hàng,5,5,8275100.0,6154743.0
2025-08-13,Thời trang,Hà Nội,Online,1,1,732450.0,616819.0
2025-08-13,Thời trang,Hải Phòng,Cửa hàng,1,1,2824000.0,2191150.0
2025-08-13,Thời trang,Hải Phòng,Online,3,3,3285900.0,2438592.0
2025-08-13,Thời trang,TP HCM,Cửa hàng,5,5,4972600.0,3445374.0
2025-08-13,Thời trang,TP HCM,Online,6,6,7381000.0,5193898.0
2025-08-13,Thời trang,Đà Nẵng,Online,4,4,7109300.0,4969828.0
2025-08-13,Thực phẩm,Cần Thơ,Cửa hàng,4,4,1605100.0,1190187.0
2025-08-13,Thực phẩm,Cần Thơ,Online,4,4,1686300.0,1258479.0
2025-08-13,Thực phẩm,Hà Nội,Cửa hàng,6,6,1449250.0,1088645.0
2025-08-13,Thực phẩm,Hà Nội,Online,8,8,2531950.0,1847845.0
2025-08-13,Thực phẩm,Hải Phòng,Cửa hàng,3,3,760000.0,522612.0
2025-08-13,Thực phẩm,Hải Phòng,Online,3,3,1357400.0,962053.0
2025-08-13,Thực phẩm,TP HCM,Cửa hàng,14,14,4816150.0,3610472.0
2025-08-13,Thực phẩm,TP HCM,Online,10,10,5349108.0,3750275.0
2025-08-13,Thực phẩm,Đà Nẵng,Cửa hàng,3,3,1124900.0,810394.0
2025-08-13,Thực phẩm,Đà Nẵng,Online,4,4,836800.0,583762.0
2025-08-13,Điện tử,Cần Thơ,Cửa hàng,1,1,1197000.0,866364.0
2025-08-13,Điện tử,Cần Thơ,Online,3,3,3964100.0,2740654.0
2025-08-13,Điện tử,Hà Nội,Cửa hàng,7,7,13490000.0,9699962.0
2025-08-13,Điện tử,Hà Nội,Online,5,5,10331200.0,7580583.0
2025-08-13,Điện tử,Hải Phòng,Cửa hàng,1,1,1021250.0,660964.0
2025-08-13,Điện tử,Hải Phòng,Online,2,2,6131000.0,4144819.0
2025-08-13,Điện tử,TP HCM,Cửa hàng,5,5,6844800.0,4851528.0
2025-08-13,Điện tử,TP HCM,Online,5,5,10422200.0,7101435.0
2025-08-13,Điện tử,Đà Nẵng,Cửa hàng,1,1,2850000.0,1861585.0
2025-08-13,Điện tử,Đà Nẵng,Online,2,2,5218950.0,3777369.0
2025-08-14,Gia dụng,Cần Thơ,Cửa hàng,2,2,3116000.0,2224991.0
2025-08-14,Gia dụng,Cần Thơ,Online,1,1,1234200.0,1006246.0
2025-08-14,Gia dụng,Hà Nội,Cửa hàng,2,2,3057000.0,2173571.0
2025-08-14,Gia dụng,Hà Nội,Online,4,4,3118500.0,2213534.0
2025-08-14,Gia dụng,Hải Phòng,Cửa hàng,2,2,1680200.0,1204401.0
2025-08-14,Gia dụng,Hải Phòng,Online,3,3,5232000.0,3489230.0
2025-08-14,Gia dụng,TP HCM,Cửa hàng,9,9,15430050.0,11136155.0
2025-08-14,Gia dụng,TP HCM,Online,6,6,5059600.0,3448535.0
2025-08-14,Gia dụng,Đà Nẵng,Cửa hàng,1,1,924000.0,724066.0
2025-08-14,Mỹ phẩm,Cần Thơ,Cửa hàng,1,1,408500.0,300633.0
2025-08-14,Mỹ phẩm,Cần Thơ,Online,1,1,483000.0,335006.0
2025-08-14,Mỹ phẩm,Hà Nội,Cửa hàng,3,3,1861550.0,1244541.0
2025-08-14,Mỹ phẩm,Hà Nội,Online,3,3,1811800.0,1141105.0
2025-08-14,Mỹ phẩm,Hải Phòng,Cửa hàng,2,2,1033750.0,768724.0
2025-08-14,Mỹ phẩm,TP HCM,Cửa hàng,4,4,2751300.0,2036989.0
2025-08-14,Mỹ phẩm,TP HCM,Online,3,3,2298200.0,1634586.0
2025-08-14,Mỹ phẩm,Đà Nẵng,Cửa hàng,1,1,488700.0,381739.0
2025-08-14,Sách,Cần Thơ,Cửa hàng,1,1,566200.0,411067.0
2025-08-14,Sách,Cần Thơ,Online,3,3,616000.0,462006.0
2025-08-14,Sách,Hà Nội,Cửa hàng,4,4,1278500.0,963379.0
2025-08-14,Sách,Hà Nội,Online,4,4,658800.0,461140.0
2025-08-14,Sách,Hải Phòng,Cửa hàng,1,1,296000.0,184968.0
2025-08-14,Sách,Hải Phòng,Online,1,1,161000.0,128104.0
2025-08-14,Sách,TP HCM,Cửa hàng,5,5,1710450.0,1145629.0
2025-08-14,Sách,TP HCM,Online,2,2,287650.0,224357.0
2025-08-14,Sách,Đà Nẵng,Online,2,2,436000.0,304182.0
2025-08-14,Thời trang,Cần Thơ,Cửa hàng,2,2,1431300.0,916684.0
2025-08-14,Thời trang,Cần Thơ,Online,1,1,647000.0,467803.0
2025-08-14,Thời trang,Hà Nội,Cửa hàng,7,7,13188350.0,10070516.0
2025-08-14,Thời trang,Hà Nội,Online,1,1,2692000.0,1758534.0
2025-08-14,Thời trang,Hải Phòng,Cửa hàng,1,1,1590000.0,1025194.0
2025-08-14,Thời trang,Hải Phòng,Online,1,1,1442000.0,1042614.0
2025-08-14,Thời trang,TP HCM,Cửa hàng,10,10,15378600.0,11153892.0
2025-08-14,Thời trang,TP HCM,Online,4,4,5527000.0,4045885.0
2025-08-14,Thời trang,Đà Nẵng,Cửa hàng,3,3,2827500.0,1998546.0
2025-08-14,Thời trang,Đà Nẵng,Online,3,3,7007600.0,4434004.0
2025-08-14,Thực phẩm,Cần Thơ,Cửa hàng,5,5,1006000.0,780031.0
2025-08-14,Thực phẩm,Cần Thơ,Online,4,4,1603150.0,1127719.0
2025-08-14,Thực phẩm,Hà Nội,Cửa hàng,10,10,2886400.0,2019024.0
2025-08-14,Thực phẩm,Hà Nội,Online,8,8,3168500.0,2334086.0
2025-08-14,Thực phẩm,Hải Phòng,Cửa hàng,6,6,1426000.0,1038892.0
2025-08-14,Thực phẩm,Hải Phòng,Online,2,2,615000.0,416479.0
2025-08-14,Thực phẩm,TP HCM,Cửa hàng,14,14,3695600.0,2619336.0
2025-08-14,Thực phẩm,TP HCM,Online,10,10,3289100.0,2409515.0
2025-08-14,Thực phẩm,Đà Nẵng,Cửa hàng,2,2,517750.0,402006.0
2025-08-14,Thực phẩm,Đà Nẵng,Online,3,3,559850.0,402019.0
2025-08-14,Điện tử,Cần Thơ,Cửa hàng,1,1,5210000.0,3770891.0
2025-08-14,Điện tử,Cần Thơ,Online,2,2,3493000.0,2858138.0
2025-08-14,Điện tử,Hà Nội,Cửa hàng,4,4,10396000.0,7958040.0
2025-08-14,Điện tử,Hà Nội,Online,2,2,5804550.0,4448759.0
2025-08-14,Điện tử,Hải Phòng,Cửa hàng,1,1,19825305.0,13877713.0
2025-08-14,Điện tử,Hải Phòng,Online,2,2,3375000.0,2210776.0
2025-08-14,Điện tử,TP HCM,Cửa hàng,4,4,10167700.0,8218238.0
2025-08-14,Điện tử,TP HCM,Online,3,3,4288550.0,3008540.0
2025-08-14,Điện tử,Đà Nẵng,Cửa hàng,1,1,2901000.0,1903373.0
2025-08-14,Điện tử,Đà Nẵng,Online,1,1,1070150.0,854519.0
2025-08-15,Gia dụng,Cần Thơ,Cửa hàng,1,1,2379750.0,1716242.0
2025-08-15,Gia dụng,Hà Nội,Cửa hàng,5,5,6524900.0,4502352.0
2025-08-15,Gia dụng,Hà Nội,Online,6,6,9071000.0,7189129.0
2025-08-15,Gia dụng,Hải Phòng,Cửa hàng,1,1,1797400.0,1392785.0
2025-08-15,Gia dụng,Hải Phòng,Online,1,1,1422000.0,984477.0
2025-08-15,Gia dụng,TP HCM,Cửa hàng,1,1,1786000.0,1081785.0
2025-08-15,Gia dụng,TP HCM,Online,5,5,4385800.0,3168531.0
2025-08-15,Gia dụng,Đà Nẵng,Cửa hàng,5,5,10192000.0,7233609.0
2025-08-15,Gia dụng,Đà Nẵng,Online,1,1,807000.0,500345.0
2025-08-15,Mỹ phẩm,Cần Thơ,Cửa hàng,1,1,414000.0,304024.0
2025-08-15,Mỹ phẩm,Hà Nội,Cửa hàng,2,2,1419300.0,962722.0
2025-08-15,Mỹ phẩm,Hà Nội,Online,2,2,2630000.0,1960091.0
2025-08-15,Mỹ phẩm,Hải Phòng,Cửa hàng,2,2,2785500.0,1886407.0
2025-08-15,Mỹ phẩm,Hải Phòng,Online,1,1,507000.0,366179.0
2025-08-15,Mỹ phẩm,TP HCM,Online,4,4,3922100.0,2936992.0
2025-08-15,Mỹ phẩm,Đà Nẵng,Cửa hàng,2,2,1534800.0,1134784.0
2025-08-15,Sách,Cần Thơ,Cửa hàng,3,3,469000.0,338070.0
2025-08-15,Sách,Hà Nội,Cửa hàng,3,3,1045650.0,721609.0
2025-08-15,Sách,Hà Nội,Online,5,5,1385200.0,1036955.0
2025-08-15,Sách,Hải Phòng,Online,1,1,131000.0,89338.0
2025-08-15,Sách,TP HCM,Cửa hàng,5,5,1007950.0,743906.0
2025-08-15,Sách,TP HCM,Online,3,3,1917238.0,1388051.0
2025-08-15,Sách,Đà Nẵng,Cửa hàng,1,1,124200.0,79068.0
2025-08-15,Sách,Đà Nẵng,Online,2,2,571100.0,368725.0
2025-08-15,Thời trang,Cần Thơ,Cửa hàng,2,2,1326050.0,1071527.0
2025-08-15,Thời trang,Hà Nội,Cửa hàng,5,5,3664400.0,2887473.0
2025-08-15,Thời trang,Hà Nội,Online,4,4,4778650.0,3625052.0
2025-08-15,Thời trang,Hải Phòng,Cửa hàng,3,3,3337200.0,2297959.0
2025-08-15,Thời trang,Hải Phòng,Online,1,1,2346000.0,1696236.0
2025-08-15,Thời trang,TP HCM,Cửa hàng,4,4,3875000.0,2823586.0
2025-08-15,Thời trang,TP HCM,Online,6,6,9002231.0,6476465.0
2025-08-15,Thời trang,Đà Nẵng,Cửa hàng,3,3,2767550.0,1933000.0
2025-08-15,Thực phẩm,Cần Thơ,Cửa hàng,4,4,916000.0,658662.0
2025-08-15,Thực phẩm,Cần Thơ,Online,2,2,787900.0,575412.0
2025-08-15,Thực phẩm,Hà Nội,Cửa hàng,13,13,3999100.0,2884956.0
2025-08-15,Thực phẩm,Hà Nội,Online,4,4,684950.0,526803.0
2025-08-15,Thực phẩm,Hải Phòng,Cửa hàng,2,2,372000.0,267001.0
2025-08-15,Thực phẩm,Hải Phòng,Online,5,5,1350350.0,910487.0
2025-08-15,Thực phẩm,TP HCM,Cửa hàng,10,10,2678250.0,1888920.0
2025-08-15,Thực phẩm,TP HCM,Online,6,6,3392304.0,2420468.0
2025-08-15,Thực phẩm,Đà Nẵng,Cửa hàng,3,3,519400.0,351121.0
2025-08-15,Thực phẩm,Đà Nẵng,Online,6,6,1709250.0,1214350.0
2025-08-15,Điện tử,Cần Thơ,Cửa hàng,2,2,3303600.0,2330189.0
2025-08-15,Điện tử,Cần Thơ,Online,5,5,20326076.0,14503262.0
2025-08-15,Điện tử,Hà Nội,Cửa hàng,4,4,18501488.0,12724227.0
2025-08-15,Điện tử,Hà Nội,Online,7,7,9869500.0,6959263.0
2025-08-15,Điện tử,Hải Phòng,Cửa hàng,1,1,1133000.0,796470.0
2025-08-15,Điện tử,TP HCM,Cửa hàng,5,5,10253350.0,7805026.0
2025-08-15,Điện tử,TP HCM,Online,3,3,4173500.0,3040245.0
2025-08-15,Điện tử,Đà Nẵng,Cửa hàng,4,4,7372850.0,5026109.0
2025-08-15,Điện tử,Đà Nẵng,Online,2,2,2318400.0,1614812.0
2025-08-16,Gia dụng,Cần Thơ,Online,3,3,2473150.0,1868498.0
2025-08-16,Gia dụng,Hà Nội,Cửa hàng,7,7,10619200.0,7523696.0
2025-08-16,Gia dụng,Hà Nội,Online,4,4,7593400.0,5016026.0
2025-08-16,Gia dụng,Hải Phòng,Cửa hàng,5,5,4636350.0,3364560.0
2025-08-16,Gia dụng,Hải Phòng,Online,2,2,4480000.0,3599731.0
2025-08-16,Gia dụng,TP HCM,Cửa hàng,5,5,10215000.0,7054646.0
2025-08-16,Gia dụng,TP HCM,Online,6,6,5745150.0,4094462.0
2025-08-16,Gia dụng,Đà Nẵng,Cửa hàng,1,1,957000.0,792139.0
2025-08-16,Gia dụng,Đà Nẵng,Online,2,2,2363000.0,1931380.0
2025-08-16,Mỹ phẩm,Cần Thơ,Cửa hàng,1,1,428450.0,357398.0
2025-08-16,Mỹ phẩm,Hà Nội,Cửa hàng,3,3,1822150.0,1374956.0
2025-08-16,Mỹ phẩm,Hà Nội,Online,2,2,925300.0,682721.0
2025-08-16,Mỹ phẩm,Hải Phòng,Cửa hàng,2,2,894800.0,584578.0
2025-08-16,Mỹ phẩm,TP HCM,Cửa hàng,2,2,1449200.0,1086749.0
2025-08-16,Mỹ phẩm,TP HCM,Online,1,1,441000.0,342084.0
2025-08-16,Mỹ phẩm,Đà Nẵng,Cửa hàng,1,1,1100000.0,901070.0
2025-08-16,Mỹ phẩm,Đà Nẵng,Online,2,2,857000.0,662522.0
2025-08-16,Sách,Cần Thơ,Online,1,1,280000.0,202833.0
2025-08-16,Sách,Hà Nội,Cửa hàng,3,3,1058000.0,855836.0
2025-08-16,Sách,Hà Nội,Online,3,3,620000.0,418125.0
2025-08-16,Sách,Hải Phòng,Cửa hàng,1,1,131400.0,87344.0
2025-08-16,Sách,Hải Phòng,Online,2,2,532500.0,424329.0
2025-08-16,Sách,TP HCM,Cửa hàng,4,4,3410919.0,2369211.0
2025-08-16,Sách,TP HCM,Online,2,2,293550.0,222870.0
2025-08-16,Sách,Đà Nẵng,Online,3,3,1028400.0,753247.0
2025-08-16,Thời trang,Cần Thơ,Cửa hàng,1,1,1334500.0,900283.0
2025-08-16,Thời trang,Cần Thơ,Online,2,2,17717950.0,12601018.0
2025-08-16,Thời trang,Hà Nội,Cửa hàng,2,2,1598000.0,1155972.0
2025-08-16,Thời trang,Hà Nội,Online,2,2,1592000.0,1031673.0
2025-08-16,Thời trang,Hải Phòng,Cửa hàng,1,1,734350.0,479866.0
2025-08-16,Thời trang,Hải Phòng,Online,1,1,1366000.0,987663.0
2025-08-16,Thời trang,TP HCM,Cửa hàng,9,9,10711350.0,7617960.0
2025-08-16,Thời trang,TP HCM,Online,2,2,3843000.0,2910908.0
2025-08-16,Thời trang,Đà Nẵng,Online,1,1,856000.0,545880.0
2025-08-16,Thực phẩm,Cần Thơ,Cửa hàng,8,8,2637850.0,1823272.0
2025-08-16,Thực phẩm,Cần Thơ,Online,2,2,1004700.0,842337.0
2025-08-16,Thực phẩm,Hà Nội,Cửa hàng,6,6,2439350.0,1697300.0
2025-08-16,Thực phẩm,Hà Nội,Online,5,5,3160000.0,2300700.0
2025-08-16,Thực phẩm,Hải Phòng,Cửa hàng,3,3,619950.0,486396.0
2025-08-16,Thực phẩm,Hải Phòng,Online,5,5,4271409.0,3127720.0
2025-08-16,Thực phẩm,TP HCM,Cửa hàng,8,8,2281150.0,1623083.0
2025-08-16,Thực phẩm,TP HCM,Online,16,16,4747500.0,3464433.0
2025-08-16,Thực phẩm,Đà Nẵng,Cửa hàng,6,6,1770400.0,1295932.0
2025-08-16,Thực phẩm,Đà Nẵng,Online,3,3,957850.0,716246.0
2025-08-16,Điện tử,Cần Thơ,Cửa hàng,3,3,6406500.0,4736889.0
2025-08-16,Điện tử,Hà Nội,Cửa hàng,6,6,16046700.0,12478812.0
2025-08-16,Điện tử,Hà Nội,Online,3,3,6701100.0,4661333.0
2025-08-16,Điện tử,Hải Phòng,Cửa hàng,3,3,6979600.0,5511942.0
2025-08-16,Điện tử,TP HCM,Cửa hàng,7,7,13616200.0,9842756.0
2025-08-16,Điện tử,TP HCM,Online,6,6,11089600.0,7560766.0
2025-08-16,Điện tử,Đà Nẵng,Cửa hàng,2,2,2155000.0,1673163.0
2025-08-16,Điện tử,Đà Nẵng,Online,4,4,7467600.0,5639458.0
2025-08-17,Gia dụng,Cần Thơ,Cửa hàng,1,1,888250.0,699882.0
2025-08-17,Gia dụng,Cần Thơ,Online,2,2,3741100.0,2809614.0
2025-08-17,Gia dụng,Hà Nội,Cửa hàng,3,3,21254099.0,14790789.0
2025-08-17,Gia dụng,Hà Nội,Online,4,4,4028100.0,2968862.0
2025-08-17,Gia dụng,Hải Phòng,Cửa hàng,1,1,779000.0,604266.0
2025-08-17,Gia dụng,TP HCM,Cửa hàng,6,6,7634400.0,5223806.0
2025-08-17,Gia dụng,TP HCM,Online,5,5,9474300.0,6428911.0
2025-08-17,Gia dụng,Đà Nẵng,Cửa hàng,2,2,2476800.0,1783128.0
2025-08-17,Mỹ phẩm,Cần Thơ,Cửa hàng,5,5,3831400.0,2667543.0
2025-08-17,Mỹ phẩm,Cần Thơ,Online,1,1,411300.0,321644.0
2025-08-17,Mỹ phẩm,Hà Nội,Cửa hàng,4,4,4222200.0,3042430.0
2025-08-17,Mỹ phẩm,Hải Phòng,Cửa hàng,4,4,3532800.0,2557012.0
2025-08-17,Mỹ phẩm,TP HCM,Cửa hàng,4,4,2648000.0,2034557.0
2025-08-17,Mỹ phẩm,TP HCM,Online,3,3,1470000.0,994802.0
2025-08-17,Mỹ phẩm,Đà Nẵng,Cửa hàng,2,2,2062300.0,1374923.0
2025-08-17,Mỹ phẩm,Đà Nẵng,Online,2,2,889150.0,668530.0
2025-08-17,Sách,Cần Thơ,Online,2,2,477000.0,327216.0
2025-08-17,Sách,Hà Nội,Cửa hàng,4,4,1263000.0,937023.0
2025-08-17,Sách,Hà Nội,Online,2,2,941100.0,734499.0
2025-08-17,Sách,Hải Phòng,Cửa hàng,2,2,257200.0,201400.0
2025-08-17,Sách,Hải Phòng,Online,1,1,317300.0,229853.0
2025-08-17,Sách,TP HCM,Cửa hàng,5,5,1034650.0,765570.0
2025-08-17,Sách,TP HCM,Online,2,2,381600.0,303607.0
2025-08-17,Sách,Đà Nẵng,Cửa hàng,2,2,257550.0,170899.0
2025-08-17,Thời trang,Cần Thơ,Online,2,2,7043000.0,5039719.0
2025-08-17,Thời trang,Hà Nội,Cửa hàng,4,4,6142600.0,4507997.0
2025-08-17,Thời trang,Hà Nội,Online,3,3,5961500.0,5007977.0
2025-08-17,Thời trang,Hải Phòng,Cửa hàng,1,1,692100.0,473250.0
2025-08-17,Thời trang,Hải Phòng,Online,2,2,4660000.0,3544992.0
2025-08-17,Thời trang,TP HCM,Cửa hàng,4,4,4144500.0,2807362.0
2025-08-17,Thời trang,TP HCM,Online,5,5,9984550.0,6910064.0
2025-08-17,Thời trang,Đà Nẵng,Cửa hàng,1,1,1716000.0,1254166.0
2025-08-17,Thời trang,Đà Nẵng,Online,1,1,3112000.0,1937177.0
2025-08-17,Thực phẩm,Cần Thơ,Cửa hàng,4,4,1088450.0,708639.0
2025-08-17,Thực phẩm,Hà Nội,Cửa hàng,14,14,3838800.0,2905699.0
2025-08-17,Thực phẩm,Hà Nội,Online,8,8,1884150.0,1451344.0
2025-08-17,Thực phẩm,Hải Phòng,Cửa hàng,6,6,3161200.0,2212759.0
2025-08-17,Thực phẩm,Hải Phòng,Online,2,2,585600.0,419043.0
2025-08-17,Thực phẩm,TP HCM,Cửa hàng,15,15,5772050.0,4184159.0
2025-08-17,Thực phẩm,TP HCM,Online,10,10,3225400.0,2303286.0
2025-08-17,Thực phẩm,Đà Nẵng,Cửa hàng,2,2,1113000.0,802515.0
2025-08-17,Thực phẩm,Đà Nẵng,Online,5,5,1154000.0,789359.0
2025-08-17,Điện tử,Cần Thơ,Cửa hàng,2,2,6616000.0,4357310.0
2025-08-17,Điện tử,Cần Thơ,Online,1,1,1214000.0,878668.0
2025-08-17,Điện tử,Hà Nội,Cửa hàng,2,2,4519100.0,3475012.0
2025-08-17,Điện tử,Hà Nội,Online,3,3,7846400.0,5978747.0
2025-08-17,Điện tử,Hải Phòng,Cửa hàng,4,4,9488100.0,6620338.0
2025-08-17,Điện tử,Hải Phòng,Online,4,4,11537600.0,7813667.0
2025-08-17,Điện tử,TP HCM,Cửa hàng,4,4,6508000.0,4632777.0
2025-08-17,Điện tử,TP HCM,Online,5,5,8835050.0,6446028.0
2025-08-17,Điện tử,Đà Nẵng,Cửa hàng,3,3,4170050.0,3017692.0
2025-08-17,Điện tử,Đà Nẵng,Online,1,1,1245000.0,986825.0
2025-08-18,Gia dụng,Cần Thơ,Cửa hàng,4,4,3341600.0,2330420.0
2025-08-18,Gia dụng,Cần Thơ,Online,5,5,7747600.0,6274823.0
2025-08-18,Gia dụng,Hà Nội,Cửa hàng,5,5,7858750.0,5769945.0
2025-08-18,Gia dụng,TP HCM,Cửa hàng,5,5,10762700.0,7795310.0
2025-08-18,Gia dụng,TP HCM,Online,5,5,4993250.0,3644243.0
2025-08-18,Gia dụng,Đà Nẵng,Cửa hàng,4,4,5016000.0,3484393.0
2025-08-18,Mỹ phẩm,Cần Thơ,Cửa hàng,2,2,1299450.0,1051970.0
2025-08-18,Mỹ phẩm,Cần Thơ,Online,1,1,2670000.0,1928396.0
2025-08-18,Mỹ phẩm,Hà Nội,Cửa hàng,5,5,5931200.0,3963566.0
2025-08-18,Mỹ phẩm,Hà Nội,Online,1,1,539000.0,389291.0
2025-08-18,Mỹ phẩm,Hải Phòng,Cửa hàng,1,1,441000.0,300433.0
2025-08-18,Mỹ phẩm,TP HCM,Cửa hàng,2,2,1177800.0,876579.0
2025-08-18,Mỹ phẩm,TP HCM,Online,7,7,7357700.0,5060474.0
2025-08-18,Mỹ phẩm,Đà Nẵng,Online,1,1,468000.0,378863.0
2025-08-18,Sách,Cần Thơ,Cửa hàng,1,1,130900.0,87613.0
2025-08-18,Sách,Cần Thơ,Online,2,2,280000.0,198182.0
2025-08-18,Sách,Hà Nội,Cửa hàng,7,7,3783634.0,2675601.0
2025-08-18,Sách,Hà Nội,Online,1,1,137700.0,99750.0
2025-08-18,Sách,Hải Phòng,Cửa hàng,1,1,135000.0,83453.0
2025-08-18,Sách,Hải Phòng,Online,2,2,339000.0,251641.0
2025-08-18,Sách,TP HCM,Cửa hàng,4,4,1093400.0,777213.0
2025-08-18,Sách,TP HCM,Online,4,4,725000.0,545011.0
2025-08-18,Sách,Đà Nẵng,Cửa hàng,4,4,1276100.0,954557.0
2025-08-18,Thời trang,Cần Thơ,Online,2,2,2960300.0,2140395.0
2025-08-18,Thời trang,Hà Nội,Online,5,5,5762800.0,3752040.0
2025-08-18,Thời trang,Hải Phòng,Online,4,4,5347600.0,3911793.0
2025-08-18,Thời trang,TP HCM,Cửa hàng,4,4,2511900.0,1978465.0
2025-08-18,Thời trang,TP HCM,Online,2,2,3110750.0,2405272.0
2025-08-18,Thời trang,Đà Nẵng,Cửa hàng,2,2,1788400.0,1137974.0
2025-08-18,Thời trang,Đà Nẵng,Online,1,1,608000.0,402388.0
2025-08-18,Thực phẩm,Cần Thơ,Cửa hàng,4,4,861200.0,606543.0
2025-08-18,Thực phẩm,Cần Thơ,Online,5,5,1852400.0,1342989.0
2025-08-18,Thực phẩm,Hà Nội,Cửa hàng,6,6,2123600.0,1541872.0
2025-08-18,Thực phẩm,Hà Nội,Online,12,12,3806750.0,2682330.0
2025-08-18,Thực phẩm,Hải Phòng,Cửa hàng,8,8,2805000.0,2126795.0
2025-08-18,Thực phẩm,TP HCM,Cửa hàng,8,8,4882271.0,3405531.0
2025-08-18,Thực phẩm,TP HCM,Online,11,10,3778400.0,2708458.0
2025-08-18,Thực phẩm,Đà Nẵng,Cửa hàng,7,7,2170050.0,1479723.0
2025-08-18,Thực phẩm,Đà Nẵng,Online,1,1,147900.0,105603.0
2025-08-18,Điện tử,Cần Thơ,Cửa hàng,1,1,4444000.0,2749446.0
2025-08-18,Điện tử,Cần Thơ,Online,1,1,882900.0,639025.0
2025-08-18,Điện tử,Hà Nội,Cửa hàng,4,4,5982350.0,4259111.0
2025-08-18,Điện tử,Hà Nội,Online,2,2,2790700.0,2100112.0
2025-08-18,Điện tử,Hải Phòng,Cửa hàng,2,2,4202000.0,2706704.0
2025-08-18,Điện tử,Hải Phòng,Online,2,2,2192050.0,1718782.0
2025-08-18,Điện tử,TP HCM,Cửa hàng,6,6,9571900.0,6737001.0
2025-08-18,Điện tử,TP HCM,Online,9,9,22436500.0,16558337.0
2025-08-18,Điện tử,Đà Nẵng,Cửa hàng,4,4,5218700.0,3784440.0
2025-08-18,Điện tử,Đà Nẵng,Online,1,1,2528000.0,1804427.0
2025-08-19,Gia dụng,Cần Thơ,Cửa hàng,1,1,1864000.0,1499565.0
2025-08-19,Gia dụng,Cần Thơ,Online,1,1,4310000.0,3066423.0
2025-08-19,Gia dụng,Hà Nội,Cửa hàng,1,1,1910000.0,1455092.0
2025-08-19,Gia dụng,Hà Nội,Online,5,5,6931550.0,5049497.0
2025-08-19,Gia dụng,Hải Phòng,Cửa hàng,1,1,3028000.0,2561970.0
2025-08-19,Gia dụng,TP HCM,Cửa hàng,5,5,6055100.0,4510544.0
2025-08-19,Gia dụng,TP HCM,Online,12,12,12546600.0,8906671.0
2025-08-19,Gia dụng,Đà Nẵng,Cửa hàng,2,2,3357000.0,2472235.0
2025-08-19,Mỹ phẩm,Cần Thơ,Cửa hàng,3,3,3185250.0,2551062.0
2025-08-19,Mỹ phẩm,Cần Thơ,Online,1,1,424000.0,350281.0
2025-08-19,Mỹ phẩm,Hà Nội,Cửa hàng,2,2,1354800.0,874718.0
2025-08-19,Mỹ phẩm,Hà Nội,Online,4,4,2964400.0,2122236.0
2025-08-19,Mỹ phẩm,Hải Phòng,Cửa hàng,1,1,930000.0,704153.0
2025-08-19,Mỹ phẩm,TP HCM,Cửa hàng,4,4,7001433.0,4740141.0
2025-08-19,Mỹ phẩm,TP HCM,Online,2,2,1444300.0,1030317.0
2025-08-19,Mỹ phẩm,Đà Nẵng,Cửa hàng,3,3,2236300.0,1803589.0
2025-08-19,Mỹ phẩm,Đà Nẵng,Online,1,1,428400.0,313087.0
2025-08-19,Sách,Cần Thơ,Cửa hàng,2,2,326000.0,257637.0
2025-08-19,Sách,Cần Thơ,Online,2,2,851400.0,592263.0
2025-08-19,Sách,Hà Nội,Cửa hàng,5,5,1383950.0,1006864.0
2025-08-19,Sách,Hà Nội,Online,2,2,360400.0,245291.0
2025-08-19,Sách,Hải Phòng,Cửa hàng,1,1,126000.0,81131.0
2025-08-19,Sách,Hải Phòng,Online,4,4,1171700.0,875650.0
2025-08-19,Sách,TP HCM,Cửa hàng,5,5,1795700.0,1355348.0
2025-08-19,Sách,TP HCM,Online,2,2,729800.0,593097.0
2025-08-19,Sách,Đà Nẵng,Online,4,4,969400.0,677131.0
2025-08-19,Thời trang,Cần Thơ,Cửa hàng,3,3,4098650.0,2786464.0
2025-08-19,Thời trang,Hà Nội,Cửa hàng,5,5,7203400.0,5698197.0
2025-08-19,Thời trang,Hà Nội,Online,3,3,7472100.0,4924204.0
2025-08-19,Thời trang,Hải Phòng,Online,2,2,3114200.0,2207515.0
2025-08-19,Thời trang,TP HCM,Cửa hàng,7,7,9069150.0,6685573.0
2025-08-19,Thời trang,TP HCM,Online,2,2,4424000.0,3130861.0
2025-08-19,Thời trang,Đà Nẵng,Cửa hàng,2,2,3806000.0,2870268.0
2025-08-19,Thực phẩm,Cần Thơ,Cửa hàng,7,6,3614667.0,2576587.0
2025-08-19,Thực phẩm,Cần Thơ,Online,4,4,765650.0,579953.0
2025-08-19,Thực phẩm,Hà Nội,Cửa hàng,9,9,5312314.0,3884936.0
2025-08-19,Thực phẩm,Hà Nội,Online,9,9,3158900.0,2322885.0
2025-08-19,Thực phẩm,Hải Phòng,Cửa hàng,1,1,174000.0,146946.0
2025-08-19,Thực phẩm,Hải Phòng,Online,4,4,1274000.0,871489.0
2025-08-19,Thực phẩm,TP HCM,Cửa hàng,11,11,2945500.0,2087651.0
2025-08-19,Thực phẩm,TP HCM,Online,6,6,1644500.0,1166825.0
2025-08-19,Thực phẩm,Đà Nẵng,Cửa hàng,4,4,1308600.0,948385.0
2025-08-19,Thực phẩm,Đà Nẵng,Online,4,4,840900.0,607816.0
2025-08-19,Điện tử,Cần Thơ,Cửa hàng,6,6,32996991.0,23686758.0
2025-08-19,Điện tử,Cần Thơ,Online,1,1,1067000.0,691371.0
2025-08-19,Điện tử,Hà Nội,Cửa hàng,3,3,5094000.0,4118614.0
2025-08-19,Điện tử,Hà Nội,Online,3,3,6636000.0,5149107.0
2025-08-19,Điện tử,Hải Phòng,Cửa hàng,1,1,2972700.0,2129220.0
2025-08-19,Điện tử,Hải Phòng,Online,5,5,6225650.0,4487702.0
2025-08-19,Điện tử,TP HCM,Cửa hàng,4,4,26782935.0,18391761.0
2025-08-19,Điện tử,TP HCM,Online,4,4,6656950.0,4632410.0
2025-08-19,Điện tử,Đà Nẵng,Cửa hàng,4,4,5836200.0,4031372.0
2025-08-19,Điện tử,Đà Nẵng,Online,1,1,990900.0,717193.0
2025-08-20,Gia dụng,Cần Thơ,Cửa hàng,3,3,6110550.0,4308754.0
2025-08-20,Gia dụng,Hà Nội,Cửa hàng,1,1,2333250.0,1907743.0
2025-08-20,Gia dụng,Hà Nội,Online,1,1,742000.0,535120.0
2025-08-20,Gia dụng,Hải Phòng,Cửa hàng,2,2,4490000.0,3326724.0
2025-08-20,Gia dụng,Hải Phòng,Online,1,1,799000.0,569214.0
2025-08-20,Gia dụng,TP HCM,Cửa hàng,8,8,8616800.0,6161007.0
2025-08-20,Gia dụng,TP HCM,Online,6,6,13260000.0,8937512.0
2025-08-20,Gia dụng,Đà Nẵng,Cửa hàng,3,3,5673600.0,4302407.0
2025-08-20,Gia dụng,Đà Nẵng,Online,1,1,803000.0,676062.0
2025-08-20,Mỹ phẩm,Cần Thơ,Cửa hàng,2,2,1826800.0,1215749.0
2025-08-20,Mỹ phẩm,Hà Nội,Cửa hàng,3,3,2278000.0,1582333.0
2025-08-20,Mỹ phẩm,Hà Nội,Online,1,1,367200.0,265209.0
2025-08-20,Mỹ phẩm,Hải Phòng,Cửa hàng,2,2,1812600.0,1275025.0
2025-08-20,Mỹ phẩm,Hải Phòng,Online,1,1,1088000.0,785803.0
2025-08-20,Mỹ phẩm,TP HCM,Cửa hàng,2,2,2506000.0,1877016.0
2025-08-20,Mỹ phẩm,TP HCM,Online,6,6,3642800.0,2599159.0
2025-08-20,Mỹ phẩm,Đà Nẵng,Cửa hàng,4,4,2441200.0,1782112.0
2025-08-20,Sách,Cần Thơ,Cửa hàng,1,1,144000.0,112199.0
2025-08-20,Sách,Hà Nội,Cửa hàng,3,3,1031300.0,699647.0
2025-08-20,Sách,Hà Nội,Online,1,1,143000.0,103590.0
2025-08-20,Sách,Hải Phòng,Cửa hàng,2,2,689800.0,479200.0
2025-08-20,Sách,Hải Phòng,Online,2,2,970000.0,689557.0
2025-08-20,Sách,TP HCM,Cửa hàng,5,5,1279850.0,908984.0
2025-08-20,Sách,TP HCM,Online,4,4,1348200.0,937148.0
2025-08-20,Sách,Đà Nẵng,Cửa hàng,2,2,417700.0,289890.0
2025-08-20,Thời trang,Cần Thơ,Cửa hàng,4,4,4497300.0,3096080.0
2025-08-20,Thời trang,Cần Thơ,Online,1,1,668800.0,483565.0
2025-08-20,Thời trang,Hà Nội,Cửa hàng,7,7,7920400.0,5520695.0
2025-08-20,Thời trang,Hà Nội,Online,4,4,7611300.0,5195321.0
2025-08-20,Thời trang,Hải Phòng,Cửa hàng,3,3,3582300.0,2573413.0
2025-08-20,Thời trang,Hải Phòng,Online,4,4,4777600.0,3329900.0
2025-08-20,Thời trang,TP HCM,Cửa hàng,7,7,10800500.0,7599053.0
2025-08-20,Thời trang,TP HCM,Online,5,5,7270500.0,5519035.0
2025-08-20,Thời trang,Đà Nẵng,Cửa hàng,2,2,1579000.0,1128090.0
2025-08-20,Thời trang,Đà Nẵng,Online,1,1,659000.0,490132.0
2025-08-20,Thực phẩm,Cần Thơ,Cửa hàng,6,6,1763500.0,1316481.0
2025-08-20,Thực phẩm,Cần Thơ,Online,3,3,943000.0,721942.0
2025-08-20,Thực phẩm,Hà Nội,Cửa hàng,7,7,3196863.0,2379915.0
2025-08-20,Thực phẩm,Hà Nội,Online,12,12,3155700.0,2155997.0
2025-08-20,Thực phẩm,Hải Phòng,Cửa hàng,4,4,3950121.0,2790350.0
2025-08-20,Thực phẩm,Hải Phòng,Online,6,6,1488100.0,1142846.0
2025-08-20,Thực phẩm,TP HCM,Cửa hàng,6,6,2453600.0,1891393.0
2025-08-20,Thực phẩm,TP HCM,Online,8,8,2084750.0,1463012.0
2025-08-20,Thực phẩm,Đà Nẵng,Cửa hàng,4,4,942100.0,665610.0
2025-08-20,Thực phẩm,Đà Nẵng,Online,2,2,356900.0,264788.0
2025-08-20,Điện tử,Cần Thơ,Cửa hàng,1,1,1050000.0,711957.0
2025-08-20,Điện tử,Cần Thơ,Online,6,6,14326600.0,10013929.0
2025-08-20,Điện tử,Hà Nội,Cửa hàng,3,3,6309300.0,4078661.0
2025-08-20,Điện tử,Hà Nội,Online,4,4,6383350.0,4269979.0
2025-08-20,Điện tử,Hải Phòng,Cửa hàng,1,1,1003000.0,842796.0
2025-08-20,Điện tử,TP HCM,Cửa hàng,7,7,18593450.0,13503868.0
2025-08-20,Điện tử,TP HCM,Online,3,3,4189000.0,2844701.0
2025-08-20,Điện tử,Đà Nẵng,Cửa hàng,2,2,2098750.0,1626128.0
2025-08-20,Điện tử,Đà Nẵng,Online,4,4,4422000.0,3118152.0
2025-08-21,Gia dụng,Cần Thơ,Cửa hàng,4,4,4840000.0,3482762.0
2025-08-21,Gia dụng,Cần Thơ,Online,1,1,3660000.0,2639541.0
2025-08-21,Gia dụng,Hà Nội,Cửa hàng,3,3,3261000.0,2390404.0
2025-08-21,Gia dụng,Hà Nội,Online,5,5,10185600.0,7809738.0
2025-08-21,Gia dụng,Hải Phòng,Cửa hàng,1,1,807000.0,582906.0
2025-08-21,Gia dụng,Hải Phòng,Online,2,2,4445600.0,3221480.0
2025-08-21,Gia dụng,TP HCM,Cửa hàng,9,9,10806950.0,7730837.0
2025-08-21,Gia dụng,TP HCM,Online,7,7,10916450.0,7834961.0
2025-08-21,Gia dụng,Đà Nẵng,Cửa hàng,1,1,2871000.0,2003689.0
2025-08-21,Mỹ phẩm,Cần Thơ,Cửa hàng,1,1,1873400.0,1221979.0
2025-08-21,Mỹ phẩm,Hà Nội,Cửa hàng,2,2,1998000.0,1404357.0
2025-08-21,Mỹ phẩm,Hải Phòng,Cửa hàng,1,1,473000.0,336966.0
2025-08-21,Mỹ phẩm,Hải Phòng,Online,1,1,876600.0,633121.0
2025-08-21,Mỹ phẩm,TP HCM,Cửa hàng,3,3,6030029.0,4282639.0
2025-08-21,Mỹ phẩm,TP HCM,Online,5,5,3688400.0,2757911.0
2025-08-21,Mỹ phẩm,Đà Nẵng,Cửa hàng,7,7,5583500.0,4077113.0
2025-08-21,Mỹ phẩm,Đà Nẵng,Online,1,1,4256573.0,2979601.0
2025-08-21,Sách,Cần Thơ,Cửa hàng,2,2,1617334.0,1169685.0
2025-08-21,Sách,Cần Thơ,Online,1,1,171000.0,105955.0
2025-08-21,Sách,Hà Nội,Cửa hàng,1,1,143100.0,109624.0
2025-08-21,Sách,Hà Nội,Online,3,3,978750.0,717050.0
2025-08-21,Sách,Hải Phòng,Online,2,2,545200.0,393179.0
2025-08-21,Sách,TP HCM,Cửa hàng,2,2,299800.0,211747.0
2025-08-21,Sách,TP HCM,Online,2,2,621900.0,447527.0
2025-08-21,Sách,Đà Nẵng,Cửa hàng,2,2,563950.0,444977.0
2025-08-21,Sách,Đà Nẵng,Online,1,1,2507419.0,1755193.0
2025-08-21,Thời trang,Cần Thơ,Cửa hàng,1,1,2445300.0,1981079.0
2025-08-21,Thời trang,Cần Thơ,Online,1,1,1299600.0,859318.0
2025-08-21,Thời trang,Hà Nội,Cửa hàng,5,5,13795000.0,9904729.0
2025-08-21,Thời trang,Hà Nội,Online,1,1,1580000.0,1161236.0
2025-08-21,Thời trang,Hải Phòng,Cửa hàng,1,1,860000.0,578366.0
2025-08-21,Thời trang,Hải Phòng,Online,2,2,4120000.0,2643107.0
2025-08-21,Thời trang,TP HCM,Cửa hàng,5,5,6339900.0,4500687.0
2025-08-21,Thời trang,TP HCM,Online,6,6,13308100.0,10241210.0
2025-08-21,Thời trang,Đà Nẵng,Cửa hàng,2,2,3927000.0,2513658.0
2025-08-21,Thời trang,Đà Nẵng,Online,1,1,800000.0,676481.0
2025-08-21,Thực phẩm,Cần Thơ,Cửa hàng,4,4,1661400.0,1323834.0
2025-08-21,Thực phẩm,Cần Thơ,Online,2,2,374000.0,281456.0
2025-08-21,Thực phẩm,Hà Nội,Cửa hàng,5,5,1493850.0,1111890.0
2025-08-21,Thực phẩm,Hà Nội,Online,5,5,1163450.0,875558.0
2025-08-21,Thực phẩm,Hải Phòng,Cửa hàng,5,5,1849400.0,1289656.0
2025-08-21,Thực phẩm,Hải Phòng,Online,1,1,201000.0,137841.0
2025-08-21,Thực phẩm,TP HCM,Cửa hàng,11,11,3777250.0,2773147.0
2025-08-21,Thực phẩm,TP HCM,Online,6,6,1569050.0,1107625.0
2025-08-21,Thực phẩm,Đà Nẵng,Cửa hàng,3,3,1151000.0,758364.0
2025-08-21,Thực phẩm,Đà Nẵng,Online,5,5,1983450.0,1460597.0
2025-08-21,Điện tử,Cần Thơ,Cửa hàng,2,2,6289650.0,5155123.0
2025-08-21,Điện tử,Cần Thơ,Online,2,2,1857900.0,1438261.0
2025-08-21,Điện tử,Hà Nội,Cửa hàng,3,3,5552900.0,4379165.0
2025-08-21,Điện tử,Hà Nội,Online,4,4,6566000.0,4626215.0
2025-08-21,Điện tử,Hải Phòng,Cửa hàng,2,2,2193000.0,1688703.0
2025-08-21,Điện tử,TP HCM,Cửa hàng,3,3,7025400.0,5672941.0
2025-08-21,Điện tử,TP HCM,Online,4,4,3854500.0,2867693.0
2025-08-21,Điện tử,Đà Nẵng,Cửa hàng,4,4,6330900.0,4773747.0
2025-08-21,Điện tử,Đà Nẵng,Online,5,5,5260800.0,3567662.0
2025-08-22,Gia dụng,Cần Thơ,Cửa hàng,5,5,9539400.0,6983643.0
2025-08-22,Gia dụng,Cần Thơ,Online,1,1,740700.0,498991.0
2025-08-22,Gia dụng,Hà Nội,Cửa hàng,5,5,4155250.0,2970484.0
2025-08-22,Gia dụng,Hà Nội,Online,3,3,3672400.0,3012979.0
2025-08-22,Gia dụng,Hải Phòng,Cửa hàng,3,3,6126000.0,4336529.0
2025-08-22,Gia dụng,Hải Phòng,Online,2,2,4791000.0,3535263.0
2025-08-22,Gia dụng,TP HCM,Cửa hàng,5,5,5289650.0,3805017.0
2025-08-22,Gia dụng,TP HCM,Online,2,2,3219500.0,2487588.0
2025-08-22,Gia dụng,Đà Nẵng,Online,1,1,1662000.0,1198611.0
2025-08-22,Mỹ phẩm,Cần Thơ,Cửa hàng,1,1,435000.0,323745.0
2025-08-22,Mỹ phẩm,Hà Nội,Cửa hàng,1,1,410000.0,260400.0
2025-08-22,Mỹ phẩm,Hà Nội,Online,5,5,3362500.0,2518650.0
2025-08-22,Mỹ phẩm,Hải Phòng,Online,3,3,11909847.0,8568478.0
2025-08-22,Mỹ phẩm,TP HCM,Cửa hàng,7,7,5386100.0,4156610.0
2025-08-22,Mỹ phẩm,TP HCM,Online,5,5,3464050.0,2292298.0
2025-08-22,Mỹ phẩm,Đà Nẵng,Cửa hàng,4,4,8917873.0,6350178.0
2025-08-22,Sách,Cần Thơ,Online,1,1,532000.0,427207.0
2025-08-22,Sách,Hà Nội,Cửa hàng,2,2,902000.0,681124.0
2025-08-22,Sách,Hà Nội,Online,1,1,146300.0,116576.0
2025-08-22,Sách,Hải Phòng,Cửa hàng,2,2,524000.0,403127.0
2025-08-22,Sách,Hải Phòng,Online,2,2,447450.0,302234.0
2025-08-22,Sách,TP HCM,Cửa hàng,2,2,578100.0,384580.0
2025-08-22,Sách,TP HCM,Online,4,4,1470000.0,1028799.0
2025-08-22,Sách,Đà Nẵng,Cửa hàng,4,4,1149000.0,817683.0
2025-08-22,Sách,Đà Nẵng,Online,3,3,605950.0,437234.0
2025-08-22,Thời trang,Cần Thơ,Online,5,5,8246500.0,6327933.0
2025-08-22,Thời trang,Hà Nội,Cửa hàng,3,3,3356400.0,2388178.0
2025-08-22,Thời trang,Hà Nội,Online,3,3,4265450.0,2957022.0
2025-08-22,Thời trang,Hải Phòng,Cửa hàng,1,1,1926000.0,1371996.0
2025-08-22,Thời trang,TP HCM,Cửa hàng,2,2,3533000.0,2315845.0
2025-08-22,Thời trang,TP HCM,Online,7,7,8830950.0,6928163.0
2025-08-22,Thời trang,Đà Nẵng,Online,3,3,4047000.0,3282895.0
2025-08-22,Thực phẩm,Cần Thơ,Cửa hàng,5,5,1910350.0,1322382.0
2025-08-22,Thực phẩm,Cần Thơ,Online,2,2,322550.0,214366.0
2025-08-22,Thực phẩm,Hà Nội,Cửa hàng,7,7,2360250.0,1717612.0
2025-08-22,Thực phẩm,Hà Nội,Online,6,6,1069650.0,701161.0
2025-08-22,Thực phẩm,Hải Phòng,Cửa hàng,5,5,1556900.0,1125938.0
2025-08-22,Thực phẩm,Hải Phòng,Online,4,4,659450.0,465454.0
2025-08-22,Thực phẩm,TP HCM,Cửa hàng,9,9,3175750.0,2272673.0
2025-08-22,Thực phẩm,TP HCM,Online,14,13,5706831.0,4012781.0
2025-08-22,Thực phẩm,Đà Nẵng,Cửa hàng,6,6,2428500.0,1767871.0
2025-08-22,Thực phẩm,Đà Nẵng,Online,4,4,1977700.0,1474726.0
2025-08-22,Điện tử,Cần Thơ,Cửa hàng,2,2,2919000.0,2261549.0
2025-08-22,Điện tử,Cần Thơ,Online,3,3,4165000.0,3080735.0
2025-08-22,Điện tử,Hà Nội,Cửa hàng,2,2,1926950.0,1299412.0
2025-08-22,Điện tử,Hà Nội,Online,2,2,4157100.0,2893678.0
2025-08-22,Điện tử,Hải Phòng,Cửa hàng,4,4,4037000.0,3051661.0
2025-08-22,Điện tử,Hải Phòng,Online,2,2,4546200.0,3383955.0
2025-08-22,Điện tử,TP HCM,Cửa hàng,3,3,5553450.0,4056040.0
2025-08-22,Điện tử,TP HCM,Online,9,9,15810000.0,11231624.0
2025-08-22,Điện tử,Đà Nẵng,Cửa hàng,2,2,3260000.0,2445201.0
2025-08-23,Gia dụng,Cần Thơ,Cửa hàng,3,3,6104900.0,3826651.0
2025-08-23,Gia dụng,Cần Thơ,Online,2,2,1617900.0,1132112.0
2025-08-23,Gia dụng,Hà Nội,Cửa hàng,5,5,8965000.0,5929085.0
2025-08-23,Gia dụng,Hà Nội,Online,3,3,6044050.0,4164471.0
2025-08-23,Gia dụng,Hải Phòng,Cửa hàng,1,1,745450.0,631149.0
2025-08-23,Gia dụng,Hải Phòng,Online,2,2,2295000.0,1589683.0
2025-08-23,Gia dụng,TP HCM,Cửa hàng,7,7,14797100.0,10596684.0
2025-08-23,Gia dụng,TP HCM,Online,9,9,13396100.0,9783983.0
2025-08-23,Gia dụng,Đà Nẵng,Cửa hàng,3,3,3176000.0,2257443.0
2025-08-23,Gia dụng,Đà Nẵng,Online,2,2,1839000.0,1279960.0
2025-08-23,Mỹ phẩm,Cần Thơ,Cửa hàng,1,1,456950.0,373625.0
2025-08-23,Mỹ phẩm,Cần Thơ,Online,1,1,1102000.0,932019.0
2025-08-23,Mỹ phẩm,Hà Nội,Cửa hàng,2,2,970350.0,659499.0
2025-08-23,Mỹ phẩm,Hà Nội,Online,2,2,1805950.0,1469786.0
2025-08-23,Mỹ phẩm,Hải Phòng,Cửa hàng,1,1,5478510.0,3834957.0
2025-08-23,Mỹ phẩm,Hải Phòng,Online,1,1,545000.0,416753.0
2025-08-23,Mỹ phẩm,TP HCM,Cửa hàng,2,2,1018000.0,776399.0
2025-08-23,Mỹ phẩm,TP HCM,Online,3,3,2409000.0,1642255.0
2025-08-23,Mỹ phẩm,Đà Nẵng,Online,2,2,1488800.0,1164021.0
2025-08-23,Sách,Cần Thơ,Online,3,3,410300.0,273655.0
2025-08-23,Sách,Hà Nội,Cửa hàng,1,1,364500.0,264211.0
2025-08-23,Sách,Hà Nội,Online,2,2,481100.0,314506.0
2025-08-23,Sách,Hải Phòng,Cửa hàng,3,3,705000.0,501646.0
2025-08-23,Sách,TP HCM,Cửa hàng,4,4,1273100.0,990780.0
2025-08-23,Sách,TP HCM,Online,4,4,807050.0,588579.0
2025-08-23,Sách,Đà Nẵng,Cửa hàng,2,2,792000.0,586458.0
2025-08-23,Sách,Đà Nẵng,Online,1,1,133450.0,96672.0
2025-08-23,Thời trang,Cần Thơ,Cửa hàng,3,3,2793000.0,2032824.0
2025-08-23,Thời trang,Cần Thơ,Online,4,4,6181700.0,4286849.0
2025-08-23,Thời trang,Hà Nội,Cửa hàng,8,8,10498700.0,6824591.0
2025-08-23,Thời trang,Hà Nội,Online,4,4,4873600.0,3514334.0
2025-08-23,Thời trang,Hải Phòng,Cửa hàng,1,1,780000.0,662792.0
2025-08-23,Thời trang,Hải Phòng,Online,1,1,3296000.0,2356634.0
2025-08-23,Thời trang,TP HCM,Cửa hàng,2,2,2342000.0,1878085.0
2025-08-23,Thời trang,TP HCM,Online,2,2,3498200.0,2645201.0
2025-08-23,Thời trang,Đà Nẵng,Cửa hàng,2,2,1960550.0,1466440.0
2025-08-23,Thực phẩm,Cần Thơ,Cửa hàng,3,3,527000.0,367107.0
2025-08-23,Thực phẩm,Cần Thơ,Online,1,1,398000.0,317874.0
2025-08-23,Thực phẩm,Hà Nội,Cửa hàng,7,7,2606950.0,1972443.0
2025-08-23,Thực phẩm,Hà Nội,Online,6,6,1317050.0,992090.0
2025-08-23,Thực phẩm,Hải Phòng,Cửa hàng,1,1,330000.0,271191.0
2025-08-23,Thực phẩm,Hải Phòng,Online,4,4,1592750.0,1174509.0
2025-08-23,Thực phẩm,TP HCM,Cửa hàng,9,9,5746528.0,4131716.0
2025-08-23,Thực phẩm,TP HCM,Online,4,4,1611000.0,1179393.0
2025-08-23,Thực phẩm,Đà Nẵng,Cửa hàng,3,3,526950.0,362785.0
2025-08-23,Thực phẩm,Đà Nẵng,Online,3,3,1090850.0,757526.0
2025-08-23,Điện tử,Cần Thơ,Online,1,1,1109000.0,866752.0
2025-08-23,Điện tử,Hà Nội,Cửa hàng,4,4,9624000.0,7366955.0
2025-08-23,Điện tử,Hà Nội,Online,7,7,14276800.0,11047094.0
2025-08-23,Điện tử,Hải Phòng,Cửa hàng,1,1,3545400.0,2271219.0
2025-08-23,Điện tử,Hải Phòng,Online,2,2,2257300.0,1765692.0
2025-08-23,Điện tử,TP HCM,Cửa hàng,5,5,8752600.0,6262020.0
2025-08-23,Điện tử,TP HCM,Online,6,6,9992150.0,7271480.0
2025-08-23,Điện tử,Đà Nẵng,Cửa hàng,5,5,6078400.0,4516650.0
2025-08-23,Điện tử,Đà Nẵng,Online,3,3,3810150.0,2829275.0
2025-08-24,Gia dụng,Hà Nội,Cửa hàng,7,7,8735800.0,6495457.0
2025-08-24,Gia dụng,Hà Nội,Online,9,9,12682500.0,9868697.0
2025-08-24,Gia dụng,Hải Phòng,Cửa hàng,2,2,6396000.0,4215561.0
2025-08-24,Gia dụng,Hải Phòng,Online,3,3,2461950.0,1647454.0
2025-08-24,Gia dụng,TP HCM,Cửa hàng,5,5,4325100.0,3132564.0
2025-08-24,Gia dụng,TP HCM,Online,3,3,2974150.0,2241545.0
2025-08-24,Gia dụng,Đà Nẵng,Cửa hàng,1,1,846000.0,551029.0
2025-08-24,Gia dụng,Đà Nẵng,Online,1,1,1698000.0,1224574.0
2025-08-24,Mỹ phẩm,Cần Thơ,Cửa hàng,2,2,975850.0,670421.0
2025-08-24,Mỹ phẩm,Cần Thơ,Online,1,1,481650.0,399526.0
2025-08-24,Mỹ phẩm,Hà Nội,Cửa hàng,3,3,1820150.0,1307449.0
2025-08-24,Mỹ phẩm,Hà Nội,Online,5,5,7073436.0,5130566.0
2025-08-24,Mỹ phẩm,Hải Phòng,Cửa hàng,2,2,1030000.0,723163.0
2025-08-24,Mỹ phẩm,Hải Phòng,Online,1,1,485450.0,378699.0
2025-08-24,Mỹ phẩm,TP HCM,Cửa hàng,7,7,4097750.0,2899732.0
2025-08-24,Mỹ phẩm,TP HCM,Online,2,2,1929600.0,1389368.0
2025-08-24,Mỹ phẩm,Đà Nẵng,Cửa hàng,3,3,1346800.0,1011330.0
2025-08-24,Sách,Cần Thơ,Cửa hàng,5,5,1512700.0,1159761.0
2025-08-24,Sách,Cần Thơ,Online,1,1,254000.0,183998.0
2025-08-24,Sách,Hà Nội,Cửa hàng,3,3,972900.0,751750.0
2025-08-24,Sách,Hà Nội,Online,3,3,1348250.0,1040440.0
2025-08-24,Sách,Hải Phòng,Cửa hàng,2,2,462000.0,346013.0
2025-08-24,Sách,TP HCM,Cửa hàng,3,3,591000.0,432826.0
2025-08-24,Sách,TP HCM,Online,2,2,391500.0,273323.0
2025-08-24,Sách,Đà Nẵng,Cửa hàng,1,1,262000.0,163912.0
2025-08-24,Thời trang,Cần Thơ,Cửa hàng,2,2,1554000.0,1147808.0
2025-08-24,Thời trang,Cần Thơ,Online,1,1,720800.0,521162.0
2025-08-24,Thời trang,Hà Nội,Cửa hàng,2,2,2409000.0,1540740.0
2025-08-24,Thời trang,Hà Nội,Online,3,3,4404650.0,2886567.0
2025-08-24,Thời trang,Hải Phòng,Cửa hàng,4,4,5288800.0,3625591.0
2025-08-24,Thời trang,Hải Phòng,Online,1,1,1504800.0,1219365.0
2025-08-24,Thời trang,TP HCM,Cửa hàng,2,2,4186200.0,3298169.0
2025-08-24,Thời trang,TP HCM,Online,2,2,2269000.0,1570261.0
2025-08-24,Thời trang,Đà Nẵng,Cửa hàng,2,2,2573700.0,2095694.0
2025-08-24,Thời trang,Đà Nẵng,Online,1,1,1664000.0,1203127.0
2025-08-24,Thực phẩm,Cần Thơ,Cửa hàng,5,5,1326000.0,901037.0
2025-08-24,Thực phẩm,Cần Thơ,Online,5,5,1890650.0,1376112.0
2025-08-24,Thực phẩm,Hà Nội,Cửa hàng,5,5,1002100.0,763087.0
2025-08-24,Thực phẩm,Hà Nội,Online,7,7,1573750.0,1158999.0
2025-08-24,Thực phẩm,Hải Phòng,Cửa hàng,3,3,1034950.0,682496.0
2025-08-24,Thực phẩm,Hải Phòng,Online,4,4,1213700.0,785325.0
2025-08-24,Thực phẩm,TP HCM,Cửa hàng,14,14,6091352.0,4151996.0
2025-08-24,Thực phẩm,TP HCM,Online,8,8,2022800.0,1465042.0
2025-08-24,Thực phẩm,Đà Nẵng,Cửa hàng,3,3,891000.0,711036.0
2025-08-24,Thực phẩm,Đà Nẵng,Online,1,1,151200.0,120950.0
2025-08-24,Điện tử,Cần Thơ,Cửa hàng,1,1,1035000.0,827551.0
2025-08-24,Điện tử,Cần Thơ,Online,3,3,3931850.0,2799718.0
2025-08-24,Điện tử,Hà Nội,Cửa hàng,4,4,7925000.0,5336200.0
2025-08-24,Điện tử,Hà Nội,Online,6,6,11354000.0,8760017.0
2025-08-24,Điện tử,Hải Phòng,Cửa hàng,2,2,3316850.0,2517690.0
2025-08-24,Điện tử,Hải Phòng,Online,2,2,5059000.0,3403574.0
2025-08-24,Điện tử,TP HCM,Cửa hàng,7,7,9351750.0,6843417.0
2025-08-24,Điện tử,TP HCM,Online,5,5,7211000.0,5343322.0
2025-08-24,Điện tử,Đà Nẵng,Cửa hàng,4,4,8803050.0,7203675.0
2025-08-24,Điện tử,Đà Nẵng,Online,3,3,5856950.0,4234660.0
2025-08-25,Gia dụng,Cần Thơ,Cửa hàng,3,3,19533485.0,13864942.0
2025-08-25,Gia dụng,Cần Thơ,Online,1,1,806400.0,581564.0
2025-08-25,Gia dụng,Hà Nội,Cửa hàng,2,2,2262000.0,1809070.0
2025-08-25,Gia dụng,Hà Nội,Online,6,6,7201650.0,5150643.0
2025-08-25,Gia dụng,TP HCM,Cửa hàng,3,3,2606700.0,1677490.0
2025-08-25,Gia dụng,TP HCM,Online,4,4,17472371.0,12477152.0
2025-08-25,Gia dụng,Đà Nẵng,Cửa hàng,2,2,1665900.0,1317533.0
2025-08-25,Gia dụng,Đà Nẵng,Online,5,5,5287050.0,4024119.0
2025-08-25,Mỹ phẩm,Cần Thơ,Cửa hàng,2,2,3030250.0,1965483.0
2025-08-25,Mỹ phẩm,Cần Thơ,Online,2,2,1552200.0,1178588.0
2025-08-25,Mỹ phẩm,Hà Nội,Cửa hàng,4,4,2490000.0,1858370.0
2025-08-25,Mỹ phẩm,Hà Nội,Online,2,2,1283100.0,773160.0
2025-08-25,Mỹ phẩm,Hải Phòng,Cửa hàng,2,2,1228400.0,884275.0
2025-08-25,Mỹ phẩm,TP HCM,Cửa hàng,5,5,3969100.0,2857972.0
2025-08-25,Mỹ phẩm,TP HCM,Online,2,2,1482000.0,990896.0
2025-08-25,Mỹ phẩm,Đà Nẵng,Cửa hàng,2,2,1375000.0,923431.0
2025-08-25,Mỹ phẩm,Đà Nẵng,Online,1,1,529000.0,368589.0
2025-08-25,Sách,Cần Thơ,Cửa hàng,4,4,1061050.0,818357.0
2025-08-25,Sách,Cần Thơ,Online,1,1,308000.0,196782.0
2025-08-25,Sách,Hà Nội,Cửa hàng,4,4,679500.0,488207.0
2025-08-25,Sách,Hà Nội,Online,3,3,877500.0,557648.0
2025-08-25,Sách,Hải Phòng,Cửa hàng,1,1,146300.0,97477.0
2025-08-25,Sách,Hải Phòng,Online,1,1,235800.0,188015.0
2025-08-25,Sách,TP HCM,Cửa hàng,2,2,699200.0,515696.0
2025-08-25,Sách,Đà Nẵng,Online,2,2,285000.0,189727.0
2025-08-25,Thời trang,Cần Thơ,Cửa hàng,5,5,5650850.0,4051837.0
2025-08-25,Thời trang,Cần Thơ,Online,1,1,808000.0,486033.0
2025-08-25,Thời trang,Hà Nội,Cửa hàng,2,2,4671000.0,2958112.0
2025-08-25,Thời trang,Hà Nội,Online,2,2,3076950.0,2366008.0
2025-08-25,Thời trang,Hải Phòng,Cửa hàng,1,1,680200.0,491807.0
2025-08-25,Thời trang,Hải Phòng,Online,1,1,731000.0,479798.0
2025-08-25,Thời trang,TP HCM,Cửa hàng,4,4,25343838.0,17689017.0
2025-08-25,Thời trang,TP HCM,Online,1,1,689000.0,464995.0
2025-08-25,Thời trang,Đà Nẵng,Cửa hàng,2,2,2842000.0,2000676.0
2025-08-25,Thời trang,Đà Nẵng,Online,4,4,2683200.0,1966211.0
2025-08-25,Thực phẩm,Cần Thơ,Cửa hàng,1,1,189000.0,133429.0
2025-08-25,Thực phẩm,Cần Thơ,Online,1,1,358000.0,288321.0
2025-08-25,Thực phẩm,Hà Nội,Cửa hàng,8,8,2013650.0,1464670.0
2025-08-25,Thực phẩm,Hà Nội,Online,9,9,5661297.0,4074221.0
2025-08-25,Thực phẩm,Hải Phòng,Cửa hàng,3,3,527050.0,393083.0
2025-08-25,Thực phẩm,Hải Phòng,Online,4,4,1119600.0,734830.0
2025-08-25,Thực phẩm,TP HCM,Cửa hàng,11,11,3300500.0,2381712.0
2025-08-25,Thực phẩm,TP HCM,Online,7,7,4058638.0,2855663.0
2025-08-25,Thực phẩm,Đà Nẵng,Cửa hàng,4,4,1147200.0,815464.0
2025-08-25,Thực phẩm,Đà Nẵng,Online,4,4,1801850.0,1166176.0
2025-08-25,Điện tử,Cần Thơ,Cửa hàng,3,3,3106350.0,2383880.0
2025-08-25,Điện tử,Cần Thơ,Online,3,3,6578000.0,4562682.0
2025-08-25,Điện tử,Hà Nội,Cửa hàng,12,12,47653485.0,33784906.0
2025-08-25,Điện tử,Hà Nội,Online,3,3,7325300.0,5119868.0
2025-08-25,Điện tử,Hải Phòng,Cửa hàng,1,1,2042000.0,1396779.0
2025-08-25,Điện tử,Hải Phòng,Online,3,3,8047000.0,5429316.0
2025-08-25,Điện tử,TP HCM,Cửa hàng,8,8,19728150.0,13356035.0
2025-08-25,Điện tử,TP HCM,Online,4,4,6282200.0,4381933.0
2025-08-25,Điện tử,Đà Nẵng,Online,2,2,2964400.0,1980013.0
2025-08-26,Gia dụng,Cần Thơ,Cửa hàng,2,2,2374850.0,1523709.0
2025-08-26,Gia dụng,Hà Nội,Cửa hàng,2,2,9054936.0,6631415.0
2025-08-26,Gia dụng,Hà Nội,Online,4,4,4841800.0,3558192.0
2025-08-26,Gia dụng,Hải Phòng,Cửa hàng,4,4,5104200.0,3587067.0
2025-08-26,Gia dụng,Hải Phòng,Online,2,2,2540500.0,1983023.0
2025-08-26,Gia dụng,TP HCM,Cửa hàng,4,4,5622800.0,4101481.0
2025-08-26,Gia dụng,TP HCM,Online,4,4,4058200.0,3085985.0
2025-08-26,Gia dụng,Đà Nẵng,Online,4,4,7030900.0,5454979.0
2025-08-26,Mỹ phẩm,Cần Thơ,Cửa hàng,2,2,1426000.0,940622.0
2025-08-26,Mỹ phẩm,Hà Nội,Cửa hàng,1,1,512000.0,344712.0
2025-08-26,Mỹ phẩm,Hà Nội,Online,3,3,2241200.0,1590372.0
2025-08-26,Mỹ phẩm,Hải Phòng,Cửa hàng,2,2,8499929.0,5952911.0
2025-08-26,Mỹ phẩm,TP HCM,Cửa hàng,2,2,1001900.0,702504.0
2025-08-26,Mỹ phẩm,TP HCM,Online,2,2,934800.0,670096.0
2025-08-26,Mỹ phẩm,Đà Nẵng,Cửa hàng,1,1,411000.0,275269.0
2025-08-26,Sách,Hà Nội,Cửa hàng,4,4,598700.0,438050.0
2025-08-26,Sách,Hà Nội,Online,1,1,141000.0,95461.0
2025-08-26,Sách,TP HCM,Cửa hàng,5,5,1704550.0,1257825.0
2025-08-26,Sách,TP HCM,Online,6,6,1844100.0,1314268.0
2025-08-26,Sách,Đà Nẵng,Cửa hàng,3,3,489400.0,347336.0
2025-08-26,Thời trang,Cần Thơ,Cửa hàng,3,3,5780400.0,4540933.0
2025-08-26,Thời trang,Cần Thơ,Online,3,3,2071350.0,1584771.0
2025-08-26,Thời trang,Hà Nội,Cửa hàng,5,5,4733300.0,3194945.0
2025-08-26,Thời trang,Hà Nội,Online,3,3,3729550.0,2705424.0
2025-08-26,Thời trang,Hải Phòng,Cửa hàng,4,4,6010450.0,4310353.0
2025-08-26,Thời trang,Hải Phòng,Online,1,1,687800.0,497302.0
2025-08-26,Thời trang,TP HCM,Cửa hàng,9,9,13105350.0,10100534.0
2025-08-26,Thời trang,TP HCM,Online,4,4,3897550.0,2959158.0
2025-08-26,Thời trang,Đà Nẵng,Cửa hàng,1,1,2832000.0,1876356.0
2025-08-26,Thời trang,Đà Nẵng,Online,2,2,2654000.0,2106429.0
2025-08-26,Thực phẩm,Cần Thơ,Cửa hàng,4,4,1717000.0,1329414.0
2025-08-26,Thực phẩm,Cần Thơ,Online,2,2,848700.0,655722.0
2025-08-26,Thực phẩm,Hà Nội,Cửa hàng,7,7,1928350.0,1471067.0
2025-08-26,Thực phẩm,Hà Nội,Online,5,5,1228200.0,869204.0
2025-08-26,Thực phẩm,Hải Phòng,Cửa hàng,1,1,157000.0,128454.0
2025-08-26,Thực phẩm,Hải Phòng,Online,2,2,322000.0,242616.0
2025-08-26,Thực phẩm,TP HCM,Cửa hàng,10,10,4596800.0,3456242.0
2025-08-26,Thực phẩm,TP HCM,Online,15,15,3485050.0,2535120.0
2025-08-26,Thực phẩm,Đà Nẵng,Cửa hàng,4,4,920050.0,683347.0
2025-08-26,Thực phẩm,Đà Nẵng,Online,3,3,739000.0,536500.0
2025-08-26,Điện tử,Cần Thơ,Cửa hàng,4,4,7025750.0,4962331.0
2025-08-26,Điện tử,Cần Thơ,Online,6,6,41255027.0,29493777.0
2025-08-26,Điện tử,Hà Nội,Cửa hàng,1,1,1900000.0,1225097.0
2025-08-26,Điện tử,Hà Nội,Online,7,7,16793000.0,12043193.0
2025-08-26,Điện tử,Hải Phòng,Cửa hàng,3,3,5797000.0,4159975.0
2025-08-26,Điện tử,Hải Phòng,Online,2,2,4230900.0,2896511.0
2025-08-26,Điện tử,TP HCM,Cửa hàng,8,8,24988774.0,18349049.0
2025-08-26,Điện tử,TP HCM,Online,5,5,11197000.0,7982558.0
2025-08-26,Điện tử,Đà Nẵng,Cửa hàng,3,3,8284600.0,5942768.0
2025-08-26,Điện tử,Đà Nẵng,Online,1,1,1010800.0,786313.0
2025-08-27,Gia dụng,Hà Nội,Cửa hàng,10,10,16151800.0,11634291.0
2025-08-27,Gia dụng,Hà Nội,Online,4,4,5466900.0,4266427.0
2025-08-27,Gia dụng,Hải Phòng,Cửa hàng,4,4,4517200.0,3341274.0
2025-08-27,Gia dụng,Hải Phòng,Online,1,1,874000.0,555717.0
2025-08-27,Gia dụng,TP HCM,Cửa hàng,1,1,827100.0,600186.0
2025-08-27,Gia dụng,TP HCM,Online,5,5,9097000.0,6877444.0
2025-08-27,Gia dụng,Đà Nẵng,Cửa hàng,5,5,8629700.0,5875331.0
2025-08-27,Gia dụng,Đà Nẵng,Online,3,3,7558100.0,5117138.0
2025-08-27,Mỹ phẩm,Cần Thơ,Cửa hàng,1,1,487000.0,326738.0
2025-08-27,Mỹ phẩm,Cần Thơ,Online,1,1,399600.0,323239.0
2025-08-27,Mỹ phẩm,Hà Nội,Cửa hàng,2,2,915800.0,717935.0
2025-08-27,Mỹ phẩm,Hà Nội,Online,4,4,2675150.0,1934175.0
2025-08-27,Mỹ phẩm,Hải Phòng,Cửa hàng,2,2,1274350.0,796342.0
2025-08-27,Mỹ phẩm,Hải Phòng,Online,2,2,998000.0,762070.0
2025-08-27,Mỹ phẩm,TP HCM,Cửa hàng,2,2,2548000.0,1833310.0
2025-08-27,Mỹ phẩm,TP HCM,Online,4,4,3146400.0,2406560.0
2025-08-27,Mỹ phẩm,Đà Nẵng,Cửa hàng,1,1,1036000.0,683112.0
2025-08-27,Mỹ phẩm,Đà Nẵng,Online,2,2,1281000.0,965579.0
2025-08-27,Sách,Cần Thơ,Cửa hàng,1,1,146000.0,122262.0
2025-08-27,Sách,Cần Thơ,Online,1,1,709750.0,580046.0
2025-08-27,Sách,Hà Nội,Cửa hàng,3,3,589800.0,435515.0
2025-08-27,Sách,Hà Nội,Online,2,2,317000.0,224192.0
2025-08-27,Sách,Hải Phòng,Cửa hàng,2,2,326000.0,239824.0
2025-08-27,Sách,Hải Phòng,Online,1,1,143000.0,97548.0
2025-08-27,Sách,TP HCM,Cửa hàng,4,4,914300.0,694686.0
2025-08-27,Sách,TP HCM,Online,2,2,594000.0,473293.0
2025-08-27,Sách,Đà Nẵng,Online,1,1,158000.0,107715.0
2025-08-27,Thời trang,Cần Thơ,Cửa hàng,2,2,3057000.0,2090225.0
2025-08-27,Thời trang,Cần Thơ,Online,2,2,2062700.0,1574064.0
2025-08-27,Thời trang,Hà Nội,Cửa hàng,2,2,1577850.0,1092411.0
2025-08-27,Thời trang,Hà Nội,Online,2,2,2748000.0,1986895.0
2025-08-27,Thời trang,Hải Phòng,Cửa hàng,2,2,2499000.0,1686819.0
2025-08-27,Thời trang,Hải Phòng,Online,2,2,1404000.0,993658.0
2025-08-27,Thời trang,TP HCM,Cửa hàng,5,5,7056650.0,4980842.0
2025-08-27,Thời trang,TP HCM,Online,4,4,4710600.0,3418751.0
2025-08-27,Thời trang,Đà Nẵng,Cửa hàng,1,1,585000.0,493418.0
2025-08-27,Thời trang,Đà Nẵng,Online,1,1,1288000.0,1035916.0
2025-08-27,Thực phẩm,Cần Thơ,Cửa hàng,2,2,392000.0,309397.0
2025-08-27,Thực phẩm,Cần Thơ,Online,2,2,459700.0,330146.0
2025-08-27,Thực phẩm,Hà Nội,Cửa hàng,8,8,2461400.0,1748712.0
2025-08-27,Thực phẩm,Hà Nội,Online,8,8,2676100.0,1972629.0
2025-08-27,Thực phẩm,Hải Phòng,Cửa hàng,4,4,1620300.0,1185604.0
2025-08-27,Thực phẩm,Hải Phòng,Online,2,2,707000.0,511031.0
2025-08-27,Thực phẩm,TP HCM,Cửa hàng,10,10,4369937.0,3096184.0
2025-08-27,Thực phẩm,TP HCM,Online,10,10,2811850.0,1996769.0
2025-08-27,Thực phẩm,Đà Nẵng,Cửa hàng,2,2,594000.0,467913.0
2025-08-27,Thực phẩm,Đà Nẵng,Online,2,2,286850.0,191291.0
2025-08-27,Điện tử,Cần Thơ,Cửa hàng,1,1,5008000.0,3526922.0
2025-08-27,Điện tử,Cần Thơ,Online,2,2,3290400.0,2202024.0
2025-08-27,Điện tử,Hà Nội,Cửa hàng,2,2,4210750.0,2640335.0
2025-08-27,Điện tử,Hà Nội,Online,2,2,2067000.0,1437629.0
2025-08-27,Điện tử,Hải Phòng,Cửa hàng,5,5,11045850.0,7310529.0
2025-08-27,Điện tử,Hải Phòng,Online,2,2,5249000.0,3427846.0
2025-08-27,Điện tử,TP HCM,Cửa hàng,8,8,9997950.0,6822889.0
2025-08-27,Điện tử,TP HCM,Online,8,8,34537990.0,24895990.0
2025-08-27,Điện tử,Đà Nẵng,Cửa hàng,3,3,7644400.0,5236091.0
2025-08-27,Điện tử,Đà Nẵng,Online,4,4,5211850.0,3643578.0
2025-08-28,Gia dụng,Cần Thơ,Cửa hàng,2,2,3564000.0,2625833.0
2025-08-28,Gia dụng,Hà Nội,Cửa hàng,5,5,9190400.0,6499138.0
2025-08-28,Gia dụng,Hà Nội,Online,1,1,836100.0,697528.0
2025-08-28,Gia dụng,Hải Phòng,Cửa hàng,1,1,2670450.0,1771271.0
2025-08-28,Gia dụng,Hải Phòng,Online,2,2,2508750.0,1918668.0
2025-08-28,Gia dụng,TP HCM,Cửa hàng,4,4,4802950.0,3244124.0
2025-08-28,Gia dụng,TP HCM,Online,7,7,22796699.0,16149700.0
2025-08-28,Gia dụng,Đà Nẵng,Cửa hàng,3,3,7520550.0,5095263.0
2025-08-28,Mỹ phẩm,Cần Thơ,Online,2,2,2558250.0,1625953.0
2025-08-28,Mỹ phẩm,Hà Nội,Cửa hàng,1,1,472500.0,288491.0
2025-08-28,Mỹ phẩm,Hà Nội,Online,4,4,1806800.0,1389527.0
2025-08-28,Mỹ phẩm,Hải Phòng,Cửa hàng,1,1,441000.0,358943.0
2025-08-28,Mỹ phẩm,Hải Phòng,Online,2,2,2972000.0,1885602.0
2025-08-28,Mỹ phẩm,TP HCM,Cửa hàng,4,4,4339500.0,3543138.0
2025-08-28,Mỹ phẩm,TP HCM,Online,4,4,4182300.0,2987989.0
2025-08-28,Mỹ phẩm,Đà Nẵng,Cửa hàng,1,1,506350.0,309156.0
2025-08-28,Sách,Cần Thơ,Online,5,5,1224400.0,931614.0
2025-08-28,Sách,Hà Nội,Cửa hàng,4,4,857250.0,611684.0
2025-08-28,Sách,Hà Nội,Online,4,4,555000.0,416094.0
2025-08-28,Sách,Hải Phòng,Cửa hàng,3,3,606550.0,465681.0
2025-08-28,Sách,TP HCM,Cửa hàng,5,5,4671438.0,3231033.0
2025-08-28,Sách,TP HCM,Online,6,6,1800200.0,1298632.0
2025-08-28,Sách,Đà Nẵng,Online,1,1,238000.0,143895.0
2025-08-28,Thời trang,Cần Thơ,Cửa hàng,1,1,761000.0,571899.0
2025-08-28,Thời trang,Cần Thơ,Online,1,1,1600000.0,1184818.0
2025-08-28,Thời trang,Hà Nội,Cửa hàng,3,3,2048150.0,1586933.0
2025-08-28,Thời trang,Hà Nội,Online,2,2,1486000.0,979688.0
2025-08-28,Thời trang,Hải Phòng,Cửa hàng,1,1,691000.0,539290.0
2025-08-28,Thời trang,Hải Phòng,Online,1,1,1618000.0,1250387.0
2025-08-28,Thời trang,TP HCM,Cửa hàng,10,10,16181700.0,12026284.0
2025-08-28,Thời trang,TP HCM,Online,6,6,7512000.0,5803282.0
2025-08-28,Thời trang,Đà Nẵng,Online,3,3,10315000.0,7033030.0
2025-08-28,Thực phẩm,Cần Thơ,Cửa hàng,11,11,3378650.0,2525040.0
2025-08-28,Thực phẩm,Cần Thơ,Online,3,3,1335950.0,972765.0
2025-08-28,Thực phẩm,Hà Nội,Cửa hàng,8,8,1886650.0,1304950.0
2025-08-28,Thực phẩm,Hà Nội,Online,8,8,2876150.0,1998008.0
2025-08-28,Thực phẩm,Hải Phòng,Cửa hàng,2,2,312050.0,260455.0
2025-08-28,Thực phẩm,Hải Phòng,Online,5,5,1419300.0,1049834.0
2025-08-28,Thực phẩm,TP HCM,Cửa hàng,12,12,3310850.0,2320189.0
2025-08-28,Thực phẩm,TP HCM,Online,14,14,3633250.0,2570463.0
2025-08-28,Thực phẩm,Đà Nẵng,Cửa hàng,1,1,550800.0,384711.0
2025-08-28,Thực phẩm,Đà Nẵng,Online,3,3,743000.0,522488.0
2025-08-28,Điện tử,Cần Thơ,Cửa hàng,1,1,2046000.0,1731579.0
2025-08-28,Điện tử,Cần Thơ,Online,2,2,3268950.0,2072245.0
2025-08-28,Điện tử,Hà Nội,Cửa hàng,3,3,2942800.0,2000613.0
2025-08-28,Điện tử,Hà Nội,Online,4,4,11048200.0,7358340.0
2025-08-28,Điện tử,Hải Phòng,Cửa hàng,1,1,4269600.0,3090920.0
2025-08-28,Điện tử,Hải Phòng,Online,1,1,1990000.0,1523079.0
2025-08-28,Điện tử,TP HCM,Cửa hàng,7,7,13617100.0,9618858.0
2025-08-28,Điện tử,TP HCM,Online,4,4,7965000.0,5567619.0
2025-08-28,Điện tử,Đà Nẵng,Cửa hàng,2,2,2045500.0,1590790.0
2025-08-28,Điện tử,Đà Nẵng,Online,2,2,5238000.0,3586378.0
2025-08-29,Gia dụng,Cần Thơ,Cửa hàng,2,2,4204600.0,2873190.0
2025-08-29,Gia dụng,Cần Thơ,Online,2,2,3569150.0,2508707.0
2025-08-29,Gia dụng,Hà Nội,Cửa hàng,3,3,3320900.0,2322070.0
2025-08-29,Gia dụng,Hà Nội,Online,5,5,16464217.0,11753053.0
2025-08-29,Gia dụng,Hải Phòng,Cửa hàng,4,4,6474800.0,4751511.0
2025-08-29,Gia dụng,Hải Phòng,Online,1,1,760750.0,595508.0
2025-08-29,Gia dụng,TP HCM,Cửa hàng,6,6,10920500.0,7284719.0
2025-08-29,Gia dụng,TP HCM,Online,2,2,2541500.0,2036559.0
2025-08-29,Gia dụng,Đà Nẵng,Cửa hàng,4,4,5904000.0,4267690.0
2025-08-29,Mỹ phẩm,Cần Thơ,Online,1,1,426550.0,327477.0
2025-08-29,Mỹ phẩm,Hà Nội,Cửa hàng,3,3,1404000.0,967657.0
2025-08-29,Mỹ phẩm,Hà Nội,Online,1,1,1035500.0,789937.0
2025-08-29,Mỹ phẩm,Hải Phòng,Online,1,1,435000.0,266152.0
2025-08-29,Mỹ phẩm,TP HCM,Cửa hàng,6,6,4576500.0,3314847.0
2025-08-29,Mỹ phẩm,TP HCM,Online,3,3,1351900.0,978448.0
2025-08-29,Mỹ phẩm,Đà Nẵng,Cửa hàng,2,2,959600.0,683471.0
2025-08-29,Mỹ phẩm,Đà Nẵng,Online,2,2,1567000.0,1131759.0
2025-08-29,Sách,Cần Thơ,Cửa hàng,1,1,150000.0,122166.0
2025-08-29,Sách,Cần Thơ,Online,1,1,649800.0,444514.0
2025-08-29,Sách,Hà Nội,Cửa hàng,4,4,843100.0,613026.0
2025-08-29,Sách,Hà Nội,Online,1,1,149000.0,113723.0
2025-08-29,Sách,Hải Phòng,Cửa hàng,4,4,1149200.0,876658.0
2025-08-29,Sách,Hải Phòng,Online,2,2,526300.0,351754.0
2025-08-29,Sách,TP HCM,Cửa hàng,4,4,861150.0,641297.0
2025-08-29,Sách,TP HCM,Online,5,5,1157000.0,914726.0
2025-08-29,Sách,Đà Nẵng,Cửa hàng,3,3,1202400.0,837550.0
2025-08-29,Sách,Đà Nẵng,Online,1,1,147250.0,101584.0
2025-08-29,Thời trang,Cần Thơ,Cửa hàng,2,2,1543200.0,1196954.0
2025-08-29,Thời trang,Hà Nội,Cửa hàng,5,5,6064300.0,4261159.0
2025-08-29,Thời trang,Hà Nội,Online,2,2,1210400.0,942390.0
2025-08-29,Thời trang,Hải Phòng,Cửa hàng,1,1,705000.0,543525.0
2025-08-29,Thời trang,Hải Phòng,Online,1,1,733400.0,536633.0
2025-08-29,Thời trang,TP HCM,Cửa hàng,8,8,8125100.0,5886535.0
2025-08-29,Thời trang,TP HCM,Online,6,6,6934300.0,4977918.0
2025-08-29,Thời trang,Đà Nẵng,Cửa hàng,1,1,650750.0,470514.0
2025-08-29,Thực phẩm,Cần Thơ,Cửa hàng,1,1,141300.0,105462.0
2025-08-29,Thực phẩm,Cần Thơ,Online,4,4,857000.0,632787.0
2025-08-29,Thực phẩm,Hà Nội,Cửa hàng,11,11,3762350.0,2705872.0
2025-08-29,Thực phẩm,Hà Nội,Online,11,11,3833750.0,2759901.0
2025-08-29,Thực phẩm,Hải Phòng,Cửa hàng,3,3,719000.0,510875.0
2025-08-29,Thực phẩm,Hải Phòng,Online,3,3,931850.0,629463.0
2025-08-29,Thực phẩm,TP HCM,Cửa hàng,6,6,1685000.0,1188403.0
2025-08-29,Thực phẩm,TP HCM,Online,8,8,2103350.0,1565134.0
2025-08-29,Thực phẩm,Đà Nẵng,Cửa hàng,2,2,579100.0,455978.0
2025-08-29,Thực phẩm,Đà Nẵng,Online,2,2,436600.0,315582.0
2025-08-29,Điện tử,Cần Thơ,Cửa hàng,1,1,2870100.0,1924838.0
2025-08-29,Điện tử,Cần Thơ,Online,5,5,20125972.0,14645284.0
2025-08-29,Điện tử,Hà Nội,Cửa hàng,5,5,10296300.0,7522915.0
2025-08-29,Điện tử,Hà Nội,Online,5,5,8583600.0,6762034.0
2025-08-29,Điện tử,Hải Phòng,Cửa hàng,3,3,6843850.0,4941800.0
2025-08-29,Điện tử,Hải Phòng,Online,1,1,3021000.0,1823283.0
2025-08-29,Điện tử,TP HCM,Cửa hàng,4,4,8601150.0,6726125.0
2025-08-29,Điện tử,TP HCM,Online,6,6,10446600.0,7694552.0
2025-08-29,Điện tử,Đà Nẵng,Online,3,3,4907350.0,3583775.0
2025-08-30,Gia dụng,Cần Thơ,Cửa hàng,1,1,761000.0,484977.0
2025-08-30,Gia dụng,Cần Thơ,Online,4,4,4016550.0,3018637.0
2025-08-30,Gia dụng,Hà Nội,Cửa hàng,4,4,4226600.0,3016256.0
2025-08-30,Gia dụng,Hà Nội,Online,3,3,2382000.0,1492777.0
2025-08-30,Gia dụng,Hải Phòng,Cửa hàng,6,6,5742000.0,4268531.0
2025-08-30,Gia dụng,Hải Phòng,Online,1,1,1638000.0,1090056.0
2025-08-30,Gia dụng,TP HCM,Cửa hàng,7,7,11519100.0,8599091.0
2025-08-30,Gia dụng,TP HCM,Online,3,3,7159200.0,4834537.0
2025-08-30,Gia dụng,Đà Nẵng,Cửa hàng,5,5,25934957.0,19161724.0
2025-08-30,Gia dụng,Đà Nẵng,Online,4,4,6272100.0,4316779.0
2025-08-30,Mỹ phẩm,Cần Thơ,Cửa hàng,5,5,3623200.0,2544480.0
2025-08-30,Mỹ phẩm,Cần Thơ,Online,1,1,1266000.0,915520.0
2025-08-30,Mỹ phẩm,Hà Nội,Cửa hàng,3,3,3739850.0,2754916.0
2025-08-30,Mỹ phẩm,Hà Nội,Online,3,3,2585250.0,1770345.0
2025-08-30,Mỹ phẩm,Hải Phòng,Cửa hàng,1,1,886000.0,678634.0
2025-08-30,Mỹ phẩm,Hải Phòng,Online,1,1,2300000.0,1661165.0
2025-08-30,Mỹ phẩm,TP HCM,Cửa hàng,5,5,3755850.0,3019435.0
2025-08-30,Mỹ phẩm,TP HCM,Online,3,3,1985050.0,1556947.0
2025-08-30,Mỹ phẩm,Đà Nẵng,Cửa hàng,1,1,499000.0,317197.0
2025-08-30,Mỹ phẩm,Đà Nẵng,Online,2,2,984000.0,606090.0
2025-08-30,Sách,Cần Thơ,Cửa hàng,2,2,750000.0,594482.0
2025-08-30,Sách,Hà Nội,Cửa hàng,3,3,1312000.0,1038690.0
2025-08-30,Sách,Hà Nội,Online,5,5,1324800.0,1054869.0
2025-08-30,Sách,Hải Phòng,Cửa hàng,2,2,610000.0,485775.0
2025-08-30,Sách,TP HCM,Cửa hàng,5,5,1212600.0,909521.0
2025-08-30,Sách,TP HCM,Online,3,3,992900.0,774362.0
2025-08-30,Sách,Đà Nẵng,Cửa hàng,2,2,285100.0,228212.0
2025-08-30,Sách,Đà Nẵng,Online,2,2,539700.0,341661.0
2025-08-30,Thời trang,Cần Thơ,Online,1,1,837000.0,605179.0
2025-08-30,Thời trang,Hà Nội,Cửa hàng,6,6,8786000.0,6205375.0
2025-08-30,Thời trang,Hà Nội,Online,1,1,648000.0,467489.0
2025-08-30,Thời trang,Hải Phòng,Cửa hàng,4,4,6373300.0,4591227.0
2025-08-30,Thời trang,Hải Phòng,Online,2,2,1544650.0,1158602.0
2025-08-30,Thời trang,TP HCM,Cửa hàng,5,5,4921300.0,3582861.0
2025-08-30,Thời trang,TP HCM,Online,3,3,5572200.0,4297022.0
2025-08-30,Thời trang,Đà Nẵng,Cửa hàng,1,1,775000.0,574741.0
2025-08-30,Thực phẩm,Cần Thơ,Cửa hàng,3,3,1077400.0,837208.0
2025-08-30,Thực phẩm,Cần Thơ,Online,1,1,181000.0,148852.0
2025-08-30,Thực phẩm,Hà Nội,Cửa hàng,12,12,4587800.0,3425942.0
2025-08-30,Thực phẩm,Hà Nội,Online,3,3,1114500.0,809033.0
2025-08-30,Thực phẩm,Hải Phòng,Cửa hàng,5,5,1310050.0,920737.0
2025-08-30,Thực phẩm,Hải Phòng,Online,2,2,3433980.0,2387970.0
2025-08-30,Thực phẩm,TP HCM,Cửa hàng,11,11,3395500.0,2445771.0
2025-08-30,Thực phẩm,TP HCM,Online,7,7,2403900.0,1813290.0
2025-08-30,Thực phẩm,Đà Nẵng,Cửa hàng,3,3,710000.0,483276.0
2025-08-30,Thực phẩm,Đà Nẵng,Online,4,4,1552100.0,1118101.0
2025-08-30,Điện tử,Cần Thơ,Cửa hàng,2,2,4494000.0,3575711.0
2025-08-30,Điện tử,Cần Thơ,Online,1,1,2148000.0,1776650.0
2025-08-30,Điện tử,Hà Nội,Cửa hàng,6,6,15646350.0,10886862.0
2025-08-30,Điện tử,Hà Nội,Online,3,3,3928800.0,2838790.0
2025-08-30,Điện tử,Hải Phòng,Cửa hàng,2,2,5130150.0,3999829.0
2025-08-30,Điện tử,Hải Phòng,Online,5,5,8022050.0,6104974.0
2025-08-30,Điện tử,TP HCM,Cửa hàng,3,3,4476500.0,3099277.0
2025-08-30,Điện tử,TP HCM,Online,9,9,15566250.0,11641047.0
2025-08-30,Điện tử,Đà Nẵng,Cửa hàng,2,2,3116000.0,1893479.0
2025-08-31,Gia dụng,Cần Thơ,Cửa hàng,1,1,1874000.0,1566457.0
2025-08-31,Gia dụng,Cần Thơ,Online,2,2,2664000.0,2178862.0
2025-08-31,Gia dụng,Hà Nội,Cửa hàng,4,4,7772050.0,6005900.0
2025-08-31,Gia dụng,Hà Nội,Online,1,1,736250.0,590744.0
2025-08-31,Gia dụng,Hải Phòng,Cửa hàng,1,1,741000.0,535546.0
2025-08-31,Gia dụng,Hải Phòng,Online,2,2,2338800.0,1632590.0
2025-08-31,Gia dụng,TP HCM,Cửa hàng,9,9,14389650.0,9661416.0
2025-08-31,Gia dụng,TP HCM,Online,3,3,4655550.0,3680331.0
2025-08-31,Gia dụng,Đà Nẵng,Cửa hàng,4,4,3216700.0,2142177.0
2025-08-31,Gia dụng,Đà Nẵng,Online,2,2,1725000.0,1136814.0
2025-08-31,Mỹ phẩm,Cần Thơ,Cửa hàng,1,1,513000.0,429327.0
2025-08-31,Mỹ phẩm,Cần Thơ,Online,2,2,830700.0,683776.0
2025-08-31,Mỹ phẩm,Hà Nội,Cửa hàng,3,3,3358000.0,2234077.0
2025-08-31,Mỹ phẩm,Hà Nội,Online,4,4,2180750.0,1597260.0
2025-08-31,Mỹ phẩm,TP HCM,Cửa hàng,5,5,7818150.0,5571476.0
2025-08-31,Mỹ phẩm,TP HCM,Online,1,1,856000.0,518854.0
2025-08-31,Mỹ phẩm,Đà Nẵng,Cửa hàng,2,2,3074000.0,2297865.0
2025-08-31,Mỹ phẩm,Đà Nẵng,Online,1,1,1224000.0,884029.0
2025-08-31,Sách,Cần Thơ,Cửa hàng,4,4,756000.0,552190.0
2025-08-31,Sách,Cần Thơ,Online,2,2,898000.0,627131.0
2025-08-31,Sách,Hà Nội,Cửa hàng,4,4,891250.0,669990.0
2025-08-31,Sách,Hà Nội,Online,1,1,312000.0,226014.0
2025-08-31,Sách,Hải Phòng,Cửa hàng,1,1,135000.0,86415.0
2025-08-31,Sách,Hải Phòng,Online,3,3,424150.0,312457.0
2025-08-31,Sách,TP HCM,Cửa hàng,6,6,1518150.0,1189252.0
2025-08-31,Sách,TP HCM,Online,6,6,1932000.0,1427115.0
2025-08-31,Sách,Đà Nẵng,Online,1,1,276000.0,170406.0
2025-08-31,Thời trang,Cần Thơ,Cửa hàng,3,3,3710850.0,2727265.0
2025-08-31,Thời trang,Cần Thơ,Online,1,1,1708000.0,1217724.0
2025-08-31,Thời trang,Hà Nội,Cửa hàng,4,4,3702700.0,2619721.0
2025-08-31,Thời trang,Hà Nội,Online,2,2,1461450.0,1060930.0
2025-08-31,Thời trang,Hải Phòng,Cửa hàng,4,4,3140000.0,2225397.0
2025-08-31,Thời trang,Hải Phòng,Online,1,1,2736000.0,2066289.0
2025-08-31,Thời trang,TP HCM,Cửa hàng,4,4,3558800.0,2652273.0
2025-08-31,Thời trang,TP HCM,Online,5,5,7796000.0,5552981.0
2025-08-31,Thời trang,Đà Nẵng,Cửa hàng,3,3,5176000.0,3603126.0
2025-08-31,Thời trang,Đà Nẵng,Online,3,3,2822000.0,2121903.0
2025-08-31,Thực phẩm,Cần Thơ,Cửa hàng,6,6,2713800.0,1959419.0
2025-08-31,Thực phẩm,Cần Thơ,Online,1,1,181000.0,130830.0
2025-08-31,Thực phẩm,Hà Nội,Cửa hàng,3,3,1006200.0,771613.0
2025-08-31,Thực phẩm,Hà Nội,Online,10,10,2707900.0,1933507.0
2025-08-31,Thực phẩm,Hải Phòng,Cửa hàng,4,4,772000.0,595855.0
2025-08-31,Thực phẩm,Hải Phòng,Online,5,5,2016300.0,1578475.0
2025-08-31,Thực phẩm,TP HCM,Cửa hàng,11,11,6034055.0,4223368.0
2025-08-31,Thực phẩm,TP HCM,Online,7,7,1667300.0,1168844.0
2025-08-31,Thực phẩm,Đà Nẵng,Cửa hàng,5,5,1888400.0,1355386.0
2025-08-31,Thực phẩm,Đà Nẵng,Online,6,5,1557100.0,1100337.0
2025-08-31,Điện tử,Cần Thơ,Online,6,6,11799600.0,8690457.0
2025-08-31,Điện tử,Hà Nội,Cửa hàng,6,6,10355100.0,7391138.0
2025-08-31,Điện tử,Hà Nội,Online,2,2,5596100.0,3680564.0
2025-08-31,Điện tử,Hải Phòng,Cửa hàng,2,2,4585900.0,3754318.0
2025-08-31,Điện tử,Hải Phòng,Online,1,1,4118250.0,2517691.0
2025-08-31,Điện tử,TP HCM,Cửa hàng,3,3,4328700.0,3033432.0
2025-08-31,Điện tử,TP HCM,Online,3,3,4115600.0,2887010.0
2025-08-31,Điện tử,Đà Nẵng,Cửa hàng,2,2,2205450.0,1570324.0
2025-08-31,Điện tử,Đà Nẵng,Online,2,2,4811400.0,3106844.0
2025-09-01,Gia dụng,Cần Thơ,Cửa hàng,2,2,1691950.0,1345410.0
2025-09-01,Gia dụng,Cần Thơ,Online,3,3,5236250.0,4091070.0
2025-09-01,Gia dụng,Hà Nội,Cửa hàng,8,8,10520200.0,7286268.0
2025-09-01,Gia dụng,Hà Nội,Online,4,4,7027500.0,4620582.0
2025-09-01,Gia dụng,Hải Phòng,Cửa hàng,3,3,6149000.0,3955703.0
2025-09-01,Gia dụng,Hải Phòng,Online,1,1,792000.0,520499.0
2025-09-01,Gia dụng,TP HCM,Cửa hàng,3,3,3954750.0,2735509.0
2025-09-01,Gia dụng,TP HCM,Online,4,4,3957200.0,3057478.0
2025-09-01,Gia dụng,Đà Nẵng,Cửa hàng,1,1,2845800.0,2373360.0
2025-09-01,Gia dụng,Đà Nẵng,Online,2,2,5194500.0,3700279.0
2025-09-01,Mỹ phẩm,Cần Thơ,Online,3,3,3521950.0,2405630.0
2025-09-01,Mỹ phẩm,Hà Nội,Cửa hàng,4,4,7552501.0,5350692.0
2025-09-01,Mỹ phẩm,Hà Nội,Online,5,5,5508750.0,3896383.0
2025-09-01,Mỹ phẩm,Hải Phòng,Online,2,2,1047000.0,689241.0
2025-09-01,Mỹ phẩm,TP HCM,Cửa hàng,2,2,898700.0,646991.0
2025-09-01,Mỹ phẩm,TP HCM,Online,3,3,3382000.0,2442635.0
2025-09-01,Mỹ phẩm,Đà Nẵng,Cửa hàng,2,2,1493700.0,1068317.0
2025-09-01,Mỹ phẩm,Đà Nẵng,Online,1,1,1373700.0,863978.0
2025-09-01,Sách,Cần Thơ,Cửa hàng,1,1,247000.0,177990.0
2025-09-01,Sách,Cần Thơ,Online,2,2,1573250.0,1151066.0
2025-09-01,Sách,Hà Nội,Cửa hàng,2,2,685100.0,537086.0
2025-09-01,Sách,Hải Phòng,Online,1,1,302400.0,219059.0
2025-09-01,Sách,TP HCM,Cửa hàng,5,5,1577400.0,1187828.0
2025-09-01,Sách,TP HCM,Online,8,8,2283550.0,1504821.0
2025-09-01,Sách,Đà Nẵng,Cửa hàng,1,1,155000.0,113558.0
2025-09-01,Sách,Đà Nẵng,Online,2,2,456700.0,366578.0
2025-09-01,Thời trang,Cần Thơ,Cửa hàng,1,1,792000.0,518661.0
2025-09-01,Thời trang,Cần Thơ,Online,2,2,2944600.0,2294351.0
2025-09-01,Thời trang,Hà Nội,Cửa hàng,3,3,7196000.0,5226805.0
2025-09-01,Thời trang,Hà Nội,Online,3,3,4428500.0,3209865.0
2025-09-01,Thời trang,Hải Phòng,Cửa hàng,2,2,2276450.0,1470876.0
2025-09-01,Thời trang,Hải Phòng,Online,3,3,3051500.0,2153744.0
2025-09-01,Thời trang,TP HCM,Cửa hàng,7,6,10077200.0,7313204.0
2025-09-01,Thời trang,TP HCM,Online,7,7,7429400.0,5205784.0
2025-09-01,Thời trang,Đà Nẵng,Cửa hàng,1,1,726000.0,537973.0
2025-09-01,Thời trang,Đà Nẵng,Online,3,3,3283700.0,2468056.0
2025-09-01,Thực phẩm,Cần Thơ,Cửa hàng,3,3,507900.0,330681.0
2025-09-01,Thực phẩm,Cần Thơ,Online,5,5,1573000.0,1202857.0
2025-09-01,Thực phẩm,Hà Nội,Cửa hàng,9,9,2243200.0,1613755.0
2025-09-01,Thực phẩm,Hà Nội,Online,6,6,2286800.0,1626534.0
2025-09-01,Thực phẩm,Hải Phòng,Cửa hàng,1,1,364000.0,228314.0
2025-09-01,Thực phẩm,TP HCM,Cửa hàng,8,8,4037800.0,2927184.0
2025-09-01,Thực phẩm,TP HCM,Online,11,11,2741250.0,1946018.0
2025-09-01,Thực phẩm,Đà Nẵng,Cửa hàng,2,2,769000.0,628978.0
2025-09-01,Thực phẩm,Đà Nẵng,Online,2,2,532000.0,376960.0
2025-09-01,Điện tử,Cần Thơ,Cửa hàng,2,2,4269000.0,2924104.0
2025-09-01,Điện tử,Cần Thơ,Online,1,1,2370000.0,1910955.0
2025-09-01,Điện tử,Hà Nội,Cửa hàng,7,7,16724800.0,11107880.0
2025-09-01,Điện tử,Hà Nội,Online,2,2,3204000.0,2277021.0
2025-09-01,Điện tử,Hải Phòng,Cửa hàng,3,3,5323300.0,4161545.0
2025-09-01,Điện tử,Hải Phòng,Online,5,5,7064100.0,5261401.0
2025-09-01,Điện tử,TP HCM,Cửa hàng,10,10,16342400.0,11374173.0
2025-09-01,Điện tử,TP HCM,Online,2,2,6729000.0,4870313.0
2025-09-01,Điện tử,Đà Nẵng,Online,3,3,3214000.0,2297949.0
2025-09-02,Gia dụng,Cần Thơ,Cửa hàng,3,3,2547050.0,1769383.0
2025-09-02,Gia dụng,Cần Thơ,Online,2,2,1582250.0,1134198.0
2025-09-02,Gia dụng,Hà Nội,Cửa hàng,6,6,7385200.0,5724713.0
2025-09-02,Gia dụng,Hà Nội,Online,7,7,6540600.0,4753798.0
2025-09-02,Gia dụng,Hải Phòng,Cửa hàng,1,1,10903139.0,7632197.0
2025-09-02,Gia dụng,Hải Phòng,Online,2,2,1434800.0,1005548.0
2025-09-02,Gia dụng,TP HCM,Cửa hàng,9,9,24786353.0,18450062.0
2025-09-02,Gia dụng,TP HCM,Online,6,6,4734650.0,3686039.0
2025-09-02,Gia dụng,Đà Nẵng,Cửa hàng,3,3,3427450.0,2366712.0
2025-09-02,Gia dụng,Đà Nẵng,Online,2,2,2223300.0,1545934.0
2025-09-02,Mỹ phẩm,Hà Nội,Cửa hàng,2,2,1852000.0,1498992.0
2025-09-02,Mỹ phẩm,Hà Nội,Online,2,2,1329100.0,838552.0
2025-09-02,Mỹ phẩm,Hải Phòng,Cửa hàng,1,1,829600.0,573788.0
2025-09-02,Mỹ phẩm,TP HCM,Cửa hàng,5,5,4312700.0,3038659.0
2025-09-02,Mỹ phẩm,TP HCM,Online,1,1,809400.0,578071.0
2025-09-02,Mỹ phẩm,Đà Nẵng,Cửa hàng,4,4,3704700.0,2785485.0
2025-09-02,Sách,Cần Thơ,Cửa hàng,1,1,320000.0,231809.0
2025-09-02,Sách,Cần Thơ,Online,3,3,448000.0,318406.0
2025-09-02,Sách,Hà Nội,Cửa hàng,3,3,380700.0,270941.0
2025-09-02,Sách,Hà Nội,Online,3,3,963800.0,749366.0
2025-09-02,Sách,Hải Phòng,Cửa hàng,1,1,247000.0,148462.0
2025-09-02,Sách,TP HCM,Cửa hàng,7,7,2225050.0,1656980.0
2025-09-02,Sách,TP HCM,Online,4,4,1537850.0,1166741.0
2025-09-02,Thời trang,Cần Thơ,Online,3,3,2842650.0,2042533.0
2025-09-02,Thời trang,Hà Nội,Cửa hàng,7,7,11773000.0,8473418.0
2025-09-02,Thời trang,Hà Nội,Online,3,3,2168000.0,1678935.0
2025-09-02,Thời trang,Hải Phòng,Cửa hàng,2,2,3551000.0,2607181.0
2025-09-02,Thời trang,TP HCM,Cửa hàng,9,9,10545000.0,7698683.0
2025-09-02,Thời trang,TP HCM,Online,1,1,809000.0,637545.0
2025-09-02,Thời trang,Đà Nẵng,Cửa hàng,2,2,2042800.0,1665515.0
2025-09-02,Thực phẩm,Cần Thơ,Cửa hàng,6,6,2159650.0,1495411.0
2025-09-02,Thực phẩm,Hà Nội,Cửa hàng,3,3,1626000.0,1127402.0
2025-09-02,Thực phẩm,Hà Nội,Online,5,5,1622850.0,1228920.0
2025-09-02,Thực phẩm,Hải Phòng,Cửa hàng,5,5,1455000.0,973990.0
2025-09-02,Thực phẩm,Hải Phòng,Online,3,3,1034000.0,757007.0
2025-09-02,Thực phẩm,TP HCM,Cửa hàng,8,8,2633400.0,1888328.0
2025-09-02,Thực phẩm,TP HCM,Online,10,10,2690000.0,1941945.0
2025-09-02,Thực phẩm,Đà Nẵng,Cửa hàng,2,2,763300.0,553150.0
2025-09-02,Thực phẩm,Đà Nẵng,Online,6,6,2552900.0,1763167.0
2025-09-02,Điện tử,Cần Thơ,Cửa hàng,2,2,5627100.0,4176031.0
2025-09-02,Điện tử,Cần Thơ,Online,3,3,3187000.0,2239414.0
2025-09-02,Điện tử,Hà Nội,Cửa hàng,5,5,5399500.0,4163949.0
2025-09-02,Điện tử,Hà Nội,Online,2,2,4241900.0,3070200.0
2025-09-02,Điện tử,Hải Phòng,Cửa hàng,3,3,5947300.0,4635389.0
2025-09-02,Điện tử,Hải Phòng,Online,3,3,3269700.0,2530590.0
2025-09-02,Điện tử,TP HCM,Cửa hàng,4,4,7794800.0,6015132.0
2025-09-02,Điện tử,TP HCM,Online,7,7,15074400.0,10465409.0
2025-09-02,Điện tử,Đà Nẵng,Cửa hàng,4,4,8196550.0,5902514.0
2025-09-03,Gia dụng,Cần Thơ,Cửa hàng,3,3,3383700.0,2356002.0
2025-09-03,Gia dụng,Cần Thơ,Online,4,4,6237100.0,4291098.0
2025-09-03,Gia dụng,Hà Nội,Cửa hàng,5,5,24953980.0,18447245.0
2025-09-03,Gia dụng,Hà Nội,Online,3,3,4138950.0,3024618.0
2025-09-03,Gia dụng,Hải Phòng,Cửa hàng,3,3,2999900.0,2252998.0
2025-09-03,Gia dụng,Hải Phòng,Online,3,3,9097700.0,6261395.0
2025-09-03,Gia dụng,TP HCM,Cửa hàng,9,9,13797500.0,10232174.0
2025-09-03,Gia dụng,TP HCM,Online,11,11,12059200.0,8750135.0
2025-09-03,Gia dụng,Đà Nẵng,Cửa hàng,1,1,804000.0,676290.0
2025-09-03,Gia dụng,Đà Nẵng,Online,3,3,3219000.0,2431344.0
2025-09-03,Mỹ phẩm,Cần Thơ,Cửa hàng,1,1,854000.0,539218.0
2025-09-03,Mỹ phẩm,Cần Thơ,Online,1,1,1708000.0,1035341.0
2025-09-03,Mỹ phẩm,Hà Nội,Cửa hàng,1,1,1305000.0,1016065.0
2025-09-03,Mỹ phẩm,Hà Nội,Online,3,3,2970450.0,2158971.0
2025-09-03,Mỹ phẩm,Hải Phòng,Online,1,1,548000.0,385032.0
2025-09-03,Mỹ phẩm,TP HCM,Cửa hàng,3,3,1518000.0,1087124.0
2025-09-03,Mỹ phẩm,TP HCM,Online,2,2,1750050.0,1162079.0
2025-09-03,Mỹ phẩm,Đà Nẵng,Cửa hàng,3,3,3131550.0,2248463.0
2025-09-03,Mỹ phẩm,Đà Nẵng,Online,1,1,516000.0,416567.0
2025-09-03,Sách,Cần Thơ,Online,4,4,692650.0,503560.0
2025-09-03,Sách,Hà Nội,Cửa hàng,5,5,1092400.0,817734.0
2025-09-03,Sách,Hà Nội,Online,3,3,424900.0,307799.0
2025-09-03,Sách,Hải Phòng,Online,1,1,146200.0,105908.0
2025-09-03,Sách,TP HCM,Cửa hàng,5,5,1211050.0,853248.0
2025-09-03,Sách,TP HCM,Online,3,3,457500.0,316950.0
2025-09-03,Sách,Đà Nẵng,Cửa hàng,2,2,253800.0,194451.0
2025-09-03,Thời trang,Cần Thơ,Cửa hàng,3,3,5370000.0,3874663.0
2025-09-03,Thời trang,Cần Thơ,Online,4,4,5680400.0,4066191.0
2025-09-03,Thời trang,Hà Nội,Cửa hàng,2,2,2177200.0,1716406.0
2025-09-03,Thời trang,Hà Nội,Online,4,4,3512550.0,2581324.0
2025-09-03,Thời trang,Hải Phòng,Cửa hàng,1,1,1670000.0,1221976.0
2025-09-03,Thời trang,Hải Phòng,Online,1,1,1338000.0,841502.0
2025-09-03,Thời trang,TP HCM,Cửa hàng,2,2,4778500.0,3359790.0
2025-09-03,Thời trang,TP HCM,Online,1,1,582300.0,442883.0
2025-09-03,Thời trang,Đà Nẵng,Cửa hàng,1,1,573750.0,422546.0
2025-09-03,Thực phẩm,Cần Thơ,Cửa hàng,2,2,956600.0,636545.0
2025-09-03,Thực phẩm,Cần Thơ,Online,2,2,334000.0,241421.0
2025-09-03,Thực phẩm,Hà Nội,Cửa hàng,6,6,1987050.0,1398481.0
2025-09-03,Thực phẩm,Hà Nội,Online,7,7,1315500.0,929622.0
2025-09-03,Thực phẩm,Hải Phòng,Cửa hàng,4,4,1376900.0,951457.0
2025-09-03,Thực phẩm,Hải Phòng,Online,4,4,1370550.0,970254.0
2025-09-03,Thực phẩm,TP HCM,Cửa hàng,12,12,3488000.0,2473948.0
2025-09-03,Thực phẩm,TP HCM,Online,18,17,4505550.0,3265122.0
2025-09-03,Thực phẩm,Đà Nẵng,Cửa hàng,1,1,312000.0,209876.0
2025-09-03,Thực phẩm,Đà Nẵng,Online,6,6,1505650.0,1075837.0
2025-09-03,Điện tử,Cần Thơ,Cửa hàng,1,1,959000.0,690879.0
2025-09-03,Điện tử,Cần Thơ,Online,5,5,12091450.0,8891001.0
2025-09-03,Điện tử,Hà Nội,Cửa hàng,2,2,2216000.0,1583184.0
2025-09-03,Điện tử,Hà Nội,Online,3,3,8458900.0,5369000.0
2025-09-03,Điện tử,Hải Phòng,Cửa hàng,1,1,18879604.0,13215723.0
2025-09-03,Điện tử,Hải Phòng,Online,3,3,5503900.0,3919513.0
2025-09-03,Điện tử,TP HCM,Cửa hàng,4,4,9996300.0,7367214.0
2025-09-03,Điện tử,TP HCM,Online,3,3,4369800.0,3269489.0
2025-09-03,Điện tử,Đà Nẵng,Cửa hàng,2,2,3048000.0,2363692.0
2025-09-04,Gia dụng,Cần Thơ,Online,3,3,3752000.0,2497878.0
2025-09-04,Gia dụng,Hà Nội,Cửa hàng,4,4,9596000.0,6406093.0
2025-09-04,Gia dụng,Hà Nội,Online,2,2,15604745.0,10962126.0
2025-09-04,Gia dụng,Hải Phòng,Cửa hàng,3,3,4139000.0,3142416.0
2025-09-04,Gia dụng,Hải Phòng,Online,1,1,660450.0,476307.0
2025-09-04,Gia dụng,TP HCM,Cửa hàng,5,5,6407350.0,4754056.0
2025-09-04,Gia dụng,TP HCM,Online,6,6,8018500.0,5685584.0
2025-09-04,Gia dụng,Đà Nẵng,Cửa hàng,3,3,3442500.0,2329246.0
2025-09-04,Gia dụng,Đà Nẵng,Online,5,5,17997731.0,13103447.0
2025-09-04,Mỹ phẩm,Cần Thơ,Online,2,2,2977650.0,2159901.0
2025-09-04,Mỹ phẩm,Hà Nội,Cửa hàng,2,2,2676000.0,2223567.0
2025-09-04,Mỹ phẩm,Hà Nội,Online,1,1,2650000.0,2177748.0
2025-09-04,Mỹ phẩm,Hải Phòng,Cửa hàng,3,3,2969500.0,2242333.0
2025-09-04,Mỹ phẩm,TP HCM,Cửa hàng,2,2,1024000.0,771335.0
2025-09-04,Mỹ phẩm,TP HCM,Online,1,1,346800.0,248667.0
2025-09-04,Mỹ phẩm,Đà Nẵng,Cửa hàng,1,1,1048050.0,797983.0
2025-09-04,Mỹ phẩm,Đà Nẵng,Online,3,3,2552000.0,2014383.0
2025-09-04,Sách,Cần Thơ,Cửa hàng,1,1,153000.0,127459.0
2025-09-04,Sách,Cần Thơ,Online,1,1,243200.0,192975.0
2025-09-04,Sách,Hà Nội,Cửa hàng,3,3,631850.0,482058.0
2025-09-04,Sách,Hải Phòng,Online,1,1,540000.0,440284.0
2025-09-04,Sách,TP HCM,Cửa hàng,2,2,453000.0,347676.0
2025-09-04,Sách,TP HCM,Online,4,4,1288200.0,958095.0
2025-09-04,Sách,Đà Nẵng,Cửa hàng,2,2,365200.0,284520.0
2025-09-04,Sách,Đà Nẵng,Online,1,1,274000.0,168483.0
2025-09-04,Thời trang,Cần Thơ,Cửa hàng,1,1,803000.0,524876.0
2025-09-04,Thời trang,Cần Thơ,Online,1,1,711000.0,579885.0
2025-09-04,Thời trang,Hà Nội,Cửa hàng,5,5,6292600.0,4773185.0
2025-09-04,Thời trang,Hà Nội,Online,6,6,20443458.0,14712371.0
2025-09-04,Thời trang,Hải Phòng,Cửa hàng,2,2,4083000.0,3010915.0
2025-09-04,Thời trang,Hải Phòng,Online,2,2,3312200.0,2396566.0
2025-09-04,Thời trang,TP HCM,Cửa hàng,3,2,4318900.0,3532797.0
2025-09-04,Thời trang,TP HCM,Online,3,3,9138000.0,6534271.0
2025-09-04,Thời trang,Đà Nẵng,Cửa hàng,2,2,3204000.0,2335340.0
2025-09-04,Thời trang,Đà Nẵng,Online,4,4,5179650.0,3582931.0
2025-09-04,Thực phẩm,Cần Thơ,Cửa hàng,3,3,951100.0,707020.0
2025-09-04,Thực phẩm,Cần Thơ,Online,3,3,676300.0,504314.0
2025-09-04,Thực phẩm,Hà Nội,Cửa hàng,9,9,3305150.0,2494346.0
2025-09-04,Thực phẩm,Hà Nội,Online,4,4,897000.0,678419.0
2025-09-04,Thực phẩm,Hải Phòng,Cửa hàng,2,2,974000.0,698774.0
2025-09-04,Thực phẩm,Hải Phòng,Online,3,3,720700.0,553843.0
2025-09-04,Thực phẩm,TP HCM,Cửa hàng,9,9,2907300.0,2087122.0
2025-09-04,Thực phẩm,TP HCM,Online,4,4,1994500.0,1573881.0
2025-09-04,Thực phẩm,Đà Nẵng,Cửa hàng,4,4,1240800.0,908050.0
2025-09-04,Thực phẩm,Đà Nẵng,Online,4,4,1411200.0,1038575.0
2025-09-04,Điện tử,Cần Thơ,Cửa hàng,5,5,13601600.0,9363182.0
2025-09-04,Điện tử,Cần Thơ,Online,2,2,4238100.0,3020563.0
2025-09-04,Điện tử,Hà Nội,Cửa hàng,6,6,14917400.0,10420561.0
2025-09-04,Điện tử,Hà Nội,Online,6,6,9037200.0,6445239.0
2025-09-04,Điện tử,Hải Phòng,Cửa hàng,1,1,3898800.0,3082880.0
2025-09-04,Điện tử,Hải Phòng,Online,2,2,4273050.0,3417281.0
2025-09-04,Điện tử,TP HCM,Cửa hàng,6,6,7508100.0,5417987.0
2025-09-04,Điện tử,TP HCM,Online,4,4,4317500.0,3100133.0
2025-09-04,Điện tử,Đà Nẵng,Cửa hàng,3,3,2985050.0,2247517.0
2025-09-04,Điện tử,Đà Nẵng,Online,4,4,4490750.0,2979797.0
2025-09-05,Gia dụng,Cần Thơ,Cửa hàng,1,1,786600.0,663307.0
2025-09-05,Gia dụng,Hà Nội,Cửa hàng,5,5,5659800.0,4095580.0
2025-09-05,Gia dụng,Hải Phòng,Cửa hàng,5,5,4256000.0,3415333.0
2025-09-05,Gia dụng,Hải Phòng,Online,6,6,9360700.0,7025412.0
2025-09-05,Gia dụng,TP HCM,Cửa hàng,9,9,16350450.0,11952163.0
2025-09-05,Gia dụng,TP HCM,Online,4,4,9233100.0,6708110.0
2025-09-05,Gia dụng,Đà Nẵng,Online,3,3,10814000.0,8299264.0
2025-09-05,Mỹ phẩm,Cần Thơ,Cửa hàng,3,3,3346050.0,2293325.0
2025-09-05,Mỹ phẩm,Hà Nội,Cửa hàng,2,2,918000.0,648789.0
2025-09-05,Mỹ phẩm,Hà Nội,Online,2,2,2114700.0,1337562.0
2025-09-05,Mỹ phẩm,Hải Phòng,Cửa hàng,1,1,518000.0,417407.0
2025-09-05,Mỹ phẩm,Hải Phòng,Online,2,2,1399000.0,1070021.0
2025-09-05,Mỹ phẩm,TP HCM,Cửa hàng,1,1,872000.0,617245.0
2025-09-05,Mỹ phẩm,TP HCM,Online,4,4,3916400.0,2947670.0
2025-09-05,Mỹ phẩm,Đà Nẵng,Online,1,1,437000.0,315621.0
2025-09-05,Sách,Cần Thơ,Online,1,1,133000.0,106331.0
2025-09-05,Sách,Hà Nội,Cửa hàng,5,5,881200.0,617427.0
2025-09-05,Sách,Hà Nội,Online,3,3,604600.0,416028.0
2025-09-05,Sách,Hải Phòng,Cửa hàng,1,1,130000.0,93875.0
2025-09-05,Sách,TP HCM,Cửa hàng,7,7,1143650.0,796694.0
2025-09-05,Sách,TP HCM,Online,4,4,1012000.0,672022.0
2025-09-05,Sách,Đà Nẵng,Cửa hàng,3,3,1061050.0,765924.0
2025-09-05,Sách,Đà Nẵng,Online,1,1,312000.0,210111.0
2025-09-05,Thời trang,Cần Thơ,Cửa hàng,2,2,1466900.0,1040100.0
2025-09-05,Thời trang,Cần Thơ,Online,1,1,1980750.0,1536022.0
2025-09-05,Thời trang,Hà Nội,Cửa hàng,3,3,3044550.0,2239299.0
2025-09-05,Thời trang,Hà Nội,Online,5,5,4022700.0,2902392.0
2025-09-05,Thời trang,Hải Phòng,Cửa hàng,2,2,3124500.0,2080892.0
2025-09-05,Thời trang,TP HCM,Cửa hàng,4,4,3762650.0,2712711.0
2025-09-05,Thời trang,TP HCM,Online,4,4,4769500.0,3559913.0
2025-09-05,Thời trang,Đà Nẵng,Online,1,1,1312900.0,894099.0
2025-09-05,Thực phẩm,Cần Thơ,Cửa hàng,4,4,1222800.0,906063.0
2025-09-05,Thực phẩm,Cần Thơ,Online,6,6,1569250.0,1116793.0
2025-09-05,Thực phẩm,Hà Nội,Cửa hàng,9,9,1937300.0,1360955.0
2025-09-05,Thực phẩm,Hà Nội,Online,8,8,2580900.0,1978690.0
2025-09-05,Thực phẩm,Hải Phòng,Cửa hàng,3,3,712200.0,538529.0
2025-09-05,Thực phẩm,Hải Phòng,Online,4,4,1114050.0,806755.0
2025-09-05,Thực phẩm,TP HCM,Cửa hàng,20,20,5545600.0,3871914.0
2025-09-05,Thực phẩm,TP HCM,Online,13,13,4436750.0,3214791.0
2025-09-05,Thực phẩm,Đà Nẵng,Online,1,1,191000.0,126619.0
2025-09-05,Điện tử,Cần Thơ,Cửa hàng,3,3,4374300.0,3307540.0
2025-09-05,Điện tử,Cần Thơ,Online,1,1,3405000.0,2464469.0
2025-09-05,Điện tử,Hà Nội,Cửa hàng,6,6,10622400.0,7619788.0
2025-09-05,Điện tử,Hà Nội,Online,7,7,12432200.0,9441213.0
2025-09-05,Điện tử,Hải Phòng,Online,1,1,1033000.0,704845.0
2025-09-05,Điện tử,TP HCM,Cửa hàng,7,7,12356800.0,9360638.0
2025-09-05,Điện tử,TP HCM,Online,7,7,13363450.0,9633607.0
2025-09-05,Điện tử,Đà Nẵng,Cửa hàng,1,1,2322000.0,1572229.0
2025-09-05,Điện tử,Đà Nẵng,Online,2,2,4773800.0,2949646.0
2025-09-06,Gia dụng,Hà Nội,Cửa hàng,6,6,7027250.0,5130408.0
2025-09-06,Gia dụng,Hà Nội,Online,3,3,7250550.0,5193755.0
2025-09-06,Gia dụng,Hải Phòng,Cửa hàng,2,2,3795000.0,2953106.0
2025-09-06,Gia dụng,Hải Phòng,Online,3,3,2685000.0,1755430.0
2025-09-06,Gia dụng,TP HCM,Cửa hàng,2,2,1764400.0,1126004.0
2025-09-06,Gia dụng,TP HCM,Online,2,2,1670200.0,1328140.0
2025-09-06,Gia dụng,Đà Nẵng,Cửa hàng,4,4,6449600.0,4918940.0
2025-09-06,Gia dụng,Đà Nẵng,Online,1,1,717250.0,512675.0
2025-09-06,Mỹ phẩm,Cần Thơ,Cửa hàng,1,1,1578000.0,1289811.0
2025-09-06,Mỹ phẩm,Cần Thơ,Online,3,3,1973000.0,1469418.0
2025-09-06,Mỹ phẩm,Hà Nội,Cửa hàng,5,5,3420400.0,2391281.0
2025-09-06,Mỹ phẩm,Hà Nội,Online,4,4,2998050.0,2182454.0
2025-09-06,Mỹ phẩm,Hải Phòng,Cửa hàng,1,1,473400.0,355722.0
2025-09-06,Mỹ phẩm,Hải Phòng,Online,1,1,478800.0,395746.0
2025-09-06,Mỹ phẩm,TP HCM,Cửa hàng,4,4,5631000.0,4083855.0
2025-09-06,Mỹ phẩm,TP HCM,Online,3,3,1980950.0,1419824.0
2025-09-06,Mỹ phẩm,Đà Nẵng,Cửa hàng,1,1,446400.0,280201.0
2025-09-06,Sách,Cần Thơ,Online,2,2,686450.0,505983.0
2025-09-06,Sách,Hà Nội,Cửa hàng,5,5,1360250.0,968239.0
2025-09-06,Sách,Hà Nội,Online,6,6,1055150.0,783935.0
2025-09-06,Sách,Hải Phòng,Cửa hàng,2,2,775250.0,497206.0
2025-09-06,Sách,Hải Phòng,Online,4,4,1216400.0,866280.0
2025-09-06,Sách,TP HCM,Cửa hàng,4,4,3604460.0,2555874.0
2025-09-06,Sách,TP HCM,Online,4,4,864650.0,549058.0
2025-09-06,Sách,Đà Nẵng,Cửa hàng,1,1,390000.0,301774.0
2025-09-06,Sách,Đà Nẵng,Online,1,1,660000.0,478106.0
2025-09-06,Thời trang,Cần Thơ,Cửa hàng,3,3,2738500.0,1980531.0
2025-09-06,Thời trang,Hà Nội,Cửa hàng,3,3,3728700.0,2639514.0
2025-09-06,Thời trang,Hà Nội,Online,4,4,2979900.0,2172109.0
2025-09-06,Thời trang,Hải Phòng,Cửa hàng,3,3,3901100.0,2843178.0
2025-09-06,Thời trang,Hải Phòng,Online,2,2,3784600.0,2803939.0
2025-09-06,Thời trang,TP HCM,Cửa hàng,5,5,8936900.0,6468907.0
2025-09-06,Thời trang,TP HCM,Online,4,4,6195400.0,4519503.0
2025-09-06,Thời trang,Đà Nẵng,Cửa hàng,4,4,9296600.0,6948863.0
2025-09-06,Thời trang,Đà Nẵng,Online,2,2,2235600.0,1534235.0
2025-09-06,Thực phẩm,Cần Thơ,Cửa hàng,3,3,673350.0,473019.0
2025-09-06,Thực phẩm,Cần Thơ,Online,3,3,1144000.0,785540.0
2025-09-06,Thực phẩm,Hà Nội,Cửa hàng,13,13,4179450.0,2941980.0
2025-09-06,Thực phẩm,Hà Nội,Online,7,7,1907100.0,1316156.0
2025-09-06,Thực phẩm,Hải Phòng,Cửa hàng,3,3,1082400.0,742415.0
2025-09-06,Thực phẩm,Hải Phòng,Online,2,2,536000.0,400568.0
2025-09-06,Thực phẩm,TP HCM,Cửa hàng,4,4,823800.0,584393.0
2025-09-06,Thực phẩm,TP HCM,Online,9,9,6257763.0,4340176.0
2025-09-06,Thực phẩm,Đà Nẵng,Cửa hàng,4,4,3881895.0,2756333.0
2025-09-06,Thực phẩm,Đà Nẵng,Online,2,2,521400.0,376876.0
2025-09-06,Điện tử,Cần Thơ,Cửa hàng,3,3,3510800.0,2666190.0
2025-09-06,Điện tử,Cần Thơ,Online,3,3,8766400.0,6630645.0
2025-09-06,Điện tử,Hà Nội,Cửa hàng,9,9,16674100.0,12424396.0
2025-09-06,Điện tử,Hà Nội,Online,2,2,3155600.0,1954090.0
2025-09-06,Điện tử,Hải Phòng,Online,2,2,1942800.0,1406762.0
2025-09-06,Điện tử,TP HCM,Cửa hàng,7,7,11915100.0,9177349.0
2025-09-06,Điện tử,TP HCM,Online,1,1,1944000.0,1232248.0
2025-09-06,Điện tử,Đà Nẵng,Cửa hàng,3,3,3287850.0,2199223.0
2025-09-06,Điện tử,Đà Nẵng,Online,1,1,1238000.0,800442.0
2025-09-07,Gia dụng,Cần Thơ,Cửa hàng,2,2,2816000.0,2341482.0
2025-09-07,Gia dụng,Cần Thơ,Online,3,3,4438400.0,3304327.0
2025-09-07,Gia dụng,Hà Nội,Cửa hàng,3,3,7328100.0,5282805.0
2025-09-07,Gia dụng,Hà Nội,Online,2,2,1804000.0,1294152.0
2025-09-07,Gia dụng,Hải Phòng,Cửa hàng,1,1,769250.0,555944.0
2025-09-07,Gia dụng,Hải Phòng,Online,3,3,5319000.0,4004960.0
2025-09-07,Gia dụng,TP HCM,Cửa hàng,4,4,4706900.0,3521274.0
2025-09-07,Gia dụng,TP HCM,Online,4,4,6108000.0,4169831.0
2025-09-07,Gia dụng,Đà Nẵng,Cửa hàng,4,4,6956000.0,5442377.0
2025-09-07,Gia dụng,Đà Nẵng,Online,1,1,1538500.0,1168952.0
2025-09-07,Mỹ phẩm,Cần Thơ,Cửa hàng,3,3,2308400.0,1649814.0
2025-09-07,Mỹ phẩm,Hà Nội,Cửa hàng,2,2,933000.0,687440.0
2025-09-07,Mỹ phẩm,Hà Nội,Online,4,4,2016100.0,1527181.0
2025-09-07,Mỹ phẩm,Hải Phòng,Cửa hàng,2,2,1220250.0,951207.0
2025-09-07,Mỹ phẩm,TP HCM,Cửa hàng,4,4,2958950.0,2066238.0
2025-09-07,Mỹ phẩm,TP HCM,Online,2,2,1041000.0,713834.0
2025-09-07,Sách,Cần Thơ,Online,2,2,548000.0,368776.0
2025-09-07,Sách,Hà Nội,Cửa hàng,6,6,1022700.0,730664.0
2025-09-07,Sách,Hà Nội,Online,5,5,1147050.0,790495.0
2025-09-07,Sách,Hải Phòng,Cửa hàng,3,3,1230300.0,795394.0
2025-09-07,Sách,TP HCM,Cửa hàng,6,6,1608900.0,1254102.0
2025-09-07,Sách,TP HCM,Online,4,4,845600.0,628057.0
2025-09-07,Sách,Đà Nẵng,Cửa hàng,1,1,153000.0,103617.0
2025-09-07,Sách,Đà Nẵng,Online,1,1,157000.0,113731.0
2025-09-07,Thời trang,Cần Thơ,Cửa hàng,2,2,2786000.0,2129892.0
2025-09-07,Thời trang,Cần Thơ,Online,3,3,5846000.0,4206723.0
2025-09-07,Thời trang,Hà Nội,Cửa hàng,4,4,4668550.0,3272982.0
2025-09-07,Thời trang,Hà Nội,Online,3,3,4520000.0,3160817.0
2025-09-07,Thời trang,Hải Phòng,Online,1,1,1383800.0,1157340.0
2025-09-07,Thời trang,TP HCM,Cửa hàng,3,3,4883000.0,3565680.0
2025-09-07,Thời trang,TP HCM,Online,4,4,8436000.0,5425118.0
2025-09-07,Thời trang,Đà Nẵng,Cửa hàng,1,1,3173000.0,1910780.0
2025-09-07,Thời trang,Đà Nẵng,Online,2,2,3346000.0,2483096.0
2025-09-07,Thực phẩm,Cần Thơ,Cửa hàng,1,1,195000.0,159686.0
2025-09-07,Thực phẩm,Cần Thơ,Online,3,3,984500.0,659152.0
2025-09-07,Thực phẩm,Hà Nội,Cửa hàng,9,9,2748150.0,1963324.0
2025-09-07,Thực phẩm,Hà Nội,Online,8,8,3456500.0,2416371.0
2025-09-07,Thực phẩm,Hải Phòng,Cửa hàng,3,3,1226400.0,834217.0
2025-09-07,Thực phẩm,Hải Phòng,Online,2,2,684000.0,471043.0
2025-09-07,Thực phẩm,TP HCM,Cửa hàng,13,13,5184450.0,3754230.0
2025-09-07,Thực phẩm,TP HCM,Online,9,9,2177800.0,1618048.0
2025-09-07,Thực phẩm,Đà Nẵng,Cửa hàng,5,5,1968800.0,1394926.0
2025-09-07,Thực phẩm,Đà Nẵng,Online,1,1,356000.0,257323.0
2025-09-07,Điện tử,Cần Thơ,Online,1,1,1052000.0,637531.0
2025-09-07,Điện tử,Hà Nội,Cửa hàng,5,5,15318441.0,10864841.0
2025-09-07,Điện tử,Hà Nội,Online,2,2,2207800.0,1697102.0
2025-09-07,Điện tử,Hải Phòng,Cửa hàng,2,2,4177200.0,3169306.0
2025-09-07,Điện tử,Hải Phòng,Online,2,2,3676000.0,2937450.0
2025-09-07,Điện tử,TP HCM,Cửa hàng,15,15,24612650.0,17912447.0
2025-09-07,Điện tử,TP HCM,Online,4,4,9446900.0,6895998.0
2025-09-07,Điện tử,Đà Nẵng,Cửa hàng,3,3,7425250.0,4763093.0
2025-09-07,Điện tử,Đà Nẵng,Online,1,1,3599550.0,2605281.0
2025-09-08,Gia dụng,Cần Thơ,Online,1,1,1830000.0,1398141.0
2025-09-08,Gia dụng,Hà Nội,Cửa hàng,9,9,26802651.0,18609952.0
2025-09-08,Gia dụng,Hà Nội,Online,3,3,5341300.0,4042990.0
2025-09-08,Gia dụng,Hải Phòng,Cửa hàng,1,1,768550.0,559655.0
2025-09-08,Gia dụng,Hải Phòng,Online,2,2,3478200.0,2630120.0
2025-09-08,Gia dụng,TP HCM,Cửa hàng,5,5,7619150.0,5127930.0
2025-09-08,Gia dụng,TP HCM,Online,4,4,7638200.0,5095233.0
2025-09-08,Gia dụng,Đà Nẵng,Cửa hàng,2,2,2251300.0,1412324.0
2025-09-08,Gia dụng,Đà Nẵng,Online,1,1,835000.0,578475.0
2025-09-08,Mỹ phẩm,Hà Nội,Cửa hàng,6,6,6212800.0,4166196.0
2025-09-08,Mỹ phẩm,Hà Nội,Online,3,3,2865100.0,2037895.0
2025-09-08,Mỹ phẩm,Hải Phòng,Cửa hàng,2,2,814400.0,568802.0
2025-09-08,Mỹ phẩm,Hải Phòng,Online,1,1,1428000.0,1169740.0
2025-09-08,Mỹ phẩm,TP HCM,Cửa hàng,4,4,4598500.0,3587370.0
2025-09-08,Mỹ phẩm,TP HCM,Online,4,4,2411950.0,1835022.0
2025-09-08,Mỹ phẩm,Đà Nẵng,Cửa hàng,1,1,425000.0,349954.0
2025-09-08,Mỹ phẩm,Đà Nẵng,Online,1,1,405000.0,303973.0
2025-09-08,Sách,Cần Thơ,Cửa hàng,3,3,1016550.0,706142.0
2025-09-08,Sách,Cần Thơ,Online,1,1,167000.0,112205.0
2025-09-08,Sách,Hà Nội,Cửa hàng,7,7,1695450.0,1242088.0
2025-09-08,Sách,Hà Nội,Online,6,6,1543950.0,1076980.0
2025-09-08,Sách,Hải Phòng,Cửa hàng,1,1,139000.0,88037.0
2025-09-08,Sách,TP HCM,Cửa hàng,6,6,1821500.0,1278168.0
2025-09-08,Sách,Đà Nẵng,Cửa hàng,3,3,554650.0,404950.0
2025-09-08,Sách,Đà Nẵng,Online,1,1,164000.0,105039.0
2025-09-08,Thời trang,Hà Nội,Cửa hàng,3,3,2086000.0,1599744.0
2025-09-08,Thời trang,Hà Nội,Online,1,1,1235000.0,955571.0
2025-09-08,Thời trang,Hải Phòng,Cửa hàng,4,4,4572600.0,3101302.0
2025-09-08,Thời trang,Hải Phòng,Online,1,1,673550.0,430891.0
2025-09-08,Thời trang,TP HCM,Cửa hàng,2,2,2186000.0,1621479.0
2025-09-08,Thời trang,TP HCM,Online,4,4,3491100.0,2314763.0
2025-09-08,Thời trang,Đà Nẵng,Cửa hàng,2,2,3344000.0,2168479.0
2025-09-08,Thời trang,Đà Nẵng,Online,2,2,4961000.0,3131973.0
2025-09-08,Thực phẩm,Cần Thơ,Cửa hàng,2,2,557000.0,423897.0
2025-09-08,Thực phẩm,Cần Thơ,Online,3,3,854400.0,590422.0
2025-09-08,Thực phẩm,Hà Nội,Cửa hàng,5,5,2142400.0,1538880.0
2025-09-08,Thực phẩm,Hà Nội,Online,9,9,2831700.0,2031184.0
2025-09-08,Thực phẩm,Hải Phòng,Cửa hàng,6,6,2475100.0,1681183.0
2025-09-08,Thực phẩm,Hải Phòng,Online,3,3,1539000.0,1012482.0
2025-09-08,Thực phẩm,TP HCM,Cửa hàng,10,10,2906050.0,2080144.0
2025-09-08,Thực phẩm,TP HCM,Online,13,13,3681300.0,2638976.0
2025-09-08,Thực phẩm,Đà Nẵng,Cửa hàng,8,8,2104950.0,1535181.0
2025-09-08,Thực phẩm,Đà Nẵng,Online,2,2,398000.0,263403.0
2025-09-08,Điện tử,Cần Thơ,Cửa hàng,4,4,5879650.0,4233465.0
2025-09-08,Điện tử,Cần Thơ,Online,2,2,3270300.0,2465603.0
2025-09-08,Điện tử,Hà Nội,Cửa hàng,9,9,14411000.0,10358186.0
2025-09-08,Điện tử,Hà Nội,Online,6,6,16615900.0,11712812.0
2025-09-08,Điện tử,TP HCM,Cửa hàng,5,5,6004250.0,4283238.0
2025-09-08,Điện tử,TP HCM,Online,4,4,25906910.0,18486662.0
2025-09-08,Điện tử,Đà Nẵng,Cửa hàng,2,2,3091500.0,2342603.0
2025-09-08,Điện tử,Đà Nẵng,Online,3,3,8931750.0,6349454.0
2025-09-09,Gia dụng,Cần Thơ,Cửa hàng,1,1,1500000.0,1155932.0
2025-09-09,Gia dụng,Cần Thơ,Online,2,2,3055000.0,2479343.0
2025-09-09,Gia dụng,Hà Nội,Cửa hàng,2,2,1634000.0,1241697.0
2025-09-09,Gia dụng,Hà Nội,Online,5,5,5045800.0,3954704.0
2025-09-09,Gia dụng,Hải Phòng,Cửa hàng,2,2,3096000.0,2263713.0
2025-09-09,Gia dụng,Hải Phòng,Online,4,4,3239300.0,2408094.0
2025-09-09,Gia dụng,TP HCM,Cửa hàng,4,4,7222400.0,4867002.0
2025-09-09,Gia dụng,TP HCM,Online,3,3,2913050.0,2175802.0
2025-09-09,Gia dụng,Đà Nẵng,Cửa hàng,3,3,2562000.0,2004529.0
2025-09-09,Gia dụng,Đà Nẵng,Online,2,2,3454200.0,2353126.0
2025-09-09,Mỹ phẩm,Cần Thơ,Cửa hàng,1,1,1374450.0,1062848.0
2025-09-09,Mỹ phẩm,Cần Thơ,Online,2,2,3102000.0,2395566.0
2025-09-09,Mỹ phẩm,Hà Nội,Cửa hàng,6,5,3135800.0,2211378.0
2025-09-09,Mỹ phẩm,Hà Nội,Online,2,2,1007000.0,751797.0
2025-09-09,Mỹ phẩm,Hải Phòng,Online,1,1,954000.0,777119.0
2025-09-09,Mỹ phẩm,TP HCM,Cửa hàng,4,4,3264100.0,2229318.0
2025-09-09,Mỹ phẩm,TP HCM,Online,4,4,3812200.0,2858309.0
2025-09-09,Mỹ phẩm,Đà Nẵng,Cửa hàng,1,1,1879200.0,1268607.0
2025-09-09,Sách,Cần Thơ,Cửa hàng,1,1,162450.0,107458.0
2025-09-09,Sách,Cần Thơ,Online,1,1,135000.0,111302.0
2025-09-09,Sách,Hà Nội,Cửa hàng,1,1,143000.0,98533.0
2025-09-09,Sách,Hà Nội,Online,6,6,1319250.0,947196.0
2025-09-09,Sách,Hải Phòng,Cửa hàng,1,1,132000.0,103739.0
2025-09-09,Sách,Hải Phòng,Online,2,2,484000.0,345757.0
2025-09-09,Sách,TP HCM,Cửa hàng,5,5,1445750.0,1046869.0
2025-09-09,Sách,TP HCM,Online,3,3,616250.0,425418.0
2025-09-09,Sách,Đà Nẵng,Online,1,1,262000.0,189793.0
2025-09-09,Thời trang,Cần Thơ,Cửa hàng,3,3,2296350.0,1742099.0
2025-09-09,Thời trang,Cần Thơ,Online,1,1,748800.0,520995.0
2025-09-09,Thời trang,Hà Nội,Cửa hàng,3,3,2856050.0,2207623.0
2025-09-09,Thời trang,Hà Nội,Online,6,6,9197350.0,6964803.0
2025-09-09,Thời trang,Hải Phòng,Online,1,1,722000.0,605547.0
2025-09-09,Thời trang,TP HCM,Cửa hàng,7,7,11688050.0,8949326.0
2025-09-09,Thời trang,TP HCM,Online,5,5,5603200.0,3864754.0
2025-09-09,Thời trang,Đà Nẵng,Cửa hàng,2,2,2727000.0,2052698.0
2025-09-09,Thời trang,Đà Nẵng,Online,5,5,6784200.0,4893625.0
2025-09-09,Thực phẩm,Cần Thơ,Cửa hàng,6,6,1555000.0,1081085.0
2025-09-09,Thực phẩm,Cần Thơ,Online,5,5,1834400.0,1266642.0
2025-09-09,Thực phẩm,Hà Nội,Cửa hàng,12,12,5747000.0,3954529.0
2025-09-09,Thực phẩm,Hà Nội,Online,1,1,462000.0,333941.0
2025-09-09,Thực phẩm,Hải Phòng,Cửa hàng,4,4,826300.0,602043.0
2025-09-09,Thực phẩm,Hải Phòng,Online,4,4,1030900.0,748636.0
2025-09-09,Thực phẩm,TP HCM,Cửa hàng,12,12,2625550.0,1933042.0
2025-09-09,Thực phẩm,TP HCM,Online,4,4,1285500.0,963459.0
2025-09-09,Thực phẩm,Đà Nẵng,Cửa hàng,1,1,318000.0,262784.0
2025-09-09,Thực phẩm,Đà Nẵng,Online,5,4,1003400.0,736205.0
2025-09-09,Điện tử,Cần Thơ,Cửa hàng,2,2,1836300.0,1399700.0
2025-09-09,Điện tử,Cần Thơ,Online,2,2,4274000.0,2934451.0
2025-09-09,Điện tử,Hà Nội,Cửa hàng,5,5,7968000.0,5248399.0
2025-09-09,Điện tử,Hà Nội,Online,7,7,11528650.0,8437104.0
2025-09-09,Điện tử,Hải Phòng,Cửa hàng,3,3,3321050.0,2293295.0
2025-09-09,Điện tử,TP HCM,Cửa hàng,4,4,16251720.0,11547811.0
2025-09-09,Điện tử,TP HCM,Online,4,4,5250000.0,3913159.0
2025-09-09,Điện tử,Đà Nẵng,Cửa hàng,1,1,994650.0,751419.0
2025-09-09,Điện tử,Đà Nẵng,Online,2,2,3764700.0,2864987.0
2025-09-10,Gia dụng,Cần Thơ,Cửa hàng,1,1,1421200.0,1004028.0
2025-09-10,Gia dụng,Hà Nội,Cửa hàng,4,4,3949500.0,2842388.0
2025-09-10,Gia dụng,Hà Nội,Online,3,3,5795350.0,4338997.0
2025-09-10,Gia dụng,Hải Phòng,Cửa hàng,4,4,5390800.0,3510007.0
2025-09-10,Gia dụng,Hải Phòng,Online,4,4,3851400.0,2845239.0
2025-09-10,Gia dụng,TP HCM,Cửa hàng,8,8,9217400.0,6994936.0
2025-09-10,Gia dụng,TP HCM,Online,4,4,7297900.0,5504570.0
2025-09-10,Gia dụng,Đà Nẵng,Cửa hàng,2,2,4680000.0,3560342.0
2025-09-10,Gia dụng,Đà Nẵng,Online,3,3,3047600.0,2253177.0
2025-09-10,Mỹ phẩm,Cần Thơ,Cửa hàng,1,1,421000.0,309956.0
2025-09-10,Mỹ phẩm,Cần Thơ,Online,2,2,1461400.0,1088276.0
2025-09-10,Mỹ phẩm,Hà Nội,Cửa hàng,4,4,4315350.0,3099192.0
2025-09-10,Mỹ phẩm,Hà Nội,Online,4,4,3513400.0,2378788.0
2025-09-10,Mỹ phẩm,TP HCM,Cửa hàng,4,4,2571050.0,2038214.0
2025-09-10,Mỹ phẩm,TP HCM,Online,1,1,536000.0,450198.0
2025-09-10,Mỹ phẩm,Đà Nẵng,Online,1,1,1441600.0,1029168.0
2025-09-10,Sách,Cần Thơ,Cửa hàng,3,3,565400.0,405488.0
2025-09-10,Sách,Hà Nội,Cửa hàng,3,3,570950.0,414061.0
2025-09-10,Sách,Hà Nội,Online,4,4,694500.0,498702.0
2025-09-10,Sách,Hải Phòng,Cửa hàng,2,2,603000.0,394827.0
2025-09-10,Sách,Hải Phòng,Online,1,1,459000.0,327684.0
2025-09-10,Sách,TP HCM,Cửa hàng,3,3,607900.0,461636.0
2025-09-10,Sách,TP HCM,Online,4,4,1265000.0,832867.0
2025-09-10,Sách,Đà Nẵng,Cửa hàng,5,5,1246600.0,858525.0
2025-09-10,Thời trang,Cần Thơ,Online,1,1,2073150.0,1645520.0
2025-09-10,Thời trang,Hà Nội,Cửa hàng,7,7,17069851.0,11835695.0
2025-09-10,Thời trang,Hà Nội,Online,7,7,11113300.0,7862740.0
2025-09-10,Thời trang,TP HCM,Cửa hàng,6,6,6769000.0,4880870.0
2025-09-10,Thời trang,TP HCM,Online,3,3,3330350.0,2476053.0
2025-09-10,Thời trang,Đà Nẵng,Cửa hàng,2,2,3934000.0,2923617.0
2025-09-10,Thời trang,Đà Nẵng,Online,3,3,2974200.0,2263631.0
2025-09-10,Thực phẩm,Cần Thơ,Cửa hàng,4,4,936300.0,637869.0
2025-09-10,Thực phẩm,Cần Thơ,Online,5,5,3359078.0,2408006.0
2025-09-10,Thực phẩm,Hà Nội,Cửa hàng,9,9,3140300.0,2248456.0
2025-09-10,Thực phẩm,Hà Nội,Online,7,7,1699250.0,1269933.0
2025-09-10,Thực phẩm,Hải Phòng,Cửa hàng,5,5,1158700.0,849614.0
2025-09-10,Thực phẩm,Hải Phòng,Online,2,2,1209000.0,922418.0
2025-09-10,Thực phẩm,TP HCM,Cửa hàng,13,13,5546010.0,4083227.0
2025-09-10,Thực phẩm,TP HCM,Online,7,7,2964250.0,2101776.0
2025-09-10,Thực phẩm,Đà Nẵng,Cửa hàng,6,6,5080258.0,3689942.0
2025-09-10,Thực phẩm,Đà Nẵng,Online,5,5,2124500.0,1582562.0
2025-09-10,Điện tử,Hà Nội,Cửa hàng,4,4,8329000.0,6407331.0
2025-09-10,Điện tử,Hà Nội,Online,7,7,14678500.0,10542985.0
2025-09-10,Điện tử,Hải Phòng,Cửa hàng,6,6,10868200.0,7881010.0
2025-09-10,Điện tử,Hải Phòng,Online,2,2,5574000.0,3861973.0
2025-09-10,Điện tử,TP HCM,Cửa hàng,8,8,15031350.0,10795456.0
2025-09-10,Điện tử,TP HCM,Online,2,2,3884650.0,2842675.0
2025-09-10,Điện tử,Đà Nẵng,Online,1,1,937800.0,732993.0
2025-09-11,Gia dụng,Cần Thơ,Cửa hàng,6,6,9529500.0,6071371.0
2025-09-11,Gia dụng,Cần Thơ,Online,2,2,2466700.0,1778950.0
2025-09-11,Gia dụng,Hà Nội,Cửa hàng,2,2,4409400.0,3599054.0
2025-09-11,Gia dụng,Hà Nội,Online,5,5,6371050.0,4595774.0
2025-09-11,Gia dụng,Hải Phòng,Cửa hàng,1,1,2649000.0,1793838.0
2025-09-11,Gia dụng,TP HCM,Cửa hàng,3,3,10428195.0,7177434.0
2025-09-11,Gia dụng,TP HCM,Online,7,7,10284000.0,7259782.0
2025-09-11,Gia dụng,Đà Nẵng,Cửa hàng,3,3,4942200.0,3373907.0
2025-09-11,Gia dụng,Đà Nẵng,Online,3,3,3270300.0,2304659.0
2025-09-11,Mỹ phẩm,Cần Thơ,Cửa hàng,1,1,1010000.0,784513.0
2025-09-11,Mỹ phẩm,Hà Nội,Cửa hàng,2,2,1778000.0,1408126.0
2025-09-11,Mỹ phẩm,Hà Nội,Online,1,1,427000.0,324669.0
2025-09-11,Mỹ phẩm,Hải Phòng,Cửa hàng,1,1,444600.0,351340.0
2025-09-11,Mỹ phẩm,TP HCM,Cửa hàng,4,4,2241250.0,1673854.0
2025-09-11,Mỹ phẩm,TP HCM,Online,4,4,3025300.0,2210868.0
2025-09-11,Mỹ phẩm,Đà Nẵng,Cửa hàng,1,1,423300.0,258583.0
2025-09-11,Mỹ phẩm,Đà Nẵng,Online,1,1,480700.0,379916.0
2025-09-11,Sách,Cần Thơ,Online,2,2,395900.0,315699.0
2025-09-11,Sách,Hà Nội,Cửa hàng,4,4,1191600.0,856863.0
2025-09-11,Sách,Hà Nội,Online,3,3,857100.0,663115.0
2025-09-11,Sách,Hải Phòng,Cửa hàng,5,5,1242200.0,837933.0
2025-09-11,Sách,TP HCM,Cửa hàng,6,6,1851400.0,1383922.0
2025-09-11,Sách,TP HCM,Online,2,2,423000.0,315883.0
2025-09-11,Sách,Đà Nẵng,Cửa hàng,2,2,288700.0,205176.0
2025-09-11,Thời trang,Hà Nội,Cửa hàng,3,3,2223750.0,1400711.0
2025-09-11,Thời trang,Hà Nội,Online,2,2,1418150.0,1064050.0
2025-09-11,Thời trang,Hải Phòng,Cửa hàng,2,2,4706250.0,3603368.0
2025-09-11,Thời trang,TP HCM,Cửa hàng,8,8,8315850.0,6193071.0
2025-09-11,Thời trang,TP HCM,Online,1,1,1294000.0,1044643.0
2025-09-11,Thời trang,Đà Nẵng,Online,3,3,19971787.0,13861780.0
2025-09-11,Thực phẩm,Cần Thơ,Cửa hàng,5,5,1500500.0,1012958.0
2025-09-11,Thực phẩm,Cần Thơ,Online,2,2,925500.0,666649.0
2025-09-11,Thực phẩm,Hà Nội,Cửa hàng,10,10,2851550.0,2039324.0
2025-09-11,Thực phẩm,Hà Nội,Online,5,5,814500.0,607346.0
2025-09-11,Thực phẩm,Hải Phòng,Cửa hàng,4,4,1379250.0,950831.0
2025-09-11,Thực phẩm,Hải Phòng,Online,1,1,161000.0,99882.0
2025-09-11,Thực phẩm,TP HCM,Cửa hàng,14,14,3565050.0,2537244.0
2025-09-11,Thực phẩm,TP HCM,Online,15,15,5108650.0,3708867.0
2025-09-11,Thực phẩm,Đà Nẵng,Cửa hàng,5,5,1119400.0,817837.0
2025-09-11,Thực phẩm,Đà Nẵng,Online,3,3,850050.0,609037.0
2025-09-11,Điện tử,Cần Thơ,Cửa hàng,2,2,5213000.0,3954823.0
2025-09-11,Điện tử,Cần Thơ,Online,1,1,4860000.0,3138700.0
2025-09-11,Điện tử,Hà Nội,Cửa hàng,7,7,13924000.0,9849960.0
2025-09-11,Điện tử,Hà Nội,Online,7,7,23704600.0,17224857.0
2025-09-11,Điện tử,Hải Phòng,Cửa hàng,2,2,1957850.0,1555707.0
2025-09-11,Điện tử,Hải Phòng,Online,1,1,4172400.0,3019898.0
2025-09-11,Điện tử,TP HCM,Cửa hàng,7,7,10555200.0,8211500.0
2025-09-11,Điện tử,TP HCM,Online,4,4,11418400.0,7362635.0
2025-09-11,Điện tử,Đà Nẵng,Cửa hàng,1,1,4376000.0,2770742.0
2025-09-11,Điện tử,Đà Nẵng,Online,1,1,895850.0,648398.0
2025-09-12,Gia dụng,Cần Thơ,Online,3,3,3661600.0,2415436.0
2025-09-12,Gia dụng,Hà Nội,Cửa hàng,2,2,2270400.0,1645530.0
2025-09-12,Gia dụng,Hà Nội,Online,7,7,12512450.0,8946167.0
2025-09-12,Gia dụng,Hải Phòng,Cửa hàng,6,6,8320450.0,5888763.0
2025-09-12,Gia dụng,Hải Phòng,Online,2,2,2793000.0,2090165.0
2025-09-12,Gia dụng,TP HCM,Cửa hàng,3,3,2553800.0,1634659.0
2025-09-12,Gia dụng,TP HCM,Online,6,6,9021200.0,6694143.0
2025-09-12,Gia dụng,Đà Nẵng,Cửa hàng,3,3,2353650.0,1725725.0
2025-09-12,Gia dụng,Đà Nẵng,Online,1,1,1802000.0,1299577.0
2025-09-12,Mỹ phẩm,Cần Thơ,Cửa hàng,2,2,909450.0,600016.0
2025-09-12,Mỹ phẩm,Cần Thơ,Online,1,1,1323000.0,955531.0
2025-09-12,Mỹ phẩm,Hà Nội,Cửa hàng,1,1,452000.0,363200.0
2025-09-12,Mỹ phẩm,Hà Nội,Online,2,2,837000.0,604520.0
2025-09-12,Mỹ phẩm,Hải Phòng,Cửa hàng,2,2,1299600.0,935468.0
2025-09-12,Mỹ phẩm,TP HCM,Online,4,4,3451900.0,2307064.0
2025-09-12,Mỹ phẩm,Đà Nẵng,Cửa hàng,3,3,1596100.0,1281209.0
2025-09-12,Sách,Cần Thơ,Cửa hàng,1,1,147000.0,116129.0
2025-09-12,Sách,Cần Thơ,Online,2,2,676000.0,422144.0
2025-09-12,Sách,Hà Nội,Cửa hàng,4,4,1205000.0,815160.0
2025-09-12,Sách,Hà Nội,Online,4,4,543750.0,394052.0
2025-09-12,Sách,Hải Phòng,Cửa hàng,1,1,375300.0,270506.0
2025-09-12,Sách,Hải Phòng,Online,1,1,170000.0,139986.0
2025-09-12,Sách,TP HCM,Cửa hàng,2,2,515250.0,388541.0
2025-09-12,Sách,TP HCM,Online,6,6,1532700.0,1156504.0
2025-09-12,Thời trang,Cần Thơ,Cửa hàng,1,1,816000.0,648587.0
2025-09-12,Thời trang,Cần Thơ,Online,2,2,2369300.0,1665010.0
2025-09-12,Thời trang,Hà Nội,Cửa hàng,3,3,3344550.0,2189817.0
2025-09-12,Thời trang,Hà Nội,Online,5,5,7741300.0,5760298.0
2025-09-12,Thời trang,Hải Phòng,Cửa hàng,1,1,717000.0,461347.0
2025-09-12,Thời trang,TP HCM,Cửa hàng,1,1,724000.0,560583.0
2025-09-12,Thời trang,TP HCM,Online,4,4,3356500.0,2519555.0
2025-09-12,Thực phẩm,Cần Thơ,Cửa hàng,3,3,745900.0,563279.0
2025-09-12,Thực phẩm,Cần Thơ,Online,5,5,2960400.0,2024356.0
2025-09-12,Thực phẩm,Hà Nội,Cửa hàng,3,3,1028300.0,741692.0
2025-09-12,Thực phẩm,Hà Nội,Online,5,5,2246350.0,1639644.0
2025-09-12,Thực phẩm,Hải Phòng,Cửa hàng,3,3,1224550.0,1013640.0
2025-09-12,Thực phẩm,Hải Phòng,Online,4,4,1079300.0,788001.0
2025-09-12,Thực phẩm,TP HCM,Cửa hàng,17,17,5936650.0,4423436.0
2025-09-12,Thực phẩm,TP HCM,Online,4,4,1277050.0,946585.0
2025-09-12,Thực phẩm,Đà Nẵng,Cửa hàng,9,9,2050050.0,1407180.0
2025-09-12,Thực phẩm,Đà Nẵng,Online,7,7,2347450.0,1718405.0
2025-09-12,Điện tử,Cần Thơ,Cửa hàng,2,2,18595689.0,13001914.0
2025-09-12,Điện tử,Hà Nội,Cửa hàng,5,5,4977000.0,3609947.0
2025-09-12,Điện tử,Hà Nội,Online,1,1,2220000.0,1676440.0
2025-09-12,Điện tử,Hải Phòng,Cửa hàng,2,2,9231200.0,6420083.0
2025-09-12,Điện tử,TP HCM,Cửa hàng,9,9,15683250.0,11957952.0
2025-09-12,Điện tử,TP HCM,Online,8,8,10844050.0,7877004.0
2025-09-12,Điện tử,Đà Nẵng,Cửa hàng,4,4,6160800.0,4266445.0
2025-09-12,Điện tử,Đà Nẵng,Online,2,2,4478000.0,3213644.0
2025-09-13,Gia dụng,Cần Thơ,Cửa hàng,1,1,2733000.0,1780331.0
2025-09-13,Gia dụng,Cần Thơ,Online,1,1,830700.0,637196.0
2025-09-13,Gia dụng,Hà Nội,Cửa hàng,2,2,3247500.0,2655976.0
2025-09-13,Gia dụng,Hà Nội,Online,3,3,6175950.0,4029550.0
2025-09-13,Gia dụng,Hải Phòng,Cửa hàng,4,4,7987000.0,5732812.0
2025-09-13,Gia dụng,Hải Phòng,Online,2,2,4580600.0,3440033.0
2025-09-13,Gia dụng,TP HCM,Cửa hàng,9,9,26780057.0,18817239.0
2025-09-13,Gia dụng,TP HCM,Online,2,2,1646050.0,1059374.0
2025-09-13,Gia dụng,Đà Nẵng,Cửa hàng,1,1,786000.0,650849.0
2025-09-13,Gia dụng,Đà Nẵng,Online,2,2,4570000.0,3303534.0
2025-09-13,Mỹ phẩm,Cần Thơ,Cửa hàng,3,3,3614000.0,2809373.0
2025-09-13,Mỹ phẩm,Hà Nội,Cửa hàng,2,2,1195900.0,819132.0
2025-09-13,Mỹ phẩm,Hà Nội,Online,4,4,4562850.0,3396304.0
2025-09-13,Mỹ phẩm,Hải Phòng,Cửa hàng,2,2,1474000.0,1187991.0
2025-09-13,Mỹ phẩm,TP HCM,Cửa hàng,3,3,2461850.0,1921246.0
2025-09-13,Mỹ phẩm,TP HCM,Online,2,2,3218000.0,2336348.0
2025-09-13,Mỹ phẩm,Đà Nẵng,Cửa hàng,4,4,5019700.0,3744292.0
2025-09-13,Sách,Cần Thơ,Cửa hàng,2,2,305000.0,232478.0
2025-09-13,Sách,Cần Thơ,Online,1,1,381000.0,321431.0
2025-09-13,Sách,Hà Nội,Cửa hàng,4,4,1170300.0,892511.0
2025-09-13,Sách,Hà Nội,Online,4,4,1105000.0,719875.0
2025-09-13,Sách,Hải Phòng,Online,1,1,128700.0,93231.0
2025-09-13,Sách,TP HCM,Cửa hàng,5,5,1134750.0,899374.0
2025-09-13,Sách,TP HCM,Online,6,6,1870450.0,1382006.0
2025-09-13,Sách,Đà Nẵng,Online,2,2,397000.0,275801.0
2025-09-13,Thời trang,Cần Thơ,Cửa hàng,3,3,4002150.0,2676971.0
2025-09-13,Thời trang,Hà Nội,Cửa hàng,3,3,3704600.0,2595778.0
2025-09-13,Thời trang,Hà Nội,Online,4,4,5447900.0,3826695.0
2025-09-13,Thời trang,Hải Phòng,Online,1,1,2457000.0,2028466.0
2025-09-13,Thời trang,TP HCM,Cửa hàng,3,3,3047000.0,2177955.0
2025-09-13,Thời trang,TP HCM,Online,4,4,2763100.0,1997379.0
2025-09-13,Thời trang,Đà Nẵng,Cửa hàng,4,4,4693300.0,3398892.0
2025-09-13,Thời trang,Đà Nẵng,Online,1,1,729000.0,463133.0
2025-09-13,Thực phẩm,Cần Thơ,Cửa hàng,3,3,1139600.0,853401.0
2025-09-13,Thực phẩm,Cần Thơ,Online,4,4,664350.0,487945.0
2025-09-13,Thực phẩm,Hà Nội,Cửa hàng,7,7,4626500.0,3186699.0
2025-09-13,Thực phẩm,Hà Nội,Online,8,8,2687850.0,1894268.0
2025-09-13,Thực phẩm,Hải Phòng,Cửa hàng,6,6,2552850.0,1773723.0
2025-09-13,Thực phẩm,Hải Phòng,Online,5,5,1589850.0,1156403.0
2025-09-13,Thực phẩm,TP HCM,Cửa hàng,4,4,2166100.0,1526488.0
2025-09-13,Thực phẩm,TP HCM,Online,11,11,3619500.0,2631655.0
2025-09-13,Thực phẩm,Đà Nẵng,Cửa hàng,7,7,1552700.0,1090568.0
2025-09-13,Thực phẩm,Đà Nẵng,Online,2,2,504200.0,326375.0
2025-09-13,Điện tử,Cần Thơ,Cửa hàng,3,3,3072900.0,2297061.0
2025-09-13,Điện tử,Cần Thơ,Online,3,3,3635000.0,2553228.0
2025-09-13,Điện tử,Hà Nội,Cửa hàng,5,5,22603962.0,15871065.0
2025-09-13,Điện tử,Hà Nội,Online,2,2,3027600.0,1901863.0
2025-09-13,Điện tử,Hải Phòng,Cửa hàng,1,1,1922000.0,1576913.0
2025-09-13,Điện tử,Hải Phòng,Online,2,2,6139200.0,4381822.0
2025-09-13,Điện tử,TP HCM,Cửa hàng,4,4,6578300.0,4530065.0
2025-09-13,Điện tử,TP HCM,Online,5,5,13573250.0,10556811.0
2025-09-13,Điện tử,Đà Nẵng,Cửa hàng,3,3,3277700.0,2238190.0
2025-09-13,Điện tử,Đà Nẵng,Online,2,2,3365000.0,2354008.0
2025-09-14,Gia dụng,Cần Thơ,Cửa hàng,1,1,909000.0,723369.0
2025-09-14,Gia dụng,Hà Nội,Cửa hàng,1,1,3678400.0,2767012.0
2025-09-14,Gia dụng,Hà Nội,Online,5,5,8867000.0,6197962.0
2025-09-14,Gia dụng,Hải Phòng,Cửa hàng,2,2,4893000.0,2983725.0
2025-09-14,Gia dụng,TP HCM,Cửa hàng,9,9,13927450.0,10083300.0
2025-09-14,Gia dụng,TP HCM,Online,3,3,3203200.0,2526226.0
2025-09-14,Gia dụng,Đà Nẵng,Cửa hàng,1,1,820250.0,663673.0
2025-09-14,Gia dụng,Đà Nẵng,Online,3,3,18143007.0,13024915.0
2025-09-14,Mỹ phẩm,Cần Thơ,Cửa hàng,1,1,976000.0,785656.0
2025-09-14,Mỹ phẩm,Cần Thơ,Online,1,1,481000.0,385821.0
2025-09-14,Mỹ phẩm,Hà Nội,Cửa hàng,5,5,4034900.0,2810584.0
2025-09-14,Mỹ phẩm,Hà Nội,Online,1,1,510000.0,394980.0
2025-09-14,Mỹ phẩm,Hải Phòng,Cửa hàng,3,3,1784000.0,1142570.0
2025-09-14,Mỹ phẩm,TP HCM,Cửa hàng,2,2,3103200.0,2193347.0
2025-09-14,Mỹ phẩm,TP HCM,Online,7,7,5759950.0,4383534.0
2025-09-14,Mỹ phẩm,Đà Nẵng,Cửa hàng,1,1,1333800.0,807564.0
2025-09-14,Sách,Cần Thơ,Cửa hàng,1,1,362100.0,300445.0
2025-09-14,Sách,Hà Nội,Cửa hàng,4,4,1028800.0,706625.0
2025-09-14,Sách,Hà Nội,Online,3,3,898750.0,640573.0
2025-09-14,Sách,Hải Phòng,Cửa hàng,1,1,162000.0,128580.0
2025-09-14,Sách,TP HCM,Cửa hàng,4,4,935900.0,663108.0
2025-09-14,Sách,TP HCM,Online,3,3,744300.0,531568.0
2025-09-14,Sách,Đà Nẵng,Cửa hàng,1,1,795000.0,634554.0
2025-09-14,Sách,Đà Nẵng,Online,1,1,156000.0,105296.0
2025-09-14,Thời trang,Cần Thơ,Cửa hàng,2,2,3886000.0,2729069.0
2025-09-14,Thời trang,Cần Thơ,Online,4,4,3528450.0,2720999.0
2025-09-14,Thời trang,Hà Nội,Cửa hàng,9,9,9007600.0,6070707.0
2025-09-14,Thời trang,Hà Nội,Online,7,7,10253200.0,7835292.0
2025-09-14,Thời trang,Hải Phòng,Cửa hàng,3,3,3969600.0,2774865.0
2025-09-14,Thời trang,Hải Phòng,Online,5,5,6290000.0,4492232.0
2025-09-14,Thời trang,TP HCM,Cửa hàng,4,4,6184650.0,4595104.0
2025-09-14,Thời trang,TP HCM,Online,7,7,11792500.0,8832161.0
2025-09-14,Thời trang,Đà Nẵng,Cửa hàng,4,4,6183000.0,4184194.0
2025-09-14,Thời trang,Đà Nẵng,Online,1,1,632700.0,457463.0
2025-09-14,Thực phẩm,Cần Thơ,Cửa hàng,1,1,149150.0,109278.0
2025-09-14,Thực phẩm,Cần Thơ,Online,1,1,139500.0,86481.0
2025-09-14,Thực phẩm,Hà Nội,Cửa hàng,6,6,1245300.0,928790.0
2025-09-14,Thực phẩm,Hà Nội,Online,6,6,2293000.0,1540926.0
2025-09-14,Thực phẩm,Hải Phòng,Cửa hàng,1,1,486000.0,352982.0
2025-09-14,Thực phẩm,Hải Phòng,Online,2,2,1151000.0,892848.0
2025-09-14,Thực phẩm,TP HCM,Cửa hàng,14,14,4048000.0,2929685.0
2025-09-14,Thực phẩm,TP HCM,Online,10,10,2467500.0,1803401.0
2025-09-14,Thực phẩm,Đà Nẵng,Cửa hàng,6,6,2223150.0,1640032.0
2025-09-14,Thực phẩm,Đà Nẵng,Online,3,3,857000.0,611726.0
2025-09-14,Điện tử,Cần Thơ,Cửa hàng,1,1,1026000.0,871547.0
2025-09-14,Điện tử,Cần Thơ,Online,1,1,803250.0,581376.0
2025-09-14,Điện tử,Hà Nội,Cửa hàng,1,1,2850000.0,1945267.0
2025-09-14,Điện tử,Hà Nội,Online,1,1,2506000.0,2049397.0
2025-09-14,Điện tử,Hải Phòng,Cửa hàng,5,5,7316850.0,5267999.0
2025-09-14,Điện tử,Hải Phòng,Online,2,2,5523000.0,4141016.0
2025-09-14,Điện tử,TP HCM,Cửa hàng,7,7,18312000.0,12988545.0
2025-09-14,Điện tử,TP HCM,Online,2,2,2013800.0,1457547.0
2025-09-14,Điện tử,Đà Nẵng,Online,2,2,2158000.0,1555979.0
2025-09-15,Gia dụng,Cần Thơ,Cửa hàng,1,1,3460000.0,2382585.0
2025-09-15,Gia dụng,Cần Thơ,Online,1,1,1894000.0,1365926.0
2025-09-15,Gia dụng,Hà Nội,Cửa hàng,5,5,18480904.0,12862411.0
2025-09-15,Gia dụng,Hà Nội,Online,5,5,10580100.0,7964185.0
2025-09-15,Gia dụng,Hải Phòng,Cửa hàng,1,1,856900.0,640298.0
2025-09-15,Gia dụng,Hải Phòng,Online,3,3,3397150.0,2503831.0
2025-09-15,Gia dụng,TP HCM,Cửa hàng,5,5,5266000.0,4016146.0
2025-09-15,Gia dụng,TP HCM,Online,8,8,11589550.0,8338971.0
2025-09-15,Gia dụng,Đà Nẵng,Cửa hàng,2,2,2556000.0,2082017.0
2025-09-15,Gia dụng,Đà Nẵng,Online,3,3,6895000.0,5416615.0
2025-09-15,Mỹ phẩm,Cần Thơ,Cửa hàng,2,2,931000.0,657965.0
2025-09-15,Mỹ phẩm,Hà Nội,Online,2,2,1470000.0,1093855.0
2025-09-15,Mỹ phẩm,Hải Phòng,Online,2,2,2745000.0,1850190.0
2025-09-15,Mỹ phẩm,TP HCM,Cửa hàng,5,5,4729500.0,3346227.0
2025-09-15,Mỹ phẩm,Đà Nẵng,Cửa hàng,1,1,382500.0,265214.0
2025-09-15,Mỹ phẩm,Đà Nẵng,Online,1,1,495000.0,357512.0
2025-09-15,Sách,Cần Thơ,Cửa hàng,2,2,775000.0,540153.0
2025-09-15,Sách,Cần Thơ,Online,4,4,777200.0,561025.0
2025-09-15,Sách,Hà Nội,Cửa hàng,3,3,886400.0,610559.0
2025-09-15,Sách,Hà Nội,Online,2,2,413250.0,300944.0
2025-09-15,Sách,Hải Phòng,Cửa hàng,1,1,256000.0,193477.0
2025-09-15,Sách,Hải Phòng,Online,1,1,413100.0,299251.0
2025-09-15,Sách,TP HCM,Cửa hàng,7,7,1523700.0,1140907.0
2025-09-15,Sách,TP HCM,Online,4,4,1023100.0,754491.0
2025-09-15,Sách,Đà Nẵng,Cửa hàng,1,1,612000.0,370972.0
2025-09-15,Sách,Đà Nẵng,Online,2,2,270950.0,182826.0
2025-09-15,Thời trang,Hà Nội,Cửa hàng,1,1,3450000.0,2871920.0
2025-09-15,Thời trang,Hà Nội,Online,4,4,6496600.0,4677689.0
2025-09-15,Thời trang,Hải Phòng,Cửa hàng,1,1,1300000.0,968431.0
2025-09-15,Thời trang,TP HCM,Cửa hàng,3,3,2480000.0,1992508.0
2025-09-15,Thời trang,TP HCM,Online,7,7,6510000.0,4679892.0
2025-09-15,Thời trang,Đà Nẵng,Cửa hàng,3,3,2848150.0,2023863.0
2025-09-15,Thời trang,Đà Nẵng,Online,3,3,2913600.0,1984188.0
2025-09-15,Thực phẩm,Cần Thơ,Cửa hàng,3,3,1005200.0,746728.0
2025-09-15,Thực phẩm,Cần Thơ,Online,3,3,643550.0,460989.0
2025-09-15,Thực phẩm,Hà Nội,Cửa hàng,11,11,3227950.0,2346009.0
2025-09-15,Thực phẩm,Hà Nội,Online,6,6,1067500.0,756806.0
2025-09-15,Thực phẩm,Hải Phòng,Cửa hàng,4,4,1519900.0,1103411.0
2025-09-15,Thực phẩm,Hải Phòng,Online,4,4,680000.0,521778.0
2025-09-15,Thực phẩm,TP HCM,Cửa hàng,18,18,5100200.0,3644101.0
2025-09-15,Thực phẩm,TP HCM,Online,10,10,3497250.0,2562794.0
2025-09-15,Thực phẩm,Đà Nẵng,Cửa hàng,9,9,2737500.0,1972959.0
2025-09-15,Thực phẩm,Đà Nẵng,Online,6,6,1840000.0,1250111.0
2025-09-15,Điện tử,Cần Thơ,Cửa hàng,2,2,3324600.0,2223793.0
2025-09-15,Điện tử,Cần Thơ,Online,2,2,3175000.0,2376534.0
2025-09-15,Điện tử,Hà Nội,Cửa hàng,4,4,6457650.0,4525554.0
2025-09-15,Điện tử,Hà Nội,Online,3,3,3174000.0,2200111.0
2025-09-15,Điện tử,Hải Phòng,Cửa hàng,1,1,1189000.0,919037.0
2025-09-15,Điện tử,TP HCM,Cửa hàng,7,7,14699950.0,11108569.0
2025-09-15,Điện tử,TP HCM,Online,4,4,8821100.0,6405795.0
2025-09-16,Gia dụng,Cần Thơ,Cửa hàng,4,4,3671850.0,2901144.0
2025-09-16,Gia dụng,Cần Thơ,Online,2,2,5732000.0,4114245.0
2025-09-16,Gia dụng,Hà Nội,Cửa hàng,1,1,833000.0,700775.0
2025-09-16,Gia dụng,Hà Nội,Online,5,5,6954000.0,5056026.0
2025-09-16,Gia dụng,Hải Phòng,Cửa hàng,2,2,1673650.0,1221066.0
2025-09-16,Gia dụng,Hải Phòng,Online,1,1,2220150.0,1417942.0
2025-09-16,Gia dụng,TP HCM,Cửa hàng,5,5,6345950.0,4526383.0
2025-09-16,Gia dụng,TP HCM,Online,5,5,4020900.0,2887996.0
2025-09-16,Gia dụng,Đà Nẵng,Cửa hàng,4,4,3134900.0,2240866.0
2025-09-16,Gia dụng,Đà Nẵng,Online,4,4,6779850.0,4940837.0
2025-09-16,Mỹ phẩm,Cần Thơ,Cửa hàng,1,1,439000.0,308483.0
2025-09-16,Mỹ phẩm,Cần Thơ,Online,1,1,493050.0,347131.0
2025-09-16,Mỹ phẩm,Hà Nội,Cửa hàng,3,3,3010250.0,2271209.0
2025-09-16,Mỹ phẩm,Hà Nội,Online,4,4,2487000.0,1756565.0
2025-09-16,Mỹ phẩm,Hải Phòng,Cửa hàng,1,1,469800.0,361755.0
2025-09-16,Mỹ phẩm,Hải Phòng,Online,2,2,1326700.0,903615.0
2025-09-16,Mỹ phẩm,TP HCM,Cửa hàng,5,5,2792400.0,2090453.0
2025-09-16,Mỹ phẩm,TP HCM,Online,6,6,2656750.0,1904147.0
2025-09-16,Sách,Cần Thơ,Cửa hàng,1,1,136000.0,86583.0
2025-09-16,Sách,Cần Thơ,Online,1,1,461700.0,284323.0
2025-09-16,Sách,Hà Nội,Cửa hàng,3,3,968000.0,695955.0
2025-09-16,Sách,Hải Phòng,Cửa hàng,1,1,265200.0,199924.0
2025-09-16,Sách,Hải Phòng,Online,2,2,385000.0,267701.0
2025-09-16,Sách,TP HCM,Cửa hàng,4,4,1082650.0,836165.0
2025-09-16,Sách,TP HCM,Online,2,2,768000.0,580712.0
2025-09-16,Sách,Đà Nẵng,Cửa hàng,4,4,923000.0,616370.0
2025-09-16,Sách,Đà Nẵng,Online,1,1,433200.0,343437.0
2025-09-16,Thời trang,Cần Thơ,Cửa hàng,2,2,1563000.0,997205.0
2025-09-16,Thời trang,Cần Thơ,Online,3,3,2761750.0,2045920.0
2025-09-16,Thời trang,Hà Nội,Cửa hàng,5,5,8290000.0,6241172.0
2025-09-16,Thời trang,Hà Nội,Online,1,1,775000.0,616399.0
2025-09-16,Thời trang,Hải Phòng,Online,3,3,2989750.0,2260766.0
2025-09-16,Thời trang,TP HCM,Cửa hàng,5,5,4686050.0,3251166.0
2025-09-16,Thời trang,TP HCM,Online,3,3,4393000.0,3004231.0
2025-09-16,Thời trang,Đà Nẵng,Cửa hàng,2,2,2982750.0,1948172.0
2025-09-16,Thời trang,Đà Nẵng,Online,1,1,2307000.0,1668038.0
2025-09-16,Thực phẩm,Cần Thơ,Cửa hàng,3,3,700400.0,521484.0
2025-09-16,Thực phẩm,Cần Thơ,Online,4,4,1515000.0,1172520.0
2025-09-16,Thực phẩm,Hà Nội,Cửa hàng,5,5,1739700.0,1339744.0
2025-09-16,Thực phẩm,Hà Nội,Online,13,13,5260878.0,3779096.0
2025-09-16,Thực phẩm,Hải Phòng,Cửa hàng,1,1,390000.0,247668.0
2025-09-16,Thực phẩm,Hải Phòng,Online,2,2,542250.0,401767.0
2025-09-16,Thực phẩm,TP HCM,Cửa hàng,6,6,2345000.0,1615624.0
2025-09-16,Thực phẩm,TP HCM,Online,16,16,4917250.0,3535665.0
2025-09-16,Thực phẩm,Đà Nẵng,Cửa hàng,7,7,2691050.0,1823297.0
2025-09-16,Thực phẩm,Đà Nẵng,Online,1,1,714000.0,516091.0
2025-09-16,Điện tử,Cần Thơ,Cửa hàng,1,1,1097250.0,662172.0
2025-09-16,Điện tử,Cần Thơ,Online,2,2,3106000.0,2251619.0
2025-09-16,Điện tử,Hà Nội,Cửa hàng,2,2,4774700.0,3261353.0
2025-09-16,Điện tử,Hà Nội,Online,5,5,6376350.0,4843579.0
2025-09-16,Điện tử,Hải Phòng,Cửa hàng,3,3,4082350.0,3077586.0
2025-09-16,Điện tử,TP HCM,Cửa hàng,5,5,7315400.0,5358311.0
2025-09-16,Điện tử,TP HCM,Online,3,3,3333200.0,2520136.0
2025-09-16,Điện tử,Đà Nẵng,Cửa hàng,5,5,9733800.0,7242182.0
2025-09-16,Điện tử,Đà Nẵng,Online,2,2,7093000.0,4930585.0
2025-09-17,Gia dụng,Cần Thơ,Cửa hàng,2,2,1830050.0,1319806.0
2025-09-17,Gia dụng,Cần Thơ,Online,1,1,1622000.0,1230135.0
2025-09-17,Gia dụng,Hà Nội,Cửa hàng,3,3,5274400.0,3970455.0
2025-09-17,Gia dụng,Hà Nội,Online,4,4,5228700.0,3702848.0
2025-09-17,Gia dụng,Hải Phòng,Cửa hàng,1,1,744000.0,539917.0
2025-09-17,Gia dụng,Hải Phòng,Online,3,3,2535200.0,1728724.0
2025-09-17,Gia dụng,TP HCM,Cửa hàng,6,6,12223100.0,9005327.0
2025-09-17,Gia dụng,TP HCM,Online,2,2,6350000.0,4579531.0
2025-09-17,Gia dụng,Đà Nẵng,Cửa hàng,3,3,4378000.0,2976515.0
2025-09-17,Gia dụng,Đà Nẵng,Online,3,3,4573200.0,3209187.0
2025-09-17,Mỹ phẩm,Cần Thơ,Cửa hàng,1,1,1956000.0,1439291.0
2025-09-17,Mỹ phẩm,Cần Thơ,Online,1,1,940500.0,673206.0
2025-09-17,Mỹ phẩm,Hà Nội,Cửa hàng,5,5,3502650.0,2426968.0
2025-09-17,Mỹ phẩm,Hà Nội,Online,5,5,4947000.0,3872902.0
2025-09-17,Mỹ phẩm,TP HCM,Cửa hàng,8,8,6084350.0,4172401.0
2025-09-17,Mỹ phẩm,TP HCM,Online,4,4,3273400.0,2501959.0
2025-09-17,Mỹ phẩm,Đà Nẵng,Cửa hàng,2,2,2238000.0,1434380.0
2025-09-17,Mỹ phẩm,Đà Nẵng,Online,2,2,1204000.0,913865.0
2025-09-17,Sách,Cần Thơ,Cửa hàng,2,2,285000.0,206477.0
2025-09-17,Sách,Cần Thơ,Online,2,2,823100.0,598882.0
2025-09-17,Sách,Hà Nội,Cửa hàng,4,4,868700.0,615444.0
2025-09-17,Sách,Hà Nội,Online,2,2,817200.0,584495.0
2025-09-17,Sách,Hải Phòng,Cửa hàng,1,1,132050.0,80476.0
2025-09-17,Sách,Hải Phòng,Online,2,2,270450.0,208499.0
2025-09-17,Sách,TP HCM,Cửa hàng,5,5,1020100.0,776614.0
2025-09-17,Sách,TP HCM,Online,1,1,134900.0,97722.0
2025-09-17,Sách,Đà Nẵng,Cửa hàng,1,1,302000.0,240780.0
2025-09-17,Thời trang,Cần Thơ,Online,2,2,1331300.0,1004227.0
2025-09-17,Thời trang,Hà Nội,Cửa hàng,3,3,2309000.0,1786325.0
2025-09-17,Thời trang,Hà Nội,Online,5,5,4588400.0,3423506.0
2025-09-17,Thời trang,Hải Phòng,Cửa hàng,1,1,1490000.0,1163823.0
2025-09-17,Thời trang,TP HCM,Cửa hàng,8,8,6389100.0,4409207.0
2025-09-17,Thời trang,TP HCM,Online,9,9,9663300.0,7282612.0
2025-09-17,Thời trang,Đà Nẵng,Cửa hàng,3,3,2085000.0,1543152.0
2025-09-17,Thời trang,Đà Nẵng,Online,2,2,12905874.0,9327018.0
2025-09-17,Thực phẩm,Cần Thơ,Cửa hàng,4,4,675700.0,473259.0
2025-09-17,Thực phẩm,Cần Thơ,Online,5,5,1610250.0,1154199.0
2025-09-17,Thực phẩm,Hà Nội,Cửa hàng,12,12,3820600.0,2837578.0
2025-09-17,Thực phẩm,Hà Nội,Online,8,8,2449500.0,1773156.0
2025-09-17,Thực phẩm,Hải Phòng,Cửa hàng,4,4,1240150.0,859555.0
2025-09-17,Thực phẩm,Hải Phòng,Online,2,2,835200.0,602477.0
2025-09-17,Thực phẩm,TP HCM,Cửa hàng,4,4,882450.0,677892.0
2025-09-17,Thực phẩm,TP HCM,Online,7,7,2401750.0,1653821.0
2025-09-17,Thực phẩm,Đà Nẵng,Cửa hàng,2,2,544650.0,374265.0
2025-09-17,Thực phẩm,Đà Nẵng,Online,3,3,1045800.0,705778.0
2025-09-17,Điện tử,Cần Thơ,Cửa hàng,2,2,4167200.0,3463311.0
2025-09-17,Điện tử,Hà Nội,Cửa hàng,5,5,7282500.0,5088561.0
2025-09-17,Điện tử,Hà Nội,Online,4,4,7256450.0,5053934.0
2025-09-17,Điện tử,Hải Phòng,Cửa hàng,3,3,4004200.0,3175911.0
2025-09-17,Điện tử,Hải Phòng,Online,1,1,2118000.0,1715130.0
2025-09-17,Điện tử,TP HCM,Cửa hàng,4,4,13739500.0,9999003.0
2025-09-17,Điện tử,TP HCM,Online,4,4,7135000.0,5264422.0
2025-09-17,Điện tử,Đà Nẵng,Cửa hàng,3,3,3185400.0,2344512.0
2025-09-17,Điện tử,Đà Nẵng,Online,2,2,5546000.0,4010000.0
2025-09-18,Gia dụng,Cần Thơ,Cửa hàng,2,2,1414500.0,927354.0
2025-09-18,Gia dụng,Cần Thơ,Online,1,1,763000.0,579344.0
2025-09-18,Gia dụng,Hà Nội,Cửa hàng,8,8,9848850.0,7060574.0
2025-09-18,Gia dụng,Hà Nội,Online,3,3,2381600.0,1679068.0
2025-09-18,Gia dụng,Hải Phòng,Cửa hàng,2,2,3313000.0,2644792.0
2025-09-18,Gia dụng,Hải Phòng,Online,3,3,3080600.0,2178790.0
2025-09-18,Gia dụng,TP HCM,Cửa hàng,9,9,12915200.0,9322367.0
2025-09-18,Gia dụng,TP HCM,Online,1,1,832200.0,534164.0
2025-09-18,Gia dụng,Đà Nẵng,Cửa hàng,2,2,1525400.0,1099624.0
2025-09-18,Gia dụng,Đà Nẵng,Online,4,4,20423701.0,14322792.0
2025-09-18,Mỹ phẩm,Cần Thơ,Online,1,1,518700.0,374629.0
2025-09-18,Mỹ phẩm,Hà Nội,Cửa hàng,1,1,1482000.0,1028170.0
2025-09-18,Mỹ phẩm,Hà Nội,Online,5,5,3460900.0,2569948.0
2025-09-18,Mỹ phẩm,Hải Phòng,Cửa hàng,2,2,1908000.0,1304003.0
2025-09-18,Mỹ phẩm,TP HCM,Cửa hàng,2,2,1396000.0,934194.0
2025-09-18,Mỹ phẩm,TP HCM,Online,5,5,3007300.0,2278986.0
2025-09-18,Mỹ phẩm,Đà Nẵng,Cửa hàng,2,2,882300.0,648753.0
2025-09-18,Mỹ phẩm,Đà Nẵng,Online,1,1,547000.0,378746.0
2025-09-18,Sách,Cần Thơ,Cửa hàng,1,1,157000.0,103731.0
2025-09-18,Sách,Hà Nội,Cửa hàng,7,7,1198400.0,938050.0
2025-09-18,Sách,Hà Nội,Online,2,2,612000.0,463398.0
2025-09-18,Sách,Hải Phòng,Cửa hàng,1,1,153000.0,117110.0
2025-09-18,Sách,TP HCM,Cửa hàng,4,4,991200.0,678061.0
2025-09-18,Sách,TP HCM,Online,4,4,3366463.0,2452337.0
2025-09-18,Sách,Đà Nẵng,Online,1,1,144000.0,89367.0
2025-09-18,Thời trang,Cần Thơ,Cửa hàng,4,4,3662600.0,2820306.0
2025-09-18,Thời trang,Hà Nội,Cửa hàng,2,2,10927182.0,7719184.0
2025-09-18,Thời trang,Hà Nội,Online,5,5,6807300.0,5088028.0
2025-09-18,Thời trang,Hải Phòng,Cửa hàng,2,2,5368000.0,3926377.0
2025-09-18,Thời trang,Hải Phòng,Online,1,1,582250.0,465892.0
2025-09-18,Thời trang,TP HCM,Cửa hàng,9,9,10544950.0,7387803.0
2025-09-18,Thời trang,TP HCM,Online,7,7,16390634.0,11831053.0
2025-09-18,Thời trang,Đà Nẵng,Cửa hàng,3,3,5218400.0,3630820.0
2025-09-18,Thời trang,Đà Nẵng,Online,1,1,851000.0,592294.0
2025-09-18,Thực phẩm,Cần Thơ,Cửa hàng,2,2,352800.0,239485.0
2025-09-18,Thực phẩm,Cần Thơ,Online,2,2,553600.0,437003.0
2025-09-18,Thực phẩm,Hà Nội,Cửa hàng,7,7,2639650.0,1874709.0
2025-09-18,Thực phẩm,Hà Nội,Online,3,3,1117950.0,808073.0
2025-09-18,Thực phẩm,Hải Phòng,Cửa hàng,6,6,1180800.0,904592.0
2025-09-18,Thực phẩm,Hải Phòng,Online,6,6,2223400.0,1588924.0
2025-09-18,Thực phẩm,TP HCM,Cửa hàng,14,14,8237107.0,5856279.0
2025-09-18,Thực phẩm,TP HCM,Online,4,4,1731000.0,1199832.0
2025-09-18,Thực phẩm,Đà Nẵng,Cửa hàng,1,1,199000.0,130876.0
2025-09-18,Thực phẩm,Đà Nẵng,Online,4,4,875150.0,625381.0
2025-09-18,Điện tử,Cần Thơ,Cửa hàng,2,2,6035000.0,4596198.0
2025-09-18,Điện tử,Cần Thơ,Online,3,3,4138700.0,3143337.0
2025-09-18,Điện tử,Hà Nội,Cửa hàng,4,4,9932750.0,6747718.0
2025-09-18,Điện tử,Hà Nội,Online,3,3,5221700.0,3809723.0
2025-09-18,Điện tử,Hải Phòng,Cửa hàng,3,3,4118450.0,3133393.0
2025-09-18,Điện tử,Hải Phòng,Online,2,2,2001650.0,1461798.0
2025-09-18,Điện tử,TP HCM,Cửa hàng,6,6,9362750.0,6992421.0
2025-09-18,Điện tử,TP HCM,Online,4,4,6413400.0,5173897.0
2025-09-18,Điện tử,Đà Nẵng,Cửa hàng,3,3,5692100.0,3954505.0
2025-09-18,Điện tử,Đà Nẵng,Online,3,3,6806000.0,4991868.0
2025-09-19,Gia dụng,Cần Thơ,Online,2,2,1679600.0,1101389.0
2025-09-19,Gia dụng,Hà Nội,Cửa hàng,3,3,5402300.0,3901100.0
2025-09-19,Gia dụng,Hà Nội,Online,3,3,2484700.0,1706058.0
2025-09-19,Gia dụng,Hải Phòng,Cửa hàng,4,4,3188950.0,2332700.0
2025-09-19,Gia dụng,Hải Phòng,Online,2,2,2675000.0,1801135.0
2025-09-19,Gia dụng,TP HCM,Cửa hàng,6,6,5204900.0,3740392.0
2025-09-19,Gia dụng,TP HCM,Online,3,3,5507600.0,4174061.0
2025-09-19,Gia dụng,Đà Nẵng,Cửa hàng,1,1,2826000.0,1905866.0
2025-09-19,Gia dụng,Đà Nẵng,Online,4,4,3836650.0,2861717.0
2025-09-19,Mỹ phẩm,Hà Nội,Cửa hàng,3,3,1306000.0,968461.0
2025-09-19,Mỹ phẩm,Hà Nội,Online,1,1,846000.0,708720.0
2025-09-19,Mỹ phẩm,Hải Phòng,Cửa hàng,1,1,444000.0,329942.0
2025-09-19,Mỹ phẩm,TP HCM,Cửa hàng,9,9,8232450.0,5602089.0
2025-09-19,Mỹ phẩm,TP HCM,Online,1,1,898700.0,547681.0
2025-09-19,Mỹ phẩm,Đà Nẵng,Cửa hàng,1,1,412300.0,306048.0
2025-09-19,Mỹ phẩm,Đà Nẵng,Online,1,1,528000.0,350947.0
2025-09-19,Sách,Cần Thơ,Cửa hàng,2,2,1486500.0,1188710.0
2025-09-19,Sách,Cần Thơ,Online,2,2,485500.0,320533.0
2025-09-19,Sách,Hà Nội,Cửa hàng,4,4,979800.0,637136.0
2025-09-19,Sách,Hà Nội,Online,6,6,2474400.0,1741578.0
2025-09-19,Sách,Hải Phòng,Online,2,1,718350.0,563878.0
2025-09-19,Sách,TP HCM,Cửa hàng,3,3,552600.0,399976.0
2025-09-19,Sách,TP HCM,Online,3,3,448000.0,316267.0
2025-09-19,Sách,Đà Nẵng,Cửa hàng,2,2,2263599.0,1590998.0
2025-09-19,Sách,Đà Nẵng,Online,3,3,676000.0,513648.0
2025-09-19,Thời trang,Cần Thơ,Online,1,1,721000.0,550297.0
2025-09-19,Thời trang,Hà Nội,Cửa hàng,2,2,2268600.0,1757505.0
2025-09-19,Thời trang,Hà Nội,Online,4,4,3958900.0,3043581.0
2025-09-19,Thời trang,Hải Phòng,Cửa hàng,1,1,1358000.0,928181.0
2025-09-19,Thời trang,Hải Phòng,Online,3,3,3735650.0,2846473.0
2025-09-19,Thời trang,TP HCM,Cửa hàng,3,3,3737500.0,2674108.0
2025-09-19,Thời trang,TP HCM,Online,3,3,4787000.0,3350718.0
2025-09-19,Thời trang,Đà Nẵng,Cửa hàng,5,5,7592000.0,5625453.0
2025-09-19,Thực phẩm,Cần Thơ,Cửa hàng,6,6,2113200.0,1452530.0
2025-09-19,Thực phẩm,Cần Thơ,Online,4,4,1757950.0,1356591.0
2025-09-19,Thực phẩm,Hà Nội,Cửa hàng,9,9,2477400.0,1887185.0
2025-09-19,Thực phẩm,Hà Nội,Online,6,6,2009100.0,1423306.0
2025-09-19,Thực phẩm,Hải Phòng,Cửa hàng,1,1,182400.0,118667.0
2025-09-19,Thực phẩm,Hải Phòng,Online,5,5,1011700.0,728998.0
2025-09-19,Thực phẩm,TP HCM,Cửa hàng,10,10,5517324.0,3918556.0
2025-09-19,Thực phẩm,TP HCM,Online,8,8,2907350.0,2229969.0
2025-09-19,Thực phẩm,Đà Nẵng,Cửa hàng,4,4,1115850.0,820122.0
2025-09-19,Thực phẩm,Đà Nẵng,Online,4,4,701000.0,547255.0
2025-09-19,Điện tử,Hà Nội,Cửa hàng,2,2,3523950.0,2747303.0
2025-09-19,Điện tử,Hà Nội,Online,2,2,9326800.0,6300787.0
2025-09-19,Điện tử,Hải Phòng,Cửa hàng,2,2,2163000.0,1442125.0
2025-09-19,Điện tử,Hải Phòng,Online,2,2,2084050.0,1505578.0
2025-09-19,Điện tử,TP HCM,Cửa hàng,3,3,6109000.0,4978123.0
2025-09-19,Điện tử,TP HCM,Online,8,8,16516100.0,12064002.0
2025-09-19,Điện tử,Đà Nẵng,Cửa hàng,4,4,5665450.0,3985031.0
2025-09-19,Điện tử,Đà Nẵng,Online,2,2,2285900.0,1654488.0
2025-09-20,Gia dụng,Cần Thơ,Cửa hàng,1,1,748000.0,617228.0
2025-09-20,Gia dụng,Hà Nội,Cửa hàng,4,4,3280700.0,2440915.0
2025-09-20,Gia dụng,Hà Nội,Online,5,5,5756600.0,4282265.0
2025-09-20,Gia dụng,Hải Phòng,Cửa hàng,3,3,3379650.0,2450607.0
2025-09-20,Gia dụng,Hải Phòng,Online,1,1,847400.0,611133.0
2025-09-20,Gia dụng,TP HCM,Cửa hàng,3,3,4742200.0,3529232.0
2025-09-20,Gia dụng,TP HCM,Online,7,7,13264950.0,9296308.0
2025-09-20,Gia dụng,Đà Nẵng,Cửa hàng,5,5,12823249.0,9531737.0
2025-09-20,Gia dụng,Đà Nẵng,Online,4,4,3065650.0,2249776.0
2025-09-20,Mỹ phẩm,Cần Thơ,Cửa hàng,1,1,402050.0,262277.0
2025-09-20,Mỹ phẩm,Hà Nội,Cửa hàng,4,4,2610800.0,2043653.0
2025-09-20,Mỹ phẩm,Hà Nội,Online,1,1,431100.0,334924.0
2025-09-20,Mỹ phẩm,Hải Phòng,Cửa hàng,2,2,1931000.0,1363537.0
2025-09-20,Mỹ phẩm,TP HCM,Cửa hàng,6,6,6002000.0,4472994.0
2025-09-20,Mỹ phẩm,TP HCM,Online,2,2,991000.0,752402.0
2025-09-20,Mỹ phẩm,Đà Nẵng,Cửa hàng,3,3,2246000.0,1661159.0
2025-09-20,Sách,Cần Thơ,Cửa hàng,3,3,952900.0,619622.0
2025-09-20,Sách,Cần Thơ,Online,1,1,115200.0,69773.0
2025-09-20,Sách,Hà Nội,Cửa hàng,5,5,1286300.0,956326.0
2025-09-20,Sách,Hà Nội,Online,4,4,547600.0,411496.0
2025-09-20,Sách,Hải Phòng,Cửa hàng,2,2,714000.0,517404.0
2025-09-20,Sách,Hải Phòng,Online,1,1,159000.0,128954.0
2025-09-20,Sách,TP HCM,Cửa hàng,6,6,1113050.0,869910.0
2025-09-20,Sách,TP HCM,Online,2,2,808500.0,629598.0
2025-09-20,Thời trang,Cần Thơ,Online,2,2,2895400.0,2346699.0
2025-09-20,Thời trang,Hà Nội,Cửa hàng,4,4,3948900.0,2691912.0
2025-09-20,Thời trang,Hải Phòng,Cửa hàng,4,4,2845300.0,2007106.0
2025-09-20,Thời trang,Hải Phòng,Online,2,2,3193400.0,2485932.0
2025-09-20,Thời trang,TP HCM,Cửa hàng,7,7,7974200.0,5656719.0
2025-09-20,Thời trang,TP HCM,Online,1,1,1510000.0,1091780.0
2025-09-20,Thời trang,Đà Nẵng,Cửa hàng,3,3,2965200.0,2321938.0
2025-09-20,Thời trang,Đà Nẵng,Online,4,4,3880200.0,2901723.0
2025-09-20,Thực phẩm,Cần Thơ,Cửa hàng,2,2,589600.0,442283.0
2025-09-20,Thực phẩm,Cần Thơ,Online,3,3,2001200.0,1611870.0
2025-09-20,Thực phẩm,Hà Nội,Cửa hàng,10,10,5931500.0,4183203.0
2025-09-20,Thực phẩm,Hà Nội,Online,9,9,2452850.0,1701047.0
2025-09-20,Thực phẩm,Hải Phòng,Cửa hàng,5,5,4286799.0,3093374.0
2025-09-20,Thực phẩm,Hải Phòng,Online,5,5,1436150.0,1048834.0
2025-09-20,Thực phẩm,TP HCM,Cửa hàng,8,8,2228600.0,1553683.0
2025-09-20,Thực phẩm,TP HCM,Online,4,4,914300.0,648881.0
2025-09-20,Thực phẩm,Đà Nẵng,Cửa hàng,8,8,2598250.0,1821268.0
2025-09-20,Thực phẩm,Đà Nẵng,Online,5,5,1003250.0,717460.0
2025-09-20,Điện tử,Cần Thơ,Cửa hàng,1,1,2235600.0,1825539.0
2025-09-20,Điện tử,Cần Thơ,Online,2,2,3217000.0,1996018.0
2025-09-20,Điện tử,Hà Nội,Cửa hàng,7,7,15586550.0,11030310.0
2025-09-20,Điện tử,Hà Nội,Online,2,2,2156550.0,1483475.0
2025-09-20,Điện tử,Hải Phòng,Online,1,1,3753000.0,3029622.0
2025-09-20,Điện tử,TP HCM,Cửa hàng,8,8,16661550.0,12113355.0
2025-09-20,Điện tử,TP HCM,Online,2,2,3678550.0,2507655.0
2025-09-20,Điện tử,Đà Nẵng,Cửa hàng,5,5,13125000.0,9154322.0
2025-09-20,Điện tử,Đà Nẵng,Online,3,3,5342200.0,3406939.0
2025-09-21,Gia dụng,Cần Thơ,Cửa hàng,2,2,4307000.0,3017460.0
2025-09-21,Gia dụng,Cần Thơ,Online,3,3,2290400.0,1602233.0
2025-09-21,Gia dụng,Hà Nội,Cửa hàng,5,5,6522350.0,4786479.0
2025-09-21,Gia dụng,Hà Nội,Online,4,4,4125300.0,2740757.0
2025-09-21,Gia dụng,Hải Phòng,Cửa hàng,1,1,1736000.0,1069872.0
2025-09-21,Gia dụng,Hải Phòng,Online,2,2,6322000.0,4070307.0
2025-09-21,Gia dụng,TP HCM,Cửa hàng,3,3,2630500.0,1890835.0
2025-09-21,Gia dụng,TP HCM,Online,8,8,11677600.0,8876946.0
2025-09-21,Mỹ phẩm,Cần Thơ,Cửa hàng,2,2,1497800.0,1265120.0
2025-09-21,Mỹ phẩm,Hà Nội,Cửa hàng,3,3,1981200.0,1492793.0
2025-09-21,Mỹ phẩm,Hà Nội,Online,3,3,2282100.0,1475938.0
2025-09-21,Mỹ phẩm,Hải Phòng,Online,1,1,464000.0,335122.0
2025-09-21,Mỹ phẩm,TP HCM,Cửa hàng,5,5,12395784.0,8807095.0
2025-09-21,Mỹ phẩm,TP HCM,Online,1,1,512050.0,324193.0
2025-09-21,Mỹ phẩm,Đà Nẵng,Online,1,1,374000.0,270120.0
2025-09-21,Sách,Cần Thơ,Cửa hàng,1,1,155000.0,118831.0
2025-09-21,Sách,Cần Thơ,Online,2,2,276000.0,199935.0
2025-09-21,Sách,Hà Nội,Cửa hàng,3,3,875200.0,671147.0
2025-09-21,Sách,Hà Nội,Online,2,2,852000.0,655874.0
2025-09-21,Sách,Hải Phòng,Cửa hàng,1,1,276000.0,224176.0
2025-09-21,Sách,Hải Phòng,Online,1,1,150300.0,112510.0
2025-09-21,Sách,TP HCM,Cửa hàng,3,3,712000.0,461653.0
2025-09-21,Sách,TP HCM,Online,3,3,715400.0,506357.0
2025-09-21,Sách,Đà Nẵng,Cửa hàng,2,2,401000.0,301635.0
2025-09-21,Thời trang,Cần Thơ,Online,1,1,2220150.0,1540024.0
2025-09-21,Thời trang,Hà Nội,Cửa hàng,5,5,4226050.0,3026648.0
2025-09-21,Thời trang,Hà Nội,Online,4,4,4480000.0,3256606.0
2025-09-21,Thời trang,Hải Phòng,Cửa hàng,2,2,2149400.0,1454024.0
2025-09-21,Thời trang,TP HCM,Cửa hàng,7,7,6136000.0,4575520.0
2025-09-21,Thời trang,TP HCM,Online,2,2,2020100.0,1348105.0
2025-09-21,Thời trang,Đà Nẵng,Cửa hàng,1,1,609900.0,485790.0
2025-09-21,Thời trang,Đà Nẵng,Online,1,1,3031200.0,2161427.0
2025-09-21,Thực phẩm,Cần Thơ,Cửa hàng,2,2,835000.0,659191.0
2025-09-21,Thực phẩm,Cần Thơ,Online,2,2,1172800.0,873385.0
2025-09-21,Thực phẩm,Hà Nội,Cửa hàng,10,10,4281200.0,3029689.0
2025-09-21,Thực phẩm,Hà Nội,Online,10,10,3712600.0,2643865.0
2025-09-21,Thực phẩm,Hải Phòng,Cửa hàng,2,2,986000.0,685122.0
2025-09-21,Thực phẩm,Hải Phòng,Online,1,1,194750.0,141226.0
2025-09-21,Thực phẩm,TP HCM,Cửa hàng,16,16,4893850.0,3629703.0
2025-09-21,Thực phẩm,TP HCM,Online,10,10,3914250.0,2847725.0
2025-09-21,Thực phẩm,Đà Nẵng,Cửa hàng,2,2,323300.0,259595.0
2025-09-21,Thực phẩm,Đà Nẵng,Online,4,4,1481350.0,1031844.0
2025-09-21,Điện tử,Cần Thơ,Cửa hàng,1,1,3642000.0,2776974.0
2025-09-21,Điện tử,Cần Thơ,Online,5,5,8291000.0,6062184.0
2025-09-21,Điện tử,Hà Nội,Cửa hàng,7,7,10893050.0,7908582.0
2025-09-21,Điện tử,Hà Nội,Online,4,4,7881500.0,5396459.0
2025-09-21,Điện tử,Hải Phòng,Cửa hàng,5,5,27509890.0,19247043.0
2025-09-21,Điện tử,TP HCM,Cửa hàng,5,5,7682000.0,5938306.0
2025-09-21,Điện tử,TP HCM,Online,8,8,13151250.0,9757529.0
2025-09-21,Điện tử,Đà Nẵng,Online,1,1,1112000.0,804843.0
2025-09-22,Gia dụng,Cần Thơ,Cửa hàng,1,1,717300.0,506290.0
2025-09-22,Gia dụng,Cần Thơ,Online,1,1,841500.0,662131.0
2025-09-22,Gia dụng,Hà Nội,Cửa hàng,7,7,12123000.0,9081507.0
2025-09-22,Gia dụng,Hà Nội,Online,5,5,7710450.0,5606887.0
2025-09-22,Gia dụng,Hải Phòng,Cửa hàng,3,3,7704500.0,5302999.0
2025-09-22,Gia dụng,TP HCM,Cửa hàng,11,11,20672150.0,14899232.0
2025-09-22,Gia dụng,TP HCM,Online,6,6,6544400.0,4940836.0
2025-09-22,Gia dụng,Đà Nẵng,Cửa hàng,2,2,1529000.0,1097470.0
2025-09-22,Mỹ phẩm,Cần Thơ,Cửa hàng,3,3,2925000.0,2121338.0
2025-09-22,Mỹ phẩm,Cần Thơ,Online,2,2,2140000.0,1431777.0
2025-09-22,Mỹ phẩm,Hà Nội,Cửa hàng,1,1,2218500.0,1498538.0
2025-09-22,Mỹ phẩm,Hà Nội,Online,2,2,1313800.0,963972.0
2025-09-22,Mỹ phẩm,Hải Phòng,Cửa hàng,1,1,2280000.0,1764501.0
2025-09-22,Mỹ phẩm,TP HCM,Cửa hàng,4,4,4247600.0,3004559.0
2025-09-22,Mỹ phẩm,TP HCM,Online,2,2,1297700.0,854143.0
2025-09-22,Mỹ phẩm,Đà Nẵng,Online,3,3,2898100.0,2038575.0
2025-09-22,Sách,Hà Nội,Cửa hàng,6,6,1906900.0,1384678.0
2025-09-22,Sách,Hải Phòng,Cửa hàng,1,1,147000.0,115161.0
2025-09-22,Sách,Hải Phòng,Online,1,1,282000.0,194831.0
2025-09-22,Sách,TP HCM,Cửa hàng,3,3,991500.0,695934.0
2025-09-22,Sách,TP HCM,Online,5,5,918000.0,641386.0
2025-09-22,Sách,Đà Nẵng,Cửa hàng,3,3,883550.0,590814.0
2025-09-22,Sách,Đà Nẵng,Online,1,1,270000.0,195589.0
2025-09-22,Thời trang,Cần Thơ,Cửa hàng,2,2,3921000.0,2766668.0
2025-09-22,Thời trang,Cần Thơ,Online,2,2,3032000.0,2150867.0
2025-09-22,Thời trang,Hà Nội,Cửa hàng,4,4,5466500.0,4029522.0
2025-09-22,Thời trang,Hà Nội,Online,5,5,5225100.0,3914111.0
2025-09-22,Thời trang,Hải Phòng,Cửa hàng,2,2,2236000.0,1739872.0
2025-09-22,Thời trang,Hải Phòng,Online,1,1,659000.0,431477.0
2025-09-22,Thời trang,TP HCM,Cửa hàng,9,9,11436600.0,7685889.0
2025-09-22,Thời trang,TP HCM,Online,3,3,2033650.0,1552800.0
2025-09-22,Thời trang,Đà Nẵng,Cửa hàng,2,2,3841550.0,2941767.0
2025-09-22,Thời trang,Đà Nẵng,Online,3,3,5978000.0,4406678.0
2025-09-22,Thực phẩm,Cần Thơ,Cửa hàng,6,6,4672601.0,3209776.0
2025-09-22,Thực phẩm,Cần Thơ,Online,3,3,796050.0,639079.0
2025-09-22,Thực phẩm,Hà Nội,Cửa hàng,7,7,1984700.0,1398761.0
2025-09-22,Thực phẩm,Hà Nội,Online,11,11,5910200.0,4159736.0
2025-09-22,Thực phẩm,Hải Phòng,Cửa hàng,1,1,163000.0,122241.0
2025-09-22,Thực phẩm,Hải Phòng,Online,2,2,361000.0,283615.0
2025-09-22,Thực phẩm,TP HCM,Cửa hàng,9,9,2529100.0,1850005.0
2025-09-22,Thực phẩm,TP HCM,Online,7,7,1737000.0,1280284.0
2025-09-22,Thực phẩm,Đà Nẵng,Cửa hàng,2,2,345000.0,226469.0
2025-09-22,Thực phẩm,Đà Nẵng,Online,1,1,142200.0,102784.0
2025-09-22,Điện tử,Cần Thơ,Cửa hàng,2,2,3340000.0,2505485.0
2025-09-22,Điện tử,Cần Thơ,Online,2,2,4554000.0,3234215.0
2025-09-22,Điện tử,Hà Nội,Cửa hàng,3,3,8040000.0,5419040.0
2025-09-22,Điện tử,Hà Nội,Online,3,3,5267950.0,3624795.0
2025-09-22,Điện tử,Hải Phòng,Cửa hàng,4,4,12443700.0,8387964.0
2025-09-22,Điện tử,Hải Phòng,Online,2,2,2069050.0,1550338.0
2025-09-22,Điện tử,TP HCM,Cửa hàng,9,9,17102650.0,12429106.0
2025-09-22,Điện tử,TP HCM,Online,8,8,12675250.0,9157263.0
2025-09-22,Điện tử,Đà Nẵng,Cửa hàng,2,2,2140000.0,1682838.0
2025-09-23,Gia dụng,Cần Thơ,Cửa hàng,2,2,2210800.0,1548566.0
2025-09-23,Gia dụng,Cần Thơ,Online,2,2,4605400.0,3305272.0
2025-09-23,Gia dụng,Hà Nội,Cửa hàng,4,4,3179350.0,2384276.0
2025-09-23,Gia dụng,Hà Nội,Online,5,5,8367000.0,6133082.0
2025-09-23,Gia dụng,Hải Phòng,Cửa hàng,6,6,8772400.0,6234096.0
2025-09-23,Gia dụng,Hải Phòng,Online,1,1,3680000.0,2653965.0
2025-09-23,Gia dụng,TP HCM,Cửa hàng,7,7,12591450.0,9287155.0
2025-09-23,Gia dụng,TP HCM,Online,8,8,14407350.0,9408645.0
2025-09-23,Mỹ phẩm,Cần Thơ,Cửa hàng,2,2,907300.0,643930.0
2025-09-23,Mỹ phẩm,Cần Thơ,Online,1,1,404700.0,253354.0
2025-09-23,Mỹ phẩm,Hà Nội,Cửa hàng,1,1,457000.0,383737.0
2025-09-23,Mỹ phẩm,Hà Nội,Online,3,3,1326450.0,926955.0
2025-09-23,Mỹ phẩm,Hải Phòng,Cửa hàng,2,2,851350.0,631202.0
2025-09-23,Mỹ phẩm,TP HCM,Cửa hàng,2,2,2678400.0,1942060.0
2025-09-23,Mỹ phẩm,TP HCM,Online,3,3,2245400.0,1672033.0
2025-09-23,Mỹ phẩm,Đà Nẵng,Cửa hàng,3,3,2865450.0,2109818.0
2025-09-23,Mỹ phẩm,Đà Nẵng,Online,3,3,1601800.0,1063574.0
2025-09-23,Sách,Cần Thơ,Cửa hàng,1,1,264100.0,198462.0
2025-09-23,Sách,Cần Thơ,Online,2,2,282000.0,220171.0
2025-09-23,Sách,Hà Nội,Cửa hàng,8,8,2028550.0,1451451.0
2025-09-23,Sách,Hà Nội,Online,6,6,2801581.0,2039315.0
2025-09-23,Sách,Hải Phòng,Online,2,2,473000.0,367024.0
2025-09-23,Sách,TP HCM,Cửa hàng,5,5,1847000.0,1298247.0
2025-09-23,Sách,TP HCM,Online,2,2,777000.0,548091.0
2025-09-23,Sách,Đà Nẵng,Cửa hàng,1,1,420000.0,332019.0
2025-09-23,Thời trang,Cần Thơ,Online,1,1,651700.0,551362.0
2025-09-23,Thời trang,Hà Nội,Cửa hàng,6,6,7119200.0,5317893.0
2025-09-23,Thời trang,Hà Nội,Online,1,1,3725000.0,2237912.0
2025-09-23,Thời trang,Hải Phòng,Online,1,1,695400.0,424056.0
2025-09-23,Thời trang,TP HCM,Cửa hàng,8,8,8624500.0,5701167.0
2025-09-23,Thời trang,TP HCM,Online,5,5,6724650.0,4910174.0
2025-09-23,Thời trang,Đà Nẵng,Online,3,3,2953350.0,2126656.0
2025-09-23,Thực phẩm,Cần Thơ,Cửa hàng,3,3,1279750.0,892045.0
2025-09-23,Thực phẩm,Cần Thơ,Online,9,9,3273900.0,2412094.0
2025-09-23,Thực phẩm,Hà Nội,Cửa hàng,13,13,3250350.0,2429668.0
2025-09-23,Thực phẩm,Hà Nội,Online,8,8,2005500.0,1438945.0
2025-09-23,Thực phẩm,Hải Phòng,Cửa hàng,3,3,765050.0,516220.0
2025-09-23,Thực phẩm,Hải Phòng,Online,3,3,1208900.0,844840.0
2025-09-23,Thực phẩm,TP HCM,Cửa hàng,10,10,2328300.0,1596833.0
2025-09-23,Thực phẩm,TP HCM,Online,10,10,2472450.0,1772879.0
2025-09-23,Thực phẩm,Đà Nẵng,Cửa hàng,5,5,1347550.0,1041935.0
2025-09-23,Thực phẩm,Đà Nẵng,Online,2,2,1235000.0,1042767.0
2025-09-23,Điện tử,Cần Thơ,Online,2,2,3169200.0,2360405.0
2025-09-23,Điện tử,Hà Nội,Cửa hàng,9,9,19596700.0,14601384.0
2025-09-23,Điện tử,Hà Nội,Online,5,5,10420500.0,7900462.0
2025-09-23,Điện tử,Hải Phòng,Cửa hàng,3,3,4707900.0,3256883.0
2025-09-23,Điện tử,Hải Phòng,Online,1,1,963300.0,668829.0
2025-09-23,Điện tử,TP HCM,Cửa hàng,9,9,19551950.0,14927608.0
2025-09-23,Điện tử,TP HCM,Online,6,6,10602050.0,7882672.0
2025-09-23,Điện tử,Đà Nẵng,Cửa hàng,1,1,998000.0,669953.0
2025-09-23,Điện tử,Đà Nẵng,Online,3,3,10845900.0,8123785.0
2025-09-24,Gia dụng,Cần Thơ,Cửa hàng,4,4,9804750.0,6629035.0
2025-09-24,Gia dụng,Cần Thơ,Online,5,5,6990700.0,4850829.0
2025-09-24,Gia dụng,Hà Nội,Cửa hàng,6,6,9359000.0,7245060.0
2025-09-24,Gia dụng,Hà Nội,Online,5,5,3915700.0,3017996.0
2025-09-24,Gia dụng,Hải Phòng,Cửa hàng,4,4,6854000.0,5268439.0
2025-09-24,Gia dụng,Hải Phòng,Online,1,1,769000.0,649548.0
2025-09-24,Gia dụng,TP HCM,Cửa hàng,5,5,4917150.0,3407889.0
2025-09-24,Gia dụng,TP HCM,Online,5,5,7700400.0,5905250.0
2025-09-24,Gia dụng,Đà Nẵng,Cửa hàng,1,1,785400.0,609402.0
2025-09-24,Gia dụng,Đà Nẵng,Online,3,3,4597000.0,3365037.0
2025-09-24,Mỹ phẩm,Cần Thơ,Cửa hàng,2,2,948100.0,661977.0
2025-09-24,Mỹ phẩm,Cần Thơ,Online,3,3,3853400.0,2783102.0
2025-09-24,Mỹ phẩm,Hà Nội,Cửa hàng,3,3,1947000.0,1516816.0
2025-09-24,Mỹ phẩm,Hà Nội,Online,2,2,3032000.0,2214393.0
2025-09-24,Mỹ phẩm,Hải Phòng,Cửa hàng,1,1,976000.0,674167.0
2025-09-24,Mỹ phẩm,TP HCM,Cửa hàng,1,1,1058000.0,878197.0
2025-09-24,Mỹ phẩm,TP HCM,Online,2,2,857350.0,667831.0
2025-09-24,Mỹ phẩm,Đà Nẵng,Online,1,1,403200.0,291210.0
2025-09-24,Sách,Cần Thơ,Cửa hàng,2,2,382300.0,265201.0
2025-09-24,Sách,Cần Thơ,Online,2,2,477500.0,330053.0
2025-09-24,Sách,Hà Nội,Cửa hàng,3,3,1009000.0,685717.0
2025-09-24,Sách,Hà Nội,Online,2,2,632700.0,495704.0
2025-09-24,Sách,Hải Phòng,Cửa hàng,1,1,596600.0,417863.0
2025-09-24,Sách,TP HCM,Cửa hàng,2,2,533500.0,381289.0
2025-09-24,Sách,TP HCM,Online,3,3,543700.0,408795.0
2025-09-24,Sách,Đà Nẵng,Cửa hàng,1,1,288000.0,193930.0
2025-09-24,Thời trang,Cần Thơ,Cửa hàng,1,1,780000.0,488991.0
2025-09-24,Thời trang,Cần Thơ,Online,1,1,1378000.0,967609.0
2025-09-24,Thời trang,Hà Nội,Cửa hàng,3,3,2803500.0,1947082.0
2025-09-24,Thời trang,Hà Nội,Online,3,3,3971350.0,2877701.0
2025-09-24,Thời trang,Hải Phòng,Cửa hàng,3,3,3988600.0,2631172.0
2025-09-24,Thời trang,Hải Phòng,Online,2,2,3538000.0,2558092.0
2025-09-24,Thời trang,TP HCM,Cửa hàng,5,5,4562850.0,3502393.0
2025-09-24,Thời trang,TP HCM,Online,4,4,5344400.0,4102248.0
2025-09-24,Thời trang,Đà Nẵng,Cửa hàng,1,1,1628000.0,1136696.0
2025-09-24,Thực phẩm,Cần Thơ,Cửa hàng,3,3,1396000.0,1085099.0
2025-09-24,Thực phẩm,Cần Thơ,Online,3,3,1228000.0,874650.0
2025-09-24,Thực phẩm,Hà Nội,Cửa hàng,9,9,3214100.0,2170158.0
2025-09-24,Thực phẩm,Hà Nội,Online,4,4,1168100.0,918557.0
2025-09-24,Thực phẩm,Hải Phòng,Cửa hàng,5,5,1746000.0,1317836.0
2025-09-24,Thực phẩm,Hải Phòng,Online,2,2,1070600.0,822336.0
2025-09-24,Thực phẩm,TP HCM,Cửa hàng,13,13,4132650.0,2988295.0
2025-09-24,Thực phẩm,TP HCM,Online,5,5,1288700.0,928090.0
2025-09-24,Thực phẩm,Đà Nẵng,Cửa hàng,7,7,2146400.0,1506949.0
2025-09-24,Thực phẩm,Đà Nẵng,Online,8,8,2350250.0,1683537.0
2025-09-24,Điện tử,Cần Thơ,Cửa hàng,1,1,1114200.0,918039.0
2025-09-24,Điện tử,Cần Thơ,Online,3,3,4166000.0,2799443.0
2025-09-24,Điện tử,Hà Nội,Cửa hàng,2,2,3165700.0,2177157.0
2025-09-24,Điện tử,Hà Nội,Online,4,4,6112600.0,4574709.0
2025-09-24,Điện tử,Hải Phòng,Cửa hàng,1,1,1984000.0,1578846.0
2025-09-24,Điện tử,Hải Phòng,Online,6,6,10758800.0,7381356.0
2025-09-24,Điện tử,TP HCM,Cửa hàng,7,7,17675750.0,13153389.0
2025-09-24,Điện tử,TP HCM,Online,3,3,2909200.0,2077840.0
2025-09-24,Điện tử,Đà Nẵng,Cửa hàng,2,2,3352000.0,2443911.0
2025-09-24,Điện tử,Đà Nẵng,Online,3,3,7322000.0,5635992.0
2025-09-25,Gia dụng,Cần Thơ,Cửa hàng,3,3,6686000.0,4552648.0
2025-09-25,Gia dụng,Hà Nội,Cửa hàng,3,3,8725550.0,6590913.0
2025-09-25,Gia dụng,Hà Nội,Online,5,5,11253800.0,8273276.0
2025-09-25,Gia dụng,Hải Phòng,Cửa hàng,1,1,1683400.0,1367648.0
2025-09-25,Gia dụng,Hải Phòng,Online,2,2,6798000.0,4811924.0
2025-09-25,Gia dụng,TP HCM,Cửa hàng,6,6,8144650.0,5486267.0
2025-09-25,Gia dụng,TP HCM,Online,6,6,17781669.0,12850025.0
2025-09-25,Gia dụng,Đà Nẵng,Cửa hàng,2,2,1548650.0,1039116.0
2025-09-25,Gia dụng,Đà Nẵng,Online,5,5,5513700.0,3771448.0
2025-09-25,Mỹ phẩm,Cần Thơ,Online,1,1,1319550.0,1016735.0
2025-09-25,Mỹ phẩm,Hà Nội,Cửa hàng,4,4,2629550.0,1876501.0
2025-09-25,Mỹ phẩm,Hà Nội,Online,3,3,1863000.0,1345544.0
2025-09-25,Mỹ phẩm,Hải Phòng,Cửa hàng,2,2,1662900.0,1171097.0
2025-09-25,Mỹ phẩm,Hải Phòng,Online,2,2,2383000.0,1528215.0
2025-09-25,Mỹ phẩm,TP HCM,Cửa hàng,2,2,963500.0,757645.0
2025-09-25,Mỹ phẩm,TP HCM,Online,6,6,5093500.0,3697298.0
2025-09-25,Mỹ phẩm,Đà Nẵng,Cửa hàng,1,1,494950.0,416162.0
2025-09-25,Mỹ phẩm,Đà Nẵng,Online,1,1,487350.0,335209.0
2025-09-25,Sách,Cần Thơ,Cửa hàng,2,2,567300.0,395073.0
2025-09-25,Sách,Cần Thơ,Online,1,1,672000.0,515323.0
2025-09-25,Sách,Hà Nội,Cửa hàng,6,6,1316600.0,971157.0
2025-09-25,Sách,Hà Nội,Online,3,3,2964490.0,2066485.0
2025-09-25,Sách,Hải Phòng,Online,2,2,301000.0,231125.0
2025-09-25,Sách,TP HCM,Cửa hàng,5,5,1775100.0,1297885.0
2025-09-25,Sách,TP HCM,Online,4,4,1422600.0,1001457.0
2025-09-25,Sách,Đà Nẵng,Cửa hàng,2,2,313100.0,211699.0
2025-09-25,Thời trang,Cần Thơ,Cửa hàng,1,1,770000.0,509206.0
2025-09-25,Thời trang,Cần Thơ,Online,2,2,1303900.0,968771.0
2025-09-25,Thời trang,Hà Nội,Cửa hàng,2,2,2398000.0,1822800.0
2025-09-25,Thời trang,Hà Nội,Online,3,3,3948950.0,2913091.0
2025-09-25,Thời trang,Hải Phòng,Cửa hàng,4,4,5840300.0,4193231.0
2025-09-25,Thời trang,TP HCM,Cửa hàng,7,7,9782900.0,7289913.0
2025-09-25,Thời trang,TP HCM,Online,3,3,3281400.0,2573778.0
2025-09-25,Thời trang,Đà Nẵng,Cửa hàng,1,1,1514000.0,1195518.0
2025-09-25,Thời trang,Đà Nẵng,Online,2,2,3504000.0,2494191.0
2025-09-25,Thực phẩm,Cần Thơ,Cửa hàng,4,4,1716250.0,1330790.0
2025-09-25,Thực phẩm,Cần Thơ,Online,4,4,3368760.0,2462010.0
2025-09-25,Thực phẩm,Hà Nội,Cửa hàng,4,4,1045050.0,730426.0
2025-09-25,Thực phẩm,Hà Nội,Online,3,3,1153200.0,814225.0
2025-09-25,Thực phẩm,Hải Phòng,Cửa hàng,3,3,3527207.0,2567155.0
2025-09-25,Thực phẩm,Hải Phòng,Online,3,3,696700.0,522308.0
2025-09-25,Thực phẩm,TP HCM,Cửa hàng,6,6,1671500.0,1204490.0
2025-09-25,Thực phẩm,TP HCM,Online,11,11,2018850.0,1418419.0
2025-09-25,Thực phẩm,Đà Nẵng,Cửa hàng,6,6,1560800.0,1102575.0
2025-09-25,Thực phẩm,Đà Nẵng,Online,6,6,1446400.0,1011065.0
2025-09-25,Điện tử,Cần Thơ,Cửa hàng,3,3,4657450.0,3486287.0
2025-09-25,Điện tử,Hà Nội,Cửa hàng,3,3,5590500.0,4224807.0
2025-09-25,Điện tử,Hà Nội,Online,4,4,6073400.0,4128793.0
2025-09-25,Điện tử,Hải Phòng,Cửa hàng,4,4,3797700.0,2822034.0
2025-09-25,Điện tử,Hải Phòng,Online,4,4,6726450.0,4880598.0
2025-09-25,Điện tử,TP HCM,Cửa hàng,3,3,7019700.0,4926722.0
2025-09-25,Điện tử,TP HCM,Online,5,5,12101700.0,8589485.0
2025-09-25,Điện tử,Đà Nẵng,Cửa hàng,3,3,7679300.0,6004637.0
2025-09-25,Điện tử,Đà Nẵng,Online,2,2,2145000.0,1547830.0
2025-09-26,Gia dụng,Cần Thơ,Online,1,1,2692800.0,2041996.0
2025-09-26,Gia dụng,Hà Nội,Cửa hàng,4,4,8116700.0,6232556.0
2025-09-26,Gia dụng,Hà Nội,Online,2,2,3972000.0,2986214.0
2025-09-26,Gia dụng,Hải Phòng,Cửa hàng,3,3,4489250.0,3090138.0
2025-09-26,Gia dụng,Hải Phòng,Online,2,2,1496750.0,1262501.0
2025-09-26,Gia dụng,TP HCM,Cửa hàng,6,6,8448300.0,6459550.0
2025-09-26,Gia dụng,TP HCM,Online,6,6,8693650.0,6173380.0
2025-09-26,Gia dụng,Đà Nẵng,Cửa hàng,5,5,6811200.0,5064129.0
2025-09-26,Gia dụng,Đà Nẵng,Online,3,3,3268000.0,2264671.0
2025-09-26,Mỹ phẩm,Cần Thơ,Online,2,2,1421000.0,1109570.0
2025-09-26,Mỹ phẩm,Hà Nội,Cửa hàng,2,2,1009000.0,647388.0
2025-09-26,Mỹ phẩm,Hà Nội,Online,2,2,1334000.0,938924.0
2025-09-26,Mỹ phẩm,Hải Phòng,Cửa hàng,1,1,1273950.0,1063018.0
2025-09-26,Mỹ phẩm,TP HCM,Cửa hàng,6,6,4202450.0,2944233.0
2025-09-26,Mỹ phẩm,TP HCM,Online,3,3,2879000.0,2136739.0
2025-09-26,Mỹ phẩm,Đà Nẵng,Online,1,1,447300.0,321861.0
2025-09-26,Sách,Cần Thơ,Cửa hàng,1,1,487350.0,368967.0
2025-09-26,Sách,Hà Nội,Cửa hàng,3,3,1238650.0,976083.0
2025-09-26,Sách,Hà Nội,Online,2,2,410800.0,282031.0
2025-09-26,Sách,Hải Phòng,Cửa hàng,1,1,292400.0,175709.0
2025-09-26,Sách,Hải Phòng,Online,2,2,1706110.0,1213030.0
2025-09-26,Sách,TP HCM,Cửa hàng,8,8,5539824.0,4034169.0
2025-09-26,Sách,TP HCM,Online,3,3,439800.0,307172.0
2025-09-26,Sách,Đà Nẵng,Online,2,2,663000.0,519207.0
2025-09-26,Thời trang,Cần Thơ,Cửa hàng,1,1,722000.0,504933.0
2025-09-26,Thời trang,Cần Thơ,Online,1,1,782800.0,565990.0
2025-09-26,Thời trang,Hà Nội,Cửa hàng,3,3,4653600.0,3325441.0
2025-09-26,Thời trang,Hà Nội,Online,4,4,6600250.0,4801526.0
2025-09-26,Thời trang,Hải Phòng,Cửa hàng,1,1,1704000.0,1232812.0
2025-09-26,Thời trang,Hải Phòng,Online,1,1,2541000.0,1528672.0
2025-09-26,Thời trang,TP HCM,Cửa hàng,3,3,6513100.0,4210351.0
2025-09-26,Thời trang,TP HCM,Online,2,2,2013000.0,1490399.0
2025-09-26,Thời trang,Đà Nẵng,Cửa hàng,2,2,1561000.0,1047549.0
2025-09-26,Thực phẩm,Cần Thơ,Cửa hàng,3,3,626250.0,454119.0
2025-09-26,Thực phẩm,Cần Thơ,Online,3,3,1592000.0,1060859.0
2025-09-26,Thực phẩm,Hà Nội,Cửa hàng,8,8,3365500.0,2427604.0
2025-09-26,Thực phẩm,Hà Nội,Online,8,8,3110550.0,2158919.0
2025-09-26,Thực phẩm,Hải Phòng,Cửa hàng,3,3,817700.0,539206.0
2025-09-26,Thực phẩm,TP HCM,Cửa hàng,10,10,3364250.0,2398951.0
2025-09-26,Thực phẩm,TP HCM,Online,14,14,6124100.0,4318403.0
2025-09-26,Thực phẩm,Đà Nẵng,Cửa hàng,8,8,2900850.0,1992572.0
2025-09-26,Thực phẩm,Đà Nẵng,Online,4,4,895600.0,642112.0
2025-09-26,Điện tử,Cần Thơ,Cửa hàng,1,1,3976000.0,2872260.0
2025-09-26,Điện tử,Cần Thơ,Online,2,2,2075350.0,1514335.0
2025-09-26,Điện tử,Hà Nội,Cửa hàng,7,7,12178500.0,9136676.0
2025-09-26,Điện tử,Hà Nội,Online,2,2,3166000.0,2505155.0
2025-09-26,Điện tử,Hải Phòng,Cửa hàng,1,1,2926800.0,2398865.0
2025-09-26,Điện tử,TP HCM,Cửa hàng,3,3,3945900.0,3024328.0
2025-09-26,Điện tử,TP HCM,Online,5,5,11584350.0,8366486.0
2025-09-26,Điện tử,Đà Nẵng,Cửa hàng,2,2,5690000.0,4749557.0
2025-09-27,Gia dụng,Cần Thơ,Cửa hàng,5,5,3986950.0,2962132.0
2025-09-27,Gia dụng,Cần Thơ,Online,1,1,760000.0,633861.0
2025-09-27,Gia dụng,Hà Nội,Cửa hàng,6,6,9098400.0,6532680.0
2025-09-27,Gia dụng,Hà Nội,Online,3,3,5293800.0,4093853.0
2025-09-27,Gia dụng,Hải Phòng,Cửa hàng,1,1,867000.0,564352.0
2025-09-27,Gia dụng,Hải Phòng,Online,2,2,8161704.0,5728510.0
2025-09-27,Gia dụng,TP HCM,Cửa hàng,2,2,3628700.0,2411180.0
2025-09-27,Gia dụng,TP HCM,Online,1,1,1711900.0,1279721.0
2025-09-27,Gia dụng,Đà Nẵng,Cửa hàng,3,3,3419300.0,2504379.0
2025-09-27,Gia dụng,Đà Nẵng,Online,5,5,9550700.0,7411039.0
2025-09-27,Mỹ phẩm,Cần Thơ,Cửa hàng,1,1,434000.0,329367.0
2025-09-27,Mỹ phẩm,Hà Nội,Cửa hàng,4,4,3991400.0,2757797.0
2025-09-27,Mỹ phẩm,Hà Nội,Online,3,3,2345000.0,1732105.0
2025-09-27,Mỹ phẩm,Hải Phòng,Cửa hàng,1,1,538000.0,438108.0
2025-09-27,Mỹ phẩm,Hải Phòng,Online,2,2,1263000.0,976939.0
2025-09-27,Mỹ phẩm,TP HCM,Cửa hàng,3,3,1297900.0,1030335.0
2025-09-27,Mỹ phẩm,TP HCM,Online,3,3,7837252.0,5653021.0
2025-09-27,Mỹ phẩm,Đà Nẵng,Cửa hàng,1,1,962000.0,628073.0
2025-09-27,Sách,Hà Nội,Cửa hàng,4,4,551150.0,384291.0
2025-09-27,Sách,Hà Nội,Online,5,5,1337250.0,915312.0
2025-09-27,Sách,TP HCM,Cửa hàng,3,3,534300.0,349273.0
2025-09-27,Sách,TP HCM,Online,6,6,2031800.0,1326693.0
2025-09-27,Sách,Đà Nẵng,Cửa hàng,1,1,272000.0,214724.0
2025-09-27,Sách,Đà Nẵng,Online,2,2,311000.0,243338.0
2025-09-27,Thời trang,Cần Thơ,Cửa hàng,1,1,1110100.0,906675.0
2025-09-27,Thời trang,Cần Thơ,Online,4,4,5353700.0,3488420.0
2025-09-27,Thời trang,Hà Nội,Cửa hàng,1,1,750500.0,631834.0
2025-09-27,Thời trang,Hà Nội,Online,2,2,1352700.0,895591.0
2025-09-27,Thời trang,Hải Phòng,Cửa hàng,1,1,766000.0,564288.0
2025-09-27,Thời trang,Hải Phòng,Online,3,3,3980950.0,2746758.0
2025-09-27,Thời trang,TP HCM,Cửa hàng,2,2,4206400.0,2828604.0
2025-09-27,Thời trang,TP HCM,Online,3,3,8874250.0,6436824.0
2025-09-27,Thời trang,Đà Nẵng,Cửa hàng,2,2,4042000.0,2715875.0
2025-09-27,Thời trang,Đà Nẵng,Online,1,1,3220000.0,2328167.0
2025-09-27,Thực phẩm,Cần Thơ,Cửa hàng,5,5,2220000.0,1575356.0
2025-09-27,Thực phẩm,Cần Thơ,Online,5,5,3346950.0,2370438.0
2025-09-27,Thực phẩm,Hà Nội,Cửa hàng,16,16,4694600.0,3322494.0
2025-09-27,Thực phẩm,Hà Nội,Online,3,3,682150.0,504014.0
2025-09-27,Thực phẩm,Hải Phòng,Cửa hàng,7,7,2402150.0,1832079.0
2025-09-27,Thực phẩm,Hải Phòng,Online,3,3,1371050.0,912977.0
2025-09-27,Thực phẩm,TP HCM,Cửa hàng,12,12,4627650.0,3392479.0
2025-09-27,Thực phẩm,TP HCM,Online,12,12,4388450.0,3077372.0
2025-09-27,Thực phẩm,Đà Nẵng,Cửa hàng,5,5,1476750.0,1119219.0
2025-09-27,Thực phẩm,Đà Nẵng,Online,5,5,1361800.0,1078246.0
2025-09-27,Điện tử,Cần Thơ,Cửa hàng,1,1,1058000.0,880237.0
2025-09-27,Điện tử,Cần Thơ,Online,2,2,4215000.0,2916076.0
2025-09-27,Điện tử,Hà Nội,Cửa hàng,5,5,10119700.0,7025952.0
2025-09-27,Điện tử,Hà Nội,Online,7,7,13784550.0,10008953.0
2025-09-27,Điện tử,Hải Phòng,Cửa hàng,2,2,3269000.0,2523696.0
2025-09-27,Điện tử,Hải Phòng,Online,2,2,4223750.0,3057064.0
2025-09-27,Điện tử,TP HCM,Cửa hàng,3,3,8130700.0,6110296.0
2025-09-27,Điện tử,TP HCM,Online,4,4,10745400.0,7493617.0
2025-09-27,Điện tử,Đà Nẵng,Cửa hàng,1,1,949000.0,590983.0
2025-09-27,Điện tử,Đà Nẵng,Online,3,3,11166000.0,8021125.0
2025-09-28,Gia dụng,Cần Thơ,Cửa hàng,2,2,2378950.0,1947854.0
2025-09-28,Gia dụng,Cần Thơ,Online,2,2,1530000.0,1100097.0
2025-09-28,Gia dụng,Hà Nội,Cửa hàng,7,7,13502800.0,9916032.0
2025-09-28,Gia dụng,Hà Nội,Online,2,2,2217300.0,1485349.0
2025-09-28,Gia dụng,Hải Phòng,Cửa hàng,4,4,5755000.0,4055899.0
2025-09-28,Gia dụng,Hải Phòng,Online,3,3,2420700.0,1819129.0
2025-09-28,Gia dụng,TP HCM,Cửa hàng,6,6,10617400.0,7903857.0
2025-09-28,Gia dụng,TP HCM,Online,5,5,7455400.0,5225578.0
2025-09-28,Gia dụng,Đà Nẵng,Cửa hàng,1,1,908000.0,734315.0
2025-09-28,Mỹ phẩm,Cần Thơ,Cửa hàng,2,2,1464500.0,961851.0
2025-09-28,Mỹ phẩm,Cần Thơ,Online,1,1,1029800.0,754049.0
2025-09-28,Mỹ phẩm,Hà Nội,Cửa hàng,7,7,5194000.0,3686250.0
2025-09-28,Mỹ phẩm,Hà Nội,Online,2,2,902700.0,657562.0
2025-09-28,Mỹ phẩm,Hải Phòng,Cửa hàng,2,2,1476600.0,1135178.0
2025-09-28,Mỹ phẩm,TP HCM,Cửa hàng,2,2,2023800.0,1474585.0
2025-09-28,Mỹ phẩm,TP HCM,Online,3,3,2367200.0,1694459.0
2025-09-28,Mỹ phẩm,Đà Nẵng,Online,2,2,897000.0,750930.0
2025-09-28,Sách,Cần Thơ,Cửa hàng,2,2,824000.0,669921.0
2025-09-28,Sách,Hà Nội,Cửa hàng,4,4,817650.0,573355.0
2025-09-28,Sách,Hà Nội,Online,2,2,799000.0,585126.0
2025-09-28,Sách,Hải Phòng,Cửa hàng,3,3,623000.0,468565.0
2025-09-28,Sách,TP HCM,Cửa hàng,9,9,1796100.0,1338897.0
2025-09-28,Sách,TP HCM,Online,2,2,618000.0,391620.0
2025-09-28,Sách,Đà Nẵng,Online,3,3,583350.0,416303.0
2025-09-28,Thời trang,Cần Thơ,Cửa hàng,2,2,3391000.0,2234456.0
2025-09-28,Thời trang,Cần Thơ,Online,1,1,668000.0,524843.0
2025-09-28,Thời trang,Hà Nội,Cửa hàng,4,4,5883850.0,4314363.0
2025-09-28,Thời trang,Hà Nội,Online,3,3,2131600.0,1653452.0
2025-09-28,Thời trang,Hải Phòng,Cửa hàng,4,4,3566500.0,2670975.0
2025-09-28,Thời trang,TP HCM,Cửa hàng,3,3,3053000.0,2224832.0
2025-09-28,Thời trang,TP HCM,Online,2,2,2137850.0,1757782.0
2025-09-28,Thời trang,Đà Nẵng,Cửa hàng,3,3,2064450.0,1406936.0
2025-09-28,Thực phẩm,Cần Thơ,Cửa hàng,4,4,688500.0,510421.0
2025-09-28,Thực phẩm,Cần Thơ,Online,2,2,917700.0,649834.0
2025-09-28,Thực phẩm,Hà Nội,Cửa hàng,6,6,1050350.0,730340.0
2025-09-28,Thực phẩm,Hà Nội,Online,6,6,3036127.0,2096916.0
2025-09-28,Thực phẩm,Hải Phòng,Cửa hàng,5,5,1287150.0,844824.0
2025-09-28,Thực phẩm,Hải Phòng,Online,5,5,1330350.0,972906.0
2025-09-28,Thực phẩm,TP HCM,Cửa hàng,9,9,3532350.0,2639787.0
2025-09-28,Thực phẩm,TP HCM,Online,8,8,2369200.0,1706004.0
2025-09-28,Thực phẩm,Đà Nẵng,Cửa hàng,3,3,1319150.0,845984.0
2025-09-28,Thực phẩm,Đà Nẵng,Online,2,2,344750.0,231186.0
2025-09-28,Điện tử,Cần Thơ,Cửa hàng,2,2,2084250.0,1442146.0
2025-09-28,Điện tử,Cần Thơ,Online,1,1,1213000.0,776202.0
2025-09-28,Điện tử,Hà Nội,Cửa hàng,4,4,5830450.0,4618410.0
2025-09-28,Điện tử,Hà Nội,Online,7,7,15184350.0,10911318.0
2025-09-28,Điện tử,Hải Phòng,Online,1,1,1147000.0,767546.0
2025-09-28,Điện tử,TP HCM,Cửa hàng,4,4,5945750.0,4342275.0
2025-09-28,Điện tử,TP HCM,Online,7,7,9380450.0,6661538.0
2025-09-28,Điện tử,Đà Nẵng,Cửa hàng,2,2,4391000.0,3026970.0
2025-09-28,Điện tử,Đà Nẵng,Online,3,3,4320300.0,3204192.0
2025-09-29,Gia dụng,Cần Thơ,Cửa hàng,1,1,3904000.0,2917434.0
2025-09-29,Gia dụng,Cần Thơ,Online,4,4,5004300.0,3935382.0
2025-09-29,Gia dụng,Hà Nội,Cửa hàng,2,2,2375700.0,1808675.0
2025-09-29,Gia dụng,Hà Nội,Online,2,2,1695550.0,1216432.0
2025-09-29,Gia dụng,Hải Phòng,Cửa hàng,2,2,3878000.0,2373788.0
2025-09-29,Gia dụng,Hải Phòng,Online,1,1,11406758.0,7984731.0
2025-09-29,Gia dụng,TP HCM,Cửa hàng,4,4,4059600.0,2927271.0
2025-09-29,Gia dụng,TP HCM,Online,5,5,5840650.0,4061955.0
2025-09-29,Gia dụng,Đà Nẵng,Cửa hàng,2,2,4526000.0,3016550.0
2025-09-29,Gia dụng,Đà Nẵng,Online,3,3,2365000.0,1538422.0
2025-09-29,Mỹ phẩm,Hà Nội,Cửa hàng,3,3,2149350.0,1517342.0
2025-09-29,Mỹ phẩm,Hà Nội,Online,3,3,1950600.0,1265901.0
2025-09-29,Mỹ phẩm,Hải Phòng,Cửa hàng,1,1,842000.0,639036.0
2025-09-29,Mỹ phẩm,Hải Phòng,Online,3,3,3458000.0,2372395.0
2025-09-29,Mỹ phẩm,TP HCM,Cửa hàng,7,7,9502376.0,6844278.0
2025-09-29,Mỹ phẩm,TP HCM,Online,4,4,3255700.0,2396455.0
2025-09-29,Mỹ phẩm,Đà Nẵng,Cửa hàng,1,1,414000.0,308230.0
2025-09-29,Mỹ phẩm,Đà Nẵng,Online,1,1,387600.0,245335.0
2025-09-29,Sách,Cần Thơ,Cửa hàng,2,2,692050.0,540986.0
2025-09-29,Sách,Hà Nội,Cửa hàng,3,3,564600.0,378183.0
2025-09-29,Sách,Hà Nội,Online,3,3,539550.0,389757.0
2025-09-29,Sách,Hải Phòng,Cửa hàng,1,1,592000.0,495315.0
2025-09-29,Sách,Hải Phòng,Online,1,1,114750.0,83125.0
2025-09-29,Sách,TP HCM,Cửa hàng,6,6,2182800.0,1469528.0
2025-09-29,Sách,TP HCM,Online,5,5,1375000.0,1048273.0
2025-09-29,Thời trang,Cần Thơ,Cửa hàng,2,2,2242600.0,1737251.0
2025-09-29,Thời trang,Hà Nội,Cửa hàng,3,3,4484000.0,3717786.0
2025-09-29,Thời trang,Hà Nội,Online,5,5,5028650.0,3689708.0
2025-09-29,Thời trang,Hải Phòng,Cửa hàng,1,1,628150.0,426161.0
2025-09-29,Thời trang,TP HCM,Cửa hàng,7,7,8945600.0,6394583.0
2025-09-29,Thời trang,TP HCM,Online,3,3,3873000.0,2831355.0
2025-09-29,Thời trang,Đà Nẵng,Online,2,2,1561200.0,1154633.0
2025-09-29,Thực phẩm,Cần Thơ,Cửa hàng,5,5,1787950.0,1175613.0
2025-09-29,Thực phẩm,Cần Thơ,Online,3,3,1119500.0,809193.0
2025-09-29,Thực phẩm,Hà Nội,Cửa hàng,12,12,6175013.0,4387246.0
2025-09-29,Thực phẩm,Hà Nội,Online,6,6,2836800.0,2057363.0
2025-09-29,Thực phẩm,Hải Phòng,Cửa hàng,2,2,757700.0,636120.0
2025-09-29,Thực phẩm,Hải Phòng,Online,2,2,1439400.0,1152310.0
2025-09-29,Thực phẩm,TP HCM,Cửa hàng,12,12,2109400.0,1498295.0
2025-09-29,Thực phẩm,TP HCM,Online,9,9,2637150.0,1980155.0
2025-09-29,Thực phẩm,Đà Nẵng,Cửa hàng,5,5,1501400.0,1086018.0
2025-09-29,Thực phẩm,Đà Nẵng,Online,3,3,471350.0,318259.0
2025-09-29,Điện tử,Cần Thơ,Cửa hàng,6,6,11342500.0,8449872.0
2025-09-29,Điện tử,Hà Nội,Cửa hàng,9,9,23059650.0,16856845.0
2025-09-29,Điện tử,Hà Nội,Online,4,4,4440400.0,3140517.0
2025-09-29,Điện tử,Hải Phòng,Cửa hàng,5,5,12948750.0,9184948.0
2025-09-29,Điện tử,Hải Phòng,Online,1,1,980000.0,660315.0
2025-09-29,Điện tử,TP HCM,Cửa hàng,8,8,15570700.0,12007771.0
2025-09-29,Điện tử,TP HCM,Online,3,3,5849000.0,4165571.0
2025-09-29,Điện tử,Đà Nẵng,Cửa hàng,2,2,3731400.0,2709058.0
2025-09-29,Điện tử,Đà Nẵng,Online,3,3,4264900.0,3237215.0
2025-09-30,Gia dụng,Cần Thơ,Online,2,2,3259000.0,2333834.0
2025-09-30,Gia dụng,Hà Nội,Cửa hàng,8,8,11997100.0,8412913.0
2025-09-30,Gia dụng,Hà Nội,Online,3,3,2582500.0,1886266.0
2025-09-30,Gia dụng,Hải Phòng,Cửa hàng,1,1,3845000.0,2405362.0
2025-09-30,Gia dụng,TP HCM,Cửa hàng,3,3,4429800.0,3126864.0
2025-09-30,Gia dụng,TP HCM,Online,5,5,5171000.0,3991977.0
2025-09-30,Gia dụng,Đà Nẵng,Cửa hàng,2,2,1572550.0,1160278.0
2025-09-30,Gia dụng,Đà Nẵng,Online,1,1,932000.0,672145.0
2025-09-30,Mỹ phẩm,Hà Nội,Cửa hàng,2,2,3278200.0,2501164.0
2025-09-30,Mỹ phẩm,Hải Phòng,Cửa hàng,1,1,413000.0,256243.0
2025-09-30,Mỹ phẩm,Hải Phòng,Online,1,1,1104150.0,797468.0
2025-09-30,Mỹ phẩm,TP HCM,Cửa hàng,4,4,1894150.0,1355279.0
2025-09-30,Mỹ phẩm,TP HCM,Online,4,4,5085306.0,3471353.0
2025-09-30,Mỹ phẩm,Đà Nẵng,Cửa hàng,2,2,958000.0,763581.0
2025-09-30,Mỹ phẩm,Đà Nẵng,Online,2,2,2079000.0,1337065.0
2025-09-30,Sách,Cần Thơ,Cửa hàng,1,1,143000.0,107215.0
2025-09-30,Sách,Hà Nội,Cửa hàng,3,3,884700.0,675702.0
2025-09-30,Sách,Hà Nội,Online,1,1,279300.0,202326.0
2025-09-30,Sách,Hải Phòng,Cửa hàng,1,1,316000.0,267690.0
2025-09-30,Sách,TP HCM,Cửa hàng,4,4,721200.0,515405.0
2025-09-30,Sách,TP HCM,Online,2,2,270350.0,199985.0
2025-09-30,Sách,Đà Nẵng,Cửa hàng,2,2,1291400.0,930768.0
2025-09-30,Sách,Đà Nẵng,Online,1,1,267900.0,164838.0
2025-09-30,Thời trang,Cần Thơ,Cửa hàng,2,2,2958300.0,2506078.0
2025-09-30,Thời trang,Cần Thơ,Online,3,3,6083100.0,4007700.0
2025-09-30,Thời trang,Hà Nội,Cửa hàng,2,2,2255200.0,1799734.0
2025-09-30,Thời trang,Hà Nội,Online,3,3,4967200.0,3834920.0
2025-09-30,Thời trang,Hải Phòng,Cửa hàng,3,3,2980700.0,2171160.0
2025-09-30,Thời trang,Hải Phòng,Online,2,2,1497600.0,1062732.0
2025-09-30,Thời trang,TP HCM,Cửa hàng,5,5,7357050.0,5342060.0
2025-09-30,Thời trang,TP HCM,Online,1,1,1983600.0,1661914.0
2025-09-30,Thời trang,Đà Nẵng,Cửa hàng,2,2,16257242.0,11442132.0
2025-09-30,Thời trang,Đà Nẵng,Online,3,3,2259100.0,1742266.0
2025-09-30,Thực phẩm,Cần Thơ,Cửa hàng,1,1,513000.0,415145.0
2025-09-30,Thực phẩm,Cần Thơ,Online,2,2,1106000.0,778653.0
2025-09-30,Thực phẩm,Hà Nội,Cửa hàng,8,8,5068005.0,3848745.0
2025-09-30,Thực phẩm,Hà Nội,Online,9,9,2717350.0,2000839.0
2025-09-30,Thực phẩm,Hải Phòng,Cửa hàng,2,2,494000.0,359985.0
2025-09-30,Thực phẩm,Hải Phòng,Online,7,7,1919000.0,1435810.0
2025-09-30,Thực phẩm,TP HCM,Cửa hàng,13,13,4754650.0,3442773.0
2025-09-30,Thực phẩm,TP HCM,Online,12,12,3224950.0,2324246.0
2025-09-30,Thực phẩm,Đà Nẵng,Cửa hàng,4,4,2146800.0,1477952.0
2025-09-30,Thực phẩm,Đà Nẵng,Online,10,10,2599400.0,1960410.0
2025-09-30,Điện tử,Cần Thơ,Cửa hàng,2,2,7441000.0,5393304.0
2025-09-30,Điện tử,Cần Thơ,Online,3,3,3281400.0,2249823.0
2025-09-30,Điện tử,Hà Nội,Cửa hàng,6,6,14246000.0,10382673.0
2025-09-30,Điện tử,Hà Nội,Online,3,3,6726600.0,4523271.0
2025-09-30,Điện tử,Hải Phòng,Cửa hàng,5,5,9888150.0,7355517.0
2025-09-30,Điện tử,TP HCM,Cửa hàng,5,5,14914950.0,9669969.0
2025-09-30,Điện tử,TP HCM,Online,3,3,7101700.0,4820729.0
2025-09-30,Điện tử,Đà Nẵng,Cửa hàng,2,2,3506000.0,2347829.0
2025-09-30,Điện tử,Đà Nẵng,Online,2,2,3117500.0,2170883.0
2025-10-01,Gia dụng,Cần Thơ,Cửa hàng,2,2,3384900.0,2450702.0
2025-10-01,Gia dụng,Hà Nội,Cửa hàng,6,6,23144457.0,16064236.0
2025-10-01,Gia dụng,Hà Nội,Online,3,3,2604000.0,1929615.0
2025-10-01,Gia dụng,Hải Phòng,Cửa hàng,2,2,2445000.0,1744152.0
2025-10-01,Gia dụng,Hải Phòng,Online,2,2,2425600.0,1735771.0
2025-10-01,Gia dụng,TP HCM,Cửa hàng,8,8,12043000.0,8375552.0
2025-10-01,Gia dụng,TP HCM,Online,2,2,1746000.0,1228079.0
2025-10-01,Gia dụng,Đà Nẵng,Cửa hàng,1,1,1502000.0,1096551.0
2025-10-01,Gia dụng,Đà Nẵng,Online,4,4,5147000.0,3717090.0
2025-10-01,Mỹ phẩm,Cần Thơ,Online,2,2,987000.0,706168.0
2025-10-01,Mỹ phẩm,Hà Nội,Cửa hàng,6,6,7636200.0,5361776.0
2025-10-01,Mỹ phẩm,Hà Nội,Online,1,1,443000.0,319955.0
2025-10-01,Mỹ phẩm,Hải Phòng,Cửa hàng,1,1,511100.0,426595.0
2025-10-01,Mỹ phẩm,TP HCM,Cửa hàng,5,5,3258800.0,2442775.0
2025-10-01,Mỹ phẩm,TP HCM,Online,2,2,887000.0,641426.0
2025-10-01,Mỹ phẩm,Đà Nẵng,Cửa hàng,1,1,429000.0,295027.0
2025-10-01,Mỹ phẩm,Đà Nẵng,Online,2,2,1806400.0,1392038.0
2025-10-01,Sách,Cần Thơ,Cửa hàng,2,2,649400.0,505228.0
2025-10-01,Sách,Cần Thơ,Online,2,2,310650.0,202386.0
2025-10-01,Sách,Hà Nội,Cửa hàng,5,5,1479150.0,1082614.0
2025-10-01,Sách,Hà Nội,Online,3,3,714500.0,502093.0
2025-10-01,Sách,Hải Phòng,Online,1,1,436050.0,317738.0
2025-10-01,Sách,TP HCM,Cửa hàng,2,2,920400.0,627543.0
2025-10-01,Sách,TP HCM,Online,5,5,1112450.0,750896.0
2025-10-01,Sách,Đà Nẵng,Online,1,1,251600.0,163814.0
2025-10-01,Thời trang,Cần Thơ,Cửa hàng,1,1,635800.0,518808.0
2025-10-01,Thời trang,Cần Thơ,Online,1,1,3139750.0,2270144.0
2025-10-01,Thời trang,Hà Nội,Cửa hàng,8,7,7953000.0,5578087.0
2025-10-01,Thời trang,Hà Nội,Online,3,3,4162000.0,3040023.0
2025-10-01,Thời trang,Hải Phòng,Cửa hàng,1,1,2106000.0,1749956.0
2025-10-01,Thời trang,Hải Phòng,Online,2,2,1361000.0,1002161.0
2025-10-01,Thời trang,TP HCM,Cửa hàng,2,2,3541600.0,2538804.0
2025-10-01,Thời trang,TP HCM,Online,5,5,5759600.0,4153011.0
2025-10-01,Thời trang,Đà Nẵng,Cửa hàng,2,2,1913650.0,1553620.0
2025-10-01,Thời trang,Đà Nẵng,Online,3,3,4182850.0,3262742.0
2025-10-01,Thực phẩm,Cần Thơ,Cửa hàng,1,1,443700.0,335539.0
2025-10-01,Thực phẩm,Cần Thơ,Online,1,1,418200.0,305223.0
2025-10-01,Thực phẩm,Hà Nội,Cửa hàng,8,8,2202650.0,1535555.0
2025-10-01,Thực phẩm,Hà Nội,Online,7,7,3112200.0,2354343.0
2025-10-01,Thực phẩm,Hải Phòng,Cửa hàng,2,2,329400.0,250750.0
2025-10-01,Thực phẩm,Hải Phòng,Online,7,7,2699700.0,1948378.0
2025-10-01,Thực phẩm,TP HCM,Cửa hàng,8,8,2784200.0,1909336.0
2025-10-01,Thực phẩm,TP HCM,Online,13,13,3455550.0,2438949.0
2025-10-01,Thực phẩm,Đà Nẵng,Cửa hàng,4,4,1860200.0,1286357.0
2025-10-01,Thực phẩm,Đà Nẵng,Online,6,6,1355500.0,993796.0
2025-10-01,Điện tử,Cần Thơ,Cửa hàng,2,2,2930450.0,1985525.0
2025-10-01,Điện tử,Cần Thơ,Online,2,2,4424200.0,3501451.0
2025-10-01,Điện tử,Hà Nội,Cửa hàng,3,3,6719950.0,4898141.0
2025-10-01,Điện tử,Hà Nội,Online,3,3,2991600.0,2097567.0
2025-10-01,Điện tử,Hải Phòng,Cửa hàng,1,1,3038100.0,2274044.0
2025-10-01,Điện tử,TP HCM,Cửa hàng,6,6,15104600.0,10925089.0
2025-10-01,Điện tử,TP HCM,Online,7,7,30137309.0,21502287.0
2025-10-01,Điện tử,Đà Nẵng,Cửa hàng,1,1,1998000.0,1426237.0
2025-10-01,Điện tử,Đà Nẵng,Online,4,4,6475150.0,4777411.0
2025-10-02,Gia dụng,Cần Thơ,Cửa hàng,2,2,2251750.0,1768628.0
2025-10-02,Gia dụng,Cần Thơ,Online,2,2,2302000.0,1625189.0
2025-10-02,Gia dụng,Hà Nội,Cửa hàng,5,5,7105000.0,5147613.0
2025-10-02,Gia dụng,Hà Nội,Online,8,8,10350200.0,7449940.0
2025-10-02,Gia dụng,Hải Phòng,Cửa hàng,1,1,881000.0,535647.0
2025-10-02,Gia dụng,Hải Phòng,Online,2,2,3557800.0,2428971.0
2025-10-02,Gia dụng,TP HCM,Cửa hàng,2,2,2452000.0,1721211.0
2025-10-02,Gia dụng,TP HCM,Online,5,5,8128750.0,5802002.0
2025-10-02,Gia dụng,Đà Nẵng,Online,1,1,1546000.0,1015110.0
2025-10-02,Mỹ phẩm,Cần Thơ,Cửa hàng,5,5,18456825.0,13361892.0
2025-10-02,Mỹ phẩm,Cần Thơ,Online,3,3,3117000.0,2387495.0
2025-10-02,Mỹ phẩm,Hà Nội,Cửa hàng,3,3,1752900.0,1260056.0
2025-10-02,Mỹ phẩm,Hà Nội,Online,2,2,1382200.0,892318.0
2025-10-02,Mỹ phẩm,Hải Phòng,Cửa hàng,1,1,1652400.0,1271154.0
2025-10-02,Mỹ phẩm,Hải Phòng,Online,1,1,964800.0,768973.0
2025-10-02,Mỹ phẩm,TP HCM,Cửa hàng,4,4,4752000.0,3582864.0
2025-10-02,Mỹ phẩm,TP HCM,Online,2,2,1323000.0,904010.0
2025-10-02,Mỹ phẩm,Đà Nẵng,Online,1,1,441000.0,318510.0
2025-10-02,Sách,Cần Thơ,Cửa hàng,1,1,410400.0,338932.0
2025-10-02,Sách,Hà Nội,Cửa hàng,1,1,145350.0,122315.0
2025-10-02,Sách,Hà Nội,Online,3,3,1044250.0,748089.0
2025-10-02,Sách,TP HCM,Cửa hàng,5,5,1514600.0,1125898.0
2025-10-02,Sách,TP HCM,Online,2,2,665050.0,524939.0
2025-10-02,Sách,Đà Nẵng,Online,2,2,405000.0,276964.0
2025-10-02,Thời trang,Cần Thơ,Cửa hàng,1,1,562700.0,360834.0
2025-10-02,Thời trang,Hà Nội,Cửa hàng,5,5,6359350.0,5095978.0
2025-10-02,Thời trang,Hà Nội,Online,2,2,1464900.0,942893.0
2025-10-02,Thời trang,Hải Phòng,Cửa hàng,1,1,663000.0,511419.0
2025-10-02,Thời trang,Hải Phòng,Online,3,3,3117700.0,2142987.0
2025-10-02,Thời trang,TP HCM,Cửa hàng,2,2,1747600.0,1343784.0
2025-10-02,Thời trang,TP HCM,Online,5,5,4397200.0,3143416.0
2025-10-02,Thời trang,Đà Nẵng,Cửa hàng,2,2,1540700.0,1097261.0
2025-10-02,Thực phẩm,Cần Thơ,Cửa hàng,7,7,1977000.0,1485855.0
2025-10-02,Thực phẩm,Cần Thơ,Online,6,6,1002350.0,691282.0
2025-10-02,Thực phẩm,Hà Nội,Cửa hàng,5,5,1319650.0,1006907.0
2025-10-02,Thực phẩm,Hà Nội,Online,7,7,2601400.0,2004594.0
2025-10-02,Thực phẩm,Hải Phòng,Cửa hàng,4,4,1701700.0,1229219.0
2025-10-02,Thực phẩm,Hải Phòng,Online,3,3,679300.0,436803.0
2025-10-02,Thực phẩm,TP HCM,Cửa hàng,15,15,4640300.0,3260895.0
2025-10-02,Thực phẩm,TP HCM,Online,7,7,2150150.0,1459912.0
2025-10-02,Thực phẩm,Đà Nẵng,Cửa hàng,5,5,1188700.0,849171.0
2025-10-02,Thực phẩm,Đà Nẵng,Online,3,3,795200.0,543003.0
2025-10-02,Điện tử,Cần Thơ,Cửa hàng,2,2,6738000.0,4457714.0
2025-10-02,Điện tử,Hà Nội,Cửa hàng,5,5,29324496.0,20906842.0
2025-10-02,Điện tử,Hà Nội,Online,7,7,13502250.0,9295846.0
2025-10-02,Điện tử,Hải Phòng,Cửa hàng,2,2,5889750.0,4761950.0
2025-10-02,Điện tử,Hải Phòng,Online,2,2,2050350.0,1496875.0
2025-10-02,Điện tử,TP HCM,Cửa hàng,2,2,4635900.0,3424381.0
2025-10-02,Điện tử,TP HCM,Online,2,2,3951150.0,2859762.0
2025-10-02,Điện tử,Đà Nẵng,Cửa hàng,1,1,5665000.0,3476079.0
2025-10-02,Điện tử,Đà Nẵng,Online,5,5,6144700.0,4602945.0
2025-10-03,Gia dụng,Cần Thơ,Cửa hàng,5,5,21239642.0,15034772.0
2025-10-03,Gia dụng,Hà Nội,Cửa hàng,7,7,11077150.0,8512008.0
2025-10-03,Gia dụng,Hà Nội,Online,3,3,3120800.0,2092543.0
2025-10-03,Gia dụng,Hải Phòng,Cửa hàng,1,1,892050.0,593782.0
2025-10-03,Gia dụng,Hải Phòng,Online,1,1,870300.0,706326.0
2025-10-03,Gia dụng,TP HCM,Cửa hàng,7,7,9490150.0,6928728.0
2025-10-03,Gia dụng,TP HCM,Online,6,6,16658000.0,11760786.0
2025-10-03,Gia dụng,Đà Nẵng,Cửa hàng,2,2,1582050.0,1194138.0
2025-10-03,Gia dụng,Đà Nẵng,Online,1,1,1798000.0,1296692.0
2025-10-03,Mỹ phẩm,Cần Thơ,Online,1,1,418000.0,314592.0
2025-10-03,Mỹ phẩm,Hà Nội,Cửa hàng,1,1,429000.0,269543.0
2025-10-03,Mỹ phẩm,Hà Nội,Online,1,1,3775408.0,2642786.0
2025-10-03,Mỹ phẩm,Hải Phòng,Cửa hàng,1,1,443650.0,331230.0
2025-10-03,Mỹ phẩm,TP HCM,Cửa hàng,4,4,8635363.0,6234956.0
2025-10-03,Mỹ phẩm,TP HCM,Online,3,3,1794700.0,1291785.0
2025-10-03,Mỹ phẩm,Đà Nẵng,Online,2,2,899400.0,638641.0
2025-10-03,Sách,Cần Thơ,Online,1,1,215900.0,177996.0
2025-10-03,Sách,Hà Nội,Cửa hàng,3,3,556400.0,395567.0
2025-10-03,Sách,Hà Nội,Online,3,3,919100.0,595026.0
2025-10-03,Sách,Hải Phòng,Cửa hàng,1,1,269800.0,218570.0
2025-10-03,Sách,TP HCM,Cửa hàng,2,2,1825654.0,1280277.0
2025-10-03,Sách,TP HCM,Online,3,3,1651503.0,1185072.0
2025-10-03,Sách,Đà Nẵng,Cửa hàng,1,1,166000.0,123415.0
2025-10-03,Sách,Đà Nẵng,Online,1,1,405000.0,285069.0
2025-10-03,Thời trang,Cần Thơ,Cửa hàng,2,2,2901050.0,1897811.0
2025-10-03,Thời trang,Cần Thơ,Online,1,1,710600.0,582583.0
2025-10-03,Thời trang,Hà Nội,Cửa hàng,4,4,6345700.0,4433144.0
2025-10-03,Thời trang,Hà Nội,Online,2,2,2924000.0,2303349.0
2025-10-03,Thời trang,Hải Phòng,Online,2,2,1517200.0,1179693.0
2025-10-03,Thời trang,TP HCM,Cửa hàng,1,1,1757700.0,1057522.0
2025-10-03,Thời trang,TP HCM,Online,1,1,1443600.0,1043771.0
2025-10-03,Thời trang,Đà Nẵng,Cửa hàng,4,4,5834800.0,4434370.0
2025-10-03,Thời trang,Đà Nẵng,Online,2,2,1935900.0,1454190.0
2025-10-03,Thực phẩm,Cần Thơ,Cửa hàng,7,7,2394300.0,1693341.0
2025-10-03,Thực phẩm,Hà Nội,Cửa hàng,6,6,1653350.0,1156829.0
2025-10-03,Thực phẩm,Hà Nội,Online,9,9,2349500.0,1764919.0
2025-10-03,Thực phẩm,Hải Phòng,Cửa hàng,2,2,553000.0,409875.0
2025-10-03,Thực phẩm,Hải Phòng,Online,3,3,1046700.0,733791.0
2025-10-03,Thực phẩm,TP HCM,Cửa hàng,18,18,9007533.0,6467108.0
2025-10-03,Thực phẩm,TP HCM,Online,9,9,2944950.0,2190615.0
2025-10-03,Thực phẩm,Đà Nẵng,Cửa hàng,2,2,304900.0,213722.0
2025-10-03,Thực phẩm,Đà Nẵng,Online,1,1,316800.0,201244.0
2025-10-03,Điện tử,Cần Thơ,Online,4,4,12584500.0,8452622.0
2025-10-03,Điện tử,Hà Nội,Cửa hàng,6,6,8989700.0,6299113.0
2025-10-03,Điện tử,Hà Nội,Online,3,3,4657850.0,3310896.0
2025-10-03,Điện tử,Hải Phòng,Cửa hàng,2,2,2280000.0,1723038.0
2025-10-03,Điện tử,Hải Phòng,Online,1,1,2116000.0,1531518.0
2025-10-03,Điện tử,TP HCM,Cửa hàng,8,8,16924400.0,12119587.0
2025-10-03,Điện tử,TP HCM,Online,4,4,21767772.0,15767290.0
2025-10-03,Điện tử,Đà Nẵng,Cửa hàng,4,4,8212300.0,6177922.0
2025-10-03,Điện tử,Đà Nẵng,Online,2,2,2077600.0,1456042.0
2025-10-04,Gia dụng,Cần Thơ,Cửa hàng,2,2,2190900.0,1537600.0
2025-10-04,Gia dụng,Cần Thơ,Online,2,2,2411000.0,1825747.0
2025-10-04,Gia dụng,Hà Nội,Cửa hàng,3,3,2518700.0,1763285.0
2025-10-04,Gia dụng,Hà Nội,Online,1,1,3240000.0,2336643.0
2025-10-04,Gia dụng,Hải Phòng,Cửa hàng,1,1,3828500.0,3054917.0
2025-10-04,Gia dụng,Hải Phòng,Online,1,1,1560600.0,1221723.0
2025-10-04,Gia dụng,TP HCM,Cửa hàng,4,4,7542350.0,5187958.0
2025-10-04,Gia dụng,TP HCM,Online,6,6,9708750.0,7188651.0
2025-10-04,Gia dụng,Đà Nẵng,Cửa hàng,3,3,4540200.0,3239212.0
2025-10-04,Gia dụng,Đà Nẵng,Online,4,4,5530650.0,3820402.0
2025-10-04,Mỹ phẩm,Cần Thơ,Cửa hàng,1,1,391500.0,321224.0
2025-10-04,Mỹ phẩm,Hà Nội,Cửa hàng,5,5,2739900.0,2116019.0
2025-10-04,Mỹ phẩm,Hà Nội,Online,2,2,2061100.0,1375357.0
2025-10-04,Mỹ phẩm,Hải Phòng,Cửa hàng,2,2,1479800.0,932807.0
2025-10-04,Mỹ phẩm,Hải Phòng,Online,1,1,1637800.0,1226357.0
2025-10-04,Mỹ phẩm,TP HCM,Cửa hàng,3,3,1255900.0,876131.0
2025-10-04,Mỹ phẩm,TP HCM,Online,3,3,3478800.0,2664545.0
2025-10-04,Sách,Cần Thơ,Cửa hàng,1,1,116100.0,80336.0
2025-10-04,Sách,Cần Thơ,Online,1,1,114300.0,91881.0
2025-10-04,Sách,Hà Nội,Cửa hàng,3,3,490150.0,338312.0
2025-10-04,Sách,Hà Nội,Online,1,1,127000.0,91999.0
2025-10-04,Sách,TP HCM,Cửa hàng,4,4,878750.0,639586.0
2025-10-04,Sách,TP HCM,Online,6,6,2931525.0,2139690.0
2025-10-04,Thời trang,Cần Thơ,Cửa hàng,1,1,1895400.0,1464970.0
2025-10-04,Thời trang,Hà Nội,Cửa hàng,4,4,5371200.0,3824155.0
2025-10-04,Thời trang,Hà Nội,Online,5,5,6404000.0,4454133.0
2025-10-04,Thời trang,Hải Phòng,Cửa hàng,2,2,1340450.0,1087788.0
2025-10-04,Thời trang,TP HCM,Cửa hàng,2,2,1491350.0,1093479.0
2025-10-04,Thời trang,TP HCM,Online,8,8,11123200.0,8201799.0
2025-10-04,Thời trang,Đà Nẵng,Cửa hàng,3,3,10887027.0,7681531.0
2025-10-04,Thực phẩm,Cần Thơ,Cửa hàng,7,7,1850400.0,1299887.0
2025-10-04,Thực phẩm,Cần Thơ,Online,5,5,1249000.0,843859.0
2025-10-04,Thực phẩm,Hà Nội,Cửa hàng,9,9,3863900.0,2901778.0
2025-10-04,Thực phẩm,Hà Nội,Online,8,8,2680900.0,1843301.0
2025-10-04,Thực phẩm,Hải Phòng,Cửa hàng,2,2,915000.0,701854.0
2025-10-04,Thực phẩm,Hải Phòng,Online,4,4,816350.0,581579.0
2025-10-04,Thực phẩm,TP HCM,Cửa hàng,13,13,4099150.0,2962549.0
2025-10-04,Thực phẩm,TP HCM,Online,9,9,2164300.0,1605484.0
2025-10-04,Thực phẩm,Đà Nẵng,Cửa hàng,4,4,1363100.0,879298.0
2025-10-04,Thực phẩm,Đà Nẵng,Online,2,2,515000.0,359364.0
2025-10-04,Điện tử,Cần Thơ,Cửa hàng,2,2,4030700.0,2927765.0
2025-10-04,Điện tử,Cần Thơ,Online,3,3,5487900.0,3869764.0
2025-10-04,Điện tử,Hà Nội,Cửa hàng,9,9,16438050.0,11318004.0
2025-10-04,Điện tử,Hà Nội,Online,3,3,3190450.0,2443552.0
2025-10-04,Điện tử,Hải Phòng,Cửa hàng,1,1,1099150.0,684688.0
2025-10-04,Điện tử,Hải Phòng,Online,1,1,955000.0,780313.0
2025-10-04,Điện tử,TP HCM,Cửa hàng,10,10,17382850.0,11708610.0
2025-10-04,Điện tử,TP HCM,Online,4,4,6358000.0,4871963.0
2025-10-04,Điện tử,Đà Nẵng,Cửa hàng,3,3,5138100.0,3578844.0
2025-10-04,Điện tử,Đà Nẵng,Online,1,1,1875300.0,1395152.0
2025-10-05,Gia dụng,Cần Thơ,Cửa hàng,2,2,3485100.0,2588848.0
2025-10-05,Gia dụng,Cần Thơ,Online,2,2,2976000.0,1968182.0
2025-10-05,Gia dụng,Hà Nội,Cửa hàng,7,7,5429900.0,3997119.0
2025-10-05,Gia dụng,Hà Nội,Online,3,3,6166800.0,4601222.0
2025-10-05,Gia dụng,Hải Phòng,Cửa hàng,1,1,897000.0,632636.0
2025-10-05,Gia dụng,Hải Phòng,Online,1,1,919600.0,664082.0
2025-10-05,Gia dụng,TP HCM,Cửa hàng,5,5,6248050.0,4257944.0
2025-10-05,Gia dụng,TP HCM,Online,2,2,3020700.0,2352120.0
2025-10-05,Gia dụng,Đà Nẵng,Cửa hàng,1,1,895000.0,671497.0
2025-10-05,Mỹ phẩm,Cần Thơ,Cửa hàng,1,1,488000.0,377229.0
2025-10-05,Mỹ phẩm,Cần Thơ,Online,3,3,2850600.0,2205793.0
2025-10-05,Mỹ phẩm,Hà Nội,Cửa hàng,1,1,536000.0,367362.0
2025-10-05,Mỹ phẩm,Hà Nội,Online,2,2,947000.0,607996.0
2025-10-05,Mỹ phẩm,Hải Phòng,Cửa hàng,2,2,2596000.0,1635275.0
2025-10-05,Mỹ phẩm,Hải Phòng,Online,3,3,2879000.0,2085186.0
2025-10-05,Mỹ phẩm,TP HCM,Cửa hàng,1,1,448200.0,304969.0
2025-10-05,Mỹ phẩm,TP HCM,Online,3,3,2534900.0,1814835.0
2025-10-05,Mỹ phẩm,Đà Nẵng,Cửa hàng,2,2,1332400.0,1013735.0
2025-10-05,Sách,Cần Thơ,Cửa hàng,1,1,160000.0,115904.0
2025-10-05,Sách,Hà Nội,Cửa hàng,2,2,282000.0,223938.0
2025-10-05,Sách,Hà Nội,Online,1,1,166000.0,103925.0
2025-10-05,Sách,Hải Phòng,Cửa hàng,2,2,375500.0,289623.0
2025-10-05,Sách,Hải Phòng,Online,1,1,144400.0,117536.0
2025-10-05,Sách,TP HCM,Cửa hàng,8,8,1788000.0,1241468.0
2025-10-05,Sách,Đà Nẵng,Cửa hàng,2,2,264750.0,193034.0
2025-10-05,Sách,Đà Nẵng,Online,2,2,300800.0,215997.0
2025-10-05,Thời trang,Cần Thơ,Cửa hàng,3,3,2687000.0,1862688.0
2025-10-05,Thời trang,Cần Thơ,Online,1,1,831000.0,600841.0
2025-10-05,Thời trang,Hà Nội,Cửa hàng,2,2,1414000.0,1014502.0
2025-10-05,Thời trang,Hà Nội,Online,2,2,2668150.0,1994682.0
2025-10-05,Thời trang,Hải Phòng,Cửa hàng,3,3,3656850.0,2784234.0
2025-10-05,Thời trang,Hải Phòng,Online,2,2,1437350.0,1122327.0
2025-10-05,Thời trang,TP HCM,Cửa hàng,7,7,7397900.0,5487038.0
2025-10-05,Thời trang,TP HCM,Online,5,5,15802026.0,11003854.0
2025-10-05,Thời trang,Đà Nẵng,Cửa hàng,4,4,3502000.0,2711766.0
2025-10-05,Thời trang,Đà Nẵng,Online,4,4,3571000.0,2532607.0
2025-10-05,Thực phẩm,Cần Thơ,Cửa hàng,3,3,851400.0,570214.0
2025-10-05,Thực phẩm,Cần Thơ,Online,3,3,538000.0,396886.0
2025-10-05,Thực phẩm,Hà Nội,Cửa hàng,6,6,3219800.0,2370116.0
2025-10-05,Thực phẩm,Hà Nội,Online,7,7,1729800.0,1194844.0
2025-10-05,Thực phẩm,Hải Phòng,Cửa hàng,4,4,1447350.0,1040562.0
2025-10-05,Thực phẩm,Hải Phòng,Online,3,3,906300.0,690779.0
2025-10-05,Thực phẩm,TP HCM,Cửa hàng,10,10,2685050.0,1880267.0
2025-10-05,Thực phẩm,TP HCM,Online,9,9,4564079.0,3225022.0
2025-10-05,Thực phẩm,Đà Nẵng,Cửa hàng,7,7,1626450.0,1142033.0
2025-10-05,Thực phẩm,Đà Nẵng,Online,3,3,960900.0,694554.0
2025-10-05,Điện tử,Cần Thơ,Cửa hàng,2,2,3640000.0,2822074.0
2025-10-05,Điện tử,Cần Thơ,Online,2,2,3455000.0,2379751.0
2025-10-05,Điện tử,Hà Nội,Cửa hàng,3,3,3070050.0,2255935.0
2025-10-05,Điện tử,Hà Nội,Online,3,3,5360300.0,3624172.0
2025-10-05,Điện tử,Hải Phòng,Cửa hàng,2,2,2171000.0,1516336.0
2025-10-05,Điện tử,TP HCM,Cửa hàng,6,6,13435400.0,8741091.0
2025-10-05,Điện tử,TP HCM,Online,3,3,4448000.0,3089501.0
2025-10-05,Điện tử,Đà Nẵng,Cửa hàng,3,3,5110700.0,3615482.0
2025-10-05,Điện tử,Đà Nẵng,Online,5,5,8202850.0,5840618.0
2025-10-06,Gia dụng,Cần Thơ,Cửa hàng,2,2,2404400.0,1864761.0
2025-10-06,Gia dụng,Cần Thơ,Online,4,4,5187550.0,3814892.0
2025-10-06,Gia dụng,Hà Nội,Cửa hàng,11,11,14371850.0,10505863.0
2025-10-06,Gia dụng,Hà Nội,Online,4,4,4020650.0,2880048.0
2025-10-06,Gia dụng,Hải Phòng,Cửa hàng,3,3,5063400.0,3796162.0
2025-10-06,Gia dụng,TP HCM,Cửa hàng,3,3,6241850.0,4295159.0
2025-10-06,Gia dụng,TP HCM,Online,5,5,8948400.0,6586633.0
2025-10-06,Gia dụng,Đà Nẵng,Cửa hàng,3,3,3067600.0,2326297.0
2025-10-06,Mỹ phẩm,Cần Thơ,Cửa hàng,1,1,872100.0,620397.0
2025-10-06,Mỹ phẩm,Cần Thơ,Online,1,1,546000.0,342283.0
2025-10-06,Mỹ phẩm,Hà Nội,Cửa hàng,3,3,2742000.0,2245838.0
2025-10-06,Mỹ phẩm,Hà Nội,Online,2,2,4600389.0,3239137.0
2025-10-06,Mỹ phẩm,Hải Phòng,Cửa hàng,4,4,3182450.0,2132596.0
2025-10-06,Mỹ phẩm,TP HCM,Cửa hàng,2,2,810350.0,505752.0
2025-10-06,Mỹ phẩm,TP HCM,Online,3,3,10446774.0,7250913.0
2025-10-06,Mỹ phẩm,Đà Nẵng,Cửa hàng,1,1,1262550.0,927204.0
2025-10-06,Mỹ phẩm,Đà Nẵng,Online,5,5,4659800.0,3711671.0
2025-10-06,Sách,Cần Thơ,Cửa hàng,1,1,456000.0,310985.0
2025-10-06,Sách,Cần Thơ,Online,1,1,149400.0,98575.0
2025-10-06,Sách,Hà Nội,Cửa hàng,1,1,405000.0,309504.0
2025-10-06,Sách,Hà Nội,Online,3,3,1278700.0,916958.0
2025-10-06,Sách,Hải Phòng,Cửa hàng,1,1,306000.0,243500.0
2025-10-06,Sách,Hải Phòng,Online,2,2,690500.0,500200.0
2025-10-06,Sách,TP HCM,Cửa hàng,3,3,760950.0,597213.0
2025-10-06,Sách,TP HCM,Online,5,5,1566200.0,1169293.0
2025-10-06,Sách,Đà Nẵng,Cửa hàng,1,1,141000.0,104379.0
2025-10-06,Sách,Đà Nẵng,Online,3,3,2886969.0,2035942.0
2025-10-06,Thời trang,Cần Thơ,Cửa hàng,1,1,1524000.0,1262337.0
2025-10-06,Thời trang,Cần Thơ,Online,1,1,2314200.0,1673244.0
2025-10-06,Thời trang,Hà Nội,Cửa hàng,8,8,15329894.0,10664913.0
2025-10-06,Thời trang,Hà Nội,Online,2,2,1432000.0,977618.0
2025-10-06,Thời trang,Hải Phòng,Cửa hàng,1,1,679250.0,416641.0
2025-10-06,Thời trang,Hải Phòng,Online,2,2,1665000.0,1220718.0
2025-10-06,Thời trang,TP HCM,Cửa hàng,4,4,6129200.0,4612589.0
2025-10-06,Thời trang,TP HCM,Online,4,4,4885000.0,3637579.0
2025-10-06,Thời trang,Đà Nẵng,Cửa hàng,2,2,1546000.0,1074453.0
2025-10-06,Thời trang,Đà Nẵng,Online,3,3,5216350.0,3862834.0
2025-10-06,Thực phẩm,Cần Thơ,Cửa hàng,3,3,1051000.0,838094.0
2025-10-06,Thực phẩm,Cần Thơ,Online,2,2,387000.0,313658.0
2025-10-06,Thực phẩm,Hà Nội,Cửa hàng,10,10,2875350.0,2176905.0
2025-10-06,Thực phẩm,Hà Nội,Online,6,6,1655050.0,1245770.0
2025-10-06,Thực phẩm,Hải Phòng,Cửa hàng,3,3,813400.0,625392.0
2025-10-06,Thực phẩm,Hải Phòng,Online,5,5,899050.0,641836.0
2025-10-06,Thực phẩm,TP HCM,Cửa hàng,12,12,4240700.0,3194148.0
2025-10-06,Thực phẩm,TP HCM,Online,6,6,1776250.0,1252965.0
2025-10-06,Thực phẩm,Đà Nẵng,Cửa hàng,5,5,1491000.0,1104638.0
2025-10-06,Thực phẩm,Đà Nẵng,Online,4,4,676250.0,517403.0
2025-10-06,Điện tử,Cần Thơ,Cửa hàng,1,1,1222000.0,1010827.0
2025-10-06,Điện tử,Cần Thơ,Online,1,1,1228000.0,986999.0
2025-10-06,Điện tử,Hà Nội,Cửa hàng,5,5,9650900.0,7534618.0
2025-10-06,Điện tử,Hà Nội,Online,7,7,13179100.0,9308214.0
2025-10-06,Điện tử,Hải Phòng,Cửa hàng,3,3,9574000.0,6563861.0
2025-10-06,Điện tử,Hải Phòng,Online,3,3,7732600.0,5157628.0
2025-10-06,Điện tử,TP HCM,Cửa hàng,4,4,6973900.0,4727573.0
2025-10-06,Điện tử,TP HCM,Online,7,7,8611400.0,5751606.0
2025-10-06,Điện tử,Đà Nẵng,Online,3,3,4150000.0,3102066.0
2025-10-07,Gia dụng,Cần Thơ,Cửa hàng,4,4,7508400.0,5731842.0
2025-10-07,Gia dụng,Hà Nội,Cửa hàng,5,5,5610600.0,4060694.0
2025-10-07,Gia dụng,Hà Nội,Online,8,8,6350250.0,4627568.0
2025-10-07,Gia dụng,Hải Phòng,Cửa hàng,5,5,9255800.0,6489830.0
2025-10-07,Gia dụng,Hải Phòng,Online,4,4,5706000.0,4400746.0
2025-10-07,Gia dụng,TP HCM,Cửa hàng,6,6,9376800.0,6664949.0
2025-10-07,Gia dụng,Đà Nẵng,Cửa hàng,2,2,4282650.0,2646963.0
2025-10-07,Gia dụng,Đà Nẵng,Online,2,2,1895000.0,1269388.0
2025-10-07,Mỹ phẩm,Cần Thơ,Online,1,1,795600.0,574619.0
2025-10-07,Mỹ phẩm,Hà Nội,Cửa hàng,6,6,4905850.0,3576395.0
2025-10-07,Mỹ phẩm,Hà Nội,Online,2,2,3092400.0,2317622.0
2025-10-07,Mỹ phẩm,Hải Phòng,Cửa hàng,1,1,1936000.0,1255455.0
2025-10-07,Mỹ phẩm,Hải Phòng,Online,2,2,1415000.0,1021978.0
2025-10-07,Mỹ phẩm,TP HCM,Cửa hàng,4,4,3289150.0,2407446.0
2025-10-07,Mỹ phẩm,TP HCM,Online,4,4,3364000.0,2512553.0
2025-10-07,Mỹ phẩm,Đà Nẵng,Cửa hàng,3,3,2109900.0,1562596.0
2025-10-07,Sách,Cần Thơ,Online,1,1,440100.0,318810.0
2025-10-07,Sách,Hà Nội,Cửa hàng,3,3,443450.0,317119.0
2025-10-07,Sách,Hà Nội,Online,2,2,916200.0,753484.0
2025-10-07,Sách,Hải Phòng,Cửa hàng,4,4,1087200.0,730233.0
2025-10-07,Sách,TP HCM,Cửa hàng,3,3,1011000.0,722426.0
2025-10-07,Sách,TP HCM,Online,2,2,477700.0,361866.0
2025-10-07,Sách,Đà Nẵng,Cửa hàng,2,2,267300.0,203309.0
2025-10-07,Sách,Đà Nẵng,Online,1,1,139500.0,90522.0
2025-10-07,Thời trang,Cần Thơ,Cửa hàng,1,1,762000.0,611613.0
2025-10-07,Thời trang,Cần Thơ,Online,2,2,2964000.0,2116052.0
2025-10-07,Thời trang,Hà Nội,Cửa hàng,2,2,2303000.0,1814332.0
2025-10-07,Thời trang,Hà Nội,Online,4,4,3656500.0,2902539.0
2025-10-07,Thời trang,Hải Phòng,Cửa hàng,1,1,860000.0,581535.0
2025-10-07,Thời trang,Hải Phòng,Online,1,1,692750.0,477971.0
2025-10-07,Thời trang,TP HCM,Cửa hàng,6,6,7927400.0,5910755.0
2025-10-07,Thời trang,TP HCM,Online,3,3,7081200.0,5423738.0
2025-10-07,Thời trang,Đà Nẵng,Cửa hàng,3,3,4519600.0,3483716.0
2025-10-07,Thời trang,Đà Nẵng,Online,1,1,1371800.0,991857.0
2025-10-07,Thực phẩm,Cần Thơ,Cửa hàng,5,5,2072000.0,1658410.0
2025-10-07,Thực phẩm,Cần Thơ,Online,2,2,1183000.0,844887.0
2025-10-07,Thực phẩm,Hà Nội,Cửa hàng,11,11,4598050.0,3179485.0
2025-10-07,Thực phẩm,Hà Nội,Online,5,5,3476673.0,2412631.0
2025-10-07,Thực phẩm,Hải Phòng,Cửa hàng,4,4,896000.0,680464.0
2025-10-07,Thực phẩm,Hải Phòng,Online,4,4,1413000.0,940455.0
2025-10-07,Thực phẩm,TP HCM,Cửa hàng,10,10,3225150.0,2280245.0
2025-10-07,Thực phẩm,TP HCM,Online,6,6,2079000.0,1467718.0
2025-10-07,Thực phẩm,Đà Nẵng,Cửa hàng,4,4,965100.0,637666.0
2025-10-07,Thực phẩm,Đà Nẵng,Online,4,4,1650850.0,1160023.0
2025-10-07,Điện tử,Cần Thơ,Cửa hàng,6,6,9948200.0,6953793.0
2025-10-07,Điện tử,Cần Thơ,Online,2,2,3904000.0,2874392.0
2025-10-07,Điện tử,Hà Nội,Cửa hàng,3,3,4184000.0,3461822.0
2025-10-07,Điện tử,Hà Nội,Online,6,6,14350600.0,10645920.0
2025-10-07,Điện tử,Hải Phòng,Cửa hàng,2,2,5975550.0,4365750.0
2025-10-07,Điện tử,Hải Phòng,Online,2,2,4774400.0,3330848.0
2025-10-07,Điện tử,TP HCM,Cửa hàng,7,7,8825900.0,6187994.0
2025-10-07,Điện tử,TP HCM,Online,1,1,1143000.0,825132.0
2025-10-07,Điện tử,Đà Nẵng,Cửa hàng,3,3,5241500.0,3865739.0
2025-10-07,Điện tử,Đà Nẵng,Online,1,1,1158000.0,952404.0
2025-10-08,Gia dụng,Cần Thơ,Cửa hàng,2,2,1523200.0,1133317.0
2025-10-08,Gia dụng,Cần Thơ,Online,2,2,4209000.0,3042832.0
2025-10-08,Gia dụng,Hà Nội,Cửa hàng,5,5,5597350.0,3934683.0
2025-10-08,Gia dụng,Hà Nội,Online,6,6,10362150.0,7727601.0
2025-10-08,Gia dụng,Hải Phòng,Cửa hàng,5,5,9418150.0,6854856.0
2025-10-08,Gia dụng,Hải Phòng,Online,1,1,1528000.0,971469.0
2025-10-08,Gia dụng,TP HCM,Cửa hàng,3,3,6649200.0,5194470.0
2025-10-08,Gia dụng,TP HCM,Online,3,3,3490000.0,2452378.0
2025-10-08,Gia dụng,Đà Nẵng,Online,1,1,2071950.0,1379245.0
2025-10-08,Mỹ phẩm,Cần Thơ,Cửa hàng,2,2,1877100.0,1245636.0
2025-10-08,Mỹ phẩm,Cần Thơ,Online,3,3,1947100.0,1533493.0
2025-10-08,Mỹ phẩm,Hà Nội,Cửa hàng,1,1,1526600.0,964560.0
2025-10-08,Mỹ phẩm,Hà Nội,Online,1,1,1413000.0,1019038.0
2025-10-08,Mỹ phẩm,Hải Phòng,Cửa hàng,1,1,448400.0,375495.0
2025-10-08,Mỹ phẩm,TP HCM,Cửa hàng,6,6,5714050.0,4206846.0
2025-10-08,Mỹ phẩm,TP HCM,Online,5,5,3262600.0,2459063.0
2025-10-08,Mỹ phẩm,Đà Nẵng,Cửa hàng,1,1,881600.0,694524.0
2025-10-08,Mỹ phẩm,Đà Nẵng,Online,2,2,3054400.0,2325015.0
2025-10-08,Sách,Cần Thơ,Cửa hàng,2,2,1035500.0,699191.0
2025-10-08,Sách,Cần Thơ,Online,1,1,336000.0,246193.0
2025-10-08,Sách,Hà Nội,Cửa hàng,3,3,866900.0,602304.0
2025-10-08,Sách,Hà Nội,Online,2,2,902500.0,721490.0
2025-10-08,Sách,Hải Phòng,Online,1,1,500400.0,303014.0
2025-10-08,Sách,TP HCM,Cửa hàng,2,2,715450.0,465037.0
2025-10-08,Sách,TP HCM,Online,5,5,680000.0,492693.0
2025-10-08,Sách,Đà Nẵng,Cửa hàng,1,1,137750.0,94639.0
2025-10-08,Thời trang,Cần Thơ,Cửa hàng,1,1,1360000.0,983325.0
2025-10-08,Thời trang,Hà Nội,Cửa hàng,1,1,765000.0,591679.0
2025-10-08,Thời trang,Hà Nội,Online,2,2,1464400.0,1068626.0
2025-10-08,Thời trang,Hải Phòng,Cửa hàng,3,3,5456050.0,3642479.0
2025-10-08,Thời trang,Hải Phòng,Online,2,2,1969000.0,1414836.0
2025-10-08,Thời trang,TP HCM,Cửa hàng,7,7,7040750.0,5039215.0
2025-10-08,Thời trang,TP HCM,Online,7,7,12227800.0,8862615.0
2025-10-08,Thời trang,Đà Nẵng,Cửa hàng,1,1,838000.0,592009.0
2025-10-08,Thực phẩm,Cần Thơ,Cửa hàng,6,6,1696800.0,1254712.0
2025-10-08,Thực phẩm,Cần Thơ,Online,3,3,1296000.0,998371.0
2025-10-08,Thực phẩm,Hà Nội,Cửa hàng,10,10,3977700.0,2790951.0
2025-10-08,Thực phẩm,Hà Nội,Online,11,11,2652250.0,1929804.0
2025-10-08,Thực phẩm,Hải Phòng,Cửa hàng,1,1,338000.0,207907.0
2025-10-08,Thực phẩm,Hải Phòng,Online,7,7,1620150.0,1301457.0
2025-10-08,Thực phẩm,TP HCM,Cửa hàng,16,16,5903051.0,3978915.0
2025-10-08,Thực phẩm,TP HCM,Online,5,5,1436800.0,1054648.0
2025-10-08,Thực phẩm,Đà Nẵng,Cửa hàng,3,3,1040400.0,669396.0
2025-10-08,Điện tử,Cần Thơ,Cửa hàng,2,2,2151850.0,1381389.0
2025-10-08,Điện tử,Cần Thơ,Online,2,2,2085000.0,1485495.0
2025-10-08,Điện tử,Hà Nội,Cửa hàng,4,4,6343000.0,4235645.0
2025-10-08,Điện tử,Hà Nội,Online,7,7,11403800.0,8862751.0
2025-10-08,Điện tử,Hải Phòng,Cửa hàng,1,1,1181000.0,820221.0
2025-10-08,Điện tử,Hải Phòng,Online,3,3,5496250.0,4411933.0
2025-10-08,Điện tử,TP HCM,Cửa hàng,7,7,12099050.0,9031496.0
2025-10-08,Điện tử,TP HCM,Online,4,4,6517550.0,4988993.0
2025-10-08,Điện tử,Đà Nẵng,Cửa hàng,4,4,7728000.0,6288597.0
2025-10-08,Điện tử,Đà Nẵng,Online,1,1,1976000.0,1209956.0
2025-10-09,Gia dụng,Cần Thơ,Cửa hàng,1,1,890000.0,551103.0
2025-10-09,Gia dụng,Cần Thơ,Online,1,1,817000.0,563969.0
2025-10-09,Gia dụng,Hà Nội,Cửa hàng,9,9,11268900.0,8022643.0
2025-10-09,Gia dụng,Hà Nội,Online,3,3,4763800.0,3406799.0
2025-10-09,Gia dụng,Hải Phòng,Cửa hàng,3,3,4899250.0,3439775.0
2025-10-09,Gia dụng,TP HCM,Cửa hàng,2,2,3445650.0,2181561.0
2025-10-09,Gia dụng,TP HCM,Online,3,3,4199700.0,2869115.0
2025-10-09,Gia dụng,Đà Nẵng,Cửa hàng,1,1,870000.0,673613.0
2025-10-09,Gia dụng,Đà Nẵng,Online,2,2,10060431.0,7058720.0
2025-10-09,Mỹ phẩm,Cần Thơ,Online,1,1,451250.0,282665.0
2025-10-09,Mỹ phẩm,Hà Nội,Cửa hàng,3,3,2061200.0,1539138.0
2025-10-09,Mỹ phẩm,Hà Nội,Online,2,2,1813000.0,1264762.0
2025-10-09,Mỹ phẩm,Hải Phòng,Cửa hàng,1,1,1368000.0,967672.0
2025-10-09,Mỹ phẩm,TP HCM,Cửa hàng,4,4,1926000.0,1445403.0
2025-10-09,Mỹ phẩm,TP HCM,Online,5,5,5055500.0,3569362.0
2025-10-09,Mỹ phẩm,Đà Nẵng,Online,2,2,975650.0,679727.0
2025-10-09,Sách,Cần Thơ,Cửa hàng,1,1,153000.0,110834.0
2025-10-09,Sách,Cần Thơ,Online,1,1,144000.0,104314.0
2025-10-09,Sách,Hà Nội,Cửa hàng,3,3,724200.0,492690.0
2025-10-09,Sách,Hà Nội,Online,2,2,881400.0,647270.0
2025-10-09,Sách,Hải Phòng,Cửa hàng,1,1,156750.0,108047.0
2025-10-09,Sách,Hải Phòng,Online,2,2,454100.0,304455.0
2025-10-09,Sách,TP HCM,Cửa hàng,9,9,2495300.0,1895532.0
2025-10-09,Sách,TP HCM,Online,5,5,1083600.0,730149.0
2025-10-09,Sách,Đà Nẵng,Cửa hàng,2,2,442800.0,302999.0
2025-10-09,Sách,Đà Nẵng,Online,1,1,576000.0,408045.0
2025-10-09,Thời trang,Cần Thơ,Cửa hàng,4,4,3519700.0,2669051.0
2025-10-09,Thời trang,Hà Nội,Cửa hàng,4,4,6233400.0,4181599.0
2025-10-09,Thời trang,Hà Nội,Online,3,3,2117000.0,1502521.0
2025-10-09,Thời trang,Hải Phòng,Cửa hàng,1,1,1527600.0,957206.0
2025-10-09,Thời trang,Hải Phòng,Online,2,2,2765000.0,2010351.0
2025-10-09,Thời trang,TP HCM,Cửa hàng,6,6,10342850.0,7654252.0
2025-10-09,Thời trang,TP HCM,Online,6,6,12630200.0,9555804.0
2025-10-09,Thời trang,Đà Nẵng,Cửa hàng,3,3,4991850.0,4025176.0
2025-10-09,Thực phẩm,Cần Thơ,Cửa hàng,6,6,1630700.0,1147292.0
2025-10-09,Thực phẩm,Cần Thơ,Online,2,2,978800.0,711698.0
2025-10-09,Thực phẩm,Hà Nội,Cửa hàng,4,4,1130750.0,734037.0
2025-10-09,Thực phẩm,Hà Nội,Online,9,8,5749114.0,3992251.0
2025-10-09,Thực phẩm,Hải Phòng,Cửa hàng,4,4,640200.0,455467.0
2025-10-09,Thực phẩm,Hải Phòng,Online,6,6,2572200.0,1858619.0
2025-10-09,Thực phẩm,TP HCM,Cửa hàng,5,5,1526100.0,1181522.0
2025-10-09,Thực phẩm,TP HCM,Online,7,7,3569000.0,2591063.0
2025-10-09,Thực phẩm,Đà Nẵng,Cửa hàng,5,5,2563000.0,1881690.0
2025-10-09,Thực phẩm,Đà Nẵng,Online,1,1,543000.0,392489.0
2025-10-09,Điện tử,Cần Thơ,Cửa hàng,1,1,2386000.0,1898578.0
2025-10-09,Điện tử,Cần Thơ,Online,3,3,8636800.0,6028755.0
2025-10-09,Điện tử,Hà Nội,Cửa hàng,1,1,1009800.0,786317.0
2025-10-09,Điện tử,Hà Nội,Online,6,6,15030700.0,10828526.0
2025-10-09,Điện tử,Hải Phòng,Cửa hàng,1,1,2137500.0,1547079.0
2025-10-09,Điện tử,Hải Phòng,Online,1,1,3618000.0,2618634.0
2025-10-09,Điện tử,TP HCM,Cửa hàng,6,6,9995900.0,7247686.0
2025-10-09,Điện tử,TP HCM,Online,5,5,5795900.0,4405788.0
2025-10-09,Điện tử,Đà Nẵng,Cửa hàng,2,2,5333400.0,3844768.0
2025-10-09,Điện tử,Đà Nẵng,Online,2,2,3337700.0,2206932.0
2025-10-10,Gia dụng,Cần Thơ,Cửa hàng,3,3,3297650.0,2409585.0
2025-10-10,Gia dụng,Cần Thơ,Online,1,1,892000.0,599084.0
2025-10-10,Gia dụng,Hà Nội,Cửa hàng,5,5,6268700.0,4440145.0
2025-10-10,Gia dụng,Hà Nội,Online,4,4,6262150.0,4632270.0
2025-10-10,Gia dụng,Hải Phòng,Cửa hàng,3,3,2536300.0,1842862.0
2025-10-10,Gia dụng,Hải Phòng,Online,1,1,1598000.0,1074303.0
2025-10-10,Gia dụng,TP HCM,Cửa hàng,7,7,12810300.0,8733910.0
2025-10-10,Gia dụng,TP HCM,Online,5,5,8960000.0,6143685.0
2025-10-10,Gia dụng,Đà Nẵng,Cửa hàng,3,3,3514000.0,2445027.0
2025-10-10,Gia dụng,Đà Nẵng,Online,3,3,4711850.0,3090591.0
2025-10-10,Mỹ phẩm,Cần Thơ,Cửa hàng,2,2,806900.0,556483.0
2025-10-10,Mỹ phẩm,Hà Nội,Online,5,5,3761900.0,2830632.0
2025-10-10,Mỹ phẩm,Hải Phòng,Cửa hàng,2,2,3819000.0,2657761.0
2025-10-10,Mỹ phẩm,Hải Phòng,Online,1,1,458850.0,373462.0
2025-10-10,Mỹ phẩm,TP HCM,Cửa hàng,2,2,1808000.0,1334751.0
2025-10-10,Mỹ phẩm,TP HCM,Online,2,2,1018750.0,741192.0
2025-10-10,Mỹ phẩm,Đà Nẵng,Cửa hàng,6,6,6538900.0,4979290.0
2025-10-10,Mỹ phẩm,Đà Nẵng,Online,1,1,452000.0,377867.0
2025-10-10,Sách,Cần Thơ,Cửa hàng,2,2,303900.0,198820.0
2025-10-10,Sách,Cần Thơ,Online,1,1,480000.0,366248.0
2025-10-10,Sách,Hà Nội,Cửa hàng,2,2,654550.0,437149.0
2025-10-10,Sách,Hà Nội,Online,1,1,266000.0,202280.0
2025-10-10,Sách,Hải Phòng,Online,1,1,550800.0,366126.0
2025-10-10,Sách,TP HCM,Cửa hàng,1,1,134900.0,102805.0
2025-10-10,Sách,TP HCM,Online,1,1,399000.0,248976.0
2025-10-10,Sách,Đà Nẵng,Cửa hàng,3,3,409450.0,294517.0
2025-10-10,Sách,Đà Nẵng,Online,2,2,278350.0,201637.0
2025-10-10,Thời trang,Cần Thơ,Cửa hàng,3,3,3300000.0,2521258.0
2025-10-10,Thời trang,Hà Nội,Cửa hàng,6,6,8616950.0,6363940.0
2025-10-10,Thời trang,Hà Nội,Online,6,6,6678000.0,4762904.0
2025-10-10,Thời trang,TP HCM,Cửa hàng,6,6,7755100.0,5822630.0
2025-10-10,Thời trang,TP HCM,Online,3,3,11943311.0,8055102.0
2025-10-10,Thời trang,Đà Nẵng,Online,1,1,763000.0,537505.0
2025-10-10,Thực phẩm,Cần Thơ,Cửa hàng,1,1,195000.0,117146.0
2025-10-10,Thực phẩm,Cần Thơ,Online,2,2,538000.0,407967.0
2025-10-10,Thực phẩm,Hà Nội,Cửa hàng,12,12,4152500.0,3037752.0
2025-10-10,Thực phẩm,Hà Nội,Online,9,9,2912600.0,2166582.0
2025-10-10,Thực phẩm,Hải Phòng,Cửa hàng,5,5,2550150.0,1671079.0
2025-10-10,Thực phẩm,Hải Phòng,Online,1,1,168000.0,121433.0
2025-10-10,Thực phẩm,TP HCM,Cửa hàng,7,7,2473600.0,1843535.0
2025-10-10,Thực phẩm,TP HCM,Online,7,7,1880400.0,1333473.0
2025-10-10,Thực phẩm,Đà Nẵng,Cửa hàng,3,3,756000.0,535772.0
2025-10-10,Thực phẩm,Đà Nẵng,Online,6,6,2994900.0,2137023.0
2025-10-10,Điện tử,Cần Thơ,Online,2,2,6745500.0,4882255.0
2025-10-10,Điện tử,Hà Nội,Cửa hàng,6,6,17894500.0,12745012.0
2025-10-10,Điện tử,Hà Nội,Online,5,5,9158000.0,6246319.0
2025-10-10,Điện tử,Hải Phòng,Cửa hàng,1,1,1120050.0,810669.0
2025-10-10,Điện tử,Hải Phòng,Online,2,2,3003900.0,2242372.0
2025-10-10,Điện tử,TP HCM,Cửa hàng,7,7,8095800.0,5873103.0
2025-10-10,Điện tử,TP HCM,Online,10,10,18603300.0,13976706.0
2025-10-10,Điện tử,Đà Nẵng,Cửa hàng,3,3,6147900.0,4508517.0
2025-10-10,Điện tử,Đà Nẵng,Online,3,3,12118200.0,8419132.0
2025-10-11,Gia dụng,Cần Thơ,Cửa hàng,1,1,2427000.0,1556494.0
2025-10-11,Gia dụng,Cần Thơ,Online,4,4,5024250.0,3606171.0
2025-10-11,Gia dụng,Hà Nội,Cửa hàng,2,2,3968000.0,3243063.0
2025-10-11,Gia dụng,Hà Nội,Online,1,1,887000.0,749763.0
2025-10-11,Gia dụng,Hải Phòng,Cửa hàng,3,3,4248600.0,2881586.0
2025-10-11,Gia dụng,Hải Phòng,Online,1,1,1572500.0,1162660.0
2025-10-11,Gia dụng,TP HCM,Cửa hàng,8,8,15577000.0,11850171.0
2025-10-11,Gia dụng,TP HCM,Online,9,9,10714300.0,7845326.0
2025-10-11,Gia dụng,Đà Nẵng,Cửa hàng,1,1,2733000.0,1943035.0
2025-10-11,Mỹ phẩm,Cần Thơ,Cửa hàng,2,2,865450.0,654028.0
2025-10-11,Mỹ phẩm,Cần Thơ,Online,2,2,1831600.0,1322865.0
2025-10-11,Mỹ phẩm,Hà Nội,Cửa hàng,6,6,5230550.0,4056299.0
2025-10-11,Mỹ phẩm,Hà Nội,Online,3,3,3910600.0,2684153.0
2025-10-11,Mỹ phẩm,Hải Phòng,Cửa hàng,3,3,2067000.0,1605614.0
2025-10-11,Mỹ phẩm,Hải Phòng,Online,1,1,955800.0,693999.0
2025-10-11,Mỹ phẩm,TP HCM,Cửa hàng,2,2,1639000.0,1316022.0
2025-10-11,Mỹ phẩm,TP HCM,Online,2,2,1022000.0,745829.0
2025-10-11,Mỹ phẩm,Đà Nẵng,Cửa hàng,2,2,2040000.0,1486957.0
2025-10-11,Mỹ phẩm,Đà Nẵng,Online,2,2,1074000.0,737821.0
2025-10-11,Sách,Hà Nội,Cửa hàng,5,5,1523250.0,1113672.0
2025-10-11,Sách,Hà Nội,Online,3,3,817950.0,638231.0
2025-10-11,Sách,Hải Phòng,Cửa hàng,1,1,396000.0,300704.0
2025-10-11,Sách,Hải Phòng,Online,2,2,426700.0,300586.0
2025-10-11,Sách,TP HCM,Cửa hàng,12,12,2902000.0,2043792.0
2025-10-11,Sách,TP HCM,Online,2,2,270950.0,175770.0
2025-10-11,Sách,Đà Nẵng,Cửa hàng,1,1,304000.0,226672.0
2025-10-11,Sách,Đà Nẵng,Online,1,1,160550.0,125341.0
2025-10-11,Thời trang,Cần Thơ,Cửa hàng,2,2,2279300.0,1622724.0
2025-10-11,Thời trang,Hà Nội,Cửa hàng,3,3,2086000.0,1488898.0
2025-10-11,Thời trang,Hà Nội,Online,2,2,2248650.0,1757128.0
2025-10-11,Thời trang,Hải Phòng,Cửa hàng,1,1,12561127.0,8792789.0
2025-10-11,Thời trang,Hải Phòng,Online,2,2,3877450.0,2909628.0
2025-10-11,Thời trang,TP HCM,Cửa hàng,6,6,12818350.0,9166438.0
2025-10-11,Thời trang,TP HCM,Online,1,1,1539000.0,1106100.0
2025-10-11,Thời trang,Đà Nẵng,Cửa hàng,1,1,844000.0,535560.0
2025-10-11,Thực phẩm,Cần Thơ,Cửa hàng,3,3,2471329.0,1720850.0
2025-10-11,Thực phẩm,Cần Thơ,Online,3,3,1040600.0,735010.0
2025-10-11,Thực phẩm,Hà Nội,Cửa hàng,12,12,5199197.0,3624488.0
2025-10-11,Thực phẩm,Hà Nội,Online,9,9,2803350.0,1857484.0
2025-10-11,Thực phẩm,Hải Phòng,Cửa hàng,6,6,1964150.0,1445259.0
2025-10-11,Thực phẩm,Hải Phòng,Online,2,2,350500.0,275138.0
2025-10-11,Thực phẩm,TP HCM,Cửa hàng,6,6,1474350.0,1020792.0
2025-10-11,Thực phẩm,TP HCM,Online,9,9,2397000.0,1852042.0
2025-10-11,Thực phẩm,Đà Nẵng,Cửa hàng,5,5,1597200.0,1148120.0
2025-10-11,Thực phẩm,Đà Nẵng,Online,7,7,4886136.0,3423749.0
2025-10-11,Điện tử,Cần Thơ,Cửa hàng,3,3,4919250.0,3780172.0
2025-10-11,Điện tử,Cần Thơ,Online,2,2,2241700.0,1677405.0
2025-10-11,Điện tử,Hà Nội,Cửa hàng,6,6,10080550.0,7211621.0
2025-10-11,Điện tử,Hà Nội,Online,4,4,6025400.0,4653876.0
2025-10-11,Điện tử,Hải Phòng,Cửa hàng,3,3,4699000.0,3810600.0
2025-10-11,Điện tử,Hải Phòng,Online,3,3,8168900.0,5655022.0
2025-10-11,Điện tử,TP HCM,Cửa hàng,5,5,6419500.0,4853453.0
2025-10-11,Điện tử,TP HCM,Online,4,4,10104000.0,6931201.0
2025-10-11,Điện tử,Đà Nẵng,Cửa hàng,1,1,2520000.0,1542772.0
2025-10-11,Điện tử,Đà Nẵng,Online,3,3,11810800.0,8074655.0
2025-10-12,Gia dụng,Cần Thơ,Cửa hàng,2,2,1607000.0,1194802.0
2025-10-12,Gia dụng,Cần Thơ,Online,1,1,1590000.0,1280464.0
2025-10-12,Gia dụng,Hà Nội,Cửa hàng,4,4,7851050.0,5315256.0
2025-10-12,Gia dụng,Hà Nội,Online,2,2,3182000.0,2093097.0
2025-10-12,Gia dụng,Hải Phòng,Cửa hàng,1,1,697850.0,570242.0
2025-10-12,Gia dụng,Hải Phòng,Online,1,1,815100.0,634893.0
2025-10-12,Gia dụng,TP HCM,Cửa hàng,10,10,14865150.0,10696677.0
2025-10-12,Gia dụng,TP HCM,Online,7,7,6887900.0,4937750.0
2025-10-12,Gia dụng,Đà Nẵng,Cửa hàng,1,1,874000.0,534082.0
2025-10-12,Gia dụng,Đà Nẵng,Online,1,1,2241000.0,1616178.0
2025-10-12,Mỹ phẩm,Cần Thơ,Cửa hàng,2,2,929300.0,698907.0
2025-10-12,Mỹ phẩm,Cần Thơ,Online,3,3,2076900.0,1488305.0
2025-10-12,Mỹ phẩm,Hà Nội,Cửa hàng,2,2,1241700.0,866552.0
2025-10-12,Mỹ phẩm,Hà Nội,Online,1,1,813200.0,514319.0
2025-10-12,Mỹ phẩm,Hải Phòng,Cửa hàng,1,1,964000.0,627662.0
2025-10-12,Mỹ phẩm,TP HCM,Cửa hàng,3,3,1341300.0,1053586.0
2025-10-12,Mỹ phẩm,TP HCM,Online,4,4,2925200.0,2048890.0
2025-10-12,Mỹ phẩm,Đà Nẵng,Cửa hàng,1,1,2188750.0,1373639.0
2025-10-12,Sách,Cần Thơ,Cửa hàng,1,1,152000.0,105492.0
2025-10-12,Sách,Hà Nội,Cửa hàng,2,2,735000.0,565563.0
2025-10-12,Sách,Hà Nội,Online,1,1,2551035.0,1847976.0
2025-10-12,Sách,Hải Phòng,Cửa hàng,3,3,842200.0,568666.0
2025-10-12,Sách,Hải Phòng,Online,1,1,564000.0,408563.0
2025-10-12,Sách,TP HCM,Cửa hàng,1,1,302100.0,191833.0
2025-10-12,Sách,TP HCM,Online,3,3,747000.0,553228.0
2025-10-12,Sách,Đà Nẵng,Cửa hàng,2,2,1052400.0,774142.0
2025-10-12,Thời trang,Cần Thơ,Cửa hàng,5,5,7575850.0,5729480.0
2025-10-12,Thời trang,Cần Thơ,Online,3,3,3351300.0,2433972.0
2025-10-12,Thời trang,Hà Nội,Cửa hàng,4,4,6383250.0,4710843.0
2025-10-12,Thời trang,Hải Phòng,Online,1,1,773000.0,558905.0
2025-10-12,Thời trang,TP HCM,Cửa hàng,8,8,10854700.0,7539368.0
2025-10-12,Thời trang,TP HCM,Online,5,5,8449500.0,5680869.0
2025-10-12,Thời trang,Đà Nẵng,Cửa hàng,4,4,7189800.0,5692957.0
2025-10-12,Thực phẩm,Cần Thơ,Cửa hàng,5,5,1350500.0,991279.0
2025-10-12,Thực phẩm,Cần Thơ,Online,3,3,1430750.0,1044692.0
2025-10-12,Thực phẩm,Hà Nội,Cửa hàng,3,3,499700.0,362985.0
2025-10-12,Thực phẩm,Hà Nội,Online,9,9,2938000.0,2141572.0
2025-10-12,Thực phẩm,Hải Phòng,Cửa hàng,4,4,1370350.0,1041910.0
2025-10-12,Thực phẩm,Hải Phòng,Online,2,2,734000.0,568350.0
2025-10-12,Thực phẩm,TP HCM,Cửa hàng,16,16,4914700.0,3593572.0
2025-10-12,Thực phẩm,TP HCM,Online,7,7,2382600.0,1758466.0
2025-10-12,Thực phẩm,Đà Nẵng,Cửa hàng,1,1,178000.0,128888.0
2025-10-12,Thực phẩm,Đà Nẵng,Online,4,4,1253500.0,970209.0
2025-10-12,Điện tử,Cần Thơ,Cửa hàng,2,2,5805000.0,4690899.0
2025-10-12,Điện tử,Cần Thơ,Online,4,4,9258400.0,6685361.0
2025-10-12,Điện tử,Hà Nội,Cửa hàng,2,2,6752000.0,4420982.0
2025-10-12,Điện tử,Hà Nội,Online,6,6,11495800.0,7970896.0
2025-10-12,Điện tử,Hải Phòng,Cửa hàng,1,1,1966000.0,1224386.0
2025-10-12,Điện tử,Hải Phòng,Online,2,2,2953000.0,2144646.0
2025-10-12,Điện tử,TP HCM,Cửa hàng,5,5,11481000.0,9298617.0
2025-10-12,Điện tử,TP HCM,Online,4,4,14336000.0,10496133.0
2025-10-12,Điện tử,Đà Nẵng,Cửa hàng,1,1,1735700.0,1228763.0
2025-10-12,Điện tử,Đà Nẵng,Online,2,2,3274000.0,2369654.0
2025-10-13,Gia dụng,Cần Thơ,Cửa hàng,1,1,1494000.0,1157095.0
2025-10-13,Gia dụng,Cần Thơ,Online,2,2,3537800.0,2566805.0
2025-10-13,Gia dụng,Hà Nội,Cửa hàng,6,6,7160150.0,4873697.0
2025-10-13,Gia dụng,Hà Nội,Online,6,6,7369100.0,5359208.0
2025-10-13,Gia dụng,TP HCM,Cửa hàng,7,7,12085500.0,8158639.0
2025-10-13,Gia dụng,TP HCM,Online,4,4,4206000.0,3013941.0
2025-10-13,Gia dụng,Đà Nẵng,Cửa hàng,2,2,2985000.0,2326597.0
2025-10-13,Gia dụng,Đà Nẵng,Online,2,2,2274600.0,1562185.0
2025-10-13,Mỹ phẩm,Cần Thơ,Online,2,2,1888000.0,1207681.0
2025-10-13,Mỹ phẩm,Hà Nội,Cửa hàng,3,3,2245000.0,1666766.0
2025-10-13,Mỹ phẩm,Hà Nội,Online,2,2,980000.0,651087.0
2025-10-13,Mỹ phẩm,TP HCM,Cửa hàng,5,5,3028300.0,2072182.0
2025-10-13,Mỹ phẩm,TP HCM,Online,1,1,912000.0,658946.0
2025-10-13,Mỹ phẩm,Đà Nẵng,Cửa hàng,2,2,938450.0,608164.0
2025-10-13,Mỹ phẩm,Đà Nẵng,Online,3,3,1494000.0,1185886.0
2025-10-13,Sách,Cần Thơ,Cửa hàng,1,1,477000.0,324282.0
2025-10-13,Sách,Hà Nội,Cửa hàng,4,4,776000.0,580227.0
2025-10-13,Sách,Hà Nội,Online,4,4,1439000.0,1090916.0
2025-10-13,Sách,Hải Phòng,Online,2,2,278500.0,196742.0
2025-10-13,Sách,TP HCM,Cửa hàng,5,5,1053300.0,811960.0
2025-10-13,Sách,TP HCM,Online,4,4,1283100.0,982609.0
2025-10-13,Sách,Đà Nẵng,Cửa hàng,3,3,947000.0,640369.0
2025-10-13,Sách,Đà Nẵng,Online,1,1,149000.0,110618.0
2025-10-13,Thời trang,Cần Thơ,Online,2,2,2674100.0,1993063.0
2025-10-13,Thời trang,Hà Nội,Cửa hàng,5,5,6498000.0,4641755.0
2025-10-13,Thời trang,Hà Nội,Online,5,5,9186200.0,6139753.0
2025-10-13,Thời trang,Hải Phòng,Cửa hàng,4,4,4846500.0,3599315.0
2025-10-13,Thời trang,Hải Phòng,Online,1,1,660250.0,504270.0
2025-10-13,Thời trang,TP HCM,Cửa hàng,3,3,3706200.0,2896549.0
2025-10-13,Thời trang,TP HCM,Online,2,2,2860000.0,1997710.0
2025-10-13,Thời trang,Đà Nẵng,Cửa hàng,2,2,5646200.0,4069872.0
2025-10-13,Thực phẩm,Cần Thơ,Cửa hàng,2,2,356300.0,249342.0
2025-10-13,Thực phẩm,Cần Thơ,Online,2,2,319000.0,223072.0
2025-10-13,Thực phẩm,Hà Nội,Cửa hàng,9,9,2577800.0,1939609.0
2025-10-13,Thực phẩm,Hà Nội,Online,11,11,3082900.0,2210533.0
2025-10-13,Thực phẩm,Hải Phòng,Cửa hàng,2,2,677000.0,463472.0
2025-10-13,Thực phẩm,Hải Phòng,Online,4,4,1120450.0,809054.0
2025-10-13,Thực phẩm,TP HCM,Cửa hàng,9,9,3139350.0,2207135.0
2025-10-13,Thực phẩm,TP HCM,Online,8,8,1835750.0,1265948.0
2025-10-13,Thực phẩm,Đà Nẵng,Cửa hàng,7,7,1518700.0,1124168.0
2025-10-13,Thực phẩm,Đà Nẵng,Online,1,1,163000.0,121355.0
2025-10-13,Điện tử,Cần Thơ,Cửa hàng,4,4,7578200.0,5322296.0
2025-10-13,Điện tử,Hà Nội,Cửa hàng,9,9,14796500.0,10426919.0
2025-10-13,Điện tử,Hà Nội,Online,3,3,16094577.0,11334079.0
2025-10-13,Điện tử,Hải Phòng,Cửa hàng,4,4,6340000.0,4316674.0
2025-10-13,Điện tử,Hải Phòng,Online,2,2,3106700.0,2111769.0
2025-10-13,Điện tử,TP HCM,Cửa hàng,13,13,47972369.0,34974702.0
2025-10-13,Điện tử,TP HCM,Online,6,6,12597100.0,9456741.0
2025-10-13,Điện tử,Đà Nẵng,Online,2,2,2265100.0,1643517.0
2025-10-14,Gia dụng,Cần Thơ,Cửa hàng,4,4,3675200.0,2508482.0
2025-10-14,Gia dụng,Hà Nội,Cửa hàng,5,5,7847600.0,5390613.0
2025-10-14,Gia dụng,Hà Nội,Online,3,3,6901200.0,4269899.0
2025-10-14,Gia dụng,Hải Phòng,Cửa hàng,1,1,1413000.0,1042429.0
2025-10-14,Gia dụng,Hải Phòng,Online,4,4,7621150.0,5480194.0
2025-10-14,Gia dụng,TP HCM,Cửa hàng,3,3,3278000.0,2117461.0
2025-10-14,Gia dụng,TP HCM,Online,4,4,3991350.0,2768275.0
2025-10-14,Gia dụng,Đà Nẵng,Cửa hàng,2,2,2578000.0,1719491.0
2025-10-14,Gia dụng,Đà Nẵng,Online,3,3,3214950.0,2239682.0
2025-10-14,Mỹ phẩm,Cần Thơ,Cửa hàng,2,2,1504000.0,1086571.0
2025-10-14,Mỹ phẩm,Cần Thơ,Online,1,1,545000.0,382780.0
2025-10-14,Mỹ phẩm,Hà Nội,Cửa hàng,4,4,2576850.0,1797806.0
2025-10-14,Mỹ phẩm,Hà Nội,Online,1,1,524000.0,369247.0
2025-10-14,Mỹ phẩm,Hải Phòng,Cửa hàng,2,2,999450.0,789148.0
2025-10-14,Mỹ phẩm,Hải Phòng,Online,1,1,511000.0,358902.0
2025-10-14,Mỹ phẩm,TP HCM,Cửa hàng,1,1,839800.0,708398.0
2025-10-14,Mỹ phẩm,TP HCM,Online,5,5,5734450.0,4199323.0
2025-10-14,Mỹ phẩm,Đà Nẵng,Cửa hàng,2,2,883000.0,651822.0
2025-10-14,Mỹ phẩm,Đà Nẵng,Online,1,1,419900.0,303271.0
2025-10-14,Sách,Cần Thơ,Online,2,2,264050.0,200889.0
2025-10-14,Sách,Hà Nội,Cửa hàng,3,3,537600.0,363272.0
2025-10-14,Sách,Hà Nội,Online,1,1,288000.0,217130.0
2025-10-14,Sách,Hải Phòng,Cửa hàng,3,3,839000.0,627709.0
2025-10-14,Sách,TP HCM,Cửa hàng,5,5,1412250.0,1051278.0
2025-10-14,Sách,TP HCM,Online,3,3,564100.0,429721.0
2025-10-14,Sách,Đà Nẵng,Cửa hàng,4,4,1420950.0,953525.0
2025-10-14,Sách,Đà Nẵng,Online,3,3,596600.0,443318.0
2025-10-14,Thời trang,Cần Thơ,Cửa hàng,1,1,699000.0,467208.0
2025-10-14,Thời trang,Hà Nội,Cửa hàng,4,4,6654850.0,4339451.0
2025-10-14,Thời trang,Hà Nội,Online,5,5,7855650.0,5549314.0
2025-10-14,Thời trang,Hải Phòng,Cửa hàng,4,4,5525000.0,3870408.0
2025-10-14,Thời trang,Hải Phòng,Online,5,5,12719960.0,8937437.0
2025-10-14,Thời trang,TP HCM,Cửa hàng,4,4,3714000.0,2713111.0
2025-10-14,Thời trang,TP HCM,Online,3,3,2940900.0,1976573.0
2025-10-14,Thời trang,Đà Nẵng,Cửa hàng,4,4,7682750.0,5572328.0
2025-10-14,Thời trang,Đà Nẵng,Online,2,2,1406300.0,1121694.0
2025-10-14,Thực phẩm,Cần Thơ,Cửa hàng,4,4,1844500.0,1279015.0
2025-10-14,Thực phẩm,Cần Thơ,Online,1,1,579000.0,469270.0
2025-10-14,Thực phẩm,Hà Nội,Cửa hàng,10,10,3180950.0,2200485.0
2025-10-14,Thực phẩm,Hà Nội,Online,9,9,2921050.0,2114545.0
2025-10-14,Thực phẩm,Hải Phòng,Cửa hàng,6,6,2036250.0,1519568.0
2025-10-14,Thực phẩm,Hải Phòng,Online,1,1,162450.0,137808.0
2025-10-14,Thực phẩm,TP HCM,Cửa hàng,12,12,5089350.0,3706696.0
2025-10-14,Thực phẩm,TP HCM,Online,11,11,3315800.0,2312404.0
2025-10-14,Thực phẩm,Đà Nẵng,Cửa hàng,4,4,1032500.0,785032.0
2025-10-14,Thực phẩm,Đà Nẵng,Online,3,3,665000.0,493069.0
2025-10-14,Điện tử,Cần Thơ,Cửa hàng,3,3,3690500.0,2402050.0
2025-10-14,Điện tử,Cần Thơ,Online,2,2,3653100.0,2798436.0
2025-10-14,Điện tử,Hà Nội,Cửa hàng,2,2,5698000.0,3821814.0
2025-10-14,Điện tử,Hà Nội,Online,3,3,4498000.0,3338192.0
2025-10-14,Điện tử,Hải Phòng,Cửa hàng,2,2,5492400.0,4092093.0
2025-10-14,Điện tử,Hải Phòng,Online,1,1,2917200.0,2361898.0
2025-10-14,Điện tử,TP HCM,Cửa hàng,6,6,13706050.0,10353178.0
2025-10-14,Điện tử,TP HCM,Online,2,2,1671100.0,1284341.0
2025-10-14,Điện tử,Đà Nẵng,Cửa hàng,3,3,7687000.0,5894486.0
2025-10-14,Điện tử,Đà Nẵng,Online,2,2,2201000.0,1545597.0
2025-10-15,Gia dụng,Cần Thơ,Cửa hàng,4,4,9116800.0,6590153.0
2025-10-15,Gia dụng,Cần Thơ,Online,1,1,1448000.0,1044277.0
2025-10-15,Gia dụng,Hà Nội,Cửa hàng,4,4,8596000.0,5708862.0
2025-10-15,Gia dụng,Hà Nội,Online,1,1,887000.0,639692.0
2025-10-15,Gia dụng,Hải Phòng,Cửa hàng,5,5,4632250.0,3191703.0
2025-10-15,Gia dụng,Hải Phòng,Online,3,3,7045800.0,4890277.0
2025-10-15,Gia dụng,TP HCM,Cửa hàng,5,5,8311300.0,5799668.0
2025-10-15,Gia dụng,TP HCM,Online,3,3,3328350.0,2352234.0
2025-10-15,Gia dụng,Đà Nẵng,Cửa hàng,5,5,5964250.0,4179717.0
2025-10-15,Gia dụng,Đà Nẵng,Online,1,1,886000.0,638971.0
2025-10-15,Mỹ phẩm,Cần Thơ,Cửa hàng,1,1,438000.0,271730.0
2025-10-15,Mỹ phẩm,Hà Nội,Online,1,1,1602000.0,1283850.0
2025-10-15,Mỹ phẩm,Hải Phòng,Online,1,1,1413000.0,1020533.0
2025-10-15,Mỹ phẩm,TP HCM,Cửa hàng,2,2,2139000.0,1769507.0
2025-10-15,Mỹ phẩm,TP HCM,Online,2,2,870000.0,596543.0
2025-10-15,Mỹ phẩm,Đà Nẵng,Cửa hàng,2,2,1733750.0,1214635.0
2025-10-15,Sách,Cần Thơ,Online,3,3,514000.0,357927.0
2025-10-15,Sách,Hà Nội,Cửa hàng,3,3,849200.0,665612.0
2025-10-15,Sách,Hà Nội,Online,2,2,894000.0,579726.0
2025-10-15,Sách,Hải Phòng,Online,1,1,135000.0,114358.0
2025-10-15,Sách,TP HCM,Cửa hàng,3,3,1372400.0,979452.0
2025-10-15,Sách,TP HCM,Online,2,2,260200.0,189485.0
2025-10-15,Sách,Đà Nẵng,Cửa hàng,3,3,1025300.0,707130.0
2025-10-15,Sách,Đà Nẵng,Online,1,1,282600.0,219891.0
2025-10-15,Thời trang,Cần Thơ,Cửa hàng,3,3,2709300.0,1879763.0
2025-10-15,Thời trang,Cần Thơ,Online,1,1,1584000.0,1319616.0
2025-10-15,Thời trang,Hà Nội,Cửa hàng,3,3,2195450.0,1675043.0
2025-10-15,Thời trang,Hà Nội,Online,6,6,5749150.0,4424097.0
2025-10-15,Thời trang,Hải Phòng,Cửa hàng,1,1,627000.0,417890.0
2025-10-15,Thời trang,Hải Phòng,Online,1,1,757150.0,462423.0
2025-10-15,Thời trang,TP HCM,Cửa hàng,3,3,4101000.0,3173069.0
2025-10-15,Thời trang,TP HCM,Online,6,6,10051100.0,6900967.0
2025-10-15,Thời trang,Đà Nẵng,Cửa hàng,5,5,6268300.0,4204193.0
2025-10-15,Thời trang,Đà Nẵng,Online,2,2,3173000.0,2191647.0
2025-10-15,Thực phẩm,Cần Thơ,Cửa hàng,3,3,548200.0,373787.0
2025-10-15,Thực phẩm,Cần Thơ,Online,4,4,861000.0,657238.0
2025-10-15,Thực phẩm,Hà Nội,Cửa hàng,12,12,3856100.0,2934815.0
2025-10-15,Thực phẩm,Hà Nội,Online,8,8,2535700.0,1810137.0
2025-10-15,Thực phẩm,Hải Phòng,Cửa hàng,4,4,1032200.0,772039.0
2025-10-15,Thực phẩm,Hải Phòng,Online,1,1,136000.0,96253.0
2025-10-15,Thực phẩm,TP HCM,Cửa hàng,13,13,3568850.0,2656971.0
2025-10-15,Thực phẩm,TP HCM,Online,9,9,3013150.0,2101084.0
2025-10-15,Thực phẩm,Đà Nẵng,Cửa hàng,5,5,1281300.0,903775.0
2025-10-15,Thực phẩm,Đà Nẵng,Online,2,2,463600.0,301433.0
2025-10-15,Điện tử,Cần Thơ,Online,1,1,964750.0,709909.0
2025-10-15,Điện tử,Hà Nội,Cửa hàng,8,8,16389050.0,11957671.0
2025-10-15,Điện tử,Hà Nội,Online,1,1,1822100.0,1213443.0
2025-10-15,Điện tử,Hải Phòng,Cửa hàng,1,1,1040000.0,686453.0
2025-10-15,Điện tử,Hải Phòng,Online,2,2,4981000.0,3879591.0
2025-10-15,Điện tử,TP HCM,Cửa hàng,5,5,4996800.0,3558346.0
2025-10-15,Điện tử,TP HCM,Online,3,3,5231400.0,3786380.0
2025-10-15,Điện tử,Đà Nẵng,Cửa hàng,3,3,3046000.0,2112239.0
2025-10-15,Điện tử,Đà Nẵng,Online,3,3,4645050.0,3126662.0
2025-10-16,Gia dụng,Cần Thơ,Cửa hàng,4,4,4341000.0,3297702.0
2025-10-16,Gia dụng,Cần Thơ,Online,2,2,5111200.0,3944432.0
2025-10-16,Gia dụng,Hà Nội,Cửa hàng,4,4,7462300.0,4853493.0
2025-10-16,Gia dụng,Hà Nội,Online,3,3,3431900.0,2608419.0
2025-10-16,Gia dụng,Hải Phòng,Cửa hàng,2,2,1795000.0,1501682.0
2025-10-16,Gia dụng,Hải Phòng,Online,1,1,956000.0,771868.0
2025-10-16,Gia dụng,TP HCM,Cửa hàng,4,4,5696000.0,4493232.0
2025-10-16,Gia dụng,TP HCM,Online,8,8,21260801.0,14807454.0
2025-10-16,Gia dụng,Đà Nẵng,Cửa hàng,1,1,1828000.0,1196370.0
2025-10-16,Mỹ phẩm,Cần Thơ,Cửa hàng,1,1,796100.0,566711.0
2025-10-16,Mỹ phẩm,Hà Nội,Cửa hàng,3,3,2972400.0,2089315.0
2025-10-16,Mỹ phẩm,Hà Nội,Online,1,1,1022000.0,792550.0
2025-10-16,Mỹ phẩm,Hải Phòng,Cửa hàng,1,1,503000.0,388317.0
2025-10-16,Mỹ phẩm,Hải Phòng,Online,1,1,392350.0,240458.0
2025-10-16,Mỹ phẩm,TP HCM,Cửa hàng,6,6,6625950.0,4836893.0
2025-10-16,Mỹ phẩm,TP HCM,Online,4,4,3289150.0,2337738.0
2025-10-16,Mỹ phẩm,Đà Nẵng,Cửa hàng,6,6,4473450.0,3165824.0
2025-10-16,Mỹ phẩm,Đà Nẵng,Online,2,2,1435700.0,962591.0
2025-10-16,Sách,Cần Thơ,Cửa hàng,3,3,976000.0,650456.0
2025-10-16,Sách,Hà Nội,Online,3,3,1025000.0,755113.0
2025-10-16,Sách,Hải Phòng,Cửa hàng,3,3,751200.0,552670.0
2025-10-16,Sách,Hải Phòng,Online,4,4,868000.0,616546.0
2025-10-16,Sách,TP HCM,Cửa hàng,1,1,840000.0,654162.0
2025-10-16,Sách,TP HCM,Online,1,1,117300.0,74020.0
2025-10-16,Sách,Đà Nẵng,Cửa hàng,2,2,571850.0,435740.0
2025-10-16,Thời trang,Cần Thơ,Cửa hàng,2,2,14800800.0,10393665.0
2025-10-16,Thời trang,Hà Nội,Cửa hàng,2,2,1544000.0,966076.0
2025-10-16,Thời trang,Hà Nội,Online,3,3,2101800.0,1449635.0
2025-10-16,Thời trang,Hải Phòng,Online,3,3,3146600.0,2217357.0
2025-10-16,Thời trang,TP HCM,Cửa hàng,6,6,4141100.0,2923495.0
2025-10-16,Thời trang,TP HCM,Online,3,3,2178350.0,1455787.0
2025-10-16,Thực phẩm,Cần Thơ,Cửa hàng,4,4,679950.0,490579.0
2025-10-16,Thực phẩm,Cần Thơ,Online,1,1,356000.0,257323.0
2025-10-16,Thực phẩm,Hà Nội,Cửa hàng,7,7,1259850.0,853514.0
2025-10-16,Thực phẩm,Hà Nội,Online,7,7,2433000.0,1764665.0
2025-10-16,Thực phẩm,Hải Phòng,Cửa hàng,6,6,1516750.0,1156515.0
2025-10-16,Thực phẩm,Hải Phòng,Online,1,1,187000.0,139137.0
2025-10-16,Thực phẩm,TP HCM,Cửa hàng,8,8,2885050.0,1987970.0
2025-10-16,Thực phẩm,TP HCM,Online,7,7,2284200.0,1694721.0
2025-10-16,Thực phẩm,Đà Nẵng,Cửa hàng,7,7,2241100.0,1730800.0
2025-10-16,Thực phẩm,Đà Nẵng,Online,3,3,720950.0,507344.0
2025-10-16,Điện tử,Cần Thơ,Cửa hàng,1,1,3441600.0,2850068.0
2025-10-16,Điện tử,Cần Thơ,Online,2,2,5005550.0,3638229.0
2025-10-16,Điện tử,Hà Nội,Cửa hàng,8,8,9442650.0,6622448.0
2025-10-16,Điện tử,Hà Nội,Online,2,2,5388000.0,3763844.0
2025-10-16,Điện tử,Hải Phòng,Cửa hàng,1,1,2442000.0,1712338.0
2025-10-16,Điện tử,Hải Phòng,Online,1,1,1118150.0,918624.0
2025-10-16,Điện tử,TP HCM,Cửa hàng,6,6,9115000.0,6177092.0
2025-10-16,Điện tử,TP HCM,Online,5,5,13427900.0,10241708.0
2025-10-16,Điện tử,Đà Nẵng,Cửa hàng,4,4,10295900.0,6827327.0
2025-10-16,Điện tử,Đà Nẵng,Online,3,3,5554450.0,4108297.0
2025-10-17,Gia dụng,Cần Thơ,Cửa hàng,3,3,4520000.0,3053592.0
2025-10-17,Gia dụng,Cần Thơ,Online,3,3,4582000.0,3073146.0
2025-10-17,Gia dụng,Hà Nội,Cửa hàng,6,6,11091050.0,8465785.0
2025-10-17,Gia dụng,Hà Nội,Online,3,3,2623400.0,1766611.0
2025-10-17,Gia dụng,Hải Phòng,Cửa hàng,1,1,743750.0,570455.0
2025-10-17,Gia dụng,Hải Phòng,Online,2,2,1563350.0,1277398.0
2025-10-17,Gia dụng,TP HCM,Cửa hàng,7,7,9550000.0,6960835.0
2025-10-17,Gia dụng,TP HCM,Online,2,2,1813300.0,1343999.0
2025-10-17,Gia dụng,Đà Nẵng,Cửa hàng,2,2,4101250.0,2507504.0
2025-10-17,Gia dụng,Đà Nẵng,Online,1,1,963000.0,694502.0
2025-10-17,Mỹ phẩm,Hà Nội,Cửa hàng,3,3,1973000.0,1520808.0
2025-10-17,Mỹ phẩm,Hà Nội,Online,6,6,3333250.0,2358018.0
2025-10-17,Mỹ phẩm,Hải Phòng,Cửa hàng,2,2,1441000.0,1016310.0
2025-10-17,Mỹ phẩm,Hải Phòng,Online,2,2,1479000.0,1076489.0
2025-10-17,Mỹ phẩm,TP HCM,Cửa hàng,2,2,2125000.0,1458665.0
2025-10-17,Mỹ phẩm,Đà Nẵng,Cửa hàng,1,1,447000.0,312016.0
2025-10-17,Sách,Cần Thơ,Cửa hàng,1,1,155000.0,122870.0
2025-10-17,Sách,Hà Nội,Cửa hàng,5,5,975250.0,686917.0
2025-10-17,Sách,Hà Nội,Online,3,3,434350.0,323632.0
2025-10-17,Sách,Hải Phòng,Online,1,1,684000.0,480987.0
2025-10-17,Sách,TP HCM,Cửa hàng,2,2,780000.0,626996.0
2025-10-17,Sách,TP HCM,Online,3,3,683100.0,450152.0
2025-10-17,Sách,Đà Nẵng,Cửa hàng,1,1,320000.0,246037.0
2025-10-17,Sách,Đà Nẵng,Online,1,1,113050.0,76838.0
2025-10-17,Thời trang,Cần Thơ,Cửa hàng,1,1,2075700.0,1261701.0
2025-10-17,Thời trang,Cần Thơ,Online,2,2,2511000.0,1828507.0
2025-10-17,Thời trang,Hà Nội,Cửa hàng,3,3,3041150.0,2316842.0
2025-10-17,Thời trang,Hà Nội,Online,4,4,4029500.0,2611692.0
2025-10-17,Thời trang,TP HCM,Cửa hàng,8,8,6996150.0,5088931.0
2025-10-17,Thời trang,TP HCM,Online,9,9,10072350.0,7341705.0
2025-10-17,Thời trang,Đà Nẵng,Online,1,1,1236600.0,1041931.0
2025-10-17,Thực phẩm,Cần Thơ,Cửa hàng,4,4,991550.0,682103.0
2025-10-17,Thực phẩm,Cần Thơ,Online,3,3,960600.0,773385.0
2025-10-17,Thực phẩm,Hà Nội,Cửa hàng,8,8,3041900.0,2207893.0
2025-10-17,Thực phẩm,Hà Nội,Online,7,7,1334100.0,971690.0
2025-10-17,Thực phẩm,Hải Phòng,Cửa hàng,3,3,887650.0,611181.0
2025-10-17,Thực phẩm,Hải Phòng,Online,1,1,183000.0,117306.0
2025-10-17,Thực phẩm,TP HCM,Cửa hàng,10,10,6029018.0,4218817.0
2025-10-17,Thực phẩm,TP HCM,Online,5,5,1311600.0,920994.0
2025-10-17,Thực phẩm,Đà Nẵng,Cửa hàng,2,2,591000.0,435076.0
2025-10-17,Thực phẩm,Đà Nẵng,Online,3,3,635900.0,439324.0
2025-10-17,Điện tử,Cần Thơ,Cửa hàng,3,3,21294257.0,15482345.0
2025-10-17,Điện tử,Cần Thơ,Online,2,2,3469000.0,2510791.0
2025-10-17,Điện tử,Hà Nội,Cửa hàng,7,7,12609800.0,8702143.0
2025-10-17,Điện tử,Hà Nội,Online,3,3,3315800.0,2521005.0
2025-10-17,Điện tử,Hải Phòng,Cửa hàng,3,3,6837950.0,5144129.0
2025-10-17,Điện tử,Hải Phòng,Online,1,1,1839600.0,1450091.0
2025-10-17,Điện tử,TP HCM,Cửa hàng,7,6,34297639.0,24020959.0
2025-10-17,Điện tử,TP HCM,Online,9,9,11444650.0,8123527.0
2025-10-17,Điện tử,Đà Nẵng,Cửa hàng,2,2,4027950.0,2989039.0
2025-10-18,Gia dụng,Cần Thơ,Online,2,2,1766350.0,1172450.0
2025-10-18,Gia dụng,Hà Nội,Cửa hàng,4,4,5312450.0,3818248.0
2025-10-18,Gia dụng,Hà Nội,Online,5,5,5887700.0,4128935.0
2025-10-18,Gia dụng,Hải Phòng,Online,3,3,5084000.0,3385420.0
2025-10-18,Gia dụng,TP HCM,Cửa hàng,6,6,9762300.0,7407089.0
2025-10-18,Gia dụng,TP HCM,Online,2,2,1624000.0,1357636.0
2025-10-18,Gia dụng,Đà Nẵng,Cửa hàng,4,4,8583000.0,5600757.0
2025-10-18,Gia dụng,Đà Nẵng,Online,2,2,1658050.0,1288078.0
2025-10-18,Mỹ phẩm,Cần Thơ,Cửa hàng,1,1,2036000.0,1374392.0
2025-10-18,Mỹ phẩm,Cần Thơ,Online,1,1,441000.0,318510.0
2025-10-18,Mỹ phẩm,Hà Nội,Cửa hàng,2,2,2292450.0,1482372.0
2025-10-18,Mỹ phẩm,Hà Nội,Online,2,2,971800.0,725816.0
2025-10-18,Mỹ phẩm,Hải Phòng,Cửa hàng,1,1,542000.0,351528.0
2025-10-18,Mỹ phẩm,Hải Phòng,Online,1,1,2180000.0,1574496.0
2025-10-18,Mỹ phẩm,TP HCM,Online,2,2,962200.0,691672.0
2025-10-18,Mỹ phẩm,Đà Nẵng,Cửa hàng,3,3,4254000.0,3064725.0
2025-10-18,Mỹ phẩm,Đà Nẵng,Online,2,2,1530250.0,1133518.0
2025-10-18,Sách,Cần Thơ,Cửa hàng,2,2,441250.0,291148.0
2025-10-18,Sách,Hà Nội,Cửa hàng,3,3,894000.0,601119.0
2025-10-18,Sách,Hà Nội,Online,3,3,1436800.0,1121391.0
2025-10-18,Sách,Hải Phòng,Cửa hàng,1,1,143000.0,99221.0
2025-10-18,Sách,Hải Phòng,Online,2,2,278200.0,201529.0
2025-10-18,Sách,TP HCM,Cửa hàng,4,4,1283000.0,859066.0
2025-10-18,Sách,TP HCM,Online,4,4,1363350.0,1029698.0
2025-10-18,Sách,Đà Nẵng,Cửa hàng,2,2,686850.0,505736.0
2025-10-18,Sách,Đà Nẵng,Online,1,1,166000.0,116279.0
2025-10-18,Thời trang,Cần Thơ,Cửa hàng,4,4,4538000.0,3623141.0
2025-10-18,Thời trang,Cần Thơ,Online,2,2,3621000.0,2741186.0
2025-10-18,Thời trang,Hà Nội,Cửa hàng,7,7,7985200.0,5690006.0
2025-10-18,Thời trang,Hà Nội,Online,4,4,3629900.0,2778078.0
2025-10-18,Thời trang,Hải Phòng,Cửa hàng,2,2,2226800.0,1496651.0
2025-10-18,Thời trang,TP HCM,Cửa hàng,5,5,5771350.0,4469517.0
2025-10-18,Thời trang,TP HCM,Online,5,5,7078500.0,5594616.0
2025-10-18,Thời trang,Đà Nẵng,Cửa hàng,3,3,3682700.0,2786391.0
2025-10-18,Thực phẩm,Cần Thơ,Cửa hàng,3,3,819000.0,543133.0
2025-10-18,Thực phẩm,Cần Thơ,Online,8,8,3847300.0,2551189.0
2025-10-18,Thực phẩm,Hà Nội,Cửa hàng,11,11,2910150.0,2037638.0
2025-10-18,Thực phẩm,Hà Nội,Online,6,6,1680950.0,1214663.0
2025-10-18,Thực phẩm,Hải Phòng,Cửa hàng,5,5,1533150.0,1132241.0
2025-10-18,Thực phẩm,Hải Phòng,Online,6,6,1621650.0,1220729.0
2025-10-18,Thực phẩm,TP HCM,Cửa hàng,7,7,1596400.0,1162510.0
2025-10-18,Thực phẩm,TP HCM,Online,11,11,4449550.0,3321790.0
2025-10-18,Thực phẩm,Đà Nẵng,Cửa hàng,5,5,1476900.0,1067093.0
2025-10-18,Thực phẩm,Đà Nẵng,Online,2,2,752000.0,587755.0
2025-10-18,Điện tử,Cần Thơ,Cửa hàng,4,4,8424500.0,6082252.0
2025-10-18,Điện tử,Cần Thơ,Online,3,3,10326750.0,7408918.0
2025-10-18,Điện tử,Hà Nội,Cửa hàng,2,2,20157416.0,14190277.0
2025-10-18,Điện tử,Hà Nội,Online,3,3,11017000.0,8049500.0
2025-10-18,Điện tử,Hải Phòng,Cửa hàng,2,2,3898800.0,3111477.0
2025-10-18,Điện tử,Hải Phòng,Online,1,1,1768000.0,1279642.0
2025-10-18,Điện tử,TP HCM,Cửa hàng,9,9,16002000.0,11938041.0
2025-10-18,Điện tử,TP HCM,Online,4,4,10066550.0,7832200.0
2025-10-18,Điện tử,Đà Nẵng,Online,4,4,5334300.0,3658938.0
2025-10-19,Gia dụng,Cần Thơ,Cửa hàng,2,2,3361550.0,2540540.0
2025-10-19,Gia dụng,Cần Thơ,Online,1,1,773000.0,565614.0
2025-10-19,Gia dụng,Hà Nội,Cửa hàng,7,7,8051650.0,5892036.0
2025-10-19,Gia dụng,Hà Nội,Online,2,2,2465000.0,1669927.0
2025-10-19,Gia dụng,Hải Phòng,Cửa hàng,2,2,3303000.0,2170246.0
2025-10-19,Gia dụng,Hải Phòng,Online,2,2,1662000.0,1067415.0
2025-10-19,Gia dụng,TP HCM,Cửa hàng,4,4,3187500.0,2192570.0
2025-10-19,Gia dụng,TP HCM,Online,2,2,3970600.0,2863541.0
2025-10-19,Gia dụng,Đà Nẵng,Cửa hàng,2,2,2465600.0,1598772.0
2025-10-19,Gia dụng,Đà Nẵng,Online,2,2,2598350.0,1936239.0
2025-10-19,Mỹ phẩm,Cần Thơ,Cửa hàng,3,3,2423150.0,1832169.0
2025-10-19,Mỹ phẩm,Cần Thơ,Online,1,1,452000.0,281147.0
2025-10-19,Mỹ phẩm,Hà Nội,Cửa hàng,1,1,473000.0,345989.0
2025-10-19,Mỹ phẩm,Hà Nội,Online,2,2,1073000.0,771645.0
2025-10-19,Mỹ phẩm,TP HCM,Cửa hàng,5,5,2907000.0,1968416.0
2025-10-19,Mỹ phẩm,TP HCM,Online,4,4,1743900.0,1366568.0
2025-10-19,Mỹ phẩm,Đà Nẵng,Online,2,2,2322000.0,1871414.0
2025-10-19,Sách,Cần Thơ,Online,3,3,624000.0,478720.0
2025-10-19,Sách,Hà Nội,Cửa hàng,1,1,237600.0,187555.0
2025-10-19,Sách,Hà Nội,Online,8,8,2217550.0,1700667.0
2025-10-19,Sách,Hải Phòng,Cửa hàng,2,2,488050.0,389717.0
2025-10-19,Sách,TP HCM,Cửa hàng,5,5,1181000.0,930072.0
2025-10-19,Sách,TP HCM,Online,4,4,1077000.0,795260.0
2025-10-19,Sách,Đà Nẵng,Online,1,1,447000.0,378665.0
2025-10-19,Thời trang,Cần Thơ,Cửa hàng,1,1,1374000.0,1034289.0
2025-10-19,Thời trang,Cần Thơ,Online,3,3,2309000.0,1719304.0
2025-10-19,Thời trang,Hà Nội,Cửa hàng,6,6,5310650.0,4138574.0
2025-10-19,Thời trang,Hà Nội,Online,4,4,4508500.0,3308244.0
2025-10-19,Thời trang,Hải Phòng,Cửa hàng,3,3,2822250.0,1992226.0
2025-10-19,Thời trang,Hải Phòng,Online,1,1,657400.0,443619.0
2025-10-19,Thời trang,TP HCM,Cửa hàng,8,8,7329900.0,5333242.0
2025-10-19,Thời trang,TP HCM,Online,10,10,13007650.0,9225341.0
2025-10-19,Thời trang,Đà Nẵng,Cửa hàng,1,1,738000.0,488268.0
2025-10-19,Thực phẩm,Cần Thơ,Cửa hàng,2,2,779000.0,499876.0
2025-10-19,Thực phẩm,Cần Thơ,Online,1,1,154000.0,111314.0
2025-10-19,Thực phẩm,Hà Nội,Cửa hàng,5,5,908000.0,667672.0
2025-10-19,Thực phẩm,Hà Nội,Online,7,7,1972550.0,1376262.0
2025-10-19,Thực phẩm,Hải Phòng,Cửa hàng,2,2,644650.0,483472.0
2025-10-19,Thực phẩm,Hải Phòng,Online,2,2,360000.0,231413.0
2025-10-19,Thực phẩm,TP HCM,Cửa hàng,9,9,3157800.0,2329639.0
2025-10-19,Thực phẩm,TP HCM,Online,3,3,1632000.0,1041427.0
2025-10-19,Thực phẩm,Đà Nẵng,Cửa hàng,6,6,2875300.0,2002616.0
2025-10-19,Thực phẩm,Đà Nẵng,Online,3,3,556550.0,422518.0
2025-10-19,Điện tử,Cần Thơ,Cửa hàng,6,6,15236600.0,11526528.0
2025-10-19,Điện tử,Cần Thơ,Online,4,4,5775900.0,4225541.0
2025-10-19,Điện tử,Hà Nội,Cửa hàng,4,4,13641600.0,10056355.0
2025-10-19,Điện tử,Hà Nội,Online,1,1,1107000.0,853268.0
2025-10-19,Điện tử,Hải Phòng,Cửa hàng,3,3,4182450.0,3075625.0
2025-10-19,Điện tử,Hải Phòng,Online,1,1,3012000.0,1912120.0
2025-10-19,Điện tử,TP HCM,Cửa hàng,10,10,20376000.0,15488163.0
2025-10-19,Điện tử,TP HCM,Online,4,4,10161800.0,7266254.0
2025-10-19,Điện tử,Đà Nẵng,Online,1,1,2000000.0,1659862.0
2025-10-20,Gia dụng,Cần Thơ,Cửa hàng,6,6,6169000.0,4582264.0
2025-10-20,Gia dụng,Hà Nội,Cửa hàng,2,2,1706000.0,1252279.0
2025-10-20,Gia dụng,Hà Nội,Online,6,6,8820150.0,6300764.0
2025-10-20,Gia dụng,Hải Phòng,Cửa hàng,6,6,16672916.0,11990038.0
2025-10-20,Gia dụng,Hải Phòng,Online,2,2,1722000.0,1351563.0
2025-10-20,Gia dụng,TP HCM,Cửa hàng,7,7,12702900.0,9551172.0
2025-10-20,Gia dụng,TP HCM,Online,9,9,14579300.0,10664984.0
2025-10-20,Gia dụng,Đà Nẵng,Cửa hàng,3,3,3978950.0,2855573.0
2025-10-20,Gia dụng,Đà Nẵng,Online,4,4,4218000.0,2893162.0
2025-10-20,Mỹ phẩm,Cần Thơ,Cửa hàng,1,1,770400.0,499340.0
2025-10-20,Mỹ phẩm,Cần Thơ,Online,2,2,3023700.0,2412522.0
2025-10-20,Mỹ phẩm,Hà Nội,Cửa hàng,5,5,5306000.0,3750177.0
2025-10-20,Mỹ phẩm,Hà Nội,Online,2,2,1767000.0,1249330.0
2025-10-20,Mỹ phẩm,TP HCM,Cửa hàng,5,5,5432500.0,3777228.0
2025-10-20,Mỹ phẩm,TP HCM,Online,2,2,987100.0,717424.0
2025-10-20,Mỹ phẩm,Đà Nẵng,Cửa hàng,4,4,2847700.0,1970582.0
2025-10-20,Sách,Cần Thơ,Cửa hàng,1,1,248400.0,179931.0
2025-10-20,Sách,Cần Thơ,Online,3,3,641950.0,445338.0
2025-10-20,Sách,Hà Nội,Cửa hàng,3,3,670100.0,504674.0
2025-10-20,Sách,Hà Nội,Online,5,5,986350.0,691017.0
2025-10-20,Sách,Hải Phòng,Cửa hàng,2,2,823000.0,685120.0
2025-10-20,Sách,Hải Phòng,Online,2,2,951300.0,698512.0
2025-10-20,Sách,TP HCM,Cửa hàng,4,4,762550.0,512742.0
2025-10-20,Sách,TP HCM,Online,4,4,1295900.0,947228.0
2025-10-20,Sách,Đà Nẵng,Cửa hàng,1,1,820000.0,640216.0
2025-10-20,Sách,Đà Nẵng,Online,3,3,848450.0,681301.0
2025-10-20,Thời trang,Cần Thơ,Cửa hàng,1,1,583100.0,388859.0
2025-10-20,Thời trang,Cần Thơ,Online,1,1,775000.0,574476.0
2025-10-20,Thời trang,Hà Nội,Cửa hàng,5,5,4878350.0,3731999.0
2025-10-20,Thời trang,Hà Nội,Online,4,4,7730200.0,5888150.0
2025-10-20,Thời trang,Hải Phòng,Cửa hàng,2,2,1327200.0,931340.0
2025-10-20,Thời trang,Hải Phòng,Online,1,1,2010000.0,1486132.0
2025-10-20,Thời trang,TP HCM,Cửa hàng,2,2,6211000.0,4454832.0
2025-10-20,Thời trang,TP HCM,Online,4,4,17443882.0,12240304.0
2025-10-20,Thời trang,Đà Nẵng,Online,2,2,2209000.0,1582270.0
2025-10-20,Thực phẩm,Cần Thơ,Cửa hàng,4,4,1130700.0,891898.0
2025-10-20,Thực phẩm,Cần Thơ,Online,2,2,333000.0,264096.0
2025-10-20,Thực phẩm,Hà Nội,Cửa hàng,8,8,2749850.0,2013377.0
2025-10-20,Thực phẩm,Hà Nội,Online,8,8,2793150.0,2020814.0
2025-10-20,Thực phẩm,Hải Phòng,Cửa hàng,3,3,906800.0,673321.0
2025-10-20,Thực phẩm,Hải Phòng,Online,3,3,1116700.0,768400.0
2025-10-20,Thực phẩm,TP HCM,Cửa hàng,9,9,3739950.0,2879182.0
2025-10-20,Thực phẩm,TP HCM,Online,10,10,1848700.0,1352007.0
2025-10-20,Thực phẩm,Đà Nẵng,Cửa hàng,4,4,919700.0,611587.0
2025-10-20,Thực phẩm,Đà Nẵng,Online,4,4,851900.0,565033.0
2025-10-20,Điện tử,Cần Thơ,Cửa hàng,3,3,6123800.0,4347779.0
2025-10-20,Điện tử,Cần Thơ,Online,2,2,3504900.0,2578763.0
2025-10-20,Điện tử,Hà Nội,Cửa hàng,1,1,3681000.0,2578581.0
2025-10-20,Điện tử,Hà Nội,Online,7,7,13150000.0,9325764.0
2025-10-20,Điện tử,Hải Phòng,Cửa hàng,3,3,9857000.0,6774861.0
2025-10-20,Điện tử,Hải Phòng,Online,1,1,1016000.0,839882.0
2025-10-20,Điện tử,TP HCM,Cửa hàng,6,6,11777350.0,8560567.0
2025-10-20,Điện tử,TP HCM,Online,4,4,5247350.0,3509934.0
2025-10-20,Điện tử,Đà Nẵng,Cửa hàng,1,1,3542550.0,2276375.0
2025-10-20,Điện tử,Đà Nẵng,Online,1,1,867600.0,627951.0
2025-10-21,Gia dụng,Cần Thơ,Cửa hàng,1,1,821000.0,543876.0
2025-10-21,Gia dụng,Cần Thơ,Online,2,2,2353000.0,1824194.0
2025-10-21,Gia dụng,Hà Nội,Cửa hàng,3,3,3134400.0,2357020.0
2025-10-21,Gia dụng,Hà Nội,Online,1,1,2282250.0,1515392.0
2025-10-21,Gia dụng,Hải Phòng,Cửa hàng,2,2,1787600.0,1369127.0
2025-10-21,Gia dụng,Hải Phòng,Online,1,1,747000.0,494265.0
2025-10-21,Gia dụng,TP HCM,Cửa hàng,4,4,6593000.0,5011163.0
2025-10-21,Gia dụng,TP HCM,Online,6,6,7923950.0,5722116.0
2025-10-21,Gia dụng,Đà Nẵng,Online,3,3,8170000.0,6085361.0
2025-10-21,Mỹ phẩm,Cần Thơ,Cửa hàng,1,1,482000.0,392132.0
2025-10-21,Mỹ phẩm,Cần Thơ,Online,1,1,525000.0,379179.0
2025-10-21,Mỹ phẩm,Hà Nội,Cửa hàng,2,2,920000.0,661368.0
2025-10-21,Mỹ phẩm,Hà Nội,Online,6,6,3448350.0,2533844.0
2025-10-21,Mỹ phẩm,Hải Phòng,Cửa hàng,1,1,489000.0,315566.0
2025-10-21,Mỹ phẩm,Hải Phòng,Online,3,3,2315300.0,1693809.0
2025-10-21,Mỹ phẩm,TP HCM,Cửa hàng,5,5,3457800.0,2527069.0
2025-10-21,Mỹ phẩm,TP HCM,Online,2,2,1827400.0,1290795.0
2025-10-21,Mỹ phẩm,Đà Nẵng,Online,3,3,3406100.0,2330638.0
2025-10-21,Sách,Cần Thơ,Cửa hàng,1,1,131000.0,91837.0
2025-10-21,Sách,Cần Thơ,Online,2,2,720350.0,497911.0
2025-10-21,Sách,Hà Nội,Cửa hàng,3,3,441000.0,326217.0
2025-10-21,Sách,Hà Nội,Online,6,6,1586050.0,1147379.0
2025-10-21,Sách,Hải Phòng,Online,3,3,621000.0,472111.0
2025-10-21,Sách,TP HCM,Cửa hàng,5,5,753150.0,543633.0
2025-10-21,Sách,TP HCM,Online,3,3,1351000.0,956800.0
2025-10-21,Sách,Đà Nẵng,Cửa hàng,1,1,256000.0,166269.0
2025-10-21,Sách,Đà Nẵng,Online,2,2,837300.0,622985.0
2025-10-21,Thời trang,Cần Thơ,Cửa hàng,5,5,7459600.0,5645094.0
2025-10-21,Thời trang,Cần Thơ,Online,2,2,3269000.0,2362556.0
2025-10-21,Thời trang,Hà Nội,Cửa hàng,6,6,5831400.0,4301210.0
2025-10-21,Thời trang,Hà Nội,Online,2,2,3134000.0,2345649.0
2025-10-21,Thời trang,Hải Phòng,Cửa hàng,1,1,642600.0,489788.0
2025-10-21,Thời trang,Hải Phòng,Online,1,1,1544000.0,1116363.0
2025-10-21,Thời trang,TP HCM,Cửa hàng,2,2,1564800.0,1074620.0
2025-10-21,Thời trang,TP HCM,Online,4,4,7536000.0,5176578.0
2025-10-21,Thời trang,Đà Nẵng,Cửa hàng,1,1,3260000.0,2598665.0
2025-10-21,Thời trang,Đà Nẵng,Online,3,3,5440000.0,3974571.0
2025-10-21,Thực phẩm,Cần Thơ,Cửa hàng,4,4,1034750.0,720206.0
2025-10-21,Thực phẩm,Cần Thơ,Online,4,4,1387750.0,983909.0
2025-10-21,Thực phẩm,Hà Nội,Cửa hàng,3,3,491750.0,322027.0
2025-10-21,Thực phẩm,Hà Nội,Online,3,3,656600.0,498057.0
2025-10-21,Thực phẩm,Hải Phòng,Cửa hàng,5,5,1367950.0,1038632.0
2025-10-21,Thực phẩm,TP HCM,Cửa hàng,15,15,6210500.0,4524214.0
2025-10-21,Thực phẩm,TP HCM,Online,11,11,3669800.0,2718311.0
2025-10-21,Thực phẩm,Đà Nẵng,Cửa hàng,5,5,1182200.0,875018.0
2025-10-21,Thực phẩm,Đà Nẵng,Online,3,3,1362550.0,990463.0
2025-10-21,Điện tử,Cần Thơ,Cửa hàng,2,2,3222000.0,2268454.0
2025-10-21,Điện tử,Cần Thơ,Online,4,4,11169200.0,8253022.0
2025-10-21,Điện tử,Hà Nội,Cửa hàng,6,6,6256550.0,4473589.0
2025-10-21,Điện tử,Hà Nội,Online,2,2,4131000.0,3292483.0
2025-10-21,Điện tử,Hải Phòng,Online,3,3,9214000.0,6260546.0
2025-10-21,Điện tử,TP HCM,Cửa hàng,8,8,12167050.0,9039797.0
2025-10-21,Điện tử,TP HCM,Online,5,5,5637750.0,4315254.0
2025-10-21,Điện tử,Đà Nẵng,Cửa hàng,1,1,841500.0,560309.0
2025-10-21,Điện tử,Đà Nẵng,Online,1,1,4860000.0,3875174.0
2025-10-22,Gia dụng,Cần Thơ,Cửa hàng,2,2,1774000.0,1320574.0
2025-10-22,Gia dụng,Hà Nội,Cửa hàng,11,11,13272900.0,9498524.0
2025-10-22,Gia dụng,Hà Nội,Online,5,5,6100800.0,4396796.0
2025-10-22,Gia dụng,Hải Phòng,Online,1,1,731000.0,468987.0
2025-10-22,Gia dụng,TP HCM,Cửa hàng,5,5,9479100.0,6437752.0
2025-10-22,Gia dụng,TP HCM,Online,1,1,3795250.0,2724783.0
2025-10-22,Gia dụng,Đà Nẵng,Cửa hàng,3,3,4018500.0,3130184.0
2025-10-22,Gia dụng,Đà Nẵng,Online,2,2,2409000.0,1927200.0
2025-10-22,Mỹ phẩm,Cần Thơ,Cửa hàng,2,2,1897000.0,1416891.0
2025-10-22,Mỹ phẩm,Hà Nội,Cửa hàng,2,2,2646900.0,1755073.0
2025-10-22,Mỹ phẩm,Hà Nội,Online,2,2,1447000.0,999225.0
2025-10-22,Mỹ phẩm,TP HCM,Cửa hàng,3,3,1766400.0,1190013.0
2025-10-22,Mỹ phẩm,TP HCM,Online,3,2,2633700.0,1866037.0
2025-10-22,Mỹ phẩm,Đà Nẵng,Cửa hàng,1,1,396950.0,316035.0
2025-10-22,Sách,Cần Thơ,Online,1,1,462000.0,384266.0
2025-10-22,Sách,Hà Nội,Cửa hàng,2,2,722850.0,498935.0
2025-10-22,Sách,Hà Nội,Online,3,3,877000.0,631255.0
2025-10-22,Sách,Hải Phòng,Cửa hàng,3,3,690700.0,477631.0
2025-10-22,Sách,TP HCM,Cửa hàng,4,4,1168900.0,835381.0
2025-10-22,Sách,TP HCM,Online,5,5,719000.0,517020.0
2025-10-22,Sách,Đà Nẵng,Cửa hàng,1,1,138000.0,98584.0
2025-10-22,Sách,Đà Nẵng,Online,1,1,165000.0,118063.0
2025-10-22,Thời trang,Cần Thơ,Cửa hàng,1,1,729900.0,577577.0
2025-10-22,Thời trang,Cần Thơ,Online,3,3,2174850.0,1664826.0
2025-10-22,Thời trang,Hà Nội,Cửa hàng,5,5,6913550.0,4851524.0
2025-10-22,Thời trang,Hà Nội,Online,3,3,8629000.0,6627249.0
2025-10-22,Thời trang,Hải Phòng,Cửa hàng,1,1,722000.0,582806.0
2025-10-22,Thời trang,TP HCM,Cửa hàng,9,9,9813300.0,7621807.0
2025-10-22,Thời trang,TP HCM,Online,3,3,3636600.0,2750146.0
2025-10-22,Thời trang,Đà Nẵng,Cửa hàng,1,1,802000.0,518531.0
2025-10-22,Thời trang,Đà Nẵng,Online,2,2,2025000.0,1642129.0
2025-10-22,Thực phẩm,Cần Thơ,Cửa hàng,6,6,2418800.0,1846425.0
2025-10-22,Thực phẩm,Cần Thơ,Online,2,2,816750.0,628894.0
2025-10-22,Thực phẩm,Hà Nội,Cửa hàng,8,8,2766400.0,1949550.0
2025-10-22,Thực phẩm,Hà Nội,Online,9,9,4336061.0,3151537.0
2025-10-22,Thực phẩm,Hải Phòng,Cửa hàng,3,3,1073750.0,768579.0
2025-10-22,Thực phẩm,Hải Phòng,Online,4,4,1292300.0,1002588.0
2025-10-22,Thực phẩm,TP HCM,Cửa hàng,16,16,5106800.0,3887572.0
2025-10-22,Thực phẩm,TP HCM,Online,9,9,2951050.0,2116727.0
2025-10-22,Thực phẩm,Đà Nẵng,Cửa hàng,6,6,1637300.0,1201634.0
2025-10-22,Thực phẩm,Đà Nẵng,Online,3,3,621650.0,459996.0
2025-10-22,Điện tử,Cần Thơ,Cửa hàng,3,3,4312800.0,3126308.0
2025-10-22,Điện tử,Cần Thơ,Online,2,2,5976000.0,4325307.0
2025-10-22,Điện tử,Hà Nội,Cửa hàng,5,5,6646150.0,4868567.0
2025-10-22,Điện tử,Hà Nội,Online,1,1,1922000.0,1212114.0
2025-10-22,Điện tử,Hải Phòng,Cửa hàng,1,1,3183000.0,2092370.0
2025-10-22,Điện tử,Hải Phòng,Online,1,1,4298400.0,2984634.0
2025-10-22,Điện tử,TP HCM,Cửa hàng,3,3,9142100.0,6569999.0
2025-10-22,Điện tử,TP HCM,Online,5,5,12755350.0,8526926.0
2025-10-22,Điện tử,Đà Nẵng,Cửa hàng,3,3,5051500.0,3845856.0
2025-10-22,Điện tử,Đà Nẵng,Online,2,2,3779000.0,2717780.0
2025-10-23,Gia dụng,Cần Thơ,Cửa hàng,5,5,5506200.0,3748015.0
2025-10-23,Gia dụng,Cần Thơ,Online,2,2,9175000.0,6616882.0
2025-10-23,Gia dụng,Hà Nội,Cửa hàng,7,7,7340350.0,5218797.0
2025-10-23,Gia dụng,Hà Nội,Online,1,1,749550.0,570577.0
2025-10-23,Gia dụng,Hải Phòng,Cửa hàng,2,2,2914000.0,2279237.0
2025-10-23,Gia dụng,TP HCM,Cửa hàng,10,10,15691200.0,11125086.0
2025-10-23,Gia dụng,TP HCM,Online,4,4,6107700.0,4605992.0
2025-10-23,Gia dụng,Đà Nẵng,Cửa hàng,1,1,709650.0,471399.0
2025-10-23,Gia dụng,Đà Nẵng,Online,1,1,2403000.0,1959041.0
2025-10-23,Mỹ phẩm,Cần Thơ,Cửa hàng,3,3,2768100.0,1860590.0
2025-10-23,Mỹ phẩm,Cần Thơ,Online,2,2,876000.0,635832.0
2025-10-23,Mỹ phẩm,Hà Nội,Cửa hàng,1,1,545000.0,337934.0
2025-10-23,Mỹ phẩm,Hà Nội,Online,3,3,3159900.0,2351305.0
2025-10-23,Mỹ phẩm,Hải Phòng,Cửa hàng,2,2,847550.0,648579.0
2025-10-23,Mỹ phẩm,TP HCM,Cửa hàng,1,1,484000.0,293171.0
2025-10-23,Mỹ phẩm,TP HCM,Online,4,4,5314500.0,3851357.0
2025-10-23,Mỹ phẩm,Đà Nẵng,Online,2,2,1235200.0,915889.0
2025-10-23,Sách,Cần Thơ,Cửa hàng,1,1,134900.0,108803.0
2025-10-23,Sách,Hà Nội,Cửa hàng,2,2,597500.0,384171.0
2025-10-23,Sách,Hà Nội,Online,1,1,231200.0,188003.0
2025-10-23,Sách,Hải Phòng,Cửa hàng,1,1,117900.0,89010.0
2025-10-23,Sách,TP HCM,Cửa hàng,3,3,685800.0,514493.0
2025-10-23,Sách,TP HCM,Online,1,1,139500.0,113902.0
2025-10-23,Sách,Đà Nẵng,Cửa hàng,2,2,617500.0,421761.0
2025-10-23,Sách,Đà Nẵng,Online,3,3,621700.0,497584.0
2025-10-23,Thời trang,Cần Thơ,Cửa hàng,4,4,4466800.0,3608442.0
2025-10-23,Thời trang,Cần Thơ,Online,1,1,2298000.0,1402783.0
2025-10-23,Thời trang,Hà Nội,Cửa hàng,4,4,3602550.0,2507575.0
2025-10-23,Thời trang,Hà Nội,Online,4,4,5052750.0,3953806.0
2025-10-23,Thời trang,Hải Phòng,Cửa hàng,2,2,2447600.0,1873168.0
2025-10-23,Thời trang,TP HCM,Cửa hàng,4,4,4664200.0,3208175.0
2025-10-23,Thời trang,TP HCM,Online,3,3,3172500.0,2236935.0
2025-10-23,Thời trang,Đà Nẵng,Cửa hàng,1,1,817000.0,528370.0
2025-10-23,Thực phẩm,Cần Thơ,Cửa hàng,4,4,1450900.0,1151100.0
2025-10-23,Thực phẩm,Cần Thơ,Online,4,4,1070100.0,824413.0
2025-10-23,Thực phẩm,Hà Nội,Cửa hàng,7,7,2160350.0,1512222.0
2025-10-23,Thực phẩm,Hà Nội,Online,6,6,1899600.0,1366990.0
2025-10-23,Thực phẩm,Hải Phòng,Cửa hàng,5,5,2224200.0,1567117.0
2025-10-23,Thực phẩm,Hải Phòng,Online,2,2,671000.0,525723.0
2025-10-23,Thực phẩm,TP HCM,Cửa hàng,18,18,7528850.0,5229063.0
2025-10-23,Thực phẩm,TP HCM,Online,8,8,2782800.0,2027633.0
2025-10-23,Thực phẩm,Đà Nẵng,Cửa hàng,2,2,360050.0,251092.0
2025-10-23,Thực phẩm,Đà Nẵng,Online,3,3,1036000.0,789885.0
2025-10-23,Điện tử,Cần Thơ,Cửa hàng,2,2,6924000.0,4117206.0
2025-10-23,Điện tử,Cần Thơ,Online,2,2,3926000.0,2606035.0
2025-10-23,Điện tử,Hà Nội,Cửa hàng,6,6,19844150.0,15363263.0
2025-10-23,Điện tử,Hà Nội,Online,4,4,6033800.0,4482798.0
2025-10-23,Điện tử,Hải Phòng,Cửa hàng,1,1,987050.0,723322.0
2025-10-23,Điện tử,Hải Phòng,Online,1,1,2108000.0,1297837.0
2025-10-23,Điện tử,TP HCM,Cửa hàng,10,10,29091422.0,20486677.0
2025-10-23,Điện tử,TP HCM,Online,8,8,15797000.0,10844723.0
2025-10-23,Điện tử,Đà Nẵng,Online,3,3,3211050.0,2417730.0
2025-10-24,Gia dụng,Cần Thơ,Cửa hàng,2,2,2574000.0,1837412.0
2025-10-24,Gia dụng,Cần Thơ,Online,3,3,3021000.0,2242148.0
2025-10-24,Gia dụng,Hà Nội,Cửa hàng,9,9,15763000.0,11440084.0
2025-10-24,Gia dụng,Hà Nội,Online,5,5,6060750.0,4240713.0
2025-10-24,Gia dụng,Hải Phòng,Online,1,1,763800.0,640322.0
2025-10-24,Gia dụng,TP HCM,Cửa hàng,3,3,5916200.0,3700960.0
2025-10-24,Gia dụng,TP HCM,Online,5,5,8667900.0,6302971.0
2025-10-24,Gia dụng,Đà Nẵng,Cửa hàng,3,3,2443800.0,1702902.0
2025-10-24,Gia dụng,Đà Nẵng,Online,1,1,3848000.0,2429452.0
2025-10-24,Mỹ phẩm,Cần Thơ,Cửa hàng,3,3,2493000.0,1857499.0
2025-10-24,Mỹ phẩm,Cần Thơ,Online,1,1,482000.0,347185.0
2025-10-24,Mỹ phẩm,Hà Nội,Cửa hàng,4,4,3642250.0,2582887.0
2025-10-24,Mỹ phẩm,Hà Nội,Online,3,3,4341300.0,2881341.0
2025-10-24,Mỹ phẩm,Hải Phòng,Cửa hàng,3,3,4259650.0,2769832.0
2025-10-24,Mỹ phẩm,TP HCM,Cửa hàng,3,3,2451850.0,1714027.0
2025-10-24,Mỹ phẩm,TP HCM,Online,5,5,2847000.0,2034206.0
2025-10-24,Mỹ phẩm,Đà Nẵng,Cửa hàng,2,2,904700.0,644114.0
2025-10-24,Mỹ phẩm,Đà Nẵng,Online,2,2,2220150.0,1585429.0
2025-10-24,Sách,Cần Thơ,Cửa hàng,1,1,116100.0,70558.0
2025-10-24,Sách,Cần Thơ,Online,3,3,793000.0,514050.0
2025-10-24,Sách,Hà Nội,Cửa hàng,4,4,963000.0,699814.0
2025-10-24,Sách,Hà Nội,Online,1,1,150000.0,121051.0
2025-10-24,Sách,Hải Phòng,Online,1,1,282000.0,239095.0
2025-10-24,Sách,TP HCM,Cửa hàng,2,2,686500.0,574515.0
2025-10-24,Sách,TP HCM,Online,4,4,719850.0,568737.0
2025-10-24,Sách,Đà Nẵng,Cửa hàng,3,3,617150.0,494187.0
2025-10-24,Sách,Đà Nẵng,Online,4,4,1116800.0,844856.0
2025-10-24,Thời trang,Cần Thơ,Cửa hàng,4,4,6197200.0,4841010.0
2025-10-24,Thời trang,Cần Thơ,Online,1,1,1572000.0,1184889.0
2025-10-24,Thời trang,Hà Nội,Cửa hàng,4,4,6842100.0,4833373.0
2025-10-24,Thời trang,Hà Nội,Online,5,5,5145750.0,4013420.0
2025-10-24,Thời trang,Hải Phòng,Cửa hàng,3,3,4846700.0,3363578.0
2025-10-24,Thời trang,Hải Phòng,Online,4,4,5626450.0,4150898.0
2025-10-24,Thời trang,TP HCM,Cửa hàng,4,4,6014000.0,4252626.0
2025-10-24,Thời trang,TP HCM,Online,1,1,651000.0,539621.0
2025-10-24,Thời trang,Đà Nẵng,Cửa hàng,3,3,3626900.0,2543925.0
2025-10-24,Thời trang,Đà Nẵng,Online,1,1,657000.0,548734.0
2025-10-24,Thực phẩm,Cần Thơ,Cửa hàng,1,1,148750.0,101552.0
2025-10-24,Thực phẩm,Cần Thơ,Online,3,3,900400.0,647285.0
2025-10-24,Thực phẩm,Hà Nội,Cửa hàng,8,8,1646800.0,1190173.0
2025-10-24,Thực phẩm,Hà Nội,Online,9,9,2207500.0,1606978.0
2025-10-24,Thực phẩm,Hải Phòng,Cửa hàng,4,4,1305550.0,818568.0
2025-10-24,Thực phẩm,Hải Phòng,Online,5,5,1457750.0,1046332.0
2025-10-24,Thực phẩm,TP HCM,Cửa hàng,7,7,1800600.0,1370822.0
2025-10-24,Thực phẩm,TP HCM,Online,8,8,3127150.0,2205358.0
2025-10-24,Thực phẩm,Đà Nẵng,Cửa hàng,2,2,929750.0,745699.0
2025-10-24,Thực phẩm,Đà Nẵng,Online,3,3,1074100.0,701120.0
2025-10-24,Điện tử,Cần Thơ,Cửa hàng,2,2,2243700.0,1516863.0
2025-10-24,Điện tử,Cần Thơ,Online,2,2,3041000.0,2302262.0
2025-10-24,Điện tử,Hà Nội,Cửa hàng,6,6,7728950.0,5133876.0
2025-10-24,Điện tử,Hà Nội,Online,5,5,24784659.0,17410802.0
2025-10-24,Điện tử,Hải Phòng,Cửa hàng,1,1,1966000.0,1405621.0
2025-10-24,Điện tử,Hải Phòng,Online,1,1,973000.0,612295.0
2025-10-24,Điện tử,TP HCM,Cửa hàng,6,6,8774250.0,6456529.0
2025-10-24,Điện tử,TP HCM,Online,1,1,1908000.0,1355094.0
2025-10-24,Điện tử,Đà Nẵng,Cửa hàng,2,2,6270000.0,4332318.0
2025-10-24,Điện tử,Đà Nẵng,Online,3,3,6699000.0,4387777.0
2025-10-25,Gia dụng,Cần Thơ,Cửa hàng,2,2,1641900.0,1128881.0
2025-10-25,Gia dụng,Cần Thơ,Online,1,1,2661000.0,1919076.0
2025-10-25,Gia dụng,Hà Nội,Cửa hàng,4,4,4104600.0,3185339.0
2025-10-25,Gia dụng,Hà Nội,Online,4,4,7544200.0,5556316.0
2025-10-25,Gia dụng,Hải Phòng,Cửa hàng,2,2,1548000.0,1193686.0
2025-10-25,Gia dụng,Hải Phòng,Online,2,2,1699800.0,1139544.0
2025-10-25,Gia dụng,TP HCM,Cửa hàng,3,3,3947000.0,2708299.0
2025-10-25,Gia dụng,TP HCM,Online,2,2,3155750.0,2480629.0
2025-10-25,Gia dụng,Đà Nẵng,Cửa hàng,5,5,8714500.0,6735987.0
2025-10-25,Gia dụng,Đà Nẵng,Online,4,4,3958150.0,3151594.0
2025-10-25,Mỹ phẩm,Cần Thơ,Cửa hàng,2,2,1332950.0,959598.0
2025-10-25,Mỹ phẩm,Hà Nội,Cửa hàng,5,5,2705950.0,1933018.0
2025-10-25,Mỹ phẩm,Hà Nội,Online,3,3,1892400.0,1399609.0
2025-10-25,Mỹ phẩm,Hải Phòng,Cửa hàng,1,1,1876000.0,1163654.0
2025-10-25,Mỹ phẩm,TP HCM,Cửa hàng,4,4,3506300.0,2540821.0
2025-10-25,Mỹ phẩm,TP HCM,Online,4,4,3228800.0,2318371.0
2025-10-25,Sách,Hà Nội,Cửa hàng,2,2,600300.0,417520.0
2025-10-25,Sách,Hà Nội,Online,5,5,1881750.0,1414605.0
2025-10-25,Sách,Hải Phòng,Cửa hàng,2,2,289000.0,193029.0
2025-10-25,Sách,Hải Phòng,Online,2,2,806000.0,590543.0
2025-10-25,Sách,TP HCM,Cửa hàng,2,2,418700.0,338157.0
2025-10-25,Sách,TP HCM,Online,4,4,987550.0,728974.0
2025-10-25,Sách,Đà Nẵng,Cửa hàng,2,2,791850.0,540657.0
2025-10-25,Sách,Đà Nẵng,Online,1,1,155000.0,120804.0
2025-10-25,Thời trang,Cần Thơ,Cửa hàng,2,2,3275000.0,2363163.0
2025-10-25,Thời trang,Cần Thơ,Online,4,4,5300300.0,3735479.0
2025-10-25,Thời trang,Hà Nội,Cửa hàng,1,1,1875300.0,1131693.0
2025-10-25,Thời trang,Hà Nội,Online,6,6,6890100.0,5252568.0
2025-10-25,Thời trang,Hải Phòng,Cửa hàng,1,1,801000.0,674322.0
2025-10-25,Thời trang,Hải Phòng,Online,2,2,1290100.0,958865.0
2025-10-25,Thời trang,TP HCM,Cửa hàng,1,1,659300.0,432021.0
2025-10-25,Thời trang,TP HCM,Online,3,3,2653050.0,1972788.0
2025-10-25,Thời trang,Đà Nẵng,Cửa hàng,3,3,4845900.0,4042148.0
2025-10-25,Thời trang,Đà Nẵng,Online,3,3,3046000.0,2137553.0
2025-10-25,Thực phẩm,Cần Thơ,Cửa hàng,3,3,917000.0,670127.0
2025-10-25,Thực phẩm,Cần Thơ,Online,2,2,692000.0,482684.0
2025-10-25,Thực phẩm,Hà Nội,Cửa hàng,8,8,2063150.0,1599873.0
2025-10-25,Thực phẩm,Hà Nội,Online,7,7,1691150.0,1236417.0
2025-10-25,Thực phẩm,Hải Phòng,Cửa hàng,2,2,338200.0,243295.0
2025-10-25,Thực phẩm,Hải Phòng,Online,3,3,1380000.0,1021536.0
2025-10-25,Thực phẩm,TP HCM,Cửa hàng,11,11,5604052.0,4000426.0
2025-10-25,Thực phẩm,TP HCM,Online,8,8,2128800.0,1388443.0
2025-10-25,Thực phẩm,Đà Nẵng,Cửa hàng,3,3,1355000.0,1005052.0
2025-10-25,Thực phẩm,Đà Nẵng,Online,4,4,1264350.0,905983.0
2025-10-25,Điện tử,Cần Thơ,Online,1,1,1132400.0,844091.0
2025-10-25,Điện tử,Hà Nội,Cửa hàng,4,4,10418200.0,7785423.0
2025-10-25,Điện tử,Hà Nội,Online,7,7,14602250.0,10616605.0
2025-10-25,Điện tử,Hải Phòng,Cửa hàng,2,2,5622400.0,4485361.0
2025-10-25,Điện tử,Hải Phòng,Online,1,1,1120050.0,810669.0
2025-10-25,Điện tử,TP HCM,Cửa hàng,7,7,10506550.0,7204242.0
2025-10-25,Điện tử,TP HCM,Online,10,10,26479654.0,19128751.0
2025-10-25,Điện tử,Đà Nẵng,Cửa hàng,4,4,6999800.0,4800653.0
2025-10-25,Điện tử,Đà Nẵng,Online,2,2,4458000.0,2922453.0
2025-10-26,Gia dụng,Cần Thơ,Cửa hàng,4,4,4707950.0,3380900.0
2025-10-26,Gia dụng,Cần Thơ,Online,1,1,773000.0,494457.0
2025-10-26,Gia dụng,Hà Nội,Cửa hàng,6,6,12873800.0,9588897.0
2025-10-26,Gia dụng,Hà Nội,Online,4,4,4729200.0,3203552.0
2025-10-26,Gia dụng,Hải Phòng,Cửa hàng,3,3,7128200.0,5239167.0
2025-10-26,Gia dụng,Hải Phòng,Online,1,1,4405000.0,3176824.0
2025-10-26,Gia dụng,TP HCM,Cửa hàng,12,12,18999600.0,13019880.0
2025-10-26,Gia dụng,TP HCM,Online,3,3,2375100.0,1750538.0
2025-10-26,Gia dụng,Đà Nẵng,Cửa hàng,1,1,1584000.0,1165063.0
2025-10-26,Mỹ phẩm,Hà Nội,Cửa hàng,1,1,1006000.0,706989.0
2025-10-26,Mỹ phẩm,Hải Phòng,Cửa hàng,3,3,1258150.0,881748.0
2025-10-26,Mỹ phẩm,Hải Phòng,Online,1,1,1084000.0,715511.0
2025-10-26,Mỹ phẩm,TP HCM,Cửa hàng,5,5,3811800.0,2723677.0
2025-10-26,Mỹ phẩm,TP HCM,Online,4,4,2929600.0,2100986.0
2025-10-26,Mỹ phẩm,Đà Nẵng,Cửa hàng,1,1,1086000.0,660306.0
2025-10-26,Mỹ phẩm,Đà Nẵng,Online,1,1,490000.0,353900.0
2025-10-26,Sách,Cần Thơ,Cửa hàng,1,1,170000.0,113130.0
2025-10-26,Sách,Hà Nội,Cửa hàng,5,5,2116073.0,1530866.0
2025-10-26,Sách,Hà Nội,Online,1,1,674500.0,488609.0
2025-10-26,Sách,Hải Phòng,Cửa hàng,3,3,450000.0,326995.0
2025-10-26,Sách,TP HCM,Cửa hàng,2,2,564900.0,427219.0
2025-10-26,Sách,TP HCM,Online,3,3,740000.0,547975.0
2025-10-26,Sách,Đà Nẵng,Cửa hàng,4,4,1425000.0,981211.0
2025-10-26,Sách,Đà Nẵng,Online,3,3,607500.0,463918.0
2025-10-26,Thời trang,Cần Thơ,Cửa hàng,4,4,5881650.0,4214450.0
2025-10-26,Thời trang,Hà Nội,Cửa hàng,5,5,7107400.0,5147719.0
2025-10-26,Thời trang,Hà Nội,Online,5,5,5613800.0,4114779.0
2025-10-26,Thời trang,Hải Phòng,Cửa hàng,3,3,4544200.0,3603104.0
2025-10-26,Thời trang,Hải Phòng,Online,1,1,606100.0,514713.0
2025-10-26,Thời trang,TP HCM,Cửa hàng,4,4,3628350.0,2721301.0
2025-10-26,Thời trang,TP HCM,Online,9,9,10188450.0,7691560.0
2025-10-26,Thời trang,Đà Nẵng,Cửa hàng,1,1,668000.0,533152.0
2025-10-26,Thực phẩm,Cần Thơ,Cửa hàng,4,4,1514200.0,1061611.0
2025-10-26,Thực phẩm,Cần Thơ,Online,1,1,159000.0,134940.0
2025-10-26,Thực phẩm,Hà Nội,Cửa hàng,8,8,2240000.0,1466976.0
2025-10-26,Thực phẩm,Hà Nội,Online,4,4,1640850.0,1311569.0
2025-10-26,Thực phẩm,Hải Phòng,Cửa hàng,2,2,549900.0,392193.0
2025-10-26,Thực phẩm,Hải Phòng,Online,4,4,695000.0,522331.0
2025-10-26,Thực phẩm,TP HCM,Cửa hàng,11,11,3801950.0,2657604.0
2025-10-26,Thực phẩm,TP HCM,Online,9,9,3285000.0,2414920.0
2025-10-26,Thực phẩm,Đà Nẵng,Cửa hàng,3,3,993200.0,628640.0
2025-10-26,Thực phẩm,Đà Nẵng,Online,5,5,4610919.0,3253016.0
2025-10-26,Điện tử,Cần Thơ,Cửa hàng,2,2,9206000.0,6309365.0
2025-10-26,Điện tử,Cần Thơ,Online,1,1,10048796.0,7034157.0
2025-10-26,Điện tử,Hà Nội,Cửa hàng,3,3,7640400.0,6065378.0
2025-10-26,Điện tử,Hà Nội,Online,3,3,5330100.0,4239985.0
2025-10-26,Điện tử,Hải Phòng,Online,2,2,6116500.0,4426998.0
2025-10-26,Điện tử,TP HCM,Cửa hàng,7,7,24965850.0,19647356.0
2025-10-26,Điện tử,TP HCM,Online,6,6,9470750.0,6896795.0
2025-10-26,Điện tử,Đà Nẵng,Cửa hàng,4,4,5315400.0,3795956.0
2025-10-26,Điện tử,Đà Nẵng,Online,2,2,4871000.0,3275567.0
2025-10-27,Gia dụng,Cần Thơ,Cửa hàng,1,1,1738000.0,1141315.0
2025-10-27,Gia dụng,Cần Thơ,Online,4,4,3280000.0,2166900.0
2025-10-27,Gia dụng,Hà Nội,Cửa hàng,3,3,3493450.0,2491064.0
2025-10-27,Gia dụng,Hà Nội,Online,3,3,2785800.0,1984462.0
2025-10-27,Gia dụng,Hải Phòng,Cửa hàng,2,2,3413400.0,2582661.0
2025-10-27,Gia dụng,Hải Phòng,Online,1,1,724000.0,600557.0
2025-10-27,Gia dụng,TP HCM,Cửa hàng,6,6,21219975.0,15199832.0
2025-10-27,Gia dụng,TP HCM,Online,3,3,2336600.0,1686087.0
2025-10-27,Gia dụng,Đà Nẵng,Cửa hàng,4,4,7366800.0,5555156.0
2025-10-27,Gia dụng,Đà Nẵng,Online,4,4,5249000.0,3321913.0
2025-10-27,Mỹ phẩm,Cần Thơ,Cửa hàng,1,1,447000.0,338238.0
2025-10-27,Mỹ phẩm,Cần Thơ,Online,1,1,843600.0,650243.0
2025-10-27,Mỹ phẩm,Hà Nội,Cửa hàng,4,4,3445400.0,2471490.0
2025-10-27,Mỹ phẩm,Hải Phòng,Cửa hàng,6,6,6467150.0,4545701.0
2025-10-27,Mỹ phẩm,Hải Phòng,Online,3,3,1407000.0,964928.0
2025-10-27,Mỹ phẩm,TP HCM,Cửa hàng,4,4,2686800.0,1897367.0
2025-10-27,Mỹ phẩm,TP HCM,Online,1,1,1536150.0,973950.0
2025-10-27,Mỹ phẩm,Đà Nẵng,Online,1,1,852000.0,650600.0
2025-10-27,Sách,Cần Thơ,Cửa hàng,2,2,890500.0,582574.0
2025-10-27,Sách,Cần Thơ,Online,2,2,370600.0,261220.0
2025-10-27,Sách,Hà Nội,Cửa hàng,6,6,1902900.0,1443857.0
2025-10-27,Sách,Hà Nội,Online,2,2,304000.0,233537.0
2025-10-27,Sách,Hải Phòng,Cửa hàng,1,1,132000.0,86231.0
2025-10-27,Sách,Hải Phòng,Online,1,1,135000.0,108103.0
2025-10-27,Sách,TP HCM,Cửa hàng,1,1,133000.0,89273.0
2025-10-27,Sách,TP HCM,Online,3,3,640300.0,455852.0
2025-10-27,Sách,Đà Nẵng,Cửa hàng,2,2,285000.0,225587.0
2025-10-27,Sách,Đà Nẵng,Online,2,2,603400.0,437104.0
2025-10-27,Thời trang,Cần Thơ,Online,1,1,729000.0,558834.0
2025-10-27,Thời trang,Hà Nội,Cửa hàng,5,5,4976800.0,3553626.0
2025-10-27,Thời trang,Hà Nội,Online,6,6,8312100.0,6270318.0
2025-10-27,Thời trang,Hải Phòng,Cửa hàng,3,3,4367600.0,3109771.0
2025-10-27,Thời trang,Hải Phòng,Online,2,2,4098100.0,3078195.0
2025-10-27,Thời trang,TP HCM,Cửa hàng,4,4,5764400.0,4422985.0
2025-10-27,Thời trang,TP HCM,Online,5,5,8642700.0,5973723.0
2025-10-27,Thời trang,Đà Nẵng,Online,2,2,3608000.0,2796065.0
2025-10-27,Thực phẩm,Cần Thơ,Cửa hàng,3,3,1039000.0,785393.0
2025-10-27,Thực phẩm,Cần Thơ,Online,3,3,978200.0,740071.0
2025-10-27,Thực phẩm,Hà Nội,Cửa hàng,9,9,2692950.0,1930330.0
2025-10-27,Thực phẩm,Hà Nội,Online,11,11,3598600.0,2563434.0
2025-10-27,Thực phẩm,Hải Phòng,Cửa hàng,4,4,1283550.0,930714.0
2025-10-27,Thực phẩm,Hải Phòng,Online,3,3,863400.0,635117.0
2025-10-27,Thực phẩm,TP HCM,Cửa hàng,8,8,4015582.0,2849638.0
2025-10-27,Thực phẩm,TP HCM,Online,3,3,1552000.0,1049035.0
2025-10-27,Thực phẩm,Đà Nẵng,Cửa hàng,5,5,1136850.0,769525.0
2025-10-27,Thực phẩm,Đà Nẵng,Online,2,2,551000.0,365664.0
2025-10-27,Điện tử,Cần Thơ,Cửa hàng,2,2,1893000.0,1538639.0
2025-10-27,Điện tử,Cần Thơ,Online,3,3,7658900.0,6331594.0
2025-10-27,Điện tử,Hà Nội,Cửa hàng,6,6,14762500.0,10888312.0
2025-10-27,Điện tử,Hà Nội,Online,4,4,9233000.0,7137765.0
2025-10-27,Điện tử,Hải Phòng,Cửa hàng,1,1,3146400.0,2444570.0
2025-10-27,Điện tử,Hải Phòng,Online,1,1,914850.0,662150.0
2025-10-27,Điện tử,TP HCM,Cửa hàng,7,7,23299504.0,16647004.0
2025-10-27,Điện tử,TP HCM,Online,6,6,15489600.0,11024463.0
2025-10-27,Điện tử,Đà Nẵng,Cửa hàng,3,3,8881900.0,6530875.0
2025-10-27,Điện tử,Đà Nẵng,Online,3,3,3452000.0,2543200.0
2025-10-28,Gia dụng,Cần Thơ,Cửa hàng,3,3,6872200.0,5302017.0
2025-10-28,Gia dụng,Hà Nội,Cửa hàng,4,4,4975550.0,3689619.0
2025-10-28,Gia dụng,Hà Nội,Online,5,5,7420550.0,5246812.0
2025-10-28,Gia dụng,Hải Phòng,Cửa hàng,3,3,3893000.0,3103116.0
2025-10-28,Gia dụng,Hải Phòng,Online,3,3,5879000.0,4143235.0
2025-10-28,Gia dụng,TP HCM,Cửa hàng,3,3,3325300.0,2316370.0
2025-10-28,Gia dụng,TP HCM,Online,3,3,7745050.0,5745409.0
2025-10-28,Gia dụng,Đà Nẵng,Cửa hàng,3,3,7065000.0,4923927.0
2025-10-28,Gia dụng,Đà Nẵng,Online,2,2,5652000.0,4021620.0
2025-10-28,Mỹ phẩm,Cần Thơ,Cửa hàng,4,4,3577700.0,2543599.0
2025-10-28,Mỹ phẩm,Cần Thơ,Online,1,1,884000.0,671490.0
2025-10-28,Mỹ phẩm,Hà Nội,Cửa hàng,2,2,9735675.0,6848445.0
2025-10-28,Mỹ phẩm,Hải Phòng,Online,1,1,401850.0,290234.0
2025-10-28,Mỹ phẩm,TP HCM,Cửa hàng,6,6,4507200.0,3394050.0
2025-10-28,Mỹ phẩm,TP HCM,Online,4,4,1906300.0,1288337.0
2025-10-28,Mỹ phẩm,Đà Nẵng,Cửa hàng,1,1,988000.0,723940.0
2025-10-28,Sách,Cần Thơ,Online,2,2,300000.0,229606.0
2025-10-28,Sách,Hà Nội,Cửa hàng,2,2,2875151.0,2020091.0
2025-10-28,Sách,Hà Nội,Online,4,4,1194000.0,865572.0
2025-10-28,Sách,Hải Phòng,Cửa hàng,2,2,427000.0,322045.0
2025-10-28,Sách,Hải Phòng,Online,2,2,628400.0,460105.0
2025-10-28,Sách,TP HCM,Cửa hàng,4,4,585750.0,430927.0
2025-10-28,Sách,TP HCM,Online,2,2,325000.0,264945.0
2025-10-28,Thời trang,Cần Thơ,Cửa hàng,1,1,781000.0,634682.0
2025-10-28,Thời trang,Cần Thơ,Online,1,1,2508000.0,1813367.0
2025-10-28,Thời trang,Hà Nội,Cửa hàng,1,1,823000.0,673337.0
2025-10-28,Thời trang,Hà Nội,Online,3,3,3645000.0,2488183.0
2025-10-28,Thời trang,Hải Phòng,Cửa hàng,1,1,812250.0,619563.0
2025-10-28,Thời trang,Hải Phòng,Online,1,1,801000.0,579150.0
2025-10-28,Thời trang,TP HCM,Cửa hàng,5,5,5876550.0,4144284.0
2025-10-28,Thời trang,TP HCM,Online,5,5,4343200.0,3024977.0
2025-10-28,Thời trang,Đà Nẵng,Cửa hàng,5,5,5322150.0,3424649.0
2025-10-28,Thời trang,Đà Nẵng,Online,1,1,1327700.0,1052392.0
2025-10-28,Thực phẩm,Cần Thơ,Cửa hàng,2,2,554200.0,395946.0
2025-10-28,Thực phẩm,Cần Thơ,Online,9,9,2834400.0,2137710.0
2025-10-28,Thực phẩm,Hà Nội,Cửa hàng,8,8,1548650.0,1097288.0
2025-10-28,Thực phẩm,Hà Nội,Online,8,8,1924650.0,1476462.0
2025-10-28,Thực phẩm,Hải Phòng,Cửa hàng,5,5,1478000.0,1049291.0
2025-10-28,Thực phẩm,Hải Phòng,Online,1,1,173400.0,136472.0
2025-10-28,Thực phẩm,TP HCM,Cửa hàng,12,12,3073450.0,2242622.0
2025-10-28,Thực phẩm,TP HCM,Online,5,5,979000.0,718872.0
2025-10-28,Thực phẩm,Đà Nẵng,Cửa hàng,3,3,917000.0,645905.0
2025-10-28,Thực phẩm,Đà Nẵng,Online,3,3,1224200.0,858161.0
2025-10-28,Điện tử,Cần Thơ,Cửa hàng,7,7,11520000.0,7910824.0
2025-10-28,Điện tử,Hà Nội,Cửa hàng,9,9,15030250.0,10476976.0
2025-10-28,Điện tử,Hà Nội,Online,1,1,2340000.0,1839273.0
2025-10-28,Điện tử,Hải Phòng,Cửa hàng,5,5,8016350.0,6038658.0
2025-10-28,Điện tử,Hải Phòng,Online,3,3,3029400.0,2260569.0
2025-10-28,Điện tử,TP HCM,Cửa hàng,9,9,16642200.0,11979240.0
2025-10-28,Điện tử,TP HCM,Online,4,4,6207000.0,4346642.0
2025-10-28,Điện tử,Đà Nẵng,Cửa hàng,4,4,8720900.0,5934957.0
2025-10-28,Điện tử,Đà Nẵng,Online,3,3,5865300.0,3950318.0
2025-10-29,Gia dụng,Cần Thơ,Cửa hàng,2,2,3710000.0,2511947.0
2025-10-29,Gia dụng,Cần Thơ,Online,1,1,2428200.0,1751184.0
2025-10-29,Gia dụng,Hà Nội,Cửa hàng,2,2,4068000.0,2700066.0
2025-10-29,Gia dụng,Hà Nội,Online,3,3,3038900.0,2133080.0
2025-10-29,Gia dụng,Hải Phòng,Online,4,4,4020600.0,3091896.0
2025-10-29,Gia dụng,TP HCM,Cửa hàng,9,9,13746750.0,10188041.0
2025-10-29,Gia dụng,TP HCM,Online,1,1,2570400.0,1853737.0
2025-10-29,Gia dụng,Đà Nẵng,Cửa hàng,3,3,6767000.0,5299324.0
2025-10-29,Gia dụng,Đà Nẵng,Online,1,1,4025000.0,3084438.0
2025-10-29,Mỹ phẩm,Cần Thơ,Cửa hàng,2,2,863200.0,630185.0
2025-10-29,Mỹ phẩm,Cần Thơ,Online,1,1,792200.0,665192.0
2025-10-29,Mỹ phẩm,Hà Nội,Cửa hàng,1,1,1494000.0,957728.0
2025-10-29,Mỹ phẩm,Hải Phòng,Cửa hàng,1,1,448000.0,354394.0
2025-10-29,Mỹ phẩm,Hải Phòng,Online,1,1,453000.0,310183.0
2025-10-29,Mỹ phẩm,TP HCM,Cửa hàng,3,3,1829200.0,1495423.0
2025-10-29,Mỹ phẩm,TP HCM,Online,3,3,2540500.0,1907631.0
2025-10-29,Mỹ phẩm,Đà Nẵng,Cửa hàng,2,2,1347800.0,980199.0
2025-10-29,Sách,Cần Thơ,Cửa hàng,2,2,279300.0,181988.0
2025-10-29,Sách,Hà Nội,Cửa hàng,3,3,961000.0,594845.0
2025-10-29,Sách,Hà Nội,Online,2,2,363600.0,245402.0
2025-10-29,Sách,Hải Phòng,Cửa hàng,2,2,276150.0,204690.0
2025-10-29,Sách,Hải Phòng,Online,2,2,815000.0,663082.0
2025-10-29,Sách,TP HCM,Cửa hàng,4,4,791000.0,614782.0
2025-10-29,Sách,TP HCM,Online,6,6,3490850.0,2534154.0
2025-10-29,Sách,Đà Nẵng,Cửa hàng,4,4,708900.0,486429.0
2025-10-29,Sách,Đà Nẵng,Online,1,1,128700.0,93231.0
2025-10-29,Thời trang,Cần Thơ,Cửa hàng,4,4,2901550.0,2056939.0
2025-10-29,Thời trang,Hà Nội,Cửa hàng,6,6,7685950.0,5458286.0
2025-10-29,Thời trang,Hà Nội,Online,3,3,4639600.0,3082914.0
2025-10-29,Thời trang,Hải Phòng,Cửa hàng,2,2,2364050.0,1828463.0
2025-10-29,Thời trang,Hải Phòng,Online,1,1,850000.0,705445.0
2025-10-29,Thời trang,TP HCM,Cửa hàng,1,1,1720000.0,1212134.0
2025-10-29,Thời trang,TP HCM,Online,6,6,19480268.0,14151377.0
2025-10-29,Thời trang,Đà Nẵng,Cửa hàng,1,1,693000.0,452658.0
2025-10-29,Thực phẩm,Cần Thơ,Cửa hàng,4,4,1823500.0,1333211.0
2025-10-29,Thực phẩm,Cần Thơ,Online,3,3,988000.0,717971.0
2025-10-29,Thực phẩm,Hà Nội,Cửa hàng,6,6,1426150.0,1124903.0
2025-10-29,Thực phẩm,Hà Nội,Online,9,9,3119400.0,2208238.0
2025-10-29,Thực phẩm,Hải Phòng,Cửa hàng,5,5,1701350.0,1339512.0
2025-10-29,Thực phẩm,Hải Phòng,Online,3,3,1418300.0,1064017.0
2025-10-29,Thực phẩm,TP HCM,Cửa hàng,10,10,2765900.0,2017346.0
2025-10-29,Thực phẩm,TP HCM,Online,12,12,4270650.0,3086322.0
2025-10-29,Thực phẩm,Đà Nẵng,Cửa hàng,7,7,1914450.0,1433944.0
2025-10-29,Thực phẩm,Đà Nẵng,Online,2,2,739000.0,491507.0
2025-10-29,Điện tử,Cần Thơ,Cửa hàng,3,3,3410400.0,2264597.0
2025-10-29,Điện tử,Cần Thơ,Online,3,3,5651000.0,3876136.0
2025-10-29,Điện tử,Hà Nội,Cửa hàng,2,2,4054350.0,3203812.0
2025-10-29,Điện tử,Hà Nội,Online,6,6,12071800.0,8831892.0
2025-10-29,Điện tử,Hải Phòng,Cửa hàng,5,5,5998000.0,4215234.0
2025-10-29,Điện tử,Hải Phòng,Online,5,5,8988400.0,6369239.0
2025-10-29,Điện tử,TP HCM,Cửa hàng,6,6,9082850.0,6237690.0
2025-10-29,Điện tử,TP HCM,Online,8,8,15958650.0,12364317.0
2025-10-29,Điện tử,Đà Nẵng,Cửa hàng,3,3,5362300.0,4236369.0
2025-10-29,Điện tử,Đà Nẵng,Online,1,1,2492000.0,2053274.0
2025-10-30,Gia dụng,Hà Nội,Cửa hàng,2,2,4159000.0,3372744.0
2025-10-30,Gia dụng,Hà Nội,Online,3,3,6878500.0,5397663.0
2025-10-30,Gia dụng,Hải Phòng,Cửa hàng,3,3,3847500.0,2510819.0
2025-10-30,Gia dụng,Hải Phòng,Online,1,1,769500.0,568480.0
2025-10-30,Gia dụng,TP HCM,Cửa hàng,7,7,8396700.0,6291991.0
2025-10-30,Gia dụng,TP HCM,Online,5,5,9785700.0,7175582.0
2025-10-30,Gia dụng,Đà Nẵng,Cửa hàng,3,3,4434400.0,3253271.0
2025-10-30,Gia dụng,Đà Nẵng,Online,2,2,1709000.0,1360839.0
2025-10-30,Mỹ phẩm,Hà Nội,Cửa hàng,3,3,3114800.0,2395548.0
2025-10-30,Mỹ phẩm,Hà Nội,Online,1,1,492100.0,395209.0
2025-10-30,Mỹ phẩm,Hải Phòng,Cửa hàng,3,3,1383350.0,920647.0
2025-10-30,Mỹ phẩm,Hải Phòng,Online,1,1,424000.0,352103.0
2025-10-30,Mỹ phẩm,TP HCM,Cửa hàng,5,5,4041750.0,2796070.0
2025-10-30,Mỹ phẩm,TP HCM,Online,5,5,4931000.0,3488509.0
2025-10-30,Mỹ phẩm,Đà Nẵng,Cửa hàng,2,2,2348000.0,1844531.0
2025-10-30,Mỹ phẩm,Đà Nẵng,Online,1,1,508250.0,405846.0
2025-10-30,Sách,Cần Thơ,Cửa hàng,1,1,141550.0,113672.0
2025-10-30,Sách,Cần Thơ,Online,2,2,418000.0,302800.0
2025-10-30,Sách,Hà Nội,Cửa hàng,4,4,845000.0,638671.0
2025-10-30,Sách,Hà Nội,Online,3,3,1108000.0,835777.0
2025-10-30,Sách,Hải Phòng,Cửa hàng,1,1,328000.0,210865.0
2025-10-30,Sách,Hải Phòng,Online,1,1,171000.0,123873.0
2025-10-30,Sách,TP HCM,Cửa hàng,3,3,548100.0,371096.0
2025-10-30,Sách,TP HCM,Online,3,3,575200.0,391349.0
2025-10-30,Sách,Đà Nẵng,Cửa hàng,4,4,1263600.0,921204.0
2025-10-30,Sách,Đà Nẵng,Online,1,1,330000.0,248055.0
2025-10-30,Thời trang,Cần Thơ,Cửa hàng,2,2,4168000.0,3198664.0
2025-10-30,Thời trang,Cần Thơ,Online,4,4,5015500.0,3663957.0
2025-10-30,Thời trang,Hà Nội,Cửa hàng,1,1,2940000.0,2248099.0
2025-10-30,Thời trang,Hà Nội,Online,3,3,4603750.0,3195804.0
2025-10-30,Thời trang,TP HCM,Cửa hàng,6,6,6912750.0,5167639.0
2025-10-30,Thời trang,TP HCM,Online,1,1,1320000.0,954404.0
2025-10-30,Thời trang,Đà Nẵng,Cửa hàng,1,1,3292000.0,2605045.0
2025-10-30,Thời trang,Đà Nẵng,Online,2,2,1908600.0,1467373.0
2025-10-30,Thực phẩm,Cần Thơ,Cửa hàng,4,4,884000.0,612523.0
2025-10-30,Thực phẩm,Cần Thơ,Online,1,1,376200.0,313989.0
2025-10-30,Thực phẩm,Hà Nội,Cửa hàng,10,10,2041500.0,1440026.0
2025-10-30,Thực phẩm,Hà Nội,Online,5,5,1777900.0,1331847.0
2025-10-30,Thực phẩm,Hải Phòng,Cửa hàng,4,4,1842200.0,1421571.0
2025-10-30,Thực phẩm,Hải Phòng,Online,1,1,167450.0,129535.0
2025-10-30,Thực phẩm,TP HCM,Cửa hàng,13,13,4040850.0,2911837.0
2025-10-30,Thực phẩm,TP HCM,Online,8,8,2982400.0,2221625.0
2025-10-30,Thực phẩm,Đà Nẵng,Cửa hàng,4,4,1305600.0,990315.0
2025-10-30,Thực phẩm,Đà Nẵng,Online,4,4,1192900.0,917021.0
2025-10-30,Điện tử,Cần Thơ,Cửa hàng,1,1,4072000.0,2913554.0
2025-10-30,Điện tử,Hà Nội,Cửa hàng,9,9,16385350.0,11752510.0
2025-10-30,Điện tử,Hà Nội,Online,7,7,13021800.0,9413121.0
2025-10-30,Điện tử,Hải Phòng,Cửa hàng,5,5,9306750.0,6819632.0
2025-10-30,Điện tử,Hải Phòng,Online,5,5,14094800.0,10633321.0
2025-10-30,Điện tử,TP HCM,Cửa hàng,3,3,8381500.0,6336232.0
2025-10-30,Điện tử,TP HCM,Online,5,5,9291250.0,6561018.0
2025-10-30,Điện tử,Đà Nẵng,Cửa hàng,6,6,14172100.0,10248565.0
2025-10-30,Điện tử,Đà Nẵng,Online,2,2,2963400.0,2144848.0
2025-10-31,Gia dụng,Cần Thơ,Cửa hàng,2,2,2518500.0,1849765.0
2025-10-31,Gia dụng,Cần Thơ,Online,2,2,2568000.0,1849520.0
2025-10-31,Gia dụng,Hà Nội,Cửa hàng,4,4,4136000.0,2794063.0
2025-10-31,Gia dụng,Hà Nội,Online,5,5,6727000.0,4629240.0
2025-10-31,Gia dụng,Hải Phòng,Cửa hàng,1,1,885400.0,604851.0
2025-10-31,Gia dụng,Hải Phòng,Online,1,1,681700.0,491633.0
2025-10-31,Gia dụng,TP HCM,Cửa hàng,3,3,3919300.0,3105417.0
2025-10-31,Gia dụng,TP HCM,Online,6,6,7720000.0,5317261.0
2025-10-31,Gia dụng,Đà Nẵng,Cửa hàng,4,4,10554395.0,7723116.0
2025-10-31,Gia dụng,Đà Nẵng,Online,2,2,2517200.0,1677511.0
2025-10-31,Mỹ phẩm,Hà Nội,Cửa hàng,4,4,3327400.0,2443424.0
2025-10-31,Mỹ phẩm,Hà Nội,Online,1,1,501000.0,361845.0
2025-10-31,Mỹ phẩm,Hải Phòng,Cửa hàng,3,3,3410000.0,2590192.0
2025-10-31,Mỹ phẩm,TP HCM,Cửa hàng,3,3,2982800.0,2382469.0
2025-10-31,Mỹ phẩm,TP HCM,Online,1,1,872100.0,664222.0
2025-10-31,Mỹ phẩm,Đà Nẵng,Cửa hàng,1,1,430350.0,267412.0
2025-10-31,Mỹ phẩm,Đà Nẵng,Online,1,1,488000.0,293118.0
2025-10-31,Sách,Cần Thơ,Cửa hàng,2,2,727000.0,597896.0
2025-10-31,Sách,Cần Thơ,Online,1,1,646000.0,407147.0
2025-10-31,Sách,Hà Nội,Cửa hàng,1,1,668000.0,536680.0
2025-10-31,Sách,Hà Nội,Online,2,2,430700.0,312000.0
2025-10-31,Sách,Hải Phòng,Cửa hàng,1,1,142200.0,116316.0
2025-10-31,Sách,Hải Phòng,Online,2,2,791000.0,584747.0
2025-10-31,Sách,TP HCM,Cửa hàng,7,7,3461838.0,2549775.0
2025-10-31,Sách,TP HCM,Online,3,3,591000.0,445443.0
2025-10-31,Sách,Đà Nẵng,Online,2,2,2359938.0,1667420.0
2025-10-31,Thời trang,Cần Thơ,Cửa hàng,1,1,1974000.0,1668909.0
2025-10-31,Thời trang,Cần Thơ,Online,3,3,3367000.0,2297937.0
2025-10-31,Thời trang,Hà Nội,Cửa hàng,3,3,5373300.0,4274530.0
2025-10-31,Thời trang,Hà Nội,Online,3,3,4043700.0,3140959.0
2025-10-31,Thời trang,Hải Phòng,Cửa hàng,1,1,660000.0,510008.0
2025-10-31,Thời trang,Hải Phòng,Online,1,1,693000.0,501062.0
2025-10-31,Thời trang,TP HCM,Cửa hàng,3,3,2787000.0,2096955.0
2025-10-31,Thời trang,TP HCM,Online,6,6,4947100.0,3661302.0
2025-10-31,Thời trang,Đà Nẵng,Cửa hàng,2,2,2076700.0,1645614.0
2025-10-31,Thời trang,Đà Nẵng,Online,1,1,811000.0,585268.0
2025-10-31,Thực phẩm,Cần Thơ,Cửa hàng,5,5,1659800.0,1136127.0
2025-10-31,Thực phẩm,Hà Nội,Cửa hàng,8,8,2045250.0,1521468.0
2025-10-31,Thực phẩm,Hà Nội,Online,8,8,2416200.0,1588003.0
2025-10-31,Thực phẩm,Hải Phòng,Cửa hàng,4,4,2666000.0,1966672.0
2025-10-31,Thực phẩm,Hải Phòng,Online,3,3,535100.0,381987.0
2025-10-31,Thực phẩm,TP HCM,Cửa hàng,7,7,2203650.0,1638335.0
2025-10-31,Thực phẩm,TP HCM,Online,9,9,4192737.0,2961806.0
2025-10-31,Thực phẩm,Đà Nẵng,Cửa hàng,3,3,670050.0,444257.0
2025-10-31,Thực phẩm,Đà Nẵng,Online,3,3,1240000.0,803689.0
2025-10-31,Điện tử,Cần Thơ,Online,3,3,6489300.0,4636414.0
2025-10-31,Điện tử,Hà Nội,Cửa hàng,4,4,9421100.0,7547839.0
2025-10-31,Điện tử,Hà Nội,Online,4,4,11584000.0,8680509.0
2025-10-31,Điện tử,Hải Phòng,Cửa hàng,6,6,6348700.0,4479102.0
2025-10-31,Điện tử,TP HCM,Cửa hàng,5,5,11383750.0,8492651.0
2025-10-31,Điện tử,TP HCM,Online,6,6,9346650.0,6682190.0
2025-10-31,Điện tử,Đà Nẵng,Cửa hàng,1,1,6065000.0,3785159.0
2025-10-31,Điện tử,Đà Nẵng,Online,4,4,8760450.0,6577749.0
2025-11-01,Gia dụng,Cần Thơ,Cửa hàng,1,1,2361000.0,1842158.0
2025-11-01,Gia dụng,Cần Thơ,Online,4,4,5620000.0,4139092.0
2025-11-01,Gia dụng,Hà Nội,Cửa hàng,1,1,1740000.0,1327082.0
2025-11-01,Gia dụng,Hà Nội,Online,2,2,2869000.0,1853318.0
2025-11-01,Gia dụng,Hải Phòng,Online,5,5,5778800.0,4665086.0
2025-11-01,Gia dụng,TP HCM,Cửa hàng,11,10,20374200.0,14330272.0
2025-11-01,Gia dụng,TP HCM,Online,6,6,8424900.0,6168706.0
2025-11-01,Gia dụng,Đà Nẵng,Cửa hàng,4,4,5663400.0,4447260.0
2025-11-01,Gia dụng,Đà Nẵng,Online,1,1,850000.0,585676.0
2025-11-01,Mỹ phẩm,Cần Thơ,Cửa hàng,1,1,1305000.0,870698.0
2025-11-01,Mỹ phẩm,Cần Thơ,Online,2,2,961300.0,694295.0
2025-11-01,Mỹ phẩm,Hà Nội,Cửa hàng,2,2,998750.0,810186.0
2025-11-01,Mỹ phẩm,Hà Nội,Online,4,4,1742350.0,1316586.0
2025-11-01,Mỹ phẩm,Hải Phòng,Cửa hàng,1,1,467000.0,300067.0
2025-11-01,Mỹ phẩm,Hải Phòng,Online,4,4,4321050.0,3134272.0
2025-11-01,Mỹ phẩm,TP HCM,Cửa hàng,3,3,2939000.0,1994006.0
2025-11-01,Mỹ phẩm,TP HCM,Online,4,4,3193000.0,2266611.0
2025-11-01,Mỹ phẩm,Đà Nẵng,Cửa hàng,2,2,912000.0,701073.0
2025-11-01,Mỹ phẩm,Đà Nẵng,Online,1,1,461700.0,343122.0
2025-11-01,Sách,Cần Thơ,Online,2,2,580950.0,440089.0
2025-11-01,Sách,Hà Nội,Cửa hàng,2,2,435050.0,319673.0
2025-11-01,Sách,Hải Phòng,Cửa hàng,2,2,2279312.0,1608660.0
2025-11-01,Sách,Hải Phòng,Online,1,1,136000.0,98519.0
2025-11-01,Sách,TP HCM,Cửa hàng,7,7,1576600.0,1122949.0
2025-11-01,Sách,Đà Nẵng,Cửa hàng,1,1,296400.0,236292.0
2025-11-01,Sách,Đà Nẵng,Online,2,2,302750.0,214913.0
2025-11-01,Thời trang,Cần Thơ,Cửa hàng,3,3,3550000.0,2720380.0
2025-11-01,Thời trang,Cần Thơ,Online,1,1,678300.0,534143.0
2025-11-01,Thời trang,Hà Nội,Cửa hàng,3,3,1917050.0,1435593.0
2025-11-01,Thời trang,Hà Nội,Online,4,4,3031350.0,2219762.0
2025-11-01,Thời trang,Hải Phòng,Cửa hàng,1,1,648000.0,494697.0
2025-11-01,Thời trang,Hải Phòng,Online,3,3,3986600.0,2838074.0
2025-11-01,Thời trang,TP HCM,Cửa hàng,3,3,3677900.0,2691162.0
2025-11-01,Thời trang,TP HCM,Online,10,10,13825050.0,10007104.0
2025-11-01,Thời trang,Đà Nẵng,Cửa hàng,1,1,1466000.0,1143592.0
2025-11-01,Thời trang,Đà Nẵng,Online,1,1,1540900.0,1017837.0
2025-11-01,Thực phẩm,Cần Thơ,Cửa hàng,2,2,323300.0,246208.0
2025-11-01,Thực phẩm,Cần Thơ,Online,2,2,410000.0,318120.0
2025-11-01,Thực phẩm,Hà Nội,Cửa hàng,9,9,3537400.0,2641584.0
2025-11-01,Thực phẩm,Hà Nội,Online,11,11,3513600.0,2494130.0
2025-11-01,Thực phẩm,Hải Phòng,Cửa hàng,3,3,800700.0,545855.0
2025-11-01,Thực phẩm,TP HCM,Cửa hàng,8,8,2291750.0,1639461.0
2025-11-01,Thực phẩm,TP HCM,Online,8,8,3045100.0,2249008.0
2025-11-01,Thực phẩm,Đà Nẵng,Cửa hàng,5,5,1061400.0,793502.0
2025-11-01,Thực phẩm,Đà Nẵng,Online,3,3,752900.0,522083.0
2025-11-01,Điện tử,Cần Thơ,Cửa hàng,4,4,7502600.0,5858371.0
2025-11-01,Điện tử,Hà Nội,Cửa hàng,2,2,6464900.0,4346803.0
2025-11-01,Điện tử,Hà Nội,Online,3,3,7488050.0,5114190.0
2025-11-01,Điện tử,Hải Phòng,Cửa hàng,2,2,3660000.0,2761822.0
2025-11-01,Điện tử,Hải Phòng,Online,2,2,7201000.0,5214736.0
2025-11-01,Điện tử,TP HCM,Cửa hàng,10,10,31558994.0,22822537.0
2025-11-01,Điện tử,TP HCM,Online,4,4,6277250.0,4794772.0
2025-11-01,Điện tử,Đà Nẵng,Cửa hàng,3,3,5451000.0,3644459.0
2025-11-01,Điện tử,Đà Nẵng,Online,2,2,2227000.0,1615898.0
2025-11-02,Gia dụng,Cần Thơ,Cửa hàng,2,2,6224000.0,4463936.0
2025-11-02,Gia dụng,Cần Thơ,Online,1,1,809000.0,527388.0
2025-11-02,Gia dụng,Hà Nội,Cửa hàng,5,5,5623350.0,3690107.0
2025-11-02,Gia dụng,Hà Nội,Online,5,5,13151550.0,9220726.0
2025-11-02,Gia dụng,TP HCM,Cửa hàng,4,4,5269600.0,3985992.0
2025-11-02,Gia dụng,TP HCM,Online,8,8,11611850.0,8692863.0
2025-11-02,Gia dụng,Đà Nẵng,Cửa hàng,1,1,756000.0,556981.0
2025-11-02,Gia dụng,Đà Nẵng,Online,1,1,852000.0,551844.0
2025-11-02,Mỹ phẩm,Cần Thơ,Online,1,1,1530000.0,1136219.0
2025-11-02,Mỹ phẩm,Hà Nội,Cửa hàng,5,5,3947650.0,2848495.0
2025-11-02,Mỹ phẩm,Hà Nội,Online,3,3,1369000.0,972166.0
2025-11-02,Mỹ phẩm,Hải Phòng,Online,1,1,2605000.0,1881450.0
2025-11-02,Mỹ phẩm,TP HCM,Cửa hàng,2,2,1005000.0,664297.0
2025-11-02,Mỹ phẩm,TP HCM,Online,6,6,4450900.0,3384523.0
2025-11-02,Mỹ phẩm,Đà Nẵng,Cửa hàng,3,3,2010000.0,1376222.0
2025-11-02,Sách,Cần Thơ,Cửa hàng,1,1,280000.0,172631.0
2025-11-02,Sách,Cần Thơ,Online,1,1,268000.0,215458.0
2025-11-02,Sách,Hà Nội,Cửa hàng,2,2,1061100.0,684863.0
2025-11-02,Sách,Hà Nội,Online,3,3,659000.0,435176.0
2025-11-02,Sách,Hải Phòng,Cửa hàng,1,1,152100.0,121004.0
2025-11-02,Sách,TP HCM,Cửa hàng,4,4,900050.0,635889.0
2025-11-02,Sách,TP HCM,Online,3,3,634400.0,428430.0
2025-11-02,Sách,Đà Nẵng,Cửa hàng,1,1,131000.0,82384.0
2025-11-02,Sách,Đà Nẵng,Online,1,1,471000.0,372360.0
2025-11-02,Thời trang,Cần Thơ,Cửa hàng,1,1,849000.0,539670.0
2025-11-02,Thời trang,Cần Thơ,Online,1,1,1470000.0,974520.0
2025-11-02,Thời trang,Hà Nội,Cửa hàng,4,4,4331700.0,3002810.0
2025-11-02,Thời trang,Hà Nội,Online,2,2,2357250.0,1630377.0
2025-11-02,Thời trang,Hải Phòng,Cửa hàng,1,1,1670000.0,1198066.0
2025-11-02,Thời trang,Hải Phòng,Online,2,2,2290450.0,1656848.0
2025-11-02,Thời trang,TP HCM,Cửa hàng,7,7,10860000.0,7420103.0
2025-11-02,Thời trang,TP HCM,Online,4,4,4174550.0,3093155.0
2025-11-02,Thời trang,Đà Nẵng,Online,1,1,733400.0,488041.0
2025-11-02,Thực phẩm,Cần Thơ,Cửa hàng,3,3,577000.0,384340.0
2025-11-02,Thực phẩm,Cần Thơ,Online,3,3,667900.0,498703.0
2025-11-02,Thực phẩm,Hà Nội,Cửa hàng,9,8,2451400.0,1849489.0
2025-11-02,Thực phẩm,Hà Nội,Online,5,5,1473600.0,1091164.0
2025-11-02,Thực phẩm,Hải Phòng,Cửa hàng,7,7,2035550.0,1438736.0
2025-11-02,Thực phẩm,Hải Phòng,Online,10,10,2368850.0,1650759.0
2025-11-02,Thực phẩm,TP HCM,Cửa hàng,8,8,1893950.0,1398545.0
2025-11-02,Thực phẩm,TP HCM,Online,8,8,1997650.0,1467270.0
2025-11-02,Thực phẩm,Đà Nẵng,Cửa hàng,4,4,1698300.0,1137844.0
2025-11-02,Thực phẩm,Đà Nẵng,Online,1,1,173000.0,125047.0
2025-11-02,Điện tử,Cần Thơ,Online,1,1,1026000.0,742598.0
2025-11-02,Điện tử,Hà Nội,Cửa hàng,6,6,10587000.0,7929459.0
2025-11-02,Điện tử,Hà Nội,Online,3,3,7838000.0,5417038.0
2025-11-02,Điện tử,Hải Phòng,Cửa hàng,2,2,3289400.0,2648278.0
2025-11-02,Điện tử,TP HCM,Cửa hàng,8,8,14309850.0,9873105.0
2025-11-02,Điện tử,TP HCM,Online,6,6,18818000.0,13220501.0
2025-11-02,Điện tử,Đà Nẵng,Cửa hàng,3,3,5629450.0,4006544.0
2025-11-03,Gia dụng,Cần Thơ,Cửa hàng,3,3,4123750.0,3253226.0
2025-11-03,Gia dụng,Cần Thơ,Online,1,1,855000.0,616614.0
2025-11-03,Gia dụng,Hà Nội,Cửa hàng,4,4,4936700.0,3590499.0
2025-11-03,Gia dụng,Hà Nội,Online,5,5,7884500.0,5644639.0
2025-11-03,Gia dụng,Hải Phòng,Cửa hàng,5,5,8037000.0,5725111.0
2025-11-03,Gia dụng,Hải Phòng,Online,1,1,830000.0,567551.0
2025-11-03,Gia dụng,TP HCM,Cửa hàng,6,6,12228000.0,9352533.0
2025-11-03,Gia dụng,TP HCM,Online,5,5,5844750.0,4399870.0
2025-11-03,Gia dụng,Đà Nẵng,Cửa hàng,1,1,3178800.0,1973621.0
2025-11-03,Gia dụng,Đà Nẵng,Online,4,4,10903250.0,7895742.0
2025-11-03,Mỹ phẩm,Cần Thơ,Cửa hàng,1,1,418000.0,349995.0
2025-11-03,Mỹ phẩm,Cần Thơ,Online,2,2,3355000.0,2423135.0
2025-11-03,Mỹ phẩm,Hà Nội,Cửa hàng,6,6,12049020.0,8552309.0
2025-11-03,Mỹ phẩm,TP HCM,Cửa hàng,6,6,3931250.0,2832167.0
2025-11-03,Mỹ phẩm,TP HCM,Online,2,2,1904700.0,1429589.0
2025-11-03,Mỹ phẩm,Đà Nẵng,Cửa hàng,2,2,1039000.0,716473.0
2025-11-03,Mỹ phẩm,Đà Nẵng,Online,1,1,900000.0,563042.0
2025-11-03,Sách,Cần Thơ,Online,4,4,1805850.0,1302833.0
2025-11-03,Sách,Hà Nội,Cửa hàng,1,1,127800.0,106414.0
2025-11-03,Sách,Hải Phòng,Cửa hàng,3,3,1085000.0,801017.0
2025-11-03,Sách,Hải Phòng,Online,2,2,445900.0,303465.0
2025-11-03,Sách,TP HCM,Cửa hàng,7,7,2247300.0,1663758.0
2025-11-03,Sách,TP HCM,Online,1,1,665000.0,406842.0
2025-11-03,Sách,Đà Nẵng,Cửa hàng,1,1,158000.0,107394.0
2025-11-03,Sách,Đà Nẵng,Online,1,1,137000.0,99766.0
2025-11-03,Thời trang,Cần Thơ,Cửa hàng,3,3,3192100.0,2443440.0
2025-11-03,Thời trang,Hà Nội,Cửa hàng,3,3,13300798.0,9222915.0
2025-11-03,Thời trang,Hà Nội,Online,5,5,7877300.0,5504137.0
2025-11-03,Thời trang,Hải Phòng,Cửa hàng,1,1,2060550.0,1599748.0
2025-11-03,Thời trang,Hải Phòng,Online,2,2,1582000.0,1260164.0
2025-11-03,Thời trang,TP HCM,Cửa hàng,2,2,1417400.0,983938.0
2025-11-03,Thời trang,TP HCM,Online,3,3,5882250.0,4540480.0
2025-11-03,Thời trang,Đà Nẵng,Cửa hàng,5,5,7933500.0,5835014.0
2025-11-03,Thời trang,Đà Nẵng,Online,3,3,2197000.0,1542040.0
2025-11-03,Thực phẩm,Cần Thơ,Cửa hàng,3,3,1113200.0,809248.0
2025-11-03,Thực phẩm,Cần Thơ,Online,3,3,1245600.0,1008635.0
2025-11-03,Thực phẩm,Hà Nội,Cửa hàng,6,6,2797100.0,1869174.0
2025-11-03,Thực phẩm,Hà Nội,Online,6,6,1740450.0,1309638.0
2025-11-03,Thực phẩm,Hải Phòng,Cửa hàng,4,4,1455500.0,1155250.0
2025-11-03,Thực phẩm,Hải Phòng,Online,3,3,458850.0,296623.0
2025-11-03,Thực phẩm,TP HCM,Cửa hàng,5,5,1348800.0,993723.0
2025-11-03,Thực phẩm,TP HCM,Online,7,7,1331300.0,940135.0
2025-11-03,Thực phẩm,Đà Nẵng,Cửa hàng,1,1,927000.0,669031.0
2025-11-03,Thực phẩm,Đà Nẵng,Online,2,2,663000.0,520960.0
2025-11-03,Điện tử,Cần Thơ,Cửa hàng,5,5,7668850.0,5254177.0
2025-11-03,Điện tử,Hà Nội,Cửa hàng,9,9,21228332.0,15380537.0
2025-11-03,Điện tử,Hà Nội,Online,3,3,5717000.0,4089054.0
2025-11-03,Điện tử,Hải Phòng,Cửa hàng,2,2,2188000.0,1718723.0
2025-11-03,Điện tử,Hải Phòng,Online,3,3,3081950.0,2145728.0
2025-11-03,Điện tử,TP HCM,Cửa hàng,4,4,5275600.0,4096501.0
2025-11-03,Điện tử,TP HCM,Online,5,5,11617000.0,8187080.0
2025-11-03,Điện tử,Đà Nẵng,Cửa hàng,2,2,3131350.0,2270100.0
2025-11-03,Điện tử,Đà Nẵng,Online,1,1,2850000.0,2062772.0
2025-11-04,Gia dụng,Cần Thơ,Cửa hàng,2,2,4252000.0,2769701.0
2025-11-04,Gia dụng,Cần Thơ,Online,1,1,812600.0,586036.0
2025-11-04,Gia dụng,Hà Nội,Cửa hàng,1,1,965000.0,764559.0
2025-11-04,Gia dụng,Hà Nội,Online,3,3,4071250.0,2915793.0
2025-11-04,Gia dụng,Hải Phòng,Cửa hàng,2,2,3783000.0,2594210.0
2025-11-04,Gia dụng,Hải Phòng,Online,1,1,778000.0,548576.0
2025-11-04,Gia dụng,TP HCM,Cửa hàng,4,4,4825000.0,3196173.0
2025-11-04,Gia dụng,TP HCM,Online,7,7,6746900.0,4868311.0
2025-11-04,Gia dụng,Đà Nẵng,Cửa hàng,2,2,2590200.0,1792113.0
2025-11-04,Gia dụng,Đà Nẵng,Online,3,3,7186400.0,5245570.0
2025-11-04,Mỹ phẩm,Cần Thơ,Cửa hàng,1,1,457000.0,330940.0
2025-11-04,Mỹ phẩm,Hà Nội,Cửa hàng,3,3,2452400.0,1725183.0
2025-11-04,Mỹ phẩm,Hà Nội,Online,3,3,2043000.0,1678079.0
2025-11-04,Mỹ phẩm,Hải Phòng,Cửa hàng,3,3,1892300.0,1328257.0
2025-11-04,Mỹ phẩm,Hải Phòng,Online,2,2,3045150.0,2227514.0
2025-11-04,Mỹ phẩm,TP HCM,Cửa hàng,3,3,1798000.0,1456527.0
2025-11-04,Mỹ phẩm,TP HCM,Online,5,5,6721000.0,5072044.0
2025-11-04,Mỹ phẩm,Đà Nẵng,Cửa hàng,2,2,2185250.0,1778643.0
2025-11-04,Mỹ phẩm,Đà Nẵng,Online,1,1,517000.0,373401.0
2025-11-04,Sách,Cần Thơ,Cửa hàng,2,2,691000.0,532235.0
2025-11-04,Sách,Cần Thơ,Online,1,1,168000.0,138785.0
2025-11-04,Sách,Hà Nội,Cửa hàng,5,5,992250.0,745918.0
2025-11-04,Sách,Hà Nội,Online,5,5,886350.0,635236.0
2025-11-04,Sách,Hải Phòng,Cửa hàng,1,1,308000.0,223116.0
2025-11-04,Sách,Hải Phòng,Online,2,2,570250.0,393795.0
2025-11-04,Sách,TP HCM,Cửa hàng,2,2,265750.0,186399.0
2025-11-04,Sách,TP HCM,Online,2,2,457750.0,342227.0
2025-11-04,Thời trang,Cần Thơ,Cửa hàng,4,4,3797000.0,2628197.0
2025-11-04,Thời trang,Hà Nội,Cửa hàng,1,1,683000.0,540924.0
2025-11-04,Thời trang,Hà Nội,Online,1,1,3330000.0,2407701.0
2025-11-04,Thời trang,Hải Phòng,Cửa hàng,3,3,4488900.0,3100288.0
2025-11-04,Thời trang,TP HCM,Cửa hàng,5,5,8883350.0,6098866.0
2025-11-04,Thời trang,TP HCM,Online,1,1,1177200.0,930036.0
2025-11-04,Thời trang,Đà Nẵng,Cửa hàng,2,2,1419200.0,989082.0
2025-11-04,Thời trang,Đà Nẵng,Online,4,4,4321750.0,3182101.0
2025-11-04,Thực phẩm,Cần Thơ,Cửa hàng,2,2,731700.0,463503.0
2025-11-04,Thực phẩm,Cần Thơ,Online,4,4,1605000.0,1094759.0
2025-11-04,Thực phẩm,Hà Nội,Cửa hàng,12,12,3220300.0,2195527.0
2025-11-04,Thực phẩm,Hà Nội,Online,12,12,3920100.0,2917470.0
2025-11-04,Thực phẩm,Hải Phòng,Cửa hàng,4,4,1065000.0,789493.0
2025-11-04,Thực phẩm,Hải Phòng,Online,4,4,993700.0,677990.0
2025-11-04,Thực phẩm,TP HCM,Cửa hàng,10,10,3075100.0,2279171.0
2025-11-04,Thực phẩm,TP HCM,Online,9,9,2029150.0,1477102.0
2025-11-04,Thực phẩm,Đà Nẵng,Cửa hàng,6,6,2550350.0,1838178.0
2025-11-04,Thực phẩm,Đà Nẵng,Online,3,3,2683600.0,1928796.0
2025-11-04,Điện tử,Cần Thơ,Cửa hàng,3,3,4856750.0,3342123.0
2025-11-04,Điện tử,Hà Nội,Cửa hàng,2,2,3102700.0,2124883.0
2025-11-04,Điện tử,Hà Nội,Online,5,5,12505000.0,8943283.0
2025-11-04,Điện tử,Hải Phòng,Cửa hàng,3,3,7268500.0,4978235.0
2025-11-04,Điện tử,TP HCM,Cửa hàng,8,8,14769600.0,11431025.0
2025-11-04,Điện tử,TP HCM,Online,8,8,14918050.0,10566220.0
2025-11-04,Điện tử,Đà Nẵng,Cửa hàng,2,2,2366000.0,1647294.0
2025-11-04,Điện tử,Đà Nẵng,Online,2,2,5269500.0,3876395.0
2025-11-05,Gia dụng,Cần Thơ,Cửa hàng,1,1,3376000.0,2377175.0
2025-11-05,Gia dụng,Cần Thơ,Online,3,3,6198700.0,4455009.0
2025-11-05,Gia dụng,Hà Nội,Cửa hàng,2,2,1553200.0,1016323.0
2025-11-05,Gia dụng,Hà Nội,Online,2,2,3041000.0,2337128.0
2025-11-05,Gia dụng,Hải Phòng,Cửa hàng,3,3,4843450.0,3562608.0
2025-11-05,Gia dụng,Hải Phòng,Online,1,1,740000.0,546605.0
2025-11-05,Gia dụng,TP HCM,Cửa hàng,3,3,4371200.0,2978726.0
2025-11-05,Gia dụng,TP HCM,Online,7,7,10866150.0,7239906.0
2025-11-05,Gia dụng,Đà Nẵng,Online,2,2,1775000.0,1153638.0
2025-11-05,Mỹ phẩm,Cần Thơ,Cửa hàng,2,2,2598450.0,1985859.0
2025-11-05,Mỹ phẩm,Cần Thơ,Online,2,2,934200.0,619545.0
2025-11-05,Mỹ phẩm,Hà Nội,Cửa hàng,1,1,1171800.0,953844.0
2025-11-05,Mỹ phẩm,Hải Phòng,Cửa hàng,3,3,2313900.0,1802594.0
2025-11-05,Mỹ phẩm,Hải Phòng,Online,1,1,1948000.0,1395403.0
2025-11-05,Mỹ phẩm,TP HCM,Cửa hàng,6,6,5874700.0,4353954.0
2025-11-05,Mỹ phẩm,TP HCM,Online,1,1,2400000.0,1696303.0
2025-11-05,Mỹ phẩm,Đà Nẵng,Cửa hàng,2,2,3014000.0,2203393.0
2025-11-05,Sách,Cần Thơ,Cửa hàng,3,3,761000.0,607142.0
2025-11-05,Sách,Cần Thơ,Online,1,1,272000.0,177578.0
2025-11-05,Sách,Hà Nội,Cửa hàng,5,5,1438350.0,1049731.0
2025-11-05,Sách,Hà Nội,Online,1,1,489000.0,323694.0
2025-11-05,Sách,Hải Phòng,Cửa hàng,2,2,337000.0,248731.0
2025-11-05,Sách,Hải Phòng,Online,2,2,275000.0,195782.0
2025-11-05,Sách,TP HCM,Cửa hàng,5,5,916300.0,613888.0
2025-11-05,Sách,TP HCM,Online,2,2,539700.0,354608.0
2025-11-05,Thời trang,Cần Thơ,Cửa hàng,3,3,4243950.0,3029279.0
2025-11-05,Thời trang,Cần Thơ,Online,1,1,718250.0,500093.0
2025-11-05,Thời trang,Hà Nội,Cửa hàng,4,4,4224900.0,3071348.0
2025-11-05,Thời trang,Hà Nội,Online,3,3,2053600.0,1540774.0
2025-11-05,Thời trang,Hải Phòng,Cửa hàng,4,4,2787050.0,2068586.0
2025-11-05,Thời trang,Hải Phòng,Online,1,1,821000.0,596176.0
2025-11-05,Thời trang,TP HCM,Cửa hàng,5,5,10972000.0,8314286.0
2025-11-05,Thời trang,TP HCM,Online,2,2,2403000.0,1711672.0
2025-11-05,Thời trang,Đà Nẵng,Cửa hàng,1,1,756000.0,619107.0
2025-11-05,Thực phẩm,Cần Thơ,Cửa hàng,6,6,4311847.0,3045834.0
2025-11-05,Thực phẩm,Cần Thơ,Online,3,3,521000.0,367329.0
2025-11-05,Thực phẩm,Hà Nội,Cửa hàng,7,7,2506750.0,2013140.0
2025-11-05,Thực phẩm,Hà Nội,Online,5,5,1560350.0,1136841.0
2025-11-05,Thực phẩm,Hải Phòng,Cửa hàng,5,5,1160750.0,798891.0
2025-11-05,Thực phẩm,Hải Phòng,Online,6,6,1391100.0,1048840.0
2025-11-05,Thực phẩm,TP HCM,Cửa hàng,10,10,6479155.0,4599351.0
2025-11-05,Thực phẩm,TP HCM,Online,8,8,2279100.0,1695215.0
2025-11-05,Thực phẩm,Đà Nẵng,Cửa hàng,4,4,857700.0,617875.0
2025-11-05,Thực phẩm,Đà Nẵng,Online,2,2,694000.0,536503.0
2025-11-05,Điện tử,Cần Thơ,Cửa hàng,4,4,6330550.0,4733317.0
2025-11-05,Điện tử,Cần Thơ,Online,2,2,1998100.0,1251877.0
2025-11-05,Điện tử,Hà Nội,Cửa hàng,8,8,17983750.0,12598632.0
2025-11-05,Điện tử,Hà Nội,Online,2,2,3300850.0,2557749.0
2025-11-05,Điện tử,Hải Phòng,Cửa hàng,2,2,3232000.0,2457075.0
2025-11-05,Điện tử,Hải Phòng,Online,3,3,4477600.0,2914048.0
2025-11-05,Điện tử,TP HCM,Cửa hàng,5,5,7963000.0,5690433.0
2025-11-05,Điện tử,TP HCM,Online,10,10,24858500.0,18529581.0
2025-11-05,Điện tử,Đà Nẵng,Cửa hàng,2,2,2843900.0,2063298.0
2025-11-05,Điện tử,Đà Nẵng,Online,1,1,1161850.0,840923.0
2025-11-06,Gia dụng,Hà Nội,Cửa hàng,7,7,8831950.0,6536303.0
2025-11-06,Gia dụng,Hà Nội,Online,1,1,652500.0,462302.0
2025-11-06,Gia dụng,Hải Phòng,Online,4,4,3913050.0,2784386.0
2025-11-06,Gia dụng,TP HCM,Cửa hàng,5,5,11277000.0,7906421.0
2025-11-06,Gia dụng,TP HCM,Online,6,6,10967750.0,8208502.0
2025-11-06,Gia dụng,Đà Nẵng,Cửa hàng,2,2,1346400.0,1003191.0
2025-11-06,Mỹ phẩm,Cần Thơ,Cửa hàng,1,1,516800.0,432226.0
2025-11-06,Mỹ phẩm,Cần Thơ,Online,1,1,501000.0,361845.0
2025-11-06,Mỹ phẩm,Hà Nội,Cửa hàng,2,2,3606700.0,2837834.0
2025-11-06,Mỹ phẩm,Hải Phòng,Online,1,1,6694199.0,4685940.0
2025-11-06,Mỹ phẩm,TP HCM,Cửa hàng,2,2,797050.0,561618.0
2025-11-06,Mỹ phẩm,TP HCM,Online,2,2,1976400.0,1613605.0
2025-11-06,Mỹ phẩm,Đà Nẵng,Cửa hàng,2,2,1998000.0,1604455.0
2025-11-06,Sách,Cần Thơ,Cửa hàng,3,3,458150.0,356698.0
2025-11-06,Sách,Cần Thơ,Online,3,3,440000.0,329473.0
2025-11-06,Sách,Hà Nội,Cửa hàng,3,3,915900.0,593525.0
2025-11-06,Sách,Hà Nội,Online,4,4,512850.0,392933.0
2025-11-06,Sách,Hải Phòng,Online,2,2,694200.0,546241.0
2025-11-06,Sách,TP HCM,Cửa hàng,6,6,1748050.0,1311218.0
2025-11-06,Sách,TP HCM,Online,6,6,1502250.0,1061741.0
2025-11-06,Sách,Đà Nẵng,Cửa hàng,1,1,171000.0,118118.0
2025-11-06,Thời trang,Cần Thơ,Cửa hàng,3,3,4951600.0,3686537.0
2025-11-06,Thời trang,Cần Thơ,Online,1,1,2382000.0,1722265.0
2025-11-06,Thời trang,Hà Nội,Cửa hàng,7,7,9347600.0,6947195.0
2025-11-06,Thời trang,Hà Nội,Online,3,3,3916000.0,2813482.0
2025-11-06,Thời trang,Hải Phòng,Cửa hàng,1,1,681000.0,476123.0
2025-11-06,Thời trang,TP HCM,Cửa hàng,5,5,8415400.0,6450834.0
2025-11-06,Thời trang,TP HCM,Online,5,5,9045600.0,6472496.0
2025-11-06,Thời trang,Đà Nẵng,Online,2,2,4682200.0,3339924.0
2025-11-06,Thực phẩm,Cần Thơ,Cửa hàng,4,4,844150.0,602942.0
2025-11-06,Thực phẩm,Cần Thơ,Online,4,4,1040200.0,766520.0
2025-11-06,Thực phẩm,Hà Nội,Cửa hàng,6,6,1721150.0,1209330.0
2025-11-06,Thực phẩm,Hà Nội,Online,10,10,2860450.0,2038782.0
2025-11-06,Thực phẩm,Hải Phòng,Cửa hàng,5,5,2606450.0,1847696.0
2025-11-06,Thực phẩm,Hải Phòng,Online,1,1,180000.0,140167.0
2025-11-06,Thực phẩm,TP HCM,Cửa hàng,13,13,3768350.0,2625951.0
2025-11-06,Thực phẩm,TP HCM,Online,9,9,2976000.0,2282316.0
2025-11-06,Thực phẩm,Đà Nẵng,Cửa hàng,4,4,2126500.0,1565338.0
2025-11-06,Thực phẩm,Đà Nẵng,Online,2,2,696350.0,506968.0
2025-11-06,Điện tử,Cần Thơ,Cửa hàng,1,1,2458000.0,1533862.0
2025-11-06,Điện tử,Cần Thơ,Online,2,2,2103700.0,1419117.0
2025-11-06,Điện tử,Hà Nội,Cửa hàng,4,4,8081950.0,5349953.0
2025-11-06,Điện tử,Hà Nội,Online,5,5,9329600.0,6590068.0
2025-11-06,Điện tử,Hải Phòng,Cửa hàng,1,1,1088000.0,814149.0
2025-11-06,Điện tử,Hải Phòng,Online,1,1,1167000.0,844651.0
2025-11-06,Điện tử,TP HCM,Cửa hàng,5,5,14315200.0,10552583.0
2025-11-06,Điện tử,TP HCM,Online,8,8,15212700.0,10850341.0
2025-11-06,Điện tử,Đà Nẵng,Cửa hàng,3,3,3873150.0,2895833.0
2025-11-06,Điện tử,Đà Nẵng,Online,1,1,1112000.0,906787.0
2025-11-07,Gia dụng,Cần Thơ,Cửa hàng,3,3,5209550.0,3841208.0
2025-11-07,Gia dụng,Cần Thơ,Online,1,1,925000.0,666263.0
2025-11-07,Gia dụng,Hà Nội,Cửa hàng,5,5,9266000.0,6315980.0
2025-11-07,Gia dụng,Hà Nội,Online,5,5,6203000.0,4235890.0
2025-11-07,Gia dụng,TP HCM,Cửa hàng,9,9,32686059.0,22711815.0
2025-11-07,Gia dụng,TP HCM,Online,2,2,1625450.0,1204267.0
2025-11-07,Gia dụng,Đà Nẵng,Cửa hàng,3,3,3702000.0,2594673.0
2025-11-07,Gia dụng,Đà Nẵng,Online,1,1,1708000.0,1164267.0
2025-11-07,Mỹ phẩm,Cần Thơ,Cửa hàng,2,2,1837050.0,1284000.0
2025-11-07,Mỹ phẩm,Cần Thơ,Online,2,2,1773000.0,1126620.0
2025-11-07,Mỹ phẩm,Hà Nội,Cửa hàng,4,4,2564200.0,1862743.0
2025-11-07,Mỹ phẩm,Hà Nội,Online,3,3,1854150.0,1458085.0
2025-11-07,Mỹ phẩm,Hải Phòng,Cửa hàng,3,3,2413500.0,1535432.0
2025-11-07,Mỹ phẩm,Hải Phòng,Online,1,1,475200.0,371909.0
2025-11-07,Mỹ phẩm,TP HCM,Cửa hàng,4,4,3363000.0,2607350.0
2025-11-07,Mỹ phẩm,TP HCM,Online,4,4,3165200.0,2486114.0
2025-11-07,Mỹ phẩm,Đà Nẵng,Cửa hàng,1,1,484000.0,317275.0
2025-11-07,Mỹ phẩm,Đà Nẵng,Online,2,2,1334600.0,1086002.0
2025-11-07,Sách,Cần Thơ,Cửa hàng,2,2,397850.0,288229.0
2025-11-07,Sách,Cần Thơ,Online,1,1,138000.0,110166.0
2025-11-07,Sách,Hà Nội,Cửa hàng,2,2,364750.0,291481.0
2025-11-07,Sách,Hà Nội,Online,3,3,1028700.0,772828.0
2025-11-07,Sách,Hải Phòng,Cửa hàng,3,3,414150.0,291735.0
2025-11-07,Sách,Hải Phòng,Online,3,3,721050.0,525409.0
2025-11-07,Sách,TP HCM,Cửa hàng,6,6,1195200.0,937827.0
2025-11-07,Sách,TP HCM,Online,4,4,1083700.0,756075.0
2025-11-07,Sách,Đà Nẵng,Cửa hàng,1,1,507000.0,334854.0
2025-11-07,Thời trang,Cần Thơ,Cửa hàng,2,2,3583000.0,2740242.0
2025-11-07,Thời trang,Cần Thơ,Online,1,1,775000.0,554337.0
2025-11-07,Thời trang,Hà Nội,Cửa hàng,5,5,4685400.0,3216226.0
2025-11-07,Thời trang,Hà Nội,Online,1,1,1868400.0,1201361.0
2025-11-07,Thời trang,Hải Phòng,Cửa hàng,1,1,1672000.0,1231554.0
2025-11-07,Thời trang,Hải Phòng,Online,1,1,1382000.0,1100594.0
2025-11-07,Thời trang,TP HCM,Cửa hàng,7,7,6539700.0,4625906.0
2025-11-07,Thời trang,TP HCM,Online,2,2,1591000.0,1115879.0
2025-11-07,Thời trang,Đà Nẵng,Cửa hàng,1,1,730000.0,499438.0
2025-11-07,Thời trang,Đà Nẵng,Online,1,1,1578900.0,1264482.0
2025-11-07,Thực phẩm,Cần Thơ,Cửa hàng,1,1,194750.0,123512.0
2025-11-07,Thực phẩm,Cần Thơ,Online,2,2,335900.0,258610.0
2025-11-07,Thực phẩm,Hà Nội,Cửa hàng,9,9,2630900.0,1937815.0
2025-11-07,Thực phẩm,Hà Nội,Online,5,5,1513050.0,1073217.0
2025-11-07,Thực phẩm,Hải Phòng,Cửa hàng,3,3,975900.0,657543.0
2025-11-07,Thực phẩm,Hải Phòng,Online,3,3,2098238.0,1508274.0
2025-11-07,Thực phẩm,TP HCM,Cửa hàng,14,13,5841600.0,4191748.0
2025-11-07,Thực phẩm,TP HCM,Online,2,2,337700.0,221062.0
2025-11-07,Thực phẩm,Đà Nẵng,Cửa hàng,5,5,2601550.0,1913320.0
2025-11-07,Thực phẩm,Đà Nẵng,Online,2,2,1206000.0,972277.0
2025-11-07,Điện tử,Cần Thơ,Cửa hàng,4,4,4277150.0,2755170.0
2025-11-07,Điện tử,Hà Nội,Cửa hàng,7,7,13248100.0,8985071.0
2025-11-07,Điện tử,Hà Nội,Online,6,6,17439100.0,12162955.0
2025-11-07,Điện tử,Hải Phòng,Cửa hàng,1,1,2458000.0,1944369.0
2025-11-07,Điện tử,Hải Phòng,Online,1,1,5740000.0,4289155.0
2025-11-07,Điện tử,TP HCM,Cửa hàng,5,5,10717400.0,8257968.0
2025-11-07,Điện tử,TP HCM,Online,6,6,11292850.0,8311434.0
2025-11-07,Điện tử,Đà Nẵng,Cửa hàng,7,7,14425700.0,10808100.0
2025-11-07,Điện tử,Đà Nẵng,Online,2,2,8431900.0,5945168.0
2025-11-08,Gia dụng,Cần Thơ,Cửa hàng,1,1,3540000.0,2281745.0
2025-11-08,Gia dụng,Cần Thơ,Online,3,3,8357900.0,6020996.0
2025-11-08,Gia dụng,Hà Nội,Cửa hàng,2,2,1478200.0,1096605.0
2025-11-08,Gia dụng,Hà Nội,Online,6,6,4724100.0,3293449.0
2025-11-08,Gia dụng,Hải Phòng,Cửa hàng,4,4,4884400.0,3280396.0
2025-11-08,Gia dụng,Hải Phòng,Online,1,1,3084000.0,1933973.0
2025-11-08,Gia dụng,TP HCM,Cửa hàng,4,4,4975100.0,3773976.0
2025-11-08,Gia dụng,TP HCM,Online,5,5,19124183.0,13223158.0
2025-11-08,Gia dụng,Đà Nẵng,Cửa hàng,3,3,7063000.0,5420114.0
2025-11-08,Mỹ phẩm,Cần Thơ,Cửa hàng,1,1,466000.0,393075.0
2025-11-08,Mỹ phẩm,Cần Thơ,Online,2,2,1664700.0,1165527.0
2025-11-08,Mỹ phẩm,Hà Nội,Cửa hàng,4,4,4794350.0,3687541.0
2025-11-08,Mỹ phẩm,Hà Nội,Online,4,4,5835700.0,4312651.0
2025-11-08,Mỹ phẩm,Hải Phòng,Cửa hàng,1,1,986000.0,818590.0
2025-11-08,Mỹ phẩm,Hải Phòng,Online,2,2,1354650.0,936671.0
2025-11-08,Mỹ phẩm,TP HCM,Cửa hàng,3,3,1749900.0,1341623.0
2025-11-08,Mỹ phẩm,TP HCM,Online,4,4,2413100.0,1854824.0
2025-11-08,Sách,Cần Thơ,Cửa hàng,1,1,495000.0,351135.0
2025-11-08,Sách,Cần Thơ,Online,1,1,156000.0,131706.0
2025-11-08,Sách,Hà Nội,Cửa hàng,3,3,404550.0,294004.0
2025-11-08,Sách,Hà Nội,Online,1,1,264000.0,162360.0
2025-11-08,Sách,Hải Phòng,Cửa hàng,2,2,474000.0,369137.0
2025-11-08,Sách,Hải Phòng,Online,1,1,139000.0,96741.0
2025-11-08,Sách,TP HCM,Cửa hàng,3,3,561600.0,361078.0
2025-11-08,Sách,TP HCM,Online,4,4,703150.0,494825.0
2025-11-08,Sách,Đà Nẵng,Cửa hàng,2,2,315000.0,202093.0
2025-11-08,Thời trang,Cần Thơ,Cửa hàng,1,1,2067000.0,1669719.0
2025-11-08,Thời trang,Hà Nội,Cửa hàng,3,3,7262200.0,4816517.0
2025-11-08,Thời trang,Hà Nội,Online,4,4,2878100.0,2141237.0
2025-11-08,Thời trang,Hải Phòng,Online,4,4,3520200.0,2701435.0
2025-11-08,Thời trang,TP HCM,Cửa hàng,6,6,5318000.0,3924404.0
2025-11-08,Thời trang,TP HCM,Online,2,2,1300650.0,982369.0
2025-11-08,Thời trang,Đà Nẵng,Cửa hàng,3,3,2971700.0,2187672.0
2025-11-08,Thời trang,Đà Nẵng,Online,2,2,2734800.0,2134000.0
2025-11-08,Thực phẩm,Cần Thơ,Cửa hàng,3,3,738200.0,547329.0
2025-11-08,Thực phẩm,Cần Thơ,Online,2,2,841200.0,589906.0
2025-11-08,Thực phẩm,Hà Nội,Cửa hàng,13,13,4121300.0,3121651.0
2025-11-08,Thực phẩm,Hà Nội,Online,7,7,1840400.0,1368078.0
2025-11-08,Thực phẩm,Hải Phòng,Cửa hàng,4,4,1238800.0,859475.0
2025-11-08,Thực phẩm,Hải Phòng,Online,3,3,768050.0,592938.0
2025-11-08,Thực phẩm,TP HCM,Cửa hàng,18,18,5317400.0,3815795.0
2025-11-08,Thực phẩm,TP HCM,Online,7,7,2296000.0,1758050.0
2025-11-08,Thực phẩm,Đà Nẵng,Cửa hàng,5,5,2303300.0,1625228.0
2025-11-08,Thực phẩm,Đà Nẵng,Online,4,4,858500.0,645957.0
2025-11-08,Điện tử,Cần Thơ,Cửa hàng,3,3,3403200.0,2535968.0
2025-11-08,Điện tử,Cần Thơ,Online,1,1,2380000.0,1722595.0
2025-11-08,Điện tử,Hà Nội,Cửa hàng,4,4,8931000.0,6915695.0
2025-11-08,Điện tử,Hà Nội,Online,5,5,6910400.0,5323368.0
2025-11-08,Điện tử,Hải Phòng,Cửa hàng,4,4,3971550.0,3068433.0
2025-11-08,Điện tử,Hải Phòng,Online,1,1,991000.0,822216.0
2025-11-08,Điện tử,TP HCM,Cửa hàng,11,11,20292750.0,13988425.0
2025-11-08,Điện tử,TP HCM,Online,3,3,6219800.0,4469623.0
2025-11-08,Điện tử,Đà Nẵng,Cửa hàng,2,2,5771400.0,4506920.0
2025-11-08,Điện tử,Đà Nẵng,Online,1,1,5283000.0,3823727.0
2025-11-09,Gia dụng,Cần Thơ,Cửa hàng,1,1,787000.0,653998.0
2025-11-09,Gia dụng,Cần Thơ,Online,1,1,1606000.0,1013723.0
2025-11-09,Gia dụng,Hà Nội,Cửa hàng,3,3,6129000.0,4393772.0
2025-11-09,Gia dụng,Hà Nội,Online,3,3,2907650.0,2187095.0
2025-11-09,Gia dụng,TP HCM,Cửa hàng,2,2,1796000.0,1460113.0
2025-11-09,Gia dụng,TP HCM,Online,2,2,1778000.0,1316573.0
2025-11-09,Mỹ phẩm,Cần Thơ,Online,2,2,1374050.0,1073174.0
2025-11-09,Mỹ phẩm,Hà Nội,Cửa hàng,1,1,775800.0,630162.0
2025-11-09,Thời trang,Cần Thơ,Cửa hàng,1,1,673000.0,522907.0
2025-11-09,Thời trang,Hải Phòng,Cửa hàng,4,4,3983000.0,2679934.0
2025-11-09,Thời trang,TP HCM,Cửa hàng,4,4,7574200.0,5658424.0
2025-11-09,Thời trang,TP HCM,Online,1,1,816050.0,604004.0
2025-11-09,Thực phẩm,Cần Thơ,Cửa hàng,1,1,201000.0,137548.0
2025-11-09,Thực phẩm,Hà Nội,Cửa hàng,3,3,555350.0,405319.0
2025-11-09,Thực phẩm,Hà Nội,Online,4,4,657750.0,468974.0
2025-11-09,Thực phẩm,Hải Phòng,Cửa hàng,3,3,750500.0,570719.0
2025-11-09,Thực phẩm,TP HCM,Cửa hàng,4,4,1192400.0,806350.0
2025-11-09,Thực phẩm,Đà Nẵng,Cửa hàng,3,3,886000.0,658242.0
2025-11-09,Thực phẩm,Đà Nẵng,Online,3,3,725900.0,546818.0
2025-11-09,Điện tử,Cần Thơ,Online,2,2,2161400.0,1671236.0
2025-11-09,Điện tử,Hà Nội,Online,3,3,8350150.0,6214995.0
2025-11-09,Điện tử,TP HCM,Cửa hàng,5,5,10953650.0,8561630.0
2025-11-09,Điện tử,Đà Nẵng,Cửa hàng,1,1,1075000.0,741817.0
