customer_id,age,gender,city,tenure_months,support_tickets,churn,recency,frequency,monetary,phan_khuc,xac_suat_churn
C00001,47,Nữ,Hà Nội,15,1,0,1.0,643.0,628184874.6500636,Khách VIP,0.0
C00002,32,Nam,Đà Nẵng,20,2,0,1.0,439.0,422404011.0,Khách VIP,0.0
C00003,38,Nam,Cần Thơ,54,1,0,1.0,344.0,370743062.7638229,Khách VIP,0.0
C00004,60,Nam,TP HCM,37,2,0,1.0,306.0,321978608.44229007,Khách VIP,0.0
C00005,23,Nữ,TP HCM,39,0,0,3.0,265.0,276176920.0,Khách VIP,0.0
C00006,37,Nữ,Cần Thơ,43,1,0,1.0,224.0,245159494.8790549,Khách VIP,0.0
C00007,62,Nữ,Cần Thơ,10,1,0,1.0,207.0,185650850.0,Khách VIP,0.0
C00008,43,Nam,Hải Phòng,4,2,0,3.0,217.0,227769427.0,Khách VIP,0.0
C00009,18,Nữ,Hải Phòng,4,1,0,5.0,166.0,162832721.0,Khách VIP,0.0
C00010,49,Nữ,Hà Nội,33,1,0,1.0,155.0,184417833.0,Khách VIP,0.0
C00011,67,Nam,Hải Phòng,4,1,0,1.0,139.0,151886004.0,Khách VIP,0.0
C00012,70,Nữ,Hải Phòng,40,2,0,6.0,152.0,157841124.52086565,Khách VIP,0.0
C00013,46,Nam,Hải Phòng,21,1,0,2.0,127.0,144081299.0,Khách VIP,0.0
C00014,18,Nam,TP HCM,27,0,0,1.0,124.0,104887153.0,Khách VIP,0.0
C00015,43,Nữ,Hà Nội,59,1,0,1.0,135.0,127490283.0,Khách VIP,0.0
C00016,54,Nam,Đà Nẵng,44,0,0,5.0,131.0,138841550.0,Khách VIP,0.0
C00017,29,Nữ,Hải Phòng,52,1,0,1.0,138.0,123435431.0,Khách VIP,0.0
C00018,37,Nữ,Đà Nẵng,21,1,0,1.0,114.0,112088600.0,Khách VIP,0.0
C00019,33,Nữ,Đà Nẵng,18,1,0,3.0,107.0,116357699.0,Khách VIP,0.0
C00020,18,Nam,TP HCM,5,2,0,1.0,113.0,101251400.0,Khách VIP,0.0
C00021,69,Nam,TP HCM,51,1,0,12.0,91.0,78624850.0,Khách VIP,0.0
C00022,63,Nam,Hải Phòng,16,2,0,8.0,106.0,115658350.0,Khách VIP,0.0
C00023,29,Nam,Đà Nẵng,26,0,0,2.0,102.0,103919324.0,Khách VIP,0.0
C00024,35,Nữ,Đà Nẵng,21,4,0,4.0,96.0,86460300.0,Khách VIP,0.0
C00025,49,Nam,TP HCM,38,1,0,1.0,81.0,113445489.0,Khách VIP,0.0
C00026,43,Nam,Hà Nội,26,2,0,3.0,97.0,88899650.0,Khách VIP,0.0
C00027,29,Nam,TP HCM,58,3,0,3.0,92.0,86989947.0,Khách VIP,0.0
C00028,57,Nam,Hà Nội,7,1,0,10.0,81.0,80035016.0,Khách VIP,0.0
C00029,54,Nữ,TP HCM,21,1,0,2.0,86.0,87911836.0,Khách VIP,0.0
C00030,21,Nữ,TP HCM,25,0,0,16.0,88.0,98983550.0,Khách VIP,0.0
C00031,64,Nữ,Cần Thơ,37,1,0,4.0,70.0,74684765.0,Khách VIP,0.0
C00032,28,Nữ,Hà Nội,54,0,0,2.0,78.0,88197584.0,Khách VIP,0.0
C00033,28,Nữ,Hà Nội,59,0,0,9.0,87.0,95788550.0,Khách VIP,0.0
C00034,36,Nữ,Hà Nội,50,1,0,1.0,82.0,88228074.0,Khách VIP,0.0
C00035,18,Nữ,TP HCM,56,0,0,5.0,78.0,92157600.0,Khách VIP,0.0
C00036,56,Nữ,TP HCM,54,1,0,3.0,80.0,74765840.0,Khách VIP,0.0
C00037,35,Nam,TP HCM,3,0,0,3.0,83.0,78178950.0,Khách VIP,0.0
C00038,61,Nữ,Hải Phòng,41,1,0,5.0,70.0,74276801.88243699,Khách VIP,0.0
C00039,56,Nam,Đà Nẵng,41,3,0,3.0,69.0,80574275.0,Khách VIP,0.0
C00040,21,Nữ,Hà Nội,6,3,0,4.0,74.0,66873555.0,Khách VIP,0.0
C00041,61,Nữ,Hải Phòng,22,1,0,1.0,80.0,88934627.0,Khách VIP,0.0
C00042,24,Nữ,TP HCM,11,1,0,7.0,71.0,63097081.0,Khách VIP,0.0
C00043,53,Nam,Đà Nẵng,55,4,0,1.0,78.0,85527444.0,Khách VIP,0.0
C00044,28,Nữ,Cần Thơ,53,0,0,3.0,59.0,71289775.0,Khách VIP,0.0
C00045,37,Nam,TP HCM,43,3,0,3.0,82.0,75896250.0,Khách VIP,0.0
C00046,18,Nữ,TP HCM,4,1,0,2.0,66.0,60632950.0,Khách VIP,0.0
C00047,26,Nữ,Hà Nội,32,4,0,9.0,62.0,50179400.0,Khách VIP,0.0
C00048,51,Nữ,Hải Phòng,50,1,0,7.0,69.0,69481750.0,Khách VIP,0.0
C00049,18,Nữ,Cần Thơ,46,0,0,10.0,73.0,77750010.0,Khách VIP,0.0
C00050,34,Nữ,TP HCM,53,2,0,5.0,59.0,56337346.0,Khách VIP,0.0
C00051,50,Nữ,Hà Nội,23,2,0,12.0,62.0,69605314.0,Khách VIP,0.0
C00052,26,Nữ,Hà Nội,48,3,0,1.0,63.0,68041531.0,Khách VIP,0.0
C00053,31,Nam,TP HCM,60,1,0,2.0,60.0,67685750.0,Khách VIP,0.0
C00054,67,Nam,TP HCM,54,1,0,6.0,81.0,86490650.0,Khách VIP,0.0
C00055,59,Nam,Hà Nội,53,1,0,13.0,55.0,68004156.62788762,Khách VIP,0.0
C00056,47,Nam,Hà Nội,58,1,0,12.0,59.0,66301381.0,Khách VIP,0.0
C00057,42,Nữ,Đà Nẵng,21,0,0,2.0,66.0,51335050.0,Khách VIP,0.0
C00058,60,Nam,TP HCM,36,1,0,12.0,77.0,86672200.0,Khách VIP,0.0
C00059,25,Nam,TP HCM,14,2,0,15.0,52.0,35966250.0,Khách VIP,0.0
C00060,45,Nữ,Hà Nội,26,4,0,1.0,50.0,48117600.0,Khách VIP,0.0
C00061,31,Nữ,TP HCM,39,0,0,2.0,55.0,60068000.0,Khách VIP,0.0
C00062,40,Nữ,TP HCM,38,2,0,3.0,60.0,58823450.0,Khách VIP,0.0
C00063,40,Nam,TP HCM,55,3,0,13.0,52.0,53211350.0,Khách VIP,0.0
C00064,45,Nữ,Hà Nội,38,2,0,11.0,47.0,38499150.0,Khách VIP,0.0
C00065,66,Nam,Hà Nội,7,2,0,1.0,53.0,69697650.27299803,Khách VIP,0.0
C00066,61,Nữ,Đà Nẵng,9,1,0,8.0,51.0,58388555.0,Khách VIP,0.0
C00067,31,Nữ,Đà Nẵng,22,2,0,5.0,60.0,65183650.0,Khách VIP,0.0
C00068,20,Nam,TP HCM,56,1,0,1.0,55.0,53856752.0,Khách VIP,0.0
C00069,70,Nam,Hải Phòng,56,0,0,7.0,55.0,55398250.0,Khách VIP,0.0
C00070,43,Nam,Đà Nẵng,45,0,0,4.0,48.0,55012400.0,Khách VIP,0.0
C00071,44,Nam,TP HCM,43,3,0,2.0,53.0,45197200.0,Khách VIP,0.0
C00072,18,Nữ,Hải Phòng,14,1,0,11.0,50.0,47094200.0,Khách VIP,0.0
C00073,45,Nam,TP HCM,32,0,0,16.0,46.0,40016319.0,Khách VIP,0.0
C00074,65,Nữ,Hà Nội,37,2,0,22.0,52.0,51210325.0,Khách VIP,0.0
C00075,63,Nam,Đà Nẵng,36,2,0,6.0,46.0,51571573.0,Khách VIP,0.0
C00076,51,Nam,Hải Phòng,34,1,0,14.0,40.0,39943800.0,Khách VIP,0.0
C00077,37,Nam,TP HCM,18,2,0,15.0,51.0,41831550.0,Khách VIP,0.0
C00078,26,Nam,Đà Nẵng,40,3,0,14.0,51.0,40036376.0,Khách VIP,0.0
C00079,65,Nữ,Hà Nội,45,4,0,5.0,45.0,55744899.0,Khách VIP,0.0
C00080,46,Nữ,Hà Nội,52,2,0,6.0,46.0,55695400.0,Khách VIP,0.0
C00081,58,Nam,Hà Nội,2,1,0,30.0,40.0,40118952.0,Khách VIP,0.0
C00082,33,Nữ,Cần Thơ,14,0,0,4.0,43.0,44365300.0,Khách VIP,0.0
C00083,24,Nữ,Hải Phòng,14,3,0,6.0,55.0,52610928.0,Khách VIP,0.0
C00084,30,Nam,TP HCM,41,0,0,1.0,39.0,31341650.0,Khách VIP,0.0
C00085,66,Nữ,Đà Nẵng,23,1,0,6.0,52.0,46209800.0,Khách VIP,0.0
C00086,68,Nữ,TP HCM,46,3,0,7.0,49.0,48171000.0,Khách VIP,0.0
C00087,66,Nữ,Cần Thơ,25,0,0,4.0,42.0,55233449.0,Khách VIP,0.0
C00088,19,Nam,Cần Thơ,6,0,0,10.0,42.0,55125041.0,Khách VIP,0.0
C00089,46,Nam,TP HCM,40,1,0,2.0,49.0,41540900.0,Khách VIP,0.0
C00090,26,Nam,Hà Nội,37,0,0,4.0,43.0,49091936.10108663,Khách VIP,0.0
C00091,26,Nam,TP HCM,35,2,0,1.0,41.0,46001672.0,Khách VIP,0.0
C00092,65,Nam,Cần Thơ,36,0,0,6.0,37.0,46384650.0,Khách VIP,0.0
C00093,49,Nữ,TP HCM,14,0,0,2.0,46.0,38135800.0,Khách VIP,0.0
C00094,70,Nam,Hà Nội,49,1,0,4.0,52.0,56627855.0,Khách VIP,0.0
C00095,47,Nam,Cần Thơ,44,4,0,8.0,35.0,26826650.0,Khách VIP,0.001
C00096,24,Nam,TP HCM,22,1,0,1.0,42.0,34947750.0,Khách VIP,0.0
C00097,45,Nam,Đà Nẵng,31,0,0,7.0,39.0,48456382.0,Khách VIP,0.0
C00098,45,Nữ,Hà Nội,32,2,0,2.0,43.0,33167500.0,Khách VIP,0.0
C00099,51,Nữ,Hà Nội,42,3,0,2.0,48.0,39891850.0,Khách VIP,0.0
C00100,49,Nữ,Đà Nẵng,24,4,0,20.0,44.0,40033550.0,Khách VIP,0.0
C00101,68,Nữ,Đà Nẵng,5,0,0,6.0,36.0,35171950.0,Khách VIP,0.001
C00102,19,Nam,TP HCM,5,1,0,24.0,27.0,31155250.0,Khách VIP,0.008
C00103,67,Nữ,TP HCM,16,1,0,7.0,41.0,69600814.0,Khách VIP,0.0
C00104,24,Nam,TP HCM,45,2,0,26.0,32.0,32188550.0,Khách VIP,0.001
C00105,38,Nữ,Hà Nội,23,2,0,13.0,31.0,26993500.0,Khách VIP,0.002
C00106,29,Nam,Hà Nội,20,0,0,14.0,43.0,45551500.0,Khách VIP,0.0
C00107,67,Nữ,Hà Nội,40,4,0,1.0,41.0,33943250.0,Khách VIP,0.0
C00108,65,Nam,Đà Nẵng,44,1,0,3.0,36.0,26516400.0,Khách VIP,0.0
C00109,19,Nữ,Hải Phòng,57,1,0,2.0,42.0,39499500.0,Khách VIP,0.0
C00110,35,Nam,Hà Nội,9,1,0,22.0,35.0,37516100.0,Khách VIP,0.001
C00111,24,Nam,Hà Nội,51,2,0,13.0,30.0,28685700.0,Khách VIP,0.001
C00112,26,Nam,TP HCM,5,1,0,5.0,47.0,45881900.0,Khách VIP,0.0
C00113,39,Nam,TP HCM,18,1,0,17.0,30.0,27104550.0,Khách VIP,0.003
C00114,34,Nam,Cần Thơ,23,0,0,5.0,43.0,35967610.0,Khách VIP,0.0
C00115,65,Nữ,Đà Nẵng,27,0,0,2.0,52.0,59863700.0,Khách VIP,0.0
C00116,26,Nam,TP HCM,24,0,0,21.0,29.0,45011032.0,Khách VIP,0.002
C00117,49,Nữ,Cần Thơ,57,0,0,4.0,40.0,33244100.0,Khách VIP,0.0
C00118,58,Nữ,Cần Thơ,8,1,0,1.0,41.0,38587600.0,Khách VIP,0.0
C00119,42,Nam,Hà Nội,33,2,0,26.0,37.0,32099150.0,Khách VIP,0.0
C00120,52,Nam,TP HCM,19,2,0,3.0,36.0,42291150.0,Khách VIP,0.001
C00121,18,Nam,TP HCM,40,1,0,10.0,30.0,31050550.0,Khách VIP,0.001
C00122,50,Nam,TP HCM,29,2,0,2.0,46.0,49848700.0,Khách VIP,0.0
C00123,55,Nam,Hải Phòng,44,1,0,9.0,37.0,39308500.0,Khách VIP,0.0
C00124,68,Nam,TP HCM,9,1,0,1.0,38.0,35206050.0,Khách VIP,0.001
C00125,38,Nữ,TP HCM,17,0,0,1.0,37.0,34652750.0,Khách VIP,0.0
C00126,26,Nam,Hà Nội,1,0,0,3.0,39.0,34233100.0,Khách VIP,0.0
C00127,30,Nữ,Cần Thơ,47,2,0,3.0,40.0,48575400.0,Khách VIP,0.0
C00128,37,Nam,Hà Nội,20,1,0,29.0,26.0,39690660.0,Khách VIP,0.006
C00129,19,Nam,TP HCM,2,2,0,15.0,37.0,36623383.0,Khách VIP,0.001
C00130,41,Nam,Hà Nội,3,0,0,8.0,46.0,39185250.0,Khách VIP,0.0
C00131,18,Nam,Cần Thơ,27,0,0,1.0,30.0,29730350.0,Khách VIP,0.001
C00132,47,Nam,Hà Nội,12,1,0,1.0,41.0,40021550.0,Khách VIP,0.0
C00133,29,Nữ,TP HCM,13,1,0,3.0,45.0,56981096.0,Khách VIP,0.0
C00134,23,Nữ,TP HCM,27,1,0,16.0,28.0,24669150.0,Khách VIP,0.003
C00135,37,Nữ,Đà Nẵng,36,1,0,9.0,20.0,16034150.0,Khách VIP,0.014
C00136,45,Nữ,TP HCM,20,0,0,25.0,30.0,30201955.0,Khách VIP,0.002
C00137,38,Nam,Đà Nẵng,34,0,0,1.0,33.0,35347000.0,Khách VIP,0.001
C00138,36,Nữ,TP HCM,17,0,0,7.0,29.0,25877600.0,Khách VIP,0.002
C00139,47,Nữ,TP HCM,60,0,0,15.0,26.0,14923150.0,Khách VIP,0.001
C00140,30,Nữ,Đà Nẵng,17,3,0,7.0,29.0,26510158.0,Khách VIP,0.008
C00141,55,Nữ,Hải Phòng,13,2,0,51.0,33.0,33727050.0,Trung bình,0.002
C00142,24,Nam,Cần Thơ,23,4,0,3.0,31.0,48124109.0,Khách VIP,0.008
C00143,38,Nam,TP HCM,51,3,0,8.0,42.0,38021900.0,Khách VIP,0.0
C00144,60,Nữ,Đà Nẵng,15,0,0,14.0,30.0,27375259.0,Khách VIP,0.002
C00145,36,Nữ,Đà Nẵng,16,1,0,14.0,28.0,23313100.0,Khách VIP,0.004
C00146,26,Nữ,Cần Thơ,60,0,0,18.0,36.0,38140650.0,Khách VIP,0.0
C00147,54,Nam,Cần Thơ,41,1,0,16.0,32.0,38451834.0,Khách VIP,0.001
C00148,49,Nam,Hải Phòng,32,0,0,5.0,34.0,25716700.0,Khách VIP,0.0
C00149,52,Nam,Cần Thơ,39,3,0,29.0,30.0,23519550.0,Khách VIP,0.003
C00150,47,Nam,Đà Nẵng,18,3,0,8.0,26.0,32332739.847608235,Khách VIP,0.016
C00151,19,Nữ,Cần Thơ,3,2,0,7.0,31.0,27085100.0,Khách VIP,0.005
C00152,66,Nữ,Hải Phòng,27,0,0,34.0,27.0,25967700.0,Trung bình,0.002
C00153,20,Nam,TP HCM,32,3,0,2.0,24.0,16133700.0,Khách VIP,0.016
C00154,67,Nữ,Hải Phòng,43,2,0,1.0,22.0,24018600.0,Khách VIP,0.01
C00155,57,Nam,Đà Nẵng,56,3,0,8.0,31.0,24203100.0,Khách VIP,0.001
C00156,58,Nam,TP HCM,2,2,0,42.0,21.0,20506700.0,Trung bình,0.05
C00157,60,Nữ,Đà Nẵng,53,0,0,6.0,35.0,33298600.0,Khách VIP,0.0
C00158,68,Nam,Đà Nẵng,52,1,0,4.0,32.0,25375750.0,Khách VIP,0.001
C00159,22,Nam,TP HCM,56,0,0,6.0,25.0,29320450.0,Khách VIP,0.002
C00160,38,Nam,Hải Phòng,42,2,0,34.0,35.0,34225250.0,Trung bình,0.001
C00161,34,Nữ,TP HCM,8,0,0,8.0,29.0,25411400.0,Khách VIP,0.003
C00162,60,Nam,TP HCM,2,1,0,1.0,29.0,32816550.0,Khách VIP,0.006
C00163,58,Nữ,Đà Nẵng,30,2,0,4.0,33.0,23311900.0,Khách VIP,0.001
C00164,35,Nam,Hà Nội,7,2,0,5.0,33.0,45039309.281611145,Khách VIP,0.003
C00165,57,Nam,TP HCM,52,1,0,2.0,41.0,36978767.0,Khách VIP,0.0
C00166,21,Nữ,TP HCM,41,3,0,2.0,40.0,35657800.0,Khách VIP,0.0
C00167,28,Nam,Cần Thơ,7,1,0,11.0,32.0,33579000.0,Khách VIP,0.002
C00168,65,Nữ,TP HCM,59,1,0,15.0,34.0,31674550.0,Khách VIP,0.0
C00169,51,Nữ,Hải Phòng,50,1,0,7.0,34.0,31014523.0,Khách VIP,0.0
C00170,31,Nữ,Đà Nẵng,35,0,0,3.0,41.0,40599734.0,Khách VIP,0.0
C00171,24,Nữ,Cần Thơ,47,0,0,9.0,33.0,51440828.0,Khách VIP,0.0
C00172,56,Nam,Hải Phòng,36,2,0,10.0,27.0,25547000.0,Khách VIP,0.004
C00173,26,Nữ,Hà Nội,53,1,0,21.0,25.0,27344488.0,Khách VIP,0.003
C00174,22,Nam,Hà Nội,46,2,0,13.0,28.0,24038100.0,Khách VIP,0.002
C00175,66,Nữ,Hà Nội,60,1,0,6.0,39.0,40036350.0,Khách VIP,0.0
C00176,45,Nữ,Đà Nẵng,55,1,0,17.0,35.0,29129200.0,Khách VIP,0.0
C00177,44,Nam,TP HCM,4,0,0,25.0,25.0,41127299.0,Khách VIP,0.009
C00178,53,Nam,Đà Nẵng,22,2,0,6.0,28.0,26743650.0,Khách VIP,0.005
C00179,46,Nam,TP HCM,19,0,0,16.0,37.0,42882867.0,Khách VIP,0.0
C00180,57,Nam,Hà Nội,37,1,0,6.0,41.0,43929450.0,Khách VIP,0.0
C00181,29,Nữ,Hà Nội,37,0,0,8.0,33.0,39217500.0,Khách VIP,0.0
C00182,54,Nam,Cần Thơ,43,0,0,3.0,31.0,32139688.0,Khách VIP,0.001
C00183,66,Nữ,Đà Nẵng,38,0,0,6.0,29.0,58915973.0,Khách VIP,0.001
C00184,53,Nữ,Hà Nội,59,2,0,16.0,30.0,36314458.0,Khách VIP,0.001
C00185,65,Nữ,TP HCM,38,1,0,4.0,24.0,27801222.0,Khách VIP,0.006
C00186,51,Nam,Đà Nẵng,59,2,0,10.0,24.0,15759050.0,Khách VIP,0.004
C00187,25,Nam,Hà Nội,22,1,0,8.0,28.0,24268500.0,Khách VIP,0.003
C00188,30,Nữ,Đà Nẵng,22,3,0,13.0,20.0,20515900.0,Khách VIP,0.052
C00189,18,Nữ,Hà Nội,16,2,0,18.0,23.0,22893100.0,Khách VIP,0.019
C00190,60,Nữ,Hà Nội,49,3,0,4.0,32.0,33446946.0,Khách VIP,0.001
C00191,40,Nam,TP HCM,6,0,0,6.0,22.0,17176550.0,Khách VIP,0.014
C00192,40,Nữ,Hà Nội,31,0,0,16.0,24.0,24809650.0,Khách VIP,0.004
C00193,41,Nữ,Đà Nẵng,12,0,0,5.0,28.0,32884800.536917794,Khách VIP,0.003
C00194,33,Nữ,Hà Nội,43,3,0,17.0,27.0,29005560.0,Khách VIP,0.005
C00195,22,Nam,Hà Nội,2,1,0,5.0,30.0,35014698.52672256,Khách VIP,0.004
C00196,47,Nữ,TP HCM,5,5,0,12.0,20.0,22790650.0,Khách VIP,0.2
C00197,62,Nam,Hà Nội,1,1,0,20.0,22.0,10036050.0,Khách VIP,0.02
C00198,25,Nữ,TP HCM,16,2,0,12.0,25.0,20899150.0,Khách VIP,0.014
C00199,32,Nam,Cần Thơ,43,0,0,7.0,21.0,17980650.0,Khách VIP,0.005
C00200,24,Nam,TP HCM,57,2,0,2.0,26.0,18297600.0,Khách VIP,0.003
C00201,69,Nữ,TP HCM,29,0,0,5.0,34.0,43092500.0,Khách VIP,0.001
C00202,44,Nam,TP HCM,17,0,0,4.0,30.0,33735700.0,Khách VIP,0.002
C00203,43,Nữ,Hà Nội,22,4,0,16.0,24.0,25733350.0,Khách VIP,0.031
C00204,67,Nam,TP HCM,54,1,0,4.0,33.0,47645521.59038728,Khách VIP,0.001
C00205,43,Nam,TP HCM,31,2,0,37.0,25.0,28070226.0,Trung bình,0.009
C00206,27,Nam,Hà Nội,46,1,0,24.0,26.0,50222517.0,Khách VIP,0.003
C00207,40,Nam,TP HCM,36,2,0,40.0,28.0,25311800.0,Trung bình,0.004
C00208,33,Nam,TP HCM,9,3,0,18.0,26.0,28768600.0,Khách VIP,0.022
C00209,47,Nam,Hà Nội,49,0,0,5.0,17.0,25578145.0,Khách VIP,0.012
C00210,59,Nam,TP HCM,46,0,0,15.0,25.0,21554100.0,Khách VIP,0.002
C00211,23,Nam,Cần Thơ,16,1,0,1.0,31.0,27427150.0,Khách VIP,0.002
C00212,43,Nữ,Cần Thơ,18,0,0,7.0,18.0,28867227.0,Khách VIP,0.025
C00213,54,Nam,TP HCM,16,3,0,5.0,31.0,23800300.0,Khách VIP,0.005
C00214,46,Nữ,TP HCM,32,1,0,2.0,22.0,36865630.0,Khách VIP,0.012
C00215,64,Nữ,TP HCM,20,1,0,2.0,27.0,23343200.0,Khách VIP,0.005
C00216,36,Nam,Đà Nẵng,18,0,0,4.0,27.0,27198602.0,Khách VIP,0.003
C00217,68,Nữ,Cần Thơ,22,2,0,22.0,22.0,26479500.0,Khách VIP,0.021
C00218,64,Nữ,Hà Nội,32,2,0,6.0,31.0,43074689.56011802,Khách VIP,0.002
C00219,22,Nam,TP HCM,22,2,0,5.0,30.0,37075650.0,Khách VIP,0.004
C00220,56,Nữ,Hải Phòng,13,1,0,9.0,20.0,17840450.0,Khách VIP,0.025
C00221,65,Nữ,Cần Thơ,25,1,0,26.0,26.0,22507700.0,Khách VIP,0.005
C00222,35,Nam,Hà Nội,53,0,0,17.0,33.0,30758150.0,Khách VIP,0.0
C00223,63,Nam,TP HCM,6,0,0,31.0,27.0,24710750.0,Trung bình,0.005
C00224,35,Nữ,Hải Phòng,47,2,0,10.0,24.0,15386350.0,Khách VIP,0.006
C00225,41,Nam,TP HCM,1,1,0,40.0,27.0,31620600.0,Trung bình,0.009
C00226,58,Nam,Hà Nội,41,1,0,1.0,31.0,42054722.0,Khách VIP,0.001
C00227,44,Nữ,Hà Nội,15,0,0,68.0,27.0,24189100.0,Trung bình,0.003
C00228,37,Nữ,TP HCM,3,3,0,39.0,23.0,32278100.0,Trung bình,0.054
C00229,70,Nữ,Hà Nội,37,3,0,2.0,21.0,20931400.0,Khách VIP,0.024
C00230,28,Nữ,TP HCM,56,0,0,36.0,21.0,26704600.0,Trung bình,0.005
C00231,34,Nam,TP HCM,29,4,1,25.0,20.0,12707300.0,Khách VIP,0.066
C00232,21,Nam,Cần Thơ,28,0,0,25.0,24.0,23890800.0,Khách VIP,0.004
C00233,21,Nam,Cần Thơ,8,0,0,20.0,20.0,16068850.0,Khách VIP,0.019
C00234,55,Nữ,Đà Nẵng,41,3,0,20.0,26.0,36010056.0,Khách VIP,0.008
C00235,61,Nam,TP HCM,30,1,0,33.0,20.0,16124050.0,Trung bình,0.017
C00236,50,Nam,Hà Nội,32,1,0,13.0,27.0,31174853.0,Khách VIP,0.003
C00237,42,Nữ,Hà Nội,57,0,0,10.0,25.0,22926550.0,Khách VIP,0.001
C00238,35,Nữ,TP HCM,14,1,0,26.0,23.0,28584750.0,Khách VIP,0.016
C00239,53,Nam,Cần Thơ,25,0,0,18.0,23.0,14583200.0,Khách VIP,0.006
C00240,53,Nữ,Cần Thơ,4,0,0,1.0,29.0,26750500.0,Khách VIP,0.003
C00241,18,Nam,Cần Thơ,21,3,0,17.0,29.0,28269250.0,Khách VIP,0.007
C00242,45,Nam,TP HCM,52,1,0,5.0,17.0,19657319.0,Khách VIP,0.019
C00243,62,Nữ,TP HCM,40,1,0,10.0,15.0,15195150.0,Khách VIP,0.04
C00244,25,Nam,Hải Phòng,55,3,0,26.0,22.0,21198900.0,Khách VIP,0.012
C00245,27,Nữ,Hà Nội,47,0,0,14.0,18.0,16755983.0,Khách VIP,0.009
C00246,35,Nam,Cần Thơ,13,3,0,17.0,23.0,19646200.0,Khách VIP,0.032
C00247,45,Nam,Đà Nẵng,50,1,0,11.0,16.0,17100550.0,Khách VIP,0.023
C00248,24,Nữ,TP HCM,3,0,0,3.0,24.0,21650950.0,Khách VIP,0.01
C00249,33,Nữ,Hà Nội,26,2,0,7.0,21.0,35864395.0,Khách VIP,0.025
C00250,33,Nam,Hải Phòng,57,0,0,3.0,13.0,16706200.0,Khách VIP,0.022
C00251,43,Nữ,TP HCM,2,2,0,11.0,26.0,28080050.0,Khách VIP,0.017
C00252,19,Nam,Hà Nội,8,3,0,22.0,19.0,19677650.0,Khách VIP,0.088
C00253,60,Nữ,Hải Phòng,8,3,1,50.0,19.0,10925200.0,Trung bình,0.08
C00254,19,Nữ,Hải Phòng,33,4,0,7.0,31.0,36093135.0,Khách VIP,0.005
C00255,46,Nam,Hà Nội,36,2,0,10.0,23.0,14094850.0,Khách VIP,0.009
C00256,70,Nam,Đà Nẵng,36,2,0,9.0,30.0,24278150.0,Khách VIP,0.002
C00257,20,Nữ,TP HCM,60,0,0,11.0,28.0,26118150.0,Khách VIP,0.001
C00258,23,Nữ,Đà Nẵng,39,4,0,2.0,25.0,40647943.0,Khách VIP,0.019
C00259,21,Nữ,Hà Nội,47,1,0,8.0,21.0,23801950.0,Khách VIP,0.008
C00260,47,Nam,TP HCM,37,4,0,1.0,21.0,12189300.0,Khách VIP,0.041
C00261,48,Nữ,Đà Nẵng,49,4,0,1.0,19.0,13819900.0,Khách VIP,0.043
C00262,33,Nam,Đà Nẵng,25,1,0,1.0,26.0,24201800.0,Khách VIP,0.005
C00263,50,Nữ,Cần Thơ,58,2,0,11.0,26.0,20303900.0,Khách VIP,0.003
C00264,69,Nữ,Đà Nẵng,57,0,0,12.0,21.0,15906250.0,Khách VIP,0.004
C00265,66,Nam,TP HCM,57,0,0,1.0,17.0,17795350.0,Khách VIP,0.01
C00266,26,Nam,Đà Nẵng,41,1,0,48.0,24.0,38845589.0,Trung bình,0.006
C00267,68,Nam,Hà Nội,6,1,0,1.0,25.0,19265700.0,Khách VIP,0.009
C00268,32,Nam,Hà Nội,48,1,0,5.0,23.0,27984900.0,Khách VIP,0.005
C00269,66,Nam,Hà Nội,16,2,0,7.0,23.0,30058700.0,Khách VIP,0.019
C00270,70,Nam,Hải Phòng,33,0,0,40.0,20.0,16834500.0,Trung bình,0.009
C00271,19,Nam,Hà Nội,60,1,0,7.0,24.0,22358850.0,Khách VIP,0.003
C00272,46,Nữ,Hà Nội,4,0,0,24.0,27.0,24052250.0,Khách VIP,0.004
C00273,40,Nữ,TP HCM,5,1,0,11.0,25.0,39068827.0,Khách VIP,0.014
C00274,46,Nữ,Hải Phòng,43,1,0,31.0,14.0,17751050.0,Trung bình,0.041
C00275,40,Nữ,Đà Nẵng,36,0,0,8.0,29.0,22147564.328399036,Khách VIP,0.001
C00276,41,Nam,TP HCM,15,1,0,35.0,20.0,14128650.0,Trung bình,0.027
C00277,64,Nữ,TP HCM,37,0,0,6.0,23.0,25412700.0,Khách VIP,0.005
C00278,18,Nữ,TP HCM,54,1,0,4.0,31.0,41189353.0,Khách VIP,0.001
C00279,66,Nam,Hà Nội,4,1,0,31.0,19.0,22734600.0,Trung bình,0.041
C00280,44,Nam,Hà Nội,18,3,0,10.0,23.0,19546900.0,Khách VIP,0.026
C00281,50,Nam,TP HCM,23,3,0,12.0,22.0,20236850.0,Khách VIP,0.034
C00282,55,Nữ,Hà Nội,24,1,0,6.0,30.0,36495600.0,Khách VIP,0.002
C00283,44,Nữ,Hà Nội,24,1,0,21.0,19.0,20647130.980218377,Khách VIP,0.023
C00284,19,Nam,TP HCM,27,1,0,2.0,30.0,40309553.0,Khách VIP,0.002
C00285,33,Nam,TP HCM,8,1,0,3.0,23.0,18335250.0,Khách VIP,0.017
C00286,47,Nam,Hải Phòng,38,2,1,29.0,24.0,21041650.0,Khách VIP,0.008
C00287,54,Nam,Đà Nẵng,38,1,0,15.0,15.0,11590900.0,Khách VIP,0.038
C00288,57,Nữ,Hà Nội,31,0,0,34.0,15.0,12334950.0,Trung bình,0.028
C00289,24,Nam,TP HCM,30,0,0,4.0,27.0,21018300.0,Khách VIP,0.002
C00290,43,Nữ,Đà Nẵng,26,0,0,4.0,23.0,23502050.0,Khách VIP,0.006
C00291,62,Nữ,Cần Thơ,36,1,0,21.0,19.0,14272350.0,Khách VIP,0.016
C00292,22,Nam,Hải Phòng,30,0,0,11.0,19.0,14838200.0,Khách VIP,0.012
C00293,31,Nữ,Cần Thơ,44,1,0,11.0,31.0,37407350.0,Khách VIP,0.001
C00294,36,Nữ,Cần Thơ,14,1,0,6.0,23.0,15468700.0,Khách VIP,0.012
C00295,42,Nam,Hải Phòng,56,2,0,2.0,18.0,22590150.0,Khách VIP,0.018
C00296,48,Nam,Hà Nội,58,1,0,4.0,21.0,13495850.0,Khách VIP,0.005
C00297,44,Nam,TP HCM,42,2,0,12.0,23.0,23205150.0,Khách VIP,0.01
C00298,25,Nam,Hải Phòng,8,2,0,15.0,25.0,19969150.0,Khách VIP,0.015
C00299,62,Nữ,Hà Nội,31,2,0,23.0,27.0,23508815.0,Khách VIP,0.005
C00300,31,Nam,Đà Nẵng,58,2,0,9.0,24.0,27618250.0,Khách VIP,0.005
C00301,29,Nữ,Hà Nội,55,0,0,36.0,12.0,11207350.0,Trung bình,0.028
C00302,20,Nam,Hà Nội,2,0,0,8.0,17.0,18154050.0,Khách VIP,0.044
C00303,37,Nam,Hải Phòng,5,0,0,26.0,23.0,34689249.0,Khách VIP,0.012
C00304,24,Nữ,TP HCM,28,1,0,21.0,21.0,22405950.0,Khách VIP,0.016
C00305,54,Nam,Hà Nội,6,0,0,1.0,28.0,24120750.0,Khách VIP,0.003
C00306,36,Nữ,Hà Nội,26,0,1,39.0,16.0,15891550.0,Trung bình,0.027
C00307,52,Nam,TP HCM,13,0,0,35.0,20.0,16277514.0,Trung bình,0.018
C00308,19,Nữ,TP HCM,13,0,0,1.0,26.0,27545300.0,Khách VIP,0.005
C00309,63,Nữ,Cần Thơ,58,2,0,106.0,8.0,5977300.0,Trung bình,0.142
C00310,43,Nam,TP HCM,55,2,0,24.0,27.0,14811150.0,Khách VIP,0.003
C00311,29,Nữ,Đà Nẵng,26,0,0,6.0,19.0,15600000.0,Khách VIP,0.015
C00312,32,Nam,TP HCM,35,3,0,4.0,21.0,30410160.0,Khách VIP,0.033
C00313,44,Nam,Hải Phòng,42,1,0,16.0,21.0,16358000.0,Khách VIP,0.008
C00314,68,Nam,TP HCM,25,1,0,50.0,26.0,33191553.153186284,Trung bình,0.006
C00315,25,Nam,Hải Phòng,38,2,0,4.0,26.0,49979090.0,Khách VIP,0.006
C00316,30,Nam,TP HCM,59,1,0,23.0,22.0,23584650.0,Khách VIP,0.005
C00317,23,Nam,Hải Phòng,7,1,0,7.0,17.0,14752600.0,Khách VIP,0.057
C00318,22,Nam,Hải Phòng,10,1,0,1.0,23.0,17988900.0,Khách VIP,0.014
C00319,25,Nam,Cần Thơ,30,1,0,1.0,17.0,12735650.0,Khách VIP,0.03
C00320,44,Nữ,Cần Thơ,36,2,0,5.0,20.0,22120833.0,Khách VIP,0.021
C00321,23,Nam,Hà Nội,29,0,0,3.0,23.0,23428300.0,Khách VIP,0.005
C00322,67,Nữ,TP HCM,52,1,0,3.0,28.0,31610450.0,Khách VIP,0.002
C00323,66,Nữ,Hà Nội,31,2,0,23.0,18.0,33682600.0,Khách VIP,0.041
C00324,43,Nam,TP HCM,19,1,0,1.0,22.0,21078000.0,Khách VIP,0.016
C00325,46,Nữ,Đà Nẵng,16,2,0,39.0,13.0,14866550.0,Trung bình,0.17
C00326,32,Nam,TP HCM,57,1,0,7.0,17.0,14085800.0,Khách VIP,0.016
C00327,67,Nữ,TP HCM,4,1,0,18.0,21.0,26260950.0,Khách VIP,0.032
C00328,24,Nữ,Đà Nẵng,21,0,0,13.0,21.0,28972267.150696237,Khách VIP,0.012
C00329,34,Nam,Hải Phòng,40,1,0,1.0,19.0,21125800.0,Khách VIP,0.015
C00330,64,Nam,TP HCM,9,2,0,28.0,25.0,31536200.0,Khách VIP,0.018
C00331,50,Nữ,TP HCM,24,0,0,9.0,19.0,22593200.0,Khách VIP,0.018
C00332,68,Nam,TP HCM,35,1,0,2.0,25.0,20310550.0,Khách VIP,0.005
C00333,49,Nam,Đà Nẵng,50,3,0,62.0,20.0,21581750.0,Trung bình,0.023
C00334,30,Nữ,Cần Thơ,55,3,0,16.0,21.0,34320345.0,Khách VIP,0.017
C00335,69,Nam,TP HCM,37,0,0,7.0,16.0,19052050.0,Khách VIP,0.023
C00336,21,Nam,Hà Nội,34,2,0,3.0,19.0,20827039.0,Khách VIP,0.027
C00337,45,Nữ,Hải Phòng,49,2,0,11.0,19.0,20094600.0,Khách VIP,0.017
C00338,30,Nam,Hà Nội,60,0,0,2.0,23.0,14602400.0,Khách VIP,0.002
C00339,34,Nữ,Đà Nẵng,60,4,0,7.0,13.0,11557650.0,Khách VIP,0.117
C00340,32,Nữ,TP HCM,29,0,0,1.0,23.0,23514719.0,Khách VIP,0.006
C00341,48,Nữ,TP HCM,10,1,0,17.0,22.0,20231590.0,Khách VIP,0.021
C00342,70,Nữ,TP HCM,34,0,0,23.0,8.0,11042085.0,Đang hoạt động,0.138
C00343,54,Nam,TP HCM,42,1,0,6.0,11.0,9742950.0,Khách VIP,0.088
C00344,33,Nữ,TP HCM,56,1,0,3.0,19.0,20723750.0,Khách VIP,0.011
C00345,69,Nữ,TP HCM,54,1,0,2.0,15.0,19234350.0,Khách VIP,0.028
C00346,25,Nữ,Đà Nẵng,60,3,0,13.0,17.0,19813200.0,Khách VIP,0.034
C00347,37,Nam,Hà Nội,59,1,0,33.0,18.0,12008600.0,Trung bình,0.01
C00348,40,Nữ,TP HCM,19,1,0,26.0,17.0,26298400.0,Khách VIP,0.053
C00349,66,Nữ,TP HCM,40,0,0,27.0,22.0,17643650.0,Khách VIP,0.005
C00350,18,Nữ,Hà Nội,17,0,0,5.0,15.0,18486450.0,Khách VIP,0.045
C00351,54,Nam,TP HCM,58,1,0,6.0,27.0,29434350.0,Khách VIP,0.002
C00352,59,Nữ,TP HCM,34,0,0,5.0,30.0,20404900.0,Khách VIP,0.001
C00353,43,Nam,Hà Nội,46,0,0,21.0,24.0,21046100.0,Khách VIP,0.002
C00354,56,Nam,Đà Nẵng,6,0,0,19.0,18.0,21926400.0,Khách VIP,0.034
C00355,66,Nữ,TP HCM,27,0,0,6.0,22.0,16832350.0,Khách VIP,0.008
C00356,60,Nam,TP HCM,30,3,0,4.0,21.0,27382880.0,Khách VIP,0.037
C00357,21,Nữ,TP HCM,5,0,0,34.0,23.0,32135269.0,Trung bình,0.014
C00358,31,Nữ,Hải Phòng,6,0,0,1.0,22.0,25588800.0,Khách VIP,0.013
C00359,64,Nam,Hà Nội,27,0,0,50.0,25.0,19117300.0,Trung bình,0.003
C00360,56,Nữ,Hải Phòng,16,0,0,17.0,24.0,25524250.0,Khách VIP,0.006
C00361,34,Nam,Hà Nội,13,1,0,1.0,20.0,17272500.0,Khách VIP,0.025
C00362,61,Nữ,Hải Phòng,11,1,0,47.0,13.0,12802200.0,Trung bình,0.118
C00363,43,Nam,Hà Nội,23,0,0,20.0,23.0,19235600.0,Khách VIP,0.006
C00364,62,Nữ,TP HCM,16,0,0,4.0,16.0,13738850.0,Khách VIP,0.041
C00365,68,Nữ,Hà Nội,35,3,0,12.0,17.0,15869300.0,Khách VIP,0.06
C00366,50,Nam,Hà Nội,7,0,0,12.0,14.0,27184918.0,Khách VIP,0.079
C00367,62,Nam,Đà Nẵng,52,1,0,65.0,11.0,8990550.0,Trung bình,0.062
C00368,20,Nữ,Cần Thơ,56,1,0,50.0,22.0,21658150.0,Trung bình,0.005
C00369,25,Nữ,Hải Phòng,54,2,0,7.0,21.0,15110750.0,Khách VIP,0.009
C00370,56,Nữ,TP HCM,35,0,0,30.0,19.0,14350600.0,Khách VIP,0.012
C00371,64,Nữ,TP HCM,14,0,0,1.0,13.0,13213900.0,Khách VIP,0.084
C00372,36,Nam,Cần Thơ,8,0,0,1.0,24.0,21114200.0,Khách VIP,0.008
C00373,47,Nữ,Hà Nội,50,2,0,9.0,30.0,28298011.0,Khách VIP,0.001
C00374,22,Nam,TP HCM,34,1,1,39.0,11.0,10122700.0,Trung bình,0.113
C00375,48,Nữ,TP HCM,6,2,0,9.0,10.0,10315250.0,Khách VIP,0.367
C00376,40,Nam,Hải Phòng,36,0,0,2.0,25.0,20752300.0,Khách VIP,0.003
C00377,32,Nam,Đà Nẵng,31,0,0,4.0,15.0,15469350.0,Khách VIP,0.032
C00378,36,Nam,TP HCM,46,0,0,60.0,16.0,30001823.0,Trung bình,0.02
C00379,53,Nam,TP HCM,31,1,0,3.0,15.0,22534400.0,Khách VIP,0.056
C00380,49,Nam,Hà Nội,58,2,0,22.0,19.0,20987700.0,Khách VIP,0.013
C00381,40,Nam,Đà Nẵng,59,0,1,37.0,20.0,16800050.0,Trung bình,0.004
C00382,25,Nữ,Hà Nội,36,1,0,9.0,26.0,23236450.0,Khách VIP,0.003
C00383,68,Nam,TP HCM,58,2,0,7.0,16.0,17162000.0,Khách VIP,0.03
C00384,67,Nữ,Đà Nẵng,30,2,0,31.0,15.0,19237600.0,Trung bình,0.079
C00385,49,Nữ,Hà Nội,47,1,0,11.0,18.0,14353150.0,Khách VIP,0.014
C00386,67,Nam,Hà Nội,3,0,0,24.0,13.0,11255850.0,Khách VIP,0.095
C00387,42,Nam,TP HCM,9,1,0,13.0,15.0,11394350.0,Khách VIP,0.094
C00388,49,Nam,TP HCM,53,3,0,5.0,20.0,30249702.0,Khách VIP,0.025
C00389,50,Nam,Đà Nẵng,9,0,0,5.0,16.0,17580550.0,Khách VIP,0.048
C00390,56,Nam,Hà Nội,52,3,0,48.0,19.0,15004300.0,Trung bình,0.023
C00391,26,Nam,TP HCM,27,1,0,14.0,18.0,16410400.0,Khách VIP,0.031
C00392,31,Nữ,TP HCM,15,1,0,21.0,18.0,11869300.0,Khách VIP,0.042
C00393,24,Nam,Hải Phòng,25,1,0,6.0,15.0,11340300.0,Khách VIP,0.052
C00394,32,Nữ,Hà Nội,47,1,0,20.0,22.0,17975107.0,Khách VIP,0.006
C00395,21,Nữ,TP HCM,27,0,0,60.0,14.0,18512700.0,Trung bình,0.05
C00396,36,Nữ,TP HCM,29,5,0,3.0,19.0,15683850.0,Khách VIP,0.127
C00397,22,Nữ,TP HCM,19,1,0,22.0,20.0,24879692.176480502,Khách VIP,0.027
C00398,24,Nữ,TP HCM,2,4,0,58.0,10.0,13432550.0,Trung bình,0.632
C00399,21,Nam,TP HCM,38,2,0,15.0,25.0,32526336.0,Khách VIP,0.008
C00400,70,Nam,Hà Nội,11,1,0,30.0,22.0,17371400.0,Khách VIP,0.016
C00401,65,Nam,TP HCM,48,3,0,24.0,15.0,12522850.0,Khách VIP,0.074
C00402,61,Nữ,Hà Nội,46,1,0,11.0,18.0,13695350.0,Khách VIP,0.014
C00403,31,Nữ,Đà Nẵng,30,1,0,16.0,18.0,15328500.0,Khách VIP,0.026
C00404,19,Nam,Hà Nội,21,3,0,3.0,20.0,20842800.0,Khách VIP,0.049
C00405,70,Nữ,TP HCM,18,1,0,12.0,21.0,26159600.0,Khách VIP,0.021
C00406,45,Nữ,Hà Nội,2,1,0,1.0,18.0,21689600.0,Khách VIP,0.055
C00407,22,Nam,Hà Nội,17,1,0,33.0,16.0,12725850.0,Trung bình,0.053
C00408,39,Nữ,Đà Nẵng,26,1,0,17.0,10.0,12538050.0,Khách VIP,0.16
C00409,57,Nữ,Hà Nội,17,2,0,18.0,24.0,18104050.0,Khách VIP,0.014
C00410,70,Nữ,Hà Nội,12,1,0,33.0,14.0,11052900.0,Trung bình,0.091
C00411,20,Nam,TP HCM,39,1,0,41.0,17.0,20200250.0,Trung bình,0.028
C00412,50,Nam,Cần Thơ,29,2,0,3.0,22.0,41414532.0,Khách VIP,0.019
C00413,43,Nam,TP HCM,7,1,0,41.0,20.0,22145700.0,Trung bình,0.036
C00414,63,Nam,TP HCM,40,0,0,23.0,15.0,7976500.0,Khách VIP,0.024
C00415,31,Nữ,Hải Phòng,58,0,0,4.0,12.0,13609100.0,Khách VIP,0.026
C00416,47,Nữ,TP HCM,25,1,0,1.0,20.0,28030871.0,Khách VIP,0.022
C00417,54,Nữ,TP HCM,17,0,0,8.0,20.0,18001400.0,Khách VIP,0.017
C00418,64,Nam,Cần Thơ,48,2,0,24.0,16.0,23883250.0,Khách VIP,0.038
C00419,35,Nam,TP HCM,41,1,0,20.0,16.0,12339900.0,Khách VIP,0.031
C00420,68,Nữ,Hà Nội,18,2,0,13.0,21.0,26730200.0,Khách VIP,0.028
C00421,31,Nữ,TP HCM,53,3,0,20.0,13.0,12282700.0,Khách VIP,0.102
C00422,49,Nữ,Cần Thơ,23,3,0,1.0,22.0,14924650.0,Khách VIP,0.029
C00423,49,Nam,TP HCM,18,0,0,4.0,23.0,22851700.0,Khách VIP,0.008
C00424,57,Nữ,Hải Phòng,34,1,0,17.0,26.0,25614650.0,Khách VIP,0.003
C00425,45,Nữ,Hà Nội,10,3,1,78.0,8.0,10863150.0,Trung bình,0.527
C00426,70,Nữ,TP HCM,39,2,0,1.0,20.0,24407752.0,Khách VIP,0.022
C00427,63,Nam,Cần Thơ,25,1,0,2.0,22.0,18427000.0,Khách VIP,0.011
C00428,47,Nữ,Hà Nội,60,1,0,20.0,14.0,10244050.0,Khách VIP,0.023
C00429,62,Nam,Đà Nẵng,1,0,0,29.0,21.0,16932050.0,Khách VIP,0.019
C00430,49,Nữ,TP HCM,50,0,0,36.0,20.0,18266600.0,Trung bình,0.006
C00431,45,Nam,Đà Nẵng,4,1,0,3.0,25.0,22474900.0,Khách VIP,0.011
C00432,23,Nam,Đà Nẵng,39,2,1,6.0,18.0,20454200.0,Khách VIP,0.032
C00433,56,Nam,TP HCM,34,2,0,34.0,12.0,6535850.0,Trung bình,0.13
C00434,43,Nam,Đà Nẵng,49,2,0,9.0,14.0,20572950.0,Khách VIP,0.059
C00435,58,Nam,Hà Nội,22,1,0,33.0,15.0,14054900.0,Trung bình,0.057
C00436,69,Nam,Hà Nội,25,2,0,23.0,20.0,32964612.0,Khách VIP,0.03
C00437,20,Nữ,TP HCM,12,2,0,4.0,11.0,9078300.0,Khách VIP,0.278
C00438,24,Nam,Đà Nẵng,12,1,1,5.0,6.0,11682000.0,Đang hoạt động,0.426
C00439,60,Nữ,Cần Thơ,32,2,0,5.0,16.0,15597050.0,Khách VIP,0.056
C00440,53,Nữ,TP HCM,54,1,0,2.0,13.0,16028100.0,Khách VIP,0.043
C00441,64,Nữ,Hải Phòng,26,1,0,52.0,14.0,12435600.0,Trung bình,0.063
C00442,39,Nữ,Hải Phòng,35,0,0,4.0,16.0,23312394.0,Khách VIP,0.022
C00443,42,Nữ,Hà Nội,13,0,0,3.0,16.0,12168750.0,Khách VIP,0.038
C00444,19,Nam,Hải Phòng,31,3,0,35.0,14.0,13649850.0,Trung bình,0.13
C00445,65,Nam,TP HCM,29,3,0,1.0,22.0,16859000.0,Khách VIP,0.027
C00446,52,Nam,Hà Nội,2,0,0,12.0,23.0,25442550.0,Khách VIP,0.012
C00447,43,Nam,Hà Nội,2,0,0,16.0,17.0,13169200.0,Khách VIP,0.041
C00448,32,Nữ,Hà Nội,5,1,0,44.0,12.0,11473400.0,Trung bình,0.169
C00449,24,Nam,Hà Nội,49,2,0,2.0,20.0,10858650.0,Khách VIP,0.013
C00450,49,Nữ,Hải Phòng,57,0,0,42.0,12.0,10385450.0,Trung bình,0.026
C00451,65,Nữ,Hà Nội,25,1,0,119.0,13.0,13109600.0,Trung bình,0.081
C00452,35,Nữ,TP HCM,19,1,0,27.0,18.0,13567650.0,Khách VIP,0.038
C00453,70,Nam,TP HCM,10,3,0,1.0,14.0,13481950.0,Khách VIP,0.241
C00454,53,Nữ,Cần Thơ,41,0,0,19.0,17.0,19926750.0,Khách VIP,0.015
C00455,44,Nam,Cần Thơ,39,2,1,20.0,20.0,13805250.0,Khách VIP,0.018
C00456,18,Nam,Hà Nội,17,4,0,33.0,24.0,29124100.0,Trung bình,0.037
C00457,39,Nam,Cần Thơ,46,1,0,7.0,17.0,21605400.0,Khách VIP,0.02
C00458,65,Nữ,Hải Phòng,44,0,0,7.0,18.0,27924441.0,Khách VIP,0.011
C00459,42,Nam,TP HCM,55,0,0,25.0,15.0,9553700.0,Khách VIP,0.016
C00460,26,Nữ,TP HCM,52,2,0,32.0,20.0,27186631.0,Trung bình,0.016
C00461,61,Nữ,TP HCM,17,1,0,31.0,15.0,10798100.0,Trung bình,0.075
C00462,50,Nữ,Cần Thơ,2,2,0,36.0,20.0,23925450.0,Trung bình,0.058
C00463,44,Nữ,TP HCM,52,0,0,24.0,14.0,14107679.0,Khách VIP,0.023
C00464,51,Nữ,Hà Nội,33,1,0,8.0,24.0,24444700.0,Khách VIP,0.006
C00465,45,Nữ,Đà Nẵng,57,3,0,67.0,12.0,13744350.0,Trung bình,0.106
C00466,45,Nữ,Hải Phòng,30,1,0,31.0,19.0,16541500.0,Trung bình,0.019
C00467,68,Nam,Hải Phòng,60,0,0,11.0,18.0,18621850.0,Khách VIP,0.006
C00468,29,Nam,TP HCM,15,0,0,27.0,17.0,12158050.0,Khách VIP,0.034
C00469,67,Nữ,Đà Nẵng,14,1,0,65.0,17.0,18550556.0,Trung bình,0.052
C00470,30,Nam,TP HCM,52,1,0,24.0,10.0,4712900.0,Khách VIP,0.081
C00471,68,Nữ,Cần Thơ,10,1,0,1.0,15.0,9939852.0,Khách VIP,0.079
C00472,58,Nữ,TP HCM,17,2,0,11.0,16.0,21022050.0,Khách VIP,0.1
C00473,60,Nữ,Hà Nội,40,0,0,44.0,18.0,12620050.0,Trung bình,0.011
C00474,52,Nam,TP HCM,15,0,0,5.0,26.0,25761050.0,Khách VIP,0.005
C00475,21,Nữ,TP HCM,53,3,0,3.0,14.0,8654500.0,Khách VIP,0.08
C00476,64,Nữ,TP HCM,35,1,0,12.0,18.0,14821700.0,Khách VIP,0.023
C00477,69,Nữ,Đà Nẵng,9,1,0,26.0,16.0,17511900.0,Khách VIP,0.073
C00478,70,Nam,Đà Nẵng,44,1,0,5.0,25.0,26178050.0,Khách VIP,0.004
C00479,42,Nam,Đà Nẵng,16,0,0,65.0,18.0,27758599.0,Trung bình,0.028
C00480,61,Nam,TP HCM,38,4,1,25.0,11.0,16331500.0,Khách VIP,0.314
C00481,40,Nữ,Hải Phòng,24,2,0,51.0,14.0,12066150.0,Trung bình,0.102
C00482,55,Nam,Hà Nội,45,0,0,9.0,19.0,17692000.0,Khách VIP,0.008
C00483,53,Nữ,Đà Nẵng,40,3,0,21.0,17.0,14641400.0,Khách VIP,0.057
C00484,45,Nam,Đà Nẵng,49,1,0,23.0,15.0,12930000.0,Khách VIP,0.028
C00485,58,Nam,TP HCM,53,2,0,31.0,12.0,13057000.0,Trung bình,0.082
C00486,41,Nam,Cần Thơ,10,5,1,20.0,12.0,10215550.0,Khách VIP,0.527
C00487,64,Nữ,Hải Phòng,7,0,0,15.0,15.0,13342300.0,Khách VIP,0.056
C00488,26,Nữ,Cần Thơ,28,0,0,4.0,16.0,16256599.0,Khách VIP,0.027
C00489,48,Nữ,Đà Nẵng,23,3,0,4.0,15.0,11904600.0,Khách VIP,0.137
C00490,65,Nữ,Hải Phòng,23,2,0,4.0,13.0,14804100.0,Khách VIP,0.13
C00491,64,Nam,Hà Nội,23,4,0,32.0,16.0,28535728.0,Trung bình,0.171
C00492,52,Nữ,Đà Nẵng,14,2,1,15.0,16.0,24718450.0,Khách VIP,0.104
C00493,44,Nam,TP HCM,56,2,0,32.0,17.0,16957350.0,Trung bình,0.026
C00494,57,Nữ,TP HCM,16,3,0,15.0,20.0,19213200.0,Khách VIP,0.065
C00495,57,Nữ,TP HCM,53,2,0,17.0,18.0,42313445.0,Khách VIP,0.028
C00496,26,Nữ,TP HCM,5,0,0,6.0,13.0,17000750.0,Khách VIP,0.113
C00497,52,Nữ,Hà Nội,32,3,0,18.0,19.0,44651997.0,Khách VIP,0.054
C00498,64,Nữ,TP HCM,15,2,0,29.0,21.0,27996550.0,Khách VIP,0.037
C00499,64,Nam,Hải Phòng,13,2,0,18.0,16.0,13973050.0,Khách VIP,0.089
C00500,22,Nữ,Hà Nội,14,0,0,22.0,13.0,12992050.0,Khách VIP,0.073
C00501,39,Nữ,TP HCM,51,1,0,25.0,10.0,9842200.0,Khách VIP,0.087
C00502,24,Nữ,Hà Nội,49,1,0,7.0,17.0,16707500.0,Khách VIP,0.017
C00503,26,Nam,Hà Nội,32,2,0,1.0,21.0,20883442.0,Khách VIP,0.018
C00504,52,Nam,TP HCM,13,0,0,49.0,16.0,17613900.0,Trung bình,0.046
C00505,69,Nam,TP HCM,52,0,0,1.0,12.0,7775550.0,Khách VIP,0.034
C00506,50,Nam,Hà Nội,60,3,0,5.0,12.0,23690976.65232857,Khách VIP,0.096
C00507,44,Nam,Đà Nẵng,41,2,0,18.0,11.0,9109400.0,Khách VIP,0.127
C00508,55,Nam,Hải Phòng,27,1,0,18.0,12.0,9207600.0,Khách VIP,0.092
C00509,45,Nam,TP HCM,52,2,0,3.0,10.0,9993450.0,Khách VIP,0.126
C00510,67,Nữ,Đà Nẵng,57,2,0,26.0,15.0,16765450.0,Khách VIP,0.036
C00511,26,Nam,Hà Nội,11,2,0,4.0,11.0,9266300.0,Khách VIP,0.249
C00512,50,Nam,Hải Phòng,57,3,0,1.0,14.0,19234700.0,Khách VIP,0.065
C00513,33,Nam,TP HCM,29,0,0,46.0,10.0,9695750.0,Trung bình,0.105
C00514,37,Nam,Cần Thơ,30,2,0,5.0,19.0,16946050.0,Khách VIP,0.031
C00515,66,Nữ,Hải Phòng,2,1,0,1.0,24.0,29201300.0,Khách VIP,0.015
C00516,62,Nữ,Hà Nội,18,4,0,7.0,13.0,21152948.0,Khách VIP,0.314
C00517,53,Nữ,Cần Thơ,49,2,0,5.0,14.0,15736550.0,Khách VIP,0.054
C00518,36,Nữ,TP HCM,30,1,0,7.0,15.0,16543000.0,Khách VIP,0.055
C00519,22,Nữ,Hà Nội,13,2,0,13.0,10.0,10727300.0,Khách VIP,0.288
C00520,36,Nữ,Hải Phòng,29,0,0,5.0,16.0,24498331.0,Khách VIP,0.027
C00521,24,Nam,Cần Thơ,13,1,0,29.0,14.0,27228078.0,Khách VIP,0.107
C00522,24,Nữ,Hà Nội,34,0,0,4.0,21.0,27787333.3274293,Khách VIP,0.007
C00523,39,Nam,Đà Nẵng,58,2,0,47.0,13.0,11146550.0,Trung bình,0.053
C00524,51,Nữ,Đà Nẵng,26,0,1,13.0,18.0,16563500.0,Khách VIP,0.018
C00525,25,Nam,TP HCM,22,1,0,70.0,14.0,11153200.0,Trung bình,0.083
C00526,55,Nam,Hà Nội,48,4,0,20.0,19.0,21240900.0,Khách VIP,0.043
C00527,68,Nam,Hà Nội,42,1,0,10.0,14.0,21138600.0,Khách VIP,0.042
C00528,64,Nam,TP HCM,20,3,0,2.0,15.0,20121500.0,Khách VIP,0.166
C00529,26,Nữ,TP HCM,44,2,0,31.0,12.0,8228350.0,Trung bình,0.104
C00530,46,Nam,Hà Nội,5,3,1,35.0,10.0,11024050.0,Trung bình,0.444
C00531,67,Nam,Hà Nội,3,0,0,54.0,10.0,13962850.0,Trung bình,0.179
C00532,33,Nữ,Hà Nội,16,1,0,5.0,18.0,15932250.0,Khách VIP,0.035
C00533,68,Nam,Hải Phòng,43,1,0,26.0,15.0,19250500.0,Khách VIP,0.032
C00534,68,Nữ,TP HCM,26,1,0,7.0,16.0,32421161.0,Khách VIP,0.056
C00535,57,Nam,Hải Phòng,45,2,0,22.0,14.0,16557250.0,Khách VIP,0.058
C00536,51,Nam,TP HCM,53,3,0,56.0,13.0,8547300.0,Trung bình,0.098
C00537,64,Nam,TP HCM,36,0,0,5.0,20.0,12496100.0,Khách VIP,0.009
C00538,40,Nữ,Hải Phòng,35,3,0,14.0,17.0,15163700.0,Khách VIP,0.061
C00539,37,Nữ,Hà Nội,54,2,0,1.0,11.0,9102900.0,Khách VIP,0.083
C00540,29,Nữ,TP HCM,46,2,0,2.0,17.0,25286785.0,Khách VIP,0.037
C00541,69,Nam,Hà Nội,42,3,0,30.0,12.0,11043350.0,Khách VIP,0.139
C00542,37,Nữ,TP HCM,15,1,1,28.0,15.0,10244750.0,Khách VIP,0.08
C00543,38,Nữ,Hà Nội,12,1,0,11.0,18.0,15073700.0,Khách VIP,0.039
C00544,59,Nam,Hà Nội,51,0,0,8.0,20.0,14100200.0,Khách VIP,0.005
C00545,28,Nam,Hà Nội,36,2,0,3.0,22.0,18832800.0,Khách VIP,0.013
C00546,49,Nữ,Hải Phòng,7,1,0,73.0,15.0,12420150.0,Trung bình,0.087
C00547,26,Nam,Hà Nội,21,2,0,4.0,16.0,13205155.0,Khách VIP,0.073
C00548,65,Nữ,TP HCM,27,0,0,49.0,12.0,11869750.0,Trung bình,0.072
C00549,39,Nữ,Đà Nẵng,43,2,0,19.0,16.0,11387000.0,Khách VIP,0.042
C00550,59,Nữ,Hà Nội,43,1,0,4.0,16.0,17972450.0,Khách VIP,0.026
C00551,31,Nữ,TP HCM,7,2,0,24.0,19.0,19141150.0,Khách VIP,0.069
C00552,40,Nam,Đà Nẵng,10,1,0,42.0,12.0,14681850.0,Trung bình,0.164
C00553,60,Nam,Hà Nội,38,2,0,14.0,12.0,22753908.53476356,Khách VIP,0.114
C00554,21,Nữ,Hà Nội,43,0,0,35.0,13.0,16723100.0,Trung bình,0.033
C00555,40,Nam,Hà Nội,36,1,0,5.0,13.0,13737350.0,Khách VIP,0.06
C00556,55,Nam,Hà Nội,25,3,0,8.0,16.0,13517256.0,Khách VIP,0.097
C00557,37,Nam,Cần Thơ,17,2,1,15.0,11.0,11295000.0,Khách VIP,0.226
C00558,48,Nữ,Hà Nội,36,0,0,26.0,8.0,8464100.0,Đang hoạt động,0.111
C00559,56,Nữ,Hà Nội,23,3,1,4.0,17.0,18249750.0,Khách VIP,0.087
C00560,68,Nam,TP HCM,25,0,0,2.0,24.0,34348650.0,Khách VIP,0.006
C00561,39,Nữ,Hà Nội,23,3,0,14.0,11.0,13605363.0,Khách VIP,0.275
C00562,46,Nam,Hải Phòng,46,0,0,53.0,11.0,7729556.0,Trung bình,0.044
C00563,20,Nam,TP HCM,52,2,0,10.0,12.0,17813650.0,Khách VIP,0.09
C00564,30,Nữ,Đà Nẵng,1,0,0,33.0,9.0,14054913.260280723,Trung bình,0.249
C00565,69,Nam,Hà Nội,17,1,1,9.0,8.0,11755450.0,Đang hoạt động,0.261
C00566,26,Nam,Đà Nẵng,32,1,0,4.0,19.0,25929428.0,Khách VIP,0.021
C00567,36,Nam,Cần Thơ,18,3,0,53.0,16.0,16431750.0,Trung bình,0.127
C00568,48,Nam,Hà Nội,18,1,0,8.0,21.0,20667300.0,Khách VIP,0.017
C00569,37,Nữ,Đà Nẵng,10,2,0,40.0,18.0,16109650.0,Trung bình,0.071
C00570,48,Nữ,Hà Nội,15,0,0,32.0,16.0,16050850.0,Trung bình,0.037
C00571,36,Nữ,Hà Nội,7,1,0,10.0,14.0,12582700.0,Khách VIP,0.107
C00572,64,Nữ,Đà Nẵng,53,1,0,11.0,16.0,18760900.0,Khách VIP,0.021
C00573,51,Nam,TP HCM,29,1,0,16.0,13.0,11387650.0,Khách VIP,0.083
C00574,57,Nữ,Hà Nội,18,0,0,24.0,14.0,22894350.0,Khách VIP,0.056
C00575,33,Nữ,Hà Nội,57,2,0,11.0,13.0,11025850.0,Khách VIP,0.05
C00576,52,Nam,Đà Nẵng,30,0,0,53.0,16.0,40907404.59164272,Trung bình,0.032
C00577,54,Nữ,TP HCM,28,1,0,59.0,11.0,9881050.0,Trung bình,0.13
C00578,68,Nam,Hải Phòng,28,1,0,15.0,16.0,12601400.0,Khách VIP,0.037
C00579,56,Nữ,TP HCM,34,0,0,5.0,18.0,14949850.0,Khách VIP,0.015
C00580,66,Nữ,Cần Thơ,45,0,0,57.0,17.0,19832800.0,Trung bình,0.013
C00581,40,Nữ,TP HCM,30,0,0,58.0,14.0,15134800.0,Trung bình,0.044
C00582,64,Nữ,Hà Nội,13,1,0,47.0,10.0,5359050.0,Trung bình,0.192
C00583,67,Nam,TP HCM,46,1,0,2.0,17.0,12589250.0,Khách VIP,0.021
C00584,55,Nam,TP HCM,23,2,0,40.0,15.0,21258700.0,Trung bình,0.105
C00585,24,Nữ,Cần Thơ,12,2,0,18.0,15.0,10846750.0,Khách VIP,0.118
C00586,62,Nam,Cần Thơ,8,1,0,14.0,13.0,11898500.0,Khách VIP,0.13
C00587,61,Nam,Hà Nội,55,3,0,3.0,10.0,13797200.0,Khách VIP,0.153
C00588,43,Nữ,Cần Thơ,43,1,0,11.0,15.0,11965550.0,Khách VIP,0.032
C00589,40,Nam,Hà Nội,54,1,0,31.0,24.0,23316250.0,Trung bình,0.003
C00590,68,Nữ,Đà Nẵng,57,1,0,52.0,21.0,19036000.0,Trung bình,0.006
C00591,21,Nam,Cần Thơ,36,4,0,24.0,9.0,12462950.0,Đang hoạt động,0.404
C00592,43,Nam,TP HCM,56,2,1,29.0,13.0,9115400.0,Khách VIP,0.059
C00593,38,Nam,Hà Nội,16,3,1,20.0,12.0,13343850.0,Khách VIP,0.269
C00594,30,Nữ,TP HCM,38,1,0,11.0,11.0,6176500.0,Khách VIP,0.098
C00595,64,Nữ,TP HCM,4,0,0,11.0,12.0,12079900.0,Khách VIP,0.134
C00596,26,Nữ,TP HCM,18,0,0,1.0,18.0,16447100.0,Khách VIP,0.026
C00597,68,Nam,Cần Thơ,29,1,0,27.0,18.0,28107026.0,Khách VIP,0.028
C00598,49,Nam,TP HCM,58,1,0,61.0,19.0,24079400.0,Trung bình,0.01
C00599,48,Nữ,TP HCM,25,2,0,1.0,13.0,15943150.0,Khách VIP,0.145
C00600,63,Nam,TP HCM,43,1,0,2.0,13.0,10898850.0,Khách VIP,0.056
C00601,18,Nam,TP HCM,1,1,0,27.0,16.0,16922600.0,Khách VIP,0.101
C00602,29,Nam,Hà Nội,42,0,1,19.0,10.0,7822750.0,Khách VIP,0.061
C00603,26,Nữ,TP HCM,41,1,0,25.0,10.0,6770500.0,Khách VIP,0.112
C00604,67,Nam,Đà Nẵng,12,2,0,20.0,16.0,17308350.0,Khách VIP,0.102
C00605,55,Nam,Hà Nội,6,0,0,65.0,12.0,14017600.0,Trung bình,0.112
C00606,60,Nam,Hà Nội,43,1,0,17.0,16.0,18241150.0,Khách VIP,0.026
C00607,27,Nam,Hà Nội,8,1,1,1.0,12.0,9708700.0,Khách VIP,0.154
C00608,64,Nữ,TP HCM,21,2,0,54.0,11.0,13682500.0,Trung bình,0.231
C00609,27,Nam,Cần Thơ,10,4,1,209.0,2.0,1670750.0,Đã ngủ đông,0.878
C00610,47,Nữ,Hà Nội,39,3,1,3.0,15.0,20471650.0,Khách VIP,0.088
C00611,42,Nam,TP HCM,55,1,0,2.0,12.0,12398350.0,Khách VIP,0.051
C00612,22,Nam,Hà Nội,29,3,0,31.0,10.0,5808000.0,Trung bình,0.274
C00613,38,Nữ,Hà Nội,1,0,0,3.0,20.0,25489200.0,Khách VIP,0.024
C00614,65,Nam,Hà Nội,59,3,0,10.0,14.0,9868300.0,Khách VIP,0.056
C00615,68,Nữ,Hà Nội,56,1,0,14.0,12.0,12508050.0,Khách VIP,0.041
C00616,30,Nam,Đà Nẵng,17,0,0,5.0,13.0,7647100.0,Khách VIP,0.069
C00617,43,Nữ,Hà Nội,7,3,0,16.0,13.0,12452350.0,Khách VIP,0.274
C00618,22,Nam,Đà Nẵng,21,0,0,11.0,20.0,23144200.0,Khách VIP,0.014
C00619,48,Nữ,Hà Nội,8,0,0,3.0,15.0,12617787.0,Khách VIP,0.055
C00620,58,Nữ,Đà Nẵng,17,0,0,86.0,12.0,7510400.0,Trung bình,0.086
C00621,67,Nam,Đà Nẵng,11,0,0,7.0,9.0,11534450.0,Đang hoạt động,0.188
C00622,23,Nam,TP HCM,22,0,0,6.0,14.0,18866350.0,Khách VIP,0.058
C00623,49,Nữ,Đà Nẵng,12,0,0,92.0,11.0,15117750.0,Trung bình,0.13
C00624,46,Nữ,TP HCM,7,1,0,6.0,23.0,33227617.0,Khách VIP,0.02
C00625,54,Nữ,Hà Nội,43,2,0,17.0,17.0,17419900.0,Khách VIP,0.032
C00626,48,Nữ,Đà Nẵng,49,3,0,3.0,19.0,17890300.0,Khách VIP,0.029
C00627,31,Nam,Hà Nội,53,0,0,12.0,17.0,10003150.0,Khách VIP,0.009
C00628,59,Nữ,TP HCM,5,2,0,13.0,16.0,10075000.0,Khách VIP,0.126
C00629,59,Nam,TP HCM,47,3,0,22.0,11.0,6906450.0,Khách VIP,0.169
C00630,34,Nam,Đà Nẵng,44,1,0,8.0,11.0,8308100.0,Khách VIP,0.078
C00631,29,Nam,Hà Nội,32,1,0,147.0,11.0,15565500.0,Đã ngủ đông,0.108
C00632,61,Nam,Hải Phòng,33,0,0,43.0,6.0,7159950.0,Trung bình,0.177
C00633,20,Nữ,Hải Phòng,2,0,0,2.0,10.0,14539850.0,Khách VIP,0.189
C00634,55,Nam,Cần Thơ,49,3,0,3.0,19.0,26118500.0,Khách VIP,0.029
C00635,31,Nữ,Hải Phòng,47,3,0,28.0,14.0,12053300.0,Khách VIP,0.083
C00636,18,Nữ,Hà Nội,43,1,0,17.0,15.0,11022050.0,Khách VIP,0.031
C00637,52,Nam,Hải Phòng,19,1,0,7.0,16.0,11909960.0,Khách VIP,0.049
C00638,52,Nam,Cần Thơ,6,0,0,39.0,16.0,15299400.0,Trung bình,0.049
C00639,70,Nam,Đà Nẵng,48,2,0,92.0,9.0,7422800.0,Trung bình,0.156
C00640,66,Nam,Hà Nội,35,3,0,17.0,15.0,10230450.0,Khách VIP,0.089
C00641,36,Nữ,Hà Nội,60,1,0,6.0,13.0,7844500.0,Khách VIP,0.029
C00642,39,Nam,TP HCM,36,3,0,25.0,9.0,25062450.0,Đang hoạt động,0.351
C00643,51,Nam,Đà Nẵng,19,3,0,7.0,14.0,17200350.0,Khách VIP,0.19
C00644,24,Nữ,TP HCM,27,1,0,20.0,16.0,14989650.0,Khách VIP,0.048
C00645,56,Nữ,Hà Nội,26,1,0,20.0,17.0,19610800.0,Khách VIP,0.034
C00646,32,Nữ,Hà Nội,17,2,0,2.0,16.0,12042150.0,Khách VIP,0.08
C00647,39,Nam,Hà Nội,27,2,1,1.0,11.0,13276400.0,Khách VIP,0.174
C00648,47,Nữ,TP HCM,17,0,0,2.0,19.0,20650700.0,Khách VIP,0.021
C00649,67,Nữ,Cần Thơ,24,4,1,84.0,10.0,6876750.0,Trung bình,0.418
C00650,30,Nam,Hải Phòng,54,2,0,1.0,12.0,14577600.0,Khách VIP,0.07
C00651,33,Nam,Hải Phòng,30,2,0,35.0,17.0,19342880.0,Trung bình,0.048
C00652,18,Nữ,Đà Nẵng,32,1,0,9.0,12.0,13935400.0,Khách VIP,0.093
C00653,19,Nam,TP HCM,49,2,0,5.0,15.0,8747650.0,Khách VIP,0.047
C00654,41,Nam,Hải Phòng,15,1,0,25.0,15.0,35145304.45465544,Khách VIP,0.083
C00655,32,Nữ,TP HCM,26,2,0,12.0,12.0,9905500.0,Khách VIP,0.167
C00656,58,Nữ,TP HCM,5,2,0,12.0,15.0,12904500.0,Khách VIP,0.157
C00657,64,Nữ,TP HCM,3,1,0,9.0,14.0,17871050.0,Khách VIP,0.142
C00658,27,Nữ,Đà Nẵng,21,2,0,17.0,16.0,15540300.0,Khách VIP,0.081
C00659,59,Nam,Hải Phòng,42,1,0,19.0,17.0,21028250.0,Khách VIP,0.021
C00660,27,Nữ,TP HCM,7,2,1,22.0,13.0,14803550.0,Khách VIP,0.227
C00661,63,Nữ,Cần Thơ,34,0,0,8.0,11.0,12235100.0,Khách VIP,0.065
C00662,33,Nam,TP HCM,27,1,0,4.0,13.0,31203090.0,Khách VIP,0.105
C00663,40,Nữ,TP HCM,22,3,0,13.0,18.0,18264400.0,Khách VIP,0.085
C00664,57,Nam,TP HCM,25,2,1,55.0,13.0,17221950.0,Trung bình,0.146
C00665,66,Nam,Hà Nội,41,0,0,117.0,14.0,14612558.0,Trung bình,0.027
C00666,42,Nam,Hà Nội,21,0,0,3.0,9.0,11780200.0,Đang hoạt động,0.137
C00667,42,Nam,TP HCM,4,2,1,39.0,9.0,8047800.0,Trung bình,0.434
C00668,26,Nữ,TP HCM,48,2,0,132.0,8.0,11338500.0,Đã ngủ đông,0.216
C00669,58,Nữ,TP HCM,13,0,0,18.0,9.0,7250700.0,Đang hoạt động,0.187
C00670,31,Nam,Đà Nẵng,14,2,0,2.0,5.0,2811900.0,Đang hoạt động,0.563
C00671,32,Nữ,Đà Nẵng,56,2,0,27.0,9.0,6611750.0,Đang hoạt động,0.129
C00672,59,Nam,TP HCM,16,3,0,7.0,14.0,11169250.0,Khách VIP,0.208
C00673,38,Nữ,Đà Nẵng,28,0,0,36.0,14.0,21775650.0,Trung bình,0.046
C00674,48,Nữ,Hà Nội,60,3,0,21.0,16.0,10780750.0,Khách VIP,0.036
C00675,23,Nam,TP HCM,13,1,0,4.0,11.0,8024550.0,Khách VIP,0.189
C00676,19,Nữ,TP HCM,48,2,0,7.0,9.0,10191650.0,Đang hoạt động,0.175
C00677,22,Nam,Hà Nội,32,2,0,47.0,16.0,13185650.0,Trung bình,0.054
C00678,54,Nam,TP HCM,26,0,0,17.0,15.0,12430450.0,Khách VIP,0.038
C00679,36,Nam,Cần Thơ,24,1,0,15.0,13.0,12982050.0,Khách VIP,0.087
C00680,35,Nam,TP HCM,50,1,0,29.0,11.0,16078800.0,Khách VIP,0.076
C00681,50,Nữ,Hà Nội,23,1,0,70.0,8.0,8567300.0,Trung bình,0.228
C00682,21,Nam,TP HCM,32,1,0,29.0,11.0,6494850.0,Khách VIP,0.115
C00683,53,Nam,Hà Nội,8,0,0,4.0,13.0,13179400.0,Khách VIP,0.084
C00684,59,Nữ,Đà Nẵng,33,1,0,3.0,12.0,11466650.0,Khách VIP,0.086
C00685,33,Nữ,Hà Nội,13,1,1,6.0,8.0,10562400.0,Đang hoạt động,0.289
C00686,63,Nam,Đà Nẵng,6,0,0,71.0,14.0,13454850.0,Trung bình,0.078
C00687,56,Nam,Hà Nội,45,1,0,34.0,12.0,9516900.0,Trung bình,0.056
C00688,26,Nữ,Hải Phòng,3,1,1,43.0,12.0,12980100.0,Trung bình,0.181
C00689,48,Nam,Hải Phòng,40,1,0,6.0,10.0,12761400.0,Khách VIP,0.102
C00690,57,Nữ,TP HCM,26,1,0,63.0,9.0,8478700.0,Trung bình,0.201
C00691,65,Nam,Hà Nội,12,1,0,16.0,11.0,13401950.0,Khách VIP,0.171
C00692,20,Nam,TP HCM,38,2,0,28.0,16.0,13628900.0,Khách VIP,0.053
C00693,24,Nam,TP HCM,39,1,0,28.0,9.0,8043000.0,Đang hoạt động,0.146
C00694,39,Nữ,TP HCM,35,2,0,2.0,15.0,11218250.0,Khách VIP,0.07
C00695,31,Nam,Hải Phòng,14,1,0,10.0,13.0,11771950.0,Khách VIP,0.109
C00696,24,Nữ,Hải Phòng,20,3,0,29.0,16.0,22399600.0,Khách VIP,0.123
C00697,37,Nam,TP HCM,46,1,0,66.0,12.0,10585316.0,Trung bình,0.065
C00698,70,Nữ,Hà Nội,10,0,0,35.0,16.0,11572300.0,Trung bình,0.04
C00699,18,Nữ,Hà Nội,46,2,0,32.0,11.0,12056050.0,Trung bình,0.108
C00700,49,Nữ,Hà Nội,2,0,0,24.0,12.0,6539700.0,Khách VIP,0.117
C00701,47,Nữ,Cần Thơ,37,1,0,7.0,13.0,12579850.0,Khách VIP,0.06
C00702,55,Nữ,Cần Thơ,37,0,0,22.0,13.0,9898600.0,Khách VIP,0.038
C00703,24,Nữ,TP HCM,48,2,0,32.0,16.0,17481566.0,Trung bình,0.042
C00704,67,Nữ,TP HCM,50,2,0,4.0,12.0,12141100.0,Khách VIP,0.088
C00705,46,Nam,Hà Nội,25,0,0,3.0,20.0,16000950.0,Khách VIP,0.011
C00706,56,Nam,Hà Nội,42,1,1,6.0,9.0,9449300.0,Đang hoạt động,0.115
C00707,19,Nam,Hà Nội,39,2,0,7.0,13.0,9326450.0,Khách VIP,0.082
C00708,46,Nam,Hà Nội,9,1,0,27.0,13.0,9056250.0,Khách VIP,0.121
C00709,57,Nam,TP HCM,27,0,0,8.0,18.0,10775950.0,Khách VIP,0.018
C00710,33,Nam,Đà Nẵng,38,0,0,3.0,8.0,6251350.0,Đang hoạt động,0.113
C00711,62,Nữ,TP HCM,25,0,0,1.0,12.0,15156950.0,Khách VIP,0.078
C00712,47,Nam,Hà Nội,24,1,0,84.0,15.0,11535700.0,Trung bình,0.053
C00713,47,Nam,TP HCM,18,1,0,6.0,11.0,8528700.0,Khách VIP,0.165
C00714,23,Nữ,Hải Phòng,34,0,0,8.0,12.0,22989912.0,Khách VIP,0.057
C00715,55,Nam,Hà Nội,32,2,0,33.0,9.0,10780750.0,Trung bình,0.22
C00716,60,Nam,TP HCM,1,0,1,56.0,14.0,12359500.0,Trung bình,0.096
C00717,62,Nam,Hà Nội,22,2,0,42.0,17.0,17038150.0,Trung bình,0.057
C00718,50,Nữ,Cần Thơ,26,1,0,24.0,16.0,27862047.0,Khách VIP,0.048
C00719,23,Nam,Hà Nội,46,0,0,69.0,10.0,15328150.0,Trung bình,0.059
C00720,69,Nam,Đà Nẵng,52,1,0,11.0,12.0,11746100.0,Khách VIP,0.05
C00721,60,Nam,Hải Phòng,39,3,0,5.0,9.0,10234756.0,Đang hoạt động,0.264
C00722,65,Nữ,TP HCM,22,2,0,20.0,12.0,10823800.0,Khách VIP,0.182
C00723,54,Nữ,TP HCM,18,1,0,42.0,11.0,8788400.0,Trung bình,0.166
C00724,47,Nữ,TP HCM,26,0,0,29.0,12.0,13196750.0,Khách VIP,0.076
C00725,64,Nam,Đà Nẵng,22,2,0,9.0,12.0,7211550.0,Khách VIP,0.165
C00726,60,Nữ,TP HCM,60,4,1,44.0,11.0,5549850.0,Trung bình,0.178
C00727,66,Nam,Cần Thơ,43,1,0,10.0,13.0,16226800.0,Khách VIP,0.051
C00728,48,Nam,Hà Nội,26,0,0,74.0,9.0,4709700.0,Trung bình,0.115
C00729,30,Nam,Đà Nẵng,22,1,0,9.0,15.0,10537300.0,Khách VIP,0.061
C00730,32,Nam,Hà Nội,40,1,0,15.0,15.0,15290559.0,Khách VIP,0.035
C00731,39,Nữ,TP HCM,16,2,0,12.0,12.0,15095950.0,Khách VIP,0.22
C00732,29,Nam,Cần Thơ,44,1,0,52.0,14.0,23071550.0,Trung bình,0.044
C00733,24,Nam,Cần Thơ,10,1,0,1.0,16.0,17613800.0,Khách VIP,0.07
C00734,22,Nữ,Đà Nẵng,10,1,0,16.0,19.0,21075800.0,Khách VIP,0.039
C00735,44,Nam,Hà Nội,12,5,0,38.0,9.0,6147850.0,Trung bình,0.663
C00736,32,Nữ,Hà Nội,51,0,0,89.0,10.0,12112600.0,Trung bình,0.05
C00737,60,Nữ,Hà Nội,58,1,0,14.0,11.0,10521350.0,Khách VIP,0.048
C00738,31,Nam,TP HCM,52,1,0,10.0,7.0,23985181.807985302,Đang hoạt động,0.176
C00739,52,Nam,Hải Phòng,43,1,0,39.0,10.0,11885550.0,Trung bình,0.093
C00740,65,Nữ,Hà Nội,54,1,0,6.0,15.0,14958450.0,Khách VIP,0.023
C00741,23,Nữ,Hải Phòng,4,1,0,22.0,13.0,10281700.0,Khách VIP,0.142
C00742,65,Nữ,Hà Nội,35,4,1,5.0,16.0,13206100.0,Khách VIP,0.112
C00743,52,Nam,Hải Phòng,17,3,0,23.0,13.0,10185400.0,Khách VIP,0.214
C00744,65,Nữ,TP HCM,13,0,1,47.0,11.0,9548600.0,Trung bình,0.128
C00745,67,Nam,TP HCM,28,1,0,13.0,14.0,19146600.0,Khách VIP,0.073
C00746,29,Nam,Cần Thơ,40,0,0,23.0,13.0,7135200.0,Khách VIP,0.034
C00747,24,Nam,Đà Nẵng,27,2,0,12.0,16.0,42571346.0,Khách VIP,0.086
C00748,51,Nữ,Hà Nội,18,2,0,26.0,17.0,14712850.0,Khách VIP,0.064
C00749,69,Nam,Hải Phòng,2,2,0,31.0,12.0,10768950.0,Trung bình,0.254
C00750,70,Nam,Hải Phòng,43,1,0,30.0,18.0,13272750.0,Khách VIP,0.015
C00751,66,Nam,Hà Nội,34,1,0,47.0,9.0,9514550.0,Trung bình,0.142
C00752,32,Nữ,TP HCM,48,0,0,77.0,8.0,7549100.0,Trung bình,0.095
C00753,40,Nữ,Đà Nẵng,37,3,0,66.0,12.0,13044848.0,Trung bình,0.178
C00754,27,Nữ,Cần Thơ,10,2,0,7.0,13.0,19327000.0,Khách VIP,0.197
C00755,57,Nữ,Hà Nội,35,1,0,70.0,9.0,11362800.0,Trung bình,0.142
C00756,21,Nam,Đà Nẵng,54,1,1,152.0,5.0,6393300.0,Đã ngủ đông,0.207
C00757,43,Nam,Hà Nội,56,0,0,15.0,14.0,18570850.0,Khách VIP,0.018
C00758,33,Nam,Hải Phòng,14,1,0,18.0,12.0,10772200.0,Khách VIP,0.133
C00759,49,Nữ,TP HCM,20,2,0,35.0,18.0,19247100.0,Trung bình,0.059
C00760,26,Nam,TP HCM,1,1,1,22.0,12.0,8946750.0,Khách VIP,0.21
C00761,39,Nữ,Cần Thơ,50,0,0,43.0,15.0,36498615.0,Trung bình,0.021
C00762,43,Nữ,Cần Thơ,32,3,0,5.0,10.0,6229050.0,Khách VIP,0.263
C00763,22,Nam,TP HCM,13,0,0,2.0,13.0,11014400.0,Khách VIP,0.086
C00764,55,Nam,Hải Phòng,47,1,1,40.0,11.0,9679500.0,Trung bình,0.066
C00765,49,Nam,TP HCM,8,2,1,30.0,11.0,10969600.0,Khách VIP,0.302
C00766,53,Nam,Đà Nẵng,41,1,1,12.0,9.0,11026309.186639886,Đang hoạt động,0.13
C00767,33,Nữ,Hà Nội,59,0,0,17.0,15.0,13994800.0,Khách VIP,0.013
C00768,25,Nam,Cần Thơ,8,1,1,10.0,9.0,6547400.0,Đang hoạt động,0.273
C00769,57,Nữ,Đà Nẵng,54,1,0,11.0,15.0,16698878.0,Khách VIP,0.025
C00770,23,Nam,Hải Phòng,27,2,0,18.0,15.0,17406650.0,Khách VIP,0.08
C00771,54,Nam,Hải Phòng,21,1,1,22.0,17.0,16412100.0,Khách VIP,0.038
C00772,44,Nam,Đà Nẵng,48,1,0,10.0,14.0,22942895.0,Khách VIP,0.04
C00773,58,Nam,TP HCM,3,0,0,15.0,12.0,9409600.0,Khách VIP,0.134
C00774,30,Nữ,Hà Nội,54,0,0,5.0,15.0,8875700.0,Khách VIP,0.014
C00775,62,Nam,TP HCM,26,1,0,7.0,16.0,12325650.0,Khách VIP,0.047
C00776,38,Nam,Đà Nẵng,54,1,0,11.0,16.0,13942050.0,Khách VIP,0.02
C00777,35,Nam,Hà Nội,26,0,0,84.0,10.0,7146700.0,Trung bình,0.096
C00778,51,Nam,TP HCM,25,0,0,22.0,15.0,11949900.0,Khách VIP,0.039
C00779,24,Nam,Cần Thơ,55,0,0,18.0,18.0,15363700.0,Khách VIP,0.007
C00780,52,Nữ,TP HCM,58,0,0,16.0,12.0,7710550.0,Khách VIP,0.029
C00781,39,Nam,TP HCM,39,1,1,79.0,7.0,6503000.0,Trung bình,0.213
C00782,58,Nam,Cần Thơ,27,4,1,75.0,13.0,19249570.335530102,Trung bình,0.265
C00783,26,Nữ,Đà Nẵng,55,0,0,25.0,11.0,13023700.0,Khách VIP,0.039
C00784,64,Nam,TP HCM,30,0,0,9.0,9.0,10622950.0,Đang hoạt động,0.124
C00785,55,Nam,TP HCM,5,3,0,33.0,11.0,11688200.0,Trung bình,0.429
C00786,43,Nữ,Đà Nẵng,32,3,0,2.0,12.0,12602100.0,Khách VIP,0.198
C00787,62,Nam,Đà Nẵng,53,1,0,75.0,10.0,9227500.0,Trung bình,0.075
C00788,36,Nam,Cần Thơ,4,0,0,9.0,12.0,6995250.0,Khách VIP,0.116
C00789,53,Nam,Đà Nẵng,21,0,0,2.0,9.0,13762100.0,Đang hoạt động,0.15
C00790,58,Nam,TP HCM,49,1,0,23.0,16.0,16155800.0,Khách VIP,0.025
C00791,41,Nữ,TP HCM,14,1,0,52.0,11.0,8710000.0,Trung bình,0.185
C00792,27,Nam,Hải Phòng,56,1,0,5.0,8.0,8847400.0,Đang hoạt động,0.099
C00793,47,Nam,TP HCM,44,0,0,1.0,12.0,11493950.0,Khách VIP,0.044
C00794,30,Nam,TP HCM,33,0,1,10.0,7.0,4542100.0,Đang hoạt động,0.167
C00795,44,Nam,Hải Phòng,43,1,0,39.0,19.0,38007588.0,Trung bình,0.015
C00796,33,Nam,Đà Nẵng,31,4,0,15.0,10.0,14319050.0,Khách VIP,0.397
C00797,25,Nam,Hà Nội,34,2,0,22.0,15.0,13857750.0,Khách VIP,0.063
C00798,56,Nam,Hà Nội,5,1,0,36.0,13.0,15949078.710121596,Trung bình,0.141
C00799,42,Nữ,Cần Thơ,44,0,0,13.0,10.0,9567300.0,Khách VIP,0.061
C00800,52,Nữ,TP HCM,23,2,0,98.0,13.0,8594950.0,Trung bình,0.146
C00801,59,Nam,TP HCM,11,0,1,28.0,10.0,13531115.93421959,Khách VIP,0.169
C00802,59,Nữ,TP HCM,12,1,1,16.0,12.0,12293850.0,Khách VIP,0.162
C00803,31,Nam,TP HCM,16,1,0,32.0,8.0,7920650.0,Trung bình,0.301
C00804,57,Nữ,Hà Nội,52,1,0,49.0,16.0,11095550.0,Trung bình,0.019
C00805,61,Nữ,Hà Nội,39,0,0,4.0,13.0,11129600.0,Khách VIP,0.034
C00806,37,Nữ,Hà Nội,31,0,0,11.0,9.0,6360700.0,Đang hoạt động,0.102
C00807,67,Nam,Hà Nội,6,2,1,8.0,8.0,12321800.0,Đang hoạt động,0.439
C00808,60,Nữ,Đà Nẵng,31,0,0,157.0,4.0,2921900.0,Đã ngủ đông,0.283
C00809,64,Nam,Đà Nẵng,39,1,0,9.0,12.0,6824000.0,Khách VIP,0.07
C00810,31,Nam,Cần Thơ,8,2,0,37.0,13.0,13984000.0,Trung bình,0.198
C00811,30,Nữ,Hải Phòng,32,1,0,18.0,18.0,16255650.0,Khách VIP,0.022
C00812,27,Nam,Hà Nội,33,2,0,13.0,14.0,14550200.0,Khách VIP,0.081
C00813,25,Nam,TP HCM,49,2,0,22.0,7.0,3492050.0,Đang hoạt động,0.236
C00814,51,Nữ,Hà Nội,8,2,0,27.0,13.0,14740550.0,Khách VIP,0.191
C00815,53,Nam,Đà Nẵng,56,0,0,125.0,8.0,6099569.861668259,Đã ngủ đông,0.069
C00816,64,Nữ,TP HCM,28,2,0,55.0,15.0,19452400.0,Trung bình,0.091
C00817,50,Nam,Hà Nội,37,2,0,7.0,12.0,12219010.583315134,Khách VIP,0.108
C00818,56,Nữ,Hà Nội,47,0,0,24.0,11.0,13395150.0,Khách VIP,0.044
C00819,69,Nam,TP HCM,50,0,0,13.0,15.0,17715748.0,Khách VIP,0.02
C00820,61,Nam,TP HCM,31,3,0,51.0,14.0,13348700.0,Trung bình,0.147
C00821,55,Nam,TP HCM,44,1,0,27.0,10.0,7312000.0,Khách VIP,0.102
C00822,43,Nữ,TP HCM,18,2,1,24.0,7.0,2403850.0,Đang hoạt động,0.435
C00823,63,Nam,Cần Thơ,24,2,0,7.0,11.0,12819350.0,Khách VIP,0.191
C00824,25,Nữ,Cần Thơ,32,1,0,2.0,11.0,13209200.0,Khách VIP,0.108
C00825,43,Nữ,Hà Nội,44,0,0,19.0,13.0,12849000.0,Khách VIP,0.031
C00826,55,Nữ,Hà Nội,14,1,0,11.0,9.0,12034550.0,Đang hoạt động,0.237
C00827,49,Nam,Hà Nội,8,0,0,34.0,12.0,8320200.0,Trung bình,0.101
C00828,53,Nam,Hà Nội,47,2,0,22.0,12.0,7617750.0,Khách VIP,0.079
C00829,39,Nam,Cần Thơ,45,1,0,3.0,14.0,13914900.0,Khách VIP,0.039
C00830,31,Nữ,Hải Phòng,53,2,0,47.0,18.0,27157600.0,Trung bình,0.021
C00831,57,Nam,TP HCM,43,1,1,10.0,12.0,17573800.0,Khách VIP,0.074
C00832,29,Nữ,Hải Phòng,46,2,0,3.0,16.0,19770250.0,Khách VIP,0.038
C00833,57,Nữ,Hà Nội,23,2,0,12.0,13.0,15527500.0,Khách VIP,0.131
C00834,18,Nữ,TP HCM,9,0,0,76.0,6.0,5426100.0,Trung bình,0.35
C00835,34,Nữ,Đà Nẵng,43,0,0,50.0,12.0,23341726.0,Trung bình,0.048
C00836,28,Nam,TP HCM,11,0,0,3.0,15.0,13720400.0,Khách VIP,0.06
C00837,21,Nam,TP HCM,8,3,0,41.0,9.0,12335450.0,Trung bình,0.531
C00838,50,Nam,Cần Thơ,24,3,0,2.0,9.0,10816000.0,Đang hoạt động,0.372
C00839,61,Nữ,Hà Nội,40,2,0,3.0,10.0,4789300.0,Khách VIP,0.142
C00840,53,Nam,Đà Nẵng,6,1,0,13.0,12.0,11343150.0,Khách VIP,0.174
C00841,62,Nữ,Hải Phòng,27,1,0,16.0,7.0,7472200.0,Đang hoạt động,0.244
C00842,20,Nữ,TP HCM,59,2,0,16.0,11.0,11514167.0,Khách VIP,0.088
C00843,68,Nữ,TP HCM,16,1,1,42.0,6.0,5140150.0,Trung bình,0.398
C00844,33,Nam,Đà Nẵng,46,3,0,16.0,14.0,23669500.0,Khách VIP,0.101
C00845,47,Nam,TP HCM,29,0,0,30.0,16.0,11143800.0,Khách VIP,0.028
C00846,57,Nam,TP HCM,45,0,0,3.0,10.0,35667257.48600877,Khách VIP,0.082
C00847,34,Nữ,TP HCM,32,2,0,22.0,16.0,11129100.0,Khách VIP,0.062
C00848,32,Nữ,Đà Nẵng,8,0,1,10.0,9.0,7275900.0,Đang hoạt động,0.201
C00849,70,Nam,Hải Phòng,14,1,1,48.0,10.0,7468800.0,Trung bình,0.189
C00850,46,Nam,Hải Phòng,2,3,0,8.0,13.0,10174650.0,Khách VIP,0.299
C00851,54,Nữ,Hà Nội,16,3,0,20.0,13.0,14912400.0,Khách VIP,0.226
C00852,66,Nữ,Đà Nẵng,23,1,0,7.0,17.0,9955650.0,Khách VIP,0.037
C00853,37,Nữ,TP HCM,58,1,0,14.0,14.0,20562800.0,Khách VIP,0.032
C00854,65,Nữ,Hà Nội,58,2,0,52.0,9.0,8689950.0,Trung bình,0.113
C00855,69,Nữ,Hà Nội,11,1,0,9.0,13.0,8705650.0,Khách VIP,0.113
C00856,53,Nữ,TP HCM,57,2,0,23.0,9.0,8588900.0,Đang hoạt động,0.135
C00857,25,Nữ,TP HCM,37,2,0,13.0,9.0,6185400.0,Đang hoạt động,0.221
C00858,38,Nam,Cần Thơ,3,1,0,4.0,13.0,9408750.0,Khách VIP,0.147
C00859,41,Nam,TP HCM,45,1,0,22.0,12.0,9015100.0,Khách VIP,0.066
C00860,49,Nam,Đà Nẵng,13,1,0,24.0,8.0,14923800.0,Đang hoạt động,0.314
C00861,30,Nữ,Đà Nẵng,30,2,1,3.0,8.0,9499200.0,Đang hoạt động,0.295
C00862,57,Nam,Cần Thơ,29,2,0,60.0,10.0,8324900.0,Trung bình,0.2
C00863,49,Nam,Đà Nẵng,35,3,0,57.0,11.0,10030350.0,Trung bình,0.218
C00864,55,Nữ,Hà Nội,6,1,0,38.0,14.0,16674550.0,Trung bình,0.113
C00865,33,Nữ,Hà Nội,22,1,0,32.0,12.0,8050200.0,Trung bình,0.106
C00866,21,Nam,Hải Phòng,17,2,1,9.0,7.0,7406150.0,Đang hoạt động,0.413
C00867,40,Nữ,Hải Phòng,6,1,0,1.0,16.0,11255100.0,Khách VIP,0.071
C00868,27,Nữ,Cần Thơ,2,3,0,6.0,12.0,13763100.0,Khách VIP,0.372
C00869,59,Nam,Hải Phòng,18,0,0,15.0,10.0,12373900.0,Khách VIP,0.121
C00870,22,Nữ,Hà Nội,6,5,0,40.0,12.0,13958800.0,Trung bình,0.56
C00871,52,Nam,Đà Nẵng,4,1,0,13.0,17.0,14689500.0,Khách VIP,0.066
C00872,46,Nam,Hà Nội,32,3,0,3.0,18.0,15988700.0,Khách VIP,0.053
C00873,20,Nữ,Hải Phòng,27,0,0,2.0,7.0,8827400.0,Đang hoạt động,0.175
C00874,46,Nữ,Cần Thơ,30,0,0,37.0,10.0,8541400.0,Trung bình,0.089
C00875,51,Nữ,Hà Nội,3,1,0,14.0,13.0,11891050.0,Khách VIP,0.144
C00876,44,Nam,Hải Phòng,50,3,0,14.0,11.0,15557050.0,Khách VIP,0.146
C00877,32,Nam,TP HCM,56,1,0,60.0,8.0,9735588.0,Trung bình,0.117
C00878,43,Nữ,Hải Phòng,57,0,0,1.0,12.0,15564600.0,Khách VIP,0.027
C00879,53,Nam,TP HCM,29,0,0,65.0,7.0,4937900.0,Trung bình,0.184
C00880,23,Nam,Hà Nội,10,1,1,12.0,16.0,11563450.0,Khách VIP,0.064
C00881,47,Nữ,TP HCM,24,1,0,32.0,12.0,12481000.0,Trung bình,0.12
C00882,28,Nữ,TP HCM,16,1,0,122.0,10.0,11492900.0,Đã ngủ đông,0.221
C00883,60,Nữ,Đà Nẵng,16,3,1,116.0,6.0,9688521.0,Trung bình,0.617
C00884,29,Nữ,Cần Thơ,16,1,0,14.0,8.0,21563374.735728897,Đang hoạt động,0.301
C00885,29,Nữ,Đà Nẵng,23,0,0,10.0,10.0,8223500.0,Khách VIP,0.113
C00886,40,Nam,Cần Thơ,33,1,0,14.0,13.0,11825750.0,Khách VIP,0.067
C00887,40,Nữ,TP HCM,31,0,0,8.0,13.0,11948850.0,Khách VIP,0.052
C00888,64,Nữ,Cần Thơ,25,3,0,24.0,14.0,8096150.0,Khách VIP,0.147
C00889,21,Nam,Hải Phòng,29,0,0,2.0,11.0,11964150.0,Khách VIP,0.074
C00890,70,Nữ,TP HCM,21,0,0,1.0,12.0,10482250.0,Khách VIP,0.083
C00891,20,Nữ,Hải Phòng,50,1,0,14.0,14.0,14320700.0,Khách VIP,0.033
C00892,26,Nam,TP HCM,49,0,1,128.0,11.0,7745950.0,Đã ngủ đông,0.048
C00893,22,Nữ,Hà Nội,27,1,1,1.0,6.0,5754000.0,Đang hoạt động,0.292
C00894,39,Nữ,TP HCM,57,0,0,9.0,17.0,20670980.0,Khách VIP,0.011
C00895,32,Nữ,Hà Nội,18,0,0,48.0,14.0,16350321.0,Trung bình,0.054
C00896,62,Nữ,Hải Phòng,36,3,0,32.0,15.0,19583900.0,Trung bình,0.095
C00897,20,Nữ,Cần Thơ,37,2,0,8.0,6.0,4039200.0,Đang hoạt động,0.332
C00898,67,Nữ,TP HCM,25,1,0,3.0,15.0,22234156.280603044,Khách VIP,0.065
C00899,42,Nữ,TP HCM,21,0,0,13.0,10.0,6383100.0,Khách VIP,0.125
C00900,32,Nam,Hà Nội,53,2,0,52.0,10.0,5390850.0,Trung bình,0.103
C00901,58,Nam,TP HCM,54,0,0,54.0,12.0,13024800.0,Trung bình,0.034
C00902,32,Nữ,Hà Nội,15,1,0,17.0,11.0,19775200.0,Khách VIP,0.17
C00903,56,Nữ,Hải Phòng,33,3,0,84.0,8.0,10581000.0,Trung bình,0.357
C00904,38,Nam,Hải Phòng,47,1,0,5.0,12.0,7841100.0,Khách VIP,0.052
C00905,23,Nữ,Đà Nẵng,7,1,0,20.0,17.0,22510350.0,Khách VIP,0.067
C00906,70,Nữ,Hà Nội,20,2,0,56.0,6.0,3994050.0,Trung bình,0.436
C00907,46,Nam,Đà Nẵng,13,0,0,6.0,10.0,9058500.0,Khách VIP,0.146
C00908,62,Nam,TP HCM,41,1,0,26.0,11.0,16223394.0,Khách VIP,0.095
C00909,63,Nam,Đà Nẵng,51,1,0,53.0,10.0,12738700.0,Trung bình,0.082
C00910,52,Nữ,Hà Nội,14,2,1,115.0,5.0,2945200.0,Trung bình,0.542
C00911,41,Nữ,Hải Phòng,35,1,1,37.0,9.0,4829800.0,Trung bình,0.136
C00912,45,Nữ,Cần Thơ,39,2,0,6.0,13.0,7324350.0,Khách VIP,0.083
C00913,69,Nữ,Hà Nội,50,1,0,4.0,11.0,14248050.0,Khách VIP,0.062
C00914,43,Nữ,Hà Nội,1,0,1,36.0,8.0,4318900.0,Trung bình,0.258
C00915,26,Nam,Hà Nội,46,1,0,35.0,11.0,6450700.0,Trung bình,0.067
C00916,39,Nữ,TP HCM,40,0,0,3.0,19.0,17943550.0,Khách VIP,0.011
C00917,54,Nữ,TP HCM,16,2,1,65.0,14.0,10052600.0,Trung bình,0.143
C00918,50,Nam,TP HCM,10,0,0,38.0,5.0,4183200.0,Trung bình,0.387
C00919,67,Nam,Đà Nẵng,6,0,0,67.0,6.0,7619900.0,Trung bình,0.347
C00920,70,Nữ,Cần Thơ,20,0,1,62.0,9.0,20876663.64969429,Trung bình,0.156
C00921,41,Nam,Hải Phòng,47,1,0,15.0,11.0,10389769.0,Khách VIP,0.067
C00922,66,Nam,TP HCM,55,4,0,65.0,7.0,5790000.0,Trung bình,0.391
C00923,57,Nam,Đà Nẵng,32,1,0,30.0,15.0,10612150.0,Khách VIP,0.045
C00924,41,Nam,Hải Phòng,20,2,0,86.0,7.0,6552958.0,Trung bình,0.389
C00925,24,Nam,Cần Thơ,32,1,1,31.0,10.0,14163900.0,Trung bình,0.134
C00926,19,Nam,TP HCM,9,1,0,11.0,9.0,10045500.0,Đang hoạt động,0.301
C00927,51,Nữ,TP HCM,54,1,0,31.0,8.0,8045100.0,Trung bình,0.12
C00928,59,Nữ,Hà Nội,36,1,0,3.0,11.0,5639000.0,Khách VIP,0.086
C00929,28,Nữ,Cần Thơ,53,2,0,11.0,10.0,14083086.0,Khách VIP,0.115
C00930,31,Nam,Hà Nội,29,0,0,12.0,10.0,9090250.0,Khách VIP,0.089
C00931,41,Nam,TP HCM,2,2,0,15.0,5.0,4368000.0,Đang hoạt động,0.668
C00932,69,Nữ,Hải Phòng,36,0,0,38.0,18.0,21703763.0,Trung bình,0.013
C00933,66,Nữ,TP HCM,49,0,1,35.0,9.0,7267850.0,Trung bình,0.072
C00934,48,Nữ,Cần Thơ,45,2,0,59.0,5.0,4603000.0,Trung bình,0.33
C00935,34,Nữ,Hà Nội,53,1,0,17.0,17.0,24571517.0,Khách VIP,0.016
C00936,61,Nữ,Cần Thơ,49,0,0,6.0,11.0,6765450.0,Khách VIP,0.041
C00937,24,Nam,Hải Phòng,34,1,0,75.0,8.0,10429200.0,Trung bình,0.18
C00938,26,Nữ,TP HCM,17,1,0,5.0,9.0,10067850.0,Đang hoạt động,0.253
C00939,65,Nam,Hải Phòng,53,3,0,64.0,10.0,16727500.0,Trung bình,0.165
C00940,69,Nam,Hà Nội,10,1,0,15.0,10.0,16482764.0,Khách VIP,0.221
C00941,47,Nam,TP HCM,51,1,0,26.0,15.0,16104426.0,Khách VIP,0.03
C00942,44,Nữ,Hà Nội,9,1,0,54.0,10.0,11868900.0,Trung bình,0.224
C00943,18,Nam,Hà Nội,42,3,0,8.0,14.0,21103550.0,Khách VIP,0.102
C00944,37,Nam,Hà Nội,25,0,0,13.0,9.0,7583800.0,Đang hoạt động,0.12
C00945,25,Nữ,Đà Nẵng,26,0,0,34.0,8.0,4829550.0,Trung bình,0.155
C00946,46,Nam,TP HCM,43,2,0,19.0,11.0,7390650.0,Khách VIP,0.128
C00947,19,Nam,Cần Thơ,7,2,0,62.0,8.0,12274000.0,Trung bình,0.452
C00948,42,Nam,Hải Phòng,42,0,1,12.0,9.0,10556350.0,Đang hoạt động,0.078
C00949,42,Nam,Hà Nội,42,0,1,82.0,4.0,2438600.0,Trung bình,0.204
C00950,42,Nam,TP HCM,60,2,0,106.0,14.0,14797600.0,Trung bình,0.045
C00951,27,Nữ,Cần Thơ,28,3,0,35.0,11.0,10312700.0,Trung bình,0.251
C00952,65,Nam,Hà Nội,50,3,1,39.0,5.0,4549400.0,Trung bình,0.386
C00953,26,Nữ,Hà Nội,40,0,0,63.0,11.0,19319650.74996229,Trung bình,0.058
C00954,32,Nam,TP HCM,19,1,0,37.0,13.0,5486450.0,Trung bình,0.106
C00955,46,Nữ,Hà Nội,32,1,1,33.0,9.0,8906500.0,Trung bình,0.151
C00956,42,Nam,Đà Nẵng,26,2,0,38.0,7.0,4272150.0,Trung bình,0.361
C00957,41,Nữ,TP HCM,20,2,0,5.0,13.0,11267000.0,Khách VIP,0.16
C00958,38,Nam,Hà Nội,24,1,0,24.0,13.0,10377900.0,Khách VIP,0.082
C00959,28,Nữ,Hà Nội,13,0,0,15.0,8.0,8381250.0,Đang hoạt động,0.202
C00960,18,Nữ,Hà Nội,29,1,0,12.0,13.0,15256500.0,Khách VIP,0.075
C00961,61,Nữ,Hà Nội,57,0,1,8.0,9.0,3286450.0,Đang hoạt động,0.047
C00962,20,Nữ,Hà Nội,52,1,0,19.0,6.0,1885900.0,Đang hoạt động,0.159
C00963,20,Nữ,Cần Thơ,37,1,0,43.0,11.0,12217000.0,Trung bình,0.095
C00964,66,Nam,Đà Nẵng,11,3,1,58.0,2.0,611500.0,Trung bình,0.813
C00965,42,Nam,TP HCM,51,1,0,33.0,11.0,8707950.0,Trung bình,0.069
C00966,57,Nữ,Hà Nội,26,0,0,2.0,8.0,7281300.0,Đang hoạt động,0.142
C00967,33,Nữ,Hà Nội,41,1,0,14.0,9.0,10974050.0,Đang hoạt động,0.122
C00968,59,Nam,Đà Nẵng,37,1,1,102.0,9.0,10147400.0,Trung bình,0.144
C00969,58,Nam,Đà Nẵng,15,1,0,21.0,9.0,7895450.0,Đang hoạt động,0.24
C00970,37,Nam,TP HCM,7,2,0,5.0,14.0,13217496.0,Khách VIP,0.184
C00971,38,Nữ,Cần Thơ,59,2,0,54.0,7.0,5087900.0,Trung bình,0.169
C00972,19,Nam,Hà Nội,44,1,0,66.0,8.0,4541350.0,Trung bình,0.133
C00973,26,Nam,TP HCM,60,1,0,13.0,14.0,13203750.0,Khách VIP,0.028
C00974,47,Nữ,TP HCM,10,0,0,26.0,8.0,8652800.0,Đang hoạt động,0.246
C00975,54,Nam,Cần Thơ,49,0,0,99.0,12.0,14350200.0,Trung bình,0.035
C00976,46,Nam,TP HCM,59,0,0,13.0,10.0,7482950.0,Khách VIP,0.044
C00977,28,Nam,Hà Nội,6,3,0,2.0,9.0,9717200.0,Đang hoạt động,0.495
C00978,23,Nam,TP HCM,33,1,0,66.0,7.0,5300200.0,Trung bình,0.244
C00979,67,Nam,Đà Nẵng,46,1,0,51.0,8.0,10147150.0,Trung bình,0.139
C00980,43,Nữ,Hà Nội,41,3,0,20.0,7.0,6109900.0,Đang hoạt động,0.346
C00981,38,Nam,TP HCM,5,0,0,2.0,12.0,15868800.0,Khách VIP,0.136
C00982,18,Nam,TP HCM,22,0,0,33.0,7.0,5069000.0,Trung bình,0.221
C00983,59,Nữ,Cần Thơ,16,1,1,92.0,9.0,10049800.0,Trung bình,0.233
C00984,62,Nam,Cần Thơ,52,2,0,1.0,12.0,19824500.0,Khách VIP,0.079
C00985,57,Nữ,Đà Nẵng,7,1,1,3.0,10.0,12327000.0,Khách VIP,0.249
C00986,44,Nam,TP HCM,18,2,0,48.0,9.0,12105750.0,Trung bình,0.343
C00987,56,Nữ,Đà Nẵng,8,0,0,43.0,13.0,7984754.0,Trung bình,0.089
C00988,40,Nữ,TP HCM,8,1,1,5.0,10.0,7537000.0,Khách VIP,0.253
C00989,64,Nữ,TP HCM,60,3,0,30.0,17.0,11385000.0,Khách VIP,0.034
C00990,22,Nam,TP HCM,30,1,0,59.0,6.0,4226000.0,Trung bình,0.307
C00991,19,Nữ,Hải Phòng,26,1,0,30.0,12.0,15483250.0,Khách VIP,0.102
C00992,58,Nữ,Hà Nội,48,0,0,22.0,8.0,7850350.0,Đang hoạt động,0.08
C00993,30,Nữ,Đà Nẵng,26,3,0,30.0,15.0,26092379.0,Khách VIP,0.143
C00994,27,Nam,Hải Phòng,40,2,1,88.0,3.0,2369650.0,Trung bình,0.466
C00995,60,Nữ,Đà Nẵng,3,2,1,38.0,12.0,12407600.0,Trung bình,0.27
C00996,51,Nam,Hà Nội,18,1,1,16.0,6.0,8076600.0,Đang hoạt động,0.35
C00997,64,Nam,Hà Nội,23,1,0,6.0,14.0,15219950.0,Khách VIP,0.069
C00998,30,Nam,Hà Nội,17,1,0,5.0,8.0,6950200.0,Đang hoạt động,0.258
C00999,26,Nam,Đà Nẵng,11,1,0,6.0,12.0,10182650.0,Khách VIP,0.155
C01000,46,Nữ,Hải Phòng,14,2,0,4.0,12.0,8362150.0,Khách VIP,0.191
C01001,26,Nữ,TP HCM,51,3,0,33.0,4.0,2754850.0,Trung bình,0.482
C01002,58,Nam,TP HCM,58,1,0,7.0,17.0,18235400.0,Khách VIP,0.015
C01003,39,Nữ,Hải Phòng,19,0,1,76.0,5.0,11847596.0,Trung bình,0.308
C01004,67,Nữ,Hà Nội,5,1,0,3.0,13.0,7934300.0,Khách VIP,0.131
C01005,60,Nam,Cần Thơ,5,3,0,3.0,14.0,16438867.0,Khách VIP,0.252
C01006,64,Nữ,TP HCM,23,0,0,53.0,13.0,23159400.0,Trung bình,0.071
C01007,20,Nữ,Cần Thơ,19,3,0,1.0,11.0,10353400.0,Khách VIP,0.305
C01008,53,Nữ,TP HCM,29,3,0,16.0,13.0,36705405.69365818,Khách VIP,0.223
C01009,59,Nữ,TP HCM,45,1,1,57.0,9.0,13270200.0,Trung bình,0.129
C01010,37,Nam,Hà Nội,5,1,0,2.0,16.0,17476050.0,Khách VIP,0.076
C01011,50,Nam,Cần Thơ,10,0,0,88.0,7.0,3524600.0,Trung bình,0.258
C01012,59,Nữ,TP HCM,28,1,1,63.0,11.0,13079500.0,Trung bình,0.133
C01013,30,Nữ,Hà Nội,46,0,0,23.0,13.0,8937600.0,Khách VIP,0.028
C01014,49,Nữ,TP HCM,56,1,1,18.0,10.0,7285650.0,Khách VIP,0.074
C01015,25,Nam,Hà Nội,55,2,0,13.0,10.0,16307850.0,Khách VIP,0.107
C01016,70,Nam,Hải Phòng,6,1,0,70.0,8.0,9288000.0,Trung bình,0.327
C01017,50,Nữ,Đà Nẵng,25,1,1,1.0,8.0,5517038.0,Đang hoạt động,0.227
C01018,32,Nam,TP HCM,57,1,1,60.0,13.0,13837900.0,Trung bình,0.039
C01019,66,Nam,TP HCM,20,0,0,28.0,17.0,11311400.0,Khách VIP,0.028
C01020,41,Nữ,Hà Nội,19,1,0,56.0,8.0,6608400.0,Trung bình,0.247
C01021,23,Nữ,TP HCM,10,2,0,124.0,8.0,7965500.0,Đã ngủ đông,0.455
C01022,62,Nữ,Hải Phòng,41,1,0,44.0,8.0,6878650.0,Trung bình,0.143
C01023,43,Nam,Hà Nội,49,1,0,62.0,14.0,8765900.0,Trung bình,0.032
C01024,34,Nữ,TP HCM,19,3,1,50.0,7.0,5857000.0,Trung bình,0.551
C01025,65,Nam,Hà Nội,32,0,0,21.0,10.0,10631308.0,Khách VIP,0.081
C01026,32,Nữ,Hải Phòng,18,1,0,50.0,12.0,7200000.0,Trung bình,0.118
C01027,64,Nam,Đà Nẵng,35,1,1,18.0,11.0,9681350.0,Khách VIP,0.099
C01028,55,Nam,Hà Nội,50,1,0,23.0,8.0,5644850.0,Đang hoạt động,0.112
C01029,52,Nam,TP HCM,22,1,1,57.0,9.0,12220870.0,Trung bình,0.226
C01030,52,Nữ,Hải Phòng,56,0,0,28.0,12.0,15872600.0,Khách VIP,0.028
C01031,70,Nam,Hải Phòng,53,2,0,22.0,9.0,5010950.0,Đang hoạt động,0.124
C01032,32,Nữ,TP HCM,19,5,0,3.0,15.0,16753450.0,Khách VIP,0.338
C01033,38,Nam,TP HCM,13,0,0,10.0,10.0,10075700.0,Khách VIP,0.158
C01034,53,Nữ,Đà Nẵng,16,0,1,7.0,11.0,13490950.0,Khách VIP,0.114
C01035,18,Nam,TP HCM,60,1,0,65.0,11.0,11335000.0,Trung bình,0.056
C01036,69,Nữ,Hà Nội,26,2,1,42.0,4.0,10030400.0,Trung bình,0.522
C01037,59,Nam,TP HCM,1,1,0,4.0,12.0,17075500.0,Khách VIP,0.218
C01038,64,Nam,Cần Thơ,2,0,0,9.0,13.0,15798750.0,Khách VIP,0.105
C01039,65,Nam,Hải Phòng,56,1,0,24.0,13.0,11408478.0,Khách VIP,0.033
C01040,36,Nam,TP HCM,9,3,0,7.0,10.0,8374100.0,Khách VIP,0.452
C01041,69,Nam,Đà Nẵng,18,0,0,9.0,7.0,5986400.0,Đang hoạt động,0.222
C01042,26,Nữ,Hà Nội,54,1,0,18.0,9.0,7738100.0,Đang hoạt động,0.084
C01043,47,Nam,TP HCM,54,2,0,10.0,14.0,14182300.0,Khách VIP,0.052
C01044,69,Nữ,Hà Nội,41,0,0,84.0,4.0,1288900.0,Trung bình,0.205
C01045,35,Nam,Hải Phòng,16,1,0,42.0,8.0,12285450.0,Trung bình,0.274
C01046,48,Nữ,Hà Nội,43,1,0,34.0,11.0,10193400.0,Trung bình,0.075
C01047,49,Nam,Hà Nội,50,1,0,26.0,10.0,7828800.0,Khách VIP,0.074
C01048,23,Nữ,TP HCM,57,0,0,68.0,10.0,7322600.0,Trung bình,0.048
C01049,38,Nữ,TP HCM,4,2,0,26.0,11.0,6122600.0,Khách VIP,0.321
C01050,61,Nữ,Đà Nẵng,24,0,1,36.0,9.0,6727000.0,Trung bình,0.132
C01051,57,Nữ,Hà Nội,4,2,0,20.0,6.0,1665900.0,Đang hoạt động,0.551
C01052,66,Nữ,TP HCM,49,1,0,18.0,11.0,10812800.0,Khách VIP,0.073
C01053,50,Nam,Hà Nội,53,2,0,24.0,7.0,7793300.0,Đang hoạt động,0.19
C01054,57,Nam,Hà Nội,11,1,1,33.0,13.0,13825500.0,Trung bình,0.118
C01055,27,Nam,Cần Thơ,52,3,0,14.0,9.0,11910350.0,Đang hoạt động,0.208
C01056,51,Nam,Hà Nội,12,2,0,4.0,9.0,10236250.0,Đang hoạt động,0.338
C01057,41,Nam,Hải Phòng,21,3,0,14.0,9.0,8913100.0,Đang hoạt động,0.381
C01058,20,Nam,Hải Phòng,19,2,0,3.0,12.0,13154250.0,Khách VIP,0.177
C01059,63,Nam,Hà Nội,50,2,0,1.0,8.0,8674400.0,Đang hoạt động,0.168
C01060,50,Nữ,Hà Nội,21,0,0,20.0,10.0,13718850.0,Khách VIP,0.114
C01061,52,Nam,Cần Thơ,9,1,0,8.0,8.0,4918800.0,Đang hoạt động,0.308
C01062,63,Nữ,TP HCM,56,0,0,14.0,12.0,13165500.0,Khách VIP,0.032
C01063,68,Nữ,Hà Nội,49,0,0,75.0,4.0,2558550.0,Trung bình,0.171
C01064,64,Nam,TP HCM,18,0,1,53.0,5.0,5268900.0,Trung bình,0.333
C01065,32,Nam,Hà Nội,53,2,0,47.0,9.0,13126250.0,Trung bình,0.135
C01066,62,Nữ,Hà Nội,51,2,0,68.0,9.0,7162450.0,Trung bình,0.135
C01067,44,Nữ,Đà Nẵng,10,2,0,5.0,14.0,10576100.0,Khách VIP,0.156
C01068,38,Nữ,Hải Phòng,7,2,0,32.0,23.0,18848600.0,Trung bình,0.024
C01069,53,Nam,Đà Nẵng,55,3,0,24.0,9.0,14288800.0,Đang hoạt động,0.202
C01070,62,Nam,Hải Phòng,30,0,0,43.0,14.0,20130350.0,Trung bình,0.039
C01071,18,Nam,Hà Nội,43,2,0,25.0,17.0,23518375.0,Khách VIP,0.034
C01072,40,Nữ,TP HCM,55,0,0,21.0,15.0,14158800.0,Khách VIP,0.017
C01073,18,Nam,Hải Phòng,24,1,0,19.0,11.0,7376650.0,Khách VIP,0.124
C01074,25,Nam,Cần Thơ,42,1,1,7.0,7.0,3786000.0,Đang hoạt động,0.175
C01075,32,Nam,Hà Nội,33,0,0,12.0,10.0,26221675.428808708,Khách VIP,0.092
C01076,44,Nam,TP HCM,16,1,0,29.0,13.0,9016857.0,Khách VIP,0.117
C01077,35,Nữ,TP HCM,22,4,0,153.0,11.0,9031750.0,Đã ngủ đông,0.419
C01078,59,Nam,Đà Nẵng,35,2,0,45.0,12.0,13014100.0,Trung bình,0.124
C01079,68,Nữ,TP HCM,34,2,0,78.0,6.0,6000500.0,Trung bình,0.381
C01080,45,Nam,TP HCM,11,2,0,21.0,4.0,2093050.0,Đang hoạt động,0.656
C01081,33,Nữ,TP HCM,5,2,0,62.0,9.0,6287500.0,Trung bình,0.426
C01082,60,Nam,TP HCM,25,3,1,21.0,5.0,5168300.0,Đang hoạt động,0.614
C01083,24,Nam,TP HCM,14,1,0,39.0,17.0,10507700.0,Trung bình,0.053
C01084,36,Nam,Đà Nẵng,33,1,0,11.0,12.0,23761788.0,Khách VIP,0.096
C01085,21,Nam,Đà Nẵng,19,0,0,98.0,5.0,7009100.0,Trung bình,0.32
C01086,25,Nữ,Hà Nội,25,2,1,57.0,6.0,7288450.0,Trung bình,0.414
C01087,69,Nam,TP HCM,32,2,1,11.0,13.0,11558150.0,Khách VIP,0.115
C01088,61,Nam,Cần Thơ,11,0,0,42.0,6.0,4648600.0,Trung bình,0.298
C01089,29,Nam,Hải Phòng,29,1,0,13.0,11.0,10772700.0,Khách VIP,0.11
C01090,38,Nữ,TP HCM,46,0,0,12.0,11.0,6823100.0,Khách VIP,0.051
C01091,61,Nữ,TP HCM,5,3,1,16.0,4.0,5487000.0,Đang hoạt động,0.787
C01092,64,Nữ,Đà Nẵng,59,1,0,36.0,14.0,14754100.0,Trung bình,0.027
C01093,62,Nữ,Hà Nội,41,1,0,4.0,8.0,7800600.0,Đang hoạt động,0.143
C01094,25,Nữ,TP HCM,25,1,0,1.0,16.0,13047950.0,Khách VIP,0.05
C01095,19,Nữ,Hà Nội,20,1,0,20.0,15.0,32861528.0,Khách VIP,0.072
C01096,57,Nữ,Hà Nội,49,2,0,4.0,13.0,10453500.0,Khách VIP,0.062
C01097,56,Nam,TP HCM,10,2,0,57.0,7.0,5908300.0,Trung bình,0.5
C01098,48,Nữ,Cần Thơ,58,2,0,21.0,11.0,9855700.0,Khách VIP,0.078
C01099,57,Nữ,TP HCM,36,0,0,5.0,11.0,18571214.0,Khách VIP,0.074
C01100,59,Nữ,Đà Nẵng,45,1,0,18.0,13.0,13756749.0,Khách VIP,0.05
C01101,62,Nữ,Hà Nội,7,2,0,39.0,16.0,11279250.0,Trung bình,0.103
C01102,42,Nam,TP HCM,8,4,0,26.0,15.0,20980163.0,Khách VIP,0.316
C01103,44,Nữ,Hà Nội,52,4,0,8.0,11.0,12588250.0,Khách VIP,0.199
C01104,41,Nữ,TP HCM,18,1,1,90.0,4.0,4100300.0,Trung bình,0.503
C01105,19,Nữ,Hà Nội,18,1,0,83.0,3.0,3923800.0,Trung bình,0.522
C01106,67,Nữ,Đà Nẵng,51,0,0,38.0,8.0,7509300.0,Trung bình,0.079
C01107,70,Nữ,TP HCM,30,1,0,37.0,14.0,17914062.0,Trung bình,0.069
C01108,63,Nữ,Hà Nội,28,3,1,37.0,11.0,5920900.0,Trung bình,0.231
C01109,59,Nam,Hải Phòng,36,2,0,8.0,9.0,5238400.0,Đang hoạt động,0.192
C01110,64,Nam,TP HCM,37,0,1,57.0,8.0,5316150.0,Trung bình,0.122
C01111,57,Nam,TP HCM,29,1,0,70.0,11.0,7131550.0,Trung bình,0.123
C01112,21,Nam,Đà Nẵng,31,2,0,31.0,7.0,9628550.0,Trung bình,0.341
C01113,29,Nữ,Hà Nội,16,1,0,60.0,11.0,8239900.0,Trung bình,0.153
C01114,68,Nam,Cần Thơ,49,2,0,10.0,16.0,21795750.0,Khách VIP,0.036
C01115,61,Nam,Hà Nội,15,0,0,35.0,14.0,19265122.0,Trung bình,0.059
C01116,35,Nữ,TP HCM,13,1,0,59.0,8.0,13059100.0,Trung bình,0.332
C01117,44,Nữ,Hải Phòng,50,2,0,27.0,11.0,10523700.0,Khách VIP,0.094
C01118,69,Nam,TP HCM,47,1,0,12.0,6.0,3197900.0,Đang hoạt động,0.202
C01119,19,Nữ,Hà Nội,45,2,0,2.0,9.0,17664244.0,Đang hoạt động,0.173
C01120,67,Nữ,Hà Nội,32,1,1,37.0,8.0,5226800.0,Trung bình,0.177
C01121,51,Nữ,Hà Nội,48,2,0,39.0,7.0,3073150.0,Trung bình,0.209
C01122,61,Nữ,Hải Phòng,10,0,1,4.0,8.0,8047800.0,Đang hoạt động,0.213
C01123,22,Nam,TP HCM,9,1,0,1.0,8.0,8575700.0,Đang hoạt động,0.349
C01124,18,Nam,Hải Phòng,31,2,0,4.0,11.0,10620550.0,Khách VIP,0.157
C01125,55,Nữ,Đà Nẵng,42,2,0,7.0,10.0,10913250.0,Khách VIP,0.154
C01126,29,Nam,TP HCM,33,3,0,11.0,12.0,12600450.0,Khách VIP,0.207
C01127,52,Nam,Đà Nẵng,10,2,1,15.0,11.0,10537800.0,Khách VIP,0.272
C01128,32,Nữ,TP HCM,54,0,0,8.0,11.0,8114850.0,Khách VIP,0.041
C01129,30,Nữ,TP HCM,59,1,1,140.0,5.0,2008450.0,Đã ngủ đông,0.189
C01130,29,Nữ,Hải Phòng,42,4,0,11.0,10.0,10238300.0,Khách VIP,0.296
C01131,64,Nữ,TP HCM,15,1,1,24.0,6.0,5018200.0,Đang hoạt động,0.405
C01132,39,Nữ,TP HCM,57,3,0,78.0,10.0,12560900.0,Trung bình,0.171
C01133,22,Nữ,Đà Nẵng,13,2,1,10.0,14.0,12856750.0,Khách VIP,0.15
C01134,55,Nữ,TP HCM,39,0,0,108.0,5.0,5857200.0,Trung bình,0.214
C01135,55,Nam,Hải Phòng,40,0,0,14.0,10.0,16338450.0,Khách VIP,0.069
C01136,22,Nữ,Hà Nội,36,2,0,26.0,10.0,13704180.0,Khách VIP,0.173
C01137,65,Nam,Cần Thơ,39,0,0,32.0,14.0,12132650.0,Trung bình,0.029
C01138,50,Nữ,TP HCM,5,1,0,7.0,10.0,17880400.0,Khách VIP,0.288
C01139,58,Nam,Hà Nội,52,0,0,26.0,8.0,12890500.0,Đang hoạt động,0.074
C01140,41,Nam,TP HCM,52,2,0,20.0,13.0,12820000.0,Khách VIP,0.069
C01141,50,Nam,Hà Nội,47,0,0,65.0,6.0,2912000.0,Trung bình,0.121
C01142,53,Nữ,TP HCM,10,3,0,8.0,5.0,3221350.0,Đang hoạt động,0.712
C01143,23,Nữ,Hà Nội,42,1,0,9.0,10.0,6910950.0,Khách VIP,0.094
C01144,26,Nam,Đà Nẵng,29,2,1,70.0,11.0,9552850.0,Trung bình,0.177
C01145,39,Nam,TP HCM,36,1,0,32.0,15.0,14579823.0,Trung bình,0.046
C01146,68,Nữ,Đà Nẵng,4,1,1,35.0,10.0,12617250.0,Trung bình,0.267
C01147,65,Nam,Hà Nội,41,2,0,18.0,15.0,11537250.0,Khách VIP,0.05
C01148,51,Nữ,Hà Nội,53,0,0,47.0,8.0,4950050.0,Trung bình,0.068
C01149,51,Nam,Hà Nội,36,3,0,27.0,8.0,7748500.0,Đang hoạt động,0.328
C01150,20,Nữ,Đà Nẵng,38,2,0,79.0,7.0,8886800.0,Trung bình,0.297
C01151,25,Nam,Hải Phòng,1,1,1,19.0,5.0,5968750.0,Đang hoạt động,0.532
C01152,34,Nam,Cần Thơ,5,1,0,9.0,9.0,5379650.0,Đang hoạt động,0.288
C01153,61,Nữ,Hà Nội,9,1,0,35.0,9.0,10698500.0,Trung bình,0.263
C01154,60,Nam,TP HCM,26,4,0,4.0,13.0,27969052.0,Khách VIP,0.312
C01155,54,Nữ,TP HCM,8,2,0,3.0,8.0,5915200.0,Đang hoạt động,0.456
C01156,43,Nữ,Đà Nẵng,54,2,0,2.0,13.0,7090750.0,Khách VIP,0.057
C01157,30,Nữ,Cần Thơ,45,1,1,25.0,7.0,10581900.0,Đang hoạt động,0.171
C01158,37,Nam,Hải Phòng,47,0,0,99.0,11.0,8740200.0,Trung bình,0.043
C01159,48,Nam,Hải Phòng,25,1,0,39.0,7.0,5423100.0,Trung bình,0.253
C01160,50,Nam,TP HCM,60,2,1,49.0,4.0,3813700.0,Trung bình,0.308
C01161,68,Nữ,Hà Nội,46,2,0,18.0,6.0,6689600.0,Đang hoạt động,0.265
C01162,29,Nữ,TP HCM,7,2,0,81.0,10.0,5444550.0,Trung bình,0.355
C01163,30,Nam,Hà Nội,21,0,1,14.0,10.0,7416300.0,Khách VIP,0.109
C01164,69,Nam,Hà Nội,2,1,0,1.0,15.0,18469600.0,Khách VIP,0.101
C01165,29,Nữ,TP HCM,37,0,0,5.0,9.0,12237500.0,Đang hoạt động,0.107
C01166,20,Nam,TP HCM,57,0,0,32.0,8.0,9661700.0,Trung bình,0.075
C01167,40,Nữ,Đà Nẵng,15,0,0,6.0,10.0,13067000.0,Khách VIP,0.144
C01168,67,Nam,TP HCM,44,1,0,6.0,8.0,22354067.0,Đang hoạt động,0.171
C01169,68,Nữ,TP HCM,55,0,0,19.0,11.0,6520100.0,Khách VIP,0.039
C01170,29,Nam,Hà Nội,56,0,0,4.0,8.0,9519500.0,Đang hoạt động,0.065
C01171,55,Nam,Hà Nội,46,1,1,12.0,2.0,1362000.0,Đang hoạt động,0.359
C01172,22,Nam,TP HCM,45,0,0,13.0,11.0,12223200.0,Khách VIP,0.055
C01173,39,Nữ,Đà Nẵng,9,6,1,36.0,9.0,8975050.0,Trung bình,0.794
C01174,66,Nữ,Hà Nội,21,1,1,32.0,9.0,5580600.0,Trung bình,0.191
C01175,67,Nữ,Cần Thơ,29,1,0,40.0,14.0,17389850.0,Trung bình,0.062
C01176,66,Nữ,Cần Thơ,6,2,0,63.0,12.0,13256950.0,Trung bình,0.245
C01177,26,Nữ,Hà Nội,60,1,0,18.0,12.0,10309750.0,Khách VIP,0.037
C01178,37,Nữ,TP HCM,32,1,0,1.0,12.0,26207444.654374838,Khách VIP,0.109
C01179,33,Nam,Đà Nẵng,7,3,1,21.0,10.0,10098550.0,Khách VIP,0.452
C01180,30,Nam,Hải Phòng,57,2,0,15.0,10.0,12089350.0,Khách VIP,0.098
C01181,21,Nữ,Hải Phòng,49,0,0,3.0,9.0,11127750.0,Đang hoạt động,0.065
C01182,44,Nam,Hà Nội,34,3,1,72.0,10.0,17065650.945119947,Trung bình,0.263
C01183,44,Nữ,Cần Thơ,11,1,1,23.0,6.0,7695600.0,Đang hoạt động,0.412
C01184,69,Nam,Đà Nẵng,50,0,0,1.0,9.0,4828850.0,Đang hoạt động,0.063
C01185,38,Nam,Hà Nội,52,2,0,8.0,10.0,14341688.0,Khách VIP,0.113
C01186,45,Nữ,TP HCM,59,3,0,12.0,8.0,6231200.0,Đang hoạt động,0.224
C01187,53,Nam,Đà Nẵng,20,1,0,6.0,9.0,7025650.0,Đang hoạt động,0.213
C01188,67,Nam,TP HCM,14,1,0,2.0,12.0,10316300.0,Khách VIP,0.15
C01189,58,Nam,Hà Nội,39,0,0,33.0,7.0,3167750.0,Trung bình,0.12
C01190,37,Nữ,Hải Phòng,48,1,0,42.0,7.0,6794900.0,Trung bình,0.149
C01191,50,Nữ,Hải Phòng,28,0,0,13.0,6.0,3073200.0,Đang hoạt động,0.196
C01192,42,Nữ,Hải Phòng,39,1,0,22.0,6.0,10471650.0,Đang hoạt động,0.229
C01193,61,Nam,TP HCM,57,2,0,1.0,6.0,7260150.0,Đang hoạt động,0.236
C01194,56,Nam,TP HCM,12,0,0,10.0,8.0,7635650.0,Đang hoạt động,0.231
C01195,47,Nam,Hải Phòng,37,1,0,9.0,13.0,11299400.0,Khách VIP,0.057
C01196,33,Nữ,Hà Nội,46,0,1,18.0,5.0,4887550.0,Đang hoạt động,0.156
C01197,24,Nữ,Hà Nội,58,0,0,30.0,10.0,12746443.08824008,Khách VIP,0.041
C01198,69,Nam,TP HCM,60,2,0,13.0,13.0,20045450.0,Khách VIP,0.057
C01199,18,Nam,Hà Nội,29,0,0,34.0,11.0,18872800.0,Trung bình,0.078
C01200,45,Nữ,Đà Nẵng,46,2,0,60.0,7.0,7721000.0,Trung bình,0.244
C01201,67,Nam,TP HCM,8,0,0,14.0,13.0,15459500.0,Khách VIP,0.1
C01202,56,Nữ,TP HCM,42,1,1,88.0,10.0,8549400.0,Trung bình,0.11
C01203,40,Nam,Hải Phòng,16,3,1,51.0,8.0,12672150.0,Trung bình,0.486
C01204,60,Nữ,Hà Nội,54,2,0,83.0,6.0,10820550.0,Trung bình,0.23
C01205,52,Nữ,Hà Nội,27,0,0,41.0,7.0,7454850.0,Trung bình,0.171
C01206,24,Nữ,TP HCM,14,1,0,4.0,8.0,9954850.0,Đang hoạt động,0.319
C01207,67,Nữ,Hà Nội,50,0,0,14.0,7.0,4037650.0,Đang hoạt động,0.09
C01208,47,Nam,Đà Nẵng,44,1,0,15.0,11.0,10674500.0,Khách VIP,0.079
C01209,29,Nam,TP HCM,13,4,1,21.0,10.0,9160900.0,Khách VIP,0.54
C01210,58,Nữ,Đà Nẵng,30,1,0,65.0,6.0,4357450.0,Trung bình,0.287
C01211,51,Nữ,Hà Nội,57,0,0,25.0,13.0,10923850.0,Khách VIP,0.021
C01212,58,Nữ,Hà Nội,36,1,1,31.0,10.0,9766700.0,Trung bình,0.111
C01213,37,Nữ,Hà Nội,14,0,0,32.0,7.0,5232350.0,Trung bình,0.231
C01214,70,Nam,Hà Nội,6,3,1,52.0,5.0,1045200.0,Trung bình,0.695
C01215,30,Nam,Hải Phòng,44,0,0,112.0,7.0,3052600.0,Trung bình,0.108
C01216,60,Nữ,Hà Nội,3,2,0,39.0,9.0,7984100.0,Trung bình,0.397
C01217,37,Nữ,Hà Nội,14,1,1,2.0,11.0,8394800.0,Khách VIP,0.159
C01218,21,Nữ,Hà Nội,29,3,1,70.0,7.0,5000200.0,Trung bình,0.435
C01219,44,Nam,Hà Nội,29,2,0,7.0,13.0,22525121.0,Khách VIP,0.118
C01220,25,Nam,Hải Phòng,53,2,0,74.0,7.0,9279400.0,Trung bình,0.197
C01221,48,Nam,Hà Nội,10,1,0,113.0,7.0,9009400.0,Trung bình,0.357
C01222,27,Nam,Đà Nẵng,14,1,0,60.0,9.0,8171250.0,Trung bình,0.252
C01223,29,Nữ,Cần Thơ,41,2,0,49.0,18.0,14341100.0,Trung bình,0.028
C01224,36,Nữ,Đà Nẵng,58,3,0,119.0,9.0,4405200.0,Trung bình,0.179
C01225,41,Nữ,TP HCM,42,0,0,2.0,11.0,8498900.0,Khách VIP,0.058
C01226,41,Nữ,Hải Phòng,23,1,1,37.0,7.0,4451700.0,Trung bình,0.265
C01227,60,Nam,Hải Phòng,43,0,0,39.0,7.0,4392150.0,Trung bình,0.109
C01228,70,Nam,TP HCM,17,1,0,53.0,5.0,1299050.0,Trung bình,0.438
C01229,41,Nữ,Hải Phòng,35,1,0,21.0,9.0,10193600.0,Đang hoạt động,0.142
C01230,26,Nam,Đà Nẵng,16,2,1,24.0,7.0,6935750.0,Đang hoạt động,0.441
C01231,26,Nữ,Cần Thơ,44,0,0,142.0,7.0,8790900.0,Đã ngủ đông,0.119
C01232,65,Nam,Hải Phòng,38,0,0,8.0,12.0,14545450.0,Khách VIP,0.046
C01233,55,Nam,Hà Nội,4,2,0,19.0,8.0,14516250.0,Đang hoạt động,0.461
C01234,56,Nữ,TP HCM,19,3,0,60.0,9.0,13997250.0,Trung bình,0.449
C01235,51,Nam,TP HCM,39,2,1,53.0,8.0,12458300.0,Trung bình,0.26
C01236,37,Nam,Hà Nội,20,1,0,27.0,11.0,14357509.0,Khách VIP,0.143
C01237,47,Nam,TP HCM,19,0,1,11.0,9.0,17220305.0,Đang hoạt động,0.174
C01238,46,Nữ,TP HCM,4,1,0,63.0,10.0,9920050.0,Trung bình,0.281
C01239,41,Nam,Hải Phòng,38,1,0,82.0,8.0,4395400.0,Trung bình,0.154
C01240,52,Nữ,Hải Phòng,45,2,0,101.0,9.0,26921664.0,Trung bình,0.184
C01241,22,Nữ,Hà Nội,7,0,1,13.0,7.0,4196700.0,Đang hoạt động,0.27
C01242,30,Nữ,TP HCM,23,2,0,27.0,9.0,8729600.0,Đang hoạt động,0.306
C01243,53,Nữ,Hà Nội,25,1,0,50.0,9.0,5066350.0,Trung bình,0.174
C01244,48,Nữ,TP HCM,6,1,0,37.0,6.0,5091550.0,Trung bình,0.475
C01245,40,Nam,Hà Nội,48,0,0,18.0,12.0,13565000.0,Khách VIP,0.034
C01246,44,Nam,TP HCM,42,1,1,91.0,5.0,4609900.0,Trung bình,0.28
C01247,42,Nam,Hà Nội,4,1,0,18.0,13.0,13676300.0,Khách VIP,0.143
C01248,55,Nữ,Hà Nội,52,0,0,37.0,12.0,26957135.71424037,Trung bình,0.034
C01249,28,Nam,TP HCM,39,3,0,38.0,5.0,3499900.0,Trung bình,0.513
C01250,30,Nam,Đà Nẵng,6,1,1,27.0,9.0,6468750.0,Đang hoạt động,0.295
C01251,19,Nam,Hà Nội,2,1,0,1.0,6.0,5073400.0,Đang hoạt động,0.464
C01252,30,Nam,Hải Phòng,6,1,0,11.0,16.0,15168850.0,Khách VIP,0.073
C01253,34,Nam,Đà Nẵng,40,1,1,14.0,6.0,3889700.0,Đang hoạt động,0.229
C01254,24,Nữ,Cần Thơ,41,3,1,2.0,5.0,9017400.0,Đang hoạt động,0.479
C01255,37,Nữ,Hà Nội,5,1,0,115.0,12.0,8956500.0,Trung bình,0.167
C01256,38,Nữ,TP HCM,56,1,0,74.0,8.0,20587706.0,Trung bình,0.128
C01257,38,Nữ,Hà Nội,3,1,0,68.0,9.0,6827050.0,Trung bình,0.296
C01258,45,Nữ,Hải Phòng,34,2,1,46.0,6.0,6121200.0,Trung bình,0.345
C01259,46,Nam,Đà Nẵng,56,0,0,65.0,8.0,8263650.0,Trung bình,0.07
C01260,60,Nam,Hải Phòng,54,1,0,14.0,9.0,12736700.0,Đang hoạt động,0.086
C01261,36,Nữ,Đà Nẵng,43,2,0,27.0,6.0,4088000.0,Đang hoạt động,0.302
C01262,31,Nữ,Hà Nội,24,1,0,3.0,7.0,3886100.0,Đang hoạt động,0.258
C01263,63,Nữ,Cần Thơ,6,2,0,30.0,9.0,8708179.0,Đang hoạt động,0.387
C01264,38,Nam,Hà Nội,7,0,0,4.0,5.0,2780450.0,Đang hoạt động,0.366
C01265,18,Nam,Hà Nội,22,1,0,57.0,6.0,7986550.0,Trung bình,0.329
C01266,66,Nữ,Hải Phòng,15,3,0,44.0,6.0,4842750.0,Trung bình,0.589
C01267,48,Nam,Hà Nội,19,2,0,5.0,6.0,6501000.0,Đang hoạt động,0.449
C01268,36,Nữ,TP HCM,33,2,1,17.0,10.0,4216250.0,Khách VIP,0.198
C01269,66,Nữ,Hải Phòng,6,1,0,40.0,10.0,12012100.0,Trung bình,0.238
C01270,31,Nam,Hà Nội,12,1,1,2.0,7.0,8752900.0,Đang hoạt động,0.342
C01271,24,Nữ,Hà Nội,21,2,0,8.0,12.0,6672900.0,Khách VIP,0.16
C01272,32,Nam,Hà Nội,3,3,1,7.0,7.0,11974100.0,Đang hoạt động,0.636
C01273,48,Nam,TP HCM,40,2,0,29.0,12.0,19330751.0,Khách VIP,0.124
C01274,62,Nữ,Hà Nội,7,0,1,12.0,12.0,8418250.0,Khách VIP,0.103
C01275,46,Nữ,TP HCM,54,0,0,16.0,10.0,11446100.0,Khách VIP,0.053
C01276,55,Nữ,Hà Nội,7,1,1,9.0,11.0,5838600.0,Khách VIP,0.184
C01277,52,Nữ,Hà Nội,49,2,0,27.0,11.0,8137050.0,Khách VIP,0.094
C01278,23,Nam,Hải Phòng,57,0,0,19.0,10.0,8616200.0,Khách VIP,0.041
C01279,68,Nữ,Hà Nội,17,0,0,17.0,8.0,6516800.0,Đang hoạt động,0.177
C01280,53,Nữ,Hà Nội,54,0,0,3.0,9.0,7092350.0,Đang hoạt động,0.054
C01281,50,Nữ,TP HCM,33,2,0,25.0,12.0,11488900.0,Khách VIP,0.14
C01282,28,Nữ,Hà Nội,47,2,0,20.0,12.0,14673900.0,Khách VIP,0.086
C01283,68,Nam,Hà Nội,26,0,0,65.0,7.0,8996400.0,Trung bình,0.175
C01284,26,Nam,TP HCM,58,0,0,17.0,8.0,7590750.0,Đang hoạt động,0.072
C01285,66,Nam,Đà Nẵng,56,1,0,54.0,7.0,10059250.0,Trung bình,0.131
C01286,36,Nam,Hà Nội,33,2,0,5.0,14.0,17889596.0,Khách VIP,0.083
C01287,46,Nam,Hà Nội,40,2,1,17.0,9.0,8226448.0,Đang hoạt động,0.179
C01288,28,Nam,TP HCM,48,1,0,51.0,11.0,9061550.0,Trung bình,0.076
C01289,45,Nữ,Hà Nội,31,3,1,10.0,5.0,3625700.0,Đang hoạt động,0.528
C01290,24,Nam,Hà Nội,58,2,0,20.0,12.0,14320396.0,Khách VIP,0.063
C01291,67,Nữ,TP HCM,38,1,0,18.0,10.0,8387600.0,Khách VIP,0.12
C01292,27,Nữ,TP HCM,60,0,0,1.0,6.0,1837200.0,Đang hoạt động,0.1
C01293,66,Nữ,TP HCM,25,0,0,7.0,12.0,7462550.0,Khách VIP,0.073
C01294,47,Nữ,Đà Nẵng,10,1,0,12.0,6.0,8364200.0,Đang hoạt động,0.431
C01295,59,Nam,Đà Nẵng,15,2,0,37.0,7.0,8884400.0,Trung bình,0.448
C01296,48,Nữ,TP HCM,46,1,1,29.0,4.0,2878550.0,Đang hoạt động,0.299
C01297,61,Nữ,TP HCM,56,2,0,64.0,4.0,5483800.0,Trung bình,0.338
C01298,39,Nam,Đà Nẵng,6,1,0,16.0,8.0,13145500.0,Đang hoạt động,0.358
C01299,28,Nữ,Hà Nội,55,4,1,37.0,4.0,7002500.0,Trung bình,0.533
C01300,40,Nữ,TP HCM,4,2,0,8.0,13.0,15924900.0,Khách VIP,0.243
C01301,36,Nữ,TP HCM,48,1,0,31.0,8.0,8339200.0,Trung bình,0.142
C01302,45,Nam,Đà Nẵng,51,1,0,68.0,9.0,12128850.0,Trung bình,0.102
C01303,49,Nam,Hải Phòng,45,3,0,24.0,9.0,7236350.0,Đang hoạt động,0.227
C01304,46,Nữ,TP HCM,59,0,0,1.0,8.0,3453150.0,Đang hoạt động,0.067
C01305,35,Nữ,Hà Nội,9,0,0,2.0,13.0,15082100.0,Khách VIP,0.085
C01306,50,Nam,Hà Nội,35,2,1,81.0,5.0,5675000.0,Trung bình,0.39
C01307,36,Nam,Hà Nội,46,1,0,6.0,11.0,13908050.0,Khách VIP,0.071
C01308,21,Nam,Đà Nẵng,11,1,1,10.0,12.0,9186700.0,Khách VIP,0.154
C01309,22,Nam,Đà Nẵng,10,2,1,40.0,9.0,7834000.0,Trung bình,0.374
C01310,41,Nữ,Cần Thơ,49,2,1,28.0,6.0,5042000.0,Đang hoạt động,0.257
C01311,39,Nữ,Hải Phòng,50,2,0,23.0,11.0,10098800.0,Khách VIP,0.094
C01312,54,Nam,Đà Nẵng,42,1,0,50.0,7.0,7779750.0,Trung bình,0.185
C01313,60,Nam,TP HCM,21,1,0,2.0,10.0,6438650.0,Khách VIP,0.182
C01314,46,Nữ,Hà Nội,56,2,0,55.0,6.0,9551700.0,Trung bình,0.219
C01315,70,Nam,Hải Phòng,10,1,0,17.0,10.0,8776900.0,Khách VIP,0.21
C01316,52,Nam,Hà Nội,54,0,0,38.0,15.0,11876100.0,Trung bình,0.014
C01317,55,Nam,TP HCM,50,1,0,32.0,10.0,10527100.0,Trung bình,0.089
C01318,47,Nam,Hải Phòng,50,1,0,32.0,12.0,9437000.0,Trung bình,0.049
C01319,26,Nữ,Hà Nội,4,3,1,26.0,7.0,6335100.0,Đang hoạt động,0.62
C01320,29,Nữ,TP HCM,55,0,0,35.0,10.0,7064800.0,Trung bình,0.05
C01321,67,Nữ,Cần Thơ,4,2,0,20.0,10.0,9328600.0,Khách VIP,0.347
C01322,29,Nữ,Hà Nội,35,0,0,9.0,8.0,4422800.0,Đang hoạt động,0.112
C01323,46,Nam,Hà Nội,7,2,0,29.0,9.0,7463600.0,Đang hoạt động,0.368
C01324,39,Nữ,TP HCM,54,0,0,34.0,6.0,5382750.0,Trung bình,0.12
C01325,21,Nữ,Hà Nội,15,1,0,2.0,14.0,11579050.0,Khách VIP,0.086
C01326,66,Nam,TP HCM,47,0,0,55.0,11.0,33320503.0,Trung bình,0.061
C01327,63,Nữ,Cần Thơ,50,2,0,77.0,3.0,3678300.0,Trung bình,0.401
C01328,59,Nam,Hà Nội,7,4,1,14.0,12.0,10789050.0,Khách VIP,0.423
C01329,69,Nam,Cần Thơ,55,1,1,8.0,9.0,6934900.0,Đang hoạt động,0.082
C01330,67,Nam,TP HCM,33,3,1,191.0,4.0,5527950.0,Đã ngủ đông,0.619
C01331,55,Nam,Đà Nẵng,5,2,0,32.0,11.0,12122800.0,Trung bình,0.305
C01332,36,Nữ,Hải Phòng,40,0,1,2.0,8.0,6595150.0,Đang hoạt động,0.099
C01333,64,Nữ,Đà Nẵng,30,2,1,10.0,6.0,3951600.0,Đang hoạt động,0.385
C01334,25,Nam,Hà Nội,53,0,0,8.0,9.0,6237500.0,Đang hoạt động,0.055
C01335,29,Nữ,TP HCM,2,1,1,45.0,6.0,10214550.0,Trung bình,0.52
C01336,65,Nữ,Hà Nội,7,1,0,36.0,8.0,4438650.0,Trung bình,0.311
C01337,69,Nam,TP HCM,36,2,1,9.0,11.0,8756850.0,Khách VIP,0.152
C01338,26,Nam,Hà Nội,18,1,1,22.0,7.0,6294450.0,Đang hoạt động,0.299
C01339,28,Nữ,TP HCM,56,1,1,108.0,4.0,2849600.0,Trung bình,0.245
C01340,26,Nam,Đà Nẵng,2,2,0,36.0,7.0,3311500.0,Trung bình,0.538
C01341,67,Nam,Hà Nội,34,0,0,15.0,10.0,9113200.0,Khách VIP,0.076
C01342,46,Nữ,Hà Nội,48,1,0,19.0,9.0,10984950.0,Đang hoạt động,0.101
C01343,35,Nam,TP HCM,39,3,0,26.0,11.0,6121450.0,Khách VIP,0.207
C01344,51,Nữ,Cần Thơ,53,2,0,67.0,4.0,7150850.0,Trung bình,0.334
C01345,60,Nữ,TP HCM,36,1,0,85.0,11.0,22403878.0,Trung bình,0.116
C01346,21,Nữ,Hà Nội,25,2,0,30.0,6.0,5037300.0,Đang hoạt động,0.409
C01347,56,Nam,TP HCM,22,2,0,75.0,10.0,10979800.0,Trung bình,0.265
C01348,38,Nữ,Hà Nội,45,1,0,44.0,7.0,8240300.0,Trung bình,0.162
C01349,49,Nam,Cần Thơ,19,1,1,17.0,15.0,17309000.0,Khách VIP,0.066
C01350,33,Nữ,Hải Phòng,57,1,1,17.0,6.0,4094000.0,Đang hoạt động,0.141
C01351,36,Nam,TP HCM,10,3,1,9.0,7.0,7576400.0,Đang hoạt động,0.617
C01352,18,Nam,Hà Nội,24,2,1,29.0,12.0,7587650.0,Khách VIP,0.15
C01353,61,Nam,TP HCM,24,0,0,5.0,13.0,9110500.0,Khách VIP,0.061
C01354,31,Nam,Cần Thơ,2,0,0,3.0,9.0,8851650.0,Đang hoạt động,0.224
C01355,64,Nữ,Cần Thơ,57,2,0,7.0,13.0,10466450.0,Khách VIP,0.051
C01356,42,Nữ,Hải Phòng,12,2,0,7.0,14.0,13740050.0,Khách VIP,0.141
C01357,45,Nữ,Đà Nẵng,7,2,0,88.0,7.0,11436000.0,Trung bình,0.519
C01358,18,Nữ,TP HCM,9,2,1,10.0,10.0,6814850.0,Khách VIP,0.344
C01359,35,Nam,Đà Nẵng,44,0,0,14.0,13.0,10342700.0,Khách VIP,0.033
C01360,68,Nam,Đà Nẵng,26,0,0,8.0,13.0,15618600.0,Khách VIP,0.056
C01361,48,Nữ,Hà Nội,31,2,0,17.0,15.0,15198600.0,Khách VIP,0.069
C01362,37,Nữ,TP HCM,2,1,0,24.0,15.0,15054550.0,Khách VIP,0.118
C01363,45,Nữ,Hải Phòng,9,0,1,103.0,8.0,7537850.0,Trung bình,0.221
C01364,69,Nam,Hà Nội,29,3,1,12.0,5.0,1932700.0,Đang hoạt động,0.534
C01365,52,Nữ,Hà Nội,41,3,0,16.0,9.0,11308200.0,Đang hoạt động,0.256
C01366,21,Nam,TP HCM,32,2,1,121.0,3.0,1748700.0,Đã ngủ đông,0.569
C01367,40,Nữ,TP HCM,43,0,0,3.0,6.0,5519100.0,Đang hoạt động,0.159
C01368,54,Nam,Cần Thơ,6,1,0,47.0,5.0,4003700.0,Trung bình,0.497
C01369,43,Nam,TP HCM,4,2,0,33.0,6.0,3926900.0,Trung bình,0.599
C01370,20,Nam,Đà Nẵng,21,0,0,44.0,8.0,5276650.0,Trung bình,0.176
C01371,61,Nam,Cần Thơ,55,0,0,9.0,7.0,9322600.0,Đang hoạt động,0.085
C01372,46,Nữ,Đà Nẵng,10,0,1,43.0,4.0,4156000.0,Trung bình,0.427
C01373,34,Nam,Đà Nẵng,6,1,1,119.0,5.0,4456250.0,Trung bình,0.516
C01374,39,Nam,Hải Phòng,41,1,0,15.0,7.0,11283200.0,Đang hoạt động,0.182
C01375,39,Nam,Hải Phòng,51,2,0,33.0,9.0,18067376.0,Trung bình,0.147
C01376,32,Nữ,Hà Nội,58,0,0,53.0,9.0,5439850.0,Trung bình,0.048
C01377,59,Nam,Hà Nội,45,2,0,65.0,8.0,4069150.0,Trung bình,0.186
C01378,60,Nữ,Cần Thơ,50,1,0,77.0,8.0,11737450.0,Trung bình,0.123
C01379,62,Nữ,Hà Nội,32,1,0,44.0,7.0,7184400.0,Trung bình,0.217
C01380,70,Nam,Hải Phòng,15,0,0,26.0,11.0,7977950.0,Khách VIP,0.102
C01381,65,Nam,TP HCM,10,1,0,67.0,12.0,26880273.0,Trung bình,0.189
C01382,26,Nam,TP HCM,43,2,0,32.0,12.0,6711200.0,Trung bình,0.105
C01383,49,Nam,TP HCM,12,3,1,6.0,9.0,7743550.0,Đang hoạt động,0.485
C01384,64,Nữ,TP HCM,46,0,0,22.0,14.0,23220400.0,Khách VIP,0.029
C01385,58,Nữ,TP HCM,23,2,0,25.0,10.0,10766650.0,Khách VIP,0.258
C01386,66,Nữ,Hà Nội,2,2,0,1.0,8.0,3173350.0,Đang hoạt động,0.449
C01387,36,Nam,TP HCM,7,1,0,31.0,8.0,5406700.0,Trung bình,0.354
C01388,63,Nam,TP HCM,42,0,1,207.0,4.0,1829000.0,Đã ngủ đông,0.234
C01389,33,Nam,TP HCM,20,0,1,74.0,6.0,4722450.0,Trung bình,0.274
C01390,66,Nam,TP HCM,21,1,0,28.0,9.0,24870598.0,Đang hoạt động,0.25
C01391,19,Nam,Hà Nội,52,3,0,24.0,9.0,6413150.0,Đang hoạt động,0.194
C01392,35,Nam,Cần Thơ,29,1,0,31.0,11.0,18516900.0,Trung bình,0.122
C01393,18,Nữ,Đà Nẵng,35,0,1,80.0,2.0,910000.0,Trung bình,0.359
C01394,53,Nam,Đà Nẵng,39,2,0,45.0,7.0,6536600.0,Trung bình,0.28
C01395,26,Nam,Hà Nội,11,1,0,40.0,12.0,12839500.0,Trung bình,0.147
C01396,61,Nữ,TP HCM,50,1,1,47.0,12.0,7314050.0,Trung bình,0.056
C01397,43,Nữ,TP HCM,18,0,0,1.0,6.0,6390300.0,Đang hoạt động,0.287
C01398,40,Nam,Đà Nẵng,51,1,0,5.0,10.0,10366300.0,Khách VIP,0.081
C01399,44,Nữ,Hà Nội,1,1,1,6.0,5.0,3170500.0,Đang hoạt động,0.523
C01400,42,Nam,Hải Phòng,33,2,1,38.0,6.0,2389050.0,Trung bình,0.343
C01401,68,Nữ,Đà Nẵng,2,1,0,4.0,8.0,4056500.0,Đang hoạt động,0.363
C01402,19,Nam,Đà Nẵng,20,2,1,27.0,9.0,7678950.0,Đang hoạt động,0.307
C01403,67,Nam,TP HCM,18,0,0,38.0,10.0,11066550.0,Trung bình,0.138
C01404,20,Nam,TP HCM,5,1,1,67.0,7.0,3814900.0,Trung bình,0.425
C01405,30,Nữ,TP HCM,47,1,0,131.0,6.0,2885900.0,Đã ngủ đông,0.21
C01406,46,Nữ,TP HCM,6,3,1,48.0,9.0,9990850.0,Trung bình,0.538
C01407,37,Nữ,Hà Nội,5,2,0,35.0,8.0,11979944.0,Trung bình,0.453
C01408,58,Nữ,Cần Thơ,14,0,0,45.0,10.0,10625650.0,Trung bình,0.138
C01409,39,Nam,Cần Thơ,8,0,0,6.0,7.0,10652550.0,Đang hoạt động,0.281
C01410,31,Nam,Cần Thơ,58,2,1,7.0,7.0,3702000.0,Đang hoạt động,0.171
C01411,30,Nam,TP HCM,45,0,0,42.0,11.0,11844150.0,Trung bình,0.055
C01412,30,Nam,Hà Nội,43,1,0,8.0,4.0,1029750.0,Đang hoạt động,0.279
C01413,55,Nam,Hà Nội,55,0,1,24.0,8.0,14837538.550742323,Đang hoạt động,0.069
C01414,34,Nam,TP HCM,25,2,1,12.0,7.0,9469250.0,Đang hoạt động,0.399
C01415,18,Nữ,TP HCM,56,3,1,134.0,5.0,5345400.0,Đã ngủ đông,0.398
C01416,38,Nữ,Đà Nẵng,7,0,0,41.0,8.0,7287450.0,Trung bình,0.247
C01417,67,Nữ,Hà Nội,16,1,0,49.0,7.0,5344300.0,Trung bình,0.306
C01418,62,Nữ,TP HCM,43,0,0,8.0,9.0,5445200.0,Đang hoạt động,0.084
C01419,49,Nam,Hà Nội,3,2,0,29.0,10.0,4125850.0,Khách VIP,0.335
C01420,37,Nam,Đà Nẵng,42,1,0,6.0,14.0,13366650.0,Khách VIP,0.044
C01421,55,Nam,Hải Phòng,56,2,1,9.0,5.0,3313450.0,Đang hoạt động,0.248
C01422,64,Nam,TP HCM,18,0,1,107.0,4.0,2018650.0,Trung bình,0.382
C01423,61,Nữ,Hải Phòng,60,3,0,6.0,10.0,7266150.0,Khách VIP,0.128
C01424,24,Nữ,TP HCM,34,0,0,49.0,9.0,10163150.0,Trung bình,0.115
C01425,34,Nam,Hà Nội,9,0,1,28.0,10.0,18864750.0,Khách VIP,0.163
C01426,48,Nam,TP HCM,14,1,1,66.0,3.0,4971000.0,Trung bình,0.59
C01427,36,Nam,Hà Nội,30,0,0,76.0,13.0,9572500.0,Trung bình,0.045
C01428,68,Nam,Hà Nội,57,1,0,79.0,3.0,4243700.0,Trung bình,0.246
C01429,42,Nam,TP HCM,19,2,1,188.0,4.0,1365900.0,Đã ngủ đông,0.605
C01430,34,Nam,Đà Nẵng,26,0,0,67.0,8.0,7520450.0,Trung bình,0.157
C01431,43,Nam,TP HCM,8,0,0,9.0,10.0,13593250.0,Khách VIP,0.183
C01432,30,Nam,Hà Nội,25,3,0,59.0,8.0,10809450.0,Trung bình,0.416
C01433,68,Nam,TP HCM,29,0,0,68.0,11.0,8933950.0,Trung bình,0.082
C01434,24,Nữ,Cần Thơ,46,0,0,26.0,4.0,5464200.0,Đang hoạt động,0.198
C01435,70,Nữ,TP HCM,51,2,1,8.0,13.0,13922050.0,Khách VIP,0.07
C01436,27,Nam,Đà Nẵng,44,1,0,29.0,15.0,16806550.0,Khách VIP,0.034
C01437,47,Nữ,Hải Phòng,15,2,0,37.0,10.0,6774700.0,Trung bình,0.267
C01438,43,Nữ,TP HCM,37,0,0,58.0,11.0,5674700.0,Trung bình,0.065
C01439,60,Nữ,Hà Nội,12,1,0,3.0,14.0,11265400.0,Khách VIP,0.091
C01440,43,Nam,Hải Phòng,46,2,1,8.0,7.0,7066700.0,Đang hoạt động,0.225
C01441,40,Nữ,TP HCM,5,1,1,33.0,2.0,3723000.0,Trung bình,0.704
C01442,47,Nam,Hải Phòng,42,3,1,90.0,10.0,10336000.0,Trung bình,0.209
C01443,38,Nữ,Hà Nội,25,2,0,18.0,7.0,5693050.0,Đang hoạt động,0.351
C01444,68,Nữ,TP HCM,25,1,0,71.0,9.0,10136700.0,Trung bình,0.207
C01445,30,Nữ,Hà Nội,28,0,0,24.0,7.0,4151050.0,Đang hoạt động,0.164
C01446,27,Nam,Hải Phòng,60,2,0,15.0,5.0,2515250.0,Đang hoạt động,0.229
C01447,61,Nữ,Cần Thơ,58,1,0,8.0,8.0,7896400.0,Đang hoạt động,0.095
C01448,50,Nữ,Cần Thơ,6,2,0,31.0,8.0,11451200.0,Trung bình,0.453
C01449,57,Nam,Hải Phòng,4,0,0,26.0,7.0,6366500.0,Đang hoạt động,0.287
C01450,32,Nam,TP HCM,10,2,0,10.0,6.0,6258000.0,Đang hoạt động,0.562
C01451,36,Nữ,Đà Nẵng,40,3,0,16.0,10.0,8246350.0,Khách VIP,0.232
C01452,52,Nữ,TP HCM,16,0,0,54.0,10.0,5041850.0,Trung bình,0.141
C01453,41,Nam,Hà Nội,60,2,0,33.0,8.0,9398050.0,Trung bình,0.133
C01454,60,Nam,TP HCM,6,0,0,27.0,8.0,5623600.0,Đang hoạt động,0.261
C01455,37,Nữ,TP HCM,9,0,0,33.0,10.0,9428350.0,Trung bình,0.175
C01456,23,Nữ,TP HCM,6,2,1,1.0,5.0,1485000.0,Đang hoạt động,0.639
C01457,35,Nam,Hải Phòng,47,3,0,49.0,9.0,7814350.0,Trung bình,0.22
C01458,54,Nam,Hải Phòng,50,2,0,13.0,12.0,25730225.0,Khách VIP,0.085
C01459,49,Nữ,Hà Nội,10,1,0,10.0,13.0,16480680.0,Khách VIP,0.125
C01460,42,Nữ,Hà Nội,60,4,0,56.0,11.0,5280350.0,Trung bình,0.155
C01461,37,Nữ,Hà Nội,44,0,0,33.0,7.0,7223150.0,Trung bình,0.111
C01462,29,Nam,TP HCM,31,1,0,1.0,15.0,18392000.0,Khách VIP,0.054
C01463,67,Nữ,TP HCM,53,2,1,9.0,10.0,28971121.0,Khách VIP,0.142
C01464,55,Nữ,Hà Nội,37,2,0,48.0,5.0,7822050.0,Trung bình,0.38
C01465,33,Nữ,Đà Nẵng,35,1,0,28.0,7.0,9178250.0,Đang hoạt động,0.224
C01466,54,Nữ,Hà Nội,16,2,0,31.0,14.0,16329700.0,Trung bình,0.129
C01467,53,Nam,Hải Phòng,60,0,0,59.0,6.0,6194550.0,Trung bình,0.087
C01468,53,Nữ,TP HCM,27,0,0,55.0,9.0,5058500.0,Trung bình,0.13
C01469,59,Nam,TP HCM,19,0,0,9.0,9.0,9143000.0,Đang hoạt động,0.163
C01470,27,Nam,TP HCM,40,1,0,3.0,5.0,4233400.0,Đang hoạt động,0.291
C01471,68,Nữ,Đà Nẵng,32,2,0,28.0,5.0,3759250.0,Đang hoạt động,0.427
C01472,24,Nam,Hà Nội,13,2,0,53.0,13.0,7863750.0,Trung bình,0.162
C01473,31,Nam,TP HCM,2,1,0,124.0,11.0,9604173.0,Đã ngủ đông,0.249
C01474,19,Nam,Hà Nội,50,0,0,1.0,11.0,8499100.0,Khách VIP,0.039
C01475,31,Nữ,TP HCM,48,1,1,2.0,12.0,15928350.0,Khách VIP,0.065
C01476,47,Nam,Hà Nội,23,0,1,1.0,5.0,5660100.0,Đang hoạt động,0.267
C01477,46,Nữ,TP HCM,46,2,0,42.0,7.0,4457450.0,Trung bình,0.253
C01478,33,Nam,Hà Nội,6,0,1,41.0,7.0,7481250.0,Trung bình,0.281
C01479,33,Nữ,Cần Thơ,1,1,1,11.0,8.0,9249650.0,Đang hoạt động,0.375
C01480,65,Nữ,Hải Phòng,6,3,1,56.0,6.0,5215350.0,Trung bình,0.654
C01481,48,Nữ,TP HCM,24,0,0,30.0,5.0,1856900.0,Đang hoạt động,0.29
C01482,38,Nữ,Hải Phòng,56,1,1,68.0,4.0,2634650.0,Trung bình,0.212
C01483,35,Nam,TP HCM,40,3,0,4.0,6.0,5040750.0,Đang hoạt động,0.448
C01484,44,Nam,Cần Thơ,40,2,0,66.0,7.0,8568350.0,Trung bình,0.27
C01485,28,Nữ,Hà Nội,2,2,1,2.0,6.0,6059950.0,Đang hoạt động,0.579
C01486,55,Nữ,TP HCM,45,4,0,48.0,9.0,10888300.0,Trung bình,0.364
C01487,58,Nữ,TP HCM,56,2,0,71.0,11.0,9579550.0,Trung bình,0.092
C01488,40,Nữ,Đà Nẵng,5,1,0,78.0,5.0,8931350.0,Trung bình,0.532
C01489,67,Nữ,Hà Nội,48,0,0,15.0,7.0,7611078.0,Đang hoạt động,0.098
C01490,52,Nam,Cần Thơ,13,2,0,139.0,5.0,2338100.0,Đã ngủ đông,0.558
C01491,31,Nam,Hải Phòng,38,0,0,43.0,10.0,5162500.0,Trung bình,0.067
C01492,47,Nữ,TP HCM,59,0,0,39.0,4.0,4326972.0,Trung bình,0.157
C01493,62,Nam,Hà Nội,28,1,0,24.0,8.0,8048900.0,Đang hoạt động,0.198
C01494,53,Nữ,Hà Nội,25,1,1,17.0,4.0,1461550.0,Đang hoạt động,0.398
C01495,41,Nam,Hà Nội,10,2,1,9.0,5.0,2216450.0,Đang hoạt động,0.567
C01496,30,Nam,TP HCM,2,2,0,48.0,10.0,6565400.0,Trung bình,0.39
C01497,31,Nữ,Hà Nội,59,0,0,103.0,4.0,4268150.0,Trung bình,0.137
C01498,67,Nam,Hải Phòng,51,1,0,31.0,3.0,1851000.0,Trung bình,0.276
C01499,64,Nam,Hà Nội,25,2,0,13.0,9.0,12485250.0,Đang hoạt động,0.26
C01500,66,Nam,Cần Thơ,37,2,0,11.0,12.0,5730500.0,Khách VIP,0.106
C01501,52,Nữ,Hà Nội,50,3,0,2.0,7.0,23813737.0,Đang hoạt động,0.32
C01502,56,Nữ,Cần Thơ,2,3,1,2.0,7.0,15343500.0,Đang hoạt động,0.657
C01503,60,Nữ,Hà Nội,15,0,0,34.0,5.0,5948050.0,Trung bình,0.317
C01504,18,Nam,Hà Nội,38,2,0,59.0,9.0,13714691.0,Trung bình,0.2
C01505,54,Nữ,Đà Nẵng,37,0,0,2.0,4.0,4449100.0,Đang hoạt động,0.247
C01506,22,Nam,TP HCM,49,3,0,65.0,7.0,3056000.0,Trung bình,0.329
C01507,67,Nữ,Hà Nội,42,0,0,33.0,11.0,10935500.0,Trung bình,0.05
C01508,38,Nam,Hà Nội,47,2,1,73.0,10.0,5642700.0,Trung bình,0.121
C01509,59,Nữ,TP HCM,23,0,0,31.0,14.0,16939300.0,Trung bình,0.054
C01510,68,Nữ,TP HCM,45,0,0,96.0,5.0,2868650.0,Trung bình,0.18
C01511,28,Nam,Cần Thơ,20,1,0,62.0,13.0,11599700.0,Trung bình,0.097
C01512,32,Nữ,TP HCM,30,1,0,2.0,16.0,22255258.0,Khách VIP,0.046
C01513,54,Nữ,TP HCM,60,0,0,6.0,10.0,15054800.0,Khách VIP,0.046
C01514,45,Nam,Hà Nội,49,0,0,106.0,2.0,2619000.0,Trung bình,0.251
C01515,32,Nam,TP HCM,5,1,0,34.0,14.0,13598250.0,Trung bình,0.133
C01516,68,Nữ,TP HCM,48,2,0,31.0,9.0,8328400.0,Trung bình,0.168
C01517,27,Nam,Hà Nội,35,3,0,40.0,9.0,10246800.0,Trung bình,0.293
C01518,40,Nữ,TP HCM,25,2,1,34.0,4.0,2970450.0,Trung bình,0.561
C01519,24,Nam,Đà Nẵng,15,0,0,106.0,6.0,8437350.0,Trung bình,0.298
C01520,33,Nữ,Hà Nội,52,2,0,168.0,5.0,2210450.0,Đã ngủ đông,0.277
C01521,51,Nữ,Cần Thơ,56,2,0,7.0,11.0,10529050.0,Khách VIP,0.082
C01522,24,Nữ,TP HCM,55,1,0,53.0,8.0,5959500.0,Trung bình,0.117
C01523,70,Nữ,TP HCM,45,1,0,17.0,13.0,30923512.0,Khách VIP,0.062
C01524,44,Nữ,TP HCM,20,2,0,22.0,8.0,5080700.0,Đang hoạt động,0.369
C01525,19,Nam,Hà Nội,50,1,0,18.0,13.0,10390200.0,Khách VIP,0.04
C01526,69,Nam,Hải Phòng,32,3,0,57.0,11.0,14835900.0,Trung bình,0.223
C01527,45,Nữ,Đà Nẵng,13,0,0,77.0,10.0,6337100.0,Trung bình,0.145
C01528,61,Nữ,TP HCM,5,2,1,13.0,7.0,5938800.0,Đang hoạt động,0.536
C01529,62,Nữ,TP HCM,57,2,0,13.0,6.0,6391400.0,Đang hoạt động,0.236
C01530,38,Nữ,Hải Phòng,6,4,1,63.0,11.0,11268550.0,Trung bình,0.497
C01531,53,Nữ,Hải Phòng,58,3,0,7.0,7.0,10917750.0,Đang hoạt động,0.248
C01532,41,Nữ,Hải Phòng,18,2,1,30.0,7.0,6348850.0,Đang hoạt động,0.402
C01533,59,Nữ,TP HCM,11,0,0,37.0,5.0,4198050.0,Trung bình,0.38
C01534,42,Nữ,Đà Nẵng,1,0,1,2.0,7.0,6167700.0,Đang hoạt động,0.328
C01535,63,Nam,Hà Nội,45,3,0,48.0,7.0,18816300.0,Trung bình,0.342
C01536,55,Nam,TP HCM,6,0,0,34.0,7.0,2274350.0,Trung bình,0.303
C01537,68,Nam,TP HCM,23,0,0,104.0,8.0,5174350.0,Trung bình,0.175
C01538,59,Nữ,TP HCM,39,2,0,25.0,10.0,7434050.0,Khách VIP,0.173
C01539,32,Nam,Hà Nội,19,0,0,29.0,11.0,10063150.0,Khách VIP,0.095
C01540,38,Nam,Hà Nội,44,0,0,3.0,3.0,1147000.0,Đang hoạt động,0.231
C01541,53,Nam,Đà Nẵng,57,0,0,55.0,5.0,3082450.0,Trung bình,0.124
C01542,52,Nam,Hải Phòng,31,1,0,33.0,9.0,11654450.0,Trung bình,0.157
C01543,68,Nữ,Cần Thơ,18,2,0,85.0,18.0,17812149.0,Trung bình,0.054
C01544,36,Nam,TP HCM,17,1,1,51.0,3.0,3932100.0,Trung bình,0.567
C01545,57,Nam,Đà Nẵng,24,0,0,75.0,6.0,17785346.0,Trung bình,0.255
C01546,45,Nam,Hà Nội,19,1,0,3.0,10.0,6133400.0,Khách VIP,0.167
C01547,18,Nữ,Hải Phòng,36,1,0,78.0,6.0,6201750.0,Trung bình,0.243
C01548,22,Nam,TP HCM,9,1,0,65.0,8.0,7932950.0,Trung bình,0.349
C01549,54,Nam,Hà Nội,43,0,0,999.0,0.0,0.0,Chưa mua,0.416
C01550,50,Nam,TP HCM,41,0,0,4.0,9.0,8379800.0,Đang hoạt động,0.091
C01551,61,Nam,Hà Nội,52,1,0,7.0,6.0,5563850.0,Đang hoạt động,0.158
C01552,64,Nữ,TP HCM,34,0,0,1.0,11.0,6208100.0,Khách VIP,0.07
C01553,36,Nữ,Đà Nẵng,18,2,0,75.0,4.0,22672890.0,Trung bình,0.637
C01554,67,Nữ,Hà Nội,54,2,0,117.0,7.0,5337900.0,Trung bình,0.184
C01555,69,Nữ,Hải Phòng,39,0,0,9.0,5.0,7148650.0,Đang hoạt động,0.185
C01556,58,Nữ,Hải Phòng,41,1,0,32.0,8.0,7529000.0,Trung bình,0.144
C01557,56,Nam,Hà Nội,6,1,0,15.0,8.0,4889100.0,Đang hoạt động,0.318
C01558,63,Nam,Đà Nẵng,18,0,0,16.0,5.0,1996850.0,Đang hoạt động,0.308
C01559,39,Nam,TP HCM,18,0,0,75.0,10.0,23800177.0,Trung bình,0.156
C01560,66,Nữ,Cần Thơ,45,2,0,15.0,15.0,26419020.901575148,Khách VIP,0.053
C01561,22,Nam,TP HCM,42,1,1,24.0,10.0,31723234.0,Khách VIP,0.133
C01562,50,Nữ,Đà Nẵng,43,1,0,4.0,6.0,3177150.0,Đang hoạt động,0.211
C01563,23,Nữ,Hà Nội,51,0,0,13.0,9.0,5584250.0,Đang hoạt động,0.059
C01564,68,Nữ,Hà Nội,49,1,0,19.0,8.0,10386950.0,Đang hoạt động,0.119
C01565,28,Nữ,Cần Thơ,10,0,0,3.0,7.0,7265850.0,Đang hoạt động,0.266
C01566,25,Nam,Hải Phòng,44,1,0,6.0,15.0,10046100.0,Khách VIP,0.03
C01567,70,Nam,Hà Nội,46,0,0,73.0,6.0,11419300.0,Trung bình,0.131
C01568,52,Nữ,Hà Nội,26,1,1,48.0,4.0,2755300.0,Trung bình,0.395
C01569,24,Nữ,TP HCM,14,1,0,1.0,7.0,7230350.0,Đang hoạt động,0.366
C01570,52,Nữ,Đà Nẵng,14,3,0,6.0,9.0,10688800.0,Đang hoạt động,0.457
C01571,65,Nam,Hà Nội,30,0,0,14.0,7.0,2876100.0,Đang hoạt động,0.151
C01572,36,Nam,Hải Phòng,40,2,0,29.0,4.0,2454000.0,Đang hoạt động,0.405
C01573,55,Nữ,Hà Nội,43,3,1,31.0,4.0,2505000.0,Trung bình,0.493
C01574,42,Nam,Đà Nẵng,16,1,1,27.0,7.0,5473000.0,Đang hoạt động,0.328
C01575,18,Nam,TP HCM,43,0,0,57.0,8.0,9879000.0,Trung bình,0.111
C01576,45,Nam,TP HCM,19,1,1,19.0,10.0,9411850.0,Khách VIP,0.197
C01577,40,Nữ,Hà Nội,46,1,0,16.0,12.0,18306104.0,Khách VIP,0.059
C01578,39,Nữ,TP HCM,9,1,0,1.0,13.0,16409100.0,Khách VIP,0.149
C01579,66,Nữ,Cần Thơ,55,0,0,17.0,12.0,13230350.0,Khách VIP,0.029
C01580,60,Nam,TP HCM,11,0,0,2.0,14.0,14437660.0,Khách VIP,0.074
C01581,57,Nữ,Đà Nẵng,34,3,0,63.0,6.0,8280000.0,Trung bình,0.48
C01582,24,Nam,Hà Nội,21,1,1,5.0,9.0,11559850.0,Đang hoạt động,0.203
C01583,66,Nữ,Cần Thơ,17,3,1,60.0,7.0,5191950.0,Trung bình,0.528
C01584,43,Nam,TP HCM,27,0,0,16.0,6.0,10087550.0,Đang hoạt động,0.24
C01585,33,Nam,Hải Phòng,11,3,1,84.0,4.0,4470800.0,Trung bình,0.725
C01586,54,Nữ,Hải Phòng,35,2,0,42.0,7.0,8690200.0,Trung bình,0.291
C01587,28,Nữ,Hà Nội,5,1,0,51.0,5.0,1967950.0,Trung bình,0.495
C01588,45,Nữ,Hải Phòng,13,0,0,23.0,10.0,10865800.0,Khách VIP,0.138
C01589,44,Nam,Hà Nội,38,0,0,54.0,8.0,6280050.0,Trung bình,0.104
C01590,37,Nữ,Hà Nội,1,0,0,3.0,12.0,8406500.0,Khách VIP,0.123
C01591,42,Nữ,Đà Nẵng,17,4,1,48.0,6.0,2367300.0,Trung bình,0.699
C01592,70,Nữ,Hải Phòng,24,2,0,6.0,7.0,6034600.0,Đang hoạt động,0.354
C01593,51,Nữ,Cần Thơ,49,0,0,6.0,8.0,9854750.0,Đang hoạt động,0.082
C01594,31,Nữ,TP HCM,56,2,0,23.0,8.0,3028800.0,Đang hoạt động,0.164
C01595,53,Nữ,Hà Nội,29,1,0,45.0,8.0,9245300.0,Trung bình,0.198
C01596,50,Nam,Hà Nội,51,3,0,72.0,8.0,10023000.0,Trung bình,0.243
C01597,49,Nữ,Hà Nội,7,5,1,14.0,11.0,10371200.0,Khách VIP,0.596
C01598,27,Nữ,Hải Phòng,44,0,0,24.0,5.0,2553150.0,Đang hoạt động,0.162
C01599,32,Nữ,TP HCM,7,0,0,28.0,7.0,4181350.0,Đang hoạt động,0.305
C01600,69,Nam,TP HCM,28,1,0,6.0,8.0,6544150.0,Đang hoạt động,0.223
C01601,47,Nam,Hải Phòng,14,1,1,52.0,9.0,10727900.0,Trung bình,0.237
C01602,40,Nữ,TP HCM,36,1,0,92.0,7.0,4703600.0,Trung bình,0.226
C01603,60,Nữ,Hải Phòng,23,1,0,62.0,2.0,330400.0,Trung bình,0.528
C01604,25,Nam,Hà Nội,16,1,0,8.0,10.0,9871950.0,Khách VIP,0.187
C01605,48,Nữ,Hà Nội,8,1,1,87.0,7.0,5496900.0,Trung bình,0.364
C01606,63,Nữ,TP HCM,53,0,0,75.0,6.0,6267600.0,Trung bình,0.123
C01607,57,Nam,Hà Nội,54,1,0,5.0,5.0,10145800.0,Đang hoạt động,0.19
C01608,23,Nam,TP HCM,35,1,0,47.0,6.0,8536550.0,Trung bình,0.283
C01609,27,Nam,TP HCM,39,0,0,88.0,4.0,4526400.0,Trung bình,0.256
C01610,25,Nữ,Hải Phòng,19,3,1,248.0,5.0,9462100.0,Đã ngủ đông,0.64
C01611,48,Nam,TP HCM,1,1,0,29.0,7.0,5449100.0,Đang hoạt động,0.452
C01612,63,Nam,Hà Nội,51,1,0,6.0,9.0,8706750.0,Đang hoạt động,0.089
C01613,63,Nam,Hải Phòng,16,1,0,71.0,8.0,6451500.0,Trung bình,0.261
C01614,54,Nữ,Hà Nội,14,1,0,20.0,10.0,7449400.0,Khách VIP,0.191
C01615,61,Nữ,Đà Nẵng,16,1,1,24.0,7.0,4987600.0,Đang hoạt động,0.325
C01616,27,Nam,Đà Nẵng,17,4,0,14.0,9.0,16991515.0,Đang hoạt động,0.566
C01617,65,Nam,Hà Nội,12,1,0,98.0,8.0,6158350.0,Trung bình,0.284
C01618,50,Nam,TP HCM,50,1,0,13.0,10.0,11626500.0,Khách VIP,0.09
C01619,48,Nam,Hải Phòng,37,0,0,19.0,8.0,14451000.0,Đang hoạt động,0.113
C01620,21,Nữ,Hà Nội,53,2,0,7.0,5.0,3773000.0,Đang hoạt động,0.271
C01621,54,Nam,Cần Thơ,29,2,1,90.0,7.0,13775950.0,Trung bình,0.349
C01622,43,Nam,Cần Thơ,29,1,0,14.0,10.0,3996900.0,Khách VIP,0.132
C01623,62,Nữ,TP HCM,54,0,0,55.0,6.0,7687400.0,Trung bình,0.121
C01624,41,Nữ,Cần Thơ,36,1,0,26.0,8.0,6946350.0,Đang hoạt động,0.17
C01625,51,Nữ,TP HCM,1,1,1,3.0,7.0,3371150.0,Đang hoạt động,0.448
C01626,50,Nam,Cần Thơ,1,1,1,142.0,6.0,5019800.0,Đã ngủ đông,0.482
C01627,49,Nam,Hải Phòng,5,1,0,16.0,13.0,8466800.0,Khách VIP,0.133
C01628,31,Nữ,TP HCM,12,1,0,1.0,13.0,7995350.0,Khách VIP,0.13
C01629,22,Nữ,Hải Phòng,33,0,0,55.0,11.0,7539050.0,Trung bình,0.064
C01630,21,Nam,TP HCM,53,0,1,21.0,9.0,10530700.0,Đang hoạt động,0.068
C01631,50,Nữ,Đà Nẵng,22,1,0,28.0,6.0,10247400.0,Đang hoạt động,0.35
C01632,28,Nam,Hải Phòng,13,1,1,38.0,9.0,10284500.0,Trung bình,0.243
C01633,42,Nữ,TP HCM,23,1,0,52.0,5.0,4233550.0,Trung bình,0.407
C01634,48,Nam,Hà Nội,22,2,0,12.0,11.0,6282750.0,Khách VIP,0.186
C01635,39,Nữ,Hải Phòng,57,2,1,58.0,5.0,4401200.0,Trung bình,0.249
C01636,26,Nữ,Đà Nẵng,54,1,0,54.0,12.0,8142300.0,Trung bình,0.048
C01637,50,Nam,TP HCM,58,0,0,33.0,5.0,1788950.0,Trung bình,0.128
C01638,20,Nữ,TP HCM,24,0,0,96.0,8.0,13172600.0,Trung bình,0.187
C01639,55,Nam,Hải Phòng,26,0,0,5.0,9.0,12193850.0,Đang hoạt động,0.12
C01640,29,Nam,Cần Thơ,19,1,0,3.0,11.0,7957900.0,Khách VIP,0.145
C01641,22,Nữ,TP HCM,50,1,0,28.0,6.0,6580200.0,Đang hoạt động,0.199
C01642,29,Nam,Hà Nội,5,4,0,6.0,12.0,12303700.515530739,Khách VIP,0.446
C01643,62,Nam,Cần Thơ,27,1,0,84.0,7.0,5014800.0,Trung bình,0.249
C01644,30,Nam,TP HCM,10,2,0,68.0,6.0,8179300.0,Trung bình,0.568
C01645,34,Nam,Hà Nội,42,0,0,6.0,15.0,11052350.0,Khách VIP,0.02
C01646,32,Nữ,TP HCM,39,1,1,73.0,3.0,2155750.0,Trung bình,0.403
C01647,53,Nam,TP HCM,51,1,1,19.0,4.0,4742250.0,Đang hoạt động,0.27
C01648,30,Nam,TP HCM,55,0,0,61.0,8.0,8951600.0,Trung bình,0.079
C01649,23,Nữ,Đà Nẵng,28,0,0,97.0,7.0,8002000.0,Trung bình,0.185
C01650,24,Nữ,TP HCM,4,1,1,90.0,4.0,1924300.0,Trung bình,0.605
C01651,40,Nam,TP HCM,59,1,0,11.0,8.0,6792750.0,Đang hoạt động,0.104
C01652,57,Nam,TP HCM,43,1,0,10.0,5.0,7617950.0,Đang hoạt động,0.275
C01653,26,Nữ,TP HCM,35,3,0,17.0,8.0,3930550.0,Đang hoạt động,0.371
C01654,54,Nam,Hải Phòng,24,0,0,3.0,6.0,7469800.0,Đang hoạt động,0.22
C01655,65,Nam,Hà Nội,12,2,0,51.0,11.0,10185900.0,Trung bình,0.241
C01656,66,Nữ,Hà Nội,19,2,0,28.0,8.0,7777800.0,Đang hoạt động,0.339
C01657,63,Nữ,TP HCM,55,1,0,3.0,11.0,9828300.0,Khách VIP,0.062
C01658,25,Nam,Cần Thơ,10,1,0,17.0,11.0,15529500.0,Khách VIP,0.193
C01659,36,Nam,Đà Nẵng,49,1,0,28.0,5.0,3673550.0,Đang hoạt động,0.223
C01660,29,Nữ,Hà Nội,3,0,1,12.0,8.0,7741400.0,Đang hoạt động,0.253
C01661,41,Nữ,Hà Nội,40,2,0,6.0,5.0,6754350.0,Đang hoạt động,0.358
C01662,30,Nam,Đà Nẵng,15,1,0,100.0,7.0,6414400.0,Trung bình,0.341
C01663,42,Nữ,Hải Phòng,16,2,0,80.0,9.0,6100600.0,Trung bình,0.309
C01664,22,Nam,Cần Thơ,28,2,1,13.0,5.0,2336250.0,Đang hoạt động,0.447
C01665,28,Nữ,Hà Nội,35,0,0,20.0,9.0,9613650.0,Đang hoạt động,0.095
C01666,70,Nam,Cần Thơ,6,1,0,77.0,3.0,4814000.0,Trung bình,0.613
C01667,41,Nữ,Đà Nẵng,22,0,0,44.0,8.0,9389600.0,Trung bình,0.175
C01668,54,Nam,Đà Nẵng,53,3,0,24.0,7.0,10679177.0,Đang hoạt động,0.294
C01669,62,Nam,TP HCM,33,2,0,16.0,4.0,3070000.0,Đang hoạt động,0.495
C01670,53,Nữ,Hà Nội,56,2,0,21.0,9.0,9334400.0,Đang hoạt động,0.12
C01671,53,Nữ,Cần Thơ,29,1,0,6.0,6.0,3114500.0,Đang hoạt động,0.279
C01672,44,Nữ,TP HCM,50,2,0,36.0,9.0,5270500.0,Trung bình,0.159
C01673,40,Nữ,TP HCM,17,1,0,24.0,11.0,12706800.0,Khách VIP,0.177
C01674,47,Nữ,TP HCM,23,1,1,5.0,3.0,2262700.0,Đang hoạt động,0.517
C01675,64,Nữ,Hải Phòng,2,2,1,7.0,8.0,9327950.0,Đang hoạt động,0.464
C01676,30,Nam,Hà Nội,56,1,0,43.0,10.0,7411450.0,Trung bình,0.064
C01677,21,Nam,Hải Phòng,15,0,1,42.0,7.0,5129850.0,Trung bình,0.228
C01678,28,Nữ,Hải Phòng,31,2,0,11.0,8.0,5987250.0,Đang hoạt động,0.265
C01679,44,Nữ,TP HCM,54,0,0,10.0,5.0,3050600.0,Đang hoạt động,0.144
C01680,25,Nam,TP HCM,26,0,0,9.0,15.0,12870600.0,Khách VIP,0.039
C01681,18,Nữ,TP HCM,15,1,0,2.0,8.0,5915150.0,Đang hoạt động,0.306
C01682,33,Nam,TP HCM,8,1,1,5.0,4.0,9134802.0,Đang hoạt động,0.586
C01683,22,Nam,Hà Nội,51,1,0,28.0,6.0,6168900.0,Đang hoạt động,0.167
C01684,60,Nữ,Hà Nội,8,0,1,59.0,3.0,3373050.0,Trung bình,0.474
C01685,63,Nam,Hà Nội,44,2,0,99.0,7.0,3190950.0,Trung bình,0.228
C01686,58,Nữ,Đà Nẵng,50,2,0,30.0,11.0,11500000.0,Khách VIP,0.102
C01687,63,Nữ,Hà Nội,24,1,1,6.0,8.0,8068000.0,Đang hoạt động,0.218
C01688,29,Nữ,Đà Nẵng,40,1,0,15.0,9.0,10270850.0,Đang hoạt động,0.135
C01689,69,Nữ,Hà Nội,52,1,0,34.0,9.0,10851550.0,Trung bình,0.089
C01690,19,Nữ,TP HCM,21,1,1,223.0,1.0,707000.0,Đã ngủ đông,0.654
C01691,41,Nam,Cần Thơ,49,2,1,65.0,6.0,15534400.0,Trung bình,0.276
C01692,27,Nữ,TP HCM,36,1,0,25.0,4.0,3002450.0,Đang hoạt động,0.369
C01693,46,Nam,Hà Nội,10,2,0,102.0,7.0,9477000.0,Trung bình,0.468
C01694,26,Nam,Hải Phòng,16,2,0,38.0,4.0,7650962.0,Trung bình,0.596
C01695,27,Nữ,Hải Phòng,27,0,1,35.0,6.0,5808000.0,Trung bình,0.208
C01696,38,Nam,TP HCM,18,0,0,95.0,6.0,4927650.0,Trung bình,0.287
C01697,21,Nam,TP HCM,4,1,1,46.0,4.0,2135000.0,Trung bình,0.603
C01698,42,Nữ,TP HCM,32,0,0,2.0,5.0,3490750.0,Đang hoạt động,0.246
C01699,37,Nữ,Đà Nẵng,59,0,0,38.0,7.0,9817350.0,Trung bình,0.082
C01700,66,Nam,Hà Nội,31,1,0,89.0,6.0,6372800.0,Trung bình,0.264
C01701,63,Nữ,TP HCM,3,1,1,75.0,7.0,10550300.0,Trung bình,0.449
C01702,22,Nam,Hà Nội,33,1,0,32.0,9.0,13235950.0,Trung bình,0.153
C01703,30,Nữ,TP HCM,46,4,0,6.0,12.0,6538100.0,Khách VIP,0.21
C01704,46,Nam,TP HCM,35,1,0,16.0,11.0,11476150.0,Khách VIP,0.109
C01705,64,Nam,Cần Thơ,34,0,0,41.0,4.0,5548600.0,Trung bình,0.256
C01706,41,Nam,Hà Nội,4,2,0,8.0,6.0,6056850.0,Đang hoạt động,0.561
C01707,36,Nữ,Hà Nội,55,2,0,8.0,7.0,9326950.0,Đang hoạt động,0.185
C01708,64,Nam,TP HCM,59,1,0,32.0,13.0,7449250.0,Trung bình,0.034
C01709,31,Nam,Cần Thơ,49,0,0,13.0,11.0,7150400.0,Khách VIP,0.042
C01710,54,Nữ,Hà Nội,42,0,0,54.0,5.0,2306000.0,Trung bình,0.167
C01711,42,Nam,Hà Nội,18,2,0,52.0,10.0,12055950.0,Trung bình,0.258
C01712,61,Nữ,Cần Thơ,33,3,0,22.0,9.0,15327650.0,Đang hoạt động,0.32
C01713,18,Nữ,Hải Phòng,1,2,1,47.0,7.0,9609150.0,Trung bình,0.541
C01714,44,Nữ,TP HCM,27,1,0,118.0,2.0,3042850.0,Trung bình,0.552
C01715,68,Nữ,Cần Thơ,38,0,0,32.0,6.0,5551800.0,Trung bình,0.16
C01716,65,Nữ,TP HCM,39,1,0,24.0,11.0,10593050.0,Khách VIP,0.097
C01717,51,Nam,TP HCM,40,0,1,71.0,8.0,7290100.0,Trung bình,0.116
C01718,62,Nữ,Cần Thơ,37,0,0,50.0,8.0,11228479.34454187,Trung bình,0.115
C01719,44,Nam,Đà Nẵng,4,1,1,84.0,5.0,2314550.0,Trung bình,0.523
C01720,37,Nữ,Hà Nội,20,1,1,106.0,6.0,8366200.0,Trung bình,0.344
C01721,66,Nam,Hà Nội,55,3,1,69.0,3.0,2686000.0,Trung bình,0.461
C01722,34,Nam,Hải Phòng,18,2,1,145.0,5.0,1897000.0,Đã ngủ đông,0.513
C01723,47,Nữ,Đà Nẵng,27,0,0,4.0,11.0,10809000.0,Khách VIP,0.083
C01724,62,Nam,TP HCM,38,2,0,87.0,6.0,6057100.0,Trung bình,0.354
C01725,69,Nữ,Hà Nội,51,1,0,25.0,5.0,8871800.0,Đang hoạt động,0.202
C01726,59,Nam,Hà Nội,28,0,0,66.0,7.0,10474100.0,Trung bình,0.17
C01727,60,Nam,Cần Thơ,22,1,1,122.0,7.0,6126550.0,Đã ngủ đông,0.281
C01728,32,Nữ,Hà Nội,58,0,0,39.0,5.0,8744000.0,Trung bình,0.118
C01729,40,Nữ,Hà Nội,45,0,0,87.0,5.0,3907000.0,Trung bình,0.159
C01730,21,Nữ,TP HCM,27,0,0,20.0,13.0,8369400.0,Khách VIP,0.058
C01731,43,Nam,Cần Thơ,16,1,0,52.0,3.0,2965100.0,Trung bình,0.539
C01732,58,Nữ,Hà Nội,52,1,0,6.0,7.0,4339950.0,Đang hoạt động,0.129
C01733,34,Nữ,Hà Nội,10,2,1,47.0,8.0,7181443.0,Trung bình,0.406
C01734,33,Nam,TP HCM,3,1,0,90.0,5.0,6295200.0,Trung bình,0.562
C01735,31,Nam,Hải Phòng,42,2,0,7.0,8.0,5567800.0,Đang hoạt động,0.204
C01736,60,Nữ,TP HCM,48,2,0,77.0,4.0,5496100.0,Trung bình,0.394
C01737,64,Nam,Hà Nội,21,1,0,5.0,9.0,8277550.0,Đang hoạt động,0.194
C01738,31,Nữ,Hải Phòng,60,1,0,24.0,7.0,6482000.0,Đang hoạt động,0.108
C01739,39,Nữ,TP HCM,3,0,0,6.0,6.0,4482500.0,Đang hoạt động,0.384
C01740,22,Nam,TP HCM,30,1,0,15.0,8.0,17068407.0,Đang hoạt động,0.236
C01741,67,Nam,Cần Thơ,29,4,0,11.0,11.0,8632000.0,Khách VIP,0.328
C01742,44,Nam,Hải Phòng,27,2,0,7.0,6.0,3341300.0,Đang hoạt động,0.385
C01743,36,Nam,Hà Nội,47,1,0,11.0,7.0,5129300.0,Đang hoạt động,0.149
C01744,50,Nam,Hà Nội,32,0,0,35.0,9.0,9069700.0,Trung bình,0.1
C01745,54,Nam,TP HCM,24,2,1,129.0,3.0,3098200.0,Đã ngủ đông,0.625
C01746,29,Nữ,Hà Nội,26,3,1,18.0,5.0,4263900.0,Đang hoạt động,0.569
C01747,28,Nữ,Hà Nội,3,0,0,62.0,7.0,8432000.0,Trung bình,0.304
C01748,32,Nam,Hà Nội,22,3,1,12.0,11.0,15038363.0,Khách VIP,0.283
C01749,48,Nam,TP HCM,55,1,0,1.0,10.0,10000900.0,Khách VIP,0.077
C01750,58,Nam,TP HCM,18,0,1,40.0,7.0,6566300.0,Trung bình,0.24
C01751,57,Nữ,Đà Nẵng,7,1,1,128.0,7.0,4058550.0,Đã ngủ đông,0.389
C01752,44,Nữ,Hà Nội,32,2,0,11.0,11.0,12215000.0,Khách VIP,0.153
C01753,35,Nữ,TP HCM,15,0,0,10.0,9.0,6736350.0,Đang hoạt động,0.18
C01754,40,Nữ,Hà Nội,39,0,0,25.0,6.0,14645350.0,Đang hoạt động,0.163
C01755,49,Nữ,TP HCM,38,0,1,999.0,0.0,0.0,Chưa mua,0.498
C01756,53,Nam,Đà Nẵng,57,2,0,14.0,7.0,11720000.0,Đang hoạt động,0.191
C01757,25,Nam,TP HCM,21,2,0,2.0,8.0,5139750.0,Đang hoạt động,0.363
C01758,25,Nam,Hà Nội,19,2,1,12.0,3.0,1763000.0,Đang hoạt động,0.617
C01759,43,Nam,Hà Nội,43,0,0,4.0,12.0,10269261.0,Khách VIP,0.038
C01760,48,Nam,Hải Phòng,37,0,1,116.0,6.0,4504101.0,Trung bình,0.16
C01761,41,Nữ,TP HCM,58,0,0,46.0,11.0,14808853.0,Trung bình,0.039
C01762,55,Nữ,TP HCM,13,3,1,79.0,6.0,8712300.0,Trung bình,0.654
C01763,59,Nữ,Cần Thơ,55,0,0,72.0,7.0,8050850.0,Trung bình,0.085
C01764,49,Nam,TP HCM,30,1,0,115.0,3.0,973000.0,Trung bình,0.463
C01765,34,Nam,Hà Nội,52,0,0,20.0,11.0,9831300.0,Khách VIP,0.037
C01766,70,Nam,TP HCM,14,1,1,4.0,6.0,7524400.0,Đang hoạt động,0.414
C01767,21,Nữ,Hà Nội,43,1,0,13.0,7.0,13097500.0,Đang hoạt động,0.178
C01768,63,Nữ,Cần Thơ,54,1,0,19.0,5.0,7205800.0,Đang hoạt động,0.193
C01769,31,Nữ,Đà Nẵng,23,2,1,22.0,7.0,6248500.0,Đang hoạt động,0.389
C01770,35,Nữ,TP HCM,23,0,0,27.0,9.0,4879800.0,Đang hoạt động,0.145
C01771,35,Nữ,Hải Phòng,47,1,0,15.0,13.0,15673800.0,Khách VIP,0.045
C01772,34,Nữ,Đà Nẵng,44,2,0,50.0,8.0,6825750.0,Trung bình,0.213
C01773,20,Nam,TP HCM,18,2,0,15.0,6.0,4059800.0,Đang hoạt động,0.499
C01774,18,Nam,Hà Nội,42,1,0,32.0,9.0,7676550.0,Trung bình,0.117
C01775,40,Nam,TP HCM,22,1,1,19.0,4.0,7399700.0,Đang hoạt động,0.477
C01776,64,Nam,TP HCM,57,3,1,6.0,6.0,1763350.0,Đang hoạt động,0.317
C01777,57,Nam,TP HCM,48,0,0,19.0,13.0,13668500.0,Khách VIP,0.032
C01778,66,Nữ,Đà Nẵng,52,2,0,1.0,10.0,20550877.0,Khách VIP,0.127
C01779,35,Nam,TP HCM,5,0,1,69.0,5.0,4223100.0,Trung bình,0.427
C01780,29,Nam,Hà Nội,41,2,0,43.0,7.0,3385700.0,Trung bình,0.248
C01781,56,Nữ,Hà Nội,18,3,1,49.0,7.0,6663000.0,Trung bình,0.514
C01782,25,Nữ,TP HCM,37,0,1,9.0,4.0,1998400.0,Đang hoạt động,0.262
C01783,63,Nữ,Hải Phòng,1,1,0,3.0,8.0,8461750.0,Đang hoạt động,0.359
C01784,54,Nữ,TP HCM,57,1,0,107.0,11.0,6844600.0,Trung bình,0.058
C01785,54,Nữ,Đà Nẵng,46,0,0,119.0,3.0,6120450.0,Trung bình,0.247
C01786,28,Nam,Hà Nội,25,1,1,159.0,4.0,5453700.0,Đã ngủ đông,0.415
C01787,34,Nam,TP HCM,29,1,0,22.0,11.0,8397900.0,Khách VIP,0.126
C01788,44,Nữ,Hà Nội,10,2,1,37.0,8.0,9768000.0,Trung bình,0.41
C01789,28,Nữ,TP HCM,53,2,0,47.0,11.0,16350404.0,Trung bình,0.107
C01790,52,Nam,Hải Phòng,1,4,0,31.0,3.0,7724000.0,Trung bình,0.878
C01791,38,Nữ,TP HCM,13,2,1,81.0,6.0,9422950.0,Trung bình,0.549
C01792,55,Nữ,Đà Nẵng,22,2,0,30.0,8.0,6448100.0,Đang hoạt động,0.338
C01793,59,Nam,Hà Nội,15,1,1,39.0,5.0,4039450.0,Trung bình,0.418
C01794,61,Nữ,Hà Nội,29,1,0,8.0,7.0,6692800.0,Đang hoạt động,0.232
C01795,21,Nam,TP HCM,53,1,0,11.0,4.0,8170800.0,Đang hoạt động,0.268
C01796,31,Nam,TP HCM,11,1,0,25.0,8.0,7768450.0,Đang hoạt động,0.333
C01797,48,Nam,TP HCM,15,3,0,1.0,7.0,10054000.0,Đang hoạt động,0.585
C01798,31,Nữ,Hải Phòng,12,1,1,87.0,4.0,2119800.0,Trung bình,0.503
C01799,22,Nữ,Hà Nội,1,1,0,5.0,10.0,26768454.0,Khách VIP,0.298
C01800,61,Nữ,Hà Nội,6,1,1,59.0,5.0,3329150.0,Trung bình,0.485
C01801,49,Nam,Hà Nội,33,2,1,42.0,7.0,6683700.0,Trung bình,0.299
C01802,46,Nam,TP HCM,47,1,0,23.0,9.0,7972000.0,Đang hoạt động,0.117
C01803,56,Nam,Hà Nội,60,4,0,13.0,8.0,4496100.0,Đang hoạt động,0.266
C01804,68,Nữ,Cần Thơ,31,1,1,70.0,7.0,3932900.0,Trung bình,0.225
C01805,27,Nam,Hà Nội,7,3,0,19.0,7.0,5761600.0,Đang hoạt động,0.596
C01806,62,Nữ,Hà Nội,53,0,0,48.0,6.0,8190684.0,Trung bình,0.107
C01807,24,Nữ,Hải Phòng,8,1,0,130.0,3.0,6462000.0,Đã ngủ đông,0.603
C01808,30,Nam,TP HCM,52,0,0,28.0,3.0,466600.0,Đang hoạt động,0.219
C01809,57,Nam,Hà Nội,12,0,0,49.0,10.0,8072950.0,Trung bình,0.137
C01810,56,Nam,Hà Nội,24,3,0,69.0,10.0,13449600.0,Trung bình,0.316
C01811,64,Nữ,TP HCM,31,4,1,24.0,9.0,7064900.0,Đang hoạt động,0.455
C01812,42,Nam,Đà Nẵng,9,1,0,24.0,6.0,7084400.0,Đang hoạt động,0.436
C01813,21,Nam,Hải Phòng,30,0,0,16.0,12.0,11944411.0,Khách VIP,0.058
C01814,58,Nam,Cần Thơ,29,1,1,79.0,4.0,7226400.0,Trung bình,0.393
C01815,67,Nữ,TP HCM,34,2,0,27.0,5.0,3021450.0,Đang hoạt động,0.43
C01816,42,Nữ,Hà Nội,40,3,0,8.0,12.0,7482250.0,Khách VIP,0.145
C01817,53,Nữ,Hải Phòng,56,1,1,195.0,4.0,3714000.0,Đã ngủ đông,0.215
C01818,42,Nam,TP HCM,12,0,1,82.0,3.0,2011400.0,Trung bình,0.486
C01819,22,Nam,TP HCM,31,1,1,11.0,7.0,8457450.0,Đang hoạt động,0.259
C01820,63,Nữ,Hà Nội,47,1,1,14.0,7.0,5277900.0,Đang hoạt động,0.148
C01821,24,Nữ,Cần Thơ,52,1,0,72.0,6.0,4268000.0,Trung bình,0.168
C01822,64,Nữ,Hà Nội,24,3,1,52.0,6.0,2573250.0,Trung bình,0.517
C01823,39,Nam,Hà Nội,39,0,0,24.0,9.0,7665650.0,Đang hoạt động,0.083
C01824,29,Nam,TP HCM,39,0,0,7.0,8.0,9285600.0,Đang hoạt động,0.121
C01825,69,Nam,Hà Nội,58,2,0,51.0,10.0,11034750.0,Trung bình,0.092
C01826,19,Nữ,Hà Nội,2,0,0,128.0,4.0,6616400.0,Đã ngủ đông,0.477
C01827,39,Nam,TP HCM,14,4,0,22.0,9.0,8376850.0,Đang hoạt động,0.587
C01828,44,Nam,Cần Thơ,58,0,0,16.0,3.0,5325800.0,Đang hoạt động,0.176
C01829,21,Nam,Hà Nội,8,1,1,14.0,6.0,2892900.0,Đang hoạt động,0.415
C01830,45,Nam,Hải Phòng,27,1,1,16.0,4.0,5583100.0,Đang hoạt động,0.394
C01831,28,Nữ,Đà Nẵng,19,2,1,78.0,4.0,3087400.0,Trung bình,0.589
C01832,34,Nam,Hải Phòng,48,1,1,7.0,8.0,10362850.0,Đang hoạt động,0.124
C01833,39,Nam,TP HCM,5,1,0,6.0,11.0,10254050.0,Khách VIP,0.23
C01834,55,Nam,Hà Nội,22,2,0,3.0,11.0,5353700.0,Khách VIP,0.184
C01835,60,Nữ,Đà Nẵng,12,0,1,20.0,6.0,10409800.0,Đang hoạt động,0.314
C01836,35,Nam,TP HCM,24,1,0,39.0,7.0,6328200.0,Trung bình,0.297
C01837,26,Nam,Hà Nội,51,5,1,15.0,9.0,6193100.0,Đang hoạt động,0.381
C01838,38,Nữ,Hà Nội,44,1,0,11.0,9.0,8361600.0,Đang hoạt động,0.11
C01839,43,Nữ,Đà Nẵng,50,1,0,1.0,13.0,15542650.0,Khách VIP,0.045
C01840,34,Nữ,Cần Thơ,1,1,0,107.0,6.0,7194400.0,Trung bình,0.49
C01841,32,Nam,Hà Nội,51,1,1,20.0,2.0,1350000.0,Đang hoạt động,0.329
C01842,26,Nam,Hải Phòng,39,4,1,21.0,5.0,3122550.0,Đang hoạt động,0.583
C01843,27,Nữ,TP HCM,41,0,0,83.0,6.0,3557100.0,Trung bình,0.168
C01844,23,Nữ,TP HCM,5,2,0,23.0,9.0,6718200.0,Đang hoạt động,0.427
C01845,41,Nữ,Hà Nội,18,0,0,28.0,12.0,12562750.0,Khách VIP,0.08
C01846,45,Nữ,TP HCM,16,1,0,19.0,7.0,4109750.0,Đang hoạt động,0.344
C01847,48,Nữ,Hà Nội,37,0,0,62.0,7.0,6824800.0,Trung bình,0.132
C01848,23,Nam,Đà Nẵng,55,0,1,89.0,3.0,1859000.0,Trung bình,0.196
C01849,46,Nữ,Cần Thơ,29,2,0,136.0,4.0,5908900.0,Đã ngủ đông,0.508
C01850,68,Nữ,Hải Phòng,60,1,0,4.0,5.0,6361550.0,Đang hoạt động,0.159
C01851,70,Nam,Cần Thơ,45,1,0,7.0,6.0,11110550.0,Đang hoạt động,0.202
C01852,37,Nam,Hà Nội,12,3,1,17.0,7.0,6802250.0,Đang hoạt động,0.56
C01853,55,Nữ,TP HCM,19,2,1,2.0,7.0,9062500.0,Đang hoạt động,0.439
C01854,42,Nữ,Hà Nội,58,1,0,8.0,5.0,10125700.0,Đang hoạt động,0.175
C01855,22,Nữ,Hà Nội,44,0,0,24.0,8.0,12400550.0,Đang hoạt động,0.094
C01856,27,Nam,Hà Nội,48,0,0,117.0,8.0,16322922.0,Trung bình,0.088
C01857,57,Nữ,TP HCM,37,2,0,20.0,13.0,15317300.0,Khách VIP,0.105
C01858,29,Nữ,Hà Nội,36,0,1,150.0,3.0,3556350.0,Đã ngủ đông,0.287
C01859,59,Nữ,Hải Phòng,54,0,0,9.0,8.0,9624650.0,Đang hoạt động,0.068
C01860,22,Nam,Hà Nội,31,2,1,73.0,6.0,4854000.0,Trung bình,0.366
C01861,59,Nam,Cần Thơ,38,1,0,108.0,3.0,5642000.0,Trung bình,0.382
C01862,20,Nam,Hà Nội,42,3,0,21.0,8.0,10153050.0,Đang hoạt động,0.299
C01863,36,Nữ,TP HCM,18,3,0,25.0,5.0,3659600.0,Đang hoạt động,0.664
C01864,58,Nữ,Cần Thơ,49,2,0,4.0,10.0,23284120.0,Khách VIP,0.135
C01865,29,Nam,Đà Nẵng,43,4,1,92.0,8.0,8507000.0,Trung bình,0.415
C01866,27,Nữ,Hà Nội,40,1,0,32.0,8.0,9746850.0,Trung bình,0.153
C01867,33,Nữ,Cần Thơ,36,3,1,21.0,7.0,5686500.0,Đang hoạt động,0.392
C01868,39,Nam,Hải Phòng,8,0,0,6.0,11.0,10770850.0,Khách VIP,0.128
C01869,21,Nam,TP HCM,26,2,0,26.0,7.0,7431750.0,Đang hoạt động,0.39
C01870,59,Nữ,Đà Nẵng,60,1,1,149.0,2.0,5311000.0,Đã ngủ đông,0.3
C01871,46,Nữ,Đà Nẵng,17,0,1,45.0,5.0,3103050.0,Trung bình,0.321
C01872,59,Nữ,TP HCM,31,0,0,41.0,7.0,12267171.96497519,Trung bình,0.184
C01873,31,Nữ,Hà Nội,44,1,0,57.0,4.0,3254400.0,Trung bình,0.28
C01874,64,Nữ,Đà Nẵng,46,0,0,14.0,9.0,16852200.0,Đang hoạt động,0.079
C01875,60,Nam,Hà Nội,8,0,0,48.0,8.0,4742550.0,Trung bình,0.218
C01876,46,Nam,TP HCM,19,2,0,91.0,7.0,20494898.0,Trung bình,0.468
C01877,59,Nam,Cần Thơ,35,2,0,24.0,8.0,5788050.0,Đang hoạt động,0.245
C01878,32,Nam,TP HCM,3,0,1,12.0,5.0,6986158.0,Đang hoạt động,0.446
C01879,25,Nữ,Hà Nội,59,2,0,63.0,6.0,5275250.0,Trung bình,0.2
C01880,46,Nữ,TP HCM,24,1,0,17.0,7.0,9499200.0,Đang hoạt động,0.302
C01881,59,Nam,TP HCM,40,4,0,101.0,3.0,1153450.0,Trung bình,0.715
C01882,63,Nữ,Cần Thơ,52,0,0,58.0,8.0,5488000.0,Trung bình,0.073
C01883,18,Nữ,Hải Phòng,41,1,0,89.0,9.0,10411400.0,Trung bình,0.124
C01884,55,Nữ,Hà Nội,12,2,1,26.0,5.0,4281000.0,Đang hoạt động,0.556
C01885,34,Nam,Hải Phòng,21,1,1,52.0,4.0,1990350.0,Trung bình,0.432
C01886,34,Nam,TP HCM,45,1,0,40.0,4.0,1258550.0,Trung bình,0.303
C01887,63,Nam,Hà Nội,29,0,0,4.0,13.0,9455750.0,Khách VIP,0.045
C01888,70,Nam,Hà Nội,20,4,0,37.0,8.0,5347550.0,Trung bình,0.547
C01889,47,Nữ,Hà Nội,3,0,0,9.0,4.0,1754000.0,Đang hoạt động,0.449
C01890,19,Nữ,Hà Nội,41,2,0,6.0,13.0,14152100.0,Khách VIP,0.082
C01891,47,Nữ,Hà Nội,44,0,1,87.0,5.0,2365600.0,Trung bình,0.161
C01892,69,Nữ,Đà Nẵng,6,0,1,70.0,4.0,4593000.0,Trung bình,0.455
C01893,43,Nữ,TP HCM,54,3,0,4.0,8.0,11206474.397147335,Đang hoạt động,0.26
C01894,27,Nữ,Cần Thơ,59,6,1,57.0,4.0,4194100.0,Trung bình,0.721
C01895,34,Nữ,TP HCM,21,1,0,22.0,6.0,3654150.0,Đang hoạt động,0.364
C01896,27,Nữ,Đà Nẵng,56,1,1,21.0,3.0,4483400.0,Đang hoạt động,0.275
C01897,64,Nữ,Hà Nội,7,1,1,16.0,7.0,6495300.0,Đang hoạt động,0.368
C01898,33,Nam,Hà Nội,34,0,1,84.0,8.0,3076250.0,Trung bình,0.114
C01899,60,Nam,Cần Thơ,25,0,0,12.0,9.0,5248900.0,Đang hoạt động,0.121
C01900,24,Nam,TP HCM,35,0,0,30.0,5.0,3025300.0,Đang hoạt động,0.231
C01901,64,Nữ,TP HCM,6,1,1,8.0,4.0,3575900.0,Đang hoạt động,0.584
C01902,55,Nữ,TP HCM,15,2,0,7.0,11.0,9413532.11799638,Khách VIP,0.256
C01903,29,Nữ,TP HCM,44,1,1,27.0,7.0,8527050.0,Đang hoạt động,0.192
C01904,63,Nam,TP HCM,20,3,0,135.0,3.0,3781400.0,Đã ngủ đông,0.748
C01905,47,Nữ,TP HCM,44,2,1,33.0,6.0,3825650.0,Trung bình,0.311
C01906,23,Nam,TP HCM,28,1,0,4.0,7.0,19743396.0,Đang hoạt động,0.298
C01907,52,Nam,Hà Nội,13,0,0,28.0,8.0,18999077.0,Đang hoạt động,0.214
C01908,38,Nữ,Hà Nội,50,1,0,4.0,8.0,7034950.0,Đang hoạt động,0.114
C01909,52,Nam,Cần Thơ,13,2,0,2.0,6.0,4109500.0,Đang hoạt động,0.499
C01910,66,Nam,TP HCM,31,0,0,144.0,6.0,8407850.0,Đã ngủ đông,0.217
C01911,60,Nữ,TP HCM,31,0,0,80.0,5.0,3075350.0,Trung bình,0.251
C01912,66,Nữ,Hải Phòng,54,1,0,106.0,7.0,14727669.0,Trung bình,0.134
C01913,45,Nữ,TP HCM,19,3,0,88.0,4.0,7028224.570832706,Trung bình,0.716
C01914,59,Nam,Cần Thơ,43,1,0,47.0,10.0,9284799.492131729,Trung bình,0.095
C01915,69,Nữ,Hà Nội,51,2,0,26.0,7.0,6847400.0,Đang hoạt động,0.197
C01916,32,Nam,TP HCM,15,0,0,28.0,8.0,13335100.0,Đang hoạt động,0.227
C01917,37,Nam,TP HCM,46,2,0,7.0,8.0,6238550.0,Đang hoạt động,0.213
C01918,41,Nam,Hải Phòng,8,1,0,13.0,6.0,4913900.0,Đang hoạt động,0.416
C01919,69,Nữ,TP HCM,38,0,0,4.0,8.0,7823000.0,Đang hoạt động,0.121
C01920,28,Nữ,TP HCM,40,0,0,15.0,11.0,8529750.0,Khách VIP,0.062
C01921,54,Nam,TP HCM,13,2,0,57.0,8.0,7544000.0,Trung bình,0.423
C01922,49,Nam,TP HCM,54,2,1,16.0,3.0,3273450.0,Đang hoạt động,0.401
C01923,37,Nữ,TP HCM,40,3,0,10.0,10.0,17569982.14005464,Khách VIP,0.262
C01924,44,Nữ,Hà Nội,33,0,0,13.0,6.0,7760300.0,Đang hoạt động,0.18
C01925,67,Nam,Hà Nội,28,2,1,1.0,6.0,7715900.0,Đang hoạt động,0.383
C01926,51,Nữ,Hà Nội,32,2,0,16.0,8.0,2983600.0,Đang hoạt động,0.251
C01927,37,Nữ,Hà Nội,34,0,0,114.0,5.0,3333950.0,Trung bình,0.209
C01928,24,Nam,TP HCM,12,1,1,36.0,7.0,8403700.0,Trung bình,0.383
C01929,64,Nữ,Đà Nẵng,20,0,0,82.0,5.0,2998400.0,Trung bình,0.3
C01930,67,Nữ,TP HCM,34,2,0,19.0,7.0,8880100.0,Đang hoạt động,0.331
C01931,23,Nữ,TP HCM,42,1,0,115.0,9.0,6632100.0,Trung bình,0.136
C01932,59,Nam,Hà Nội,30,0,0,23.0,6.0,6403200.0,Đang hoạt động,0.189
C01933,25,Nam,TP HCM,32,2,0,2.0,9.0,7738100.0,Đang hoạt động,0.249
C01934,70,Nữ,Hà Nội,43,2,0,27.0,8.0,15403300.0,Đang hoạt động,0.21
C01935,65,Nam,Đà Nẵng,28,2,1,9.0,6.0,13565277.0,Đang hoạt động,0.418
C01936,31,Nam,Đà Nẵng,36,1,0,4.0,9.0,12006050.0,Đang hoạt động,0.151
C01937,50,Nam,TP HCM,38,5,0,11.0,10.0,8748000.0,Khách VIP,0.462
C01938,35,Nữ,Đà Nẵng,36,2,0,21.0,11.0,27802230.0,Khách VIP,0.169
C01939,69,Nữ,Hà Nội,37,3,0,161.0,5.0,5084400.0,Đã ngủ đông,0.488
C01940,61,Nữ,Hà Nội,55,0,0,8.0,6.0,5021300.0,Đang hoạt động,0.098
C01941,64,Nam,Đà Nẵng,50,1,0,86.0,7.0,10507300.0,Trung bình,0.155
C01942,68,Nam,Hải Phòng,40,0,0,4.0,7.0,5665900.0,Đang hoạt động,0.119
C01943,22,Nam,Đà Nẵng,42,0,0,42.0,7.0,6929000.0,Trung bình,0.127
C01944,25,Nam,Hà Nội,38,3,0,78.0,11.0,12044550.0,Trung bình,0.195
C01945,52,Nam,Hà Nội,33,0,0,92.0,2.0,884000.0,Trung bình,0.346
C01946,56,Nam,TP HCM,16,0,0,41.0,8.0,5970100.0,Trung bình,0.208
C01947,35,Nam,Cần Thơ,41,1,0,16.0,7.0,9231950.0,Đang hoạt động,0.185
C01948,65,Nam,Hà Nội,56,2,0,37.0,8.0,8817650.0,Trung bình,0.145
C01949,22,Nam,TP HCM,60,3,0,23.0,12.0,6580650.0,Khách VIP,0.1
C01950,55,Nữ,Đà Nẵng,53,0,0,30.0,6.0,4217100.0,Đang hoạt động,0.113
C01951,28,Nữ,Đà Nẵng,11,0,0,84.0,7.0,8731050.0,Trung bình,0.274
C01952,26,Nữ,TP HCM,35,1,0,1.0,12.0,15997550.0,Khách VIP,0.093
C01953,51,Nữ,Đà Nẵng,48,2,0,1.0,9.0,8882900.0,Đang hoạt động,0.159
C01954,30,Nữ,TP HCM,23,1,0,25.0,6.0,6928200.0,Đang hoạt động,0.358
C01955,25,Nữ,Cần Thơ,26,0,0,32.0,3.0,3675700.0,Trung bình,0.359
C01956,49,Nữ,Đà Nẵng,54,1,1,53.0,3.0,4195200.0,Trung bình,0.285
C01957,58,Nam,Đà Nẵng,5,1,0,110.0,5.0,7365400.0,Trung bình,0.526
C01958,56,Nữ,TP HCM,20,4,0,94.0,8.0,6649350.0,Trung bình,0.598
C01959,24,Nữ,Hải Phòng,47,3,0,3.0,8.0,12459100.0,Đang hoạt động,0.273
C01960,28,Nam,TP HCM,49,1,0,38.0,7.0,6751600.0,Trung bình,0.167
C01961,57,Nữ,TP HCM,44,0,0,121.0,3.0,2110500.0,Đã ngủ đông,0.266
C01962,58,Nam,TP HCM,25,1,0,23.0,9.0,9383700.0,Đang hoạt động,0.205
C01963,59,Nam,TP HCM,36,1,0,56.0,8.0,6307850.0,Trung bình,0.186
C01964,59,Nam,TP HCM,7,1,0,36.0,3.0,4124900.0,Trung bình,0.635
C01965,46,Nữ,TP HCM,5,0,0,33.0,3.0,547000.0,Trung bình,0.534
C01966,47,Nam,Hà Nội,4,3,1,44.0,5.0,7438600.0,Trung bình,0.722
C01967,35,Nữ,TP HCM,9,1,0,2.0,8.0,7329600.0,Đang hoạt động,0.345
C01968,45,Nam,Hà Nội,47,2,0,21.0,7.0,7699250.0,Đang hoạt động,0.22
C01969,53,Nam,Đà Nẵng,12,1,0,86.0,4.0,3047000.0,Trung bình,0.522
C01970,31,Nữ,TP HCM,15,3,0,43.0,6.0,5914400.0,Trung bình,0.637
C01971,64,Nam,Đà Nẵng,5,3,1,20.0,10.0,9600700.0,Khách VIP,0.46
C01972,69,Nữ,Đà Nẵng,7,0,1,119.0,2.0,1437500.0,Trung bình,0.559
C01973,49,Nam,Hà Nội,10,1,1,65.0,6.0,4179450.0,Trung bình,0.4
C01974,26,Nam,TP HCM,56,0,0,12.0,10.0,18078826.0,Khách VIP,0.053
C01975,48,Nữ,TP HCM,18,1,1,117.0,5.0,5867550.0,Trung bình,0.448
C01976,20,Nữ,Hải Phòng,20,1,1,25.0,7.0,9461500.0,Đang hoạt động,0.295
C01977,22,Nữ,TP HCM,25,0,0,25.0,12.0,12927350.0,Khách VIP,0.079
C01978,62,Nữ,TP HCM,24,2,0,64.0,8.0,8128100.0,Trung bình,0.346
C01979,41,Nam,Hải Phòng,20,3,0,1.0,10.0,7527500.0,Khách VIP,0.331
C01980,20,Nam,Đà Nẵng,51,1,0,19.0,9.0,9272800.0,Đang hoạt động,0.1
C01981,47,Nữ,Hà Nội,58,1,1,10.0,3.0,3715600.0,Đang hoạt động,0.242
C01982,21,Nữ,Hà Nội,46,1,0,26.0,10.0,11942800.0,Khách VIP,0.088
C01983,67,Nam,Hà Nội,1,0,1,39.0,8.0,15756880.0,Trung bình,0.274
C01984,55,Nam,Hà Nội,30,1,0,64.0,4.0,4224000.0,Trung bình,0.369
C01985,30,Nam,Cần Thơ,45,1,0,59.0,9.0,7294700.0,Trung bình,0.111
C01986,53,Nam,Hà Nội,57,0,0,31.0,8.0,4392400.0,Trung bình,0.06
C01987,64,Nam,Đà Nẵng,55,1,0,41.0,5.0,6155000.0,Trung bình,0.194
C01988,46,Nam,Hải Phòng,28,2,0,58.0,9.0,6374050.0,Trung bình,0.236
C01989,66,Nam,Hà Nội,50,2,0,38.0,8.0,4231100.0,Trung bình,0.163
C01990,63,Nữ,Đà Nẵng,13,2,0,5.0,11.0,13885500.0,Khách VIP,0.259
C01991,41,Nữ,Hải Phòng,21,1,0,86.0,4.0,4617850.0,Trung bình,0.44
C01992,31,Nam,Cần Thơ,27,0,0,30.0,11.0,31323902.0,Khách VIP,0.095
C01993,68,Nữ,Cần Thơ,54,2,1,53.0,4.0,3720000.0,Trung bình,0.317
C01994,54,Nam,Đà Nẵng,31,1,1,4.0,7.0,6345050.0,Đang hoạt động,0.236
C01995,25,Nam,Đà Nẵng,50,2,0,46.0,7.0,7046050.0,Trung bình,0.222
C01996,45,Nữ,TP HCM,4,3,0,56.0,4.0,2093000.0,Trung bình,0.79
C01997,61,Nữ,Đà Nẵng,10,2,1,74.0,4.0,6555300.0,Trung bình,0.654
C01998,62,Nam,TP HCM,4,0,0,24.0,10.0,6756850.0,Khách VIP,0.191
C01999,58,Nam,Hà Nội,32,3,0,34.0,11.0,7141500.0,Trung bình,0.212
C02000,43,Nữ,Cần Thơ,1,1,0,86.0,12.0,10541835.858978186,Trung bình,0.192
C02001,55,Nam,Hà Nội,21,0,0,4.0,5.0,7610100.0,Đang hoạt động,0.281
C02002,43,Nữ,Cần Thơ,39,2,0,87.0,10.0,5924100.0,Trung bình,0.156
C02003,43,Nam,Cần Thơ,52,0,0,70.0,6.0,3686850.0,Trung bình,0.111
C02004,50,Nam,TP HCM,12,1,1,15.0,7.0,9665876.0,Đang hoạt động,0.381
C02005,18,Nam,Đà Nẵng,34,1,1,28.0,5.0,4688000.0,Đang hoạt động,0.315
C02006,35,Nam,Cần Thơ,58,0,0,36.0,5.0,7714100.0,Trung bình,0.121
C02007,25,Nam,Hà Nội,42,1,0,58.0,8.0,5949350.0,Trung bình,0.141
C02008,20,Nam,Hải Phòng,26,1,1,37.0,8.0,1945150.0,Trung bình,0.204
C02009,61,Nam,Hà Nội,52,1,0,82.0,4.0,5294700.0,Trung bình,0.233
C02010,24,Nam,Hải Phòng,40,3,0,27.0,7.0,8350150.0,Đang hoạt động,0.36
C02011,58,Nam,Hải Phòng,11,0,1,6.0,3.0,2026000.0,Đang hoạt động,0.446
C02012,59,Nữ,TP HCM,56,3,0,43.0,6.0,2355600.0,Trung bình,0.328
C02013,21,Nữ,Hải Phòng,39,2,0,3.0,10.0,11181600.0,Khách VIP,0.157
C02014,40,Nữ,TP HCM,1,3,1,77.0,5.0,8448100.0,Trung bình,0.776
C02015,44,Nam,TP HCM,35,2,0,63.0,6.0,7120500.0,Trung bình,0.379
C02016,47,Nam,Đà Nẵng,50,3,0,54.0,5.0,3523350.0,Trung bình,0.409
C02017,28,Nam,Cần Thơ,59,1,0,53.0,3.0,2286050.0,Trung bình,0.244
C02018,41,Nam,Hà Nội,12,0,0,20.0,4.0,3941350.0,Đang hoạt động,0.388
C02019,57,Nữ,Hải Phòng,13,3,1,56.0,8.0,4131500.0,Trung bình,0.487
C02020,54,Nam,Hà Nội,45,0,0,13.0,10.0,5577000.0,Khách VIP,0.054
C02021,52,Nữ,Hải Phòng,20,3,1,9.0,10.0,8946038.0,Khách VIP,0.333
C02022,38,Nữ,Hà Nội,40,0,0,52.0,7.0,7449700.0,Trung bình,0.124
C02023,37,Nữ,Hà Nội,55,1,0,35.0,6.0,11233600.0,Trung bình,0.157
C02024,53,Nam,TP HCM,26,0,1,61.0,4.0,7667600.0,Trung bình,0.338
C02025,37,Nữ,Đà Nẵng,1,1,0,134.0,5.0,2382700.0,Đã ngủ đông,0.55
C02026,26,Nữ,Đà Nẵng,34,2,1,22.0,10.0,23889685.0,Khách VIP,0.21
C02027,45,Nam,Đà Nẵng,29,0,0,21.0,9.0,8175650.0,Đang hoạt động,0.117
C02028,46,Nam,Hà Nội,3,3,1,32.0,8.0,4967350.0,Trung bình,0.563
C02029,58,Nam,Hải Phòng,26,2,0,15.0,5.0,3348350.0,Đang hoạt động,0.448
C02030,52,Nữ,Hà Nội,30,0,1,19.0,5.0,5893900.0,Đang hoạt động,0.229
C02031,49,Nam,TP HCM,13,1,1,114.0,10.0,26483470.0,Trung bình,0.258
C02032,31,Nữ,Hà Nội,39,0,0,108.0,4.0,2392750.0,Trung bình,0.222
C02033,62,Nữ,Hải Phòng,2,1,1,58.0,5.0,9243700.0,Trung bình,0.529
C02034,40,Nam,Hải Phòng,33,0,0,102.0,11.0,8768550.0,Trung bình,0.064
C02035,50,Nữ,Hà Nội,11,0,0,51.0,10.0,8224200.0,Trung bình,0.142
C02036,18,Nữ,TP HCM,36,1,1,58.0,5.0,4663000.0,Trung bình,0.322
C02037,31,Nam,TP HCM,46,1,0,1.0,6.0,7794850.0,Đang hoạt động,0.218
C02038,52,Nam,TP HCM,50,2,0,50.0,11.0,10766250.0,Trung bình,0.109
C02039,54,Nam,TP HCM,12,0,0,51.0,3.0,2326500.0,Trung bình,0.484
C02040,36,Nam,TP HCM,16,0,1,28.0,4.0,1864950.0,Đang hoạt động,0.397
C02041,25,Nam,Đà Nẵng,50,1,0,19.0,8.0,5988000.0,Đang hoạt động,0.124
C02042,63,Nữ,TP HCM,7,0,0,46.0,9.0,6498100.0,Trung bình,0.215
C02043,19,Nữ,Hà Nội,43,0,1,21.0,6.0,8819900.0,Đang hoạt động,0.143
C02044,35,Nam,Hải Phòng,31,0,0,9.0,10.0,6826550.0,Khách VIP,0.082
C02045,31,Nam,TP HCM,10,1,0,10.0,5.0,8901200.0,Đang hoạt động,0.513
C02046,22,Nam,Đà Nẵng,56,1,0,85.0,2.0,2200000.0,Trung bình,0.322
C02047,45,Nam,TP HCM,9,0,0,13.0,10.0,9631300.0,Khách VIP,0.174
C02048,25,Nam,Cần Thơ,11,3,0,60.0,9.0,7412050.0,Trung bình,0.465
C02049,22,Nam,Hải Phòng,44,0,0,44.0,6.0,6609650.0,Trung bình,0.137
C02050,55,Nam,TP HCM,41,1,0,2.0,6.0,4636450.0,Đang hoạt động,0.236
C02051,21,Nam,Hà Nội,15,1,0,37.0,7.0,3725500.0,Trung bình,0.314
C02052,69,Nữ,Đà Nẵng,26,0,1,15.0,6.0,2475050.0,Đang hoạt động,0.217
C02053,57,Nữ,Hải Phòng,36,1,1,50.0,7.0,6527400.0,Trung bình,0.198
C02054,20,Nữ,TP HCM,48,3,0,46.0,10.0,6477300.0,Trung bình,0.205
C02055,53,Nữ,Hà Nội,1,2,1,18.0,10.0,8922600.0,Khách VIP,0.358
C02056,38,Nữ,Cần Thơ,19,1,0,5.0,10.0,8105800.0,Khách VIP,0.177
C02057,65,Nam,TP HCM,55,3,0,12.0,8.0,6578700.0,Đang hoạt động,0.243
C02058,49,Nam,Hải Phòng,14,0,1,165.0,4.0,1585100.0,Đã ngủ đông,0.374
C02059,69,Nam,TP HCM,4,3,1,11.0,9.0,8129700.0,Đang hoạt động,0.542
C02060,69,Nam,TP HCM,45,2,1,19.0,8.0,10825483.99850179,Đang hoạt động,0.221
C02061,49,Nữ,Đà Nẵng,58,1,0,99.0,4.0,5571000.0,Trung bình,0.221
C02062,51,Nữ,TP HCM,2,1,0,14.0,11.0,11433500.0,Khách VIP,0.248
C02063,34,Nam,Đà Nẵng,31,3,1,50.0,9.0,14154650.0,Trung bình,0.346
C02064,45,Nữ,TP HCM,59,1,0,16.0,6.0,5936351.0,Đang hoạt động,0.156
C02065,51,Nữ,Hà Nội,8,0,1,83.0,3.0,1764800.0,Trung bình,0.473
C02066,54,Nữ,Hà Nội,20,1,0,87.0,6.0,6345350.0,Trung bình,0.336
C02067,28,Nữ,Cần Thơ,28,1,0,18.0,6.0,4017850.0,Đang hoạt động,0.291
C02068,65,Nữ,Hải Phòng,33,0,0,34.0,8.0,4978050.0,Trung bình,0.117
C02069,69,Nữ,Hà Nội,4,0,0,86.0,5.0,3697450.0,Trung bình,0.388
C02070,56,Nữ,Đà Nẵng,10,3,1,63.0,5.0,4525000.0,Trung bình,0.699
C02071,27,Nam,Hà Nội,23,0,0,11.0,8.0,7481400.0,Đang hoạt động,0.156
C02072,35,Nữ,TP HCM,18,1,1,99.0,9.0,7521750.0,Trung bình,0.244
C02073,23,Nữ,Đà Nẵng,42,1,1,162.0,3.0,1519650.0,Đã ngủ đông,0.366
C02074,28,Nam,Hải Phòng,5,0,1,39.0,8.0,13623350.0,Trung bình,0.252
C02075,38,Nam,TP HCM,4,0,1,1.0,10.0,9196450.0,Khách VIP,0.196
C02076,23,Nam,Đà Nẵng,17,0,1,68.0,7.0,11863700.0,Trung bình,0.244
C02077,36,Nữ,Hà Nội,30,0,0,65.0,11.0,8988600.0,Trung bình,0.07
C02078,29,Nữ,Cần Thơ,31,1,0,12.0,7.0,7973000.0,Đang hoạt động,0.235
C02079,41,Nữ,Đà Nẵng,45,1,0,3.0,3.0,5707000.0,Đang hoạt động,0.345
C02080,27,Nam,TP HCM,41,1,0,32.0,9.0,14722350.0,Trung bình,0.146
C02081,21,Nam,TP HCM,20,0,1,91.0,4.0,9603600.0,Trung bình,0.39
C02082,51,Nữ,Đà Nẵng,31,1,0,31.0,13.0,25681176.0,Trung bình,0.083
C02083,49,Nam,Hà Nội,10,1,1,19.0,5.0,4391300.0,Đang hoạt động,0.457
C02084,55,Nam,Hà Nội,9,1,0,38.0,7.0,4986850.0,Trung bình,0.352
C02085,64,Nữ,TP HCM,27,1,0,2.0,6.0,10385333.0,Đang hoạt động,0.332
C02086,69,Nữ,Cần Thơ,20,1,0,25.0,9.0,6010100.0,Đang hoạt động,0.203
C02087,60,Nam,Cần Thơ,15,1,0,6.0,6.0,5914800.0,Đang hoạt động,0.375
C02088,55,Nam,TP HCM,39,0,0,16.0,9.0,8913250.0,Đang hoạt động,0.096
C02089,67,Nam,Hải Phòng,7,1,0,3.0,7.0,21211064.0,Đang hoạt động,0.398
C02090,70,Nữ,Đà Nẵng,37,0,0,44.0,9.0,9512650.0,Trung bình,0.095
C02091,19,Nam,Hải Phòng,36,0,0,80.0,5.0,3802200.0,Trung bình,0.2
C02092,68,Nam,Hà Nội,5,1,0,2.0,9.0,20998404.0,Đang hoạt động,0.303
C02093,44,Nam,Hà Nội,48,0,0,10.0,9.0,11261150.0,Đang hoạt động,0.066
C02094,43,Nam,Đà Nẵng,60,1,0,132.0,7.0,6998250.0,Đã ngủ đông,0.118
C02095,60,Nữ,Hải Phòng,16,1,1,9.0,7.0,4312050.0,Đang hoạt động,0.304
C02096,31,Nam,TP HCM,9,2,1,86.0,4.0,2629950.0,Trung bình,0.675
C02097,32,Nam,Cần Thơ,29,2,0,10.0,6.0,2488200.0,Đang hoạt động,0.381
C02098,56,Nam,Cần Thơ,48,0,0,4.0,8.0,10375200.0,Đang hoạt động,0.084
C02099,34,Nữ,Cần Thơ,50,2,0,29.0,9.0,5687200.0,Đang hoạt động,0.143
C02100,46,Nữ,TP HCM,5,2,1,21.0,6.0,4400300.0,Đang hoạt động,0.594
C02101,22,Nữ,TP HCM,58,2,0,75.0,5.0,2643150.0,Trung bình,0.275
C02102,62,Nữ,Cần Thơ,37,1,0,39.0,4.0,2528050.0,Trung bình,0.327
C02103,41,Nữ,TP HCM,28,1,0,49.0,7.0,4303500.0,Trung bình,0.269
C02104,40,Nam,Đà Nẵng,57,0,0,8.0,11.0,9409000.0,Khách VIP,0.035
C02105,25,Nữ,TP HCM,23,0,0,101.0,5.0,2153600.0,Trung bình,0.303
C02106,48,Nam,Hải Phòng,28,2,1,59.0,7.0,8771250.0,Trung bình,0.336
C02107,24,Nữ,TP HCM,5,1,0,26.0,6.0,2352200.0,Đang hoạt động,0.48
C02108,27,Nữ,Hà Nội,20,1,0,40.0,9.0,5081000.0,Trung bình,0.2
C02109,56,Nữ,TP HCM,23,0,0,14.0,7.0,5540850.0,Đang hoạt động,0.212
C02110,33,Nam,TP HCM,34,2,1,99.0,3.0,2038400.0,Trung bình,0.552
C02111,19,Nam,Cần Thơ,33,0,0,41.0,3.0,1964000.0,Trung bình,0.309
C02112,67,Nam,Đà Nẵng,2,2,0,71.0,8.0,12383400.0,Trung bình,0.494
C02113,69,Nữ,Hà Nội,8,1,0,3.0,9.0,11585959.522106372,Đang hoạt động,0.268
C02114,20,Nữ,Hải Phòng,33,2,0,35.0,6.0,6716200.0,Trung bình,0.356
C02115,51,Nam,TP HCM,11,0,0,22.0,6.0,6057700.0,Đang hoạt động,0.329
C02116,19,Nữ,Cần Thơ,35,4,0,23.0,7.0,4858350.0,Đang hoạt động,0.513
C02117,53,Nam,Cần Thơ,8,0,1,103.0,7.0,6669450.0,Trung bình,0.275
C02118,52,Nam,Hà Nội,35,2,0,48.0,3.0,2397000.0,Trung bình,0.497
C02119,39,Nam,TP HCM,15,0,1,59.0,3.0,1674550.0,Trung bình,0.463
C02120,39,Nam,Hải Phòng,12,2,0,10.0,6.0,6655900.0,Đang hoạt động,0.504
C02121,45,Nữ,Hải Phòng,15,1,0,67.0,5.0,2338900.0,Trung bình,0.42
C02122,56,Nữ,Hà Nội,39,2,0,2.0,4.0,3523050.0,Đang hoạt động,0.411
C02123,26,Nữ,TP HCM,3,0,1,41.0,3.0,3398000.0,Trung bình,0.559
C02124,48,Nữ,Hải Phòng,26,0,0,66.0,6.0,7172650.0,Trung bình,0.213
C02125,33,Nam,TP HCM,34,3,1,55.0,5.0,3495000.0,Trung bình,0.55
C02126,65,Nữ,TP HCM,59,0,0,56.0,7.0,5595050.0,Trung bình,0.084
C02127,45,Nam,TP HCM,3,1,0,28.0,9.0,8926800.0,Đang hoạt động,0.334
C02128,57,Nam,TP HCM,52,0,0,69.0,6.0,5660250.0,Trung bình,0.125
C02129,18,Nữ,Hải Phòng,20,0,1,15.0,2.0,3860000.0,Đang hoạt động,0.45
C02130,65,Nữ,Hải Phòng,44,3,0,103.0,6.0,5265350.0,Trung bình,0.378
C02131,39,Nữ,TP HCM,56,5,1,108.0,4.0,3543450.0,Trung bình,0.669
C02132,39,Nam,TP HCM,55,0,0,79.0,11.0,5758400.0,Trung bình,0.039
C02133,68,Nữ,Hà Nội,7,1,1,5.0,8.0,4446900.0,Đang hoạt động,0.31
C02134,42,Nam,Hải Phòng,54,0,1,18.0,5.0,5148200.0,Đang hoạt động,0.126
C02135,70,Nam,Hà Nội,8,0,0,60.0,9.0,18454850.0,Trung bình,0.198
C02136,41,Nam,Hà Nội,57,1,0,8.0,11.0,12873250.0,Khách VIP,0.051
C02137,18,Nữ,TP HCM,1,1,0,60.0,6.0,5769000.0,Trung bình,0.52
C02138,30,Nam,TP HCM,54,1,0,37.0,7.0,3525200.0,Trung bình,0.144
C02139,46,Nữ,TP HCM,22,2,1,10.0,8.0,9306500.0,Đang hoạt động,0.363
C02140,18,Nữ,TP HCM,24,1,0,16.0,5.0,3993750.0,Đang hoạt động,0.402
C02141,46,Nam,TP HCM,36,1,1,71.0,13.0,10556750.0,Trung bình,0.069
C02142,68,Nữ,Cần Thơ,9,2,1,9.0,4.0,3271400.0,Đang hoạt động,0.64
C02143,61,Nam,TP HCM,19,0,0,10.0,8.0,5380300.0,Đang hoạt động,0.192
C02144,65,Nam,Hà Nội,22,1,0,84.0,6.0,7674700.0,Trung bình,0.323
C02145,30,Nam,TP HCM,5,2,0,122.0,9.0,13418850.0,Đã ngủ đông,0.443
C02146,19,Nữ,Hà Nội,59,3,0,128.0,3.0,1131950.0,Đã ngủ đông,0.439
C02147,66,Nữ,TP HCM,55,2,1,25.0,5.0,8343000.0,Đang hoạt động,0.297
C02148,64,Nam,TP HCM,21,1,0,1.0,10.0,8449150.0,Khách VIP,0.184
C02149,36,Nữ,TP HCM,36,3,0,21.0,7.0,6825400.0,Đang hoạt động,0.425
C02150,54,Nữ,TP HCM,4,2,1,2.0,2.0,1274150.0,Đang hoạt động,0.788
C02151,67,Nam,Đà Nẵng,7,2,1,27.0,4.0,2804550.0,Đang hoạt động,0.663
C02152,33,Nam,TP HCM,52,6,1,2.0,4.0,2779450.0,Đang hoạt động,0.779
C02153,22,Nam,Hải Phòng,8,4,1,31.0,3.0,1181250.0,Trung bình,0.849
C02154,45,Nữ,Hải Phòng,11,2,1,17.0,6.0,6579847.0,Đang hoạt động,0.512
C02155,53,Nữ,TP HCM,14,0,1,268.0,1.0,508000.0,Đã ngủ đông,0.591
C02156,49,Nam,Đà Nẵng,16,0,1,76.0,6.0,4879328.0,Trung bình,0.28
C02157,26,Nam,Hà Nội,2,1,1,24.0,5.0,3462100.0,Đang hoạt động,0.519
C02158,67,Nữ,TP HCM,43,1,1,31.0,9.0,9712650.0,Trung bình,0.131
C02159,59,Nữ,TP HCM,14,1,0,23.0,14.0,12466050.0,Khách VIP,0.102
C02160,23,Nam,Đà Nẵng,16,1,0,120.0,8.0,8380400.0,Trung bình,0.289
C02161,51,Nữ,TP HCM,43,1,0,45.0,8.0,7531950.0,Trung bình,0.159
C02162,42,Nam,Hà Nội,6,1,1,76.0,4.0,3556100.0,Trung bình,0.547
C02163,28,Nam,TP HCM,24,1,0,71.0,7.0,4718800.0,Trung bình,0.296
C02164,23,Nữ,TP HCM,51,2,1,175.0,3.0,1386200.0,Đã ngủ đông,0.43
C02165,26,Nữ,TP HCM,18,3,1,6.0,4.0,3977000.0,Đang hoạt động,0.716
C02166,49,Nam,Hà Nội,6,2,1,29.0,7.0,8472200.0,Đang hoạt động,0.493
C02167,40,Nữ,Hà Nội,19,1,0,7.0,8.0,7084800.0,Đang hoạt động,0.246
C02168,35,Nam,TP HCM,45,1,0,289.0,2.0,1010450.0,Đã ngủ đông,0.42
C02169,31,Nữ,TP HCM,19,2,0,8.0,10.0,31359320.62989738,Khách VIP,0.325
C02170,28,Nam,Đà Nẵng,15,3,0,74.0,9.0,10379750.0,Trung bình,0.454
C02171,25,Nữ,Hà Nội,33,1,0,101.0,6.0,8135000.0,Trung bình,0.263
C02172,51,Nữ,Hải Phòng,26,4,1,36.0,6.0,2820000.0,Trung bình,0.617
C02173,24,Nữ,Cần Thơ,53,3,0,5.0,8.0,7962700.0,Đang hoạt động,0.239
C02174,56,Nữ,Hải Phòng,13,1,0,103.0,9.0,7868400.0,Trung bình,0.239
C02175,43,Nam,TP HCM,32,0,0,35.0,7.0,5667800.0,Trung bình,0.172
C02176,41,Nữ,Cần Thơ,26,1,0,17.0,9.0,11003350.0,Đang hoạt động,0.185
C02177,26,Nam,Hà Nội,37,2,1,107.0,3.0,6376150.0,Trung bình,0.498
C02178,34,Nam,Đà Nẵng,11,1,1,11.0,9.0,7260800.0,Đang hoạt động,0.265
C02179,27,Nam,Hà Nội,22,0,0,5.0,9.0,9623397.0,Đang hoạt động,0.133
C02180,38,Nam,TP HCM,51,3,0,76.0,4.0,3005000.0,Trung bình,0.481
C02181,67,Nam,Hà Nội,59,1,0,27.0,8.0,3414950.0,Đang hoạt động,0.085
C02182,52,Nam,Đà Nẵng,26,5,0,64.0,8.0,5149800.0,Trung bình,0.639
C02183,35,Nữ,Hà Nội,54,2,1,19.0,5.0,9398250.0,Đang hoạt động,0.274
C02184,66,Nam,TP HCM,15,0,0,33.0,12.0,10646250.0,Trung bình,0.098
C02185,63,Nam,TP HCM,37,1,0,35.0,6.0,8505700.0,Trung bình,0.265
C02186,52,Nam,Hà Nội,6,5,1,9.0,9.0,4114250.0,Đang hoạt động,0.696
C02187,52,Nam,Hải Phòng,2,2,1,73.0,5.0,2852300.0,Trung bình,0.627
C02188,46,Nam,Cần Thơ,42,0,1,42.0,3.0,4697700.0,Trung bình,0.256
C02189,47,Nữ,Hải Phòng,38,0,0,103.0,5.0,3245200.0,Trung bình,0.188
C02190,69,Nữ,TP HCM,2,1,1,61.0,2.0,337500.0,Trung bình,0.713
C02191,29,Nam,Hà Nội,13,1,1,66.0,7.0,11247250.0,Trung bình,0.342
C02192,56,Nam,Hà Nội,17,6,0,46.0,9.0,9131900.0,Trung bình,0.732
C02193,34,Nam,Hà Nội,15,2,0,60.0,5.0,9053850.0,Trung bình,0.548
C02194,54,Nam,TP HCM,47,1,0,23.0,3.0,4611000.0,Đang hoạt động,0.345
C02195,68,Nam,TP HCM,57,1,0,8.0,7.0,6793050.0,Đang hoạt động,0.133
C02196,37,Nữ,Đà Nẵng,14,1,1,108.0,5.0,3017500.0,Trung bình,0.453
C02197,62,Nữ,Hà Nội,15,0,0,65.0,5.0,4876450.0,Trung bình,0.316
C02198,61,Nam,TP HCM,6,1,0,86.0,4.0,4679200.0,Trung bình,0.589
C02199,18,Nữ,Hà Nội,27,0,1,19.0,6.0,16449729.0,Đang hoạt động,0.224
C02200,31,Nữ,Hải Phòng,25,2,1,83.0,3.0,2615050.0,Trung bình,0.579
C02201,69,Nam,TP HCM,13,1,0,17.0,5.0,6094700.0,Đang hoạt động,0.477
C02202,58,Nữ,TP HCM,52,3,0,108.0,6.0,9420050.0,Trung bình,0.372
C02203,34,Nam,TP HCM,50,0,0,11.0,6.0,8572500.0,Đang hoạt động,0.136
C02204,37,Nam,TP HCM,37,1,1,13.0,8.0,8857800.0,Đang hoạt động,0.187
C02205,51,Nữ,Cần Thơ,55,0,0,16.0,6.0,10947200.0,Đang hoạt động,0.108
C02206,30,Nữ,TP HCM,25,0,0,10.0,7.0,8213000.0,Đang hoạt động,0.209
C02207,70,Nữ,TP HCM,40,1,0,16.0,7.0,10292750.0,Đang hoạt động,0.209
C02208,37,Nữ,Cần Thơ,60,2,0,6.0,8.0,6320050.0,Đang hoạt động,0.136
C02209,63,Nữ,Đà Nẵng,33,2,0,9.0,11.0,11771950.0,Khách VIP,0.159
C02210,37,Nam,Hà Nội,35,3,0,139.0,9.0,8751500.0,Đã ngủ đông,0.292
C02211,38,Nữ,TP HCM,54,2,0,39.0,2.0,723000.0,Trung bình,0.457
C02212,24,Nữ,Hà Nội,23,2,0,52.0,6.0,3381600.0,Trung bình,0.42
C02213,18,Nam,Hải Phòng,27,2,1,4.0,8.0,9246600.0,Đang hoạt động,0.296
C02214,49,Nam,Hà Nội,4,2,0,7.0,13.0,13634250.0,Khách VIP,0.207
C02215,53,Nữ,Đà Nẵng,46,2,1,216.0,3.0,1149000.0,Đã ngủ đông,0.443
C02216,27,Nữ,Đà Nẵng,44,1,0,5.0,8.0,6473650.0,Đang hoạt động,0.145
C02217,21,Nam,Hải Phòng,33,1,0,95.0,10.0,8511750.0,Trung bình,0.122
C02218,34,Nữ,Hà Nội,55,1,1,137.0,5.0,6262600.0,Đã ngủ đông,0.186
C02219,33,Nữ,Hà Nội,9,1,1,101.0,6.0,9029100.0,Trung bình,0.423
C02220,31,Nữ,Cần Thơ,59,1,0,60.0,11.0,19583900.0,Trung bình,0.054
C02221,22,Nữ,TP HCM,16,2,0,2.0,8.0,7166000.0,Đang hoạt động,0.405
C02222,49,Nam,TP HCM,31,2,0,6.0,5.0,7308000.0,Đang hoạt động,0.463
C02223,64,Nam,Hải Phòng,52,1,0,70.0,8.0,15652431.0,Trung bình,0.115
C02224,40,Nam,TP HCM,24,0,0,20.0,8.0,9025000.0,Đang hoạt động,0.177
C02225,31,Nữ,Đà Nẵng,26,2,0,10.0,11.0,13580950.0,Khách VIP,0.195
C02226,52,Nam,Hà Nội,34,2,0,17.0,8.0,8494450.0,Đang hoạt động,0.248
C02227,27,Nữ,Hà Nội,12,1,1,88.0,9.0,6577800.0,Trung bình,0.245
C02228,38,Nữ,Hải Phòng,56,2,0,92.0,2.0,1400000.0,Trung bình,0.404
C02229,47,Nữ,TP HCM,32,2,0,14.0,12.0,12258900.0,Khách VIP,0.145
C02230,65,Nam,TP HCM,55,1,0,5.0,6.0,6511250.0,Đang hoạt động,0.171
C02231,22,Nam,TP HCM,15,0,0,33.0,9.0,10191250.0,Trung bình,0.185
C02232,52,Nam,TP HCM,48,1,0,49.0,8.0,28131489.0,Trung bình,0.164
C02233,34,Nữ,Hà Nội,27,1,0,90.0,6.0,6913200.0,Trung bình,0.295
C02234,61,Nữ,Cần Thơ,39,0,0,23.0,8.0,10834150.0,Đang hoạt động,0.108
C02235,51,Nam,TP HCM,17,1,0,4.0,12.0,20274600.0,Khách VIP,0.151
C02236,34,Nam,Hà Nội,40,1,0,52.0,4.0,2987650.0,Trung bình,0.302
C02237,53,Nữ,TP HCM,52,4,0,132.0,6.0,3657600.0,Đã ngủ đông,0.472
C02238,48,Nam,Hà Nội,18,0,0,12.0,12.0,13747650.0,Khách VIP,0.08
C02239,66,Nam,Hà Nội,45,0,0,25.0,8.0,9790700.0,Đang hoạt động,0.087
C02240,33,Nam,Hà Nội,36,2,1,153.0,4.0,5762450.0,Đã ngủ đông,0.446
C02241,70,Nam,TP HCM,37,3,0,12.0,8.0,10630250.0,Đang hoạt động,0.363
C02242,41,Nữ,TP HCM,15,1,0,43.0,9.0,8119400.0,Trung bình,0.26
C02243,26,Nam,Hà Nội,46,0,0,85.0,9.0,7273250.0,Trung bình,0.069
C02244,29,Nữ,Hà Nội,4,1,0,24.0,12.0,11618100.0,Khách VIP,0.174
C02245,47,Nam,Đà Nẵng,22,2,1,21.0,10.0,8144400.0,Khách VIP,0.244
C02246,44,Nam,TP HCM,10,0,0,97.0,12.0,9934750.0,Trung bình,0.114
C02247,19,Nữ,TP HCM,45,0,0,28.0,12.0,14471900.0,Khách VIP,0.046
C02248,48,Nam,Hà Nội,13,2,1,29.0,4.0,2745700.0,Đang hoạt động,0.603
C02249,63,Nữ,TP HCM,30,0,0,34.0,10.0,6377700.0,Trung bình,0.098
C02250,19,Nam,Hà Nội,18,1,0,18.0,6.0,5211300.0,Đang hoạt động,0.349
C02251,35,Nam,TP HCM,34,2,1,27.0,4.0,4887100.0,Đang hoạt động,0.497
C02252,51,Nam,Cần Thơ,33,2,0,64.0,6.0,8289600.0,Trung bình,0.364
C02253,66,Nữ,Đà Nẵng,37,2,0,45.0,8.0,4943400.0,Trung bình,0.242
C02254,27,Nữ,TP HCM,49,2,0,9.0,9.0,9358800.0,Đang hoạt động,0.169
C02255,25,Nữ,TP HCM,35,1,0,3.0,8.0,4190100.0,Đang hoạt động,0.191
C02256,29,Nữ,Hà Nội,28,0,0,104.0,6.0,10449050.0,Trung bình,0.211
C02257,31,Nam,Hà Nội,4,2,1,2.0,8.0,8042800.0,Đang hoạt động,0.45
C02258,47,Nữ,Đà Nẵng,11,3,1,5.0,6.0,7200000.0,Đang hoạt động,0.645
C02259,27,Nữ,TP HCM,32,0,0,66.0,6.0,8466400.0,Trung bình,0.216
C02260,35,Nam,TP HCM,6,1,1,141.0,2.0,1157000.0,Đã ngủ đông,0.695
C02261,36,Nam,Đà Nẵng,1,0,1,18.0,11.0,5866850.0,Khách VIP,0.159
C02262,28,Nữ,TP HCM,31,0,0,34.0,8.0,11572504.0,Trung bình,0.153
C02263,41,Nam,Hà Nội,37,1,0,12.0,4.0,2071000.0,Đang hoạt động,0.318
C02264,45,Nữ,Đà Nẵng,50,1,0,86.0,3.0,3276000.0,Trung bình,0.31
C02265,38,Nam,TP HCM,58,2,0,21.0,9.0,4198350.0,Đang hoạt động,0.128
C02266,31,Nam,Cần Thơ,12,1,0,80.0,4.0,2003950.0,Trung bình,0.511
C02267,52,Nữ,TP HCM,20,2,0,22.0,6.0,7568600.0,Đang hoạt động,0.488
C02268,31,Nữ,Hà Nội,52,0,0,93.0,5.0,11427200.0,Trung bình,0.142
C02269,44,Nam,TP HCM,43,1,0,46.0,8.0,3830950.0,Trung bình,0.155
C02270,34,Nam,TP HCM,1,0,0,2.0,6.0,3057300.0,Đang hoạt động,0.394
C02271,20,Nữ,Hà Nội,44,0,0,157.0,5.0,3131500.0,Đã ngủ đông,0.166
C02272,40,Nam,Hải Phòng,6,5,1,24.0,6.0,8343345.0,Đang hoạt động,0.83
C02273,56,Nam,Hà Nội,32,0,0,98.0,7.0,4212100.0,Trung bình,0.147
C02274,51,Nam,Đà Nẵng,6,3,0,63.0,6.0,4472500.0,Trung bình,0.673
C02275,60,Nữ,Hà Nội,26,2,1,202.0,5.0,2973700.0,Đã ngủ đông,0.454
C02276,27,Nữ,Hải Phòng,31,2,0,11.0,5.0,8904200.0,Đang hoạt động,0.43
C02277,21,Nữ,Hải Phòng,43,0,0,29.0,6.0,7261050.0,Đang hoạt động,0.141
C02278,34,Nam,TP HCM,22,1,1,114.0,4.0,2092600.0,Trung bình,0.47
C02279,65,Nam,Hải Phòng,7,3,1,14.0,7.0,6366150.0,Đang hoạt động,0.591
C02280,48,Nữ,TP HCM,30,0,0,31.0,5.0,3764750.0,Trung bình,0.258
C02281,35,Nữ,Hà Nội,25,2,1,24.0,2.0,584000.0,Đang hoạt động,0.628
C02282,33,Nam,TP HCM,23,1,1,67.0,5.0,6714800.0,Trung bình,0.413
C02283,32,Nữ,TP HCM,24,2,0,46.0,8.0,9535400.0,Trung bình,0.353
C02284,24,Nam,Đà Nẵng,54,0,0,9.0,4.0,2263150.0,Đang hoạt động,0.164
C02285,61,Nam,TP HCM,35,0,0,14.0,4.0,1610700.0,Đang hoạt động,0.267
C02286,65,Nam,TP HCM,6,4,1,49.0,9.0,10983950.0,Trung bình,0.646
C02287,57,Nữ,TP HCM,46,2,1,30.0,2.0,943000.0,Đang hoạt động,0.514
C02288,36,Nữ,TP HCM,58,2,1,15.0,4.0,3957000.0,Đang hoạt động,0.323
C02289,49,Nam,TP HCM,11,1,0,10.0,9.0,6568900.0,Đang hoạt động,0.277
C02290,22,Nữ,TP HCM,37,1,0,11.0,9.0,15396000.0,Đang hoạt động,0.163
C02291,54,Nữ,TP HCM,52,2,0,51.0,5.0,7434800.0,Trung bình,0.317
C02292,18,Nữ,TP HCM,8,1,0,121.0,6.0,5170000.0,Đã ngủ đông,0.468
C02293,69,Nam,Cần Thơ,44,2,0,13.0,7.0,7797750.0,Đang hoạt động,0.241
C02294,20,Nữ,Đà Nẵng,40,1,0,10.0,9.0,10250050.0,Đang hoạt động,0.136
C02295,48,Nam,Hà Nội,30,1,0,3.0,8.0,13794850.0,Đang hoạt động,0.198
C02296,62,Nam,Hà Nội,15,0,1,78.0,5.0,15778503.0,Trung bình,0.337
C02297,25,Nữ,Cần Thơ,6,0,0,58.0,10.0,10073100.0,Trung bình,0.172
C02298,51,Nữ,TP HCM,46,2,0,77.0,8.0,8239300.0,Trung bình,0.217
C02299,26,Nữ,TP HCM,25,0,0,18.0,7.0,5412400.0,Đang hoạt động,0.206
C02300,58,Nữ,Hải Phòng,14,3,0,40.0,8.0,7580000.0,Trung bình,0.487
C02301,36,Nữ,Hà Nội,49,0,0,91.0,11.0,29546415.09284193,Trung bình,0.049
C02302,42,Nữ,Đà Nẵng,22,1,1,4.0,7.0,3203900.0,Đang hoạt động,0.286
C02303,19,Nam,Hải Phòng,36,0,0,1.0,5.0,2966250.0,Đang hoạt động,0.197
C02304,67,Nam,TP HCM,44,1,0,77.0,6.0,5808350.0,Trung bình,0.223
C02305,65,Nữ,Đà Nẵng,13,1,0,139.0,3.0,2724100.0,Đã ngủ đông,0.574
C02306,45,Nữ,Hà Nội,47,0,0,130.0,3.0,1212550.0,Đã ngủ đông,0.219
C02307,67,Nữ,Hải Phòng,50,2,0,8.0,8.0,14440300.0,Đang hoạt động,0.177
C02308,29,Nam,Cần Thơ,14,3,1,104.0,4.0,5161000.0,Trung bình,0.718
C02309,37,Nam,Đà Nẵng,16,1,0,9.0,9.0,14526800.0,Đang hoạt động,0.248
C02310,63,Nữ,Hà Nội,21,0,0,10.0,5.0,3253600.0,Đang hoạt động,0.273
C02311,67,Nam,TP HCM,8,2,1,224.0,2.0,990000.0,Đã ngủ đông,0.771
C02312,37,Nữ,Hà Nội,27,4,1,2.0,6.0,6206000.0,Đang hoạt động,0.618
C02313,57,Nam,Cần Thơ,21,1,1,145.0,1.0,9648311.0,Đã ngủ đông,0.633
C02314,57,Nữ,Hải Phòng,8,1,0,3.0,11.0,12613400.0,Khách VIP,0.189
C02315,23,Nữ,Đà Nẵng,2,1,1,16.0,8.0,7980250.0,Đang hoạt động,0.379
C02316,24,Nữ,TP HCM,25,2,0,12.0,7.0,6040900.0,Đang hoạt động,0.394
C02317,50,Nam,Hải Phòng,46,1,0,7.0,12.0,12036941.0,Khách VIP,0.055
C02318,18,Nữ,Hải Phòng,56,0,0,30.0,7.0,5832300.0,Đang hoạt động,0.08
C02319,37,Nam,Đà Nẵng,25,0,0,108.0,2.0,1759800.0,Trung bình,0.429
C02320,65,Nam,Hà Nội,16,0,0,17.0,8.0,6687300.0,Đang hoạt động,0.181
C02321,60,Nam,Cần Thơ,47,2,0,29.0,9.0,6864050.0,Đang hoạt động,0.153
C02322,32,Nữ,Hà Nội,44,1,1,10.0,6.0,9611200.0,Đang hoạt động,0.203
C02323,63,Nữ,Cần Thơ,12,1,1,93.0,5.0,6645549.0,Trung bình,0.459
C02324,28,Nữ,TP HCM,56,2,0,25.0,7.0,23167529.0,Đang hoạt động,0.231
C02325,49,Nữ,Hà Nội,49,1,0,64.0,6.0,5454800.0,Trung bình,0.174
C02326,67,Nam,Hà Nội,23,0,0,61.0,5.0,5657700.0,Trung bình,0.266
C02327,22,Nữ,TP HCM,59,1,0,11.0,5.0,4983450.0,Đang hoạt động,0.191
C02328,59,Nữ,TP HCM,8,2,1,1.0,6.0,7630350.0,Đang hoạt động,0.576
C02329,27,Nữ,TP HCM,39,2,1,67.0,6.0,7070600.0,Trung bình,0.355
C02330,67,Nữ,TP HCM,28,3,1,14.0,7.0,7540300.0,Đang hoạt động,0.481
C02331,24,Nữ,Đà Nẵng,60,1,0,3.0,12.0,14054000.0,Khách VIP,0.042
C02332,30,Nữ,Cần Thơ,60,0,0,28.0,7.0,2699600.0,Đang hoạt động,0.072
C02333,49,Nam,Hà Nội,18,3,0,22.0,10.0,10565950.0,Khách VIP,0.349
C02334,57,Nam,Đà Nẵng,43,2,0,3.0,7.0,4845600.0,Đang hoạt động,0.252
C02335,30,Nam,Cần Thơ,45,0,0,29.0,9.0,3248850.0,Đang hoạt động,0.071
C02336,56,Nữ,TP HCM,32,1,0,60.0,10.0,10599700.0,Trung bình,0.144
C02337,55,Nữ,TP HCM,24,0,1,46.0,4.0,2958000.0,Trung bình,0.343
C02338,36,Nam,TP HCM,18,1,0,39.0,6.0,2546050.0,Trung bình,0.382
C02339,43,Nam,Hà Nội,45,1,0,11.0,10.0,10415950.0,Khách VIP,0.087
C02340,39,Nam,TP HCM,59,3,0,59.0,4.0,4245450.0,Trung bình,0.423
C02341,40,Nữ,Hà Nội,45,1,0,100.0,7.0,9768400.0,Trung bình,0.165
C02342,59,Nam,Hà Nội,30,0,0,53.0,2.0,2059300.0,Trung bình,0.367
C02343,18,Nữ,TP HCM,3,1,1,37.0,2.0,1651000.0,Trung bình,0.715
C02344,32,Nữ,Hà Nội,2,1,0,8.0,7.0,23602210.0,Đang hoạt động,0.446
C02345,67,Nữ,Hà Nội,59,1,0,25.0,4.0,6768950.0,Đang hoạt động,0.199
C02346,56,Nam,Hà Nội,46,0,0,15.0,7.0,12061650.0,Đang hoạt động,0.107
C02347,42,Nam,Hải Phòng,55,2,0,94.0,3.0,1949100.0,Trung bình,0.355
C02348,29,Nam,Hà Nội,23,2,1,28.0,4.0,4154850.0,Đang hoạt động,0.536
C02349,57,Nam,Hà Nội,19,1,0,21.0,7.0,5659250.0,Đang hoạt động,0.287
C02350,59,Nam,TP HCM,32,2,1,190.0,4.0,3899000.0,Đã ngủ đông,0.512
C02351,54,Nam,Hải Phòng,15,2,1,121.0,9.0,4839900.0,Đã ngủ đông,0.312
C02352,41,Nam,TP HCM,54,2,1,18.0,4.0,3440000.0,Đang hoạt động,0.347
C02353,39,Nam,TP HCM,1,2,0,18.0,8.0,8613450.0,Đang hoạt động,0.516
C02354,22,Nữ,TP HCM,54,1,0,4.0,9.0,3566600.0,Đang hoạt động,0.095
C02355,45,Nữ,Hà Nội,41,2,0,27.0,5.0,10092650.0,Đang hoạt động,0.358
C02356,59,Nữ,TP HCM,25,4,1,41.0,8.0,8011250.0,Trung bình,0.562
C02357,49,Nam,TP HCM,54,0,1,13.0,7.0,6104050.0,Đang hoạt động,0.096
C02358,44,Nam,Hải Phòng,39,2,0,44.0,10.0,16888650.0,Trung bình,0.162
C02359,22,Nam,Hà Nội,60,0,0,26.0,4.0,4343400.0,Đang hoạt động,0.133
C02360,53,Nam,Hải Phòng,29,2,1,6.0,6.0,2409800.0,Đang hoạt động,0.368
C02361,38,Nữ,TP HCM,40,1,1,39.0,7.0,6463800.0,Trung bình,0.208
C02362,26,Nữ,Cần Thơ,33,0,0,4.0,6.0,13578550.0,Đang hoạt động,0.196
C02363,34,Nam,TP HCM,57,2,1,33.0,7.0,3873400.0,Trung bình,0.195
C02364,38,Nam,Hải Phòng,42,1,0,50.0,9.0,7679250.0,Trung bình,0.116
C02365,47,Nam,TP HCM,22,2,1,10.0,7.0,8078000.0,Đang hoạt động,0.415
C02366,42,Nữ,TP HCM,8,0,0,12.0,5.0,4042900.0,Đang hoạt động,0.403
C02367,31,Nữ,Hà Nội,41,0,0,81.0,7.0,11275900.0,Trung bình,0.125
C02368,69,Nam,Đà Nẵng,40,1,0,67.0,4.0,12909893.0,Trung bình,0.337
C02369,41,Nam,Cần Thơ,47,1,0,80.0,4.0,3583400.0,Trung bình,0.269
C02370,43,Nam,Đà Nẵng,43,1,0,56.0,5.0,4919000.0,Trung bình,0.258
C02371,49,Nam,Hà Nội,42,2,1,8.0,3.0,6565000.0,Đang hoạt động,0.454
C02372,64,Nữ,Đà Nẵng,5,0,1,75.0,7.0,5626400.0,Trung bình,0.3
C02373,48,Nữ,Đà Nẵng,25,0,0,17.0,7.0,7224950.0,Đang hoạt động,0.193
C02374,24,Nam,Hà Nội,11,1,1,32.0,5.0,5664000.0,Trung bình,0.457
C02375,36,Nữ,Cần Thơ,53,2,1,31.0,8.0,4743150.0,Trung bình,0.161
C02376,44,Nữ,Hà Nội,40,1,0,21.0,6.0,25888381.0,Đang hoạt động,0.249
C02377,33,Nam,Đà Nẵng,50,1,1,2.0,4.0,1797700.0,Đang hoạt động,0.257
C02378,48,Nam,Cần Thơ,20,1,1,83.0,5.0,3794800.0,Trung bình,0.395
C02379,25,Nữ,TP HCM,33,1,1,17.0,5.0,5853900.0,Đang hoạt động,0.342
C02380,30,Nam,Hà Nội,12,0,0,24.0,6.0,5049450.0,Đang hoạt động,0.287
C02381,47,Nữ,Hải Phòng,41,2,1,41.0,7.0,13070500.0,Trung bình,0.264
C02382,35,Nam,Hải Phòng,58,2,0,79.0,2.0,271700.0,Trung bình,0.386
C02383,33,Nữ,Đà Nẵng,38,2,0,6.0,7.0,7989950.0,Đang hoạt động,0.291
C02384,40,Nam,Hải Phòng,8,0,0,9.0,8.0,7332200.0,Đang hoạt động,0.223
C02385,68,Nam,Hải Phòng,45,0,0,74.0,5.0,4829950.0,Trung bình,0.157
C02386,24,Nam,TP HCM,40,2,1,68.0,9.0,12787350.0,Trung bình,0.216
C02387,21,Nam,Đà Nẵng,58,0,0,158.0,6.0,4050200.0,Đã ngủ đông,0.102
C02388,36,Nam,Cần Thơ,35,3,1,5.0,4.0,7027150.0,Đang hoạt động,0.575
C02389,54,Nam,Đà Nẵng,13,2,0,5.0,9.0,9322850.0,Đang hoạt động,0.35
C02390,51,Nam,TP HCM,47,0,1,228.0,2.0,2922000.0,Đã ngủ đông,0.3
C02391,24,Nam,Hà Nội,33,1,0,87.0,7.0,7891400.0,Trung bình,0.218
C02392,25,Nữ,Đà Nẵng,10,1,0,136.0,4.0,2009450.0,Đã ngủ đông,0.543
C02393,28,Nam,Đà Nẵng,28,3,1,31.0,5.0,5115600.0,Trung bình,0.578
C02394,37,Nữ,TP HCM,30,2,1,35.0,7.0,5806200.0,Trung bình,0.357
C02395,35,Nữ,Hà Nội,51,1,0,26.0,6.0,2065900.0,Đang hoạt động,0.162
C02396,50,Nam,TP HCM,8,2,1,4.0,6.0,3396000.0,Đang hoạt động,0.567
C02397,21,Nam,Hà Nội,12,1,1,30.0,6.0,8306750.0,Đang hoạt động,0.398
C02398,64,Nữ,Đà Nẵng,26,0,1,24.0,9.0,9443300.0,Đang hoạt động,0.128
C02399,55,Nam,TP HCM,29,2,1,202.0,4.0,2790800.0,Đã ngủ đông,0.533
C02400,67,Nữ,Cần Thơ,38,3,0,1.0,7.0,11084432.0,Đang hoạt động,0.383
C02401,68,Nữ,Cần Thơ,40,0,0,47.0,6.0,3467050.0,Trung bình,0.15
C02402,39,Nữ,TP HCM,20,0,0,32.0,5.0,1888600.0,Trung bình,0.317
C02403,66,Nữ,TP HCM,51,3,0,59.0,3.0,2968650.0,Trung bình,0.536
C02404,50,Nam,Cần Thơ,48,1,0,12.0,5.0,8407750.0,Đang hoạt động,0.225
C02405,21,Nam,Hải Phòng,49,2,0,1.0,8.0,6887300.0,Đang hoạt động,0.175
C02406,22,Nam,Cần Thơ,59,0,0,4.0,11.0,9180550.0,Khách VIP,0.032
C02407,64,Nữ,Hà Nội,14,2,0,12.0,6.0,2410650.0,Đang hoạt động,0.476
C02408,40,Nữ,TP HCM,13,2,1,70.0,6.0,5072500.0,Trung bình,0.539
C02409,30,Nữ,TP HCM,10,0,1,14.0,8.0,8339600.0,Đang hoạt động,0.247
C02410,56,Nữ,Hải Phòng,18,1,1,14.0,9.0,10574750.0,Đang hoạt động,0.214
C02411,46,Nam,Cần Thơ,55,0,1,10.0,5.0,5572200.0,Đang hoạt động,0.127
C02412,28,Nữ,Cần Thơ,24,3,0,3.0,8.0,7319900.0,Đang hoạt động,0.426
C02413,30,Nữ,Hà Nội,25,1,0,161.0,2.0,884000.0,Đã ngủ đông,0.523
C02414,63,Nữ,Cần Thơ,30,0,0,45.0,11.0,9502350.0,Trung bình,0.072
C02415,49,Nữ,Hà Nội,35,0,0,60.0,3.0,2979350.0,Trung bình,0.287
C02416,68,Nữ,TP HCM,33,2,0,94.0,7.0,8887434.0,Trung bình,0.34
C02417,66,Nam,Hà Nội,8,0,1,15.0,5.0,5411900.0,Đang hoạt động,0.36
C02418,63,Nữ,Cần Thơ,45,0,0,103.0,9.0,10015800.0,Trung bình,0.074
C02419,65,Nam,TP HCM,32,3,0,106.0,4.0,2537900.0,Trung bình,0.617
C02420,41,Nam,Hà Nội,24,2,1,29.0,7.0,4970500.0,Đang hoạt động,0.355
C02421,31,Nữ,Hà Nội,29,0,0,9.0,4.0,2557000.0,Đang hoạt động,0.276
C02422,25,Nữ,Cần Thơ,47,2,0,38.0,8.0,5183100.0,Trung bình,0.189
C02423,38,Nữ,Hà Nội,17,2,1,88.0,5.0,2294350.0,Trung bình,0.52
C02424,55,Nữ,Hà Nội,23,1,0,4.0,7.0,5815200.0,Đang hoạt động,0.264
C02425,43,Nữ,Cần Thơ,6,0,0,69.0,7.0,4022600.0,Trung bình,0.284
C02426,57,Nữ,Đà Nẵng,27,1,0,3.0,5.0,6317850.0,Đang hoạt động,0.36
C02427,70,Nữ,Đà Nẵng,8,0,0,18.0,6.0,6887750.0,Đang hoạt động,0.331
C02428,47,Nam,Hà Nội,20,2,0,5.0,9.0,8057700.0,Đang hoạt động,0.283
C02429,48,Nữ,TP HCM,25,1,1,97.0,2.0,1111900.0,Trung bình,0.561
C02430,68,Nam,Hà Nội,46,1,1,136.0,5.0,4216600.0,Đã ngủ đông,0.222
C02431,52,Nam,Đà Nẵng,18,2,0,31.0,6.0,9128800.0,Trung bình,0.486
C02432,53,Nam,TP HCM,23,1,0,2.0,5.0,2653300.0,Đang hoạt động,0.398
C02433,24,Nữ,TP HCM,44,0,0,126.0,4.0,2397750.0,Đã ngủ đông,0.227
C02434,48,Nam,Đà Nẵng,46,0,0,5.0,5.0,4804400.0,Đang hoạt động,0.166
C02435,43,Nam,Cần Thơ,43,1,1,10.0,7.0,2817850.0,Đang hoạt động,0.167
C02436,53,Nữ,Hà Nội,25,2,1,29.0,2.0,3976700.0,Đang hoạt động,0.632
C02437,26,Nữ,Hà Nội,24,4,1,10.0,6.0,3734450.0,Đang hoạt động,0.636
C02438,33,Nữ,Hà Nội,47,2,0,17.0,3.0,2518450.0,Đang hoạt động,0.412
C02439,31,Nam,Hà Nội,5,0,0,82.0,6.0,4389400.0,Trung bình,0.333
C02440,32,Nữ,Đà Nẵng,55,1,0,53.0,10.0,12644150.0,Trung bình,0.075
C02441,26,Nam,Hà Nội,44,1,0,156.0,5.0,9502068.0,Đã ngủ đông,0.248
C02442,58,Nữ,TP HCM,18,0,1,44.0,4.0,6083000.0,Trung bình,0.391
C02443,67,Nữ,Đà Nẵng,8,2,1,78.0,5.0,1752650.0,Trung bình,0.602
C02444,47,Nam,TP HCM,13,0,0,17.0,7.0,5032000.0,Đang hoạt động,0.266
C02445,30,Nam,TP HCM,38,4,0,55.0,7.0,13566400.0,Trung bình,0.54
C02446,28,Nam,Đà Nẵng,55,0,1,66.0,4.0,2561800.0,Trung bình,0.161
C02447,60,Nữ,Hải Phòng,2,1,1,1.0,4.0,1419400.0,Đang hoạt động,0.568
C02448,44,Nam,Cần Thơ,32,0,1,4.0,3.0,4772850.0,Đang hoạt động,0.316
C02449,44,Nữ,Hà Nội,12,2,0,29.0,5.0,4589350.0,Đang hoạt động,0.559
C02450,50,Nam,TP HCM,9,1,0,107.0,7.0,8372750.0,Trung bình,0.403
C02451,70,Nam,Hà Nội,58,0,0,19.0,9.0,8341650.0,Đang hoạt động,0.048
C02452,70,Nữ,Đà Nẵng,5,0,0,32.0,6.0,9067500.0,Trung bình,0.357
C02453,19,Nam,Hà Nội,6,1,0,76.0,5.0,3453000.0,Trung bình,0.492
C02454,64,Nữ,Hà Nội,9,1,0,46.0,7.0,6198150.0,Trung bình,0.354
C02455,41,Nam,TP HCM,3,2,0,76.0,6.0,9086000.0,Trung bình,0.619
C02456,38,Nữ,Hà Nội,1,1,0,23.0,11.0,11767004.0,Khách VIP,0.225
C02457,24,Nữ,Hà Nội,39,1,0,7.0,4.0,4614250.0,Đang hoạt động,0.313
C02458,31,Nữ,Hà Nội,59,0,0,9.0,10.0,9052000.0,Khách VIP,0.038
C02459,34,Nữ,Cần Thơ,14,0,0,13.0,6.0,4152200.0,Đang hoạt động,0.283
C02460,59,Nam,Hải Phòng,36,1,1,13.0,5.0,3308000.0,Đang hoạt động,0.275
C02461,61,Nữ,TP HCM,1,0,0,49.0,8.0,5200150.0,Trung bình,0.292
C02462,47,Nam,TP HCM,37,1,0,45.0,6.0,8936900.0,Trung bình,0.269
C02463,31,Nam,TP HCM,30,0,0,25.0,7.0,5871050.0,Đang hoạt động,0.182
C02464,36,Nam,TP HCM,47,1,0,56.0,10.0,14761150.0,Trung bình,0.101
C02465,21,Nữ,TP HCM,33,2,1,40.0,7.0,10015200.0,Trung bình,0.348
C02466,69,Nam,Cần Thơ,43,1,0,166.0,4.0,2909950.0,Đã ngủ đông,0.291
C02467,53,Nữ,TP HCM,14,2,0,34.0,8.0,7487500.0,Trung bình,0.416
C02468,26,Nam,Hà Nội,30,3,0,34.0,3.0,5577000.0,Trung bình,0.655
C02469,18,Nam,Hà Nội,1,0,0,71.0,4.0,2674000.0,Trung bình,0.472
C02470,52,Nam,Hà Nội,36,2,0,59.0,3.0,1578700.0,Trung bình,0.489
C02471,38,Nữ,TP HCM,60,1,0,24.0,5.0,8196700.0,Đang hoạt động,0.189
C02472,57,Nữ,Cần Thơ,20,1,0,1.0,5.0,4493250.0,Đang hoạt động,0.394
C02473,36,Nữ,TP HCM,14,1,0,134.0,6.0,6927750.0,Đã ngủ đông,0.425
C02474,20,Nữ,TP HCM,42,2,1,23.0,7.0,4596800.0,Đang hoạt động,0.279
C02475,55,Nam,Đà Nẵng,42,1,0,60.0,5.0,4604600.0,Trung bình,0.261
C02476,26,Nữ,TP HCM,59,0,0,108.0,4.0,1408700.0,Trung bình,0.156
C02477,30,Nam,Đà Nẵng,45,1,0,119.0,4.0,2454000.0,Trung bình,0.292
C02478,64,Nữ,TP HCM,20,2,1,51.0,3.0,4507750.0,Trung bình,0.652
C02479,65,Nam,Hải Phòng,29,0,0,11.0,6.0,2966400.0,Đang hoạt động,0.188
C02480,22,Nam,Hà Nội,10,2,1,58.0,4.0,3391600.0,Trung bình,0.631
C02481,35,Nam,Hà Nội,58,1,0,16.0,9.0,4271350.0,Đang hoạt động,0.072
C02482,60,Nam,Đà Nẵng,42,1,1,28.0,7.0,10558700.0,Đang hoạt động,0.188
C02483,53,Nam,TP HCM,24,4,0,65.0,9.0,8634000.0,Trung bình,0.513
C02484,33,Nữ,Hà Nội,60,1,1,27.0,4.0,3268100.0,Đang hoạt động,0.193
C02485,54,Nam,Đà Nẵng,50,0,0,20.0,13.0,9891700.0,Khách VIP,0.027
C02486,43,Nam,TP HCM,45,3,1,34.0,6.0,3323650.0,Trung bình,0.407
C02487,59,Nam,Hải Phòng,1,5,1,84.0,6.0,9134700.0,Trung bình,0.851
C02488,45,Nữ,Hải Phòng,13,2,1,1.0,6.0,5688250.0,Đang hoạt động,0.494
C02489,47,Nam,Hà Nội,7,3,1,33.0,4.0,4463600.0,Trung bình,0.745
C02490,63,Nữ,Hải Phòng,3,1,0,1.0,9.0,5856050.0,Đang hoạt động,0.289
C02491,53,Nữ,TP HCM,56,1,0,68.0,8.0,5117600.0,Trung bình,0.112
C02492,37,Nam,Cần Thơ,55,2,0,13.0,7.0,12217450.0,Đang hoạt động,0.195
C02493,66,Nữ,Cần Thơ,27,1,0,155.0,4.0,2700950.0,Đã ngủ đông,0.4
C02494,28,Nữ,Hà Nội,43,2,1,75.0,3.0,6867950.0,Trung bình,0.454
C02495,56,Nữ,Hà Nội,9,1,1,4.0,9.0,9675150.0,Đang hoạt động,0.261
C02496,48,Nam,TP HCM,43,1,0,10.0,8.0,7723238.0,Đang hoạt động,0.158
C02497,66,Nữ,Hà Nội,35,1,0,95.0,6.0,3340800.0,Trung bình,0.238
C02498,60,Nữ,Hà Nội,1,1,0,41.0,8.0,6514650.0,Trung bình,0.356
C02499,67,Nữ,Hà Nội,38,0,1,10.0,5.0,4532000.0,Đang hoạt động,0.186
C02500,33,Nam,Hà Nội,51,2,0,117.0,8.0,13230600.0,Trung bình,0.175
C02501,49,Nam,Đà Nẵng,3,2,1,73.0,5.0,3966900.0,Trung bình,0.643
C02502,70,Nữ,TP HCM,25,1,0,15.0,3.0,2484150.0,Đang hoạt động,0.498
C02503,49,Nam,Đà Nẵng,3,4,1,79.0,5.0,2176750.0,Trung bình,0.816
C02504,26,Nam,Đà Nẵng,8,1,0,2.0,6.0,4430600.0,Đang hoạt động,0.439
C02505,33,Nam,TP HCM,37,0,0,16.0,4.0,5069250.0,Đang hoạt động,0.266
C02506,30,Nữ,Hải Phòng,16,1,1,104.0,4.0,3036950.0,Trung bình,0.476
C02507,36,Nam,TP HCM,18,4,1,33.0,4.0,3503000.0,Trung bình,0.798
C02508,62,Nam,Hải Phòng,6,0,0,11.0,7.0,8904100.0,Đang hoạt động,0.279
C02509,39,Nữ,Hà Nội,56,1,0,39.0,3.0,1545200.0,Trung bình,0.251
C02510,51,Nam,TP HCM,33,4,0,15.0,4.0,6161050.0,Đang hoạt động,0.717
C02511,59,Nam,TP HCM,22,1,0,66.0,6.0,21745913.770121202,Trung bình,0.392
C02512,49,Nữ,Cần Thơ,18,0,0,21.0,3.0,4467200.0,Đang hoạt động,0.413
C02513,54,Nam,Hà Nội,24,1,0,12.0,3.0,3310000.0,Đang hoạt động,0.466
C02514,47,Nữ,Cần Thơ,12,2,1,27.0,9.0,10888400.0,Đang hoạt động,0.352
C02515,32,Nữ,Hà Nội,30,2,0,31.0,8.0,5313500.0,Trung bình,0.27
C02516,24,Nữ,TP HCM,4,0,1,999.0,0.0,0.0,Chưa mua,0.737
C02517,22,Nữ,TP HCM,45,1,1,64.0,3.0,1599400.0,Trung bình,0.36
C02518,32,Nam,TP HCM,36,1,1,34.0,3.0,2169350.0,Trung bình,0.422
C02519,56,Nữ,TP HCM,11,2,0,1.0,4.0,3627000.0,Đang hoạt động,0.658
C02520,59,Nam,Đà Nẵng,31,0,0,41.0,6.0,3847700.0,Trung bình,0.196
C02521,30,Nữ,Cần Thơ,5,0,0,4.0,8.0,8012250.0,Đang hoạt động,0.25
C02522,34,Nam,TP HCM,22,0,0,10.0,6.0,4250200.0,Đang hoạt động,0.26
C02523,38,Nam,Đà Nẵng,46,0,0,6.0,9.0,5992150.0,Đang hoạt động,0.073
C02524,32,Nam,Hà Nội,15,3,1,61.0,12.0,13250900.0,Trung bình,0.276
C02525,36,Nữ,Đà Nẵng,15,1,1,5.0,9.0,7348400.0,Đang hoạt động,0.243
C02526,24,Nữ,Hải Phòng,25,0,1,112.0,4.0,1846000.0,Trung bình,0.304
C02527,25,Nam,Đà Nẵng,42,2,0,69.0,10.0,24633504.0,Trung bình,0.174
C02528,32,Nữ,Hải Phòng,15,2,1,6.0,3.0,5793000.0,Đang hoạt động,0.654
C02529,41,Nam,TP HCM,9,2,1,27.0,5.0,2472700.0,Đang hoạt động,0.617
C02530,56,Nữ,Cần Thơ,12,2,1,81.0,5.0,7704400.0,Trung bình,0.576
C02531,33,Nữ,TP HCM,49,1,0,44.0,4.0,2104000.0,Trung bình,0.282
C02532,61,Nam,Cần Thơ,31,0,0,3.0,6.0,3932100.0,Đang hoạt động,0.187
C02533,36,Nam,TP HCM,10,1,0,23.0,11.0,7910200.0,Khách VIP,0.202
C02534,53,Nam,Đà Nẵng,33,2,1,134.0,2.0,524900.0,Đã ngủ đông,0.592
C02535,42,Nữ,Hà Nội,43,1,0,128.0,2.0,2686000.0,Đã ngủ đông,0.391
C02536,70,Nam,TP HCM,1,1,0,8.0,9.0,11641350.0,Đang hoạt động,0.348
C02537,52,Nữ,TP HCM,43,0,0,27.0,6.0,7331100.0,Đang hoạt động,0.161
C02538,27,Nam,TP HCM,55,0,0,237.0,4.0,8903400.0,Đã ngủ đông,0.185
C02539,63,Nam,Hà Nội,9,0,0,40.0,8.0,5764100.0,Trung bình,0.214
C02540,34,Nam,TP HCM,21,2,0,47.0,5.0,2838900.0,Trung bình,0.532
C02541,46,Nữ,TP HCM,30,1,0,180.0,3.0,2782250.0,Đã ngủ đông,0.472
C02542,26,Nữ,Hà Nội,44,1,0,16.0,9.0,8672150.0,Đang hoạt động,0.111
C02543,26,Nữ,Hà Nội,51,0,0,23.0,5.0,4642250.0,Đang hoạt động,0.137
C02544,23,Nữ,TP HCM,50,0,0,34.0,6.0,4563350.0,Trung bình,0.134
C02545,32,Nữ,TP HCM,28,3,1,22.0,10.0,12302400.0,Khách VIP,0.328
C02546,48,Nam,Hải Phòng,1,1,1,7.0,5.0,4132750.0,Đang hoạt động,0.524
C02547,51,Nữ,Hà Nội,36,3,0,7.0,8.0,6545650.0,Đang hoạt động,0.326
C02548,59,Nữ,TP HCM,48,0,0,11.0,3.0,5706000.0,Đang hoạt động,0.246
C02549,69,Nữ,Hà Nội,41,0,0,7.0,9.0,6732050.0,Đang hoạt động,0.076
C02550,45,Nữ,Hà Nội,4,0,0,14.0,5.0,4733050.0,Đang hoạt động,0.392
C02551,42,Nữ,Hải Phòng,30,0,0,83.0,5.0,5655850.0,Trung bình,0.232
C02552,33,Nam,Hà Nội,25,2,0,99.0,7.0,6496550.0,Trung bình,0.355
C02553,66,Nữ,Hà Nội,18,1,1,29.0,4.0,5219335.0,Đang hoạt động,0.456
C02554,58,Nam,Hà Nội,7,1,0,72.0,3.0,1302150.0,Trung bình,0.589
C02555,67,Nam,TP HCM,32,1,0,58.0,12.0,12927900.0,Trung bình,0.096
C02556,24,Nữ,TP HCM,43,0,0,55.0,3.0,2630000.0,Trung bình,0.276
C02557,33,Nam,Hà Nội,11,2,0,17.0,5.0,4436800.0,Đang hoạt động,0.566
C02558,68,Nữ,TP HCM,20,1,1,136.0,2.0,4945000.0,Đã ngủ đông,0.604
C02559,45,Nam,Đà Nẵng,10,2,1,65.0,6.0,3990700.0,Trung bình,0.536
C02560,35,Nam,TP HCM,11,1,0,144.0,5.0,1950100.0,Đã ngủ đông,0.494
C02561,64,Nữ,TP HCM,29,0,0,19.0,13.0,13378150.0,Khách VIP,0.055
C02562,19,Nam,Cần Thơ,58,1,1,27.0,4.0,3627700.0,Đang hoạt động,0.211
C02563,52,Nữ,TP HCM,50,0,0,136.0,5.0,6900650.0,Đã ngủ đông,0.166
C02564,54,Nữ,Cần Thơ,9,0,0,109.0,6.0,5074250.0,Trung bình,0.316
C02565,49,Nữ,Hà Nội,55,1,0,16.0,11.0,10967350.0,Khách VIP,0.053
C02566,36,Nam,TP HCM,43,0,1,32.0,3.0,2921700.0,Trung bình,0.273
C02567,45,Nữ,TP HCM,50,0,1,16.0,8.0,6622558.0,Đang hoạt động,0.088
C02568,61,Nữ,Hải Phòng,7,1,0,13.0,3.0,4987150.0,Đang hoạt động,0.597
C02569,58,Nam,Cần Thơ,10,2,1,15.0,7.0,5946650.0,Đang hoạt động,0.466
C02570,69,Nữ,TP HCM,40,2,1,10.0,4.0,1416300.0,Đang hoạt động,0.439
C02571,25,Nữ,TP HCM,30,2,1,40.0,4.0,3450000.0,Trung bình,0.527
C02572,24,Nữ,TP HCM,53,0,0,45.0,5.0,2814900.0,Trung bình,0.15
C02573,63,Nam,Cần Thơ,2,1,1,56.0,1.0,665100.0,Trung bình,0.734
C02574,21,Nam,Đà Nẵng,35,1,0,1.0,9.0,9822000.0,Đang hoạt động,0.153
C02575,60,Nữ,Đà Nẵng,1,0,0,83.0,5.0,3471250.0,Trung bình,0.433
C02576,69,Nam,Đà Nẵng,48,1,0,41.0,3.0,1155000.0,Trung bình,0.312
C02577,35,Nữ,Hà Nội,38,2,0,17.0,5.0,6275600.0,Đang hoạt động,0.372
C02578,59,Nam,Hà Nội,48,0,0,36.0,9.0,8450150.0,Trung bình,0.064
C02579,65,Nữ,TP HCM,21,0,0,15.0,8.0,11376300.0,Đang hoạt động,0.192
C02580,68,Nam,Hải Phòng,49,1,0,8.0,6.0,7817350.0,Đang hoạt động,0.173
C02581,51,Nữ,Đà Nẵng,45,2,0,26.0,2.0,523600.0,Đang hoạt động,0.501
C02582,68,Nam,Hà Nội,22,0,0,45.0,7.0,6984050.0,Trung bình,0.19
C02583,21,Nam,Hải Phòng,34,0,0,131.0,9.0,10514700.0,Đã ngủ đông,0.1
C02584,33,Nữ,Hải Phòng,26,2,0,112.0,8.0,11418300.0,Trung bình,0.308
C02585,36,Nam,TP HCM,14,1,1,6.0,8.0,1850650.0,Đang hoạt động,0.3
C02586,61,Nam,Đà Nẵng,40,0,0,80.0,5.0,8754700.0,Trung bình,0.198
C02587,43,Nam,Hà Nội,29,3,1,43.0,8.0,6784900.0,Trung bình,0.376
C02588,39,Nữ,Cần Thơ,54,2,0,63.0,12.0,12377050.0,Trung bình,0.072
C02589,23,Nam,Hà Nội,35,1,0,53.0,6.0,6553350.0,Trung bình,0.246
C02590,66,Nữ,Hà Nội,56,2,1,128.0,5.0,5967000.0,Đã ngủ đông,0.255
C02591,58,Nam,TP HCM,24,2,1,58.0,7.0,3825050.0,Trung bình,0.391
C02592,35,Nữ,Hà Nội,11,0,0,21.0,7.0,7362000.0,Đang hoạt động,0.251
C02593,21,Nam,Đà Nẵng,53,3,0,31.0,7.0,10299150.0,Trung bình,0.299
C02594,20,Nam,TP HCM,11,1,1,119.0,2.0,3118000.0,Trung bình,0.668
C02595,22,Nam,TP HCM,28,0,0,71.0,6.0,7355450.0,Trung bình,0.235
C02596,67,Nam,Cần Thơ,60,4,1,32.0,4.0,3824700.0,Trung bình,0.491
C02597,38,Nữ,Hà Nội,40,2,1,25.0,3.0,3640000.0,Đang hoạt động,0.466
C02598,40,Nữ,Đà Nẵng,34,4,0,185.0,4.0,11060658.0,Đã ngủ đông,0.712
C02599,64,Nữ,Hà Nội,54,2,0,35.0,6.0,4691650.0,Trung bình,0.219
C02600,46,Nữ,Hà Nội,12,0,0,17.0,7.0,6070150.0,Đang hoạt động,0.242
C02601,57,Nam,TP HCM,3,0,0,23.0,9.0,11031800.0,Đang hoạt động,0.243
C02602,39,Nữ,Hà Nội,20,0,0,54.0,3.0,1100000.0,Trung bình,0.384
C02603,30,Nữ,TP HCM,40,1,0,34.0,8.0,6847550.0,Trung bình,0.173
C02604,52,Nữ,Đà Nẵng,35,1,0,30.0,2.0,1627900.0,Đang hoạt động,0.464
C02605,46,Nam,Hà Nội,3,1,0,19.0,11.0,10483950.0,Khách VIP,0.21
C02606,25,Nữ,Cần Thơ,41,0,0,45.0,8.0,7232450.0,Trung bình,0.102
C02607,51,Nam,Hà Nội,20,2,1,87.0,6.0,7165450.0,Trung bình,0.446
C02608,55,Nam,Hà Nội,27,2,1,58.0,4.0,2309100.0,Trung bình,0.498
C02609,66,Nam,TP HCM,6,1,0,92.0,4.0,2757300.0,Trung bình,0.584
C02610,44,Nam,TP HCM,30,0,0,20.0,3.0,1704400.0,Đang hoạt động,0.352
C02611,35,Nam,TP HCM,21,1,0,75.0,7.0,6932800.0,Trung bình,0.318
C02612,20,Nam,Đà Nẵng,55,0,0,19.0,9.0,13883000.0,Đang hoạt động,0.061
C02613,28,Nam,Hà Nội,20,3,0,31.0,7.0,9835300.0,Trung bình,0.509
C02614,27,Nữ,TP HCM,28,2,0,5.0,3.0,2973200.0,Đang hoạt động,0.597
C02615,57,Nữ,TP HCM,22,2,0,9.0,8.0,8566400.0,Đang hoạt động,0.36
C02616,58,Nữ,Hà Nội,44,1,0,27.0,6.0,6789400.0,Đang hoạt động,0.197
C02617,37,Nam,Cần Thơ,11,0,0,4.0,6.0,8823550.0,Đang hoạt động,0.308
C02618,62,Nữ,TP HCM,1,3,0,148.0,4.0,4666200.0,Đã ngủ đông,0.808
C02619,25,Nữ,Hải Phòng,34,0,0,48.0,3.0,3500450.0,Trung bình,0.298
C02620,24,Nữ,TP HCM,26,2,1,188.0,5.0,4152950.0,Đã ngủ đông,0.505
C02621,40,Nam,TP HCM,37,2,0,95.0,9.0,22291973.0,Trung bình,0.246
C02622,26,Nam,TP HCM,21,1,1,5.0,8.0,6904750.0,Đang hoạt động,0.268
C02623,67,Nữ,Đà Nẵng,42,1,0,45.0,6.0,8022200.0,Trung bình,0.223
C02624,44,Nam,Đà Nẵng,32,2,1,213.0,3.0,2073800.0,Đã ngủ đông,0.55
C02625,48,Nam,Hà Nội,52,0,0,39.0,8.0,8701050.0,Trung bình,0.072
C02626,30,Nữ,Cần Thơ,41,1,1,58.0,3.0,1255250.0,Trung bình,0.356
C02627,38,Nam,TP HCM,57,1,0,6.0,10.0,7834350.0,Khách VIP,0.072
C02628,53,Nam,Hà Nội,41,3,0,10.0,6.0,3618000.0,Đang hoạt động,0.393
C02629,61,Nữ,Hải Phòng,30,1,0,36.0,4.0,3114350.0,Trung bình,0.366
C02630,57,Nam,Hà Nội,5,0,1,33.0,6.0,4135500.0,Trung bình,0.327
C02631,18,Nữ,TP HCM,7,3,1,24.0,5.0,5866100.0,Đang hoạt động,0.74
C02632,32,Nam,Hà Nội,13,1,0,3.0,9.0,9502700.0,Đang hoạt động,0.24
C02633,41,Nam,Hà Nội,44,1,0,60.0,3.0,2091000.0,Trung bình,0.325
C02634,25,Nữ,Hải Phòng,21,1,0,6.0,13.0,9912350.0,Khách VIP,0.09
C02635,60,Nữ,Hà Nội,35,2,0,63.0,6.0,5218100.0,Trung bình,0.334
C02636,70,Nam,TP HCM,13,1,1,31.0,9.0,8754400.0,Trung bình,0.267
C02637,26,Nữ,Cần Thơ,36,0,0,5.0,4.0,3438000.0,Đang hoạt động,0.246
C02638,28,Nam,TP HCM,53,0,0,38.0,6.0,7360800.0,Trung bình,0.125
C02639,47,Nam,Cần Thơ,22,2,1,13.0,4.0,2014500.0,Đang hoạt động,0.545
C02640,29,Nữ,Hà Nội,7,0,1,1.0,4.0,3655650.0,Đang hoạt động,0.427
C02641,43,Nữ,TP HCM,58,1,1,11.0,6.0,3401950.0,Đang hoạt động,0.157
C02642,47,Nam,TP HCM,17,0,0,21.0,6.0,8106950.0,Đang hoạt động,0.295
C02643,21,Nam,Hà Nội,26,1,0,6.0,9.0,8451950.0,Đang hoạt động,0.176
C02644,40,Nam,TP HCM,4,3,0,26.0,9.0,10689150.0,Đang hoạt động,0.553
C02645,39,Nữ,Đà Nẵng,20,0,1,71.0,5.0,1700200.0,Trung bình,0.301
C02646,25,Nữ,Hà Nội,30,0,1,117.0,4.0,7402250.0,Trung bình,0.283
C02647,35,Nam,Cần Thơ,55,0,0,12.0,4.0,4259250.0,Đang hoạt động,0.155
C02648,47,Nữ,Hà Nội,16,2,0,74.0,6.0,5003850.0,Trung bình,0.472
C02649,52,Nam,TP HCM,43,2,0,64.0,7.0,4205000.0,Trung bình,0.268
C02650,48,Nam,TP HCM,20,1,1,91.0,3.0,3979400.0,Trung bình,0.544
C02651,30,Nam,TP HCM,54,3,1,42.0,10.0,5693600.0,Trung bình,0.174
C02652,36,Nam,TP HCM,51,1,0,35.0,5.0,7019050.0,Trung bình,0.232
C02653,29,Nữ,Hải Phòng,4,0,0,999.0,0.0,0.0,Chưa mua,0.702
C02654,51,Nam,Hải Phòng,2,2,0,71.0,4.0,3647000.0,Trung bình,0.682
C02655,40,Nữ,Hà Nội,13,1,0,25.0,6.0,5918500.0,Đang hoạt động,0.384
C02656,30,Nam,Hải Phòng,52,1,0,64.0,2.0,1220800.0,Trung bình,0.325
C02657,68,Nữ,Đà Nẵng,9,0,0,7.0,7.0,7241600.0,Đang hoạt động,0.276
C02658,39,Nam,Hà Nội,19,2,1,52.0,6.0,8579624.0,Trung bình,0.457
C02659,48,Nữ,Hà Nội,28,1,1,154.0,4.0,1984100.0,Đã ngủ đông,0.384
C02660,48,Nữ,Hà Nội,53,2,0,20.0,6.0,4180750.0,Đang hoạt động,0.225
C02661,29,Nữ,TP HCM,25,0,0,9.0,3.0,5105600.0,Đang hoạt động,0.398
C02662,49,Nữ,TP HCM,9,4,1,44.0,4.0,19484510.0,Trung bình,0.856
C02663,39,Nữ,Hà Nội,18,0,0,3.0,7.0,3128150.0,Đang hoạt động,0.207
C02664,31,Nữ,Đà Nẵng,29,0,0,86.0,2.0,1594000.0,Trung bình,0.401
C02665,40,Nữ,Hà Nội,14,0,1,109.0,6.0,6477900.0,Trung bình,0.28
C02666,40,Nữ,Cần Thơ,1,0,0,128.0,7.0,2671550.0,Đã ngủ đông,0.315
C02667,36,Nữ,Hải Phòng,40,2,0,23.0,6.0,3819850.0,Đang hoạt động,0.302
C02668,55,Nữ,Cần Thơ,56,1,0,143.0,3.0,984350.0,Đã ngủ đông,0.259
C02669,62,Nữ,TP HCM,50,2,0,5.0,10.0,17214600.0,Khách VIP,0.14
C02670,28,Nữ,TP HCM,40,0,0,14.0,9.0,5341500.0,Đang hoạt động,0.093
C02671,18,Nữ,Hải Phòng,59,1,0,99.0,9.0,21579098.907833356,Trung bình,0.084
C02672,61,Nữ,Cần Thơ,29,1,0,1.0,6.0,7919800.0,Đang hoạt động,0.287
C02673,34,Nữ,Hà Nội,50,0,0,3.0,8.0,4089600.0,Đang hoạt động,0.074
C02674,59,Nam,TP HCM,9,0,1,41.0,4.0,4134700.0,Trung bình,0.45
C02675,21,Nam,Hà Nội,34,2,0,14.0,5.0,4585800.0,Đang hoạt động,0.397
C02676,51,Nam,TP HCM,27,1,1,59.0,3.0,4437000.0,Trung bình,0.491
C02677,57,Nam,Cần Thơ,39,1,1,23.0,7.0,3384500.0,Đang hoạt động,0.184
C02678,68,Nam,Hà Nội,31,1,1,10.0,2.0,1197000.0,Đang hoạt động,0.465
C02679,24,Nam,Đà Nẵng,34,1,0,84.0,8.0,11384935.0,Trung bình,0.195
C02680,54,Nam,Cần Thơ,36,2,0,164.0,4.0,3756000.0,Đã ngủ đông,0.449
C02681,44,Nữ,TP HCM,4,1,1,41.0,5.0,1596550.0,Trung bình,0.541
C02682,18,Nam,Hà Nội,33,0,0,46.0,5.0,2090200.0,Trung bình,0.211
C02683,70,Nam,TP HCM,24,0,0,60.0,1.0,1001000.0,Trung bình,0.506
C02684,59,Nữ,Cần Thơ,24,1,0,66.0,7.0,9196950.0,Trung bình,0.274
C02685,47,Nữ,Hà Nội,56,1,0,58.0,4.0,1253650.0,Trung bình,0.208
C02686,45,Nữ,Cần Thơ,9,1,1,8.0,5.0,1358150.0,Đang hoạt động,0.47
C02687,20,Nam,TP HCM,59,1,0,7.0,8.0,6267400.0,Đang hoạt động,0.105
C02688,52,Nữ,Hà Nội,35,1,0,29.0,8.0,9531800.0,Đang hoạt động,0.171
C02689,68,Nam,Cần Thơ,11,1,0,10.0,8.0,3931050.0,Đang hoạt động,0.292
C02690,49,Nữ,Cần Thơ,55,0,0,39.0,5.0,7805000.0,Trung bình,0.13
C02691,19,Nữ,Cần Thơ,12,1,0,106.0,7.0,5660550.0,Trung bình,0.352
C02692,42,Nữ,Hà Nội,31,0,0,38.0,6.0,4007650.0,Trung bình,0.184
C02693,19,Nam,TP HCM,20,2,0,7.0,6.0,5289950.0,Đang hoạt động,0.487
C02694,65,Nữ,Đà Nẵng,17,0,0,207.0,2.0,1979750.0,Đã ngủ đông,0.49
C02695,24,Nam,TP HCM,24,1,0,23.0,8.0,6850650.0,Đang hoạt động,0.252
C02696,56,Nữ,Hải Phòng,35,1,0,121.0,6.0,5364650.0,Đã ngủ đông,0.244
C02697,44,Nữ,TP HCM,53,0,0,5.0,8.0,10562550.0,Đang hoạt động,0.084
C02698,58,Nam,Hải Phòng,35,1,0,2.0,8.0,6895750.0,Đang hoạt động,0.166
C02699,35,Nam,Đà Nẵng,5,0,1,206.0,2.0,840400.0,Đã ngủ đông,0.58
C02700,34,Nữ,Cần Thơ,34,2,1,26.0,7.0,5461000.0,Đang hoạt động,0.302
C02701,55,Nam,Hà Nội,49,0,0,62.0,3.0,1768000.0,Trung bình,0.206
C02702,29,Nam,Hà Nội,8,0,0,35.0,15.0,14724050.0,Trung bình,0.056
C02703,64,Nam,Cần Thơ,26,2,1,33.0,6.0,2662850.0,Trung bình,0.398
C02704,32,Nữ,TP HCM,3,1,0,3.0,2.0,583300.0,Đang hoạt động,0.71
C02705,46,Nam,Đà Nẵng,57,3,0,40.0,6.0,6541150.0,Trung bình,0.313
C02706,64,Nữ,TP HCM,48,0,0,111.0,4.0,5680700.0,Trung bình,0.207
C02707,52,Nữ,Hải Phòng,24,0,1,21.0,3.0,4179700.0,Đang hoạt động,0.36
C02708,35,Nam,Hà Nội,29,1,0,1.0,9.0,9110000.0,Đang hoạt động,0.163
C02709,20,Nam,Cần Thơ,56,1,0,36.0,10.0,4841850.0,Trung bình,0.065
C02710,22,Nữ,TP HCM,56,0,0,131.0,5.0,8380400.0,Đã ngủ đông,0.146
C02711,28,Nữ,TP HCM,14,1,1,68.0,3.0,2848000.0,Trung bình,0.59
C02712,26,Nữ,Hà Nội,5,3,1,60.0,2.0,741000.0,Trung bình,0.831
C02713,29,Nữ,TP HCM,58,0,0,29.0,7.0,7953050.0,Đang hoạt động,0.09
C02714,19,Nam,Hà Nội,56,1,0,11.0,4.0,1216850.0,Đang hoạt động,0.21
C02715,43,Nam,TP HCM,59,2,1,38.0,6.0,5111100.0,Trung bình,0.225
C02716,27,Nữ,Hà Nội,42,2,1,7.0,5.0,3047950.0,Đang hoạt động,0.339
C02717,29,Nữ,Hà Nội,20,1,0,15.0,11.0,7424100.0,Khách VIP,0.137
C02718,40,Nữ,TP HCM,37,1,0,21.0,5.0,3414100.0,Đang hoạt động,0.308
C02719,60,Nữ,Cần Thơ,43,1,1,2.0,5.0,4727750.0,Đang hoạt động,0.246
C02720,63,Nam,Đà Nẵng,2,0,0,148.0,5.0,3669600.0,Đã ngủ đông,0.426
C02721,64,Nữ,Hải Phòng,26,1,0,6.0,6.0,4771250.0,Đang hoạt động,0.291
C02722,47,Nam,TP HCM,7,1,1,133.0,2.0,2333200.0,Đã ngủ đông,0.689
C02723,70,Nam,Hải Phòng,7,1,0,17.0,4.0,8449550.0,Đang hoạt động,0.544
C02724,20,Nam,TP HCM,14,0,0,94.0,3.0,6975000.0,Trung bình,0.487
C02725,67,Nữ,TP HCM,10,0,0,17.0,3.0,2561700.0,Đang hoạt động,0.497
C02726,53,Nữ,Hà Nội,34,1,0,21.0,5.0,7712450.0,Đang hoạt động,0.297
C02727,60,Nam,Hà Nội,10,1,1,27.0,9.0,28528475.0,Đang hoạt động,0.288
C02728,46,Nữ,Hà Nội,39,0,1,77.0,6.0,3787900.0,Trung bình,0.151
C02729,31,Nữ,Đà Nẵng,19,1,0,19.0,6.0,7842250.0,Đang hoạt động,0.368
C02730,60,Nam,Hải Phòng,18,0,1,95.0,5.0,3890600.0,Trung bình,0.295
C02731,65,Nam,Đà Nẵng,41,0,1,19.0,4.0,2654700.0,Đang hoạt động,0.221
C02732,29,Nữ,Hà Nội,37,0,0,208.0,1.0,175100.0,Đã ngủ đông,0.38
C02733,18,Nam,Hà Nội,21,0,0,204.0,3.0,23528316.0,Đã ngủ đông,0.433
C02734,37,Nam,TP HCM,17,0,0,110.0,7.0,9980100.0,Trung bình,0.256
C02735,36,Nữ,Hà Nội,6,0,0,89.0,4.0,3976000.0,Trung bình,0.437
C02736,39,Nam,Hà Nội,46,1,0,57.0,14.0,7530250.0,Trung bình,0.034
C02737,50,Nam,TP HCM,20,2,1,50.0,5.0,3024000.0,Trung bình,0.537
C02738,57,Nam,Hải Phòng,25,1,1,21.0,3.0,15943728.0,Đang hoạt động,0.487
C02739,40,Nữ,TP HCM,6,1,0,7.0,9.0,5371500.0,Đang hoạt động,0.309
C02740,42,Nam,Hà Nội,11,1,0,28.0,9.0,9299200.0,Đang hoạt động,0.25
C02741,69,Nữ,TP HCM,2,1,1,73.0,9.0,8166900.0,Trung bình,0.338
C02742,34,Nam,TP HCM,25,0,0,12.0,12.0,16775850.0,Khách VIP,0.08
C02743,68,Nam,Hải Phòng,57,1,0,50.0,6.0,6337050.0,Trung bình,0.141
C02744,62,Nam,Hà Nội,19,1,0,7.0,6.0,7997900.0,Đang hoạt động,0.341
C02745,35,Nữ,TP HCM,48,1,0,92.0,6.0,7135500.0,Trung bình,0.21
C02746,63,Nữ,Đà Nẵng,33,0,0,18.0,7.0,12568834.0,Đang hoạt động,0.164
C02747,45,Nữ,Hà Nội,19,2,0,29.0,11.0,14474995.0,Khách VIP,0.214
C02748,54,Nữ,TP HCM,16,1,0,22.0,5.0,1434100.0,Đang hoạt động,0.449
C02749,48,Nam,TP HCM,24,0,0,104.0,5.0,4284800.0,Trung bình,0.296
C02750,59,Nam,TP HCM,25,1,0,15.0,7.0,6990850.0,Đang hoạt động,0.288
C02751,59,Nữ,Hà Nội,3,1,0,3.0,9.0,7735250.0,Đang hoạt động,0.293
C02752,63,Nam,TP HCM,40,2,0,56.0,5.0,3198000.0,Trung bình,0.387
C02753,52,Nữ,Cần Thơ,44,2,0,79.0,5.0,2300800.0,Trung bình,0.332
C02754,46,Nữ,Đà Nẵng,23,1,0,6.0,10.0,9995850.0,Khách VIP,0.169
C02755,28,Nữ,Hải Phòng,5,4,1,37.0,7.0,7247800.0,Trung bình,0.717
C02756,43,Nam,Đà Nẵng,3,1,1,10.0,6.0,6523000.0,Đang hoạt động,0.479
C02757,48,Nam,Cần Thơ,20,1,0,67.0,5.0,9352700.0,Trung bình,0.407
C02758,23,Nam,Hải Phòng,20,0,0,42.0,9.0,14408650.0,Trung bình,0.147
C02759,49,Nam,Hải Phòng,57,0,0,73.0,9.0,7227650.0,Trung bình,0.05
C02760,67,Nữ,TP HCM,21,0,0,32.0,5.0,5562400.0,Trung bình,0.314
C02761,32,Nam,Hà Nội,7,3,0,96.0,7.0,5526250.0,Trung bình,0.597
C02762,25,Nam,Đà Nẵng,7,2,0,35.0,6.0,5037700.0,Trung bình,0.563
C02763,48,Nữ,Cần Thơ,5,2,0,4.0,7.0,4395250.0,Đang hoạt động,0.502
C02764,47,Nam,TP HCM,49,2,0,173.0,5.0,2817200.0,Đã ngủ đông,0.331
C02765,56,Nam,Hà Nội,39,0,0,74.0,8.0,10040600.0,Trung bình,0.104
C02766,30,Nam,TP HCM,7,3,1,85.0,5.0,4014950.0,Trung bình,0.736
C02767,62,Nam,TP HCM,60,0,1,88.0,5.0,3206650.0,Trung bình,0.122
C02768,38,Nữ,TP HCM,26,1,0,5.0,10.0,8313250.0,Khách VIP,0.166
C02769,40,Nữ,TP HCM,21,1,0,20.0,6.0,2683200.0,Đang hoạt động,0.361
C02770,42,Nữ,Hà Nội,53,1,0,95.0,1.0,801000.0,Trung bình,0.37
C02771,34,Nam,Đà Nẵng,17,0,0,112.0,5.0,4697150.0,Trung bình,0.327
C02772,46,Nữ,TP HCM,60,1,0,24.0,3.0,3845200.0,Đang hoạt động,0.264
C02773,47,Nữ,Hải Phòng,11,0,1,37.0,4.0,2438050.0,Trung bình,0.394
C02774,53,Nữ,Hà Nội,49,0,0,30.0,6.0,1998550.0,Đang hoạt động,0.114
C02775,29,Nữ,TP HCM,5,2,0,33.0,5.0,3158200.0,Trung bình,0.649
C02776,38,Nữ,Đà Nẵng,49,5,0,7.0,7.0,9743072.0,Đang hoạt động,0.542
C02777,66,Nữ,TP HCM,35,4,0,2.0,7.0,4732750.0,Đang hoạt động,0.536
C02778,26,Nữ,Hải Phòng,18,2,0,46.0,6.0,7227900.0,Trung bình,0.465
C02779,62,Nam,TP HCM,47,3,0,29.0,4.0,7146000.0,Đang hoạt động,0.514
C02780,22,Nam,Hải Phòng,4,0,1,4.0,7.0,6354700.0,Đang hoạt động,0.292
C02781,33,Nam,Hà Nội,42,0,0,41.0,8.0,10630400.0,Trung bình,0.097
C02782,61,Nữ,TP HCM,34,5,1,13.0,7.0,2070550.0,Đang hoạt động,0.649
C02783,18,Nữ,Hà Nội,37,2,0,119.0,5.0,3430100.0,Trung bình,0.379
C02784,55,Nữ,Cần Thơ,44,1,0,58.0,1.0,347700.0,Trung bình,0.441
C02785,25,Nữ,Hà Nội,50,1,1,67.0,2.0,1046000.0,Trung bình,0.339
C02786,28,Nam,Hải Phòng,46,2,0,1.0,6.0,8528200.0,Đang hoạt động,0.273
C02787,42,Nữ,Hải Phòng,45,3,0,100.0,4.0,1441700.0,Trung bình,0.481
C02788,33,Nữ,TP HCM,13,1,0,5.0,2.0,2029000.0,Đang hoạt động,0.648
C02789,42,Nữ,TP HCM,19,0,0,39.0,3.0,2399250.0,Trung bình,0.435
C02790,30,Nam,TP HCM,36,1,0,27.0,7.0,4846250.0,Đang hoạt động,0.225
C02791,43,Nữ,Đà Nẵng,33,1,0,33.0,7.0,7175350.0,Trung bình,0.23
C02792,21,Nam,Hà Nội,35,0,0,196.0,2.0,1358050.0,Đã ngủ đông,0.342
C02793,64,Nữ,TP HCM,6,2,0,55.0,9.0,10001750.0,Trung bình,0.422
C02794,21,Nữ,Hà Nội,18,2,1,34.0,4.0,4847200.0,Trung bình,0.577
C02795,61,Nam,TP HCM,9,1,1,14.0,5.0,2720700.0,Đang hoạt động,0.501
C02796,43,Nữ,TP HCM,16,2,0,3.0,6.0,8734550.0,Đang hoạt động,0.522
C02797,25,Nam,Hà Nội,47,3,0,27.0,6.0,7160350.0,Đang hoạt động,0.363
C02798,26,Nữ,Hà Nội,17,2,1,43.0,4.0,2547000.0,Trung bình,0.579
C02799,53,Nữ,Hà Nội,45,1,0,9.0,11.0,12668900.0,Khách VIP,0.071
C02800,60,Nữ,TP HCM,50,1,0,40.0,2.0,1178900.0,Trung bình,0.372
C02801,39,Nam,Hải Phòng,17,3,1,53.0,6.0,4353350.0,Trung bình,0.577
C02802,62,Nam,Hà Nội,15,1,1,195.0,1.0,3168000.0,Đã ngủ đông,0.652
C02803,57,Nữ,Hà Nội,23,2,1,109.0,6.0,6706400.0,Trung bình,0.424
C02804,29,Nữ,TP HCM,27,1,0,50.0,6.0,3678950.0,Trung bình,0.325
C02805,49,Nữ,TP HCM,19,0,1,99.0,5.0,6640550.0,Trung bình,0.334
C02806,65,Nữ,TP HCM,46,4,0,144.0,3.0,2962100.0,Đã ngủ đông,0.682
C02807,68,Nữ,Hà Nội,10,2,0,15.0,6.0,4615100.0,Đang hoạt động,0.51
C02808,29,Nam,Hà Nội,53,2,0,50.0,5.0,2751400.0,Trung bình,0.268
C02809,50,Nữ,TP HCM,44,0,0,2.0,5.0,6072000.0,Đang hoạt động,0.188
C02810,64,Nữ,TP HCM,23,1,0,69.0,9.0,12260000.0,Trung bình,0.221
C02811,44,Nữ,Hải Phòng,60,1,0,30.0,3.0,4600000.0,Đang hoạt động,0.234
C02812,53,Nam,Hải Phòng,55,2,0,62.0,7.0,5231200.0,Trung bình,0.179
C02813,38,Nữ,Hải Phòng,15,2,0,999.0,0.0,0.0,Chưa mua,0.808
C02814,68,Nữ,Hà Nội,5,2,1,4.0,5.0,6609100.0,Đang hoạt động,0.609
C02815,27,Nữ,Hà Nội,56,2,0,76.0,5.0,3381500.0,Trung bình,0.254
C02816,55,Nam,Đà Nẵng,55,0,0,19.0,4.0,3274000.0,Đang hoạt động,0.159
C02817,32,Nam,Hà Nội,6,3,1,99.0,6.0,4110750.0,Trung bình,0.656
C02818,50,Nữ,TP HCM,15,2,1,18.0,6.0,6063423.450330792,Đang hoạt động,0.523
C02819,30,Nữ,Hà Nội,20,0,0,10.0,7.0,6335100.0,Đang hoạt động,0.203
C02820,39,Nam,Hải Phòng,41,1,1,27.0,5.0,5653250.0,Đang hoạt động,0.253
C02821,45,Nữ,Cần Thơ,29,2,0,16.0,6.0,5639400.0,Đang hoạt động,0.387
C02822,23,Nam,Hà Nội,18,1,0,20.0,8.0,7445450.0,Đang hoạt động,0.254
C02823,27,Nam,Cần Thơ,54,0,0,106.0,4.0,1810200.0,Trung bình,0.159
C02824,20,Nam,Đà Nẵng,34,2,1,108.0,3.0,1104500.0,Trung bình,0.533
C02825,40,Nam,TP HCM,26,1,1,5.0,6.0,16845242.0,Đang hoạt động,0.354
C02826,26,Nữ,Hà Nội,3,2,0,20.0,7.0,10522800.0,Đang hoạt động,0.525
C02827,49,Nam,Hà Nội,14,2,1,6.0,6.0,6129450.0,Đang hoạt động,0.485
C02828,25,Nam,TP HCM,48,2,0,63.0,5.0,4217900.0,Trung bình,0.34
C02829,21,Nam,TP HCM,23,3,0,30.0,8.0,12588500.0,Đang hoạt động,0.478
C02830,67,Nữ,Cần Thơ,5,0,1,27.0,6.0,4708000.0,Đang hoạt động,0.337
C02831,33,Nam,Cần Thơ,59,1,0,32.0,4.0,1303600.0,Trung bình,0.201
C02832,31,Nữ,TP HCM,6,2,0,35.0,8.0,7317500.0,Trung bình,0.479
C02833,19,Nam,TP HCM,44,2,0,16.0,7.0,5051550.0,Đang hoạt động,0.267
C02834,46,Nữ,TP HCM,7,0,0,69.0,4.0,6956200.0,Trung bình,0.476
C02835,30,Nữ,Hà Nội,37,4,0,120.0,2.0,334900.0,Trung bình,0.749
C02836,23,Nam,Cần Thơ,25,1,0,121.0,4.0,2100600.0,Đã ngủ đông,0.418
C02837,49,Nam,Hà Nội,12,5,1,14.0,6.0,4516650.0,Đang hoạt động,0.796
C02838,69,Nữ,Hà Nội,30,1,1,83.0,3.0,855000.0,Trung bình,0.418
C02839,62,Nam,Cần Thơ,34,0,0,71.0,4.0,4364550.0,Trung bình,0.255
C02840,58,Nữ,Đà Nẵng,27,0,0,17.0,7.0,9139050.0,Đang hoạt động,0.185
C02841,26,Nữ,TP HCM,42,2,0,13.0,7.0,5598800.0,Đang hoạt động,0.28
C02842,51,Nam,TP HCM,17,2,1,53.0,4.0,3449650.0,Trung bình,0.617
C02843,54,Nam,Đà Nẵng,36,1,0,61.0,8.0,6639700.0,Trung bình,0.176
C02844,45,Nữ,Đà Nẵng,13,1,0,11.0,7.0,9441250.0,Đang hoạt động,0.356
C02845,68,Nữ,TP HCM,4,1,1,4.0,5.0,2597700.0,Đang hoạt động,0.538
C02846,30,Nam,Hà Nội,36,0,0,7.0,7.0,5913950.0,Đang hoạt động,0.135
C02847,55,Nữ,TP HCM,57,2,1,7.0,3.0,7235200.0,Đang hoạt động,0.388
C02848,48,Nam,Hải Phòng,26,0,0,80.0,3.0,2656950.0,Trung bình,0.344
C02849,31,Nam,TP HCM,24,2,0,26.0,8.0,7332200.0,Đang hoạt động,0.347
C02850,37,Nam,TP HCM,14,1,1,41.0,7.0,6091050.0,Trung bình,0.362
C02851,58,Nam,Đà Nẵng,49,1,0,45.0,4.0,1769000.0,Trung bình,0.261
C02852,39,Nữ,Hải Phòng,8,3,1,142.0,6.0,6138650.0,Đã ngủ đông,0.649
C02853,45,Nữ,TP HCM,22,3,1,13.0,4.0,1686000.0,Đang hoạt động,0.684
C02854,61,Nam,Đà Nẵng,6,2,0,52.0,7.0,7654600.0,Trung bình,0.513
C02855,60,Nữ,Cần Thơ,27,2,0,21.0,4.0,4813350.0,Đang hoạt động,0.514
C02856,18,Nam,TP HCM,48,2,1,20.0,8.0,4172600.0,Đang hoạt động,0.202
C02857,18,Nam,TP HCM,20,0,1,215.0,2.0,1592000.0,Đã ngủ đông,0.493
C02858,48,Nữ,TP HCM,18,1,1,51.0,4.0,3611300.0,Trung bình,0.5
C02859,62,Nam,Cần Thơ,54,1,0,116.0,6.0,5161550.0,Trung bình,0.158
C02860,45,Nữ,Hà Nội,29,2,0,9.0,9.0,4806300.0,Đang hoạt động,0.228
C02861,28,Nam,Hà Nội,44,1,0,52.0,7.0,3797500.0,Trung bình,0.161
C02862,39,Nữ,TP HCM,40,1,0,40.0,6.0,3467700.0,Trung bình,0.244
C02863,45,Nam,TP HCM,35,0,0,61.0,8.0,11369300.0,Trung bình,0.136
C02864,69,Nữ,TP HCM,10,4,1,12.0,4.0,6886700.0,Đang hoạt động,0.835
C02865,31,Nữ,TP HCM,53,2,0,22.0,6.0,9850300.0,Đang hoạt động,0.269
C02866,34,Nữ,TP HCM,48,1,0,69.0,5.0,4896000.0,Trung bình,0.247
C02867,39,Nam,Hải Phòng,49,0,0,2.0,5.0,4678900.0,Đang hoạt động,0.143
C02868,31,Nữ,Hải Phòng,15,1,0,74.0,6.0,5474400.0,Trung bình,0.372
C02869,43,Nam,TP HCM,25,0,0,2.0,5.0,7931200.0,Đang hoạt động,0.294
C02870,62,Nam,TP HCM,19,2,1,12.0,5.0,2581750.0,Đang hoạt động,0.54
C02871,47,Nam,TP HCM,9,1,1,35.0,6.0,1615300.0,Trung bình,0.443
C02872,56,Nữ,Hà Nội,25,1,1,130.0,4.0,8199100.0,Đã ngủ đông,0.417
C02873,19,Nữ,Đà Nẵng,15,0,1,53.0,7.0,2871500.0,Trung bình,0.242
C02874,69,Nam,TP HCM,50,1,0,50.0,4.0,7005500.0,Trung bình,0.279
C02875,63,Nữ,Hà Nội,13,0,1,88.0,6.0,5301100.0,Trung bình,0.28
C02876,60,Nữ,Hà Nội,6,0,0,6.0,9.0,6373831.0,Đang hoạt động,0.191
C02877,53,Nữ,TP HCM,19,0,1,57.0,4.0,3542600.0,Trung bình,0.379
C02878,64,Nữ,Hà Nội,13,0,0,18.0,2.0,1745000.0,Đang hoạt động,0.489
C02879,26,Nam,Hải Phòng,1,3,0,9.0,8.0,4759400.0,Đang hoạt động,0.58
C02880,66,Nữ,Hải Phòng,46,1,0,126.0,1.0,821000.0,Đã ngủ đông,0.418
C02881,59,Nam,Hải Phòng,47,1,1,38.0,7.0,7629700.0,Trung bình,0.151
C02882,52,Nữ,Hà Nội,53,0,0,24.0,10.0,6908000.0,Khách VIP,0.044
C02883,19,Nữ,TP HCM,19,1,0,10.0,6.0,9298100.0,Đang hoạt động,0.392
C02884,63,Nam,Cần Thơ,33,0,0,8.0,10.0,8663850.0,Khách VIP,0.081
C02885,66,Nữ,Cần Thơ,47,2,0,5.0,7.0,7004050.0,Đang hoạt động,0.225
C02886,45,Nữ,Hải Phòng,5,2,1,38.0,2.0,1531400.0,Trung bình,0.756
C02887,69,Nam,TP HCM,55,2,0,4.0,5.0,7647550.0,Đang hoạt động,0.293
C02888,56,Nam,Đà Nẵng,13,1,1,12.0,3.0,23265357.0,Đang hoạt động,0.614
C02889,40,Nữ,Hà Nội,16,1,1,6.0,8.0,9683150.0,Đang hoạt động,0.268
C02890,28,Nữ,TP HCM,56,1,0,48.0,4.0,3659000.0,Trung bình,0.244
C02891,35,Nữ,Hải Phòng,10,1,0,21.0,9.0,12042150.0,Đang hoạt động,0.263
C02892,56,Nữ,Hải Phòng,52,1,0,196.0,5.0,2778700.0,Đã ngủ đông,0.195
C02893,65,Nữ,Hà Nội,26,1,1,11.0,7.0,5617000.0,Đang hoạt động,0.246
C02894,65,Nữ,TP HCM,58,1,0,11.0,5.0,3921900.0,Đang hoạt động,0.19
C02895,23,Nữ,Hà Nội,54,1,0,114.0,8.0,9667300.0,Trung bình,0.107
C02896,62,Nữ,Đà Nẵng,26,0,0,31.0,7.0,7362650.0,Trung bình,0.187
C02897,22,Nữ,Cần Thơ,22,2,1,64.0,8.0,7459500.0,Trung bình,0.336
C02898,44,Nam,Hà Nội,55,0,0,122.0,2.0,19806701.0,Đã ngủ đông,0.247
C02899,23,Nữ,Hà Nội,9,2,0,36.0,7.0,4681000.0,Trung bình,0.468
C02900,32,Nữ,TP HCM,28,3,0,29.0,10.0,4238568.0,Khách VIP,0.312
C02901,56,Nữ,Hà Nội,44,2,0,168.0,2.0,658300.0,Đã ngủ đông,0.49
C02902,33,Nam,Cần Thơ,42,2,0,66.0,6.0,4257450.0,Trung bình,0.299
C02903,33,Nam,TP HCM,40,2,1,56.0,7.0,6310350.0,Trung bình,0.293
C02904,36,Nữ,TP HCM,24,0,0,145.0,2.0,606150.0,Đã ngủ đông,0.457
C02905,61,Nữ,Đà Nẵng,21,1,1,81.0,4.0,7216000.0,Trung bình,0.464
C02906,26,Nữ,Cần Thơ,8,1,0,9.0,5.0,14580826.0,Đang hoạt động,0.51
C02907,33,Nữ,Cần Thơ,38,2,0,118.0,6.0,7055700.0,Trung bình,0.333
C02908,47,Nữ,Hải Phòng,34,0,0,27.0,4.0,3479000.0,Đang hoạt động,0.247
C02909,52,Nữ,Hà Nội,8,0,0,22.0,6.0,8415700.0,Đang hoạt động,0.317
C02910,38,Nam,Đà Nẵng,10,1,0,31.0,2.0,3142200.0,Trung bình,0.651
C02911,20,Nam,TP HCM,8,1,0,46.0,4.0,3670500.0,Trung bình,0.577
C02912,39,Nữ,Đà Nẵng,42,0,0,48.0,5.0,17661300.0,Trung bình,0.204
C02913,44,Nam,Hà Nội,10,1,1,55.0,3.0,7076500.0,Trung bình,0.582
C02914,56,Nữ,TP HCM,53,0,0,103.0,5.0,5650800.0,Trung bình,0.151
C02915,42,Nữ,TP HCM,19,2,0,52.0,5.0,4187800.0,Trung bình,0.55
C02916,51,Nam,TP HCM,56,2,0,37.0,5.0,5386800.0,Trung bình,0.286
C02917,29,Nữ,TP HCM,12,2,0,123.0,4.0,8567088.0,Đã ngủ đông,0.669
C02918,53,Nam,Cần Thơ,33,3,1,97.0,3.0,1634050.0,Trung bình,0.634
C02919,70,Nữ,Hà Nội,29,1,1,209.0,2.0,1285000.0,Đã ngủ đông,0.489
C02920,36,Nam,Cần Thơ,15,1,0,83.0,11.0,10010500.0,Trung bình,0.164
C02921,50,Nữ,Hà Nội,27,0,1,59.0,3.0,4893000.0,Trung bình,0.342
C02922,39,Nam,TP HCM,29,1,0,25.0,6.0,2876100.0,Đang hoạt động,0.307
C02923,60,Nữ,TP HCM,28,2,1,122.0,6.0,8494050.0,Đã ngủ đông,0.433
C02924,55,Nữ,Cần Thơ,25,2,0,1.0,5.0,5663900.0,Đang hoạt động,0.472
C02925,33,Nữ,Cần Thơ,53,1,0,2.0,3.0,3677000.0,Đang hoạt động,0.281
C02926,25,Nữ,Hà Nội,17,2,1,25.0,9.0,5660800.0,Đang hoạt động,0.302
C02927,33,Nữ,Cần Thơ,53,0,0,46.0,6.0,5840550.0,Trung bình,0.111
C02928,63,Nam,Hải Phòng,15,2,0,62.0,8.0,8729500.227819767,Trung bình,0.369
C02929,34,Nữ,Đà Nẵng,10,3,1,14.0,10.0,6642100.0,Khách VIP,0.423
C02930,59,Nữ,Hà Nội,16,2,0,43.0,4.0,6612250.0,Trung bình,0.59
C02931,37,Nam,Đà Nẵng,40,1,0,59.0,4.0,6436000.0,Trung bình,0.329
C02932,43,Nam,Cần Thơ,39,1,0,173.0,3.0,5084000.0,Đã ngủ đông,0.379
C02933,49,Nữ,Đà Nẵng,1,0,1,84.0,6.0,8600550.0,Trung bình,0.389
C02934,37,Nam,Cần Thơ,20,1,1,33.0,4.0,1829850.0,Trung bình,0.448
C02935,41,Nữ,TP HCM,58,1,0,47.0,6.0,5797250.0,Trung bình,0.161
C02936,29,Nam,Hải Phòng,23,1,0,121.0,4.0,2685600.0,Đã ngủ đông,0.423
C02937,46,Nữ,Cần Thơ,55,0,0,51.0,8.0,8063000.0,Trung bình,0.069
C02938,31,Nữ,Hà Nội,16,1,0,252.0,4.0,2776900.0,Đã ngủ đông,0.48
C02939,40,Nữ,TP HCM,1,1,1,4.0,3.0,6923400.0,Đang hoạt động,0.684
C02940,24,Nam,Hà Nội,18,2,0,121.0,4.0,7619000.0,Đã ngủ đông,0.585
C02941,47,Nam,TP HCM,42,0,1,42.0,4.0,3816150.0,Trung bình,0.234
C02942,66,Nữ,TP HCM,53,1,0,16.0,5.0,7911673.0,Đang hoạt động,0.22
C02943,60,Nữ,TP HCM,58,1,1,137.0,4.0,8855750.0,Đã ngủ đông,0.24
C02944,66,Nữ,Cần Thơ,24,1,0,1.0,5.0,1360750.0,Đang hoạt động,0.357
C02945,22,Nam,TP HCM,44,3,1,25.0,8.0,7501750.0,Đang hoạt động,0.317
C02946,63,Nam,Hải Phòng,45,2,1,43.0,1.0,178000.0,Trung bình,0.534
C02947,27,Nữ,TP HCM,37,1,0,63.0,5.0,4810950.0,Trung bình,0.314
C02948,30,Nữ,Hải Phòng,58,0,0,64.0,5.0,5346100.0,Trung bình,0.115
C02949,20,Nam,Hà Nội,1,3,1,56.0,4.0,1109000.0,Trung bình,0.776
C02950,51,Nam,Đà Nẵng,15,0,0,63.0,6.0,8493700.0,Trung bình,0.292
C02951,56,Nam,TP HCM,53,1,0,33.0,6.0,5866000.0,Trung bình,0.18
C02952,63,Nữ,Đà Nẵng,30,1,0,68.0,5.0,4758900.0,Trung bình,0.337
C02953,50,Nữ,TP HCM,40,0,0,6.0,6.0,5640300.0,Đang hoạt động,0.171
C02954,34,Nữ,TP HCM,3,2,1,79.0,4.0,2268050.0,Trung bình,0.713
C02955,67,Nữ,TP HCM,52,0,0,18.0,7.0,11891450.0,Đang hoạt động,0.106
C02956,43,Nam,Đà Nẵng,30,0,0,30.0,4.0,5161000.0,Đang hoạt động,0.291
C02957,43,Nữ,TP HCM,44,0,1,27.0,7.0,4534800.0,Đang hoạt động,0.126
C02958,18,Nữ,Hải Phòng,38,0,0,30.0,8.0,4646000.0,Đang hoạt động,0.105
C02959,70,Nam,TP HCM,26,2,1,12.0,3.0,3718000.0,Đang hoạt động,0.605
C02960,26,Nữ,TP HCM,27,4,1,61.0,6.0,5563150.0,Trung bình,0.66
C02961,55,Nữ,Hải Phòng,14,1,0,70.0,6.0,3143150.0,Trung bình,0.371
C02962,64,Nữ,TP HCM,59,0,0,6.0,9.0,10556894.0,Đang hoạt động,0.056
C02963,38,Nam,Hà Nội,1,1,0,40.0,6.0,9030000.0,Trung bình,0.478
C02964,29,Nữ,TP HCM,11,1,0,46.0,5.0,5390300.0,Trung bình,0.5
C02965,47,Nữ,Hà Nội,2,1,0,33.0,5.0,3659550.0,Trung bình,0.517
C02966,25,Nữ,Đà Nẵng,21,3,0,93.0,6.0,3442650.0,Trung bình,0.573
C02967,18,Nam,Hà Nội,15,2,0,28.0,7.0,12267700.0,Đang hoạt động,0.439
C02968,19,Nữ,Cần Thơ,2,0,1,61.0,4.0,5111000.0,Trung bình,0.482
C02969,61,Nữ,Đà Nẵng,1,0,0,10.0,5.0,4209600.0,Đang hoạt động,0.432
C02970,21,Nữ,TP HCM,60,1,1,33.0,5.0,2958150.0,Trung bình,0.184
C02971,54,Nam,TP HCM,43,0,1,47.0,5.0,4216900.0,Trung bình,0.19
C02972,20,Nữ,Đà Nẵng,6,1,0,80.0,4.0,4822700.0,Trung bình,0.578
C02973,27,Nữ,Đà Nẵng,34,0,0,3.0,4.0,2170400.0,Đang hoạt động,0.264
C02974,49,Nam,TP HCM,2,4,1,6.0,5.0,12633200.0,Đang hoạt động,0.844
C02975,19,Nam,Cần Thơ,16,2,1,71.0,4.0,2492400.0,Trung bình,0.597
C02976,63,Nam,Hà Nội,59,2,0,29.0,4.0,3331600.0,Đang hoạt động,0.275
C02977,66,Nữ,TP HCM,7,1,0,110.0,4.0,4040000.0,Trung bình,0.581
C02978,60,Nữ,TP HCM,54,0,1,104.0,3.0,21481434.0,Trung bình,0.242
C02979,18,Nam,Hà Nội,37,4,1,24.0,5.0,7880600.0,Đang hoạt động,0.609
C02980,51,Nữ,TP HCM,15,2,1,55.0,4.0,2599750.0,Trung bình,0.631
C02981,18,Nam,TP HCM,52,0,0,49.0,5.0,2193600.0,Trung bình,0.153
C02982,65,Nữ,Hà Nội,52,2,0,21.0,5.0,7579100.0,Đang hoạt động,0.278
C02983,22,Nam,Đà Nẵng,34,1,0,27.0,8.0,4716800.0,Đang hoạt động,0.184
C02984,47,Nam,Đà Nẵng,17,0,0,110.0,3.0,2388450.0,Trung bình,0.43
C02985,66,Nam,Hải Phòng,55,1,1,57.0,6.0,3810600.0,Trung bình,0.146
C02986,57,Nam,Cần Thơ,2,2,0,136.0,4.0,3337850.0,Đã ngủ đông,0.691
C02987,54,Nam,Hà Nội,29,0,0,21.0,8.0,4617800.0,Đang hoạt động,0.129
C02988,49,Nữ,Hà Nội,59,1,0,13.0,4.0,2251600.0,Đang hoạt động,0.194
C02989,21,Nam,Cần Thơ,46,1,0,101.0,8.0,2926750.0,Trung bình,0.13
C02990,46,Nam,Hà Nội,10,2,0,1.0,9.0,11294719.768067759,Đang hoạt động,0.355
C02991,34,Nữ,Cần Thơ,29,0,0,1.0,7.0,11089400.0,Đang hoạt động,0.174
C02992,19,Nam,Hà Nội,6,1,1,12.0,5.0,8879000.0,Đang hoạt động,0.502
C02993,63,Nữ,Hà Nội,5,1,0,14.0,8.0,4738150.0,Đang hoạt động,0.324
C02994,48,Nữ,TP HCM,3,0,0,21.0,6.0,9297200.0,Đang hoạt động,0.393
C02995,37,Nam,TP HCM,20,0,0,28.0,5.0,3263400.0,Đang hoạt động,0.319
C02996,54,Nữ,TP HCM,14,2,1,161.0,2.0,602750.0,Đã ngủ đông,0.738
C02997,39,Nữ,TP HCM,49,0,0,1.0,5.0,5439796.0,Đang hoạt động,0.167
C02998,44,Nam,Đà Nẵng,23,0,0,45.0,5.0,2894050.0,Trung bình,0.282
C02999,70,Nữ,Cần Thơ,56,4,1,41.0,5.0,7928805.0,Trung bình,0.472
C03000,61,Nam,TP HCM,17,0,0,39.0,6.0,9524850.0,Trung bình,0.296
C03001,29,Nam,TP HCM,60,2,0,78.0,6.0,4507800.0,Trung bình,0.222
C03002,58,Nam,TP HCM,36,1,1,34.0,5.0,6380273.0,Trung bình,0.317
C03003,38,Nữ,Hải Phòng,8,1,1,9.0,6.0,6728350.0,Đang hoạt động,0.422
C03004,33,Nam,Hải Phòng,59,1,0,76.0,4.0,3179400.0,Trung bình,0.198
C03005,51,Nam,TP HCM,14,2,0,24.0,10.0,32269589.0,Khách VIP,0.356
C03006,47,Nam,TP HCM,20,1,0,98.0,7.0,7472100.0,Trung bình,0.325
C03007,35,Nữ,Hải Phòng,12,2,0,11.0,7.0,4453500.0,Đang hoạt động,0.442
C03008,69,Nam,TP HCM,45,2,1,61.0,6.0,6985950.0,Trung bình,0.307
C03009,42,Nam,TP HCM,24,0,0,70.0,9.0,6038350.0,Trung bình,0.142
C03010,36,Nữ,Hải Phòng,40,2,1,135.0,3.0,2146000.0,Đã ngủ đông,0.467
C03011,46,Nam,Hà Nội,23,1,0,106.0,3.0,4790550.0,Trung bình,0.482
C03012,56,Nam,Cần Thơ,50,2,0,243.0,2.0,1773100.0,Đã ngủ đông,0.46
C03013,49,Nữ,Hà Nội,50,0,0,11.0,8.0,12038550.0,Đang hoạt động,0.078
C03014,68,Nữ,TP HCM,14,1,0,77.0,4.0,16131205.75042868,Trung bình,0.555
C03015,31,Nam,Đà Nẵng,46,0,0,9.0,3.0,1375400.0,Đang hoạt động,0.238
C03016,28,Nam,TP HCM,25,1,0,21.0,4.0,2823300.0,Đang hoạt động,0.446
C03017,52,Nam,TP HCM,57,1,0,125.0,3.0,2614000.0,Đã ngủ đông,0.28
C03018,28,Nam,Đà Nẵng,8,0,0,41.0,4.0,3281500.0,Trung bình,0.441
C03019,21,Nam,TP HCM,13,1,0,23.0,2.0,449850.0,Đang hoạt động,0.646
C03020,24,Nữ,TP HCM,46,0,0,30.0,3.0,4615000.0,Đang hoạt động,0.261
C03021,36,Nữ,TP HCM,26,2,0,11.0,8.0,7135600.0,Đang hoạt động,0.333
C03022,67,Nữ,Cần Thơ,2,0,0,75.0,5.0,3318850.0,Trung bình,0.412
C03023,54,Nam,TP HCM,21,1,0,8.0,5.0,3990800.0,Đang hoạt động,0.416
C03024,37,Nữ,TP HCM,30,0,0,28.0,7.0,5149800.0,Đang hoạt động,0.181
C03025,43,Nam,Hà Nội,26,2,1,29.0,8.0,9501586.0,Đang hoạt động,0.299
C03026,30,Nam,Cần Thơ,8,1,0,64.0,6.0,4108150.0,Trung bình,0.428
C03027,25,Nam,Hải Phòng,39,0,0,5.0,7.0,10456050.0,Đang hoạt động,0.13
C03028,30,Nữ,TP HCM,41,2,0,10.0,7.0,7077400.0,Đang hoạt động,0.288
C03029,55,Nam,Đà Nẵng,20,0,0,80.0,4.0,2757000.0,Trung bình,0.351
C03030,58,Nữ,Hà Nội,20,3,0,34.0,6.0,2269700.0,Trung bình,0.547
C03031,30,Nam,TP HCM,36,0,0,6.0,9.0,11015600.0,Đang hoạt động,0.108
C03032,50,Nam,Đà Nẵng,37,1,1,5.0,9.0,7361150.0,Đang hoạt động,0.14
C03033,23,Nữ,TP HCM,1,0,0,94.0,3.0,14430854.0,Trung bình,0.601
C03034,61,Nam,Đà Nẵng,31,0,1,58.0,6.0,5693000.0,Trung bình,0.198
C03035,43,Nữ,TP HCM,18,2,1,73.0,3.0,1230750.0,Trung bình,0.663
C03036,24,Nữ,TP HCM,18,1,1,15.0,7.0,7623900.0,Đang hoạt động,0.34
C03037,29,Nam,Cần Thơ,34,1,0,19.0,11.0,12303800.0,Khách VIP,0.101
C03038,35,Nam,Đà Nẵng,26,1,1,82.0,5.0,3431100.0,Trung bình,0.365
C03039,52,Nam,Đà Nẵng,32,1,0,33.0,4.0,5192000.0,Trung bình,0.378
C03040,36,Nữ,Hải Phòng,36,1,0,56.0,5.0,2960600.0,Trung bình,0.28
C03041,49,Nam,TP HCM,25,1,1,20.0,7.0,5232350.0,Đang hoạt động,0.286
C03042,45,Nam,TP HCM,16,1,0,119.0,11.0,15412985.457976233,Trung bình,0.185
C03043,42,Nữ,Hà Nội,35,1,0,38.0,7.0,5182050.0,Trung bình,0.202
C03044,44,Nam,Hải Phòng,51,5,0,19.0,6.0,8973600.0,Đang hoạt động,0.559
C03045,27,Nữ,TP HCM,19,2,0,37.0,6.0,6193750.0,Trung bình,0.498
C03046,24,Nam,Hà Nội,2,1,1,43.0,7.0,4709650.0,Trung bình,0.406
C03047,25,Nam,Hà Nội,13,0,1,8.0,6.0,7920800.0,Đang hoạt động,0.287
C03048,70,Nữ,TP HCM,35,0,0,11.0,6.0,6074150.0,Đang hoạt động,0.192
C03049,62,Nam,Hải Phòng,1,2,1,30.0,3.0,1210650.0,Đang hoạt động,0.73
C03050,50,Nữ,TP HCM,23,2,1,61.0,6.0,8593000.0,Trung bình,0.47
C03051,54,Nữ,Hà Nội,15,2,0,18.0,7.0,5808600.0,Đang hoạt động,0.42
C03052,48,Nữ,Hà Nội,10,1,1,149.0,3.0,1873400.0,Đã ngủ đông,0.575
C03053,39,Nữ,Đà Nẵng,22,0,0,52.0,3.0,1533900.0,Trung bình,0.393
C03054,46,Nam,Đà Nẵng,33,0,1,40.0,5.0,6148200.0,Trung bình,0.23
C03055,42,Nam,TP HCM,54,2,0,65.0,2.0,547600.0,Trung bình,0.455
C03056,33,Nam,TP HCM,48,0,0,15.0,5.0,3684600.0,Đang hoạt động,0.169
C03057,32,Nam,TP HCM,11,0,0,64.0,4.0,4819700.0,Trung bình,0.443
C03058,53,Nữ,Cần Thơ,38,2,0,24.0,6.0,6735150.0,Đang hoạt động,0.327
C03059,52,Nữ,Cần Thơ,16,0,1,22.0,6.0,5771700.0,Đang hoạt động,0.271
C03060,66,Nữ,Cần Thơ,54,0,0,34.0,5.0,5824600.0,Trung bình,0.13
C03061,31,Nam,TP HCM,54,0,0,6.0,4.0,1464300.0,Đang hoạt động,0.174
C03062,42,Nam,TP HCM,52,1,0,88.0,7.0,3878900.0,Trung bình,0.151
C03063,70,Nữ,Hà Nội,46,3,0,52.0,7.0,7123350.0,Trung bình,0.312
C03064,47,Nữ,Đà Nẵng,12,3,1,32.0,6.0,6534169.0,Trung bình,0.638
C03065,20,Nam,Đà Nẵng,42,1,0,55.0,7.0,4415150.0,Trung bình,0.184
C03066,30,Nam,Hải Phòng,4,3,1,35.0,4.0,9473950.0,Trung bình,0.772
C03067,60,Nữ,Cần Thơ,49,1,0,16.0,8.0,5785350.0,Đang hoạt động,0.119
C03068,57,Nữ,TP HCM,2,1,0,47.0,10.0,6987900.0,Trung bình,0.286
C03069,36,Nam,Cần Thơ,9,0,0,118.0,7.0,8909600.0,Trung bình,0.276
C03070,62,Nam,Hà Nội,20,1,1,14.0,4.0,1335100.0,Đang hoạt động,0.432
C03071,34,Nam,TP HCM,15,1,0,42.0,4.0,8120000.0,Trung bình,0.533
C03072,44,Nữ,Đà Nẵng,35,1,0,47.0,4.0,4486000.0,Trung bình,0.358
C03073,56,Nữ,TP HCM,13,0,1,38.0,2.0,3598000.0,Trung bình,0.539
C03074,24,Nam,TP HCM,1,0,0,5.0,5.0,4440200.0,Đang hoạt động,0.457
C03075,33,Nữ,TP HCM,30,2,1,69.0,6.0,9978950.0,Trung bình,0.424
C03076,57,Nữ,Đà Nẵng,37,0,0,30.0,5.0,3423150.0,Đang hoạt động,0.205
C03077,36,Nữ,Hà Nội,27,0,0,25.0,4.0,3543000.0,Đang hoạt động,0.289
C03078,26,Nam,Đà Nẵng,40,2,0,22.0,3.0,1990000.0,Đang hoạt động,0.486
C03079,41,Nữ,Hà Nội,7,2,1,2.0,9.0,8480200.0,Đang hoạt động,0.372
C03080,70,Nữ,Đà Nẵng,11,2,0,33.0,5.0,9277500.0,Trung bình,0.595
C03081,23,Nam,Hà Nội,45,2,1,84.0,2.0,727000.0,Trung bình,0.484
C03082,25,Nam,TP HCM,14,0,1,52.0,3.0,1412300.0,Trung bình,0.472
C03083,55,Nữ,TP HCM,34,1,1,148.0,3.0,3162500.0,Đã ngủ đông,0.44
C03084,66,Nam,Hà Nội,51,0,0,84.0,5.0,5787400.0,Trung bình,0.136
C03085,46,Nữ,Hà Nội,59,0,0,1.0,10.0,5720750.0,Khách VIP,0.037
C03086,33,Nữ,Hà Nội,14,0,0,47.0,8.0,14178100.0,Trung bình,0.206
C03087,42,Nữ,TP HCM,20,0,1,183.0,3.0,3191400.0,Đã ngủ đông,0.434
C03088,20,Nam,TP HCM,6,0,1,45.0,2.0,2370550.0,Trung bình,0.592
C03089,67,Nam,TP HCM,25,2,0,210.0,5.0,2464700.0,Đã ngủ đông,0.501
C03090,55,Nam,TP HCM,1,0,1,2.0,5.0,4310450.0,Đang hoạt động,0.451
C03091,37,Nam,Hà Nội,57,1,1,255.0,1.0,394400.0,Đã ngủ đông,0.347
C03092,46,Nam,Hà Nội,15,2,1,50.0,4.0,2346300.0,Trung bình,0.589
C03093,22,Nam,TP HCM,58,1,1,160.0,2.0,331000.0,Đã ngủ đông,0.325
C03094,44,Nam,TP HCM,38,2,0,30.0,7.0,9613850.0,Đang hoạt động,0.309
C03095,64,Nam,Hà Nội,22,1,1,7.0,12.0,21361100.0,Khách VIP,0.115
C03096,32,Nam,Cần Thơ,29,1,0,182.0,5.0,7213800.0,Đã ngủ đông,0.345
C03097,21,Nam,Đà Nẵng,57,3,1,45.0,4.0,5501250.0,Trung bình,0.424
C03098,39,Nữ,TP HCM,5,0,0,43.0,9.0,11239580.0,Trung bình,0.236
C03099,46,Nữ,Hải Phòng,53,2,0,31.0,7.0,5902397.0,Trung bình,0.19
C03100,60,Nữ,TP HCM,24,0,0,51.0,7.0,4632450.0,Trung bình,0.206
C03101,36,Nữ,Hà Nội,3,0,0,51.0,10.0,4483800.0,Trung bình,0.171
C03102,43,Nam,TP HCM,13,0,1,61.0,3.0,1249250.0,Trung bình,0.476
C03103,45,Nam,Hà Nội,42,0,0,83.0,6.0,4965900.0,Trung bình,0.141
C03104,65,Nam,Đà Nẵng,2,1,1,131.0,4.0,2838000.0,Đã ngủ đông,0.595
C03105,37,Nam,TP HCM,17,1,1,56.0,3.0,2246000.0,Trung bình,0.563
C03106,41,Nam,Hà Nội,31,1,1,8.0,6.0,4268500.0,Đang hoạt động,0.262
C03107,18,Nữ,Cần Thơ,51,2,0,43.0,5.0,1974250.0,Trung bình,0.29
C03108,38,Nữ,Hà Nội,57,1,0,42.0,6.0,3365900.0,Trung bình,0.14
C03109,62,Nam,TP HCM,24,1,1,7.0,3.0,1602000.0,Đang hoạt động,0.504
C03110,66,Nam,TP HCM,29,2,0,25.0,8.0,9585500.0,Đang hoạt động,0.313
C03111,30,Nam,Hải Phòng,33,2,0,88.0,5.0,1612750.0,Trung bình,0.4
C03112,66,Nam,Cần Thơ,47,1,0,15.0,6.0,9638600.0,Đang hoạt động,0.191
C03113,41,Nữ,TP HCM,14,3,1,17.0,5.0,8383700.0,Đang hoạt động,0.699
C03114,44,Nam,Đà Nẵng,24,0,1,999.0,0.0,0.0,Chưa mua,0.581
C03115,57,Nữ,Cần Thơ,23,2,1,20.0,3.0,3681100.0,Đang hoạt động,0.599
C03116,47,Nam,Hà Nội,60,1,0,18.0,11.0,10129950.0,Khách VIP,0.046
C03117,50,Nữ,Cần Thơ,31,2,1,9.0,5.0,6024050.0,Đang hoạt động,0.429
C03118,46,Nữ,Đà Nẵng,12,2,1,81.0,1.0,252700.0,Trung bình,0.775
C03119,62,Nữ,Hà Nội,5,0,1,77.0,4.0,3898400.0,Trung bình,0.439
C03120,42,Nam,TP HCM,31,1,0,18.0,6.0,7941500.0,Đang hoạt động,0.303
C03121,35,Nam,Cần Thơ,23,1,1,2.0,5.0,7327800.0,Đang hoạt động,0.381
C03122,24,Nam,Hải Phòng,48,2,0,84.0,7.0,13644793.909992384,Trung bình,0.229
C03123,38,Nữ,Hà Nội,16,3,1,21.0,4.0,4780000.0,Đang hoạt động,0.693
C03124,69,Nữ,Hải Phòng,35,1,0,18.0,5.0,1705900.0,Đang hoạt động,0.278
C03125,45,Nam,Hà Nội,38,2,1,19.0,5.0,1681450.0,Đang hoạt động,0.359
C03126,48,Nam,Hải Phòng,54,1,1,109.0,3.0,1098100.0,Trung bình,0.262
C03127,51,Nam,TP HCM,49,1,0,18.0,6.0,7376350.0,Đang hoạt động,0.201
C03128,49,Nữ,Đà Nẵng,34,2,0,66.0,6.0,3604100.0,Trung bình,0.36
C03129,58,Nam,Hà Nội,56,0,1,23.0,2.0,577800.0,Đang hoạt động,0.207
C03130,69,Nam,Cần Thơ,33,0,0,11.0,3.0,2227550.0,Đang hoạt động,0.301
C03131,66,Nữ,TP HCM,28,3,1,30.0,6.0,5907000.0,Đang hoạt động,0.537
C03132,31,Nữ,TP HCM,34,2,0,24.0,5.0,8750450.0,Đang hoạt động,0.449
C03133,23,Nam,TP HCM,45,0,1,131.0,5.0,4900450.0,Đã ngủ đông,0.187
C03134,53,Nam,Hà Nội,58,1,0,8.0,5.0,4851150.0,Đang hoạt động,0.166
C03135,40,Nữ,TP HCM,39,1,0,29.0,9.0,23974109.0,Đang hoạt động,0.165
C03136,66,Nữ,TP HCM,39,2,1,5.0,4.0,1280550.0,Đang hoạt động,0.447
C03137,45,Nam,Đà Nẵng,7,2,0,158.0,4.0,4360500.0,Đã ngủ đông,0.674
C03138,19,Nữ,TP HCM,18,1,0,109.0,5.0,1630700.0,Trung bình,0.444
C03139,49,Nam,Hà Nội,10,2,1,7.0,2.0,2625600.0,Đang hoạt động,0.726
C03140,34,Nữ,TP HCM,4,2,1,191.0,1.0,2236000.0,Đã ngủ đông,0.832
C03141,69,Nam,Đà Nẵng,54,3,0,1.0,7.0,6181700.0,Đang hoạt động,0.277
C03142,22,Nam,Hải Phòng,45,0,0,56.0,7.0,6019700.0,Trung bình,0.108
C03143,43,Nữ,TP HCM,57,1,0,30.0,7.0,5607900.0,Đang hoạt động,0.135
C03144,53,Nữ,Hải Phòng,20,2,1,28.0,6.0,9632850.0,Đang hoạt động,0.451
C03145,38,Nam,Hà Nội,27,0,1,47.0,5.0,3339350.0,Trung bình,0.242
C03146,35,Nữ,Hà Nội,11,2,0,28.0,6.0,7911400.498930868,Đang hoạt động,0.517
C03147,39,Nam,Hà Nội,40,2,1,50.0,4.0,3624550.0,Trung bình,0.407
C03148,57,Nam,Hải Phòng,57,3,0,255.0,2.0,520000.0,Đã ngủ đông,0.509
C03149,26,Nữ,TP HCM,23,2,1,19.0,3.0,1241900.0,Đang hoạt động,0.63
C03150,49,Nam,Cần Thơ,57,3,0,38.0,3.0,4063200.0,Trung bình,0.462
C03151,45,Nam,Hà Nội,44,0,0,3.0,7.0,2955800.0,Đang hoạt động,0.106
C03152,70,Nam,Hải Phòng,8,1,0,22.0,2.0,725100.0,Đang hoạt động,0.634
C03153,48,Nữ,Hà Nội,54,3,0,50.0,6.0,3549000.0,Trung bình,0.308
C03154,58,Nữ,Đà Nẵng,55,1,0,36.0,9.0,7087300.0,Trung bình,0.087
C03155,19,Nam,Đà Nẵng,17,1,0,27.0,8.0,7942300.0,Đang hoạt động,0.28
C03156,68,Nam,TP HCM,29,0,0,197.0,2.0,1572200.0,Đã ngủ đông,0.417
C03157,53,Nữ,Hải Phòng,55,2,0,110.0,3.0,1320550.0,Trung bình,0.354
C03158,47,Nam,TP HCM,19,3,0,27.0,6.0,2690900.0,Đang hoạt động,0.598
C03159,18,Nam,TP HCM,48,2,0,109.0,4.0,5607300.0,Trung bình,0.401
C03160,18,Nam,Đà Nẵng,47,1,1,30.0,6.0,4521700.0,Đang hoạt động,0.197
C03161,63,Nữ,TP HCM,12,1,0,15.0,7.0,5785050.0,Đang hoạt động,0.372
C03162,24,Nữ,TP HCM,47,0,0,63.0,9.0,12640800.0,Trung bình,0.082
C03163,28,Nam,Hà Nội,15,2,1,64.0,3.0,5281000.0,Trung bình,0.654
C03164,49,Nữ,TP HCM,18,1,1,19.0,3.0,3742000.0,Đang hoạt động,0.557
C03165,35,Nam,Hải Phòng,32,2,1,60.0,5.0,4354100.0,Trung bình,0.411
C03166,51,Nam,Đà Nẵng,7,2,1,6.0,7.0,14803150.0,Đang hoạt động,0.521
C03167,29,Nam,Hải Phòng,52,1,0,68.0,6.0,4842250.0,Trung bình,0.162
C03168,31,Nữ,Hải Phòng,22,2,1,75.0,4.0,4863500.0,Trung bình,0.548
C03169,39,Nam,Đà Nẵng,59,3,0,8.0,8.0,7611804.0,Đang hoạt động,0.212
C03170,66,Nữ,TP HCM,46,0,0,61.0,3.0,3895950.0,Trung bình,0.255
C03171,38,Nam,TP HCM,8,1,1,86.0,7.0,8437150.0,Trung bình,0.411
C03172,60,Nam,TP HCM,33,1,0,5.0,5.0,1904550.0,Đang hoạt động,0.327
C03173,55,Nam,Cần Thơ,19,0,0,3.0,6.0,8600600.0,Đang hoạt động,0.257
C03174,42,Nữ,Hà Nội,41,0,0,45.0,9.0,5065060.0,Trung bình,0.077
C03175,69,Nữ,Hà Nội,50,1,0,9.0,5.0,3461200.0,Đang hoạt động,0.199
C03176,34,Nữ,Cần Thơ,22,1,0,28.0,6.0,3274300.0,Đang hoạt động,0.328
C03177,69,Nữ,Hà Nội,15,1,1,18.0,3.0,2418300.0,Đang hoạt động,0.53
C03178,57,Nam,TP HCM,28,2,1,81.0,3.0,20573614.0,Trung bình,0.631
C03179,55,Nam,Hà Nội,39,2,1,27.0,7.0,7039450.0,Đang hoạt động,0.262
C03180,54,Nữ,Đà Nẵng,46,4,1,159.0,4.0,2939000.0,Đã ngủ đông,0.612
C03181,44,Nam,TP HCM,43,2,0,20.0,6.0,4344400.0,Đang hoạt động,0.317
C03182,66,Nam,TP HCM,14,2,1,216.0,2.0,9540737.0,Đã ngủ đông,0.752
C03183,59,Nam,TP HCM,3,2,0,48.0,4.0,7202000.0,Trung bình,0.716
C03184,29,Nữ,Hải Phòng,33,0,1,13.0,5.0,4514251.0,Đang hoạt động,0.214
C03185,65,Nữ,Đà Nẵng,17,0,1,280.0,1.0,348000.0,Đã ngủ đông,0.548
C03186,53,Nữ,Đà Nẵng,23,2,0,3.0,8.0,6614950.0,Đang hoạt động,0.331
C03187,27,Nam,Hà Nội,17,1,1,91.0,3.0,4485741.0,Trung bình,0.529
C03188,66,Nam,Hà Nội,53,2,0,141.0,3.0,2741300.0,Đã ngủ đông,0.367
C03189,54,Nam,TP HCM,28,1,1,33.0,4.0,5017000.0,Trung bình,0.425
C03190,24,Nữ,Hải Phòng,25,2,1,13.0,2.0,13364127.0,Đang hoạt động,0.656
C03191,46,Nữ,Hà Nội,55,2,0,130.0,5.0,2566400.0,Đã ngủ đông,0.258
C03192,19,Nam,Hà Nội,25,2,1,2.0,7.0,10764100.0,Đang hoạt động,0.363
C03193,50,Nữ,TP HCM,20,1,0,6.0,5.0,7743000.0,Đang hoạt động,0.433
C03194,33,Nữ,TP HCM,12,2,1,147.0,5.0,10558000.0,Đã ngủ đông,0.62
C03195,68,Nam,Đà Nẵng,16,2,1,77.0,2.0,3898000.0,Trung bình,0.71
C03196,58,Nữ,Hải Phòng,44,0,0,87.0,6.0,7716450.0,Trung bình,0.136
C03197,65,Nữ,TP HCM,2,1,0,19.0,6.0,4087300.0,Đang hoạt động,0.499
C03198,18,Nữ,Hà Nội,37,0,0,128.0,3.0,1676150.0,Đã ngủ đông,0.279
C03199,60,Nữ,TP HCM,56,2,0,117.0,5.0,2797500.0,Trung bình,0.284
C03200,29,Nữ,Hà Nội,38,2,0,106.0,6.0,4234100.0,Trung bình,0.318
C03201,70,Nữ,Hải Phòng,19,2,0,13.0,8.0,8372000.0,Đang hoạt động,0.34
C03202,33,Nam,Cần Thơ,25,2,0,6.0,8.0,7468450.0,Đang hoạt động,0.311
C03203,50,Nam,Hà Nội,9,1,0,4.0,8.0,7763050.0,Đang hoạt động,0.305
C03204,61,Nam,TP HCM,23,1,0,15.0,8.0,8379650.0,Đang hoạt động,0.255
C03205,26,Nam,TP HCM,25,2,0,44.0,6.0,7771300.0,Trung bình,0.455
C03206,62,Nữ,Hà Nội,5,2,0,12.0,5.0,3121300.0,Đang hoạt động,0.603
C03207,52,Nam,TP HCM,40,1,1,63.0,3.0,1743000.0,Trung bình,0.39
C03208,39,Nữ,Cần Thơ,58,1,0,46.0,7.0,5349750.0,Trung bình,0.117
C03209,28,Nữ,Hà Nội,30,5,1,87.0,6.0,9705700.0,Trung bình,0.711
C03210,33,Nữ,Hà Nội,28,3,1,1.0,4.0,4581600.0,Đang hoạt động,0.611
C03211,64,Nữ,Hải Phòng,3,3,1,133.0,6.0,1985150.0,Đã ngủ đông,0.67
C03212,32,Nữ,TP HCM,42,1,0,136.0,4.0,1259100.0,Đã ngủ đông,0.328
C03213,28,Nam,Đà Nẵng,2,0,0,93.0,3.0,2622000.0,Trung bình,0.545
C03214,38,Nam,Đà Nẵng,26,2,0,85.0,9.0,5546900.0,Trung bình,0.265
C03215,40,Nam,TP HCM,49,1,1,85.0,4.0,6806000.0,Trung bình,0.289
C03216,57,Nam,TP HCM,49,3,1,40.0,8.0,8378950.0,Trung bình,0.283
C03217,44,Nữ,Hà Nội,22,1,0,128.0,4.0,5834200.0,Đã ngủ đông,0.435
C03218,59,Nam,TP HCM,3,1,0,92.0,4.0,4274700.0,Trung bình,0.61
C03219,42,Nam,Hà Nội,23,3,0,3.0,2.0,1685000.0,Đang hoạt động,0.738
C03220,59,Nữ,TP HCM,36,0,0,11.0,4.0,3063000.0,Đang hoạt động,0.265
C03221,67,Nam,TP HCM,7,1,1,7.0,2.0,693000.0,Đang hoạt động,0.679
C03222,63,Nam,Đà Nẵng,27,0,0,93.0,4.0,3266700.0,Trung bình,0.305
C03223,66,Nam,Hải Phòng,21,1,0,28.0,5.0,7731100.0,Đang hoạt động,0.382
C03224,21,Nữ,Hải Phòng,15,1,1,92.0,6.0,2071000.0,Trung bình,0.368
C03225,34,Nam,TP HCM,37,1,0,19.0,4.0,3530700.0,Đang hoạt động,0.361
C03226,50,Nam,TP HCM,2,1,0,39.0,6.0,4610600.0,Trung bình,0.502
C03227,42,Nam,Hà Nội,37,0,0,31.0,3.0,1755300.0,Trung bình,0.271
C03228,48,Nữ,Hà Nội,43,1,0,109.0,6.0,4737300.0,Trung bình,0.201
C03229,57,Nữ,Cần Thơ,45,1,0,4.0,5.0,2420950.0,Đang hoạt động,0.231
C03230,37,Nam,TP HCM,29,1,1,53.0,6.0,11913600.0,Trung bình,0.326
C03231,48,Nam,Đà Nẵng,36,1,1,4.0,6.0,5147000.0,Đang hoạt động,0.251
C03232,59,Nam,TP HCM,50,1,0,4.0,3.0,2637150.0,Đang hoạt động,0.32
C03233,67,Nam,Đà Nẵng,42,1,0,87.0,5.0,1915700.0,Trung bình,0.256
C03234,41,Nữ,Hải Phòng,25,2,1,39.0,5.0,7662394.0,Trung bình,0.47
C03235,50,Nữ,Hải Phòng,52,1,0,55.0,9.0,6614800.0,Trung bình,0.087
C03236,59,Nam,Đà Nẵng,35,0,1,76.0,3.0,2121950.0,Trung bình,0.302
C03237,44,Nam,Hà Nội,6,1,1,226.0,1.0,4476000.0,Đã ngủ đông,0.716
C03238,36,Nam,Cần Thơ,29,1,1,24.0,3.0,2566000.0,Đang hoạt động,0.441
C03239,68,Nam,TP HCM,38,1,1,35.0,4.0,4757900.0,Trung bình,0.351
C03240,56,Nam,Hải Phòng,41,0,1,113.0,7.0,6001050.0,Trung bình,0.118
C03241,34,Nữ,Hải Phòng,36,1,0,154.0,2.0,1029400.0,Đã ngủ đông,0.441
C03242,42,Nam,TP HCM,15,0,1,4.0,3.0,2637000.0,Đang hoạt động,0.462
C03243,47,Nữ,TP HCM,24,2,1,2.0,7.0,5850150.0,Đang hoạt động,0.397
C03244,23,Nam,TP HCM,45,1,0,56.0,6.0,1766000.0,Trung bình,0.216
C03245,25,Nam,Hà Nội,23,1,1,12.0,4.0,4693000.0,Đang hoạt động,0.423
C03246,51,Nữ,TP HCM,20,0,0,114.0,4.0,3189700.0,Trung bình,0.374
C03247,32,Nữ,TP HCM,8,4,0,66.0,4.0,3049050.0,Trung bình,0.843
C03248,32,Nam,TP HCM,10,1,0,105.0,7.0,4684000.0,Trung bình,0.39
C03249,49,Nam,Cần Thơ,11,3,1,175.0,3.0,1243500.0,Đã ngủ đông,0.772
C03250,54,Nam,Hà Nội,49,1,1,89.0,5.0,3899350.0,Trung bình,0.207
C03251,37,Nữ,Đà Nẵng,19,1,0,24.0,6.0,4381650.0,Đang hoạt động,0.36
C03252,20,Nữ,Hà Nội,58,0,0,69.0,6.0,8512650.0,Trung bình,0.096
C03253,32,Nam,Đà Nẵng,2,1,1,52.0,4.0,1858850.0,Trung bình,0.596
C03254,26,Nam,TP HCM,40,0,0,122.0,2.0,1915250.0,Đã ngủ đông,0.345
C03255,69,Nữ,Đà Nẵng,17,0,0,4.0,7.0,6524200.0,Đang hoạt động,0.229
C03256,56,Nữ,TP HCM,53,2,0,52.0,5.0,5641800.0,Trung bình,0.306
C03257,43,Nam,TP HCM,31,1,0,5.0,7.0,12213900.0,Đang hoạt động,0.263
C03258,18,Nữ,Hải Phòng,35,2,1,12.0,2.0,2370000.0,Đang hoạt động,0.563
C03259,33,Nữ,Hà Nội,6,2,1,122.0,4.0,8480079.0,Đã ngủ đông,0.67
C03260,35,Nam,Cần Thơ,33,1,0,28.0,7.0,9615300.0,Đang hoạt động,0.225
C03261,18,Nữ,Hà Nội,58,2,0,53.0,4.0,15963071.0,Trung bình,0.314
C03262,29,Nam,Hải Phòng,30,2,0,88.0,7.0,10999750.0,Trung bình,0.331
C03263,42,Nữ,TP HCM,21,0,0,48.0,6.0,5456250.0,Trung bình,0.269
C03264,39,Nữ,Hà Nội,44,2,0,999.0,0.0,0.0,Chưa mua,0.637
C03265,67,Nữ,TP HCM,38,0,1,245.0,1.0,757350.0,Đã ngủ đông,0.411
C03266,26,Nam,Hà Nội,51,2,1,50.0,5.0,990550.0,Trung bình,0.278
C03267,27,Nữ,Hà Nội,19,1,0,3.0,5.0,7149300.0,Đang hoạt động,0.401
C03268,46,Nam,Cần Thơ,31,2,0,98.0,8.0,7571600.0,Trung bình,0.275
C03269,53,Nam,TP HCM,26,3,1,37.0,6.0,17085927.0,Trung bình,0.578
C03270,50,Nam,Hà Nội,15,4,1,169.0,5.0,3309750.0,Đã ngủ đông,0.743
C03271,60,Nam,TP HCM,11,2,1,126.0,2.0,1746800.0,Đã ngủ đông,0.754
C03272,40,Nam,TP HCM,13,1,1,16.0,6.0,7783350.0,Đang hoạt động,0.428
C03273,48,Nữ,Hà Nội,54,1,0,8.0,4.0,4562000.0,Đang hoạt động,0.222
C03274,26,Nam,Đà Nẵng,3,2,1,151.0,2.0,1477200.0,Đã ngủ đông,0.786
C03275,30,Nam,Cần Thơ,28,0,0,13.0,9.0,8154650.0,Đang hoạt động,0.116
C03276,65,Nữ,TP HCM,51,1,0,103.0,9.0,14268450.0,Trung bình,0.111
C03277,47,Nữ,Đà Nẵng,48,1,1,25.0,7.0,6056300.0,Đang hoạt động,0.158
C03278,34,Nam,Hà Nội,11,2,1,30.0,3.0,1886000.0,Đang hoạt động,0.672
C03279,37,Nữ,Hà Nội,50,0,0,5.0,5.0,4498350.0,Đang hoạt động,0.14
C03280,43,Nam,Hải Phòng,28,0,0,50.0,5.0,4249000.0,Trung bình,0.238
C03281,20,Nam,TP HCM,29,2,0,6.0,7.0,5523200.0,Đang hoạt động,0.364
C03282,40,Nữ,TP HCM,16,0,0,160.0,4.0,3711600.0,Đã ngủ đông,0.407
C03283,50,Nữ,Hà Nội,7,0,0,62.0,9.0,12666100.0,Trung bình,0.198
C03284,33,Nữ,Hà Nội,31,0,0,39.0,6.0,7042600.0,Trung bình,0.189
C03285,65,Nữ,TP HCM,1,2,1,156.0,5.0,5353450.0,Đã ngủ đông,0.679
C03286,46,Nữ,TP HCM,19,0,1,240.0,1.0,4416000.0,Đã ngủ đông,0.563
C03287,51,Nam,TP HCM,59,2,1,84.0,2.0,991150.0,Trung bình,0.419
C03288,20,Nam,Hà Nội,22,1,1,12.0,7.0,8234287.0,Đang hoạt động,0.278
C03289,39,Nữ,TP HCM,57,0,0,13.0,5.0,6833200.0,Đang hoạt động,0.138
C03290,51,Nữ,TP HCM,30,0,0,125.0,5.0,2885350.0,Đã ngủ đông,0.259
C03291,41,Nữ,Hà Nội,7,0,0,33.0,6.0,9923850.0,Trung bình,0.329
C03292,42,Nữ,Hà Nội,6,4,1,16.0,3.0,3970800.0,Đang hoạt động,0.858
C03293,61,Nam,Hải Phòng,26,3,0,101.0,4.0,6806250.0,Trung bình,0.629
C03294,70,Nam,Hà Nội,42,2,0,9.0,7.0,4707450.0,Đang hoạt động,0.238
C03295,46,Nữ,Hà Nội,44,2,1,19.0,5.0,5814400.0,Đang hoạt động,0.328
C03296,58,Nam,Hà Nội,42,0,0,4.0,7.0,5669000.0,Đang hoạt động,0.113
C03297,58,Nam,TP HCM,24,3,0,41.0,5.0,2934600.0,Trung bình,0.617
C03298,31,Nam,Hà Nội,47,1,0,43.0,6.0,4741400.0,Trung bình,0.182
C03299,27,Nam,TP HCM,1,1,1,225.0,5.0,1821400.0,Đã ngủ đông,0.572
C03300,23,Nam,Đà Nẵng,17,0,0,42.0,7.0,5977200.0,Trung bình,0.234
C03301,50,Nam,Hà Nội,8,1,0,21.0,9.0,4864150.0,Đang hoạt động,0.258
C03302,34,Nữ,TP HCM,44,0,0,162.0,3.0,3667000.0,Đã ngủ đông,0.273
C03303,40,Nam,TP HCM,41,0,0,45.0,9.0,7335050.0,Trung bình,0.091
C03304,33,Nam,Hà Nội,13,0,1,54.0,3.0,1979500.0,Trung bình,0.436
C03305,60,Nam,Hà Nội,60,0,0,104.0,1.0,4200000.0,Trung bình,0.234
C03306,70,Nam,TP HCM,35,2,0,23.0,7.0,12104900.0,Đang hoạt động,0.33
C03307,59,Nam,Đà Nẵng,18,1,0,20.0,5.0,2727700.0,Đang hoạt động,0.415
C03308,29,Nam,TP HCM,37,2,0,250.0,1.0,158000.0,Đã ngủ đông,0.646
C03309,60,Nữ,Hà Nội,42,0,0,1.0,10.0,8170650.0,Khách VIP,0.061
C03310,49,Nữ,Cần Thơ,21,2,0,75.0,5.0,4749200.0,Trung bình,0.504
C03311,19,Nữ,Hà Nội,27,2,1,110.0,5.0,4524000.0,Trung bình,0.454
C03312,32,Nam,Hà Nội,14,0,0,26.0,7.0,5718650.0,Đang hoạt động,0.232
C03313,69,Nam,Cần Thơ,18,0,0,17.0,5.0,7733200.0,Đang hoạt động,0.307
C03314,23,Nữ,Hải Phòng,25,2,1,137.0,6.0,7398200.0,Đã ngủ đông,0.418
C03315,32,Nữ,TP HCM,33,2,0,28.0,6.0,7134100.0,Đang hoạt động,0.395
C03316,54,Nam,TP HCM,55,0,0,21.0,6.0,8567000.0,Đang hoạt động,0.118
C03317,19,Nữ,Hà Nội,57,1,0,84.0,7.0,5573750.0,Trung bình,0.118
C03318,44,Nữ,TP HCM,38,1,0,89.0,6.0,2858000.0,Trung bình,0.255
C03319,54,Nam,TP HCM,12,1,0,93.0,9.0,9254100.0,Trung bình,0.278
C03320,30,Nữ,TP HCM,30,3,0,55.0,5.0,6754900.0,Trung bình,0.589
C03321,18,Nam,Đà Nẵng,1,1,0,16.0,11.0,9718350.0,Khách VIP,0.239
C03322,32,Nữ,TP HCM,60,2,0,33.0,7.0,8886400.0,Trung bình,0.189
C03323,53,Nam,Hà Nội,26,0,0,158.0,2.0,312000.0,Đã ngủ đông,0.396
C03324,19,Nam,Hà Nội,8,2,1,56.0,6.0,5683500.0,Trung bình,0.536
C03325,42,Nữ,Hải Phòng,10,0,0,41.0,12.0,10046350.0,Trung bình,0.098
C03326,63,Nam,Cần Thơ,26,2,1,81.0,7.0,10855000.0,Trung bình,0.362
C03327,66,Nam,Đà Nẵng,48,0,0,2.0,5.0,1493100.0,Đang hoạt động,0.152
C03328,63,Nữ,Đà Nẵng,58,1,0,42.0,4.0,4955300.0,Trung bình,0.217
C03329,65,Nam,TP HCM,17,3,1,96.0,3.0,2080800.0,Trung bình,0.761
C03330,70,Nam,TP HCM,39,0,0,36.0,6.0,6303400.0,Trung bình,0.174
C03331,28,Nam,Cần Thơ,27,0,0,102.0,3.0,5617800.0,Trung bình,0.357
C03332,21,Nam,Đà Nẵng,28,0,0,1.0,6.0,8404000.0,Đang hoạt động,0.22
C03333,43,Nữ,Hải Phòng,25,1,1,98.0,5.0,5110800.0,Trung bình,0.356
C03334,50,Nam,TP HCM,46,0,0,113.0,2.0,1940450.0,Trung bình,0.301
C03335,21,Nữ,TP HCM,13,1,1,51.0,2.0,1642000.0,Trung bình,0.651
C03336,46,Nam,Hải Phòng,35,1,1,21.0,6.0,4402000.0,Đang hoạt động,0.24
C03337,40,Nam,Hà Nội,41,1,0,147.0,5.0,5401200.0,Đã ngủ đông,0.255
C03338,64,Nữ,Hải Phòng,38,1,0,19.0,9.0,4734600.0,Đang hoạt động,0.124
C03339,18,Nữ,TP HCM,57,0,0,47.0,2.0,538350.0,Trung bình,0.238
C03340,36,Nữ,Hà Nội,59,3,0,44.0,8.0,4813500.0,Trung bình,0.195
C03341,52,Nam,Đà Nẵng,60,1,0,2.0,4.0,5107000.0,Đang hoạt động,0.207
C03342,56,Nam,TP HCM,39,0,1,63.0,4.0,1929400.0,Trung bình,0.247
C03343,27,Nam,Hà Nội,47,0,0,16.0,7.0,8098090.0,Đang hoạt động,0.103
C03344,25,Nam,Hà Nội,59,0,0,92.0,8.0,9062600.0,Trung bình,0.061
C03345,39,Nam,Hà Nội,34,0,1,57.0,5.0,8020400.0,Trung bình,0.213
C03346,28,Nam,TP HCM,12,1,0,21.0,6.0,4522200.0,Đang hoạt động,0.43
C03347,39,Nam,Hà Nội,36,1,1,15.0,4.0,2386700.0,Đang hoạt động,0.325
C03348,64,Nữ,Hà Nội,50,1,0,17.0,5.0,6672900.0,Đang hoạt động,0.204
C03349,50,Nữ,TP HCM,29,1,0,50.0,5.0,3542300.0,Trung bình,0.361
C03350,18,Nữ,TP HCM,45,0,1,14.0,5.0,4174600.0,Đang hoạt động,0.185
C03351,20,Nam,Cần Thơ,23,0,0,4.0,6.0,4924650.0,Đang hoạt động,0.233
C03352,33,Nữ,TP HCM,14,1,1,11.0,6.0,4876400.0,Đang hoạt động,0.416
C03353,70,Nam,Cần Thơ,19,2,0,6.0,8.0,10519800.0,Đang hoạt động,0.352
C03354,56,Nữ,TP HCM,36,1,0,31.0,9.0,10979500.0,Trung bình,0.159
C03355,42,Nam,Hà Nội,10,1,1,7.0,2.0,933000.0,Đang hoạt động,0.624
C03356,28,Nữ,Cần Thơ,25,1,0,95.0,7.0,6620000.0,Trung bình,0.269
C03357,36,Nữ,Cần Thơ,29,0,0,72.0,6.0,6940700.0,Trung bình,0.206
C03358,53,Nam,Hải Phòng,2,1,0,34.0,6.0,2246650.0,Trung bình,0.453
C03359,57,Nam,Đà Nẵng,38,1,0,1.0,5.0,4703200.0,Đang hoạt động,0.283
C03360,32,Nữ,TP HCM,53,1,0,64.0,4.0,6885550.0,Trung bình,0.267
C03361,33,Nữ,TP HCM,31,4,1,51.0,5.0,2176400.0,Trung bình,0.678
C03362,24,Nữ,Hà Nội,50,1,0,255.0,1.0,382000.0,Đã ngủ đông,0.399
C03363,49,Nam,Hà Nội,41,2,0,68.0,1.0,905400.0,Trung bình,0.568
C03364,47,Nam,Hà Nội,34,2,0,116.0,4.0,2741650.0,Trung bình,0.45
C03365,47,Nam,Đà Nẵng,17,0,0,120.0,2.0,1316300.0,Trung bình,0.487
C03366,59,Nam,Cần Thơ,41,0,0,3.0,8.0,11803526.0,Đang hoạt động,0.103
C03367,48,Nam,TP HCM,54,2,0,91.0,5.0,5236216.0,Trung bình,0.3
C03368,58,Nam,Hà Nội,16,1,1,8.0,5.0,3435500.0,Đang hoạt động,0.408
C03369,45,Nữ,Đà Nẵng,15,2,1,38.0,6.0,4421050.0,Trung bình,0.5
C03370,37,Nữ,TP HCM,28,1,0,27.0,6.0,2922750.0,Đang hoạt động,0.315
C03371,62,Nữ,Hải Phòng,52,0,0,101.0,2.0,3888250.0,Trung bình,0.236
C03372,53,Nữ,TP HCM,15,0,0,20.0,6.0,7966350.0,Đang hoạt động,0.308
C03373,61,Nam,Hải Phòng,39,1,0,72.0,7.0,8653270.218698187,Trung bình,0.186
C03374,31,Nam,TP HCM,46,1,0,51.0,7.0,4977200.0,Trung bình,0.178
C03375,69,Nam,TP HCM,33,2,0,106.0,3.0,2428850.0,Trung bình,0.555
C03376,56,Nam,Đà Nẵng,7,0,0,41.0,6.0,2786150.0,Trung bình,0.331
C03377,43,Nam,Hải Phòng,46,0,0,158.0,3.0,5177700.0,Đã ngủ đông,0.23
C03378,67,Nam,TP HCM,24,1,1,4.0,5.0,5964950.0,Đang hoạt động,0.396
C03379,25,Nữ,TP HCM,19,2,1,67.0,5.0,4830650.0,Trung bình,0.555
C03380,49,Nữ,Hải Phòng,33,0,0,105.0,7.0,8079150.0,Trung bình,0.149
C03381,23,Nam,Đà Nẵng,36,2,1,76.0,4.0,3834250.0,Trung bình,0.463
C03382,63,Nam,TP HCM,45,1,0,52.0,3.0,2351500.0,Trung bình,0.354
C03383,29,Nữ,Hà Nội,50,0,0,22.0,6.0,9577850.0,Đang hoạt động,0.119
C03384,47,Nam,Đà Nẵng,1,1,0,75.0,4.0,3085100.0,Trung bình,0.604
C03385,70,Nam,Cần Thơ,26,0,0,302.0,1.0,765000.0,Đã ngủ đông,0.468
C03386,20,Nam,Hà Nội,53,0,0,89.0,6.0,4755100.0,Trung bình,0.107
C03387,67,Nữ,TP HCM,8,1,1,21.0,5.0,5124000.0,Đang hoạt động,0.515
C03388,22,Nữ,Hà Nội,4,4,1,66.0,4.0,3104600.0,Trung bình,0.837
C03389,20,Nam,Cần Thơ,7,0,0,150.0,4.0,2353100.0,Đã ngủ đông,0.44
C03390,42,Nam,Đà Nẵng,19,2,0,1.0,5.0,7831450.0,Đang hoạt động,0.535
C03391,45,Nữ,Cần Thơ,15,2,1,86.0,7.0,6635900.0,Trung bình,0.436
C03392,48,Nam,Hải Phòng,37,2,0,37.0,6.0,8491050.0,Trung bình,0.328
C03393,31,Nữ,TP HCM,17,2,0,47.0,5.0,5204350.0,Trung bình,0.569
C03394,45,Nam,TP HCM,35,2,0,55.0,4.0,6262900.0,Trung bình,0.492
C03395,70,Nữ,TP HCM,55,1,0,25.0,7.0,8793450.0,Đang hoạt động,0.143
C03396,33,Nam,Hà Nội,46,1,0,72.0,3.0,2874800.0,Trung bình,0.315
C03397,38,Nữ,Đà Nẵng,18,0,1,37.0,4.0,3743000.0,Trung bình,0.37
C03398,21,Nam,TP HCM,32,2,0,31.0,6.0,6253550.0,Trung bình,0.401
C03399,28,Nam,TP HCM,45,1,0,33.0,5.0,6581250.0,Trung bình,0.266
C03400,60,Nữ,TP HCM,49,3,0,35.0,8.0,6535450.0,Trung bình,0.28
C03401,59,Nam,Đà Nẵng,13,1,0,22.0,7.0,11838600.0,Đang hoạt động,0.358
C03402,55,Nữ,Cần Thơ,18,2,0,42.0,9.0,15397008.0,Trung bình,0.32
C03403,44,Nữ,Hà Nội,22,1,0,1.0,4.0,8096400.0,Đang hoạt động,0.436
C03404,56,Nam,Hà Nội,8,1,0,12.0,9.0,7889000.0,Đang hoạt động,0.263
C03405,31,Nam,Hà Nội,37,0,0,23.0,9.0,8683100.0,Đang hoạt động,0.088
C03406,64,Nam,Cần Thơ,15,2,1,126.0,1.0,184000.0,Đã ngủ đông,0.748
C03407,62,Nữ,Đà Nẵng,44,1,1,61.0,4.0,3052000.0,Trung bình,0.294
C03408,30,Nữ,Hải Phòng,17,0,0,56.0,8.0,10456200.0,Trung bình,0.187
C03409,38,Nữ,Cần Thơ,41,1,0,1.0,9.0,8072200.0,Đang hoạt động,0.123
C03410,24,Nữ,Đà Nẵng,38,3,1,70.0,3.0,8387549.0,Trung bình,0.63
C03411,38,Nam,TP HCM,31,1,1,4.0,4.0,2697000.0,Đang hoạt động,0.4
C03412,35,Nam,Hà Nội,32,3,1,99.0,5.0,5028400.0,Trung bình,0.527
C03413,27,Nữ,Hải Phòng,16,1,1,86.0,6.0,3643050.0,Trung bình,0.363
C03414,44,Nam,TP HCM,33,1,0,15.0,5.0,2578500.0,Đang hoạt động,0.331
C03415,38,Nữ,Hà Nội,51,1,0,4.0,5.0,1191700.0,Đang hoạt động,0.194
C03416,46,Nữ,Cần Thơ,48,0,0,5.0,6.0,5318300.0,Đang hoạt động,0.124
C03417,48,Nữ,TP HCM,7,1,1,38.0,4.0,3758050.0,Trung bình,0.581
C03418,28,Nữ,Đà Nẵng,7,1,1,124.0,2.0,3596100.0,Đã ngủ đông,0.678
C03419,38,Nữ,TP HCM,40,2,0,88.0,2.0,1029450.0,Trung bình,0.564
C03420,59,Nam,Hải Phòng,29,2,0,121.0,3.0,800850.0,Đã ngủ đông,0.541
C03421,40,Nữ,TP HCM,6,3,0,10.0,2.0,1800000.0,Đang hoạt động,0.849
C03422,64,Nữ,Hải Phòng,6,1,0,41.0,4.0,2573350.0,Trung bình,0.542
C03423,68,Nữ,Hải Phòng,14,0,1,999.0,0.0,0.0,Chưa mua,0.629
C03424,36,Nữ,Đà Nẵng,46,3,1,999.0,0.0,0.0,Chưa mua,0.741
C03425,50,Nữ,TP HCM,45,2,1,15.0,5.0,2408200.0,Đang hoạt động,0.353
C03426,67,Nam,Đà Nẵng,49,2,0,7.0,9.0,5991700.0,Đang hoạt động,0.15
C03427,59,Nữ,Đà Nẵng,41,2,0,3.0,5.0,2851000.0,Đang hoạt động,0.361
C03428,49,Nữ,TP HCM,15,1,1,205.0,2.0,2097000.0,Đã ngủ đông,0.639
C03429,54,Nam,Hà Nội,25,1,0,47.0,7.0,13878950.0,Trung bình,0.267
C03430,32,Nam,Hải Phòng,6,1,0,19.0,8.0,8638600.0,Đang hoạt động,0.33
C03431,37,Nam,Đà Nẵng,22,0,0,32.0,5.0,2862050.0,Trung bình,0.288
C03432,64,Nam,TP HCM,39,2,0,27.0,3.0,15762697.0,Đang hoạt động,0.538
C03433,48,Nữ,Cần Thơ,46,0,0,48.0,3.0,2263000.0,Trung bình,0.231
C03434,41,Nữ,Hà Nội,45,1,0,8.0,6.0,2549950.0,Đang hoạt động,0.187
C03435,28,Nam,Cần Thơ,26,3,0,14.0,11.0,9016950.0,Khách VIP,0.258
C03436,68,Nam,TP HCM,13,1,0,116.0,5.0,5757900.0,Trung bình,0.481
C03437,50,Nữ,TP HCM,27,3,1,4.0,4.0,4063800.0,Đang hoạt động,0.655
C03438,64,Nữ,TP HCM,19,1,0,42.0,5.0,3737600.0,Trung bình,0.431
C03439,26,Nữ,Hải Phòng,48,0,1,220.0,2.0,1735000.0,Đã ngủ đông,0.262
C03440,39,Nam,TP HCM,33,1,0,27.0,4.0,2460000.0,Đang hoạt động,0.386
C03441,50,Nữ,TP HCM,36,2,0,23.0,4.0,1688450.0,Đang hoạt động,0.473
C03442,42,Nam,Hà Nội,7,4,0,92.0,3.0,984000.0,Trung bình,0.851
C03443,29,Nữ,Hà Nội,4,2,1,65.0,5.0,2680850.0,Trung bình,0.616
C03444,59,Nam,TP HCM,41,1,0,1.0,5.0,3556100.0,Đang hoạt động,0.279
C03445,65,Nữ,TP HCM,37,0,0,109.0,2.0,3186000.0,Trung bình,0.362
C03446,41,Nữ,Hà Nội,30,2,0,112.0,4.0,6492200.0,Trung bình,0.491
C03447,56,Nữ,Cần Thơ,14,0,1,48.0,5.0,7007600.0,Trung bình,0.336
C03448,51,Nam,Hải Phòng,4,2,1,207.0,1.0,2886000.0,Đã ngủ đông,0.806
C03449,67,Nữ,Hà Nội,51,1,1,1.0,7.0,3271000.0,Đang hoạt động,0.131
C03450,29,Nữ,TP HCM,7,0,1,108.0,2.0,2200800.0,Trung bình,0.587
C03451,49,Nam,TP HCM,39,1,0,253.0,4.0,3951550.0,Đã ngủ đông,0.353
C03452,43,Nữ,Hà Nội,28,2,1,159.0,5.0,5943800.0,Đã ngủ đông,0.447
C03453,45,Nam,TP HCM,10,0,0,50.0,8.0,8320700.0,Trung bình,0.245
C03454,48,Nam,Cần Thơ,42,2,0,27.0,3.0,1358000.0,Đang hoạt động,0.454
C03455,31,Nữ,Hải Phòng,31,0,0,21.0,6.0,7655100.0,Đang hoạt động,0.19
C03456,23,Nam,Hà Nội,4,1,1,19.0,5.0,2636200.0,Đang hoạt động,0.502
C03457,19,Nữ,Hà Nội,32,2,0,40.0,5.0,5923800.0,Trung bình,0.417
C03458,53,Nữ,Hà Nội,27,0,0,40.0,5.0,3639000.0,Trung bình,0.242
C03459,24,Nữ,Hà Nội,31,2,1,9.0,2.0,662050.0,Đang hoạt động,0.586
C03460,30,Nam,TP HCM,23,1,1,21.0,4.0,3004400.0,Đang hoạt động,0.461
C03461,52,Nữ,Hà Nội,30,0,0,72.0,4.0,7154550.0,Trung bình,0.277
C03462,34,Nam,TP HCM,46,4,0,2.0,5.0,4634900.0,Đang hoạt động,0.575
C03463,58,Nữ,Hải Phòng,33,2,0,75.0,4.0,2233100.0,Trung bình,0.455
C03464,52,Nam,TP HCM,50,1,1,10.0,4.0,2355000.0,Đang hoạt động,0.271
C03465,47,Nữ,TP HCM,32,2,1,123.0,4.0,1712250.0,Đã ngủ đông,0.508
C03466,60,Nữ,TP HCM,15,0,0,16.0,9.0,11957950.0,Đang hoạt động,0.184
C03467,61,Nam,Hải Phòng,58,0,0,101.0,2.0,5506950.0,Trung bình,0.206
C03468,36,Nữ,Đà Nẵng,39,0,0,144.0,1.0,502000.0,Đã ngủ đông,0.385
C03469,39,Nữ,Đà Nẵng,30,1,0,4.0,4.0,3260850.0,Đang hoạt động,0.39
C03470,44,Nam,TP HCM,6,2,0,201.0,4.0,1103950.0,Đã ngủ đông,0.693
C03471,67,Nữ,Cần Thơ,54,1,1,23.0,4.0,2404200.0,Đang hoạt động,0.225
C03472,43,Nữ,Cần Thơ,20,2,0,3.0,3.0,2000450.0,Đang hoạt động,0.619
C03473,39,Nam,TP HCM,16,1,0,2.0,6.0,8796500.0,Đang hoạt động,0.408
C03474,24,Nam,Đà Nẵng,5,5,0,41.0,7.0,14560662.259140594,Trung bình,0.823
C03475,20,Nam,TP HCM,44,0,1,68.0,3.0,2192100.0,Trung bình,0.269
C03476,69,Nam,TP HCM,37,2,1,144.0,7.0,6782250.0,Đã ngủ đông,0.31
C03477,56,Nữ,Cần Thơ,9,1,1,48.0,3.0,2282400.0,Trung bình,0.588
C03478,30,Nam,Hải Phòng,59,1,0,45.0,2.0,315150.0,Trung bình,0.278
C03479,54,Nam,TP HCM,40,1,1,3.0,6.0,4910550.0,Đang hoạt động,0.243
C03480,21,Nữ,Đà Nẵng,59,0,0,17.0,3.0,6083550.0,Đang hoạt động,0.183
C03481,48,Nữ,TP HCM,50,2,0,22.0,5.0,3961400.0,Đang hoạt động,0.323
C03482,54,Nam,Cần Thơ,49,4,1,12.0,6.0,3306100.0,Đang hoạt động,0.456
C03483,55,Nữ,Hà Nội,6,0,1,95.0,3.0,4905750.0,Trung bình,0.494
C03484,65,Nữ,Hải Phòng,44,1,0,48.0,7.0,7569750.0,Trung bình,0.163
C03485,51,Nam,Hà Nội,5,4,1,8.0,4.0,2976400.0,Đang hoạt động,0.828
C03486,58,Nữ,Hải Phòng,40,2,0,13.0,6.0,6620200.0,Đang hoạt động,0.303
C03487,51,Nam,Cần Thơ,27,1,1,123.0,4.0,4170700.0,Đã ngủ đông,0.403
C03488,70,Nữ,TP HCM,45,1,1,62.0,7.0,6809800.0,Trung bình,0.182
C03489,52,Nữ,TP HCM,55,0,0,32.0,4.0,5940950.0,Trung bình,0.174
C03490,26,Nữ,TP HCM,39,2,0,49.0,6.0,7584524.0,Trung bình,0.355
C03491,27,Nữ,TP HCM,12,1,1,9.0,8.0,2887100.0,Đang hoạt động,0.318
C03492,18,Nữ,Hải Phòng,57,2,0,1.0,7.0,11407600.0,Đang hoạt động,0.181
C03493,26,Nam,TP HCM,21,2,0,107.0,5.0,6922350.0,Trung bình,0.544
C03494,39,Nữ,TP HCM,3,1,0,5.0,11.0,12280501.0,Khách VIP,0.245
C03495,38,Nam,Cần Thơ,21,0,0,2.0,10.0,10684500.0,Khách VIP,0.115
C03496,38,Nữ,Hà Nội,38,2,0,20.0,6.0,8937700.0,Đang hoạt động,0.323
C03497,62,Nam,Đà Nẵng,46,2,0,87.0,7.0,3770350.0,Trung bình,0.235
C03498,54,Nam,Hà Nội,15,0,1,181.0,2.0,1541450.0,Đã ngủ đông,0.48
C03499,65,Nam,Cần Thơ,1,1,1,32.0,4.0,5695250.0,Trung bình,0.593
C03500,38,Nữ,TP HCM,59,0,0,140.0,4.0,4776900.0,Đã ngủ đông,0.16
C03501,27,Nữ,TP HCM,14,1,1,96.0,2.0,1434450.0,Trung bình,0.644
C03502,37,Nữ,TP HCM,42,0,0,999.0,0.0,0.0,Chưa mua,0.47
C03503,35,Nam,Cần Thơ,22,0,1,39.0,3.0,3261200.0,Trung bình,0.384
C03504,42,Nam,TP HCM,34,1,1,40.0,4.0,1629800.0,Trung bình,0.377
C03505,43,Nam,Hà Nội,26,2,1,93.0,3.0,3078000.0,Trung bình,0.569
C03506,32,Nam,Cần Thơ,23,1,0,36.0,3.0,3937850.0,Trung bình,0.49
C03507,24,Nam,Cần Thơ,42,0,0,15.0,7.0,12822650.0,Đang hoạt động,0.127
C03508,24,Nữ,Hà Nội,2,2,1,50.0,8.0,9506400.0,Trung bình,0.472
C03509,69,Nữ,Hải Phòng,5,1,0,92.0,6.0,7285250.0,Trung bình,0.443
C03510,62,Nam,Hải Phòng,21,2,1,50.0,4.0,10555200.0,Trung bình,0.561
C03511,70,Nữ,Đà Nẵng,25,0,1,16.0,2.0,1548100.0,Đang hoạt động,0.421
C03512,40,Nam,TP HCM,31,2,1,10.0,5.0,6570450.0,Đang hoạt động,0.463
C03513,26,Nam,Hà Nội,34,2,0,44.0,6.0,6535500.0,Trung bình,0.347
C03514,30,Nam,Cần Thơ,16,2,0,37.0,6.0,5039000.0,Trung bình,0.483
C03515,28,Nữ,TP HCM,42,2,0,7.0,4.0,3883600.0,Đang hoạt động,0.437
C03516,18,Nam,TP HCM,21,0,1,13.0,6.0,4527700.0,Đang hoạt động,0.268
C03517,64,Nam,Hà Nội,5,1,1,29.0,8.0,13443600.0,Đang hoạt động,0.341
C03518,40,Nam,TP HCM,30,2,0,77.0,6.0,7422650.0,Trung bình,0.416
C03519,69,Nữ,TP HCM,59,1,0,128.0,3.0,1486500.0,Đã ngủ đông,0.265
C03520,47,Nữ,Hà Nội,18,0,0,16.0,3.0,1565000.0,Đang hoạt động,0.397
C03521,49,Nam,Hà Nội,27,1,0,82.0,4.0,5912000.0,Trung bình,0.395
C03522,51,Nữ,TP HCM,37,2,0,73.0,3.0,4411900.0,Trung bình,0.533
C03523,48,Nam,TP HCM,3,1,0,47.0,3.0,2483200.0,Trung bình,0.661
C03524,20,Nữ,Hải Phòng,29,2,1,65.0,5.0,4712450.0,Trung bình,0.438
C03525,41,Nam,Hải Phòng,5,2,0,31.0,11.0,18943570.0,Trung bình,0.301
C03526,37,Nữ,Đà Nẵng,37,0,0,118.0,4.0,4829550.0,Trung bình,0.253
C03527,25,Nữ,TP HCM,60,2,0,37.0,5.0,4732350.0,Trung bình,0.266
C03528,21,Nam,Hà Nội,9,1,1,58.0,3.0,1146400.0,Trung bình,0.58
C03529,70,Nữ,Hải Phòng,40,0,1,16.0,4.0,1382950.0,Đang hoạt động,0.209
C03530,29,Nam,Cần Thơ,8,1,1,26.0,5.0,3611500.0,Đang hoạt động,0.484
C03531,51,Nữ,Hà Nội,37,1,0,46.0,6.0,3259300.0,Trung bình,0.228
C03532,49,Nữ,TP HCM,1,2,0,34.0,8.0,6636900.0,Trung bình,0.512
C03533,40,Nữ,Hà Nội,25,1,0,97.0,6.0,7037900.0,Trung bình,0.307
C03534,62,Nam,TP HCM,3,2,1,119.0,7.0,8564900.0,Trung bình,0.559
C03535,38,Nữ,Hà Nội,5,0,1,7.0,7.0,8266700.0,Đang hoạt động,0.288
C03536,57,Nữ,TP HCM,38,2,1,108.0,1.0,173000.0,Trung bình,0.631
C03537,59,Nam,Đà Nẵng,55,3,0,44.0,4.0,5889800.0,Trung bình,0.433
C03538,49,Nữ,Hà Nội,33,0,0,145.0,4.0,4126650.0,Đã ngủ đông,0.257
C03539,65,Nam,TP HCM,55,1,0,87.0,4.0,3051100.0,Trung bình,0.244
C03540,70,Nam,TP HCM,32,0,0,26.0,7.0,7872250.0,Đang hoạt động,0.172
C03541,61,Nam,Cần Thơ,8,2,1,116.0,7.0,5391850.0,Trung bình,0.483
C03542,32,Nam,Đà Nẵng,30,1,1,47.0,6.0,3432200.0,Trung bình,0.287
C03543,21,Nam,TP HCM,52,0,0,14.0,3.0,3233000.0,Đang hoạt động,0.225
C03544,61,Nam,TP HCM,41,3,0,128.0,2.0,1346250.0,Đã ngủ đông,0.662
C03545,62,Nữ,Cần Thơ,19,3,1,33.0,5.0,3314950.0,Trung bình,0.623
C03546,35,Nữ,TP HCM,29,2,1,65.0,4.0,9150750.0,Trung bình,0.547
C03547,37,Nữ,Hà Nội,19,0,0,6.0,6.0,6148700.0,Đang hoạt động,0.248
C03548,62,Nam,Hà Nội,43,0,0,31.0,3.0,9532061.0,Trung bình,0.248
C03549,36,Nam,Hà Nội,28,1,1,111.0,4.0,3934000.0,Trung bình,0.387
C03550,69,Nữ,TP HCM,34,0,1,58.0,2.0,2081400.0,Trung bình,0.379
C03551,58,Nữ,TP HCM,16,3,0,4.0,8.0,8791000.0,Đang hoạt động,0.516
C03552,61,Nữ,Hải Phòng,42,1,1,44.0,5.0,3355600.0,Trung bình,0.242
C03553,18,Nữ,Hải Phòng,27,0,1,46.0,3.0,1672000.0,Trung bình,0.34
C03554,68,Nam,TP HCM,30,3,0,16.0,7.0,1608550.0,Đang hoạt động,0.451
C03555,55,Nam,Cần Thơ,31,0,0,63.0,8.0,5424700.0,Trung bình,0.128
C03556,50,Nữ,Cần Thơ,30,1,0,6.0,2.0,2716300.0,Đang hoạt động,0.491
C03557,39,Nam,Hà Nội,29,0,0,139.0,8.0,6436450.0,Đã ngủ đông,0.134
C03558,41,Nam,TP HCM,48,0,0,121.0,2.0,2979000.0,Đã ngủ đông,0.292
C03559,22,Nam,Hải Phòng,11,2,0,22.0,4.0,1161450.0,Đang hoạt động,0.618
C03560,67,Nữ,Cần Thơ,13,1,0,139.0,2.0,2448000.0,Đã ngủ đông,0.618
C03561,49,Nam,Hà Nội,56,3,1,54.0,5.0,2692200.0,Trung bình,0.343
C03562,27,Nam,Đà Nẵng,48,1,0,118.0,3.0,15204463.0,Trung bình,0.349
C03563,34,Nam,TP HCM,30,3,0,51.0,4.0,6435550.0,Trung bình,0.642
C03564,37,Nam,Hà Nội,2,3,1,50.0,4.0,2937200.0,Trung bình,0.772
C03565,23,Nam,TP HCM,4,4,1,17.0,2.0,1799000.0,Đang hoạt động,0.905
C03566,24,Nữ,Hà Nội,10,1,0,52.0,7.0,4491350.0,Trung bình,0.35
C03567,22,Nữ,Cần Thơ,27,1,0,96.0,7.0,4808600.0,Trung bình,0.255
C03568,34,Nữ,TP HCM,60,2,1,26.0,1.0,162000.0,Đang hoạt động,0.47
C03569,68,Nữ,Đà Nẵng,8,1,0,7.0,7.0,6064150.0,Đang hoạt động,0.38
C03570,59,Nam,Cần Thơ,29,2,0,75.0,3.0,783000.0,Trung bình,0.549
C03571,25,Nữ,Hà Nội,27,3,1,53.0,3.0,3071850.0,Trung bình,0.672
C03572,52,Nữ,Hải Phòng,23,1,1,129.0,2.0,4038000.0,Đã ngủ đông,0.541
C03573,63,Nam,Hà Nội,4,4,0,126.0,8.0,5569800.0,Đã ngủ đông,0.666
C03574,59,Nữ,Cần Thơ,13,1,0,27.0,4.0,4007300.0,Đang hoạt động,0.503
C03575,69,Nữ,Hải Phòng,38,1,0,2.0,5.0,6748100.0,Đang hoạt động,0.269
C03576,63,Nam,TP HCM,56,1,1,999.0,0.0,0.0,Chưa mua,0.473
C03577,57,Nam,Đà Nẵng,4,0,0,6.0,7.0,4218850.0,Đang hoạt động,0.301
C03578,57,Nam,Cần Thơ,52,2,0,76.0,3.0,3627400.0,Trung bình,0.386
C03579,65,Nam,Đà Nẵng,28,0,0,25.0,6.0,3712800.0,Đang hoạt động,0.209
C03580,27,Nam,TP HCM,32,1,0,41.0,7.0,5035900.0,Trung bình,0.248
C03581,52,Nam,Đà Nẵng,26,0,0,104.0,4.0,6221900.0,Trung bình,0.319
C03582,44,Nam,Hải Phòng,34,2,0,8.0,5.0,5154886.0,Đang hoạt động,0.395
C03583,52,Nam,TP HCM,36,2,1,18.0,5.0,3557650.0,Đang hoạt động,0.417
C03584,56,Nam,TP HCM,42,0,0,27.0,5.0,6326700.0,Đang hoạt động,0.197
C03585,18,Nam,TP HCM,32,1,1,26.0,5.0,10096985.0,Đang hoạt động,0.357
C03586,45,Nữ,Hà Nội,13,2,1,84.0,3.0,1338900.0,Trung bình,0.658
C03587,24,Nữ,Hà Nội,22,1,0,110.0,5.0,3295950.0,Trung bình,0.376
C03588,55,Nam,Hà Nội,10,2,1,163.0,5.0,3087500.0,Đã ngủ đông,0.572
C03589,60,Nữ,TP HCM,44,2,0,8.0,6.0,5786050.0,Đang hoạt động,0.312
C03590,42,Nam,TP HCM,23,2,1,3.0,8.0,12927850.0,Đang hoạt động,0.363
C03591,30,Nam,TP HCM,22,2,1,46.0,8.0,4381200.0,Trung bình,0.356
C03592,65,Nữ,Đà Nẵng,36,1,1,3.0,7.0,22895759.0,Đang hoạt động,0.236
C03593,58,Nam,Hà Nội,48,2,0,26.0,3.0,2351850.0,Đang hoạt động,0.399
C03594,69,Nữ,Đà Nẵng,32,1,1,25.0,4.0,3264050.0,Đang hoạt động,0.372
C03595,41,Nam,Đà Nẵng,40,0,1,136.0,4.0,6729960.0,Đã ngủ đông,0.239
C03596,45,Nữ,Hà Nội,25,0,0,172.0,3.0,3220300.0,Đã ngủ đông,0.357
C03597,18,Nam,Cần Thơ,47,1,1,8.0,6.0,6992150.0,Đang hoạt động,0.193
C03598,23,Nữ,TP HCM,20,3,1,100.0,4.0,4266100.0,Trung bình,0.708
C03599,49,Nam,Hải Phòng,53,0,0,62.0,6.0,6555800.0,Trung bình,0.106
C03600,41,Nữ,Hà Nội,57,1,0,142.0,3.0,2444200.0,Đã ngủ đông,0.25
C03601,23,Nữ,Hà Nội,2,0,0,22.0,5.0,3350350.0,Đang hoạt động,0.407
C03602,40,Nữ,Cần Thơ,50,2,1,24.0,2.0,1414200.0,Đang hoạt động,0.455
C03603,64,Nữ,Cần Thơ,31,2,0,125.0,6.0,5095200.0,Đã ngủ đông,0.373
C03604,52,Nam,Hà Nội,30,2,1,25.0,6.0,6783550.0,Đang hoạt động,0.37
C03605,32,Nữ,TP HCM,60,1,0,120.0,4.0,3014000.0,Trung bình,0.223
C03606,19,Nam,Hà Nội,49,2,0,14.0,12.0,13468050.0,Khách VIP,0.08
C03607,66,Nữ,Hải Phòng,51,1,0,45.0,5.0,2469950.0,Trung bình,0.194
C03608,46,Nam,Hà Nội,21,0,0,132.0,3.0,1895050.0,Đã ngủ đông,0.379
C03609,65,Nam,Hà Nội,16,1,1,12.0,4.0,1906600.0,Đang hoạt động,0.462
C03610,54,Nam,Hà Nội,32,0,0,36.0,6.0,3546200.0,Trung bình,0.177
C03611,57,Nữ,Hà Nội,55,0,0,108.0,5.0,3078700.0,Trung bình,0.121
C03612,21,Nam,Cần Thơ,14,0,1,91.0,3.0,2145000.0,Trung bình,0.444
C03613,54,Nam,Đà Nẵng,40,0,0,86.0,3.0,1182350.0,Trung bình,0.271
C03614,53,Nam,TP HCM,55,1,0,45.0,4.0,3836350.0,Trung bình,0.246
C03615,25,Nam,Hà Nội,44,0,0,151.0,4.0,2620750.0,Đã ngủ đông,0.198
C03616,35,Nam,Hà Nội,60,2,0,169.0,4.0,2273500.0,Đã ngủ đông,0.275
C03617,25,Nữ,TP HCM,7,0,0,78.0,3.0,1957800.0,Trung bình,0.528
C03618,41,Nam,TP HCM,23,1,1,34.0,4.0,10917000.0,Trung bình,0.478
C03619,33,Nam,Hà Nội,30,0,0,21.0,6.0,8051300.0,Đang hoạt động,0.194
C03620,30,Nam,Hà Nội,4,1,0,71.0,4.0,3077000.0,Trung bình,0.562
C03621,39,Nữ,Hải Phòng,60,4,1,6.0,2.0,1343400.0,Đang hoạt động,0.597
C03622,19,Nữ,Hải Phòng,58,1,1,107.0,4.0,19338266.0,Trung bình,0.231
C03623,31,Nữ,TP HCM,2,0,0,2.0,4.0,3402000.0,Đang hoạt động,0.506
C03624,27,Nam,Hải Phòng,30,0,0,45.0,7.0,6310950.0,Trung bình,0.159
C03625,29,Nữ,Hà Nội,19,0,0,186.0,3.0,1621900.0,Đã ngủ đông,0.399
C03626,28,Nữ,Hải Phòng,52,2,0,92.0,2.0,921600.0,Trung bình,0.434
C03627,38,Nam,TP HCM,2,1,1,13.0,9.0,9152900.0,Đang hoạt động,0.342
C03628,60,Nam,Hà Nội,8,2,1,30.0,3.0,1807100.0,Đang hoạt động,0.687
C03629,43,Nữ,Cần Thơ,48,3,1,23.0,10.0,12401000.0,Khách VIP,0.19
C03630,58,Nữ,Đà Nẵng,24,3,1,41.0,4.0,20179980.0,Trung bình,0.689
C03631,45,Nữ,TP HCM,14,1,1,27.0,5.0,3944250.0,Đang hoạt động,0.471
C03632,24,Nam,TP HCM,8,0,1,5.0,3.0,900000.0,Đang hoạt động,0.514
C03633,58,Nam,Cần Thơ,16,1,0,91.0,2.0,8511593.0,Trung bình,0.608
C03634,36,Nam,TP HCM,39,1,1,23.0,4.0,5945500.0,Đang hoạt động,0.352
C03635,36,Nữ,Hà Nội,1,0,0,25.0,5.0,4320850.0,Đang hoạt động,0.414
C03636,25,Nữ,Hải Phòng,20,2,0,112.0,3.0,3342750.0,Trung bình,0.619
C03637,63,Nữ,Hà Nội,23,0,1,4.0,7.0,5260050.0,Đang hoạt động,0.184
C03638,19,Nam,Hải Phòng,18,1,0,179.0,4.0,3250500.0,Đã ngủ đông,0.465
C03639,26,Nữ,Hải Phòng,23,1,1,999.0,0.0,0.0,Chưa mua,0.678
C03640,53,Nữ,Hải Phòng,8,0,1,272.0,1.0,185250.0,Đã ngủ đông,0.593
C03641,18,Nữ,TP HCM,42,0,0,80.0,8.0,4082100.0,Trung bình,0.11
C03642,32,Nam,Hà Nội,49,2,0,37.0,4.0,7324200.0,Trung bình,0.352
C03643,68,Nữ,Cần Thơ,53,1,0,196.0,3.0,5641800.0,Đã ngủ đông,0.285
C03644,47,Nữ,Hải Phòng,13,1,0,193.0,2.0,2931200.0,Đã ngủ đông,0.614
C03645,25,Nam,TP HCM,37,0,0,184.0,2.0,1423400.0,Đã ngủ đông,0.366
C03646,67,Nam,Hải Phòng,43,1,0,156.0,4.0,7411000.0,Đã ngủ đông,0.291
C03647,36,Nữ,Hải Phòng,58,0,1,86.0,2.0,1045150.0,Trung bình,0.203
C03648,27,Nữ,Hà Nội,30,1,0,4.0,6.0,6386950.0,Đang hoạt động,0.274
C03649,47,Nữ,TP HCM,41,0,0,13.0,7.0,6206050.0,Đang hoạt động,0.137
C03650,57,Nữ,TP HCM,49,0,0,56.0,3.0,1563350.0,Trung bình,0.235
C03651,53,Nam,TP HCM,30,1,0,53.0,7.0,12970236.0,Trung bình,0.27
C03652,26,Nam,Hải Phòng,49,2,1,12.0,7.0,9750000.0,Đang hoạt động,0.215
C03653,25,Nữ,Hà Nội,16,0,1,31.0,6.0,8152250.0,Trung bình,0.271
C03654,20,Nam,TP HCM,59,1,1,26.0,5.0,3650200.0,Đang hoạt động,0.189
C03655,70,Nam,TP HCM,48,2,0,169.0,5.0,734150.0,Đã ngủ đông,0.33
C03656,40,Nữ,Hà Nội,23,1,0,126.0,5.0,3371400.0,Đã ngủ đông,0.367
C03657,54,Nam,Hà Nội,41,0,0,42.0,6.0,10327000.0,Trung bình,0.149
C03658,23,Nữ,Đà Nẵng,9,4,1,117.0,5.0,5470200.0,Trung bình,0.797
C03659,66,Nam,Hà Nội,49,1,0,110.0,2.0,1870000.0,Trung bình,0.341
C03660,33,Nữ,Hải Phòng,22,2,0,6.0,5.0,5195800.0,Đang hoạt động,0.487
C03661,23,Nữ,Hà Nội,1,2,1,39.0,4.0,1775500.0,Trung bình,0.688
C03662,57,Nữ,Hà Nội,7,0,0,51.0,5.0,5038900.0,Trung bình,0.37
C03663,67,Nam,Hải Phòng,51,1,0,60.0,5.0,6064500.0,Trung bình,0.199
C03664,47,Nữ,Đà Nẵng,3,0,1,18.0,3.0,4764000.0,Đang hoạt động,0.538
C03665,53,Nam,Hà Nội,18,1,1,39.0,8.0,10680500.0,Trung bình,0.256
C03666,25,Nam,Đà Nẵng,17,0,1,17.0,6.0,5661000.0,Đang hoạt động,0.277
C03667,47,Nam,Cần Thơ,1,0,0,16.0,3.0,2972000.0,Đang hoạt động,0.535
C03668,39,Nữ,Hà Nội,3,0,0,42.0,7.0,8613300.0,Trung bình,0.302
C03669,56,Nữ,TP HCM,21,0,0,8.0,3.0,6044850.0,Đang hoạt động,0.425
C03670,24,Nữ,Hà Nội,57,3,1,29.0,4.0,2827000.0,Đang hoạt động,0.396
C03671,33,Nữ,Hà Nội,41,2,0,43.0,2.0,5235200.0,Trung bình,0.522
C03672,25,Nữ,Hà Nội,26,0,0,264.0,1.0,659000.0,Đã ngủ đông,0.464
C03673,37,Nữ,Hà Nội,56,2,0,73.0,1.0,849000.0,Trung bình,0.459
C03674,55,Nữ,Hải Phòng,13,1,0,17.0,1.0,970000.0,Đang hoạt động,0.658
C03675,54,Nữ,Hà Nội,23,1,0,77.0,6.0,7730000.0,Trung bình,0.319
C03676,42,Nam,Hà Nội,47,2,0,101.0,9.0,7173900.0,Trung bình,0.151
C03677,66,Nữ,Hải Phòng,46,1,0,5.0,4.0,2602800.0,Đang hoạt động,0.261
C03678,70,Nữ,Hà Nội,13,1,1,34.0,5.0,3006100.0,Trung bình,0.43
C03679,55,Nam,Đà Nẵng,3,2,1,63.0,5.0,2511800.0,Trung bình,0.639
C03680,67,Nữ,TP HCM,52,1,1,28.0,4.0,3964700.0,Đang hoạt động,0.262
C03681,53,Nam,Đà Nẵng,13,0,0,47.0,6.0,10518169.0,Trung bình,0.308
C03682,56,Nữ,Hải Phòng,27,0,1,28.0,10.0,17822435.0,Khách VIP,0.1
C03683,47,Nữ,Cần Thơ,21,0,0,37.0,3.0,3231850.0,Trung bình,0.39
C03684,37,Nữ,TP HCM,27,2,0,13.0,8.0,7157200.0,Đang hoạt động,0.327
C03685,43,Nữ,Cần Thơ,41,0,1,34.0,3.0,5158800.0,Trung bình,0.264
C03686,27,Nam,TP HCM,55,1,0,9.0,6.0,5154600.0,Đang hoạt động,0.173
C03687,33,Nữ,TP HCM,4,1,0,30.0,4.0,3421000.0,Đang hoạt động,0.604
C03688,39,Nam,TP HCM,44,0,0,2.0,7.0,9030200.0,Đang hoạt động,0.13
C03689,41,Nữ,Đà Nẵng,57,2,0,76.0,4.0,2483000.0,Trung bình,0.311
C03690,51,Nữ,Hải Phòng,4,3,1,94.0,3.0,4764200.0,Trung bình,0.805
C03691,70,Nữ,Hải Phòng,25,1,1,16.0,7.0,4326600.0,Đang hoạt động,0.249
C03692,29,Nữ,Hà Nội,60,1,0,117.0,4.0,2710700.0,Trung bình,0.195
C03693,31,Nữ,TP HCM,51,0,0,64.0,6.0,3723500.0,Trung bình,0.129
C03694,66,Nam,Đà Nẵng,11,1,1,26.0,9.0,7571000.0,Đang hoạt động,0.262
C03695,36,Nam,TP HCM,16,1,1,2.0,1.0,129000.0,Đang hoạt động,0.675
C03696,34,Nữ,TP HCM,45,2,0,97.0,4.0,1528200.0,Trung bình,0.412
C03697,19,Nữ,TP HCM,21,0,1,49.0,8.0,8797650.0,Trung bình,0.194
C03698,64,Nữ,Hà Nội,5,0,1,75.0,5.0,3066937.0,Trung bình,0.38
C03699,38,Nam,TP HCM,31,0,0,70.0,4.0,5301000.0,Trung bình,0.304
C03700,57,Nam,Hải Phòng,48,4,1,107.0,1.0,5575000.0,Trung bình,0.736
C03701,50,Nam,TP HCM,54,2,0,47.0,5.0,5013700.0,Trung bình,0.298
C03702,21,Nam,Cần Thơ,46,1,0,84.0,5.0,5780000.0,Trung bình,0.237
C03703,25,Nữ,TP HCM,12,1,0,9.0,6.0,4106200.0,Đang hoạt động,0.431
C03704,47,Nữ,TP HCM,58,0,1,18.0,7.0,5218950.0,Đang hoạt động,0.086
C03705,58,Nữ,TP HCM,12,0,1,14.0,6.0,6527200.0,Đang hoạt động,0.324
C03706,65,Nam,Hà Nội,17,1,0,45.0,6.0,8221350.0,Trung bình,0.356
C03707,56,Nam,Hà Nội,59,3,0,29.0,5.0,4692700.0,Đang hoạt động,0.325
C03708,19,Nữ,TP HCM,24,0,0,999.0,0.0,0.0,Chưa mua,0.606
C03709,42,Nam,TP HCM,51,2,0,224.0,3.0,834100.0,Đã ngủ đông,0.426
C03710,70,Nữ,TP HCM,52,0,0,84.0,5.0,7610550.0,Trung bình,0.156
C03711,57,Nam,Hà Nội,40,3,1,81.0,2.0,745000.0,Trung bình,0.627
C03712,56,Nam,Hà Nội,2,1,1,44.0,6.0,5047650.0,Trung bình,0.459
C03713,56,Nam,Hà Nội,45,4,0,284.0,1.0,678300.0,Đã ngủ đông,0.749
C03714,45,Nam,TP HCM,37,1,0,105.0,6.0,4799301.0,Trung bình,0.263
C03715,55,Nam,TP HCM,51,1,0,48.0,5.0,3083900.0,Trung bình,0.224
C03716,58,Nam,TP HCM,13,1,1,24.0,6.0,4384300.0,Đang hoạt động,0.418
C03717,31,Nữ,TP HCM,20,2,1,69.0,3.0,3554600.0,Trung bình,0.656
C03718,44,Nữ,Hải Phòng,9,2,1,2.0,2.0,640900.0,Đang hoạt động,0.73
C03719,47,Nam,TP HCM,45,1,0,60.0,5.0,5080300.0,Trung bình,0.262
C03720,45,Nam,Hà Nội,21,3,1,71.0,6.0,4597400.0,Trung bình,0.547
C03721,43,Nam,Hà Nội,18,4,0,123.0,1.0,393550.0,Đã ngủ đông,0.868
C03722,41,Nam,TP HCM,18,0,0,58.0,4.0,1331850.0,Trung bình,0.382
C03723,64,Nữ,Hà Nội,54,2,1,180.0,1.0,850250.0,Đã ngủ đông,0.474
C03724,43,Nam,Đà Nẵng,58,1,0,202.0,2.0,916400.0,Đã ngủ đông,0.307
C03725,31,Nữ,Hà Nội,56,1,0,18.0,5.0,5493000.0,Đang hoạt động,0.178
C03726,70,Nam,Hà Nội,24,1,0,29.0,7.0,4961100.0,Đang hoạt động,0.255
C03727,69,Nữ,Hải Phòng,23,1,1,90.0,5.0,3216200.0,Trung bình,0.361
C03728,57,Nữ,Đà Nẵng,39,2,0,9.0,4.0,1528500.0,Đang hoạt động,0.429
C03729,58,Nữ,Hà Nội,18,2,1,999.0,0.0,0.0,Chưa mua,0.791
C03730,46,Nữ,Đà Nẵng,5,1,0,68.0,4.0,3803050.0,Trung bình,0.578
C03731,57,Nam,Đà Nẵng,47,4,0,19.0,7.0,2774200.0,Đang hoạt động,0.423
C03732,67,Nữ,TP HCM,59,3,0,75.0,7.0,6064200.0,Trung bình,0.267
C03733,42,Nữ,TP HCM,54,2,0,8.0,5.0,3726600.0,Đang hoạt động,0.297
C03734,53,Nam,Hà Nội,23,0,1,119.0,2.0,1523700.0,Trung bình,0.419
C03735,46,Nam,Hà Nội,32,3,1,25.0,4.0,3623200.0,Đang hoạt động,0.578
C03736,40,Nam,Hà Nội,8,1,1,94.0,3.0,3030500.0,Trung bình,0.59
C03737,70,Nữ,Hà Nội,9,0,0,120.0,3.0,4911000.0,Trung bình,0.47
C03738,59,Nam,TP HCM,41,1,0,2.0,6.0,8086000.0,Đang hoạt động,0.242
C03739,53,Nữ,TP HCM,15,2,0,11.0,7.0,14042750.0,Đang hoạt động,0.481
C03740,29,Nam,Đà Nẵng,34,1,1,241.0,2.0,1049750.0,Đã ngủ đông,0.481
C03741,61,Nam,TP HCM,3,2,0,12.0,8.0,28028533.0,Đang hoạt động,0.541
C03742,53,Nữ,Hà Nội,25,1,1,202.0,3.0,2431400.0,Đã ngủ đông,0.465
C03743,57,Nam,Cần Thơ,15,1,1,9.0,4.0,5206200.0,Đang hoạt động,0.489
C03744,19,Nữ,Đà Nẵng,11,1,1,107.0,2.0,1455000.0,Trung bình,0.648
C03745,48,Nam,Hà Nội,31,1,0,35.0,5.0,1284150.0,Trung bình,0.304
C03746,37,Nữ,Đà Nẵng,40,3,1,10.0,4.0,4949600.0,Đang hoạt động,0.547
C03747,25,Nam,Đà Nẵng,54,0,0,10.0,4.0,1750400.0,Đang hoạt động,0.163
C03748,51,Nam,TP HCM,1,1,0,24.0,7.0,8078300.0,Đang hoạt động,0.457
C03749,25,Nam,TP HCM,40,1,0,1.0,8.0,3793300.0,Đang hoạt động,0.168
C03750,24,Nữ,TP HCM,7,0,0,16.0,5.0,5041950.0,Đang hoạt động,0.416
C03751,53,Nữ,Hà Nội,30,0,0,254.0,2.0,1186300.0,Đã ngủ đông,0.374
C03752,26,Nữ,Hà Nội,57,0,0,128.0,4.0,2175800.0,Đã ngủ đông,0.143
C03753,18,Nữ,Hà Nội,58,2,0,2.0,5.0,2892150.0,Đang hoạt động,0.241
C03754,48,Nam,Cần Thơ,2,2,0,20.0,6.0,2888400.0,Đang hoạt động,0.579
C03755,31,Nữ,Cần Thơ,13,1,0,1.0,6.0,7350000.0,Đang hoạt động,0.398
C03756,60,Nữ,Hà Nội,60,1,0,2.0,5.0,3778550.0,Đang hoạt động,0.157
C03757,54,Nữ,TP HCM,27,2,0,56.0,6.0,3069600.0,Trung bình,0.427
C03758,48,Nam,Cần Thơ,45,0,0,47.0,7.0,5077950.0,Trung bình,0.109
C03759,26,Nữ,TP HCM,56,0,0,89.0,7.0,5324165.0,Trung bình,0.094
C03760,45,Nam,Cần Thơ,19,0,0,75.0,3.0,4621100.0,Trung bình,0.408
C03761,66,Nữ,TP HCM,56,2,0,33.0,7.0,15897582.0,Trung bình,0.215
C03762,53,Nữ,Cần Thơ,9,2,1,13.0,11.0,11168300.0,Khách VIP,0.27
C03763,21,Nữ,Hà Nội,4,0,0,130.0,4.0,1029300.0,Đã ngủ đông,0.449
C03764,40,Nam,Hải Phòng,28,0,1,25.0,3.0,2797000.0,Đang hoạt động,0.331
C03765,61,Nữ,Hà Nội,20,4,1,104.0,11.0,7589150.0,Trung bình,0.383
C03766,64,Nữ,Hà Nội,15,0,1,73.0,6.0,6778800.0,Trung bình,0.27
C03767,70,Nữ,TP HCM,10,5,1,99.0,7.0,11055775.0,Trung bình,0.806
C03768,39,Nữ,TP HCM,15,1,0,8.0,6.0,5559900.0,Đang hoạt động,0.41
C03769,55,Nữ,Cần Thơ,7,0,0,7.0,5.0,9271150.0,Đang hoạt động,0.388
C03770,21,Nữ,Cần Thơ,15,3,1,76.0,3.0,4225000.0,Trung bình,0.757
C03771,53,Nam,TP HCM,38,2,0,103.0,4.0,2285000.0,Trung bình,0.461
C03772,69,Nữ,TP HCM,49,1,1,149.0,4.0,18118734.008405194,Đã ngủ đông,0.31
C03773,67,Nữ,TP HCM,11,0,0,10.0,9.0,12912700.0,Đang hoạt động,0.204
C03774,40,Nam,Cần Thơ,42,3,1,171.0,3.0,1150250.0,Đã ngủ đông,0.574
C03775,39,Nam,TP HCM,59,1,0,11.0,6.0,5244650.0,Đang hoạt động,0.155
C03776,32,Nam,Hà Nội,49,1,0,226.0,1.0,160000.0,Đã ngủ đông,0.402
C03777,38,Nữ,Cần Thơ,22,2,0,176.0,4.0,2763300.0,Đã ngủ đông,0.556
C03778,32,Nữ,TP HCM,37,2,1,242.0,1.0,118150.0,Đã ngủ đông,0.646
C03779,69,Nam,Hải Phòng,32,3,1,124.0,3.0,2307800.0,Đã ngủ đông,0.632
C03780,57,Nam,Hải Phòng,38,2,1,13.0,4.0,2401600.0,Đang hoạt động,0.415
C03781,37,Nữ,Đà Nẵng,18,0,1,45.0,4.0,5048400.0,Trung bình,0.373
C03782,70,Nam,Cần Thơ,5,4,1,9.0,1.0,897600.0,Đang hoạt động,0.908
C03783,51,Nữ,Hà Nội,31,0,0,47.0,2.0,1295300.0,Trung bình,0.36
C03784,40,Nữ,TP HCM,15,1,0,49.0,6.0,7191300.0,Trung bình,0.414
C03785,33,Nam,Hải Phòng,10,2,1,162.0,1.0,365400.0,Đã ngủ đông,0.773
C03786,40,Nam,Hà Nội,54,4,0,201.0,3.0,1922900.0,Đã ngủ đông,0.59
C03787,69,Nữ,Hà Nội,31,1,0,34.0,4.0,2208650.0,Trung bình,0.356
C03788,52,Nữ,Cần Thơ,2,3,1,69.0,3.0,3507000.0,Trung bình,0.818
C03789,66,Nam,TP HCM,13,2,1,13.0,6.0,5589000.0,Đang hoạt động,0.532
C03790,57,Nữ,Cần Thơ,57,0,0,92.0,2.0,1689000.0,Trung bình,0.213
C03791,60,Nam,TP HCM,46,0,0,19.0,8.0,5627250.0,Đang hoạt động,0.096
C03792,41,Nam,TP HCM,30,1,1,143.0,4.0,4294200.0,Đã ngủ đông,0.415
C03793,51,Nam,Hà Nội,43,4,1,13.0,10.0,11874684.231698265,Khách VIP,0.288
C03794,59,Nam,Hà Nội,2,1,1,90.0,4.0,5126400.0,Trung bình,0.577
C03795,65,Nữ,TP HCM,40,3,0,47.0,4.0,5109850.0,Trung bình,0.563
C03796,68,Nữ,Hà Nội,21,1,0,29.0,8.0,8673550.0,Đang hoạt động,0.235
C03797,61,Nữ,TP HCM,13,2,0,213.0,4.0,1535900.0,Đã ngủ đông,0.646
C03798,59,Nữ,Hà Nội,3,1,1,65.0,4.0,7280300.0,Trung bình,0.575
C03799,48,Nam,TP HCM,9,0,0,174.0,6.0,6324850.0,Đã ngủ đông,0.349
C03800,23,Nữ,Hải Phòng,20,2,0,70.0,7.0,6693500.0,Trung bình,0.393
C03801,41,Nữ,Đà Nẵng,8,2,1,19.0,3.0,2768400.0,Đang hoạt động,0.712
C03802,31,Nam,Cần Thơ,33,2,1,107.0,5.0,6578600.0,Trung bình,0.421
C03803,66,Nữ,Cần Thơ,30,0,0,5.0,5.0,4116600.0,Đang hoạt động,0.232
C03804,48,Nữ,Hải Phòng,8,2,0,50.0,5.0,5551400.0,Trung bình,0.591
C03805,41,Nam,Đà Nẵng,40,1,0,181.0,3.0,4279000.0,Đã ngủ đông,0.382
C03806,41,Nữ,Cần Thơ,40,0,0,48.0,6.0,4719700.0,Trung bình,0.154
C03807,38,Nam,Đà Nẵng,36,1,0,16.0,2.0,6989515.0,Đang hoạt động,0.469
C03808,51,Nữ,TP HCM,43,0,0,59.0,6.0,7054800.0,Trung bình,0.161
C03809,21,Nam,Hà Nội,50,2,0,98.0,6.0,10880550.0,Trung bình,0.257
C03810,42,Nữ,Hà Nội,35,1,1,42.0,4.0,1283200.0,Trung bình,0.331
C03811,64,Nữ,TP HCM,34,1,0,103.0,3.0,13946447.0,Trung bình,0.461
C03812,61,Nữ,Cần Thơ,1,3,1,7.0,5.0,6336750.0,Đang hoạt động,0.744
C03813,29,Nữ,TP HCM,12,3,0,53.0,11.0,6690200.0,Trung bình,0.374
C03814,56,Nam,Hà Nội,40,0,0,143.0,2.0,4125000.0,Đã ngủ đông,0.307
C03815,62,Nữ,TP HCM,44,1,0,10.0,5.0,2353800.0,Đang hoạt động,0.26
C03816,25,Nữ,Hà Nội,37,1,0,28.0,6.0,4256050.0,Đang hoạt động,0.232
C03817,41,Nam,Đà Nẵng,37,1,0,107.0,2.0,683000.0,Trung bình,0.45
C03818,54,Nữ,TP HCM,20,0,0,5.0,3.0,4823800.0,Đang hoạt động,0.43
C03819,30,Nam,Hà Nội,54,0,0,999.0,0.0,0.0,Chưa mua,0.342
C03820,59,Nữ,Đà Nẵng,44,1,0,65.0,4.0,2948850.0,Trung bình,0.294
C03821,50,Nam,Hà Nội,31,0,0,52.0,3.0,1756300.0,Trung bình,0.308
C03822,30,Nam,Đà Nẵng,6,1,0,3.0,7.0,6486100.0,Đang hoạt động,0.4
C03823,37,Nam,TP HCM,19,0,1,19.0,6.0,4232400.0,Đang hoạt động,0.277
C03824,26,Nam,Hà Nội,32,0,1,18.0,3.0,4461350.0,Đang hoạt động,0.309
C03825,26,Nữ,TP HCM,30,0,0,63.0,6.0,8767000.0,Trung bình,0.227
C03826,19,Nam,Hà Nội,48,2,0,124.0,3.0,988600.0,Đã ngủ đông,0.406
C03827,70,Nam,Cần Thơ,4,0,1,23.0,6.0,4847800.0,Đang hoạt động,0.342
C03828,66,Nữ,Hà Nội,18,0,1,33.0,5.0,5273100.0,Trung bình,0.296
C03829,49,Nữ,Hải Phòng,56,0,0,39.0,2.0,1575350.0,Trung bình,0.211
C03830,35,Nam,Cần Thơ,3,1,0,54.0,2.0,916700.0,Trung bình,0.684
C03831,44,Nam,TP HCM,11,2,0,110.0,1.0,199000.0,Trung bình,0.794
C03832,41,Nam,Hải Phòng,60,1,0,42.0,3.0,2432000.0,Trung bình,0.23
C03833,69,Nữ,Đà Nẵng,23,1,1,209.0,2.0,2710100.0,Đã ngủ đông,0.56
C03834,59,Nữ,TP HCM,4,0,0,25.0,5.0,4026400.0,Đang hoạt động,0.43
C03835,43,Nam,TP HCM,26,1,1,74.0,8.0,5139400.0,Trung bình,0.237
C03836,44,Nữ,TP HCM,53,0,0,25.0,7.0,3269250.0,Đang hoạt động,0.098
C03837,43,Nữ,Hà Nội,54,1,0,23.0,10.0,3977900.0,Khách VIP,0.065
C03838,55,Nam,Cần Thơ,8,1,1,194.0,2.0,4219200.0,Đã ngủ đông,0.659
C03839,34,Nữ,TP HCM,16,4,1,25.0,7.0,4780200.0,Đang hoạt động,0.677
C03840,57,Nam,Cần Thơ,35,0,0,175.0,3.0,1464700.0,Đã ngủ đông,0.294
C03841,50,Nam,TP HCM,16,0,0,227.0,1.0,170000.0,Đã ngủ đông,0.574
C03842,29,Nữ,Đà Nẵng,20,2,0,147.0,6.0,5603750.0,Đã ngủ đông,0.472
C03843,43,Nữ,Hà Nội,49,2,1,19.0,1.0,2386000.0,Đang hoạt động,0.512
C03844,25,Nữ,TP HCM,47,2,0,237.0,1.0,380000.0,Đã ngủ đông,0.576
C03845,18,Nam,Cần Thơ,30,1,1,66.0,3.0,3890800.0,Trung bình,0.442
C03846,19,Nữ,TP HCM,42,0,1,55.0,4.0,3467350.0,Trung bình,0.239
C03847,54,Nam,Đà Nẵng,24,3,1,58.0,5.0,6238600.0,Trung bình,0.607
C03848,48,Nữ,Hải Phòng,49,1,1,90.0,2.0,5088000.0,Trung bình,0.352
C03849,43,Nữ,Hà Nội,55,2,0,103.0,3.0,3708200.0,Trung bình,0.359
C03850,40,Nam,Hải Phòng,53,2,1,146.0,4.0,2955400.0,Đã ngủ đông,0.319
C03851,34,Nữ,Hà Nội,7,0,0,150.0,3.0,4903000.0,Đã ngủ đông,0.493
C03852,31,Nam,TP HCM,36,1,0,26.0,5.0,7157200.0,Đang hoạt động,0.322
C03853,57,Nữ,TP HCM,58,3,1,53.0,6.0,8026800.0,Trung bình,0.326
C03854,49,Nữ,Hà Nội,20,1,1,168.0,3.0,5470000.0,Đã ngủ đông,0.509
C03855,60,Nữ,TP HCM,18,1,0,54.0,3.0,3247800.0,Trung bình,0.556
C03856,69,Nam,Hải Phòng,25,2,1,114.0,2.0,1774900.0,Trung bình,0.627
C03857,28,Nam,TP HCM,7,0,1,42.0,3.0,2923500.0,Trung bình,0.527
C03858,18,Nam,Cần Thơ,10,1,0,116.0,3.0,3107000.0,Trung bình,0.59
C03859,19,Nữ,Hải Phòng,1,2,1,10.0,5.0,3407300.0,Đang hoạt động,0.639
C03860,60,Nam,TP HCM,22,2,0,58.0,4.0,3210950.0,Trung bình,0.579
C03861,43,Nam,TP HCM,14,1,0,32.0,3.0,4402400.0,Trung bình,0.588
C03862,55,Nữ,Đà Nẵng,14,1,1,8.0,7.0,5994250.0,Đang hoạt động,0.341
C03863,69,Nữ,Cần Thơ,54,1,0,8.0,6.0,3619300.0,Đang hoạt động,0.154
C03864,57,Nữ,Hà Nội,48,0,0,49.0,6.0,6666100.0,Trung bình,0.121
C03865,44,Nữ,Hải Phòng,20,2,1,93.0,5.0,3696200.0,Trung bình,0.5
C03866,27,Nam,TP HCM,2,1,0,18.0,7.0,5770700.0,Đang hoạt động,0.449
C03867,35,Nữ,TP HCM,56,0,0,1.0,3.0,2072550.0,Đang hoạt động,0.202
C03868,65,Nam,TP HCM,15,1,1,50.0,4.0,1699750.0,Trung bình,0.513
C03869,43,Nữ,Đà Nẵng,16,1,1,2.0,6.0,6898400.0,Đang hoạt động,0.385
C03870,53,Nam,Cần Thơ,4,1,1,139.0,4.0,5451000.0,Đã ngủ đông,0.577
C03871,48,Nữ,TP HCM,22,2,0,3.0,11.0,9325950.0,Khách VIP,0.219
C03872,70,Nam,Đà Nẵng,14,2,0,14.0,8.0,2883800.0,Đang hoạt động,0.382
C03873,55,Nam,Hà Nội,27,0,0,93.0,3.0,3378650.0,Trung bình,0.338
C03874,39,Nữ,Hà Nội,45,2,0,261.0,3.0,6157500.0,Đã ngủ đông,0.443
C03875,67,Nữ,Hà Nội,4,1,1,120.0,2.0,1152100.0,Trung bình,0.667
C03876,26,Nam,Hà Nội,39,1,1,15.0,2.0,1988100.0,Đang hoạt động,0.415
C03877,50,Nữ,Hà Nội,13,1,0,96.0,5.0,4113600.0,Trung bình,0.438
C03878,70,Nam,Hà Nội,50,1,0,65.0,5.0,8237200.0,Trung bình,0.206
C03879,39,Nam,Hà Nội,58,0,0,12.0,7.0,5284400.0,Đang hoạt động,0.074
C03880,62,Nữ,Hà Nội,46,1,1,66.0,5.0,6547300.0,Trung bình,0.226
C03881,27,Nam,Đà Nẵng,19,1,0,188.0,5.0,2358600.0,Đã ngủ đông,0.418
C03882,32,Nam,Đà Nẵng,36,1,1,4.0,4.0,2330050.0,Đang hoạt động,0.346
C03883,68,Nữ,TP HCM,58,1,0,62.0,4.0,702500.0,Trung bình,0.224
C03884,26,Nam,Hà Nội,48,0,0,1.0,6.0,6592800.0,Đang hoạt động,0.122
C03885,59,Nữ,Hà Nội,54,0,1,91.0,4.0,1717900.0,Trung bình,0.15
C03886,45,Nam,TP HCM,50,3,0,21.0,7.0,4961100.0,Đang hoạt động,0.321
C03887,68,Nam,TP HCM,56,0,0,27.0,5.0,4986300.0,Đang hoạt động,0.136
C03888,64,Nam,Hà Nội,53,0,1,59.0,3.0,7303000.0,Trung bình,0.193
C03889,40,Nam,Hải Phòng,22,1,0,52.0,5.0,8777400.0,Trung bình,0.382
C03890,28,Nam,TP HCM,47,0,0,127.0,3.0,3756900.0,Đã ngủ đông,0.255
C03891,37,Nam,Hải Phòng,42,1,0,115.0,4.0,3632850.0,Trung bình,0.293
C03892,65,Nam,Hà Nội,14,1,0,12.0,6.0,7282150.0,Đang hoạt động,0.374
C03893,48,Nữ,Cần Thơ,51,2,1,48.0,5.0,5720350.0,Trung bình,0.293
C03894,46,Nữ,TP HCM,60,1,1,226.0,2.0,2609400.0,Đã ngủ đông,0.316
C03895,45,Nữ,Đà Nẵng,23,2,0,207.0,4.0,2836600.0,Đã ngủ đông,0.561
C03896,23,Nam,Hà Nội,59,0,0,104.0,2.0,5658700.0,Trung bình,0.205
C03897,40,Nữ,Hà Nội,30,1,0,8.0,5.0,4430900.0,Đang hoạt động,0.318
C03898,44,Nam,Hải Phòng,24,2,0,46.0,4.0,3900000.0,Trung bình,0.526
C03899,49,Nữ,Hải Phòng,23,3,1,6.0,4.0,4332000.0,Đang hoạt động,0.644
C03900,52,Nữ,TP HCM,6,1,1,6.0,4.0,3601000.0,Đang hoạt động,0.586
C03901,18,Nam,TP HCM,49,1,1,104.0,4.0,17481789.0,Trung bình,0.314
C03902,46,Nam,TP HCM,27,0,0,3.0,6.0,8027300.0,Đang hoạt động,0.236
C03903,62,Nữ,Đà Nẵng,52,2,0,15.0,6.0,4824500.0,Đang hoạt động,0.246
C03904,35,Nam,Cần Thơ,36,2,0,33.0,7.0,4520250.0,Trung bình,0.287
C03905,51,Nữ,TP HCM,18,1,0,16.0,9.0,6687450.0,Đang hoạt động,0.239
C03906,41,Nữ,Hải Phòng,6,1,1,119.0,3.0,1587500.0,Trung bình,0.604
C03907,22,Nữ,TP HCM,22,0,1,47.0,4.0,4052000.0,Trung bình,0.364
C03908,33,Nam,Hải Phòng,18,0,1,95.0,2.0,906150.0,Trung bình,0.457
C03909,62,Nữ,TP HCM,56,1,1,144.0,4.0,2777000.0,Đã ngủ đông,0.241
C03910,50,Nam,TP HCM,17,1,1,12.0,3.0,1888050.0,Đang hoạt động,0.559
C03911,67,Nữ,TP HCM,4,1,1,92.0,6.0,5451200.0,Trung bình,0.489
C03912,38,Nữ,Cần Thơ,60,3,0,53.0,5.0,3220150.0,Trung bình,0.33
C03913,47,Nữ,Cần Thơ,43,1,0,17.0,10.0,5605850.0,Khách VIP,0.093
C03914,23,Nam,TP HCM,35,2,0,93.0,9.0,5954650.0,Trung bình,0.232
C03915,57,Nữ,TP HCM,46,1,1,47.0,5.0,4403800.0,Trung bình,0.254
C03916,61,Nam,Hà Nội,5,0,1,184.0,2.0,564300.0,Đã ngủ đông,0.552
C03917,65,Nam,Cần Thơ,18,1,1,2.0,5.0,2088850.0,Đang hoạt động,0.4
C03918,45,Nữ,TP HCM,55,1,0,24.0,6.0,7573100.0,Đang hoạt động,0.175
C03919,49,Nam,Cần Thơ,17,0,0,11.0,6.0,14197650.0,Đang hoạt động,0.28
C03920,24,Nữ,Đà Nẵng,7,0,1,181.0,2.0,675000.0,Đã ngủ đông,0.567
C03921,53,Nam,Cần Thơ,37,0,0,189.0,5.0,3206750.0,Đã ngủ đông,0.2
C03922,54,Nữ,TP HCM,16,2,0,70.0,6.0,4492900.0,Trung bình,0.513
C03923,52,Nữ,Hà Nội,4,2,0,5.0,6.0,5056800.0,Đang hoạt động,0.559
C03924,63,Nam,TP HCM,46,0,0,4.0,4.0,1724500.0,Đang hoạt động,0.208
C03925,66,Nữ,Hà Nội,22,1,1,93.0,3.0,2204000.0,Trung bình,0.481
C03926,30,Nam,TP HCM,40,1,0,12.0,5.0,10509700.0,Đang hoạt động,0.303
C03927,32,Nữ,TP HCM,54,1,0,8.0,7.0,7621000.0,Đang hoạt động,0.148
C03928,58,Nữ,Đà Nẵng,52,1,1,64.0,2.0,368000.0,Trung bình,0.34
C03929,46,Nam,Hà Nội,34,1,0,20.0,5.0,2584100.0,Đang hoạt động,0.287
C03930,62,Nam,TP HCM,1,1,0,48.0,8.0,7627250.0,Trung bình,0.398
C03931,62,Nam,TP HCM,52,0,0,93.0,2.0,1092100.0,Trung bình,0.261
C03932,58,Nam,Cần Thơ,20,0,1,31.0,8.0,14717250.0,Trung bình,0.181
C03933,21,Nữ,TP HCM,13,1,1,215.0,3.0,2660150.0,Đã ngủ đông,0.603
C03934,48,Nữ,Hà Nội,3,0,1,41.0,3.0,1478900.0,Trung bình,0.508
C03935,67,Nam,Hà Nội,24,1,0,105.0,6.0,6582700.0,Trung bình,0.308
C03936,20,Nữ,Hà Nội,29,0,0,67.0,6.0,5466450.0,Trung bình,0.199
C03937,58,Nam,TP HCM,23,0,0,3.0,9.0,6017250.0,Đang hoạt động,0.143
C03938,52,Nam,Hải Phòng,6,2,1,19.0,3.0,5242161.0,Đang hoạt động,0.708
C03939,27,Nam,TP HCM,43,5,0,25.0,9.0,6137850.0,Đang hoạt động,0.482
C03940,51,Nữ,TP HCM,9,1,1,5.0,2.0,2403000.0,Đang hoạt động,0.673
C03941,29,Nam,Hà Nội,47,2,1,112.0,3.0,2180000.0,Trung bình,0.414
C03942,40,Nam,Cần Thơ,23,1,0,23.0,6.0,11372500.0,Đang hoạt động,0.335
C03943,45,Nam,TP HCM,1,0,1,117.0,4.0,13101088.0,Trung bình,0.536
C03944,44,Nam,Đà Nẵng,48,0,0,16.0,5.0,2028800.0,Đang hoạt động,0.155
C03945,27,Nữ,Hà Nội,50,1,0,15.0,5.0,8516769.0,Đang hoạt động,0.211
C03946,45,Nữ,Đà Nẵng,16,4,0,150.0,4.0,2802450.0,Đã ngủ đông,0.796
C03947,31,Nữ,Hà Nội,2,1,0,92.0,7.0,6993450.0,Trung bình,0.413
C03948,26,Nữ,Cần Thơ,58,1,0,26.0,7.0,7412300.0,Đang hoạt động,0.12
C03949,30,Nam,TP HCM,7,1,1,8.0,5.0,3861200.0,Đang hoạt động,0.524
C03950,66,Nam,Hà Nội,11,1,0,24.0,6.0,3987650.0,Đang hoạt động,0.388
C03951,69,Nam,TP HCM,5,1,0,2.0,6.0,7144200.0,Đang hoạt động,0.48
C03952,59,Nam,Hà Nội,22,0,0,204.0,3.0,1072200.0,Đã ngủ đông,0.371
C03953,52,Nam,TP HCM,47,1,0,73.0,8.0,5474700.0,Trung bình,0.141
C03954,54,Nam,Đà Nẵng,14,0,0,11.0,7.0,9504250.0,Đang hoạt động,0.252
C03955,26,Nam,Hà Nội,27,0,0,260.0,2.0,1358000.0,Đã ngủ đông,0.399
C03956,57,Nam,Hà Nội,38,3,1,147.0,2.0,679000.0,Đã ngủ đông,0.643
C03957,22,Nữ,Đà Nẵng,55,0,1,13.0,3.0,3911600.0,Đang hoạt động,0.198
C03958,69,Nữ,Hà Nội,46,1,1,1.0,6.0,8598450.0,Đang hoạt động,0.188
C03959,43,Nữ,TP HCM,28,0,1,67.0,4.0,7426400.0,Trung bình,0.328
C03960,49,Nữ,Hà Nội,60,2,0,12.0,6.0,3755550.0,Đang hoạt động,0.189
C03961,58,Nam,Đà Nẵng,26,0,0,64.0,4.0,5971000.0,Trung bình,0.317
C03962,53,Nam,TP HCM,54,0,0,119.0,4.0,2412600.0,Trung bình,0.175
C03963,24,Nữ,Cần Thơ,36,2,0,103.0,6.0,6387350.0,Trung bình,0.346
C03964,66,Nữ,Cần Thơ,3,0,0,49.0,3.0,1182800.0,Trung bình,0.516
C03965,25,Nam,Hà Nội,43,2,1,11.0,7.0,11552250.0,Đang hoạt động,0.25
C03966,69,Nữ,TP HCM,21,1,1,142.0,3.0,2732500.0,Đã ngủ đông,0.534
C03967,67,Nam,TP HCM,22,2,1,76.0,4.0,2119950.0,Trung bình,0.576
C03968,24,Nam,Hà Nội,3,3,1,237.0,2.0,2756106.0,Đã ngủ đông,0.845
C03969,40,Nam,TP HCM,36,0,0,31.0,6.0,4801200.0,Trung bình,0.188
C03970,52,Nữ,Hà Nội,1,3,1,999.0,0.0,0.0,Chưa mua,0.909
C03971,43,Nam,Đà Nẵng,23,1,0,5.0,6.0,4062100.0,Đang hoạt động,0.33
C03972,58,Nữ,Hà Nội,11,1,1,20.0,3.0,2140300.0,Đang hoạt động,0.561
C03973,65,Nữ,TP HCM,50,5,1,10.0,3.0,3772600.0,Đang hoạt động,0.748
C03974,21,Nữ,TP HCM,6,2,1,31.0,7.0,8462850.0,Trung bình,0.542
C03975,32,Nữ,TP HCM,40,0,0,59.0,2.0,1628000.0,Trung bình,0.342
C03976,45,Nữ,Hà Nội,36,2,0,159.0,3.0,5504950.0,Đã ngủ đông,0.504
C03977,66,Nam,Hải Phòng,21,0,0,31.0,6.0,6264800.0,Trung bình,0.234
C03978,19,Nữ,Hà Nội,55,1,0,157.0,2.0,3727400.0,Đã ngủ đông,0.315
C03979,58,Nữ,Đà Nẵng,13,0,0,89.0,2.0,903650.0,Trung bình,0.514
C03980,66,Nữ,Hải Phòng,36,0,1,7.0,1.0,203000.0,Đang hoạt động,0.375
C03981,35,Nam,TP HCM,19,0,0,104.0,6.0,8415250.0,Trung bình,0.288
C03982,60,Nữ,Đà Nẵng,42,1,0,35.0,7.0,8980150.0,Trung bình,0.187
C03983,59,Nữ,Đà Nẵng,19,3,0,51.0,5.0,3144800.0,Trung bình,0.635
C03984,63,Nam,Hà Nội,16,0,0,32.0,2.0,3804000.0,Trung bình,0.471
C03985,67,Nam,Đà Nẵng,53,1,0,13.0,5.0,1348400.0,Đang hoạt động,0.196
C03986,62,Nam,TP HCM,7,2,0,84.0,10.0,12094600.0,Trung bình,0.363
C03987,65,Nam,Hải Phòng,18,1,0,20.0,3.0,4862500.0,Đang hoạt động,0.513
C03988,20,Nam,Hải Phòng,7,1,1,106.0,5.0,2953300.0,Trung bình,0.485
C03989,54,Nữ,TP HCM,43,1,1,31.0,4.0,1734900.0,Trung bình,0.315
C03990,49,Nữ,Hải Phòng,50,0,0,75.0,4.0,5683600.0,Trung bình,0.172
C03991,60,Nữ,Hà Nội,32,0,0,36.0,8.0,7066300.0,Trung bình,0.122
C03992,61,Nữ,Hà Nội,20,1,0,12.0,7.0,5000700.0,Đang hoạt động,0.28
C03993,68,Nam,Hà Nội,23,3,0,234.0,3.0,2509000.0,Đã ngủ đông,0.695
C03994,18,Nam,Đà Nẵng,8,0,0,72.0,8.0,6498400.0,Trung bình,0.242
C03995,30,Nam,Cần Thơ,45,2,1,124.0,4.0,6044750.0,Đã ngủ đông,0.391
C03996,42,Nam,Hà Nội,55,0,0,26.0,3.0,2414450.0,Đang hoạt động,0.179
C03997,39,Nữ,Hải Phòng,35,1,1,138.0,2.0,4696000.0,Đã ngủ đông,0.455
C03998,31,Nữ,Đà Nẵng,13,0,0,53.0,8.0,10383900.0,Trung bình,0.221
C03999,20,Nữ,Hà Nội,6,3,1,132.0,2.0,924400.0,Đã ngủ đông,0.829
C04000,30,Nữ,Hà Nội,19,1,0,24.0,7.0,7488800.0,Đang hoạt động,0.296
C04001,66,Nam,Hải Phòng,3,3,0,118.0,3.0,1956350.0,Trung bình,0.803
C04002,56,Nữ,TP HCM,28,4,1,104.0,3.0,4709100.0,Trung bình,0.789
C04003,52,Nam,Hải Phòng,25,1,1,176.0,2.0,819000.0,Đã ngủ đông,0.519
C04004,19,Nam,Cần Thơ,11,0,1,21.0,8.0,5814700.0,Đang hoạt động,0.215
C04005,34,Nữ,Cần Thơ,52,1,0,113.0,5.0,2593800.0,Trung bình,0.201
C04006,62,Nữ,TP HCM,40,0,0,48.0,6.0,4090600.0,Trung bình,0.168
C04007,69,Nữ,Hải Phòng,56,0,1,46.0,5.0,2545500.0,Trung bình,0.116
C04008,43,Nam,TP HCM,35,1,0,61.0,6.0,12173350.0,Trung bình,0.288
C04009,69,Nữ,Đà Nẵng,58,0,1,5.0,4.0,2600800.0,Đang hoạt động,0.145
C04010,68,Nữ,TP HCM,12,1,1,238.0,1.0,847000.0,Đã ngủ đông,0.706
C04011,36,Nam,Hà Nội,30,3,1,45.0,3.0,3247000.0,Trung bình,0.649
C04012,24,Nữ,TP HCM,46,0,0,28.0,4.0,1787650.0,Đang hoạt động,0.214
C04013,59,Nam,Cần Thơ,54,2,0,156.0,3.0,3249500.0,Đã ngủ đông,0.373
C04014,54,Nam,Hà Nội,60,2,0,112.0,4.0,2573000.0,Trung bình,0.272
C04015,66,Nữ,Hà Nội,1,1,1,144.0,3.0,1898400.0,Đã ngủ đông,0.636
C04016,68,Nữ,TP HCM,42,1,0,78.0,3.0,2924800.0,Trung bình,0.377
C04017,23,Nam,Đà Nẵng,12,3,1,8.0,3.0,2319200.0,Đang hoạt động,0.776
C04018,46,Nữ,Hà Nội,31,1,0,6.0,8.0,8023150.0,Đang hoạt động,0.186
C04019,62,Nam,Đà Nẵng,40,1,0,102.0,3.0,2683200.0,Trung bình,0.372
C04020,58,Nữ,Hà Nội,28,1,0,27.0,5.0,6882000.0,Đang hoạt động,0.334
C04021,67,Nữ,Cần Thơ,7,1,1,90.0,6.0,12782650.0,Trung bình,0.451
C04022,23,Nữ,Hà Nội,3,0,1,6.0,8.0,6615300.0,Đang hoạt động,0.252
C04023,47,Nam,TP HCM,35,0,0,28.0,7.0,9449650.0,Đang hoạt động,0.163
C04024,41,Nam,TP HCM,9,1,0,5.0,5.0,3934150.0,Đang hoạt động,0.507
C04025,65,Nữ,Hải Phòng,16,2,0,7.0,9.0,6339800.0,Đang hoạt động,0.304
C04026,43,Nữ,TP HCM,46,3,1,126.0,1.0,1514300.0,Đã ngủ đông,0.685
C04027,52,Nam,Hà Nội,45,1,0,88.0,2.0,712500.0,Trung bình,0.368
C04028,43,Nam,Hà Nội,8,1,1,31.0,3.0,7315328.662188916,Trung bình,0.596
C04029,54,Nam,Cần Thơ,26,1,0,3.0,4.0,3237350.0,Đang hoạt động,0.404
C04030,21,Nữ,TP HCM,10,0,0,34.0,4.0,1936400.0,Trung bình,0.446
C04031,42,Nữ,TP HCM,43,0,0,66.0,2.0,2929200.0,Trung bình,0.324
C04032,68,Nam,TP HCM,51,0,0,51.0,2.0,891000.0,Trung bình,0.265
C04033,51,Nữ,Đà Nẵng,22,3,1,19.0,1.0,1127000.0,Đang hoạt động,0.801
C04034,50,Nam,Đà Nẵng,40,1,0,175.0,3.0,2357000.0,Đã ngủ đông,0.376
C04035,18,Nam,TP HCM,33,2,0,85.0,5.0,3872000.0,Trung bình,0.448
C04036,62,Nữ,Đà Nẵng,55,1,0,11.0,5.0,5393100.0,Đang hoạt động,0.193
C04037,46,Nam,Cần Thơ,17,3,1,188.0,3.0,4268700.0,Đã ngủ đông,0.745
C04038,50,Nam,Đà Nẵng,7,3,0,105.0,4.0,3553850.0,Trung bình,0.762
C04039,31,Nữ,Hà Nội,47,2,0,14.0,6.0,12259900.0,Đang hoạt động,0.274
C04040,70,Nữ,Hà Nội,11,1,0,55.0,5.0,8034000.0,Trung bình,0.456
C04041,62,Nữ,Hà Nội,25,4,0,42.0,5.0,3068950.0,Trung bình,0.676
C04042,22,Nam,TP HCM,51,1,0,5.0,5.0,2982200.0,Đang hoạt động,0.227
C04043,39,Nữ,TP HCM,40,1,1,69.0,6.0,5985250.0,Trung bình,0.249
C04044,32,Nữ,TP HCM,28,1,1,71.0,4.0,4594000.0,Trung bình,0.431
C04045,58,Nam,Hà Nội,15,1,0,28.0,4.0,3045000.0,Đang hoạt động,0.474
C04046,62,Nam,Hà Nội,12,0,0,59.0,2.0,873650.0,Trung bình,0.495
C04047,22,Nam,TP HCM,32,0,0,162.0,1.0,818000.0,Đã ngủ đông,0.458
C04048,62,Nữ,Hải Phòng,19,1,1,81.0,4.0,3400050.0,Trung bình,0.448
C04049,32,Nữ,TP HCM,10,0,0,92.0,4.0,6196900.0,Trung bình,0.455
C04050,28,Nam,TP HCM,11,1,1,6.0,3.0,3202100.0,Đang hoạt động,0.609
C04051,32,Nam,Cần Thơ,34,1,0,34.0,6.0,6672750.0,Trung bình,0.259
C04052,65,Nam,Đà Nẵng,49,2,0,5.0,6.0,4673700.0,Đang hoạt động,0.261
C04053,41,Nam,Cần Thơ,38,2,1,75.0,5.0,5790000.0,Trung bình,0.381
C04054,27,Nam,Đà Nẵng,15,2,0,38.0,4.0,659400.0,Trung bình,0.61
C04055,42,Nam,TP HCM,18,1,1,999.0,0.0,0.0,Chưa mua,0.741
C04056,56,Nam,Đà Nẵng,28,2,1,92.0,1.0,412000.0,Trung bình,0.679
C04057,19,Nữ,Hà Nội,3,1,1,77.0,4.0,1763000.0,Trung bình,0.57
C04058,62,Nữ,Cần Thơ,20,1,1,64.0,3.0,4013000.0,Trung bình,0.51
C04059,52,Nữ,Đà Nẵng,21,0,1,58.0,7.0,6806900.0,Trung bình,0.212
C04060,59,Nữ,TP HCM,56,2,1,14.0,5.0,6785600.0,Đang hoạt động,0.288
C04061,51,Nam,TP HCM,30,2,0,24.0,3.0,4435800.0,Đang hoạt động,0.581
C04062,23,Nữ,Hà Nội,54,2,0,76.0,3.0,2557600.0,Trung bình,0.366
C04063,65,Nam,Hải Phòng,37,0,0,37.0,3.0,2099800.0,Trung bình,0.27
C04064,29,Nữ,TP HCM,17,3,1,81.0,3.0,657400.0,Trung bình,0.763
C04065,54,Nữ,TP HCM,12,1,0,999.0,0.0,0.0,Chưa mua,0.773
C04066,51,Nam,Cần Thơ,30,1,0,66.0,5.0,1374050.0,Trung bình,0.32
C04067,56,Nữ,Hải Phòng,30,1,1,110.0,5.0,3176450.0,Trung bình,0.317
C04068,28,Nam,TP HCM,19,2,0,6.0,4.0,2735250.0,Đang hoạt động,0.603
C04069,68,Nữ,TP HCM,51,0,0,17.0,5.0,11171100.0,Đang hoạt động,0.163
C04070,30,Nam,TP HCM,2,1,0,54.0,6.0,27100135.0,Trung bình,0.556
C04071,61,Nữ,Hải Phòng,44,0,0,180.0,2.0,2357000.0,Đã ngủ đông,0.281
C04072,34,Nữ,TP HCM,50,2,1,36.0,4.0,2363100.0,Trung bình,0.376
C04073,32,Nam,Hải Phòng,44,4,1,284.0,1.0,728650.0,Đã ngủ đông,0.758
C04074,60,Nữ,TP HCM,27,3,0,40.0,2.0,6275000.0,Trung bình,0.756
C04075,63,Nữ,Đà Nẵng,37,2,1,158.0,3.0,2515550.0,Đã ngủ đông,0.509
C04076,23,Nam,TP HCM,4,0,0,69.0,5.0,4012000.0,Trung bình,0.436
C04077,69,Nam,TP HCM,31,5,1,38.0,3.0,2135200.0,Trung bình,0.838
C04078,30,Nữ,Hải Phòng,41,0,0,14.0,7.0,6329900.0,Đang hoạt động,0.12
C04079,30,Nữ,Đà Nẵng,23,0,0,20.0,6.0,4109000.0,Đang hoạt động,0.241
C04080,48,Nam,Hà Nội,60,0,0,9.0,12.0,9240300.0,Khách VIP,0.023
C04081,50,Nam,TP HCM,30,0,0,34.0,2.0,2096800.0,Trung bình,0.408
C04082,67,Nam,TP HCM,25,2,1,99.0,4.0,6079000.0,Trung bình,0.564
C04083,49,Nữ,TP HCM,30,0,1,6.0,5.0,7049800.0,Đang hoạt động,0.263
C04084,56,Nam,Hà Nội,10,0,0,100.0,4.0,2822200.0,Trung bình,0.401
C04085,25,Nữ,Cần Thơ,22,1,0,13.0,4.0,2747400.0,Đang hoạt động,0.438
C04086,25,Nữ,Đà Nẵng,10,3,1,5.0,8.0,8553938.171307538,Đang hoạt động,0.546
C04087,67,Nữ,Đà Nẵng,37,1,0,15.0,7.0,5090600.0,Đang hoạt động,0.203
C04088,64,Nữ,TP HCM,34,0,0,18.0,2.0,4032000.0,Đang hoạt động,0.382
C04089,18,Nữ,Cần Thơ,37,0,0,63.0,6.0,11027850.0,Trung bình,0.176
C04090,55,Nữ,Hải Phòng,30,1,0,81.0,4.0,1498600.0,Trung bình,0.366
C04091,63,Nữ,Hà Nội,6,1,0,125.0,1.0,318000.0,Đã ngủ đông,0.704
C04092,29,Nam,Cần Thơ,31,0,0,7.0,3.0,2720850.0,Đang hoạt động,0.321
C04093,64,Nữ,TP HCM,27,1,1,136.0,2.0,2234800.0,Đã ngủ đông,0.547
C04094,69,Nữ,Hải Phòng,29,1,0,218.0,1.0,153000.0,Đã ngủ đông,0.546
C04095,48,Nam,Cần Thơ,40,1,0,53.0,3.0,2189000.0,Trung bình,0.361
C04096,64,Nữ,Đà Nẵng,32,2,0,16.0,2.0,7870000.0,Đang hoạt động,0.611
C04097,27,Nữ,Hà Nội,46,2,0,46.0,3.0,1604200.0,Trung bình,0.419
C04098,66,Nữ,Hải Phòng,24,1,1,111.0,6.0,7274137.0,Trung bình,0.311
C04099,68,Nam,Hải Phòng,54,1,0,46.0,6.0,3364200.0,Trung bình,0.149
C04100,56,Nữ,Hải Phòng,58,1,0,999.0,0.0,0.0,Chưa mua,0.419
C04101,68,Nam,Đà Nẵng,28,4,0,34.0,8.0,5608800.0,Trung bình,0.511
C04102,59,Nữ,TP HCM,30,1,0,201.0,4.0,19596762.198805574,Đã ngủ đông,0.45
C04103,34,Nữ,Hải Phòng,31,0,1,59.0,5.0,2128850.0,Trung bình,0.221
C04104,22,Nữ,TP HCM,25,0,1,73.0,3.0,2838500.0,Trung bình,0.397
C04105,18,Nữ,Cần Thơ,38,2,1,12.0,6.0,11500400.0,Đang hoạt động,0.341
C04106,42,Nữ,Đà Nẵng,14,2,0,9.0,5.0,6716350.0,Đang hoạt động,0.571
C04107,48,Nam,Hải Phòng,6,2,1,101.0,4.0,5951350.0,Trung bình,0.661
C04108,22,Nam,Hà Nội,44,2,0,89.0,4.0,3217550.0,Trung bình,0.382
C04109,64,Nam,TP HCM,45,3,1,1.0,7.0,3962000.0,Đang hoạt động,0.349
C04110,55,Nữ,TP HCM,27,2,1,96.0,2.0,1133000.0,Trung bình,0.654
C04111,49,Nữ,TP HCM,18,2,0,24.0,7.0,7124500.0,Đang hoạt động,0.444
C04112,39,Nam,Đà Nẵng,57,3,0,47.0,4.0,2547150.0,Trung bình,0.414
C04113,38,Nam,Hà Nội,11,2,1,5.0,5.0,6718850.0,Đang hoạt động,0.57
C04114,43,Nam,Hà Nội,5,2,1,60.0,1.0,8757444.6577419,Trung bình,0.807
C04115,49,Nam,TP HCM,39,1,0,88.0,6.0,6737550.0,Trung bình,0.254
C04116,58,Nam,TP HCM,35,1,1,19.0,4.0,1088450.0,Đang hoạt động,0.365
C04117,48,Nữ,Đà Nẵng,23,3,1,3.0,5.0,4072200.0,Đang hoạt động,0.609
C04118,58,Nữ,Hà Nội,59,0,0,1.0,3.0,7319400.0,Đang hoạt động,0.167
C04119,40,Nam,TP HCM,23,2,1,113.0,3.0,725400.0,Trung bình,0.628
C04120,33,Nam,TP HCM,27,1,1,1.0,4.0,2728000.0,Đang hoạt động,0.43
C04121,56,Nữ,Cần Thơ,41,2,0,28.0,3.0,2662000.0,Đang hoạt động,0.464
C04122,65,Nữ,Hà Nội,22,1,1,101.0,7.0,6314800.0,Trung bình,0.273
C04123,50,Nữ,Cần Thơ,4,0,1,27.0,3.0,2992550.0,Đang hoạt động,0.514
C04124,27,Nữ,TP HCM,58,4,1,140.0,3.0,3694700.0,Đã ngủ đông,0.607
C04125,47,Nam,Cần Thơ,51,1,1,5.0,6.0,3618200.0,Đang hoạt động,0.167
C04126,60,Nam,Hà Nội,40,1,1,203.0,4.0,4939600.0,Đã ngủ đông,0.307
C04127,38,Nam,Hà Nội,39,1,1,239.0,1.0,2907000.0,Đã ngủ đông,0.482
C04128,28,Nam,Đà Nẵng,5,1,1,46.0,5.0,3867250.0,Trung bình,0.52
C04129,40,Nữ,TP HCM,37,1,1,16.0,3.0,2932100.0,Đang hoạt động,0.415
C04130,70,Nữ,TP HCM,43,1,1,138.0,3.0,3446400.0,Đã ngủ đông,0.373
C04131,68,Nam,Hà Nội,1,1,1,141.0,3.0,3546800.0,Đã ngủ đông,0.638
C04132,30,Nam,TP HCM,59,2,1,29.0,1.0,182000.0,Đang hoạt động,0.477
C04133,52,Nam,Hà Nội,58,1,0,41.0,7.0,4193800.0,Trung bình,0.11
C04134,70,Nữ,Đà Nẵng,33,1,0,92.0,5.0,2394500.0,Trung bình,0.313
C04135,26,Nam,Hà Nội,27,1,1,48.0,7.0,7735150.0,Trung bình,0.249
C04136,34,Nam,Đà Nẵng,11,1,1,49.0,3.0,4227000.0,Trung bình,0.592
C04137,70,Nam,Hải Phòng,9,0,0,69.0,4.0,2627400.0,Trung bình,0.405
C04138,21,Nam,Hà Nội,8,1,0,235.0,2.0,1108850.0,Đã ngủ đông,0.649
C04139,20,Nữ,Hà Nội,15,1,1,161.0,2.0,781400.0,Đã ngủ đông,0.598
C04140,24,Nữ,Đà Nẵng,20,1,1,26.0,5.0,5368800.0,Đang hoạt động,0.414
C04141,51,Nam,Hải Phòng,43,2,0,198.0,2.0,1135150.0,Đã ngủ đông,0.5
C04142,50,Nam,Hà Nội,52,1,0,47.0,4.0,2310150.0,Trung bình,0.229
C04143,21,Nữ,Hà Nội,14,4,1,116.0,4.0,7658363.0,Trung bình,0.8
C04144,25,Nam,Đà Nẵng,34,2,1,7.0,2.0,902800.0,Đang hoạt động,0.586
C04145,47,Nữ,Cần Thơ,7,2,0,15.0,10.0,9824750.0,Khách VIP,0.33
C04146,46,Nam,TP HCM,41,1,0,60.0,5.0,23043505.311504368,Trung bình,0.32
C04147,43,Nam,Hà Nội,60,1,1,192.0,1.0,154000.0,Đã ngủ đông,0.323
C04148,22,Nam,Hà Nội,14,0,0,125.0,5.0,3442800.0,Đã ngủ đông,0.326
C04149,45,Nữ,TP HCM,29,2,0,67.0,7.0,4544800.0,Trung bình,0.361
C04150,20,Nữ,Hải Phòng,52,0,0,99.0,4.0,3174700.0,Trung bình,0.164
C04151,28,Nam,Đà Nẵng,12,1,0,41.0,6.0,7706550.0,Trung bình,0.418
C04152,54,Nữ,Hà Nội,59,0,0,17.0,6.0,6540250.0,Đang hoạt động,0.09
C04153,53,Nam,Hà Nội,19,1,1,70.0,3.0,1546750.0,Trung bình,0.502
C04154,22,Nữ,Hà Nội,35,1,0,48.0,7.0,15482698.78310264,Trung bình,0.22
C04155,38,Nữ,Hà Nội,36,1,1,130.0,3.0,2406050.0,Đã ngủ đông,0.384
C04156,34,Nam,Hà Nội,36,1,0,94.0,4.0,3862450.0,Trung bình,0.331
C04157,36,Nữ,Hà Nội,35,1,1,102.0,2.0,960750.0,Trung bình,0.445
C04158,42,Nữ,TP HCM,49,0,0,999.0,0.0,0.0,Chưa mua,0.417
C04159,21,Nữ,Đà Nẵng,32,0,0,27.0,2.0,3360000.0,Đang hoạt động,0.383
C04160,64,Nam,Hà Nội,3,0,1,45.0,7.0,3419100.0,Trung bình,0.287
C04161,29,Nữ,TP HCM,42,0,0,72.0,2.0,1979200.0,Trung bình,0.33
C04162,29,Nữ,Hà Nội,7,2,0,88.0,3.0,3593000.0,Trung bình,0.704
C04163,22,Nam,TP HCM,23,1,0,29.0,3.0,3930550.0,Đang hoạt động,0.524
C04164,52,Nữ,Hà Nội,47,2,0,14.0,3.0,5521000.0,Đang hoạt động,0.415
C04165,63,Nam,Đà Nẵng,7,2,0,99.0,8.0,4325850.0,Trung bình,0.44
C04166,63,Nữ,Cần Thơ,12,1,0,9.0,5.0,5558200.0,Đang hoạt động,0.454
C04167,67,Nữ,Đà Nẵng,51,1,0,21.0,5.0,10667200.0,Đang hoạt động,0.221
C04168,31,Nữ,Đà Nẵng,11,1,1,282.0,1.0,190950.0,Đã ngủ đông,0.701
C04169,21,Nữ,Đà Nẵng,4,0,0,36.0,6.0,6052150.0,Trung bình,0.365
C04170,58,Nữ,TP HCM,30,1,0,12.0,3.0,1084150.0,Đang hoạt động,0.46
C04171,42,Nam,Hải Phòng,22,4,0,3.0,5.0,2742750.0,Đang hoạt động,0.696
C04172,37,Nam,TP HCM,42,2,0,18.0,7.0,2913350.0,Đang hoạt động,0.273
C04173,46,Nam,Đà Nẵng,23,3,1,73.0,4.0,6140000.0,Trung bình,0.669
C04174,46,Nữ,Cần Thơ,38,0,0,52.0,2.0,1463400.0,Trung bình,0.324
C04175,29,Nữ,TP HCM,18,2,1,4.0,2.0,635000.0,Đang hoạt động,0.712
C04176,25,Nữ,TP HCM,56,0,0,60.0,7.0,5173850.0,Trung bình,0.093
C04177,40,Nam,Hà Nội,24,2,1,3.0,9.0,7596000.0,Đang hoạt động,0.26
C04178,55,Nữ,TP HCM,4,1,1,111.0,3.0,3156000.0,Trung bình,0.658
C04179,34,Nữ,TP HCM,37,2,0,75.0,5.0,5699800.0,Trung bình,0.421
C04180,63,Nữ,TP HCM,31,1,1,17.0,5.0,3256700.0,Đang hoạt động,0.344
C04181,57,Nữ,Đà Nẵng,23,1,0,91.0,7.0,5263050.0,Trung bình,0.284
C04182,27,Nữ,TP HCM,47,1,1,81.0,2.0,2620000.0,Trung bình,0.404
C04183,30,Nữ,TP HCM,6,1,0,69.0,4.0,4754000.0,Trung bình,0.595
C04184,67,Nam,Hải Phòng,5,1,0,30.0,5.0,4317350.0,Đang hoạt động,0.492
C04185,54,Nam,Cần Thơ,25,3,0,160.0,4.0,4126500.0,Đã ngủ đông,0.642
C04186,59,Nữ,TP HCM,27,3,0,23.0,4.0,1339250.0,Đang hoạt động,0.648
C04187,18,Nam,Hà Nội,19,1,0,117.0,3.0,2549000.0,Trung bình,0.512
C04188,64,Nữ,TP HCM,50,3,0,140.0,7.0,5028000.0,Đã ngủ đông,0.323
C04189,57,Nam,Đà Nẵng,38,2,0,94.0,4.0,6263000.0,Trung bình,0.449
C04190,33,Nam,Hải Phòng,42,0,0,34.0,5.0,3496800.0,Trung bình,0.17
C04191,36,Nữ,TP HCM,52,3,1,32.0,5.0,2133400.0,Trung bình,0.413
C04192,43,Nam,Đà Nẵng,50,2,0,42.0,9.0,6443900.0,Trung bình,0.149
C04193,70,Nam,TP HCM,40,2,1,52.0,5.0,7497750.0,Trung bình,0.395
C04194,52,Nữ,TP HCM,21,2,1,172.0,2.0,3420000.0,Đã ngủ đông,0.701
C04195,56,Nữ,Cần Thơ,44,2,0,25.0,9.0,4944000.0,Đang hoạt động,0.164
C04196,60,Nam,TP HCM,30,1,0,33.0,5.0,4399800.0,Trung bình,0.353
C04197,45,Nữ,TP HCM,47,0,1,30.0,4.0,1521200.0,Đang hoạt động,0.206
C04198,58,Nam,Hà Nội,55,2,0,42.0,8.0,10770150.0,Trung bình,0.152
C04199,50,Nữ,Hà Nội,2,2,0,62.0,7.0,8788400.0,Trung bình,0.526
C04200,52,Nam,TP HCM,12,1,1,110.0,2.0,2158100.0,Trung bình,0.654
C04201,19,Nữ,Hải Phòng,58,1,0,24.0,2.0,930100.0,Đang hoạt động,0.287
C04202,22,Nam,Hà Nội,50,0,0,27.0,9.0,7517450.0,Đang hoạt động,0.061
C04203,41,Nam,Hải Phòng,27,0,1,123.0,3.0,3263000.0,Đã ngủ đông,0.341
C04204,19,Nữ,TP HCM,6,1,0,34.0,4.0,2436850.0,Trung bình,0.59
C04205,35,Nữ,Đà Nẵng,48,1,0,12.0,5.0,2545100.0,Đang hoạt động,0.227
C04206,70,Nam,Đà Nẵng,56,0,0,39.0,4.0,5795300.0,Trung bình,0.157
C04207,70,Nữ,Hà Nội,24,0,0,47.0,6.0,6656700.0,Trung bình,0.219
C04208,59,Nữ,TP HCM,43,1,0,53.0,5.0,4111900.0,Trung bình,0.271
C04209,54,Nữ,Hà Nội,11,0,0,15.0,3.0,1704900.0,Đang hoạt động,0.447
C04210,61,Nam,TP HCM,14,0,0,77.0,5.0,11264676.0,Trung bình,0.374
C04211,26,Nữ,Cần Thơ,36,1,1,72.0,2.0,3171000.0,Trung bình,0.454
C04212,29,Nam,TP HCM,43,1,0,92.0,3.0,1268200.0,Trung bình,0.372
C04213,47,Nam,Hà Nội,16,4,1,11.0,4.0,8450950.0,Đang hoạt động,0.785
C04214,65,Nam,TP HCM,41,4,1,103.0,3.0,767000.0,Trung bình,0.707
C04215,32,Nữ,TP HCM,1,1,0,61.0,3.0,3009850.0,Trung bình,0.68
C04216,30,Nam,Hải Phòng,3,0,1,138.0,5.0,15019000.0,Đã ngủ đông,0.427
C04217,32,Nam,Hải Phòng,31,1,1,76.0,1.0,198000.0,Trung bình,0.531
C04218,26,Nam,Đà Nẵng,5,1,0,86.0,1.0,414000.0,Trung bình,0.731
C04219,45,Nam,Cần Thơ,31,1,1,88.0,8.0,7028900.0,Trung bình,0.193
C04220,21,Nam,Hải Phòng,53,2,1,17.0,3.0,3616000.0,Đang hoạt động,0.373
C04221,68,Nữ,Đà Nẵng,45,2,1,93.0,6.0,6100200.0,Trung bình,0.291
C04222,33,Nữ,TP HCM,10,0,0,29.0,5.0,3128000.0,Đang hoạt động,0.389
C04223,63,Nữ,TP HCM,59,2,0,173.0,3.0,3734500.0,Đã ngủ đông,0.371
C04224,49,Nữ,TP HCM,57,0,1,21.0,3.0,1455000.0,Đang hoạt động,0.195
C04225,39,Nam,Hải Phòng,54,0,0,68.0,6.0,4451850.0,Trung bình,0.102
C04226,64,Nữ,Hà Nội,2,1,1,8.0,7.0,6547100.0,Đang hoạt động,0.403
C04227,40,Nữ,TP HCM,45,2,0,64.0,6.0,4855900.0,Trung bình,0.308
C04228,59,Nữ,Hà Nội,11,2,0,143.0,3.0,2072300.0,Đã ngủ đông,0.673
C04229,34,Nữ,TP HCM,33,1,0,111.0,3.0,3889300.0,Trung bình,0.451
C04230,27,Nam,Cần Thơ,40,2,0,95.0,5.0,4477000.0,Trung bình,0.367
C04231,19,Nữ,Cần Thơ,18,1,0,230.0,2.0,337250.0,Đã ngủ đông,0.589
C04232,34,Nữ,TP HCM,13,2,1,72.0,6.0,8712400.0,Trung bình,0.548
C04233,68,Nữ,Hà Nội,45,0,1,107.0,4.0,2462500.0,Trung bình,0.189
C04234,27,Nữ,Cần Thơ,60,3,1,17.0,7.0,6541050.0,Đang hoạt động,0.241
C04235,57,Nữ,Hà Nội,32,0,0,70.0,3.0,5577800.0,Trung bình,0.31
C04236,61,Nữ,Cần Thơ,53,1,0,21.0,6.0,19635899.0,Đang hoạt động,0.179
C04237,44,Nam,Hải Phòng,11,1,0,12.0,6.0,5155400.0,Đang hoạt động,0.395
C04238,24,Nam,Hà Nội,38,0,1,18.0,4.0,2465050.0,Đang hoạt động,0.225
C04239,64,Nam,Hà Nội,18,1,0,71.0,4.0,5102700.0,Trung bình,0.457
C04240,54,Nam,Hà Nội,14,1,1,13.0,3.0,3086800.0,Đang hoạt động,0.54
C04241,62,Nữ,TP HCM,27,1,1,36.0,7.0,7867000.0,Trung bình,0.278
C04242,69,Nam,TP HCM,16,1,1,55.0,4.0,1894650.0,Trung bình,0.506
C04243,66,Nữ,TP HCM,41,0,1,13.0,4.0,4826800.0,Đang hoạt động,0.239
C04244,47,Nam,Hà Nội,45,0,1,11.0,1.0,160000.0,Đang hoạt động,0.315
C04245,44,Nữ,TP HCM,26,1,0,56.0,3.0,2896200.0,Trung bình,0.498
C04246,33,Nam,TP HCM,5,2,1,23.0,5.0,3685000.0,Đang hoạt động,0.648
C04247,19,Nữ,Cần Thơ,6,1,1,176.0,4.0,3418550.0,Đã ngủ đông,0.566
C04248,47,Nam,Hải Phòng,16,0,0,54.0,4.0,7722300.0,Trung bình,0.369
C04249,47,Nữ,TP HCM,59,0,1,20.0,5.0,6822700.0,Đang hoạt động,0.13
C04250,41,Nam,TP HCM,12,2,1,19.0,4.0,14198744.0,Đang hoạt động,0.674
C04251,70,Nữ,TP HCM,11,0,0,1.0,5.0,2767200.0,Đang hoạt động,0.374
C04252,22,Nam,Cần Thơ,34,1,0,45.0,6.0,8363600.0,Trung bình,0.263
C04253,24,Nam,Đà Nẵng,17,2,0,10.0,8.0,7685750.0,Đang hoạt động,0.378
C04254,39,Nam,Hà Nội,6,0,0,41.0,7.0,6181940.0,Trung bình,0.277
C04255,20,Nữ,Cần Thơ,30,2,1,82.0,5.0,2533000.0,Trung bình,0.437
C04256,42,Nữ,Hải Phòng,2,1,0,55.0,5.0,4933400.0,Trung bình,0.522
C04257,44,Nữ,TP HCM,40,0,1,39.0,4.0,3193200.0,Trung bình,0.246
C04258,26,Nam,Hà Nội,19,1,0,5.0,5.0,4038950.0,Đang hoạt động,0.393
C04259,57,Nữ,TP HCM,47,1,0,72.0,4.0,6996200.0,Trung bình,0.301
C04260,65,Nữ,Đà Nẵng,37,1,0,3.0,7.0,5600800.0,Đang hoạt động,0.204
C04261,66,Nam,Hà Nội,57,1,0,16.0,6.0,4845550.0,Đang hoạt động,0.138
C04262,37,Nữ,Cần Thơ,27,1,0,144.0,5.0,2300150.0,Đã ngủ đông,0.348
C04263,56,Nữ,Hà Nội,8,2,1,16.0,4.0,3605500.0,Đang hoạt động,0.639
C04264,62,Nam,Hà Nội,7,1,0,84.0,4.0,4748200.0,Trung bình,0.539
C04265,59,Nam,Cần Thơ,12,1,1,31.0,3.0,4470100.0,Trung bình,0.569
C04266,70,Nữ,TP HCM,49,2,1,45.0,3.0,4266150.0,Trung bình,0.438
C04267,29,Nữ,Cần Thơ,18,1,0,103.0,4.0,7476600.0,Trung bình,0.481
C04268,66,Nam,Hải Phòng,34,0,0,13.0,5.0,6234600.0,Đang hoạt động,0.207
C04269,54,Nam,TP HCM,42,0,0,27.0,5.0,2096300.0,Đang hoạt động,0.191
C04270,19,Nữ,Cần Thơ,2,0,1,5.0,3.0,5382800.0,Đang hoạt động,0.539
C04271,60,Nam,TP HCM,22,2,0,14.0,6.0,7090200.0,Đang hoạt động,0.469
C04272,30,Nữ,Hà Nội,9,3,1,132.0,2.0,803600.0,Đã ngủ đông,0.815
C04273,51,Nam,Hà Nội,21,2,1,51.0,4.0,2279950.0,Trung bình,0.543
C04274,27,Nữ,TP HCM,35,0,0,7.0,6.0,4981950.0,Đang hoạt động,0.194
C04275,70,Nữ,Hà Nội,47,0,0,85.0,4.0,4253250.0,Trung bình,0.181
C04276,51,Nữ,Cần Thơ,49,1,0,64.0,5.0,3292300.0,Trung bình,0.214
C04277,27,Nam,Hải Phòng,36,1,0,58.0,4.0,4722000.0,Trung bình,0.334
C04278,58,Nữ,TP HCM,10,2,1,73.0,2.0,5043250.0,Trung bình,0.765
C04279,23,Nam,TP HCM,34,1,1,78.0,2.0,2210450.0,Trung bình,0.498
C04280,22,Nam,Hà Nội,7,3,1,17.0,6.0,8320000.0,Đang hoạt động,0.657
C04281,32,Nữ,TP HCM,54,2,0,34.0,5.0,3657000.0,Trung bình,0.299
C04282,69,Nam,Đà Nẵng,29,1,0,36.0,3.0,3708350.0,Trung bình,0.451
C04283,41,Nam,Hà Nội,6,1,1,1.0,3.0,3699600.0,Đang hoạt động,0.602
C04284,70,Nam,Hà Nội,55,3,1,277.0,1.0,169000.0,Đã ngủ đông,0.58
C04285,20,Nữ,Hà Nội,6,0,0,20.0,6.0,4660900.0,Đang hoạt động,0.327
C04286,65,Nữ,Hải Phòng,34,2,1,54.0,5.0,8150750.0,Trung bình,0.401
C04287,49,Nam,Hà Nội,14,2,1,58.0,3.0,3164100.0,Trung bình,0.653
C04288,55,Nam,TP HCM,34,2,1,281.0,1.0,2133000.0,Đã ngủ đông,0.667
C04289,52,Nam,Hà Nội,10,5,1,28.0,5.0,4709000.0,Đang hoạt động,0.84
C04290,68,Nam,Hà Nội,28,0,0,161.0,3.0,1715000.0,Đã ngủ đông,0.328
C04291,45,Nam,Hà Nội,52,1,0,143.0,5.0,4009550.0,Đã ngủ đông,0.195
C04292,59,Nam,Đà Nẵng,25,1,1,40.0,4.0,2511000.0,Trung bình,0.421
C04293,38,Nữ,TP HCM,34,3,1,60.0,4.0,2095250.0,Trung bình,0.606
C04294,29,Nam,TP HCM,23,1,1,85.0,6.0,4426300.0,Trung bình,0.354
C04295,29,Nam,Hải Phòng,13,0,1,91.0,4.0,6501350.0,Trung bình,0.392
C04296,52,Nữ,Đà Nẵng,50,2,1,242.0,1.0,171000.0,Đã ngủ đông,0.529
C04297,38,Nữ,Hà Nội,49,1,0,98.0,5.0,2057100.0,Trung bình,0.207
C04298,46,Nữ,TP HCM,26,1,0,65.0,2.0,374000.0,Trung bình,0.551
C04299,66,Nữ,Cần Thơ,60,2,0,21.0,7.0,7671100.0,Đang hoạt động,0.165
C04300,57,Nữ,TP HCM,42,2,0,22.0,5.0,5856650.0,Đang hoạt động,0.38
C04301,45,Nữ,Đà Nẵng,40,0,0,176.0,1.0,1815450.0,Đã ngủ đông,0.38
C04302,29,Nam,TP HCM,38,1,1,11.0,4.0,10013000.0,Đang hoạt động,0.368
C04303,44,Nam,Đà Nẵng,45,1,0,109.0,5.0,8026100.0,Trung bình,0.253
C04304,18,Nam,Hải Phòng,29,1,0,15.0,2.0,1188450.0,Đang hoạt động,0.49
C04305,45,Nam,TP HCM,13,3,1,12.0,4.0,2030600.0,Đang hoạt động,0.739
C04306,24,Nữ,Cần Thơ,43,0,0,311.0,1.0,1949900.0,Đã ngủ đông,0.356
C04307,69,Nữ,TP HCM,39,0,0,41.0,3.0,2048800.0,Trung bình,0.292
C04308,27,Nam,TP HCM,9,4,1,103.0,4.0,2955900.0,Trung bình,0.839
C04309,50,Nam,TP HCM,26,2,1,120.0,2.0,3226200.0,Trung bình,0.666
C04310,31,Nữ,TP HCM,35,1,1,33.0,5.0,2631600.0,Trung bình,0.321
C04311,19,Nam,TP HCM,35,0,0,6.0,6.0,11284000.0,Đang hoạt động,0.204
C04312,58,Nữ,Hà Nội,12,0,1,56.0,4.0,2127450.0,Trung bình,0.384
C04313,42,Nam,TP HCM,34,1,0,163.0,4.0,2218400.0,Đã ngủ đông,0.382
C04314,66,Nữ,Đà Nẵng,49,4,1,13.0,5.0,5515700.0,Đang hoạt động,0.531
C04315,33,Nam,Hà Nội,18,1,1,3.0,8.0,5595200.0,Đang hoạt động,0.249
C04316,54,Nam,TP HCM,57,1,0,15.0,4.0,3461900.0,Đang hoạt động,0.234
C04317,52,Nữ,Đà Nẵng,37,2,0,192.0,3.0,1747000.0,Đã ngủ đông,0.511
C04318,37,Nữ,Hà Nội,55,4,1,100.0,5.0,5870850.0,Trung bình,0.472
C04319,26,Nam,Hà Nội,53,1,0,86.0,2.0,2563650.0,Trung bình,0.321
C04320,62,Nam,Hà Nội,55,1,0,98.0,6.0,7372100.0,Trung bình,0.151
C04321,23,Nam,TP HCM,33,0,0,68.0,3.0,2695000.0,Trung bình,0.339
C04322,70,Nữ,Hải Phòng,54,2,1,1.0,5.0,4105700.0,Đang hoạt động,0.26
C04323,62,Nữ,Hà Nội,32,2,0,7.0,6.0,4785700.0,Đang hoạt động,0.351
C04324,31,Nữ,Hải Phòng,10,3,0,51.0,5.0,3581750.0,Trung bình,0.681
C04325,40,Nữ,Hà Nội,34,4,1,17.0,3.0,10039000.0,Đang hoạt động,0.734
C04326,47,Nam,TP HCM,50,0,0,2.0,5.0,5020650.0,Đang hoạt động,0.16
C04327,32,Nam,Đà Nẵng,55,0,0,137.0,4.0,3518134.0,Đã ngủ đông,0.163
C04328,33,Nam,Cần Thơ,34,1,1,26.0,2.0,668400.0,Đang hoạt động,0.459
C04329,24,Nam,Đà Nẵng,15,0,1,86.0,4.0,3146050.0,Trung bình,0.392
C04330,21,Nữ,Cần Thơ,31,1,1,128.0,3.0,1742900.0,Đã ngủ đông,0.433
C04331,38,Nữ,TP HCM,26,2,0,103.0,3.0,4053500.0,Trung bình,0.616
C04332,24,Nữ,TP HCM,8,1,1,28.0,3.0,19054019.0,Đang hoạt động,0.665
C04333,65,Nữ,Cần Thơ,43,1,0,1.0,3.0,868000.0,Đang hoạt động,0.334
C04334,58,Nữ,Hà Nội,47,3,0,55.0,8.0,12097100.0,Trung bình,0.269
C04335,44,Nữ,TP HCM,10,2,0,66.0,5.0,4174900.0,Trung bình,0.615
C04336,39,Nữ,Hà Nội,16,0,1,64.0,5.0,2334700.0,Trung bình,0.308
C04337,66,Nữ,TP HCM,11,0,0,7.0,5.0,3717250.0,Đang hoạt động,0.377
C04338,63,Nam,Hà Nội,29,0,1,76.0,2.0,13601074.0,Trung bình,0.399
C04339,20,Nữ,Hà Nội,38,1,1,222.0,1.0,2127000.0,Đã ngủ đông,0.491
C04340,63,Nam,Cần Thơ,3,0,0,42.0,4.0,1620900.0,Trung bình,0.457
C04341,41,Nam,Hà Nội,55,1,0,63.0,5.0,6536800.0,Trung bình,0.183
C04342,55,Nam,Đà Nẵng,37,0,0,111.0,2.0,982000.0,Trung bình,0.34
C04343,44,Nam,TP HCM,31,1,0,30.0,4.0,2670800.0,Đang hoạt động,0.4
C04344,55,Nữ,Hải Phòng,36,2,0,87.0,5.0,1594750.0,Trung bình,0.376
C04345,18,Nữ,Cần Thơ,31,1,0,12.0,5.0,4764950.0,Đang hoạt động,0.325
C04346,19,Nữ,TP HCM,3,1,1,64.0,5.0,2692900.0,Trung bình,0.556
C04347,25,Nữ,Hải Phòng,34,2,0,98.0,4.0,2385000.0,Trung bình,0.455
C04348,53,Nam,TP HCM,1,2,0,34.0,6.0,8189450.0,Trung bình,0.628
C04349,54,Nam,Hà Nội,18,0,0,144.0,5.0,6001700.0,Đã ngủ đông,0.301
C04350,39,Nam,TP HCM,9,0,1,264.0,1.0,158400.0,Đã ngủ đông,0.627
C04351,55,Nữ,TP HCM,27,0,0,52.0,3.0,2808000.0,Trung bình,0.376
C04352,33,Nam,Hà Nội,27,0,0,32.0,5.0,4785400.0,Trung bình,0.245
C04353,51,Nam,TP HCM,25,2,0,33.0,3.0,1255000.0,Trung bình,0.611
C04354,46,Nữ,Hà Nội,34,0,0,42.0,5.0,3662500.0,Trung bình,0.206
C04355,43,Nam,Đà Nẵng,14,0,1,12.0,2.0,1320000.0,Đang hoạt động,0.506
C04356,66,Nữ,Hà Nội,56,0,0,45.0,4.0,7907000.0,Trung bình,0.148
C04357,38,Nữ,TP HCM,8,1,0,17.0,3.0,1682450.0,Đang hoạt động,0.627
C04358,31,Nam,TP HCM,19,2,1,137.0,3.0,1601600.0,Đã ngủ đông,0.66
C04359,66,Nữ,TP HCM,55,0,1,2.0,3.0,1424700.0,Đang hoạt động,0.202
C04360,46,Nữ,TP HCM,2,1,0,123.0,1.0,850500.0,Đã ngủ đông,0.764
C04361,32,Nam,Hải Phòng,33,3,1,276.0,1.0,852000.0,Đã ngủ đông,0.734
C04362,68,Nam,Hà Nội,25,0,0,44.0,6.0,3322200.0,Trung bình,0.208
C04363,18,Nữ,Hà Nội,2,3,1,9.0,6.0,7604300.0,Đang hoạt động,0.69
C04364,30,Nữ,Hà Nội,42,0,0,9.0,5.0,3053000.0,Đang hoạt động,0.17
C04365,21,Nữ,Đà Nẵng,17,1,1,2.0,8.0,9474064.0,Đang hoạt động,0.283
C04366,39,Nữ,Hải Phòng,5,0,0,3.0,3.0,2364500.0,Đang hoạt động,0.496
C04367,53,Nữ,TP HCM,13,4,0,32.0,5.0,5532550.0,Trung bình,0.785
C04368,48,Nữ,Hà Nội,32,0,0,155.0,3.0,2334000.0,Đã ngủ đông,0.307
C04369,27,Nam,Cần Thơ,1,1,1,4.0,4.0,4021000.0,Đang hoạt động,0.595
C04370,53,Nam,Hà Nội,27,0,0,92.0,8.0,7755450.0,Trung bình,0.14
C04371,41,Nam,Hà Nội,19,4,1,21.0,8.0,7999650.0,Đang hoạt động,0.565
C04372,33,Nữ,TP HCM,31,2,1,147.0,4.0,2772400.0,Đã ngủ đông,0.521
C04373,43,Nam,Hải Phòng,17,2,1,97.0,5.0,9003584.381259058,Trung bình,0.533
C04374,23,Nữ,TP HCM,48,1,0,33.0,4.0,3499400.0,Trung bình,0.291
C04375,60,Nữ,TP HCM,34,1,1,9.0,6.0,8584100.0,Đang hoạt động,0.284
C04376,41,Nam,Hà Nội,5,0,1,108.0,3.0,5116400.0,Trung bình,0.504
C04377,63,Nữ,Hà Nội,1,0,1,196.0,2.0,1086000.0,Đã ngủ đông,0.584
C04378,49,Nam,TP HCM,43,1,0,57.0,1.0,881450.0,Trung bình,0.482
C04379,22,Nữ,Đà Nẵng,20,1,1,65.0,4.0,7566060.0,Trung bình,0.478
C04380,57,Nam,TP HCM,23,0,0,45.0,7.0,7572900.0,Trung bình,0.215
C04381,57,Nữ,Hà Nội,20,0,0,179.0,1.0,1212000.0,Đã ngủ đông,0.502
C04382,36,Nam,TP HCM,8,3,1,3.0,2.0,2943000.0,Đang hoạt động,0.842
C04383,23,Nam,Hà Nội,60,3,0,133.0,4.0,4235900.0,Đã ngủ đông,0.38
C04384,53,Nam,Cần Thơ,36,1,0,12.0,5.0,15672522.0,Đang hoạt động,0.307
C04385,27,Nữ,Hà Nội,40,2,1,40.0,3.0,2211350.0,Trung bình,0.465
C04386,64,Nữ,Đà Nẵng,33,2,1,12.0,4.0,5427400.0,Đang hoạt động,0.481
C04387,32,Nam,Cần Thơ,49,0,0,50.0,5.0,8979800.0,Trung bình,0.154
C04388,57,Nam,TP HCM,40,1,1,46.0,2.0,3704100.0,Trung bình,0.45
C04389,62,Nam,Đà Nẵng,11,1,0,16.0,6.0,6228350.0,Đang hoạt động,0.416
C04390,45,Nữ,Hà Nội,26,3,1,18.0,6.0,5386000.0,Đang hoạt động,0.511
C04391,53,Nam,Cần Thơ,50,3,0,218.0,2.0,4296000.0,Đã ngủ đông,0.579
C04392,65,Nữ,TP HCM,51,1,0,35.0,5.0,5118350.0,Trung bình,0.226
C04393,32,Nam,Cần Thơ,9,1,0,43.0,6.0,9049900.0,Trung bình,0.431
C04394,55,Nam,TP HCM,57,1,0,8.0,7.0,3550900.0,Đang hoạt động,0.13
C04395,53,Nam,Hà Nội,12,1,0,9.0,4.0,1806650.0,Đang hoạt động,0.494
C04396,59,Nữ,Đà Nẵng,43,1,1,249.0,2.0,5943700.0,Đã ngủ đông,0.421
C04397,30,Nữ,Đà Nẵng,29,4,0,133.0,5.0,4242000.0,Đã ngủ đông,0.68
C04398,69,Nam,Hà Nội,42,2,0,18.0,5.0,2489000.0,Đang hoạt động,0.33
C04399,52,Nữ,Đà Nẵng,45,0,0,43.0,7.0,7766000.0,Trung bình,0.117
C04400,23,Nam,Đà Nẵng,40,2,0,999.0,0.0,0.0,Chưa mua,0.685
C04401,59,Nữ,Cần Thơ,55,0,0,68.0,3.0,3910000.0,Trung bình,0.188
C04402,59,Nam,Hà Nội,60,1,0,85.0,6.0,8470600.0,Trung bình,0.133
C04403,62,Nữ,Hải Phòng,54,1,0,55.0,3.0,2670000.0,Trung bình,0.262
C04404,64,Nữ,TP HCM,13,0,1,93.0,2.0,629850.0,Trung bình,0.533
C04405,50,Nữ,Hải Phòng,46,0,0,97.0,5.0,5848750.0,Trung bình,0.157
C04406,49,Nữ,Hà Nội,29,0,1,26.0,3.0,2156100.0,Đang hoạt động,0.322
C04407,25,Nữ,Hải Phòng,53,0,0,53.0,5.0,3785300.0,Trung bình,0.13
C04408,67,Nữ,Hải Phòng,55,2,0,11.0,8.0,5008850.0,Đang hoạt động,0.145
C04409,65,Nam,TP HCM,4,3,0,23.0,6.0,6235000.0,Đang hoạt động,0.704
C04410,56,Nữ,Hà Nội,45,0,0,46.0,5.0,4915800.0,Trung bình,0.158
C04411,64,Nữ,Hà Nội,60,1,1,44.0,4.0,4169900.0,Trung bình,0.191
C04412,57,Nam,Hà Nội,43,0,0,33.0,6.0,4922950.0,Trung bình,0.135
C04413,24,Nam,Cần Thơ,2,0,0,14.0,6.0,9230650.0,Đang hoạt động,0.372
C04414,23,Nữ,Hà Nội,31,0,1,14.0,4.0,2107250.0,Đang hoạt động,0.264
C04415,46,Nam,TP HCM,26,2,1,19.0,5.0,6393100.0,Đang hoạt động,0.499
C04416,60,Nữ,Hà Nội,22,0,1,54.0,4.0,1499050.0,Trung bình,0.315
C04417,54,Nam,Đà Nẵng,51,1,0,139.0,2.0,509400.0,Đã ngủ đông,0.349
C04418,26,Nam,Hà Nội,25,0,0,78.0,4.0,2765600.0,Trung bình,0.302
C04419,69,Nữ,Hà Nội,18,1,1,20.0,5.0,6704300.0,Đang hoạt động,0.401
C04420,54,Nam,TP HCM,42,1,0,38.0,5.0,7239950.0,Trung bình,0.282
C04421,56,Nữ,Hà Nội,4,2,1,21.0,5.0,6237500.0,Đang hoạt động,0.618
C04422,41,Nữ,Hải Phòng,54,0,0,52.0,7.0,7859950.0,Trung bình,0.085
C04423,69,Nam,TP HCM,56,1,0,4.0,8.0,8495700.0,Đang hoạt động,0.112
C04424,56,Nữ,TP HCM,38,0,0,10.0,4.0,4557350.0,Đang hoạt động,0.257
C04425,42,Nữ,TP HCM,17,2,1,43.0,6.0,9800500.0,Trung bình,0.518
C04426,59,Nam,TP HCM,15,0,1,74.0,4.0,6071500.0,Trung bình,0.412
C04427,63,Nữ,Hà Nội,42,1,0,155.0,2.0,1891300.0,Đã ngủ đông,0.393
C04428,28,Nữ,Đà Nẵng,24,1,0,9.0,6.0,2745000.0,Đang hoạt động,0.324
C04429,38,Nam,TP HCM,12,1,0,23.0,4.0,3729050.0,Đang hoạt động,0.544
C04430,36,Nam,Hải Phòng,57,1,0,8.0,8.0,6501350.0,Đang hoạt động,0.094
C04431,38,Nam,TP HCM,42,2,1,17.0,5.0,3761000.0,Đang hoạt động,0.377
C04432,53,Nữ,Hà Nội,20,1,0,40.0,1.0,324000.0,Trung bình,0.608
C04433,25,Nữ,Đà Nẵng,12,2,1,29.0,2.0,2227000.0,Đang hoạt động,0.737
C04434,68,Nam,Đà Nẵng,15,0,0,42.0,3.0,2395000.0,Trung bình,0.439
C04435,62,Nữ,Đà Nẵng,24,0,0,20.0,6.0,5926100.0,Đang hoạt động,0.234
C04436,46,Nam,TP HCM,33,1,1,33.0,1.0,1252000.0,Trung bình,0.557
C04437,60,Nam,Cần Thơ,54,1,0,41.0,4.0,4343000.0,Trung bình,0.228
C04438,65,Nam,TP HCM,22,2,0,14.0,3.0,8625350.0,Đang hoạt động,0.644
C04439,58,Nam,TP HCM,16,3,0,106.0,7.0,4982750.0,Trung bình,0.568
C04440,48,Nữ,TP HCM,24,0,0,119.0,5.0,13664059.0,Trung bình,0.316
C04441,24,Nam,Hải Phòng,54,0,0,11.0,5.0,4244400.0,Đang hoạt động,0.126
C04442,50,Nữ,Cần Thơ,51,1,0,70.0,3.0,2437250.0,Trung bình,0.29
C04443,30,Nữ,Hà Nội,57,3,1,30.0,3.0,4509850.0,Đang hoạt động,0.456
C04444,45,Nam,TP HCM,10,0,0,10.0,4.0,3875000.0,Đang hoạt động,0.444
C04445,30,Nữ,Hà Nội,17,2,1,30.0,4.0,1410300.0,Đang hoạt động,0.575
C04446,51,Nữ,Đà Nẵng,23,1,0,11.0,6.0,14279119.0,Đang hoạt động,0.351
C04447,60,Nữ,Hà Nội,1,1,1,30.0,7.0,5911600.0,Đang hoạt động,0.41
C04448,35,Nữ,Hà Nội,13,0,0,73.0,2.0,984000.0,Trung bình,0.495
C04449,44,Nữ,TP HCM,55,1,0,209.0,4.0,1869700.0,Đã ngủ đông,0.249
C04450,68,Nam,Hà Nội,58,0,0,31.0,8.0,6080050.0,Trung bình,0.059
C04451,25,Nam,Hải Phòng,2,1,1,98.0,3.0,3486500.0,Trung bình,0.637
C04452,34,Nữ,Hà Nội,45,1,0,74.0,5.0,6013500.0,Trung bình,0.234
C04453,51,Nữ,Hà Nội,32,1,0,24.0,3.0,4171650.0,Đang hoạt động,0.411
C04454,27,Nam,Đà Nẵng,60,1,1,73.0,4.0,2479100.0,Trung bình,0.207
C04455,22,Nam,Đà Nẵng,44,2,1,42.0,5.0,7389463.0,Trung bình,0.355
C04456,55,Nữ,Hà Nội,23,1,0,9.0,7.0,6911800.0,Đang hoạt động,0.266
C04457,52,Nam,Cần Thơ,51,1,0,45.0,4.0,1944300.0,Trung bình,0.241
C04458,63,Nữ,Hà Nội,33,0,0,36.0,5.0,7371960.0,Trung bình,0.215
C04459,20,Nữ,TP HCM,25,1,0,7.0,10.0,9618650.0,Khách VIP,0.174
C04460,63,Nam,TP HCM,47,0,0,36.0,4.0,3359100.0,Trung bình,0.206
C04461,55,Nam,TP HCM,4,2,0,180.0,4.0,3791300.0,Đã ngủ đông,0.708
C04462,54,Nữ,Hà Nội,20,2,1,40.0,6.0,4907400.0,Trung bình,0.44
C04463,43,Nam,Hà Nội,42,2,1,48.0,5.0,7427250.0,Trung bình,0.345
C04464,25,Nữ,Hà Nội,6,2,1,72.0,5.0,5346700.0,Trung bình,0.609
C04465,24,Nữ,Hải Phòng,34,0,0,97.0,2.0,1225800.0,Trung bình,0.346
C04466,67,Nữ,Hà Nội,52,1,0,18.0,6.0,3706600.0,Đang hoạt động,0.157
C04467,28,Nữ,Hà Nội,26,3,0,47.0,2.0,2384500.0,Trung bình,0.726
C04468,46,Nữ,Cần Thơ,45,2,0,65.0,9.0,6345500.0,Trung bình,0.163
C04469,33,Nam,Hải Phòng,33,2,1,75.0,6.0,7924717.0,Trung bình,0.357
C04470,32,Nữ,Cần Thơ,25,2,1,63.0,6.0,9081550.0,Trung bình,0.427
C04471,52,Nam,Đà Nẵng,14,2,0,59.0,6.0,7135300.0,Trung bình,0.512
C04472,34,Nữ,Cần Thơ,50,3,1,88.0,5.0,5121150.0,Trung bình,0.406
C04473,52,Nam,TP HCM,14,0,1,104.0,4.0,4239400.0,Trung bình,0.417
C04474,57,Nữ,Cần Thơ,5,1,1,61.0,7.0,4947500.0,Trung bình,0.391
C04475,42,Nữ,Hà Nội,33,1,1,18.0,3.0,1732250.0,Đang hoạt động,0.4
C04476,63,Nam,TP HCM,59,0,0,125.0,7.0,3483650.0,Đã ngủ đông,0.083
C04477,31,Nữ,TP HCM,37,1,1,23.0,2.0,1643000.0,Đang hoạt động,0.473
C04478,42,Nữ,Đà Nẵng,49,1,0,2.0,3.0,16223583.245882029,Đang hoạt động,0.34
C04479,23,Nam,TP HCM,47,0,0,34.0,2.0,1055000.0,Trung bình,0.295
C04480,61,Nữ,Đà Nẵng,34,1,0,50.0,4.0,2746550.0,Trung bình,0.359
C04481,53,Nữ,Cần Thơ,28,1,0,49.0,2.0,466000.0,Trung bình,0.502
C04482,51,Nữ,TP HCM,21,1,1,288.0,1.0,180000.0,Đã ngủ đông,0.65
C04483,29,Nam,Hải Phòng,21,2,1,16.0,9.0,8446250.0,Đang hoạt động,0.281
C04484,19,Nữ,Đà Nẵng,3,0,1,10.0,4.0,4345500.0,Đang hoạt động,0.483
C04485,22,Nữ,TP HCM,36,2,0,27.0,3.0,3576000.0,Đang hoạt động,0.541
C04486,27,Nam,Hà Nội,13,0,0,2.0,8.0,5731550.0,Đang hoạt động,0.197
C04487,63,Nam,TP HCM,45,1,1,160.0,2.0,2007000.0,Đã ngủ đông,0.412
C04488,36,Nữ,Hà Nội,35,1,1,38.0,2.0,1726150.0,Trung bình,0.444
C04489,59,Nam,TP HCM,10,0,0,80.0,2.0,800450.0,Trung bình,0.554
C04490,67,Nam,Hà Nội,31,3,1,31.0,9.0,9932100.0,Trung bình,0.312
C04491,53,Nam,TP HCM,48,1,0,1.0,5.0,5824450.0,Đang hoạt động,0.243
C04492,65,Nam,Đà Nẵng,29,0,1,121.0,3.0,1403100.0,Đã ngủ đông,0.341
C04493,30,Nam,Cần Thơ,24,1,0,50.0,2.0,1576200.0,Trung bình,0.537
C04494,56,Nam,Hà Nội,28,2,0,1.0,6.0,4177950.0,Đang hoạt động,0.377
C04495,37,Nam,TP HCM,17,0,1,28.0,4.0,6296250.0,Đang hoạt động,0.4
C04496,36,Nữ,TP HCM,37,3,1,9.0,6.0,5097750.0,Đang hoạt động,0.472
C04497,24,Nữ,Hà Nội,47,0,0,70.0,8.0,6143500.0,Trung bình,0.083
C04498,67,Nam,Đà Nẵng,47,0,0,45.0,2.0,2669400.0,Trung bình,0.276
C04499,52,Nữ,Hà Nội,6,0,0,20.0,4.0,1894950.0,Đang hoạt động,0.427
C04500,46,Nữ,TP HCM,22,3,1,37.0,6.0,5710200.0,Trung bình,0.584
C04501,62,Nam,Hà Nội,35,3,1,104.0,4.0,4858200.0,Trung bình,0.559
C04502,37,Nam,Hải Phòng,26,1,1,65.0,5.0,5316000.0,Trung bình,0.348
C04503,69,Nam,Hà Nội,19,1,0,9.0,5.0,4204350.0,Đang hoạt động,0.387
C04504,25,Nữ,Đà Nẵng,16,2,1,14.0,5.0,7174000.0,Đang hoạt động,0.56
C04505,18,Nam,Hà Nội,43,1,0,34.0,7.0,7104700.0,Trung bình,0.17
C04506,45,Nữ,Cần Thơ,40,1,0,29.0,3.0,512000.0,Đang hoạt động,0.358
C04507,39,Nữ,Hải Phòng,16,3,0,277.0,1.0,2302000.0,Đã ngủ đông,0.823
C04508,64,Nam,Hà Nội,8,0,0,39.0,4.0,2644400.0,Trung bình,0.411
C04509,56,Nam,Hà Nội,2,1,1,2.0,5.0,3011200.0,Đang hoạt động,0.512
C04510,21,Nam,TP HCM,16,0,0,160.0,4.0,4445900.0,Đã ngủ đông,0.41
C04511,25,Nam,TP HCM,29,1,0,57.0,2.0,904000.0,Trung bình,0.532
C04512,38,Nữ,TP HCM,7,2,0,58.0,2.0,1134000.0,Trung bình,0.776
C04513,41,Nam,Hà Nội,43,2,0,106.0,4.0,3392000.0,Trung bình,0.387
C04514,69,Nữ,Hà Nội,16,2,1,38.0,5.0,5257400.0,Trung bình,0.527
C04515,65,Nam,Hà Nội,43,2,1,192.0,2.0,3898000.0,Đã ngủ đông,0.503
C04516,52,Nam,Hải Phòng,11,1,0,73.0,3.0,1993700.0,Trung bình,0.563
C04517,38,Nam,Đà Nẵng,29,0,1,14.0,2.0,979000.0,Đang hoạt động,0.395
C04518,35,Nam,Đà Nẵng,3,0,1,1.0,3.0,1130850.0,Đang hoạt động,0.53
C04519,35,Nữ,Đà Nẵng,13,1,1,16.0,4.0,6852000.0,Đang hoạt động,0.525
C04520,32,Nam,Cần Thơ,51,0,0,41.0,3.0,3090600.0,Trung bình,0.207
C04521,26,Nữ,TP HCM,59,0,0,33.0,5.0,4566850.0,Trung bình,0.13
C04522,46,Nữ,Hải Phòng,21,1,0,46.0,4.0,6004750.0,Trung bình,0.44
C04523,63,Nữ,Hà Nội,47,1,0,86.0,2.0,1126350.0,Trung bình,0.354
C04524,57,Nữ,TP HCM,26,0,0,5.0,8.0,6460200.0,Đang hoạt động,0.164
C04525,21,Nam,TP HCM,46,0,1,85.0,1.0,1044900.0,Trung bình,0.355
C04526,52,Nam,TP HCM,52,4,1,12.0,5.0,3307650.0,Đang hoạt động,0.525
C04527,58,Nữ,Cần Thơ,22,3,1,18.0,6.0,5080200.0,Đang hoạt động,0.549
C04528,33,Nữ,Hà Nội,35,0,0,7.0,6.0,4156700.0,Đang hoạt động,0.167
C04529,35,Nam,Cần Thơ,46,0,0,94.0,4.0,8600800.0,Trung bình,0.202
C04530,64,Nam,Hải Phòng,26,1,0,53.0,2.0,576650.0,Trung bình,0.504
C04531,37,Nam,TP HCM,17,1,0,67.0,5.0,4641650.0,Trung bình,0.452
C04532,66,Nam,TP HCM,53,2,1,2.0,8.0,14248000.0,Đang hoạt động,0.187
C04533,46,Nam,Hà Nội,20,1,1,5.0,5.0,8628100.0,Đang hoạt động,0.393
C04534,65,Nữ,Hà Nội,24,2,0,86.0,2.0,5669000.0,Trung bình,0.643
C04535,32,Nữ,Hải Phòng,34,1,0,128.0,9.0,10001150.0,Đã ngủ đông,0.148
C04536,20,Nữ,TP HCM,23,2,0,16.0,3.0,1132000.0,Đang hoạt động,0.63
C04537,62,Nam,Hà Nội,12,2,1,15.0,3.0,3855300.0,Đang hoạt động,0.664
C04538,60,Nam,Hà Nội,29,1,0,167.0,1.0,474000.0,Đã ngủ đông,0.545
C04539,30,Nam,Cần Thơ,33,1,0,34.0,5.0,3733350.0,Trung bình,0.308
C04540,30,Nữ,TP HCM,15,2,1,103.0,2.0,6177612.066498362,Trung bình,0.743
C04541,67,Nữ,TP HCM,13,0,0,2.0,7.0,4341350.0,Đang hoạt động,0.263
C04542,18,Nữ,Cần Thơ,16,1,1,8.0,5.0,5245500.0,Đang hoạt động,0.431
C04543,20,Nam,Hải Phòng,34,3,0,137.0,1.0,621000.0,Đã ngủ đông,0.725
C04544,70,Nữ,Hà Nội,18,1,1,46.0,3.0,4398400.0,Trung bình,0.513
C04545,50,Nữ,Đà Nẵng,49,0,0,26.0,6.0,4430350.0,Đang hoạt động,0.126
C04546,44,Nam,TP HCM,59,2,0,48.0,3.0,4576000.0,Trung bình,0.37
C04547,31,Nam,TP HCM,25,1,1,176.0,5.0,6349850.0,Đã ngủ đông,0.402
C04548,40,Nam,TP HCM,7,2,1,104.0,2.0,2941200.0,Trung bình,0.779
C04549,29,Nữ,Hải Phòng,4,2,0,9.0,4.0,2424550.0,Đang hoạt động,0.669
C04550,44,Nữ,TP HCM,40,0,0,163.0,4.0,2695200.0,Đã ngủ đông,0.248
C04551,58,Nữ,Hà Nội,15,0,0,60.0,5.0,5720450.0,Trung bình,0.318
C04552,37,Nữ,TP HCM,27,0,1,10.0,6.0,4302400.0,Đang hoạt động,0.233
C04553,67,Nữ,Đà Nẵng,33,3,1,3.0,4.0,5118000.0,Đang hoạt động,0.593
C04554,22,Nữ,TP HCM,54,2,0,107.0,3.0,2099200.0,Trung bình,0.407
C04555,51,Nữ,Hà Nội,36,2,1,160.0,4.0,5229300.0,Đã ngủ đông,0.443
C04556,30,Nam,Cần Thơ,41,3,0,32.0,5.0,8664000.0,Trung bình,0.477
C04557,33,Nữ,TP HCM,13,0,0,4.0,8.0,9363150.0,Đang hoạt động,0.232
C04558,36,Nữ,Đà Nẵng,4,2,0,20.0,4.0,4240300.0,Đang hoạt động,0.691
C04559,63,Nam,Cần Thơ,28,1,1,126.0,6.0,8104050.0,Đã ngủ đông,0.296
C04560,22,Nữ,Cần Thơ,10,2,1,35.0,3.0,2018350.0,Trung bình,0.691
C04561,66,Nữ,Hải Phòng,57,0,0,999.0,0.0,0.0,Chưa mua,0.319
C04562,26,Nam,Hải Phòng,59,0,0,130.0,1.0,149400.0,Đã ngủ đông,0.238
C04563,51,Nam,Hải Phòng,6,0,0,69.0,5.0,5885850.0,Trung bình,0.38
C04564,57,Nữ,Cần Thơ,38,0,1,20.0,5.0,14620268.0,Đang hoạt động,0.208
C04565,53,Nữ,TP HCM,46,3,0,12.0,8.0,9183334.0,Đang hoạt động,0.304
C04566,54,Nữ,TP HCM,51,0,0,3.0,4.0,1825850.0,Đang hoạt động,0.186
C04567,52,Nữ,TP HCM,26,0,0,165.0,2.0,3843000.0,Đã ngủ đông,0.447
C04568,28,Nam,TP HCM,21,0,0,102.0,3.0,1474450.0,Trung bình,0.421
C04569,28,Nữ,Đà Nẵng,14,2,1,9.0,3.0,614500.0,Đang hoạt động,0.671
C04570,23,Nam,TP HCM,12,2,1,34.0,3.0,2839000.0,Trung bình,0.706
C04571,37,Nữ,Đà Nẵng,40,2,1,29.0,2.0,1377000.0,Đang hoạt động,0.543
C04572,51,Nam,TP HCM,13,5,1,56.0,4.0,13535031.0,Trung bình,0.887
C04573,28,Nam,TP HCM,35,2,0,10.0,7.0,16392904.0,Đang hoạt động,0.344
C04574,65,Nữ,TP HCM,45,0,0,39.0,2.0,2991700.0,Trung bình,0.306
C04575,39,Nữ,TP HCM,15,0,0,18.0,5.0,5218450.0,Đang hoạt động,0.357
C04576,50,Nữ,Đà Nẵng,29,0,0,49.0,4.0,6051501.0,Trung bình,0.3
C04577,58,Nữ,Hải Phòng,49,1,0,1.0,3.0,1095000.0,Đang hoạt động,0.288
C04578,36,Nữ,Hà Nội,54,0,1,10.0,4.0,2133000.0,Đang hoạt động,0.151
C04579,55,Nữ,TP HCM,40,2,1,59.0,4.0,4366400.0,Trung bình,0.45
C04580,24,Nữ,TP HCM,41,1,0,84.0,5.0,1449350.0,Trung bình,0.284
C04581,26,Nữ,Cần Thơ,8,1,1,2.0,3.0,5210900.0,Đang hoạt động,0.605
C04582,28,Nam,Cần Thơ,11,0,1,74.0,2.0,5165000.0,Trung bình,0.53
C04583,58,Nữ,Hà Nội,48,1,1,14.0,3.0,2642000.0,Đang hoạt động,0.297
C04584,33,Nữ,TP HCM,3,2,1,55.0,2.0,1245000.0,Trung bình,0.797
C04585,49,Nữ,Hà Nội,17,0,0,14.0,8.0,15494000.0,Đang hoạt động,0.191
C04586,41,Nam,Cần Thơ,29,1,0,47.0,2.0,3244600.0,Trung bình,0.502
C04587,54,Nữ,TP HCM,38,0,1,127.0,3.0,3033450.0,Đã ngủ đông,0.305
C04588,19,Nữ,Hà Nội,39,1,0,295.0,2.0,1965800.0,Đã ngủ đông,0.428
C04589,20,Nữ,Đà Nẵng,35,1,0,48.0,7.0,9834400.0,Trung bình,0.227
C04590,25,Nữ,Hà Nội,46,0,1,86.0,1.0,855100.0,Trung bình,0.317
C04591,23,Nữ,TP HCM,2,0,0,74.0,3.0,1720800.0,Trung bình,0.565
C04592,35,Nữ,Hà Nội,8,1,0,103.0,6.0,7051150.0,Trung bình,0.426
C04593,56,Nam,Hải Phòng,5,1,0,34.0,2.0,395000.0,Trung bình,0.657
C04594,69,Nam,Đà Nẵng,58,0,0,256.0,1.0,1307200.0,Đã ngủ đông,0.261
C04595,26,Nữ,Cần Thơ,8,1,1,74.0,3.0,5150650.0,Trung bình,0.608
C04596,39,Nam,TP HCM,59,1,0,41.0,4.0,2012000.0,Trung bình,0.223
C04597,30,Nam,Cần Thơ,54,1,1,93.0,4.0,8638000.0,Trung bình,0.24
C04598,41,Nam,Hà Nội,15,0,0,6.0,7.0,11710150.0,Đang hoạt động,0.234
C04599,48,Nữ,Hải Phòng,47,0,0,61.0,7.0,11216000.0,Trung bình,0.106
C04600,41,Nữ,TP HCM,24,2,1,7.0,7.0,6524571.172459178,Đang hoạt động,0.4
C04601,53,Nam,TP HCM,6,0,1,119.0,2.0,2152000.0,Trung bình,0.589
C04602,35,Nữ,Hải Phòng,6,0,1,3.0,6.0,9476100.0,Đang hoạt động,0.335
C04603,55,Nữ,Hải Phòng,48,3,1,16.0,3.0,1887250.0,Đang hoạt động,0.514
C04604,69,Nữ,Đà Nẵng,51,1,0,141.0,1.0,774900.0,Đã ngủ đông,0.403
C04605,21,Nam,Hà Nội,11,0,0,13.0,2.0,900000.0,Đang hoạt động,0.508
C04606,63,Nữ,TP HCM,50,1,1,170.0,2.0,1925400.0,Đã ngủ đông,0.378
C04607,22,Nam,Hà Nội,36,1,0,75.0,4.0,4130200.0,Trung bình,0.333
C04608,26,Nam,TP HCM,18,1,0,80.0,8.0,14900934.0,Trung bình,0.304
C04609,19,Nữ,TP HCM,26,1,0,217.0,3.0,2402950.0,Đã ngủ đông,0.507
C04610,33,Nữ,Đà Nẵng,23,0,0,3.0,12.0,13292300.0,Khách VIP,0.077
C04611,70,Nam,Hà Nội,47,0,0,181.0,4.0,3623400.0,Đã ngủ đông,0.182
C04612,37,Nam,Hải Phòng,23,2,0,95.0,2.0,2102000.0,Trung bình,0.646
C04613,19,Nữ,Hà Nội,29,2,0,95.0,4.0,4091700.0,Trung bình,0.496
C04614,43,Nữ,TP HCM,37,1,1,62.0,4.0,6014850.0,Trung bình,0.367
C04615,49,Nữ,TP HCM,45,3,1,231.0,1.0,129200.0,Đã ngủ đông,0.691
C04616,37,Nữ,TP HCM,40,2,0,19.0,4.0,4723200.0,Đang hoạt động,0.452
C04617,70,Nữ,TP HCM,8,0,0,109.0,6.0,10275300.0,Trung bình,0.36
C04618,18,Nữ,Cần Thơ,36,1,0,5.0,6.0,5440900.0,Đang hoạt động,0.247
C04619,36,Nữ,TP HCM,60,0,0,30.0,5.0,2051000.0,Đang hoạt động,0.123
C04620,19,Nữ,TP HCM,20,2,1,72.0,4.0,945950.0,Trung bình,0.598
C04621,60,Nam,TP HCM,2,0,1,37.0,6.0,5190150.0,Trung bình,0.389
C04622,60,Nữ,TP HCM,55,1,0,11.0,4.0,5624300.0,Đang hoạt động,0.248
C04623,45,Nữ,Hà Nội,7,3,1,163.0,2.0,1303550.0,Đã ngủ đông,0.824
C04624,50,Nam,Hải Phòng,44,0,0,28.0,9.0,10704350.0,Đang hoạt động,0.073
C04625,56,Nam,Hà Nội,18,1,0,56.0,4.0,2604650.0,Trung bình,0.452
C04626,33,Nữ,Hà Nội,37,2,0,20.0,7.0,5105150.0,Đang hoạt động,0.274
C04627,35,Nam,Đà Nẵng,54,1,0,120.0,2.0,906900.0,Trung bình,0.332
C04628,34,Nam,TP HCM,55,0,1,21.0,3.0,908700.0,Đang hoạt động,0.204
C04629,34,Nam,Hải Phòng,9,1,1,57.0,6.0,9124320.0,Trung bình,0.421
C04630,62,Nam,Hải Phòng,54,0,1,141.0,3.0,2320000.0,Đã ngủ đông,0.184
C04631,20,Nam,TP HCM,20,0,1,78.0,6.0,16036436.0,Trung bình,0.297
C04632,20,Nam,Hà Nội,55,2,0,151.0,2.0,1220800.0,Đã ngủ đông,0.414
C04633,27,Nữ,Đà Nẵng,46,0,0,89.0,3.0,1570800.0,Trung bình,0.242
C04634,49,Nam,Cần Thơ,56,2,1,26.0,3.0,1865000.0,Đang hoạt động,0.354
C04635,69,Nữ,TP HCM,32,2,1,3.0,5.0,3523800.0,Đang hoạt động,0.445
C04636,62,Nữ,Hà Nội,33,1,0,14.0,4.0,2499250.0,Đang hoạt động,0.343
C04637,37,Nữ,Đà Nẵng,29,2,1,22.0,5.0,16719965.0,Đang hoạt động,0.483
C04638,65,Nam,Hà Nội,21,1,0,63.0,3.0,959950.0,Trung bình,0.483
C04639,53,Nam,Hà Nội,23,1,1,10.0,5.0,6373900.0,Đang hoạt động,0.366
C04640,47,Nam,TP HCM,17,3,0,34.0,6.0,3725950.0,Trung bình,0.614
C04641,70,Nữ,Hải Phòng,39,1,1,40.0,1.0,932000.0,Trung bình,0.466
C04642,20,Nam,Đà Nẵng,37,4,1,41.0,6.0,5421450.0,Trung bình,0.569
C04643,47,Nam,Đà Nẵng,48,0,0,11.0,2.0,1055000.0,Đang hoạt động,0.269
C04644,67,Nữ,Đà Nẵng,56,1,0,65.0,3.0,1563000.0,Trung bình,0.266
C04645,70,Nam,TP HCM,38,1,0,54.0,4.0,7476150.0,Trung bình,0.357
C04646,28,Nữ,Hải Phòng,36,0,1,93.0,4.0,2002150.0,Trung bình,0.238
C04647,38,Nữ,TP HCM,17,0,1,183.0,1.0,366700.0,Đã ngủ đông,0.568
C04648,47,Nam,Hà Nội,21,1,1,46.0,5.0,4056650.0,Trung bình,0.377
C04649,60,Nữ,TP HCM,9,1,0,23.0,7.0,11080200.0,Đang hoạt động,0.405
C04650,48,Nam,TP HCM,2,1,1,186.0,2.0,1594000.0,Đã ngủ đông,0.72
C04651,21,Nam,Hà Nội,44,0,0,22.0,9.0,3347250.0,Đang hoạt động,0.07
C04652,43,Nam,TP HCM,1,1,1,83.0,6.0,5228800.0,Trung bình,0.513
C04653,22,Nữ,TP HCM,12,2,0,46.0,5.0,3764200.0,Trung bình,0.603
C04654,38,Nữ,Đà Nẵng,16,0,1,63.0,4.0,1004850.0,Trung bình,0.379
C04655,64,Nam,Hà Nội,28,0,0,42.0,6.0,5878900.0,Trung bình,0.198
C04656,25,Nữ,Hải Phòng,25,2,1,15.0,4.0,4605600.0,Đang hoạt động,0.524
C04657,53,Nữ,Hà Nội,60,3,1,208.0,2.0,15724710.0,Đã ngủ đông,0.521
C04658,61,Nam,TP HCM,40,1,0,1.0,6.0,3014600.0,Đang hoạt động,0.238
C04659,21,Nam,TP HCM,54,1,0,1.0,4.0,3894750.0,Đang hoạt động,0.255
C04660,26,Nữ,TP HCM,57,1,0,44.0,4.0,4284900.0,Trung bình,0.24
C04661,59,Nam,Cần Thơ,50,0,0,112.0,5.0,6731800.0,Trung bình,0.147
C04662,31,Nữ,Hải Phòng,29,0,0,31.0,7.0,5530150.0,Trung bình,0.162
C04663,19,Nam,Hải Phòng,39,1,0,159.0,5.0,5922900.0,Đã ngủ đông,0.272
C04664,65,Nam,TP HCM,14,0,1,72.0,3.0,4414000.0,Trung bình,0.472
C04665,50,Nữ,TP HCM,22,1,0,71.0,3.0,3036900.0,Trung bình,0.528
C04666,32,Nữ,Hà Nội,2,0,0,7.0,5.0,3401850.0,Đang hoạt động,0.405
C04667,22,Nữ,TP HCM,4,0,0,124.0,1.0,950300.0,Đã ngủ đông,0.662
C04668,46,Nữ,TP HCM,35,0,0,94.0,7.0,5004250.0,Trung bình,0.16
C04669,29,Nữ,Hải Phòng,2,2,1,115.0,5.0,6718250.0,Trung bình,0.641
C04670,39,Nam,Hải Phòng,31,1,1,82.0,4.0,1265350.0,Trung bình,0.359
C04671,50,Nam,Hà Nội,8,1,1,111.0,4.0,5498500.0,Trung bình,0.536
C04672,70,Nữ,Đà Nẵng,20,1,1,21.0,5.0,8490400.0,Đang hoạt động,0.413
C04673,50,Nữ,Hải Phòng,29,3,1,48.0,2.0,1390650.0,Trung bình,0.703
C04674,18,Nam,TP HCM,2,2,1,999.0,0.0,0.0,Chưa mua,0.881
C04675,65,Nam,Hà Nội,45,1,1,50.0,5.0,4021100.0,Trung bình,0.225
C04676,37,Nam,Đà Nẵng,30,1,1,166.0,4.0,6967650.0,Đã ngủ đông,0.403
C04677,20,Nam,Hải Phòng,36,0,0,68.0,6.0,3480850.0,Trung bình,0.164
C04678,25,Nam,Cần Thơ,45,1,0,45.0,4.0,5113000.0,Trung bình,0.285
C04679,65,Nữ,Hà Nội,48,0,0,252.0,1.0,174000.0,Đã ngủ đông,0.302
C04680,32,Nữ,Đà Nẵng,60,2,0,2.0,8.0,3696900.0,Đang hoạt động,0.139
C04681,58,Nam,Cần Thơ,24,3,0,59.0,6.0,4522600.0,Trung bình,0.532
C04682,54,Nam,Hải Phòng,4,4,1,53.0,5.0,2794000.0,Trung bình,0.797
C04683,35,Nam,Đà Nẵng,6,2,1,146.0,3.0,2424200.0,Đã ngủ đông,0.727
C04684,63,Nữ,Hải Phòng,20,1,0,123.0,1.0,2457000.0,Đã ngủ đông,0.614
C04685,20,Nam,Đà Nẵng,43,1,0,181.0,2.0,4052846.0,Đã ngủ đông,0.42
C04686,36,Nữ,Cần Thơ,18,3,0,50.0,6.0,8119350.0,Trung bình,0.59
C04687,30,Nữ,Hải Phòng,48,1,0,200.0,4.0,2584400.0,Đã ngủ đông,0.26
C04688,23,Nữ,TP HCM,17,0,0,45.0,5.0,7281950.0,Trung bình,0.351
C04689,27,Nam,Cần Thơ,1,0,1,61.0,1.0,742000.0,Trung bình,0.649
C04690,36,Nam,Cần Thơ,18,1,1,3.0,5.0,5865950.0,Đang hoạt động,0.413
C04691,25,Nữ,TP HCM,24,2,0,59.0,4.0,3553200.0,Trung bình,0.573
C04692,48,Nữ,Cần Thơ,51,5,1,24.0,3.0,2762500.0,Đang hoạt động,0.718
C04693,46,Nữ,TP HCM,53,1,0,3.0,3.0,2870900.0,Đang hoạt động,0.304
C04694,69,Nam,TP HCM,16,2,0,113.0,7.0,4525850.0,Trung bình,0.452
C04695,46,Nam,TP HCM,44,0,0,69.0,2.0,3489000.0,Trung bình,0.316
C04696,36,Nữ,Hải Phòng,56,0,0,250.0,2.0,968050.0,Đã ngủ đông,0.217
C04697,37,Nữ,TP HCM,54,1,0,58.0,3.0,3623200.0,Trung bình,0.302
C04698,49,Nam,Hà Nội,58,2,0,59.0,8.0,9548400.0,Trung bình,0.14
C04699,25,Nam,TP HCM,38,3,1,35.0,4.0,2483100.0,Trung bình,0.577
C04700,60,Nữ,Hà Nội,13,0,0,14.0,5.0,3065800.0,Đang hoạt động,0.324
C04701,37,Nữ,Hà Nội,27,0,0,56.0,2.0,1153050.0,Trung bình,0.391
C04702,57,Nữ,Đà Nẵng,34,1,0,133.0,5.0,2007050.0,Đã ngủ đông,0.309
C04703,55,Nữ,TP HCM,18,2,1,59.0,5.0,4571550.0,Trung bình,0.556
C04704,39,Nam,Hà Nội,11,0,0,83.0,5.0,4872100.0,Trung bình,0.345
C04705,47,Nam,TP HCM,47,2,1,88.0,4.0,1531450.0,Trung bình,0.394
C04706,30,Nữ,TP HCM,32,2,1,104.0,3.0,1045800.0,Trung bình,0.567
C04707,70,Nam,TP HCM,14,2,1,36.0,3.0,3892900.0,Trung bình,0.688
C04708,29,Nam,TP HCM,10,3,0,15.0,7.0,4024500.0,Đang hoạt động,0.611
C04709,41,Nữ,TP HCM,48,2,1,137.0,3.0,1182350.0,Đã ngủ đông,0.447
C04710,32,Nam,TP HCM,43,0,0,81.0,3.0,1535000.0,Trung bình,0.272
C04711,70,Nam,Hà Nội,4,3,0,17.0,8.0,4292900.0,Đang hoạt động,0.549
C04712,61,Nữ,Hải Phòng,38,2,0,23.0,4.0,1248750.0,Đang hoạt động,0.414
C04713,20,Nữ,Hà Nội,33,1,1,50.0,4.0,6568050.0,Trung bình,0.359
C04714,28,Nam,Hà Nội,13,1,0,65.0,5.0,13994842.0,Trung bình,0.461
C04715,27,Nữ,Hà Nội,20,1,1,65.0,4.0,2761100.0,Trung bình,0.444
C04716,31,Nam,Cần Thơ,2,1,0,62.0,5.0,2055600.0,Trung bình,0.527
C04717,70,Nữ,TP HCM,51,2,0,6.0,7.0,5030650.0,Đang hoạt động,0.223
C04718,19,Nữ,Cần Thơ,11,1,0,18.0,5.0,4537500.0,Đang hoạt động,0.467
C04719,24,Nam,TP HCM,46,0,1,999.0,0.0,0.0,Chưa mua,0.441
C04720,37,Nam,Hải Phòng,45,3,1,27.0,4.0,4144400.0,Đang hoạt động,0.484
C04721,30,Nam,Cần Thơ,11,2,1,171.0,3.0,4403250.0,Đã ngủ đông,0.691
C04722,51,Nam,Hà Nội,13,2,0,102.0,4.0,2731050.0,Trung bình,0.605
C04723,64,Nam,Hải Phòng,25,0,0,26.0,6.0,5666550.0,Đang hoạt động,0.212
C04724,54,Nữ,Hải Phòng,42,1,0,125.0,6.0,15381750.0,Đã ngủ đông,0.223
C04725,44,Nữ,TP HCM,42,1,1,21.0,2.0,1131600.0,Đang hoạt động,0.432
C04726,38,Nữ,Cần Thơ,52,2,1,94.0,3.0,1767050.0,Trung bình,0.387
C04727,24,Nữ,TP HCM,48,1,0,29.0,2.0,2366300.0,Đang hoạt động,0.395
C04728,23,Nam,Hải Phòng,17,0,0,153.0,6.0,8922450.0,Đã ngủ đông,0.27
C04729,38,Nam,TP HCM,30,3,1,157.0,1.0,1622000.0,Đã ngủ đông,0.779
C04730,26,Nữ,TP HCM,22,0,0,61.0,6.0,4982950.0,Trung bình,0.265
C04731,38,Nam,TP HCM,35,2,0,24.0,6.0,1849050.0,Đang hoạt động,0.367
C04732,62,Nam,TP HCM,52,0,0,13.0,2.0,1809400.0,Đang hoạt động,0.26
C04733,46,Nam,Hải Phòng,2,2,1,22.0,5.0,5165000.0,Đang hoạt động,0.631
C04734,63,Nam,TP HCM,45,2,0,62.0,9.0,10137350.0,Trung bình,0.184
C04735,35,Nam,Hà Nội,56,1,0,29.0,6.0,1252350.0,Đang hoạt động,0.141
C04736,62,Nữ,Hải Phòng,25,1,1,5.0,4.0,5367900.0,Đang hoạt động,0.406
C04737,37,Nữ,TP HCM,13,1,1,999.0,0.0,0.0,Chưa mua,0.77
C04738,21,Nữ,Cần Thơ,60,0,0,5.0,4.0,4551100.0,Đang hoạt động,0.138
C04739,33,Nữ,Hà Nội,10,2,0,26.0,3.0,1254700.0,Đang hoạt động,0.678
C04740,53,Nữ,Hải Phòng,31,1,0,73.0,2.0,1129600.0,Trung bình,0.472
C04741,27,Nữ,TP HCM,43,1,1,44.0,2.0,2236000.0,Trung bình,0.431
C04742,29,Nam,Cần Thơ,43,5,1,51.0,3.0,2103000.0,Trung bình,0.765
C04743,51,Nữ,Hải Phòng,51,1,1,59.0,5.0,6515000.0,Trung bình,0.202
C04744,49,Nam,Hà Nội,53,3,1,13.0,10.0,11405299.0,Khách VIP,0.159
C04745,46,Nam,Đà Nẵng,55,1,0,47.0,3.0,2687000.0,Trung bình,0.275
C04746,38,Nữ,Hải Phòng,40,1,0,56.0,4.0,2064250.0,Trung bình,0.302
C04747,37,Nam,Đà Nẵng,27,2,0,31.0,4.0,3155400.0,Trung bình,0.525
C04748,47,Nam,TP HCM,41,0,1,14.0,1.0,3282000.0,Đang hoạt động,0.388
C04749,35,Nam,Hà Nội,50,2,1,62.0,4.0,5348300.0,Trung bình,0.342
C04750,18,Nam,TP HCM,39,1,0,74.0,2.0,1950400.0,Trung bình,0.461
C04751,20,Nữ,Hải Phòng,20,1,0,8.0,6.0,4673350.0,Đang hoạt động,0.336
C04752,70,Nữ,TP HCM,55,2,1,27.0,6.0,8109100.0,Đang hoạt động,0.249
C04753,63,Nữ,TP HCM,3,2,1,161.0,2.0,1197000.0,Đã ngủ đông,0.796
C04754,50,Nữ,TP HCM,36,1,0,90.0,3.0,1554000.0,Trung bình,0.421
C04755,29,Nam,Hà Nội,38,0,1,110.0,2.0,1770000.0,Trung bình,0.319
C04756,60,Nữ,Hà Nội,1,1,0,163.0,2.0,2185000.0,Đã ngủ đông,0.691
C04757,53,Nữ,Hải Phòng,36,1,1,44.0,3.0,2343450.0,Trung bình,0.379
C04758,22,Nam,Hải Phòng,19,2,1,149.0,2.0,1232150.0,Đã ngủ đông,0.676
C04759,35,Nữ,TP HCM,46,0,0,14.0,2.0,2769082.0,Đang hoạt động,0.303
C04760,26,Nữ,TP HCM,29,1,1,38.0,1.0,993000.0,Trung bình,0.59
C04761,58,Nữ,TP HCM,28,0,0,27.0,4.0,2911200.0,Đang hoạt động,0.315
C04762,50,Nữ,Đà Nẵng,34,1,0,999.0,0.0,0.0,Chưa mua,0.62
C04763,66,Nam,TP HCM,12,1,0,227.0,1.0,1558800.0,Đã ngủ đông,0.706
C04764,38,Nam,Hà Nội,39,0,1,71.0,1.0,824500.0,Trung bình,0.36
C04765,48,Nữ,Hà Nội,31,2,0,98.0,7.0,4455000.0,Trung bình,0.31
C04766,56,Nam,Hà Nội,13,1,1,160.0,4.0,3222500.0,Đã ngủ đông,0.494
C04767,28,Nữ,Đà Nẵng,22,2,0,16.0,7.0,2492000.0,Đang hoạt động,0.388
C04768,62,Nam,TP HCM,21,1,1,32.0,2.0,5250000.0,Trung bình,0.593
C04769,43,Nữ,TP HCM,54,1,0,135.0,5.0,3948700.0,Đã ngủ đông,0.214
C04770,67,Nữ,TP HCM,53,4,0,18.0,4.0,3414350.0,Đang hoạt động,0.575
C04771,51,Nam,Hà Nội,43,0,0,40.0,6.0,6524700.0,Trung bình,0.137
C04772,43,Nữ,Hải Phòng,21,1,0,73.0,4.0,3480700.0,Trung bình,0.436
C04773,66,Nữ,Hà Nội,15,2,0,2.0,11.0,5754700.0,Khách VIP,0.218
C04774,70,Nữ,Đà Nẵng,45,0,1,44.0,4.0,2899900.0,Trung bình,0.202
C04775,54,Nữ,Hải Phòng,14,0,0,22.0,7.0,9245400.0,Đang hoạt động,0.236
C04776,45,Nam,Đà Nẵng,7,5,1,62.0,6.0,5731250.0,Trung bình,0.835
C04777,61,Nữ,Hải Phòng,1,3,1,33.0,3.0,2605000.0,Trung bình,0.813
C04778,27,Nữ,Đà Nẵng,35,2,0,77.0,10.0,7329050.0,Trung bình,0.183
C04779,47,Nam,Đà Nẵng,36,2,1,71.0,2.0,335100.0,Trung bình,0.569
C04780,38,Nữ,Hà Nội,28,2,1,21.0,2.0,3608000.0,Đang hoạt động,0.613
C04781,41,Nam,Đà Nẵng,7,2,1,23.0,3.0,2664200.0,Đang hoạt động,0.717
C04782,25,Nữ,TP HCM,40,0,0,176.0,3.0,11068760.0,Đã ngủ đông,0.314
C04783,37,Nam,TP HCM,11,1,1,2.0,4.0,5307000.0,Đang hoạt động,0.554
C04784,70,Nam,TP HCM,20,2,0,35.0,5.0,6050750.0,Trung bình,0.54
C04785,52,Nam,Hà Nội,48,0,0,73.0,3.0,2792600.0,Trung bình,0.213
C04786,64,Nam,Hà Nội,15,1,0,89.0,1.0,5012000.0,Trung bình,0.652
C04787,65,Nữ,Hải Phòng,15,0,0,8.0,7.0,5275400.0,Đang hoạt động,0.223
C04788,52,Nam,TP HCM,25,1,1,70.0,5.0,8608150.0,Trung bình,0.399
C04789,35,Nam,Hà Nội,2,0,1,9.0,7.0,9897900.0,Đang hoạt động,0.309
C04790,51,Nữ,Cần Thơ,57,1,0,52.0,4.0,4421350.0,Trung bình,0.215
C04791,30,Nữ,TP HCM,4,2,1,102.0,1.0,1762900.0,Trung bình,0.83
C04792,57,Nam,TP HCM,4,1,1,268.0,1.0,597000.0,Đã ngủ đông,0.754
C04793,33,Nữ,TP HCM,46,3,1,208.0,3.0,3065000.0,Đã ngủ đông,0.584
C04794,30,Nữ,Hà Nội,11,0,0,83.0,3.0,850400.0,Trung bình,0.452
C04795,43,Nam,Hà Nội,25,0,0,64.0,3.0,3399100.0,Trung bình,0.352
C04796,37,Nam,TP HCM,10,1,0,51.0,11.0,22767366.0,Trung bình,0.225
C04797,63,Nữ,TP HCM,53,2,0,108.0,2.0,353000.0,Trung bình,0.462
C04798,47,Nam,TP HCM,20,1,1,22.0,1.0,529000.0,Đang hoạt động,0.648
C04799,59,Nữ,Đà Nẵng,35,3,1,21.0,5.0,7607700.0,Đang hoạt động,0.528
C04800,35,Nữ,Hải Phòng,1,0,0,59.0,4.0,703200.0,Trung bình,0.466
C04801,49,Nam,TP HCM,43,0,0,30.0,5.0,10344000.0,Đang hoạt động,0.199
C04802,33,Nữ,TP HCM,10,1,1,36.0,4.0,5429900.0,Trung bình,0.565
C04803,31,Nữ,Đà Nẵng,31,1,0,24.0,6.0,4395700.0,Đang hoạt động,0.283
C04804,24,Nam,Hải Phòng,22,0,0,147.0,1.0,3296875.0,Đã ngủ đông,0.495
C04805,37,Nữ,Đà Nẵng,5,0,0,137.0,1.0,141950.0,Đã ngủ đông,0.633
C04806,18,Nam,TP HCM,26,3,1,116.0,3.0,3266000.0,Trung bình,0.717
C04807,41,Nữ,Cần Thơ,5,0,0,113.0,5.0,6586400.0,Trung bình,0.403
C04808,49,Nữ,TP HCM,15,1,1,14.0,7.0,4575300.0,Đang hoạt động,0.35
C04809,51,Nữ,Hà Nội,6,0,1,23.0,5.0,6612300.0,Đang hoạt động,0.381
C04810,49,Nam,TP HCM,60,2,1,999.0,0.0,0.0,Chưa mua,0.56
C04811,46,Nữ,Đà Nẵng,60,3,0,1.0,7.0,6999450.0,Đang hoạt động,0.248
C04812,65,Nam,Cần Thơ,39,1,0,4.0,2.0,3954344.0,Đang hoạt động,0.423
C04813,31,Nam,Hà Nội,6,1,0,217.0,2.0,1308000.0,Đã ngủ đông,0.661
C04814,25,Nữ,Hà Nội,39,3,1,23.0,5.0,3390000.0,Đang hoạt động,0.471
C04815,48,Nữ,Hà Nội,43,0,1,57.0,6.0,6156850.0,Trung bình,0.138
C04816,37,Nam,Hà Nội,30,1,1,101.0,2.0,643000.0,Trung bình,0.48
C04817,41,Nữ,Hà Nội,42,1,0,45.0,3.0,1366000.0,Trung bình,0.337
C04818,64,Nam,TP HCM,36,1,0,87.0,5.0,4906000.0,Trung bình,0.315
C04819,37,Nam,Hà Nội,38,2,1,199.0,1.0,407700.0,Đã ngủ đông,0.595
C04820,44,Nữ,Hà Nội,43,2,0,37.0,6.0,6128975.0,Trung bình,0.286
C04821,32,Nữ,TP HCM,5,0,0,140.0,4.0,5753250.0,Đã ngủ đông,0.494
C04822,27,Nam,Hải Phòng,11,4,1,149.0,3.0,968000.0,Đã ngủ đông,0.839
C04823,63,Nữ,Hải Phòng,9,1,1,51.0,6.0,6822950.0,Trung bình,0.412
C04824,46,Nữ,TP HCM,11,2,1,62.0,3.0,3727300.0,Trung bình,0.712
C04825,42,Nữ,Đà Nẵng,56,1,0,54.0,3.0,3013100.0,Trung bình,0.271
C04826,63,Nam,TP HCM,36,1,0,70.0,4.0,3552400.0,Trung bình,0.365
C04827,62,Nữ,TP HCM,29,1,1,224.0,1.0,1047000.0,Đã ngủ đông,0.591
C04828,22,Nam,TP HCM,23,2,1,72.0,5.0,3191350.0,Trung bình,0.52
C04829,59,Nam,Hà Nội,41,1,1,72.0,4.0,1834000.0,Trung bình,0.291
C04830,59,Nam,Hà Nội,31,1,1,78.0,4.0,4653551.5862426795,Trung bình,0.363
C04831,35,Nam,TP HCM,37,2,1,247.0,2.0,751300.0,Đã ngủ đông,0.59
C04832,37,Nam,Hải Phòng,38,0,0,4.0,5.0,5441100.0,Đang hoạt động,0.189
C04833,67,Nữ,Hà Nội,19,0,0,37.0,6.0,3919750.0,Trung bình,0.241
C04834,23,Nam,Đà Nẵng,29,0,0,112.0,5.0,6321100.0,Trung bình,0.257
C04835,49,Nữ,Đà Nẵng,59,1,0,237.0,2.0,1331900.0,Đã ngủ đông,0.303
C04836,27,Nữ,Cần Thơ,11,2,1,272.0,1.0,543000.0,Đã ngủ đông,0.78
C04837,52,Nam,TP HCM,21,2,1,187.0,1.0,163400.0,Đã ngủ đông,0.742
C04838,23,Nữ,Hà Nội,32,2,1,199.0,5.0,2159800.0,Đã ngủ đông,0.414
C04839,26,Nam,Đà Nẵng,47,0,0,12.0,5.0,2210400.0,Đang hoạt động,0.16
C04840,56,Nam,TP HCM,45,1,0,113.0,2.0,1113850.0,Trung bình,0.41
C04841,36,Nữ,TP HCM,35,0,1,87.0,7.0,4604550.0,Trung bình,0.16
C04842,31,Nữ,Hà Nội,52,0,0,140.0,4.0,3344600.0,Đã ngủ đông,0.164
C04843,37,Nam,TP HCM,24,2,0,55.0,4.0,1044550.0,Trung bình,0.564
C04844,51,Nữ,TP HCM,51,1,0,64.0,4.0,6995100.0,Trung bình,0.277
C04845,18,Nam,TP HCM,45,3,1,51.0,5.0,9448400.0,Trung bình,0.484
C04846,48,Nam,Hải Phòng,49,0,0,51.0,4.0,2349000.0,Trung bình,0.171
C04847,25,Nữ,Hải Phòng,7,1,0,5.0,5.0,9730000.0,Đang hoạt động,0.497
C04848,34,Nam,Hải Phòng,13,1,1,23.0,5.0,3085200.0,Đang hoạt động,0.435
C04849,69,Nam,TP HCM,45,0,0,29.0,7.0,3519800.0,Đang hoạt động,0.119
C04850,53,Nữ,Đà Nẵng,4,0,1,8.0,2.0,685600.0,Đang hoạt động,0.578
C04851,65,Nam,Hà Nội,8,0,0,45.0,5.0,3445300.0,Trung bình,0.357
C04852,55,Nam,Đà Nẵng,11,3,0,50.0,4.0,6433750.0,Trung bình,0.742
C04853,67,Nữ,TP HCM,2,0,0,22.0,4.0,2486050.0,Đang hoạt động,0.498
C04854,23,Nữ,TP HCM,12,0,0,85.0,2.0,2290000.0,Trung bình,0.551
C04855,61,Nam,Hải Phòng,8,0,0,43.0,7.0,6671250.0,Trung bình,0.264
C04856,57,Nữ,Hà Nội,17,0,1,207.0,2.0,5216000.0,Đã ngủ đông,0.475
C04857,53,Nam,Hải Phòng,30,0,0,76.0,5.0,16215404.0,Trung bình,0.247
C04858,27,Nữ,TP HCM,27,0,0,17.0,4.0,1613800.0,Đang hoạt động,0.323
C04859,61,Nữ,TP HCM,17,0,0,148.0,3.0,5660150.0,Đã ngủ đông,0.458
C04860,53,Nữ,TP HCM,18,2,1,201.0,2.0,1297600.0,Đã ngủ đông,0.716
C04861,49,Nam,TP HCM,48,1,0,6.0,4.0,2821400.0,Đang hoạt động,0.285
C04862,41,Nữ,TP HCM,1,1,1,5.0,4.0,5372000.0,Đang hoạt động,0.628
C04863,63,Nam,Đà Nẵng,15,1,1,30.0,3.0,1550400.0,Đang hoạt động,0.551
C04864,45,Nữ,TP HCM,47,1,0,207.0,3.0,3114000.0,Đã ngủ đông,0.351
C04865,55,Nữ,Hải Phòng,59,1,1,23.0,4.0,4771400.0,Đang hoạt động,0.198
C04866,41,Nữ,Cần Thơ,7,0,0,51.0,3.0,5350850.0,Trung bình,0.5
C04867,40,Nam,Hải Phòng,49,1,1,51.0,4.0,3011200.0,Trung bình,0.248
C04868,33,Nữ,Đà Nẵng,16,2,1,77.0,3.0,1822000.0,Trung bình,0.661
C04869,23,Nữ,TP HCM,43,1,0,7.0,7.0,10125354.0,Đang hoạt động,0.199
C04870,55,Nam,Hà Nội,59,0,1,21.0,4.0,10519000.0,Đang hoạt động,0.14
C04871,47,Nữ,TP HCM,42,0,0,33.0,6.0,5519200.0,Trung bình,0.163
C04872,41,Nam,TP HCM,19,1,0,73.0,4.0,1090500.0,Trung bình,0.487
C04873,63,Nam,Hải Phòng,35,2,1,25.0,7.0,7263600.0,Đang hoạt động,0.285
C04874,37,Nữ,TP HCM,54,4,0,63.0,1.0,2406000.0,Trung bình,0.731
C04875,61,Nam,Đà Nẵng,46,0,0,107.0,3.0,2735800.0,Trung bình,0.239
C04876,63,Nam,TP HCM,14,4,1,99.0,6.0,3595250.0,Trung bình,0.733
C04877,63,Nam,TP HCM,60,0,0,69.0,7.0,9763200.0,Trung bình,0.084
C04878,43,Nữ,Đà Nẵng,57,1,0,221.0,2.0,3395700.0,Đã ngủ đông,0.32
C04879,55,Nam,Cần Thơ,12,1,1,41.0,6.0,5657400.0,Trung bình,0.398
C04880,25,Nữ,TP HCM,11,0,1,55.0,6.0,4778400.0,Trung bình,0.333
C04881,40,Nữ,TP HCM,53,0,0,98.0,3.0,4316000.0,Trung bình,0.222
C04882,22,Nữ,Hải Phòng,34,6,1,23.0,5.0,6402250.0,Đang hoạt động,0.809
C04883,29,Nam,Cần Thơ,10,1,0,48.0,5.0,6609950.0,Trung bình,0.477
C04884,19,Nữ,Đà Nẵng,18,0,0,83.0,3.0,1283200.0,Trung bình,0.426
C04885,47,Nam,TP HCM,54,0,0,9.0,4.0,5348700.0,Đang hoạt động,0.177
C04886,47,Nữ,TP HCM,17,0,0,99.0,6.0,5567300.0,Trung bình,0.294
C04887,26,Nữ,Hải Phòng,41,0,0,20.0,2.0,297650.0,Đang hoạt động,0.296
C04888,68,Nữ,TP HCM,31,2,0,38.0,5.0,4130650.0,Trung bình,0.455
C04889,56,Nam,TP HCM,28,2,0,102.0,4.0,7765300.0,Trung bình,0.547
C04890,69,Nam,Hải Phòng,14,1,0,51.0,4.0,1865600.0,Trung bình,0.478
C04891,59,Nữ,TP HCM,51,1,0,58.0,3.0,594700.0,Trung bình,0.312
C04892,41,Nam,Hải Phòng,53,1,0,64.0,2.0,3496000.0,Trung bình,0.321
C04893,56,Nam,Đà Nẵng,39,3,1,94.0,6.0,5019250.0,Trung bình,0.435
C04894,62,Nữ,Hải Phòng,30,3,1,25.0,4.0,2048000.0,Đang hoạt động,0.588
C04895,23,Nữ,Đà Nẵng,56,2,0,65.0,3.0,4328950.0,Trung bình,0.377
C04896,58,Nữ,Hà Nội,44,1,0,185.0,2.0,568000.0,Đã ngủ đông,0.378
C04897,38,Nữ,Hà Nội,39,0,0,161.0,4.0,10993902.0,Đã ngủ đông,0.236
C04898,22,Nam,Hà Nội,4,2,1,40.0,6.0,3990150.0,Trung bình,0.561
C04899,20,Nữ,TP HCM,46,2,1,58.0,5.0,12837050.0,Trung bình,0.374
C04900,47,Nữ,Hải Phòng,25,3,1,157.0,2.0,463000.0,Đã ngủ đông,0.73
C04901,53,Nữ,Hà Nội,53,2,0,48.0,4.0,2512000.0,Trung bình,0.314
C04902,43,Nữ,Hải Phòng,46,0,0,56.0,5.0,5743300.0,Trung bình,0.157
C04903,66,Nam,TP HCM,22,0,0,5.0,2.0,601000.0,Đang hoạt động,0.46
C04904,32,Nam,TP HCM,51,3,0,17.0,2.0,1594000.0,Đang hoạt động,0.593
C04905,33,Nữ,TP HCM,57,0,0,33.0,5.0,8053800.0,Trung bình,0.14
C04906,50,Nam,Đà Nẵng,15,1,0,48.0,7.0,5288300.0,Trung bình,0.334
C04907,54,Nữ,Đà Nẵng,44,2,0,140.0,3.0,4607000.0,Đã ngủ đông,0.462
C04908,36,Nam,Hà Nội,57,2,0,54.0,2.0,938850.0,Trung bình,0.393
C04909,70,Nữ,Đà Nẵng,25,1,0,3.0,8.0,9540000.0,Đang hoạt động,0.231
C04910,58,Nam,Cần Thơ,14,0,0,11.0,4.0,3936500.0,Đang hoạt động,0.381
C04911,65,Nam,Hà Nội,57,1,1,34.0,1.0,1143000.0,Trung bình,0.337
C04912,41,Nam,TP HCM,38,0,0,21.0,6.0,6938600.0,Đang hoạt động,0.181
C04913,56,Nữ,TP HCM,37,1,0,34.0,6.0,5343100.0,Trung bình,0.262
C04914,29,Nam,Cần Thơ,38,1,0,98.0,2.0,353450.0,Trung bình,0.432
C04915,32,Nam,Hà Nội,47,1,0,151.0,3.0,5029600.0,Đã ngủ đông,0.315
C04916,51,Nam,TP HCM,58,2,0,8.0,2.0,892800.0,Đang hoạt động,0.423
C04917,20,Nam,Hà Nội,57,1,0,117.0,4.0,4188900.0,Trung bình,0.212
C04918,69,Nam,Đà Nẵng,30,1,1,39.0,5.0,9805063.0,Trung bình,0.344
C04919,42,Nữ,TP HCM,19,1,1,67.0,4.0,2543000.0,Trung bình,0.491
C04920,63,Nam,TP HCM,48,1,0,222.0,4.0,5604000.0,Đã ngủ đông,0.294
C04921,69,Nam,TP HCM,38,0,0,78.0,7.0,18001400.0,Trung bình,0.161
C04922,55,Nữ,Hải Phòng,29,0,0,77.0,5.0,27857407.0,Trung bình,0.274
C04923,37,Nam,Cần Thơ,41,0,0,129.0,4.0,4114150.0,Đã ngủ đông,0.221
C04924,52,Nữ,TP HCM,16,4,0,55.0,3.0,4671400.0,Trung bình,0.842
C04925,25,Nam,Hà Nội,37,0,0,84.0,2.0,2049000.0,Trung bình,0.325
C04926,32,Nữ,Đà Nẵng,51,0,0,4.0,4.0,4019400.0,Đang hoạt động,0.179
C04927,35,Nữ,Hà Nội,14,0,1,133.0,2.0,1891000.0,Đã ngủ đông,0.491
C04928,43,Nữ,Hà Nội,33,0,0,36.0,1.0,955700.0,Trung bình,0.402
C04929,19,Nữ,TP HCM,52,1,0,296.0,2.0,2631000.0,Đã ngủ đông,0.377
C04930,70,Nữ,TP HCM,28,0,0,34.0,3.0,6160600.0,Trung bình,0.373
C04931,35,Nữ,TP HCM,45,0,0,124.0,5.0,5258300.0,Đã ngủ đông,0.187
C04932,63,Nữ,Hà Nội,19,2,0,117.0,3.0,5945600.0,Trung bình,0.625
C04933,58,Nữ,TP HCM,19,1,0,20.0,5.0,3954043.0,Đang hoạt động,0.431
C04934,41,Nữ,Hà Nội,2,2,1,21.0,4.0,2239300.0,Đang hoạt động,0.68
C04935,26,Nữ,Hà Nội,29,1,1,152.0,5.0,5219450.0,Đã ngủ đông,0.333
C04936,46,Nam,Đà Nẵng,17,0,0,100.0,3.0,4694350.0,Trung bình,0.435
C04937,31,Nữ,TP HCM,17,1,0,16.0,7.0,4829100.0,Đang hoạt động,0.34
C04938,68,Nữ,Cần Thơ,10,0,0,999.0,0.0,0.0,Chưa mua,0.666
C04939,65,Nam,Hà Nội,60,0,0,102.0,7.0,17780197.0,Trung bình,0.077
C04940,58,Nam,Hải Phòng,46,0,0,30.0,3.0,18388465.0,Đang hoạt động,0.247
C04941,60,Nam,Hà Nội,20,1,0,58.0,2.0,17457257.0,Trung bình,0.587
C04942,38,Nữ,TP HCM,51,1,1,29.0,1.0,526000.0,Đang hoạt động,0.424
C04943,18,Nữ,Hà Nội,17,1,1,141.0,4.0,5243650.0,Đã ngủ đông,0.476
C04944,42,Nam,Đà Nẵng,59,2,1,89.0,3.0,6189300.0,Trung bình,0.356
C04945,52,Nam,Hải Phòng,28,3,1,15.0,4.0,3622500.0,Đang hoạt động,0.606
C04946,26,Nam,Hà Nội,10,3,1,4.0,5.0,5159700.0,Đang hoạt động,0.682
C04947,22,Nam,TP HCM,17,1,1,81.0,2.0,2514600.0,Trung bình,0.624
C04948,21,Nam,Cần Thơ,16,2,0,204.0,3.0,1346200.0,Đã ngủ đông,0.654
C04949,39,Nữ,Đà Nẵng,16,0,1,9.0,3.0,2935800.0,Đang hoạt động,0.438
C04950,55,Nữ,Đà Nẵng,47,2,0,27.0,8.0,22041851.0,Đang hoạt động,0.218
C04951,24,Nam,Cần Thơ,38,1,0,2.0,6.0,8911300.0,Đang hoạt động,0.24
C04952,44,Nam,Cần Thơ,32,2,0,20.0,3.0,24415351.0,Đang hoạt động,0.58
C04953,40,Nam,TP HCM,5,1,1,14.0,9.0,7727200.0,Đang hoạt động,0.319
C04954,69,Nam,Đà Nẵng,24,0,1,61.0,2.0,1939300.0,Trung bình,0.43
C04955,29,Nữ,Hà Nội,28,0,0,67.0,6.0,2453500.0,Trung bình,0.198
C04956,35,Nam,Hà Nội,35,2,1,3.0,6.0,4503500.0,Đang hoạt động,0.333
C04957,66,Nam,Hà Nội,5,1,1,68.0,6.0,10924591.661201734,Trung bình,0.449
C04958,34,Nữ,Cần Thơ,38,2,1,49.0,6.0,8911446.0,Trung bình,0.335
C04959,60,Nam,Đà Nẵng,32,0,0,122.0,2.0,919000.0,Đã ngủ đông,0.374
C04960,64,Nam,Đà Nẵng,47,2,1,148.0,1.0,260000.0,Đã ngủ đông,0.545
C04961,38,Nam,Cần Thơ,31,1,0,162.0,5.0,4418700.0,Đã ngủ đông,0.325
C04962,57,Nam,Cần Thơ,25,1,1,48.0,5.0,5299500.0,Trung bình,0.36
C04963,24,Nam,TP HCM,50,2,0,42.0,3.0,4446200.0,Trung bình,0.438
C04964,25,Nữ,TP HCM,14,2,0,153.0,2.0,6931800.0,Đã ngủ đông,0.752
C04965,52,Nữ,Đà Nẵng,41,1,0,104.0,3.0,5145600.0,Trung bình,0.374
C04966,30,Nam,Hà Nội,13,1,0,65.0,4.0,3810950.0,Trung bình,0.497
C04967,34,Nữ,TP HCM,45,0,0,88.0,2.0,6101900.0,Trung bình,0.319
C04968,69,Nữ,TP HCM,33,3,1,54.0,4.0,2072200.0,Trung bình,0.607
C04969,67,Nam,TP HCM,38,1,0,133.0,2.0,1610800.0,Đã ngủ đông,0.461
C04970,55,Nữ,Hà Nội,16,2,0,62.0,2.0,318000.0,Trung bình,0.686
C04971,47,Nam,Hà Nội,54,1,0,69.0,5.0,5472650.0,Trung bình,0.186
C04972,19,Nữ,Hà Nội,42,5,1,127.0,2.0,19175575.01471688,Đã ngủ đông,0.829
C04973,35,Nữ,Đà Nẵng,20,4,1,91.0,4.0,5328900.0,Trung bình,0.779
C04974,35,Nam,Hà Nội,21,1,0,59.0,4.0,2315500.0,Trung bình,0.433
C04975,70,Nam,Hà Nội,50,1,1,74.0,2.0,1834700.0,Trung bình,0.333
C04976,41,Nam,Hải Phòng,57,2,0,4.0,6.0,6271750.0,Đang hoạt động,0.208
C04977,54,Nữ,Hải Phòng,43,1,0,12.0,6.0,3870100.0,Đang hoạt động,0.198
C04978,69,Nam,Hải Phòng,40,0,1,46.0,7.0,5167750.0,Trung bình,0.119
C04979,64,Nam,TP HCM,8,3,1,93.0,7.0,7246000.0,Trung bình,0.629
C04980,47,Nữ,TP HCM,20,0,0,88.0,8.0,7775450.0,Trung bình,0.195
C04981,19,Nam,TP HCM,14,2,1,37.0,4.0,4160000.0,Trung bình,0.644
C04982,20,Nam,Cần Thơ,12,0,0,133.0,5.0,6381100.0,Đã ngủ đông,0.356
C04983,22,Nam,Đà Nẵng,56,0,0,14.0,7.0,4823100.0,Đang hoạt động,0.085
C04984,27,Nam,TP HCM,10,1,1,81.0,5.0,5136900.0,Trung bình,0.507
C04985,49,Nữ,Đà Nẵng,49,1,1,101.0,4.0,1825400.0,Trung bình,0.265
C04986,18,Nam,Hà Nội,54,3,0,32.0,3.0,5755200.0,Trung bình,0.482
C04987,66,Nam,TP HCM,40,2,1,49.0,4.0,3090100.0,Trung bình,0.444
C04988,18,Nam,Hải Phòng,14,1,1,89.0,1.0,162000.0,Trung bình,0.656
C04989,31,Nữ,TP HCM,3,2,1,34.0,4.0,1843000.0,Trung bình,0.711
C04990,45,Nữ,TP HCM,60,1,0,124.0,2.0,5801000.0,Đã ngủ đông,0.319
C04991,50,Nữ,TP HCM,36,1,0,4.0,3.0,1608800.0,Đang hoạt động,0.418
C04992,19,Nam,TP HCM,41,1,0,14.0,2.0,2603950.0,Đang hoạt động,0.445
C04993,21,Nữ,Hải Phòng,43,1,1,243.0,1.0,137700.0,Đã ngủ đông,0.451
C04994,21,Nữ,Hải Phòng,55,1,0,42.0,1.0,173700.0,Trung bình,0.357
C04995,20,Nữ,TP HCM,56,1,1,68.0,5.0,8383000.0,Trung bình,0.212
C04996,56,Nam,Cần Thơ,40,3,1,26.0,8.0,6890600.0,Đang hoạt động,0.309
C04997,38,Nữ,TP HCM,51,0,1,118.0,4.0,4030300.0,Trung bình,0.193
C04998,27,Nữ,TP HCM,42,1,0,61.0,3.0,1283000.0,Trung bình,0.38
C04999,37,Nam,TP HCM,26,0,1,81.0,4.0,3118250.0,Trung bình,0.332
C05000,38,Nữ,TP HCM,52,2,0,18.0,7.0,2723500.0,Đang hoạt động,0.218
C05001,33,Nam,TP HCM,9,1,1,36.0,3.0,3383900.0,Trung bình,0.624
C05002,53,Nữ,TP HCM,29,0,0,11.0,3.0,1072800.0,Đang hoạt động,0.358
C05003,23,Nữ,Đà Nẵng,12,3,1,45.0,3.0,2137400.0,Trung bình,0.778
C05004,22,Nữ,TP HCM,54,2,0,119.0,2.0,1774000.0,Trung bình,0.465
C05005,58,Nam,Đà Nẵng,25,2,0,4.0,5.0,4617000.0,Đang hoạt động,0.48
C05006,62,Nam,TP HCM,9,1,0,4.0,7.0,4685900.0,Đang hoạt động,0.389
C05007,63,Nữ,Hà Nội,19,0,1,162.0,1.0,504000.0,Đã ngủ đông,0.506
C05008,59,Nam,Hà Nội,49,1,0,45.0,1.0,482000.0,Trung bình,0.392
C05009,62,Nữ,Đà Nẵng,5,1,0,53.0,3.0,2514500.0,Trung bình,0.628
C05010,29,Nam,Cần Thơ,24,2,0,57.0,3.0,2694000.0,Trung bình,0.595
C05011,22,Nam,TP HCM,29,2,0,258.0,1.0,2460000.0,Đã ngủ đông,0.704
C05012,25,Nữ,Hà Nội,31,1,0,276.0,1.0,1344600.0,Đã ngủ đông,0.543
C05013,26,Nam,TP HCM,59,0,1,39.0,5.0,6138500.0,Trung bình,0.131
C05014,35,Nữ,Đà Nẵng,18,0,0,3.0,8.0,9054000.0,Đang hoạt động,0.193
C05015,19,Nam,Đà Nẵng,23,1,0,19.0,4.0,3891950.0,Đang hoạt động,0.445
C05016,68,Nam,TP HCM,57,0,0,192.0,3.0,5241300.0,Đã ngủ đông,0.201
C05017,36,Nam,TP HCM,43,0,0,79.0,3.0,1405000.0,Trung bình,0.272
C05018,54,Nữ,TP HCM,5,1,1,999.0,0.0,0.0,Chưa mua,0.808
C05019,55,Nữ,TP HCM,20,0,0,154.0,6.0,4725600.0,Đã ngủ đông,0.275
C05020,58,Nữ,Đà Nẵng,26,1,1,49.0,3.0,5223000.0,Trung bình,0.48
C05021,54,Nữ,Hải Phòng,49,2,0,43.0,7.0,8913450.0,Trung bình,0.213
C05022,42,Nam,Đà Nẵng,58,0,0,22.0,4.0,4802000.0,Đang hoạt động,0.15
C05023,54,Nữ,Hà Nội,58,2,0,19.0,4.0,2310500.0,Đang hoạt động,0.281
C05024,47,Nữ,Hà Nội,4,2,1,33.0,4.0,1967000.0,Trung bình,0.665
C05025,70,Nam,TP HCM,25,1,0,213.0,3.0,1248600.0,Đã ngủ đông,0.502
C05026,70,Nam,Cần Thơ,46,2,0,129.0,4.0,5029250.0,Đã ngủ đông,0.375
C05027,58,Nam,Cần Thơ,60,0,0,4.0,3.0,651000.0,Đang hoạt động,0.16
C05028,40,Nam,TP HCM,52,2,0,62.0,8.0,6494200.0,Trung bình,0.185
C05029,49,Nữ,TP HCM,44,2,1,81.0,3.0,1620300.0,Trung bình,0.474
C05030,25,Nữ,Đà Nẵng,15,1,1,152.0,1.0,788800.0,Đã ngủ đông,0.673
C05031,25,Nữ,Đà Nẵng,27,2,1,18.0,6.0,6302450.0,Đang hoạt động,0.418
C05032,32,Nữ,Hà Nội,55,0,0,9.0,5.0,6274950.0,Đang hoạt động,0.125
C05033,38,Nam,TP HCM,16,1,0,111.0,3.0,3704250.0,Trung bình,0.576
C05034,31,Nam,Đà Nẵng,55,2,0,19.0,5.0,3347000.0,Đang hoạt động,0.275
C05035,27,Nữ,TP HCM,26,1,1,118.0,4.0,3079850.0,Trung bình,0.445
C05036,54,Nam,Hải Phòng,18,2,0,51.0,3.0,2199300.0,Trung bình,0.622
C05037,67,Nam,TP HCM,26,1,1,177.0,2.0,2421150.0,Đã ngủ đông,0.555
C05038,47,Nữ,TP HCM,58,0,0,36.0,5.0,3972400.0,Trung bình,0.131
C05039,54,Nữ,Đà Nẵng,16,0,0,98.0,7.0,5711200.0,Trung bình,0.238
C05040,28,Nữ,TP HCM,6,2,0,60.0,2.0,329950.0,Trung bình,0.781
C05041,42,Nam,Hà Nội,56,1,1,48.0,3.0,2533700.0,Trung bình,0.252
C05042,51,Nam,Hà Nội,31,2,1,67.0,5.0,5584700.0,Trung bình,0.418
C05043,49,Nam,Hải Phòng,10,0,1,1.0,1.0,172000.0,Đang hoạt động,0.568
C05044,47,Nam,Hải Phòng,41,2,1,80.0,5.0,3866900.0,Trung bình,0.346
C05045,59,Nữ,TP HCM,22,1,1,49.0,1.0,1514000.0,Trung bình,0.636
C05046,56,Nam,Đà Nẵng,36,1,0,5.0,7.0,4125200.0,Đang hoạt động,0.207
C05047,52,Nam,Hà Nội,40,2,0,127.0,5.0,4560000.0,Đã ngủ đông,0.354
C05048,58,Nam,Hà Nội,25,0,0,3.0,4.0,2835550.0,Đang hoạt động,0.296
C05049,67,Nam,Cần Thơ,50,3,0,17.0,8.0,4162550.0,Đang hoạt động,0.243
C05050,62,Nữ,Hà Nội,58,1,1,33.0,7.0,11967400.0,Trung bình,0.117
C05051,33,Nam,Hà Nội,50,0,1,75.0,3.0,5596992.0,Trung bình,0.209
C05052,30,Nam,Hải Phòng,43,2,0,86.0,2.0,2303700.0,Trung bình,0.502
C05053,55,Nữ,TP HCM,1,1,0,15.0,4.0,2446050.0,Đang hoạt động,0.62
C05054,50,Nam,TP HCM,8,0,0,999.0,0.0,0.0,Chưa mua,0.708
C05055,30,Nữ,TP HCM,43,3,1,55.0,5.0,4518050.0,Trung bình,0.487
C05056,43,Nữ,Đà Nẵng,30,1,1,62.0,2.0,344700.0,Trung bình,0.501
C05057,59,Nam,Hà Nội,28,1,0,37.0,3.0,6638150.0,Trung bình,0.444
C05058,69,Nữ,TP HCM,45,1,0,5.0,8.0,11364750.0,Đang hoạt động,0.154
C05059,46,Nam,TP HCM,50,0,0,153.0,4.0,1843500.0,Đã ngủ đông,0.194
C05060,63,Nữ,Đà Nẵng,38,1,0,19.0,7.0,5470700.0,Đang hoạt động,0.2
C05061,34,Nam,Đà Nẵng,39,0,0,87.0,3.0,1967000.0,Trung bình,0.281
C05062,26,Nữ,Hải Phòng,21,0,1,65.0,5.0,10528150.0,Trung bình,0.294
C05063,23,Nam,Đà Nẵng,14,1,0,11.0,8.0,8732950.0,Đang hoạt động,0.299
C05064,36,Nam,Cần Thơ,37,0,1,132.0,2.0,936450.0,Đã ngủ đông,0.333
C05065,22,Nữ,Cần Thơ,43,1,1,59.0,2.0,1931150.0,Trung bình,0.4
C05066,25,Nữ,TP HCM,11,0,1,122.0,2.0,1228550.0,Đã ngủ đông,0.557
C05067,64,Nam,Hà Nội,54,0,0,9.0,2.0,5518800.0,Đang hoạt động,0.223
C05068,34,Nam,Đà Nẵng,5,1,1,40.0,4.0,7029200.0,Trung bình,0.585
C05069,20,Nữ,TP HCM,26,0,1,17.0,5.0,5632100.0,Đang hoạt động,0.288
C05070,37,Nam,Cần Thơ,23,1,0,219.0,3.0,981850.0,Đã ngủ đông,0.49
C05071,67,Nam,Hà Nội,31,4,1,7.0,3.0,2345600.0,Đang hoạt động,0.733
C05072,27,Nam,TP HCM,52,1,0,224.0,3.0,5161800.0,Đã ngủ đông,0.324
C05073,54,Nam,Hà Nội,49,2,0,48.0,3.0,3082050.0,Trung bình,0.395
C05074,34,Nữ,Hải Phòng,38,3,1,1.0,3.0,3156710.0,Đang hoạt động,0.593
C05075,40,Nam,Đà Nẵng,57,0,0,6.0,8.0,7846700.0,Đang hoạt động,0.068
C05076,52,Nữ,Hà Nội,44,0,0,68.0,4.0,2544000.0,Trung bình,0.194
C05077,27,Nam,Hải Phòng,38,1,0,41.0,3.0,1892650.0,Trung bình,0.367
C05078,55,Nữ,Hải Phòng,50,4,0,2.0,4.0,4307600.0,Đang hoạt động,0.559
C05079,30,Nam,Hà Nội,32,0,1,8.0,1.0,201000.0,Đang hoạt động,0.407
C05080,63,Nữ,Cần Thơ,31,3,1,6.0,2.0,442000.0,Đang hoạt động,0.695
C05081,37,Nam,Hà Nội,33,2,1,14.0,6.0,13247266.0,Đang hoạt động,0.365
C05082,38,Nam,Hải Phòng,55,2,0,140.0,4.0,5761282.0,Đã ngủ đông,0.312
C05083,55,Nữ,TP HCM,14,0,0,20.0,11.0,11311300.0,Khách VIP,0.127
C05084,49,Nam,TP HCM,22,0,1,30.0,6.0,12245900.0,Đang hoạt động,0.272
C05085,32,Nam,TP HCM,43,1,0,36.0,6.0,5088500.0,Trung bình,0.23
C05086,37,Nam,Cần Thơ,25,1,0,285.0,1.0,7208966.0,Đã ngủ đông,0.607
C05087,23,Nữ,Cần Thơ,18,1,1,279.0,2.0,833000.0,Đã ngủ đông,0.591
C05088,59,Nam,Đà Nẵng,36,3,1,100.0,4.0,1363750.0,Trung bình,0.566
C05089,52,Nữ,Cần Thơ,58,2,1,91.0,4.0,2444550.0,Trung bình,0.293
C05090,49,Nữ,TP HCM,17,1,1,89.0,3.0,3788400.0,Trung bình,0.567
C05091,53,Nữ,Hà Nội,60,4,0,169.0,3.0,5366250.0,Đã ngủ đông,0.551
C05092,22,Nữ,TP HCM,25,1,0,51.0,6.0,3824700.0,Trung bình,0.34
C05093,45,Nam,TP HCM,51,2,0,49.0,5.0,2404150.0,Trung bình,0.313
C05094,52,Nữ,Đà Nẵng,8,0,0,5.0,5.0,3046950.0,Đang hoạt động,0.38
C05095,38,Nam,TP HCM,6,0,1,71.0,6.0,6031300.0,Trung bình,0.367
C05096,40,Nữ,TP HCM,30,1,1,36.0,7.0,5597900.0,Trung bình,0.26
C05097,32,Nữ,TP HCM,14,1,1,63.0,2.0,1212000.0,Trung bình,0.641
C05098,52,Nữ,Hà Nội,38,1,0,75.0,5.0,6413900.0,Trung bình,0.272
C05099,64,Nữ,Đà Nẵng,23,0,0,129.0,7.0,4632350.0,Đã ngủ đông,0.2
C05100,64,Nữ,TP HCM,11,1,0,72.0,3.0,3694050.0,Trung bình,0.608
C05101,37,Nam,Hải Phòng,49,0,0,2.0,5.0,3909600.0,Đang hoạt động,0.142
C05102,39,Nữ,Hà Nội,45,1,0,108.0,3.0,1662900.0,Trung bình,0.321
C05103,70,Nam,TP HCM,58,0,1,17.0,8.0,9700300.0,Đang hoạt động,0.071
C05104,68,Nữ,Hà Nội,20,0,0,87.0,4.0,2450000.0,Trung bình,0.329
C05105,49,Nam,Hà Nội,18,1,0,256.0,1.0,410000.0,Đã ngủ đông,0.629
C05106,36,Nữ,Hà Nội,21,2,1,68.0,2.0,3049100.0,Trung bình,0.662
C05107,27,Nam,Hải Phòng,54,1,0,13.0,5.0,8273000.0,Đang hoạt động,0.191
C05108,21,Nam,TP HCM,29,1,0,23.0,6.0,2186850.0,Đang hoạt động,0.308
C05109,43,Nam,Đà Nẵng,44,1,0,91.0,1.0,440800.0,Trung bình,0.455
C05110,67,Nam,Hà Nội,48,2,0,89.0,5.0,5090600.0,Trung bình,0.299
C05111,39,Nữ,Cần Thơ,13,0,1,37.0,5.0,4275000.0,Trung bình,0.34
C05112,39,Nữ,TP HCM,53,1,0,170.0,1.0,525000.0,Đã ngủ đông,0.414
C05113,62,Nam,TP HCM,4,0,0,13.0,5.0,4220950.0,Đang hoạt động,0.428
C05114,63,Nam,TP HCM,52,1,0,10.0,3.0,7560100.0,Đang hoạt động,0.316
C05115,54,Nam,TP HCM,3,2,0,10.0,6.0,7720550.0,Đang hoạt động,0.612
C05116,38,Nam,TP HCM,35,1,0,999.0,0.0,0.0,Chưa mua,0.632
C05117,34,Nam,Hà Nội,16,2,1,260.0,1.0,396000.0,Đã ngủ đông,0.742
C05118,22,Nam,Đà Nẵng,1,1,1,1.0,5.0,3363000.0,Đang hoạt động,0.549
C05119,32,Nam,TP HCM,16,1,1,134.0,6.0,7440700.0,Đã ngủ đông,0.411
C05120,68,Nam,Hà Nội,40,0,0,47.0,5.0,6122000.0,Trung bình,0.179
C05121,52,Nam,TP HCM,15,0,0,26.0,6.0,15235200.0,Đang hoạt động,0.321
C05122,48,Nam,TP HCM,15,0,0,87.0,7.0,9162200.0,Trung bình,0.264
C05123,40,Nữ,Hà Nội,8,2,1,11.0,2.0,1377000.0,Đang hoạt động,0.738
C05124,34,Nữ,TP HCM,26,1,0,20.0,6.0,5628900.0,Đang hoạt động,0.334
C05125,18,Nữ,Đà Nẵng,37,3,1,92.0,5.0,5802000.0,Trung bình,0.519
C05126,32,Nữ,TP HCM,36,4,1,14.0,2.0,4121000.0,Đang hoạt động,0.788
C05127,41,Nam,TP HCM,47,1,1,22.0,3.0,5244200.0,Đang hoạt động,0.348
C05128,61,Nữ,TP HCM,19,0,1,74.0,2.0,517000.0,Trung bình,0.487
C05129,21,Nữ,TP HCM,46,4,0,82.0,4.0,3114650.0,Trung bình,0.634
C05130,35,Nữ,Hải Phòng,8,2,1,88.0,4.0,6814600.0,Trung bình,0.652
C05131,37,Nam,TP HCM,55,0,0,84.0,3.0,7903000.0,Trung bình,0.216
C05132,32,Nữ,Cần Thơ,31,1,1,107.0,2.0,789000.0,Trung bình,0.486
C05133,39,Nữ,Đà Nẵng,60,0,0,52.0,3.0,3318400.0,Trung bình,0.174
C05134,62,Nam,Đà Nẵng,10,0,0,154.0,2.0,328000.0,Đã ngủ đông,0.536
C05135,70,Nữ,Hải Phòng,44,1,0,88.0,4.0,5076800.0,Trung bình,0.279
C05136,34,Nữ,TP HCM,8,1,0,71.0,3.0,1417000.0,Trung bình,0.629
C05137,60,Nam,TP HCM,53,1,0,33.0,5.0,6701400.0,Trung bình,0.218
C05138,28,Nữ,TP HCM,25,1,1,4.0,1.0,645150.0,Đang hoạt động,0.617
C05139,69,Nữ,TP HCM,9,0,0,123.0,5.0,7133400.0,Đã ngủ đông,0.402
C05140,63,Nữ,Hà Nội,47,4,1,20.0,2.0,1293000.0,Đang hoạt động,0.682
C05141,64,Nữ,TP HCM,47,0,0,10.0,7.0,9558800.0,Đang hoạt động,0.119
C05142,58,Nam,TP HCM,16,1,0,36.0,3.0,1965800.0,Trung bình,0.566
C05143,26,Nam,TP HCM,3,3,1,148.0,4.0,5359400.0,Đã ngủ đông,0.803
C05144,56,Nữ,Hà Nội,18,1,1,8.0,2.0,2475000.0,Đang hoạt động,0.569
C05145,44,Nam,TP HCM,47,1,0,59.0,7.0,9523300.0,Trung bình,0.178
C05146,63,Nam,Hải Phòng,2,1,0,39.0,3.0,1926950.0,Trung bình,0.625
C05147,46,Nữ,Hải Phòng,49,2,0,94.0,3.0,8160550.0,Trung bình,0.411
C05148,64,Nữ,Cần Thơ,18,2,0,300.0,2.0,1757250.0,Đã ngủ đông,0.692
C05149,38,Nam,Hà Nội,30,2,0,215.0,4.0,4254900.0,Đã ngủ đông,0.489
C05150,29,Nữ,TP HCM,41,1,0,78.0,6.0,4508900.0,Trung bình,0.243
C05151,37,Nữ,Hà Nội,9,0,1,15.0,5.0,18286675.89162453,Đang hoạt động,0.386
C05152,53,Nam,Hải Phòng,57,2,1,188.0,4.0,1035400.0,Đã ngủ đông,0.29
C05153,27,Nam,TP HCM,17,2,1,128.0,3.0,4245000.0,Đã ngủ đông,0.679
C05154,65,Nữ,TP HCM,47,0,0,10.0,4.0,5245000.0,Đang hoạt động,0.209
C05155,42,Nữ,Hà Nội,7,1,0,97.0,2.0,3802000.0,Trung bình,0.655
C05156,52,Nam,Đà Nẵng,18,1,1,94.0,2.0,2457100.0,Trung bình,0.593
C05157,48,Nữ,Hà Nội,55,1,0,96.0,1.0,761000.0,Trung bình,0.355
C05158,59,Nam,Cần Thơ,27,2,0,115.0,3.0,2115000.0,Trung bình,0.569
C05159,38,Nữ,Hà Nội,10,1,0,55.0,3.0,1418800.0,Trung bình,0.572
C05160,25,Nữ,TP HCM,38,2,0,53.0,1.0,664000.0,Trung bình,0.635
C05161,25,Nữ,Cần Thơ,56,1,0,39.0,7.0,10037200.0,Trung bình,0.129
C05162,43,Nam,TP HCM,41,2,1,999.0,0.0,0.0,Chưa mua,0.693
C05163,62,Nữ,TP HCM,32,1,0,67.0,1.0,168000.0,Trung bình,0.562
C05164,57,Nam,TP HCM,1,2,0,42.0,8.0,21768776.0,Trung bình,0.543
C05165,47,Nam,TP HCM,21,1,0,155.0,2.0,2420000.0,Đã ngủ đông,0.594
C05166,24,Nam,Hải Phòng,56,2,1,94.0,2.0,2030000.0,Trung bình,0.406
C05167,58,Nữ,Hà Nội,33,2,0,70.0,8.0,5651450.0,Trung bình,0.251
C05168,29,Nam,TP HCM,43,0,0,40.0,3.0,1380400.0,Trung bình,0.271
C05169,48,Nam,TP HCM,55,2,1,188.0,6.0,3082050.0,Đã ngủ đông,0.247
C05170,27,Nam,Đà Nẵng,42,2,1,43.0,4.0,8883000.0,Trung bình,0.428
C05171,39,Nam,Hà Nội,27,2,1,112.0,3.0,2666400.0,Trung bình,0.562
C05172,21,Nữ,Hà Nội,40,1,0,28.0,7.0,4691864.0,Đang hoạt động,0.18
C05173,60,Nam,Cần Thơ,49,1,1,8.0,5.0,5044200.0,Đang hoạt động,0.213
C05174,40,Nam,Hải Phòng,39,1,0,44.0,5.0,8442300.0,Trung bình,0.27
C05175,65,Nam,Đà Nẵng,53,1,0,51.0,3.0,2399600.0,Trung bình,0.284
C05176,54,Nữ,Đà Nẵng,47,0,0,58.0,4.0,5866000.0,Trung bình,0.199
C05177,47,Nữ,TP HCM,50,1,0,115.0,3.0,2140550.0,Trung bình,0.325
C05178,54,Nữ,TP HCM,20,1,1,106.0,1.0,776000.0,Trung bình,0.651
C05179,65,Nữ,Cần Thơ,27,0,0,12.0,6.0,5093000.0,Đang hoạt động,0.208
C05180,41,Nam,Hà Nội,14,0,0,93.0,8.0,4628950.0,Trung bình,0.191
C05181,41,Nam,TP HCM,11,1,0,208.0,2.0,715800.0,Đã ngủ đông,0.663
C05182,61,Nữ,Cần Thơ,22,2,1,93.0,2.0,1584150.0,Trung bình,0.659
C05183,47,Nữ,Đà Nẵng,11,2,1,53.0,6.0,5762300.0,Trung bình,0.534
C05184,40,Nữ,Cần Thơ,29,6,1,13.0,5.0,7302900.0,Đang hoạt động,0.836
C05185,68,Nam,TP HCM,55,2,1,31.0,5.0,4534100.0,Trung bình,0.288
C05186,56,Nam,TP HCM,14,1,1,84.0,4.0,2913050.0,Trung bình,0.526
C05187,64,Nữ,Hải Phòng,23,0,0,66.0,7.0,5592000.0,Trung bình,0.186
C05188,56,Nam,Hải Phòng,10,1,1,24.0,3.0,1718600.0,Đang hoạt động,0.568
C05189,26,Nam,TP HCM,6,2,1,129.0,2.0,374400.0,Đã ngủ đông,0.782
C05190,38,Nữ,Đà Nẵng,33,0,0,216.0,2.0,3103100.0,Đã ngủ đông,0.38
C05191,34,Nữ,TP HCM,5,2,1,60.0,6.0,7682950.0,Trung bình,0.604
C05192,29,Nam,Hà Nội,15,0,0,72.0,3.0,1600000.0,Trung bình,0.422
C05193,29,Nữ,Đà Nẵng,39,0,1,27.0,3.0,2301150.0,Đang hoạt động,0.282
C05194,70,Nam,Hà Nội,41,2,1,54.0,3.0,5444000.0,Trung bình,0.457
C05195,32,Nữ,TP HCM,18,4,1,5.0,3.0,1150000.0,Đang hoạt động,0.831
C05196,55,Nữ,Đà Nẵng,49,0,0,8.0,5.0,5425050.0,Đang hoạt động,0.154
C05197,61,Nam,Hải Phòng,52,3,1,16.0,4.0,3247400.0,Đang hoạt động,0.426
C05198,53,Nam,TP HCM,35,5,1,146.0,4.0,3475600.0,Đã ngủ đông,0.79
C05199,24,Nam,Hà Nội,11,1,1,57.0,5.0,6821950.0,Trung bình,0.46
C05200,50,Nam,TP HCM,51,2,0,31.0,9.0,9333400.0,Trung bình,0.158
C05201,22,Nam,Hải Phòng,37,1,0,179.0,4.0,2432000.0,Đã ngủ đông,0.327
C05202,44,Nữ,TP HCM,35,4,0,107.0,6.0,5140200.0,Trung bình,0.602
C05203,19,Nam,Cần Thơ,48,2,1,70.0,5.0,7741922.0,Trung bình,0.32
C05204,26,Nam,Hà Nội,53,0,0,41.0,8.0,7474700.0,Trung bình,0.07
C05205,26,Nữ,Hải Phòng,31,1,0,81.0,3.0,1971400.0,Trung bình,0.42
C05206,35,Nữ,Đà Nẵng,20,1,0,18.0,4.0,6210200.0,Đang hoạt động,0.471
C05207,49,Nam,Đà Nẵng,8,0,1,100.0,5.0,2520350.0,Trung bình,0.381
C05208,52,Nam,Cần Thơ,51,0,0,20.0,4.0,1939750.0,Đang hoạt động,0.167
C05209,60,Nữ,Cần Thơ,1,3,0,7.0,3.0,1383800.0,Đang hoạt động,0.817
C05210,22,Nam,Hải Phòng,24,1,0,5.0,7.0,9676300.0,Đang hoạt động,0.269
C05211,47,Nữ,Cần Thơ,40,0,0,9.0,4.0,17215057.0,Đang hoạt động,0.244
C05212,59,Nữ,TP HCM,17,1,1,166.0,3.0,1291050.0,Đã ngủ đông,0.563
C05213,66,Nữ,Hà Nội,27,2,0,143.0,3.0,2422700.0,Đã ngủ đông,0.56
C05214,35,Nữ,Hà Nội,11,0,0,117.0,3.0,7730000.0,Trung bình,0.468
C05215,57,Nữ,Hà Nội,42,1,0,33.0,5.0,2543800.0,Trung bình,0.241
C05216,37,Nữ,TP HCM,11,1,0,64.0,4.0,4251900.0,Trung bình,0.556
C05217,50,Nam,Cần Thơ,3,3,1,122.0,1.0,1061100.0,Đã ngủ đông,0.873
C05218,48,Nữ,TP HCM,21,2,1,63.0,3.0,3192800.0,Trung bình,0.646
C05219,53,Nữ,TP HCM,26,1,1,148.0,3.0,1770350.0,Đã ngủ đông,0.497
C05220,21,Nữ,TP HCM,34,1,0,40.0,4.0,2094600.0,Trung bình,0.383
C05221,33,Nam,TP HCM,21,0,0,68.0,6.0,3228650.0,Trung bình,0.265
C05222,25,Nữ,TP HCM,29,1,0,15.0,5.0,7411950.0,Đang hoạt động,0.372
C05223,35,Nam,TP HCM,50,1,0,72.0,6.0,6660700.0,Trung bình,0.198
C05224,69,Nữ,Hải Phòng,24,2,0,121.0,4.0,3549700.0,Đã ngủ đông,0.525
C05225,51,Nam,Hà Nội,52,3,1,65.0,4.0,2299000.0,Trung bình,0.426
C05226,70,Nữ,TP HCM,40,0,1,53.0,1.0,2649000.0,Trung bình,0.393
C05227,51,Nữ,Đà Nẵng,45,1,0,47.0,4.0,2017450.0,Trung bình,0.287
C05228,58,Nữ,Hà Nội,46,1,1,62.0,1.0,365400.0,Trung bình,0.416
C05229,48,Nam,Hải Phòng,47,0,1,20.0,6.0,4388500.0,Đang hoạt động,0.122
C05230,22,Nam,Hà Nội,19,4,1,6.0,4.0,2619750.0,Đang hoạt động,0.762
C05231,29,Nữ,TP HCM,10,2,0,10.0,5.0,2520250.0,Đang hoạt động,0.612
C05232,37,Nữ,TP HCM,42,1,0,38.0,3.0,1725000.0,Trung bình,0.378
C05233,56,Nữ,TP HCM,4,1,0,3.0,5.0,2855050.0,Đang hoạt động,0.541
C05234,52,Nam,Cần Thơ,24,0,1,114.0,5.0,6580300.0,Trung bình,0.274
C05235,30,Nam,Hà Nội,48,3,0,92.0,4.0,1825450.0,Trung bình,0.46
C05236,50,Nữ,Hà Nội,27,1,0,29.0,6.0,3609700.0,Đang hoạt động,0.285
C05237,36,Nam,Hà Nội,42,1,1,101.0,3.0,4213000.0,Trung bình,0.345
C05238,34,Nam,Hà Nội,20,2,0,49.0,7.0,4590450.0,Trung bình,0.384
C05239,51,Nữ,Hà Nội,19,0,0,16.0,4.0,4368500.0,Đang hoạt động,0.34
C05240,33,Nữ,Hải Phòng,43,2,0,152.0,4.0,1256600.0,Đã ngủ đông,0.387
C05241,39,Nữ,Hà Nội,46,1,0,67.0,5.0,5431600.0,Trung bình,0.227
C05242,58,Nữ,TP HCM,50,1,1,66.0,5.0,4682800.0,Trung bình,0.233
C05243,51,Nam,Hà Nội,25,0,1,188.0,3.0,1148400.0,Đã ngủ đông,0.351
C05244,37,Nam,TP HCM,42,0,0,53.0,7.0,11930650.0,Trung bình,0.141
C05245,38,Nam,Đà Nẵng,12,0,1,105.0,7.0,5794950.0,Trung bình,0.261
C05246,35,Nữ,Hải Phòng,40,0,0,245.0,3.0,3970050.0,Đã ngủ đông,0.266
C05247,29,Nữ,TP HCM,45,1,0,62.0,3.0,1530350.0,Trung bình,0.359
C05248,23,Nữ,Đà Nẵng,54,1,0,121.0,4.0,3596300.0,Đã ngủ đông,0.243
C05249,20,Nam,Cần Thơ,39,1,0,194.0,1.0,893350.0,Đã ngủ đông,0.489
C05250,29,Nữ,TP HCM,22,1,0,48.0,6.0,28958455.386012238,Trung bình,0.413
C05251,56,Nữ,Cần Thơ,41,2,0,39.0,3.0,2883600.0,Trung bình,0.465
C05252,63,Nam,Hà Nội,7,1,0,2.0,5.0,8777900.0,Đang hoạt động,0.486
C05253,23,Nam,TP HCM,11,2,1,25.0,6.0,6605350.0,Đang hoạt động,0.557
C05254,22,Nữ,Hà Nội,27,2,1,56.0,3.0,6617600.0,Trung bình,0.573
C05255,41,Nam,Hà Nội,30,2,0,78.0,5.0,7403000.0,Trung bình,0.432
C05256,46,Nữ,Hà Nội,59,0,0,26.0,1.0,887000.0,Đang hoạt động,0.235
C05257,51,Nam,Hà Nội,44,0,0,64.0,4.0,2821400.0,Trung bình,0.194
C05258,52,Nữ,TP HCM,59,2,1,130.0,1.0,195000.0,Đã ngủ đông,0.478
C05259,24,Nữ,Hà Nội,27,0,0,69.0,2.0,1085950.0,Trung bình,0.393
C05260,45,Nam,Hà Nội,49,3,0,75.0,2.0,289000.0,Trung bình,0.563
C05261,49,Nữ,Hà Nội,31,1,1,74.0,5.0,6223700.0,Trung bình,0.316
C05262,39,Nữ,Đà Nẵng,1,1,0,25.0,6.0,3604200.0,Đang hoạt động,0.49
C05263,62,Nữ,Cần Thơ,11,1,0,51.0,7.0,5263450.0,Trung bình,0.349
C05264,31,Nam,Hà Nội,32,1,0,7.0,5.0,10184032.0,Đang hoạt động,0.316
C05265,22,Nữ,TP HCM,51,0,0,27.0,2.0,467000.0,Đang hoạt động,0.271
C05266,48,Nam,Hải Phòng,1,1,1,12.0,6.0,4271250.0,Đang hoạt động,0.465
C05267,37,Nữ,TP HCM,11,2,1,13.0,3.0,1703400.0,Đang hoạt động,0.708
C05268,66,Nữ,Hà Nội,34,0,0,101.0,3.0,1581000.0,Trung bình,0.289
C05269,43,Nam,Hà Nội,11,0,1,7.0,1.0,595850.0,Đang hoạt động,0.562
C05270,52,Nam,TP HCM,36,0,0,29.0,4.0,3052250.0,Đang hoạt động,0.266
C05271,48,Nữ,Đà Nẵng,31,2,0,25.0,5.0,5740724.0,Đang hoạt động,0.442
C05272,46,Nam,Hà Nội,18,1,1,50.0,2.0,768000.0,Trung bình,0.567
C05273,63,Nữ,Hải Phòng,46,1,0,74.0,1.0,175100.0,Trung bình,0.415
C05274,27,Nữ,Cần Thơ,44,1,1,27.0,5.0,1938100.0,Đang hoạt động,0.24
C05275,46,Nữ,Hải Phòng,38,2,0,41.0,5.0,3976100.0,Trung bình,0.367
C05276,19,Nữ,TP HCM,59,3,0,5.0,8.0,10707405.43444838,Đang hoạt động,0.235
C05277,69,Nam,TP HCM,31,2,1,165.0,1.0,816000.0,Đã ngủ đông,0.678
C05278,49,Nữ,Hà Nội,48,2,0,38.0,4.0,3164500.0,Trung bình,0.349
C05279,60,Nam,TP HCM,21,4,1,115.0,2.0,2036800.0,Trung bình,0.85
C05280,70,Nam,Đà Nẵng,37,4,1,146.0,1.0,780900.0,Đã ngủ đông,0.802
C05281,57,Nam,TP HCM,55,2,0,108.0,3.0,1697750.0,Trung bình,0.392
C05282,47,Nam,Cần Thơ,51,1,1,1.0,5.0,2614150.0,Đang hoạt động,0.201
C05283,58,Nam,Hải Phòng,56,2,0,12.0,2.0,3183200.0,Đang hoạt động,0.4
C05284,51,Nam,Đà Nẵng,29,3,0,20.0,7.0,5202500.0,Đang hoạt động,0.45
C05285,48,Nam,Hà Nội,47,0,0,129.0,4.0,1679000.0,Đã ngủ đông,0.18
C05286,24,Nam,Hà Nội,7,1,1,10.0,8.0,8853550.0,Đang hoạt động,0.324
C05287,51,Nữ,TP HCM,33,0,1,122.0,1.0,306000.0,Đã ngủ đông,0.444
C05288,70,Nữ,Hà Nội,4,1,0,75.0,2.0,1341000.0,Trung bình,0.665
C05289,35,Nam,Cần Thơ,33,1,0,7.0,4.0,2249650.0,Đang hoạt động,0.355
C05290,55,Nam,TP HCM,32,0,1,104.0,4.0,4553650.0,Trung bình,0.295
C05291,33,Nam,Hà Nội,54,0,0,109.0,1.0,916750.0,Trung bình,0.266
C05292,64,Nam,TP HCM,36,0,0,82.0,1.0,480600.0,Trung bình,0.418
C05293,32,Nam,Đà Nẵng,51,0,0,76.0,2.0,730700.0,Trung bình,0.254
C05294,41,Nam,Hà Nội,25,0,0,47.0,3.0,1879000.0,Trung bình,0.349
C05295,40,Nam,TP HCM,15,0,0,150.0,4.0,1633900.0,Đã ngủ đông,0.408
C05296,62,Nữ,Hà Nội,56,1,0,90.0,4.0,1971300.0,Trung bình,0.209
C05297,38,Nữ,TP HCM,6,1,1,106.0,4.0,3557000.0,Trung bình,0.592
C05298,33,Nữ,Hải Phòng,36,1,0,46.0,2.0,460000.0,Trung bình,0.436
C05299,29,Nam,Hà Nội,4,0,1,119.0,3.0,981400.0,Trung bình,0.504
C05300,56,Nữ,Hà Nội,16,1,1,38.0,8.0,10499000.0,Trung bình,0.268
C05301,38,Nữ,Hà Nội,24,0,1,69.0,3.0,2196600.0,Trung bình,0.359
C05302,19,Nữ,TP HCM,56,2,1,27.0,2.0,1771000.0,Đang hoạt động,0.447
C05303,20,Nữ,TP HCM,29,0,0,61.0,3.0,1683950.0,Trung bình,0.366
C05304,27,Nam,TP HCM,21,0,0,72.0,7.0,5377400.0,Trung bình,0.226
C05305,43,Nữ,Hà Nội,1,1,0,68.0,6.0,3840600.0,Trung bình,0.468
C05306,28,Nam,Cần Thơ,46,1,0,91.0,5.0,5560400.0,Trung bình,0.236
C05307,18,Nữ,TP HCM,2,2,0,169.0,4.0,2992450.0,Đã ngủ đông,0.725
C05308,56,Nam,Đà Nẵng,49,2,0,156.0,3.0,4709800.0,Đã ngủ đông,0.425
C05309,46,Nữ,TP HCM,38,0,1,117.0,7.0,9422950.0,Trung bình,0.154
C05310,52,Nữ,Hà Nội,47,1,0,999.0,0.0,0.0,Chưa mua,0.501
C05311,63,Nữ,TP HCM,21,2,1,67.0,4.0,3943300.0,Trung bình,0.589
C05312,36,Nữ,Cần Thơ,54,0,0,36.0,7.0,8487450.0,Trung bình,0.089
C05313,61,Nữ,Hà Nội,49,0,1,22.0,2.0,968000.0,Đang hoạt động,0.245
C05314,38,Nam,TP HCM,46,0,0,98.0,2.0,247000.0,Trung bình,0.299
C05315,67,Nữ,TP HCM,48,1,0,48.0,5.0,5861150.0,Trung bình,0.244
C05316,32,Nữ,Hà Nội,38,2,1,48.0,1.0,1835400.0,Trung bình,0.595
C05317,69,Nam,Cần Thơ,23,1,0,54.0,7.0,5921800.0,Trung bình,0.271
C05318,31,Nữ,Hà Nội,37,2,1,63.0,2.0,1152000.0,Trung bình,0.544
C05319,56,Nam,TP HCM,54,0,0,8.0,6.0,5047000.0,Đang hoạt động,0.118
C05320,37,Nam,Hải Phòng,21,0,0,46.0,3.0,1460150.0,Trung bình,0.377
C05321,40,Nam,Hà Nội,24,0,1,247.0,1.0,2331000.0,Đã ngủ đông,0.478
C05322,21,Nữ,TP HCM,31,0,1,80.0,2.0,2289800.0,Trung bình,0.409
C05323,32,Nữ,Cần Thơ,50,3,0,41.0,3.0,2383000.0,Trung bình,0.515
C05324,21,Nam,TP HCM,2,1,1,66.0,2.0,19840638.0,Trung bình,0.753
C05325,70,Nữ,TP HCM,45,2,1,18.0,5.0,5500150.0,Đang hoạt động,0.356
C05326,38,Nữ,Hà Nội,45,0,1,192.0,2.0,1371300.0,Đã ngủ đông,0.276
C05327,38,Nam,Đà Nẵng,1,1,1,30.0,6.0,4357050.0,Đang hoạt động,0.49
C05328,28,Nữ,Hà Nội,20,2,1,15.0,6.0,5277400.0,Đang hoạt động,0.444
C05329,42,Nữ,Cần Thơ,17,2,1,60.0,3.0,3054650.0,Trung bình,0.644
C05330,29,Nữ,Cần Thơ,26,2,1,999.0,0.0,0.0,Chưa mua,0.76
C05331,54,Nữ,TP HCM,60,0,0,195.0,3.0,5810800.0,Đã ngủ đông,0.191
C05332,70,Nữ,TP HCM,14,1,0,39.0,8.0,10108450.0,Trung bình,0.314
C05333,49,Nam,Đà Nẵng,25,2,0,25.0,1.0,757150.0,Đang hoạt động,0.698
C05334,28,Nam,TP HCM,35,3,1,184.0,3.0,1047450.0,Đã ngủ đông,0.656
C05335,58,Nữ,Đà Nẵng,18,1,0,141.0,2.0,2955009.0,Đã ngủ đông,0.596
C05336,32,Nữ,TP HCM,27,1,0,164.0,2.0,1855000.0,Đã ngủ đông,0.553
C05337,35,Nam,Đà Nẵng,42,2,0,999.0,0.0,0.0,Chưa mua,0.671
C05338,26,Nam,TP HCM,34,0,0,16.0,3.0,1147600.0,Đang hoạt động,0.327
C05339,49,Nữ,TP HCM,5,0,1,12.0,5.0,5612900.0,Đang hoạt động,0.427
C05340,23,Nữ,TP HCM,25,0,0,67.0,5.0,4787750.0,Trung bình,0.294
C05341,69,Nam,Đà Nẵng,5,2,1,184.0,3.0,4658000.0,Đã ngủ đông,0.733
C05342,63,Nam,TP HCM,28,4,1,165.0,4.0,1767000.0,Đã ngủ đông,0.742
C05343,26,Nam,Hà Nội,21,2,1,81.0,2.0,1757800.0,Trung bình,0.66
C05344,68,Nữ,Hà Nội,36,0,0,34.0,2.0,1693000.0,Trung bình,0.324
C05345,59,Nam,TP HCM,23,2,0,34.0,4.0,3873200.0,Trung bình,0.573
C05346,23,Nữ,Hải Phòng,49,0,0,1.0,3.0,3536600.0,Đang hoạt động,0.212
C05347,30,Nữ,Hà Nội,45,3,1,1.0,2.0,3487000.0,Đang hoạt động,0.6
C05348,38,Nam,Đà Nẵng,43,2,0,19.0,2.0,6488000.0,Đang hoạt động,0.53
C05349,28,Nam,Hà Nội,18,0,0,31.0,6.0,12573751.0,Trung bình,0.266
C05350,58,Nữ,TP HCM,16,3,1,34.0,5.0,4886150.0,Trung bình,0.677
C05351,50,Nam,Hà Nội,19,2,0,80.0,7.0,8101800.0,Trung bình,0.397
C05352,62,Nữ,Hải Phòng,37,2,0,34.0,8.0,3893200.0,Trung bình,0.225
C05353,60,Nam,Cần Thơ,3,0,0,16.0,8.0,8829200.0,Đang hoạt động,0.258
C05354,58,Nữ,Hải Phòng,17,4,1,43.0,5.0,2871400.0,Trung bình,0.727
C05355,62,Nam,Cần Thơ,46,2,1,41.0,11.0,9292050.0,Trung bình,0.106
C05356,44,Nữ,Đà Nẵng,60,2,0,42.0,3.0,3188650.0,Trung bình,0.343
C05357,66,Nam,TP HCM,11,1,1,3.0,6.0,5881400.0,Đang hoạt động,0.433
C05358,22,Nữ,Hà Nội,27,1,1,148.0,3.0,2054450.0,Đã ngủ đông,0.453
C05359,65,Nam,TP HCM,51,0,0,12.0,7.0,5535650.0,Đang hoạt động,0.103
C05360,21,Nam,Cần Thơ,60,2,0,94.0,5.0,8379350.0,Trung bình,0.249
C05361,46,Nữ,Hà Nội,53,3,1,3.0,6.0,8863000.0,Đang hoạt động,0.323
C05362,29,Nam,TP HCM,57,2,0,55.0,7.0,3975300.0,Trung bình,0.196
C05363,21,Nam,Cần Thơ,33,1,1,125.0,3.0,1728700.0,Đã ngủ đông,0.416
C05364,38,Nữ,Cần Thơ,55,2,0,41.0,3.0,2574400.0,Trung bình,0.366
C05365,38,Nam,Hải Phòng,55,0,0,10.0,4.0,4757400.0,Đang hoạt động,0.15
C05366,38,Nữ,Đà Nẵng,32,1,0,241.0,3.0,2876117.0,Đã ngủ đông,0.441
C05367,26,Nam,TP HCM,56,2,0,14.0,5.0,3892500.0,Đang hoạt động,0.286
C05368,56,Nam,Hà Nội,15,0,0,999.0,0.0,0.0,Chưa mua,0.622
C05369,53,Nam,Hà Nội,11,1,1,68.0,3.0,3107700.0,Trung bình,0.565
C05370,66,Nữ,TP HCM,12,0,1,134.0,4.0,3108900.0,Đã ngủ đông,0.429
C05371,37,Nữ,Đà Nẵng,41,1,0,55.0,4.0,3024000.0,Trung bình,0.317
C05372,44,Nam,Hà Nội,49,0,0,6.0,7.0,9642600.0,Đang hoạt động,0.098
C05373,36,Nam,Cần Thơ,19,1,1,118.0,2.0,2608000.0,Trung bình,0.578
C05374,56,Nam,TP HCM,55,1,0,69.0,4.0,2688500.0,Trung bình,0.244
C05375,57,Nữ,TP HCM,47,2,0,93.0,3.0,5278000.0,Trung bình,0.459
C05376,51,Nữ,Đà Nẵng,41,1,0,88.0,2.0,1392600.0,Trung bình,0.421
C05377,63,Nam,TP HCM,20,1,1,180.0,1.0,188000.0,Đã ngủ đông,0.65
C05378,49,Nữ,TP HCM,7,0,1,195.0,1.0,1177200.0,Đã ngủ đông,0.64
C05379,63,Nam,Hải Phòng,9,3,1,59.0,3.0,2807600.0,Trung bình,0.773
C05380,50,Nam,TP HCM,36,1,0,13.0,4.0,1580400.0,Đang hoạt động,0.361
C05381,34,Nữ,Hà Nội,60,0,0,27.0,2.0,2708700.0,Đang hoạt động,0.194
C05382,57,Nam,Hà Nội,56,0,1,49.0,3.0,3155200.0,Trung bình,0.175
C05383,23,Nam,Hà Nội,50,0,0,90.0,3.0,5795300.0,Trung bình,0.211
C05384,55,Nam,Hà Nội,32,0,0,89.0,1.0,130900.0,Trung bình,0.406
C05385,66,Nam,Hà Nội,50,0,0,147.0,2.0,612500.0,Đã ngủ đông,0.24
C05386,47,Nam,Đà Nẵng,46,4,1,79.0,5.0,3456300.0,Trung bình,0.553
C05387,50,Nữ,Hà Nội,30,2,0,34.0,2.0,2439000.0,Trung bình,0.594
C05388,63,Nữ,TP HCM,44,3,0,155.0,5.0,5213150.0,Đã ngủ đông,0.479
C05389,44,Nữ,Cần Thơ,22,1,1,142.0,5.0,2109750.0,Đã ngủ đông,0.381
C05390,65,Nữ,Hà Nội,43,2,0,1.0,2.0,2478000.0,Đang hoạt động,0.494
C05391,27,Nam,Hà Nội,35,2,1,199.0,2.0,4646900.0,Đã ngủ đông,0.571
C05392,19,Nữ,Cần Thơ,36,4,0,19.0,4.0,1988800.0,Đang hoạt động,0.669
C05393,67,Nam,TP HCM,19,0,0,133.0,2.0,853000.0,Đã ngủ đông,0.488
C05394,19,Nam,Hà Nội,58,3,0,19.0,5.0,6061300.0,Đang hoạt động,0.34
C05395,55,Nam,Hải Phòng,36,1,0,71.0,3.0,1355700.0,Trung bình,0.377
C05396,66,Nam,Cần Thơ,54,2,1,102.0,3.0,1164900.0,Trung bình,0.366
C05397,28,Nữ,Hà Nội,59,0,0,23.0,1.0,1884000.0,Đang hoạt động,0.239
C05398,26,Nữ,Đà Nẵng,11,0,0,65.0,6.0,7052900.0,Trung bình,0.32
C05399,67,Nữ,TP HCM,7,1,1,32.0,1.0,4420000.0,Trung bình,0.737
C05400,42,Nam,Hà Nội,42,1,1,10.0,3.0,5045550.0,Đang hoạt động,0.342
C05401,30,Nam,Hà Nội,27,0,0,12.0,2.0,836000.0,Đang hoạt động,0.388
C05402,58,Nam,TP HCM,13,3,1,229.0,5.0,4324350.0,Đã ngủ đông,0.7
C05403,58,Nam,Hà Nội,60,2,0,88.0,3.0,3296400.0,Trung bình,0.321
C05404,47,Nữ,Hà Nội,23,0,0,145.0,2.0,963850.0,Đã ngủ đông,0.421
C05405,37,Nữ,Hà Nội,1,1,1,30.0,3.0,1371800.0,Đang hoạt động,0.636
C05406,40,Nam,Hà Nội,39,2,1,124.0,2.0,466600.0,Đã ngủ đông,0.527
C05407,28,Nam,Đà Nẵng,51,0,0,174.0,3.0,1007900.0,Đã ngủ đông,0.216
C05408,65,Nam,Hải Phòng,48,0,0,50.0,5.0,2546600.0,Trung bình,0.143
C05409,26,Nữ,TP HCM,30,0,0,3.0,7.0,10193500.0,Đang hoạt động,0.188
C05410,29,Nam,Hà Nội,22,0,0,2.0,3.0,2676400.0,Đang hoạt động,0.372
C05411,54,Nữ,Đà Nẵng,14,0,0,28.0,6.0,2884500.0,Đang hoạt động,0.288
C05412,36,Nữ,Cần Thơ,56,0,0,224.0,3.0,1039900.0,Đã ngủ đông,0.185
C05413,38,Nữ,TP HCM,9,1,0,111.0,3.0,2429850.0,Trung bình,0.625
C05414,35,Nữ,TP HCM,52,0,0,82.0,2.0,1088150.0,Trung bình,0.266
C05415,41,Nam,TP HCM,17,1,1,38.0,4.0,17388722.0,Trung bình,0.538
C05416,53,Nữ,Đà Nẵng,12,1,1,253.0,1.0,600000.0,Đã ngủ đông,0.691
C05417,28,Nam,TP HCM,50,3,0,134.0,2.0,3236300.0,Đã ngủ đông,0.609
C05418,55,Nam,Cần Thơ,35,4,1,83.0,2.0,20992035.0,Trung bình,0.795
C05419,54,Nữ,TP HCM,1,1,0,12.0,3.0,2378100.0,Đang hoạt động,0.673
C05420,24,Nam,TP HCM,25,1,1,53.0,4.0,2770700.0,Trung bình,0.448
C05421,54,Nữ,Cần Thơ,26,0,0,18.0,3.0,1066000.0,Đang hoạt động,0.349
C05422,55,Nam,Hà Nội,5,2,1,37.0,5.0,2079700.0,Trung bình,0.601
C05423,29,Nam,TP HCM,5,0,1,999.0,0.0,0.0,Chưa mua,0.729
C05424,25,Nam,Hải Phòng,42,1,1,21.0,2.0,1294000.0,Đang hoạt động,0.393
C05425,59,Nữ,TP HCM,40,1,0,215.0,2.0,2292100.0,Đã ngủ đông,0.454
C05426,32,Nam,Đà Nẵng,52,2,0,128.0,3.0,1884700.0,Đã ngủ đông,0.4
C05427,56,Nam,Hà Nội,25,0,0,11.0,7.0,4494100.0,Đang hoạt động,0.174
C05428,23,Nam,Đà Nẵng,55,0,0,63.0,2.0,984900.0,Trung bình,0.234
C05429,60,Nữ,TP HCM,12,1,1,41.0,2.0,2383650.0,Trung bình,0.652
C05430,41,Nữ,Hải Phòng,47,0,0,50.0,5.0,15416288.0,Trung bình,0.165
C05431,25,Nam,Đà Nẵng,48,3,0,166.0,1.0,675450.0,Đã ngủ đông,0.655
C05432,53,Nữ,Hà Nội,17,1,1,208.0,2.0,1302300.0,Đã ngủ đông,0.581
C05433,19,Nữ,TP HCM,51,2,1,180.0,3.0,5338000.0,Đã ngủ đông,0.439
C05434,39,Nữ,Đà Nẵng,20,1,1,100.0,2.0,1405100.0,Trung bình,0.58
C05435,47,Nữ,TP HCM,8,0,1,39.0,3.0,4205700.0,Trung bình,0.52
C05436,44,Nam,Hà Nội,51,0,1,108.0,1.0,790000.0,Trung bình,0.282
C05437,35,Nam,TP HCM,14,1,1,73.0,3.0,5313000.0,Trung bình,0.593
C05438,53,Nam,Hà Nội,41,0,1,59.0,2.0,3777600.0,Trung bình,0.298
C05439,59,Nam,TP HCM,55,0,1,125.0,3.0,2303250.0,Đã ngủ đông,0.206
C05440,45,Nữ,Hà Nội,17,1,0,50.0,9.0,4589000.0,Trung bình,0.212
C05441,32,Nữ,Hà Nội,5,2,1,999.0,0.0,0.0,Chưa mua,0.85
C05442,20,Nữ,Hà Nội,12,0,1,7.0,3.0,627600.0,Đang hoạt động,0.443
C05443,57,Nữ,Đà Nẵng,52,3,0,43.0,4.0,19195501.0,Trung bình,0.487
C05444,64,Nam,Đà Nẵng,41,1,0,124.0,3.0,3068300.0,Đã ngủ đông,0.367
C05445,19,Nam,Hải Phòng,48,2,1,63.0,6.0,4870700.0,Trung bình,0.258
C05446,24,Nam,Hà Nội,47,0,1,25.0,3.0,515100.0,Đang hoạt động,0.216
C05447,69,Nữ,Đà Nẵng,50,2,0,64.0,4.0,3311400.0,Trung bình,0.354
C05448,52,Nữ,TP HCM,51,1,0,48.0,8.0,8212700.0,Trung bình,0.13
C05449,21,Nữ,Hà Nội,1,1,1,69.0,7.0,14190400.0,Trung bình,0.437
C05450,26,Nữ,TP HCM,26,2,1,149.0,2.0,884900.0,Đã ngủ đông,0.667
C05451,27,Nữ,Đà Nẵng,38,4,1,5.0,4.0,5616500.0,Đang hoạt động,0.672
C05452,35,Nữ,Hà Nội,58,2,1,298.0,1.0,163800.0,Đã ngủ đông,0.452
C05453,53,Nam,TP HCM,22,1,0,140.0,3.0,2289850.0,Đã ngủ đông,0.527
C05454,29,Nữ,Hà Nội,7,0,0,31.0,6.0,3310950.0,Trung bình,0.317
C05455,47,Nam,Hà Nội,16,1,0,6.0,4.0,4279350.0,Đang hoạt động,0.47
C05456,25,Nam,Hà Nội,58,1,0,135.0,3.0,1400500.0,Đã ngủ đông,0.243
C05457,51,Nữ,Hà Nội,30,0,0,4.0,5.0,3076000.0,Đang hoạt động,0.224
C05458,31,Nữ,Hải Phòng,33,0,0,44.0,2.0,448600.0,Trung bình,0.349
C05459,20,Nam,Hà Nội,34,0,1,22.0,1.0,452000.0,Đang hoạt động,0.396
C05460,69,Nữ,Hà Nội,9,1,1,109.0,5.0,1600100.0,Trung bình,0.459
C05461,29,Nữ,Cần Thơ,34,2,0,24.0,5.0,6035750.0,Đang hoạt động,0.411
C05462,55,Nữ,Cần Thơ,27,1,0,59.0,3.0,3818350.0,Trung bình,0.458
C05463,40,Nam,Cần Thơ,3,3,0,37.0,4.0,4584800.0,Trung bình,0.776
C05464,54,Nam,Hải Phòng,21,1,0,185.0,4.0,1288800.0,Đã ngủ đông,0.432
C05465,56,Nữ,Hà Nội,11,0,0,46.0,4.0,2649100.0,Trung bình,0.393
C05466,59,Nữ,TP HCM,40,2,1,49.0,2.0,1650000.0,Trung bình,0.56
C05467,20,Nữ,Hà Nội,42,1,1,79.0,2.0,1244500.0,Trung bình,0.396
C05468,33,Nam,Đà Nẵng,43,0,0,54.0,7.0,7285550.0,Trung bình,0.124
C05469,29,Nữ,TP HCM,3,3,0,74.0,3.0,4234200.0,Trung bình,0.835
C05470,26,Nữ,TP HCM,10,1,0,51.0,6.0,6009950.0,Trung bình,0.451
C05471,32,Nam,Cần Thơ,37,1,0,186.0,1.0,489000.0,Đã ngủ đông,0.501
C05472,43,Nữ,Hà Nội,8,3,1,5.0,5.0,10209250.0,Đang hoạt động,0.703
C05473,68,Nữ,TP HCM,29,0,1,88.0,3.0,2638200.0,Trung bình,0.361
C05474,50,Nữ,Hải Phòng,21,0,0,46.0,4.0,4269650.0,Trung bình,0.328
C05475,65,Nam,TP HCM,12,1,1,101.0,2.0,2863150.0,Trung bình,0.653
C05476,62,Nam,Hà Nội,7,0,1,49.0,6.0,4479900.0,Trung bình,0.314
C05477,47,Nữ,TP HCM,41,0,1,117.0,5.0,12207267.0,Trung bình,0.215
C05478,64,Nữ,TP HCM,37,0,1,38.0,3.0,3196000.0,Trung bình,0.308
C05479,27,Nam,Hà Nội,55,2,1,153.0,1.0,304000.0,Đã ngủ đông,0.469
C05480,63,Nữ,Hà Nội,29,2,1,5.0,6.0,9944250.0,Đang hoạt động,0.383
C05481,33,Nam,Hải Phòng,28,0,0,999.0,0.0,0.0,Chưa mua,0.532
C05482,61,Nam,TP HCM,2,0,1,61.0,3.0,1279200.0,Trung bình,0.555
C05483,38,Nam,Hải Phòng,31,0,1,23.0,4.0,1840600.0,Đang hoạt động,0.261
C05484,55,Nữ,Đà Nẵng,25,0,0,33.0,5.0,7789550.0,Trung bình,0.278
C05485,32,Nữ,TP HCM,16,0,0,27.0,3.0,2561050.0,Đang hoạt động,0.459
C05486,60,Nam,TP HCM,54,2,1,156.0,3.0,2816800.0,Đã ngủ đông,0.403
C05487,64,Nam,TP HCM,38,2,1,4.0,2.0,747650.0,Đang hoạt động,0.569
C05488,68,Nam,TP HCM,2,2,1,223.0,1.0,346000.0,Đã ngủ đông,0.835
C05489,19,Nam,TP HCM,22,1,0,110.0,5.0,3693650.0,Trung bình,0.417
C05490,58,Nam,Hà Nội,1,1,0,33.0,6.0,8723550.0,Trung bình,0.474
C05491,19,Nam,Hà Nội,49,2,0,146.0,3.0,4703000.0,Đã ngủ đông,0.408
C05492,39,Nam,Cần Thơ,43,0,0,22.0,3.0,2343600.0,Đang hoạt động,0.246
C05493,31,Nữ,Hà Nội,50,0,0,237.0,2.0,2280400.0,Đã ngủ đông,0.251
C05494,28,Nam,Cần Thơ,21,2,1,25.0,6.0,4445000.0,Đang hoạt động,0.445
C05495,41,Nữ,TP HCM,44,0,0,4.0,8.0,8062500.0,Đang hoạt động,0.105
C05496,51,Nam,Hà Nội,14,2,1,198.0,4.0,3943800.0,Đã ngủ đông,0.604
C05497,30,Nam,Hà Nội,39,0,0,170.0,2.0,872700.0,Đã ngủ đông,0.312
C05498,19,Nữ,Hà Nội,47,3,0,183.0,3.0,2026600.0,Đã ngủ đông,0.533
C05499,68,Nữ,Cần Thơ,6,1,1,195.0,1.0,170000.0,Đã ngủ đông,0.714
C05500,32,Nam,Hà Nội,44,0,1,49.0,3.0,1680700.0,Trung bình,0.234
C05501,26,Nam,Hà Nội,4,1,0,57.0,7.0,4864700.0,Trung bình,0.392
C05502,37,Nam,Hà Nội,53,0,0,8.0,4.0,1617700.0,Đang hoạt động,0.154
C05503,65,Nữ,Đà Nẵng,25,1,1,129.0,3.0,1869950.0,Đã ngủ đông,0.482
C05504,58,Nam,Đà Nẵng,55,3,1,45.0,2.0,4805100.0,Trung bình,0.548
C05505,69,Nữ,TP HCM,43,1,0,30.0,4.0,3422500.0,Đang hoạt động,0.316
C05506,70,Nữ,Đà Nẵng,16,0,0,999.0,0.0,0.0,Chưa mua,0.636
C05507,64,Nữ,TP HCM,29,0,1,186.0,3.0,2527300.0,Đã ngủ đông,0.365
C05508,22,Nữ,TP HCM,26,2,0,22.0,2.0,2100000.0,Đang hoạt động,0.666
C05509,20,Nữ,Hà Nội,8,0,0,274.0,1.0,158000.0,Đã ngủ đông,0.598
C05510,35,Nữ,Hà Nội,1,2,0,1.0,6.0,25647888.0,Đang hoạt động,0.628
C05511,42,Nữ,Hải Phòng,9,2,0,49.0,2.0,2338000.0,Trung bình,0.735
C05512,24,Nam,TP HCM,51,1,0,77.0,3.0,2161600.0,Trung bình,0.32
C05513,45,Nữ,Hà Nội,53,0,0,80.0,4.0,2532700.0,Trung bình,0.156
C05514,31,Nữ,TP HCM,19,1,0,48.0,5.0,2986900.0,Trung bình,0.435
C05515,36,Nam,TP HCM,16,2,1,999.0,0.0,0.0,Chưa mua,0.828
C05516,32,Nam,Đà Nẵng,3,0,1,158.0,1.0,194000.0,Đã ngủ đông,0.648
C05517,38,Nam,TP HCM,28,1,1,43.0,5.0,2885000.0,Trung bình,0.367
C05518,23,Nam,Hải Phòng,25,0,1,32.0,4.0,4722050.0,Trung bình,0.306
C05519,35,Nữ,TP HCM,29,2,0,44.0,9.0,8745850.0,Trung bình,0.269
C05520,20,Nam,Đà Nẵng,28,1,1,35.0,5.0,2775800.0,Trung bình,0.351
C05521,52,Nam,Đà Nẵng,46,1,0,162.0,2.0,2026350.0,Đã ngủ đông,0.388
C05522,45,Nữ,Cần Thơ,5,1,1,64.0,3.0,1230350.0,Trung bình,0.617
C05523,31,Nữ,Hà Nội,43,1,0,6.0,4.0,3849050.0,Đang hoạt động,0.286
C05524,26,Nữ,Hà Nội,48,1,0,28.0,5.0,11155483.0,Đang hoạt động,0.226
C05525,60,Nữ,Hà Nội,18,2,0,194.0,1.0,3060000.0,Đã ngủ đông,0.731
C05526,38,Nữ,TP HCM,29,1,0,25.0,4.0,5206000.0,Đang hoạt động,0.422
C05527,35,Nam,Hà Nội,46,1,1,88.0,2.0,2450000.0,Trung bình,0.367
C05528,56,Nữ,TP HCM,23,1,1,86.0,4.0,4081250.0,Trung bình,0.463
C05529,69,Nam,Đà Nẵng,5,2,0,130.0,3.0,2103000.0,Đã ngủ đông,0.727
C05530,56,Nữ,TP HCM,45,3,1,262.0,1.0,320000.0,Đã ngủ đông,0.692
C05531,41,Nữ,Hải Phòng,46,0,0,20.0,4.0,5537400.0,Đang hoạt động,0.19
C05532,20,Nữ,Đà Nẵng,54,0,0,95.0,3.0,2096800.0,Trung bình,0.202
C05533,45,Nam,Hà Nội,45,2,0,30.0,5.0,2862350.0,Đang hoạt động,0.315
C05534,56,Nam,TP HCM,3,1,0,108.0,3.0,1886000.0,Trung bình,0.661
C05535,66,Nam,Hà Nội,36,2,0,53.0,3.0,3967000.0,Trung bình,0.491
C05536,51,Nam,TP HCM,25,1,1,152.0,4.0,3371000.0,Đã ngủ đông,0.449
C05537,36,Nam,Đà Nẵng,14,1,0,54.0,5.0,2320450.0,Trung bình,0.449
C05538,29,Nữ,Hà Nội,43,1,0,41.0,6.0,5863363.0,Trung bình,0.204
C05539,42,Nữ,Hải Phòng,19,2,1,112.0,5.0,2370850.0,Trung bình,0.506
C05540,57,Nam,TP HCM,14,0,1,146.0,5.0,4249000.0,Đã ngủ đông,0.362
C05541,35,Nam,TP HCM,56,2,1,26.0,2.0,1236950.0,Đang hoạt động,0.442
C05542,64,Nữ,TP HCM,46,0,0,38.0,4.0,1422600.0,Trung bình,0.209
C05543,31,Nam,TP HCM,44,3,0,46.0,6.0,5251500.0,Trung bình,0.421
C05544,33,Nam,Đà Nẵng,27,3,0,149.0,3.0,1394900.0,Đã ngủ đông,0.69
C05545,68,Nữ,TP HCM,50,2,0,33.0,6.0,6860600.0,Trung bình,0.276
C05546,37,Nữ,Cần Thơ,32,1,0,57.0,7.0,5780250.0,Trung bình,0.226
C05547,23,Nam,Đà Nẵng,9,2,1,13.0,5.0,3318400.0,Đang hoạt động,0.602
C05548,66,Nữ,Hà Nội,34,0,0,67.0,3.0,2569000.0,Trung bình,0.29
C05549,52,Nữ,Đà Nẵng,39,3,1,30.0,3.0,501000.0,Đang hoạt động,0.6
C05550,62,Nữ,Cần Thơ,26,4,1,23.0,5.0,17510467.0,Đang hoạt động,0.707
C05551,28,Nam,Hải Phòng,56,3,1,8.0,2.0,803000.0,Đang hoạt động,0.513
C05552,28,Nam,TP HCM,23,3,1,141.0,1.0,199000.0,Đã ngủ đông,0.812
C05553,36,Nữ,TP HCM,10,0,1,128.0,3.0,1163350.0,Đã ngủ đông,0.504
C05554,20,Nữ,Cần Thơ,14,2,0,240.0,3.0,1325250.0,Đã ngủ đông,0.67
C05555,35,Nam,Hải Phòng,23,0,1,123.0,1.0,684000.0,Đã ngủ đông,0.479
C05556,53,Nữ,TP HCM,57,0,0,6.0,2.0,2251000.0,Đang hoạt động,0.235
C05557,32,Nữ,Hải Phòng,12,1,0,145.0,4.0,5046300.0,Đã ngủ đông,0.512
C05558,27,Nữ,Hà Nội,57,0,0,62.0,1.0,986100.0,Trung bình,0.249
C05559,22,Nam,Hà Nội,41,1,1,261.0,1.0,2134350.0,Đã ngủ đông,0.468
C05560,59,Nam,Hà Nội,5,0,1,244.0,1.0,783000.0,Đã ngủ đông,0.612
C05561,24,Nữ,Hải Phòng,35,0,0,134.0,4.0,3913400.0,Đã ngủ đông,0.248
C05562,51,Nữ,Hà Nội,46,1,1,6.0,5.0,2895250.0,Đang hoạt động,0.22
C05563,58,Nam,Hà Nội,33,1,0,11.0,4.0,2569200.0,Đang hoạt động,0.343
C05564,28,Nam,Hải Phòng,56,2,0,7.0,4.0,5409000.0,Đang hoạt động,0.302
C05565,49,Nam,Hà Nội,40,0,1,74.0,3.0,3091550.0,Trung bình,0.257
C05566,32,Nam,TP HCM,2,1,1,270.0,1.0,1894000.0,Đã ngủ đông,0.77
C05567,37,Nữ,TP HCM,24,4,1,192.0,2.0,641000.0,Đã ngủ đông,0.841
C05568,52,Nữ,TP HCM,50,1,0,167.0,3.0,4967200.0,Đã ngủ đông,0.332
C05569,29,Nam,Đà Nẵng,15,1,1,88.0,6.0,7249000.0,Trung bình,0.397
C05570,36,Nữ,Đà Nẵng,8,1,1,14.0,7.0,2380800.0,Đang hoạt động,0.378
C05571,54,Nam,Hải Phòng,6,1,1,10.0,7.0,20741408.0,Đang hoạt động,0.406
C05572,64,Nữ,TP HCM,10,1,0,152.0,3.0,1644000.0,Đã ngủ đông,0.613
C05573,69,Nam,Đà Nẵng,3,0,0,159.0,3.0,927000.0,Đã ngủ đông,0.529
C05574,65,Nam,Hải Phòng,29,2,0,27.0,5.0,3323100.0,Đang hoạt động,0.425
C05575,46,Nữ,Đà Nẵng,44,2,1,140.0,2.0,2289700.0,Đã ngủ đông,0.518
C05576,70,Nam,TP HCM,49,3,1,999.0,0.0,0.0,Chưa mua,0.734
C05577,66,Nam,Hà Nội,54,1,0,63.0,2.0,1154300.0,Trung bình,0.306
C05578,67,Nam,TP HCM,6,1,0,152.0,4.0,4598600.0,Đã ngủ đông,0.59
C05579,60,Nam,Hà Nội,19,0,0,47.0,4.0,2308500.0,Trung bình,0.334
C05580,55,Nam,Hà Nội,49,0,0,40.0,1.0,334000.0,Trung bình,0.29
C05581,22,Nữ,TP HCM,7,1,0,17.0,8.0,6147350.0,Đang hoạt động,0.359
C05582,41,Nam,TP HCM,31,0,0,4.0,2.0,1443300.0,Đang hoạt động,0.4
C05583,51,Nam,TP HCM,35,0,1,33.0,4.0,2560600.0,Trung bình,0.271
C05584,41,Nữ,TP HCM,24,2,0,82.0,5.0,3888800.0,Trung bình,0.513
C05585,40,Nữ,TP HCM,59,1,0,30.0,3.0,2891000.0,Đang hoạt động,0.269
C05586,57,Nam,Hà Nội,51,0,0,56.0,2.0,686000.0,Trung bình,0.234
C05587,29,Nam,TP HCM,5,0,1,12.0,6.0,15930583.0,Đang hoạt động,0.395
C05588,54,Nữ,TP HCM,33,3,0,9.0,5.0,1496350.0,Đang hoạt động,0.549
C05589,69,Nam,Hà Nội,5,2,0,12.0,7.0,6735500.0,Đang hoạt động,0.492
C05590,53,Nữ,TP HCM,41,2,1,8.0,5.0,4033000.0,Đang hoạt động,0.383
C05591,45,Nữ,Hà Nội,36,0,0,148.0,2.0,968050.0,Đã ngủ đông,0.33
C05592,61,Nam,TP HCM,16,1,1,121.0,1.0,1466000.0,Đã ngủ đông,0.678
C05593,67,Nam,TP HCM,2,2,1,37.0,3.0,2280000.0,Trung bình,0.758
C05594,44,Nữ,Đà Nẵng,27,3,0,257.0,1.0,2463000.0,Đã ngủ đông,0.785
C05595,23,Nam,Hải Phòng,5,0,1,280.0,2.0,2999200.0,Đã ngủ đông,0.568
C05596,47,Nữ,Đà Nẵng,36,1,0,121.0,7.0,8648100.0,Đã ngủ đông,0.219
C05597,67,Nữ,Hà Nội,32,1,1,44.0,2.0,5065250.0,Trung bình,0.469
C05598,38,Nam,Hải Phòng,32,2,1,70.0,4.0,4659000.0,Trung bình,0.47
C05599,38,Nữ,Hà Nội,59,1,0,150.0,5.0,10577600.0,Đã ngủ đông,0.174
C05600,69,Nam,Cần Thơ,53,0,1,76.0,3.0,1645900.0,Trung bình,0.192
C05601,70,Nam,Hà Nội,31,1,0,47.0,5.0,3874250.0,Trung bình,0.306
C05602,38,Nam,Hải Phòng,42,2,0,54.0,1.0,158000.0,Trung bình,0.561
C05603,60,Nữ,Cần Thơ,42,2,0,73.0,3.0,1968800.0,Trung bình,0.456
C05604,39,Nam,Cần Thơ,33,1,0,170.0,1.0,2889722.675320835,Đã ngủ đông,0.535
C05605,45,Nam,Hải Phòng,58,1,0,47.0,3.0,495000.0,Trung bình,0.237
C05606,25,Nữ,TP HCM,39,1,0,121.0,4.0,4074000.0,Đã ngủ đông,0.354
C05607,27,Nữ,Hà Nội,47,0,1,47.0,5.0,6985100.0,Trung bình,0.155
C05608,49,Nam,Đà Nẵng,49,1,0,136.0,3.0,3229000.0,Đã ngủ đông,0.316
C05609,47,Nữ,Hà Nội,26,0,0,97.0,5.0,4752500.0,Trung bình,0.252
C05610,19,Nam,Hà Nội,38,2,1,26.0,5.0,5180000.0,Đang hoạt động,0.371
C05611,43,Nam,TP HCM,30,4,1,29.0,2.0,3498000.0,Đang hoạt động,0.814
C05612,24,Nữ,TP HCM,34,1,0,305.0,1.0,744000.0,Đã ngủ đông,0.563
C05613,53,Nữ,Hà Nội,4,0,1,6.0,3.0,4382000.0,Đang hoạt động,0.505
C05614,21,Nữ,TP HCM,44,1,1,59.0,3.0,2965850.0,Trung bình,0.37
C05615,29,Nữ,Hà Nội,23,0,1,111.0,2.0,1074000.0,Trung bình,0.423
C05616,65,Nam,Cần Thơ,50,1,0,999.0,0.0,0.0,Chưa mua,0.486
C05617,67,Nam,Cần Thơ,52,1,0,5.0,4.0,7935196.0,Đang hoạt động,0.243
C05618,29,Nữ,Hà Nội,48,1,0,73.0,4.0,1902750.0,Trung bình,0.255
C05619,23,Nam,Đà Nẵng,4,2,1,37.0,3.0,2509600.0,Trung bình,0.737
C05620,69,Nữ,Hải Phòng,42,0,0,70.0,2.0,1717000.0,Trung bình,0.288
C05621,63,Nữ,Hải Phòng,15,0,0,31.0,2.0,5725000.0,Trung bình,0.485
C05622,60,Nam,Hà Nội,35,2,0,74.0,4.0,4276000.0,Trung bình,0.443
C05623,45,Nam,Hải Phòng,8,2,1,218.0,1.0,288000.0,Đã ngủ đông,0.783
C05624,25,Nữ,TP HCM,37,1,1,310.0,1.0,264600.0,Đã ngủ đông,0.54
C05625,52,Nam,Đà Nẵng,13,1,0,141.0,2.0,878000.0,Đã ngủ đông,0.627
C05626,37,Nam,Hải Phòng,38,1,0,103.0,3.0,2424100.0,Trung bình,0.369
C05627,36,Nữ,TP HCM,51,1,1,111.0,3.0,782000.0,Trung bình,0.318
C05628,21,Nữ,Hà Nội,49,2,0,152.0,3.0,1971000.0,Đã ngủ đông,0.403
C05629,43,Nữ,Cần Thơ,36,3,1,37.0,1.0,1096000.0,Trung bình,0.717
C05630,64,Nữ,Hải Phòng,28,0,0,6.0,3.0,3981700.0,Đang hoạt động,0.33
C05631,57,Nam,Cần Thơ,50,1,1,18.0,7.0,13983705.0,Đang hoạt động,0.152
C05632,25,Nam,Hà Nội,60,0,0,13.0,4.0,4171100.0,Đang hoạt động,0.132
C05633,18,Nữ,Hà Nội,2,1,1,999.0,0.0,0.0,Chưa mua,0.799
C05634,34,Nam,Đà Nẵng,39,2,1,191.0,1.0,294000.0,Đã ngủ đông,0.61
C05635,65,Nữ,Hà Nội,10,1,1,53.0,2.0,1956150.0,Trung bình,0.625
C05636,67,Nam,Hà Nội,39,2,1,56.0,4.0,6584000.0,Trung bình,0.416
C05637,22,Nam,Đà Nẵng,27,0,1,91.0,2.0,1328300.0,Trung bình,0.416
C05638,35,Nam,Đà Nẵng,42,2,1,191.0,1.0,153900.0,Đã ngủ đông,0.588
C05639,26,Nữ,TP HCM,58,1,0,262.0,3.0,847000.0,Đã ngủ đông,0.28
C05640,52,Nam,TP HCM,56,2,0,12.0,4.0,1894800.0,Đang hoạt động,0.329
C05641,24,Nam,Đà Nẵng,40,2,0,31.0,3.0,5483100.0,Trung bình,0.494
C05642,64,Nam,TP HCM,57,0,0,5.0,6.0,7456600.0,Đang hoạt động,0.11
C05643,43,Nữ,Hải Phòng,54,2,1,60.0,4.0,2162600.0,Trung bình,0.309
C05644,22,Nữ,TP HCM,15,4,1,6.0,6.0,3281250.0,Đang hoạt động,0.731
C05645,32,Nam,Đà Nẵng,51,1,0,218.0,1.0,2517000.0,Đã ngủ đông,0.415
C05646,57,Nữ,Hải Phòng,23,2,0,8.0,3.0,6383000.0,Đang hoạt động,0.595
C05647,58,Nam,Hải Phòng,34,2,1,7.0,4.0,2311800.0,Đang hoạt động,0.444
C05648,26,Nam,TP HCM,21,0,0,155.0,4.0,5523100.0,Đã ngủ đông,0.376
C05649,48,Nữ,Hải Phòng,41,0,0,8.0,9.0,13585974.0,Đang hoạt động,0.082
C05650,37,Nam,Hà Nội,4,2,1,30.0,7.0,6381700.0,Đang hoạt động,0.505
C05651,40,Nam,Hải Phòng,23,1,0,47.0,5.0,3704700.0,Trung bình,0.364
C05652,48,Nữ,TP HCM,6,1,0,46.0,5.0,4412700.0,Trung bình,0.532
C05653,44,Nam,Cần Thơ,38,2,0,96.0,2.0,1196050.0,Trung bình,0.545
C05654,53,Nam,TP HCM,14,0,1,289.0,1.0,432000.0,Đã ngủ đông,0.591
C05655,43,Nam,TP HCM,5,1,1,26.0,5.0,7332100.0,Đang hoạt động,0.545
C05656,61,Nam,TP HCM,53,2,0,64.0,5.0,4780600.0,Trung bình,0.303
C05657,63,Nữ,Hà Nội,40,0,1,145.0,2.0,491000.0,Đã ngủ đông,0.301
C05658,19,Nam,Hà Nội,27,0,1,12.0,2.0,976000.0,Đang hoạt động,0.39
C05659,51,Nam,Hà Nội,50,0,0,26.0,2.0,2423000.0,Đang hoạt động,0.242
C05660,68,Nữ,Cần Thơ,31,2,0,154.0,1.0,733400.0,Đã ngủ đông,0.65
C05661,57,Nữ,Hà Nội,33,2,0,97.0,4.0,2541000.0,Trung bình,0.456
C05662,47,Nam,Đà Nẵng,50,2,0,8.0,3.0,5140000.0,Đang hoạt động,0.414
C05663,50,Nam,Hà Nội,35,6,1,18.0,4.0,5950000.0,Đang hoạt động,0.834
C05664,19,Nữ,TP HCM,46,2,1,66.0,3.0,5353950.0,Trung bình,0.473
C05665,43,Nam,TP HCM,50,0,0,17.0,6.0,11032000.0,Đang hoạt động,0.138
C05666,46,Nam,Hải Phòng,30,3,1,15.0,8.0,7741100.0,Đang hoạt động,0.37
C05667,69,Nam,TP HCM,3,0,1,107.0,4.0,3642600.0,Trung bình,0.495
C05668,65,Nữ,Hà Nội,51,0,0,140.0,3.0,1772300.0,Đã ngủ đông,0.198
C05669,47,Nữ,Đà Nẵng,17,4,0,140.0,2.0,3974800.0,Đã ngủ đông,0.859
C05670,31,Nữ,Đà Nẵng,21,3,0,49.0,6.0,3962050.0,Trung bình,0.571
C05671,45,Nam,TP HCM,51,0,1,139.0,3.0,2153000.0,Đã ngủ đông,0.228
C05672,42,Nam,TP HCM,58,0,0,75.0,4.0,3915000.0,Trung bình,0.16
C05673,36,Nam,Cần Thơ,42,3,0,65.0,6.0,4544900.0,Trung bình,0.403
C05674,59,Nam,Cần Thơ,30,2,1,999.0,0.0,0.0,Chưa mua,0.732
C05675,67,Nam,TP HCM,28,1,0,30.0,6.0,2604900.0,Đang hoạt động,0.309
C05676,46,Nam,TP HCM,28,0,1,41.0,1.0,642000.0,Trung bình,0.479
C05677,68,Nữ,Hà Nội,25,1,0,55.0,5.0,3271850.0,Trung bình,0.346
C05678,31,Nam,Hà Nội,14,0,0,8.0,5.0,5490400.0,Đang hoạt động,0.325
C05679,24,Nữ,Hải Phòng,41,4,1,43.0,3.0,1181000.0,Trung bình,0.677
C05680,52,Nữ,TP HCM,58,0,0,62.0,5.0,3060250.0,Trung bình,0.13
C05681,61,Nam,TP HCM,42,1,0,999.0,0.0,0.0,Chưa mua,0.578
C05682,61,Nữ,Hà Nội,47,1,1,27.0,3.0,1122200.0,Đang hoạt động,0.301
C05683,37,Nữ,Hà Nội,44,2,0,2.0,2.0,3598700.0,Đang hoạt động,0.494
C05684,31,Nam,Hải Phòng,47,0,0,135.0,1.0,464100.0,Đã ngủ đông,0.31
C05685,48,Nữ,Đà Nẵng,37,0,0,73.0,9.0,7778850.0,Trung bình,0.095
C05686,52,Nữ,Hải Phòng,52,1,0,999.0,0.0,0.0,Chưa mua,0.464
C05687,24,Nữ,Hà Nội,28,0,0,114.0,2.0,2713000.0,Trung bình,0.391
C05688,45,Nam,TP HCM,59,2,0,65.0,5.0,3087450.0,Trung bình,0.266
C05689,54,Nữ,TP HCM,46,0,0,83.0,4.0,1892300.0,Trung bình,0.212
C05690,43,Nam,Hà Nội,4,0,0,55.0,4.0,3351000.0,Trung bình,0.446
C05691,22,Nam,TP HCM,13,2,0,72.0,3.0,2141800.0,Trung bình,0.699
C05692,60,Nữ,TP HCM,32,2,0,26.0,9.0,10647450.0,Đang hoạt động,0.251
C05693,59,Nam,Hà Nội,11,0,0,108.0,7.0,9017300.0,Trung bình,0.252
C05694,59,Nữ,TP HCM,13,2,1,9.0,6.0,3741700.0,Đang hoạt động,0.53
C05695,18,Nam,TP HCM,57,2,0,22.0,8.0,4724800.0,Đang hoạt động,0.163
C05696,51,Nam,TP HCM,35,1,0,1.0,8.0,5843400.0,Đang hoạt động,0.19
C05697,20,Nữ,Hà Nội,37,3,1,132.0,2.0,1163400.0,Đã ngủ đông,0.658
C05698,21,Nam,TP HCM,4,3,1,6.0,4.0,2169600.0,Đang hoạt động,0.79
C05699,19,Nữ,Hải Phòng,49,2,1,71.0,4.0,2511250.0,Trung bình,0.347
C05700,60,Nam,Hải Phòng,36,4,1,10.0,7.0,7063750.0,Đang hoạt động,0.491
C05701,30,Nữ,Hà Nội,56,1,1,289.0,1.0,561000.0,Đã ngủ đông,0.357
C05702,20,Nam,Hà Nội,13,3,0,223.0,2.0,1449850.0,Đã ngủ đông,0.8
C05703,35,Nam,TP HCM,23,2,0,35.0,2.0,1224800.0,Trung bình,0.681
C05704,40,Nữ,TP HCM,54,1,1,78.0,2.0,1740000.0,Trung bình,0.35
C05705,25,Nữ,TP HCM,35,1,1,111.0,5.0,5318750.0,Trung bình,0.33
C05706,53,Nam,Đà Nẵng,14,1,1,35.0,4.0,4598400.0,Trung bình,0.509
C05707,19,Nữ,Cần Thơ,54,2,0,58.0,4.0,1834000.0,Trung bình,0.321
C05708,51,Nữ,Đà Nẵng,55,3,0,38.0,3.0,6808350.0,Trung bình,0.496
C05709,19,Nữ,Hà Nội,22,2,1,80.0,4.0,5631000.0,Trung bình,0.551
C05710,70,Nữ,Hải Phòng,55,1,0,68.0,3.0,1680700.0,Trung bình,0.254
C05711,41,Nữ,Cần Thơ,9,2,0,42.0,10.0,11390500.0,Trung bình,0.322
C05712,53,Nam,TP HCM,13,0,1,26.0,2.0,3146450.0,Đang hoạt động,0.536
C05713,24,Nam,Hải Phòng,26,1,0,15.0,5.0,6174800.0,Đang hoạt động,0.35
C05714,56,Nữ,Hải Phòng,51,2,0,57.0,1.0,186000.0,Trung bình,0.492
C05715,61,Nam,TP HCM,4,2,1,306.0,1.0,950000.0,Đã ngủ đông,0.83
C05716,55,Nam,Hà Nội,32,1,0,27.0,4.0,2402050.0,Đang hoạt động,0.35
C05717,18,Nam,Hà Nội,6,3,1,134.0,2.0,1105700.0,Đã ngủ đông,0.829
C05718,24,Nam,Hà Nội,40,1,0,12.0,3.0,1419750.0,Đang hoạt động,0.351
C05719,66,Nữ,TP HCM,59,1,0,301.0,1.0,390000.0,Đã ngủ đông,0.371
C05720,49,Nam,TP HCM,8,2,0,93.0,2.0,1386000.0,Trung bình,0.77
C05721,65,Nữ,Hà Nội,8,2,1,249.0,2.0,2237800.0,Đã ngủ đông,0.743
C05722,56,Nữ,Đà Nẵng,28,0,1,62.0,1.0,475200.0,Trung bình,0.459
C05723,23,Nữ,Hải Phòng,55,1,0,21.0,3.0,4324000.0,Đang hoạt động,0.264
C05724,59,Nam,Hà Nội,29,1,1,75.0,2.0,895500.0,Trung bình,0.483
C05725,34,Nam,Hà Nội,5,1,1,101.0,4.0,2983300.0,Trung bình,0.555
C05726,19,Nam,Hải Phòng,4,1,0,45.0,4.0,13301452.92999948,Trung bình,0.587
C05727,57,Nam,TP HCM,18,0,0,98.0,4.0,4021500.0,Trung bình,0.387
C05728,37,Nữ,Hà Nội,53,2,1,109.0,3.0,964200.0,Trung bình,0.369
C05729,44,Nữ,TP HCM,27,2,1,33.0,3.0,3958100.0,Trung bình,0.605
C05730,25,Nữ,TP HCM,15,0,1,67.0,5.0,7271900.0,Trung bình,0.365
C05731,50,Nữ,TP HCM,43,2,1,3.0,5.0,6705050.0,Đang hoạt động,0.375
C05732,24,Nam,Hà Nội,10,0,0,228.0,2.0,5561250.0,Đã ngủ đông,0.534
C05733,68,Nữ,Đà Nẵng,31,0,1,18.0,3.0,4564000.0,Đang hoạt động,0.331
C05734,59,Nam,Hà Nội,56,0,0,169.0,2.0,559950.0,Đã ngủ đông,0.21
C05735,47,Nữ,Hà Nội,8,2,1,6.0,5.0,4653144.0,Đang hoạt động,0.587
C05736,41,Nữ,TP HCM,29,0,0,257.0,2.0,2383950.0,Đã ngủ đông,0.427
C05737,22,Nữ,TP HCM,36,2,0,155.0,3.0,1987000.0,Đã ngủ đông,0.543
C05738,44,Nam,TP HCM,15,2,1,116.0,3.0,2289000.0,Trung bình,0.685
C05739,34,Nữ,TP HCM,58,3,0,239.0,1.0,153000.0,Đã ngủ đông,0.605
C05740,36,Nữ,Hà Nội,37,2,0,259.0,4.0,1901950.0,Đã ngủ đông,0.435
C05741,61,Nữ,TP HCM,33,0,0,1.0,4.0,2520150.0,Đang hoạt động,0.282
C05742,62,Nam,TP HCM,49,0,1,108.0,2.0,2011550.0,Trung bình,0.281
C05743,21,Nam,Hà Nội,2,1,1,1.0,2.0,937800.0,Đang hoạt động,0.681
C05744,66,Nữ,TP HCM,40,3,0,31.0,6.0,6150850.0,Trung bình,0.448
C05745,29,Nam,TP HCM,20,0,0,17.0,6.0,5171000.0,Đang hoạt động,0.274
C05746,70,Nữ,TP HCM,18,2,0,37.0,5.0,2250550.0,Trung bình,0.548
C05747,20,Nam,Hà Nội,43,1,0,219.0,4.0,3449350.0,Đã ngủ đông,0.292
C05748,36,Nam,TP HCM,21,0,1,23.0,3.0,2918000.0,Đang hoạt động,0.42
C05749,70,Nam,Cần Thơ,13,2,0,35.0,3.0,3955200.0,Trung bình,0.667
C05750,26,Nam,Hà Nội,45,1,0,58.0,6.0,4658200.0,Trung bình,0.192
C05751,43,Nam,Hà Nội,53,2,0,43.0,7.0,3917650.0,Trung bình,0.186
C05752,68,Nữ,TP HCM,21,2,0,74.0,3.0,2651700.0,Trung bình,0.642
C05753,39,Nam,Hải Phòng,41,2,1,18.0,4.0,3558000.0,Đang hoạt động,0.399
C05754,56,Nam,Hà Nội,59,2,1,148.0,2.0,646500.0,Đã ngủ đông,0.378
C05755,50,Nữ,TP HCM,56,1,0,34.0,4.0,4437000.0,Trung bình,0.243
C05756,20,Nam,TP HCM,38,0,1,999.0,0.0,0.0,Chưa mua,0.501
C05757,53,Nam,Hải Phòng,28,1,0,65.0,2.0,1584850.0,Trung bình,0.494
C05758,53,Nữ,TP HCM,19,0,0,38.0,4.0,3365050.0,Trung bình,0.378
C05759,23,Nữ,TP HCM,16,1,0,1.0,4.0,3986200.0,Đang hoạt động,0.518
C05760,55,Nam,TP HCM,26,3,0,26.0,4.0,5908050.0,Đang hoạt động,0.664
C05761,56,Nữ,Hà Nội,43,0,0,65.0,4.0,3024500.0,Trung bình,0.199
C05762,44,Nam,TP HCM,47,3,1,24.0,5.0,3414000.0,Đang hoạt động,0.45
C05763,48,Nam,TP HCM,11,4,0,143.0,3.0,2161000.0,Đã ngủ đông,0.86
C05764,21,Nữ,Hà Nội,59,4,1,52.0,3.0,2590000.0,Trung bình,0.553
C05765,58,Nữ,Cần Thơ,24,1,1,20.0,8.0,17887200.0,Đang hoạt động,0.243
C05766,39,Nữ,Cần Thơ,24,2,0,28.0,5.0,4254100.0,Đang hoạt động,0.48
C05767,54,Nam,TP HCM,31,0,1,999.0,0.0,0.0,Chưa mua,0.548
C05768,34,Nữ,TP HCM,39,1,0,14.0,7.0,6832600.0,Đang hoạt động,0.213
C05769,66,Nam,TP HCM,37,0,1,209.0,2.0,1767900.0,Đã ngủ đông,0.361
C05770,59,Nữ,Hà Nội,44,3,1,121.0,5.0,5303800.0,Đã ngủ đông,0.436
C05771,34,Nữ,Hà Nội,1,2,1,246.0,2.0,4521000.0,Đã ngủ đông,0.788
C05772,18,Nữ,TP HCM,30,3,1,158.0,4.0,4186000.0,Đã ngủ đông,0.645
C05773,25,Nữ,Đà Nẵng,2,1,0,111.0,6.0,3353000.0,Trung bình,0.487
C05774,70,Nữ,Cần Thơ,33,0,1,47.0,5.0,6666400.0,Trung bình,0.221
C05775,43,Nam,TP HCM,22,2,1,67.0,6.0,5769000.0,Trung bình,0.471
C05776,53,Nữ,Hà Nội,54,0,0,79.0,6.0,3936650.0,Trung bình,0.102
C05777,63,Nam,TP HCM,20,1,1,63.0,4.0,6444800.0,Trung bình,0.487
C05778,41,Nam,Hà Nội,60,0,0,60.0,4.0,1923650.0,Trung bình,0.129
C05779,21,Nam,Đà Nẵng,47,0,0,166.0,4.0,2935600.0,Đã ngủ đông,0.2
C05780,37,Nữ,Đà Nẵng,48,2,0,56.0,3.0,3003100.0,Trung bình,0.429
C05781,63,Nữ,Hà Nội,53,1,0,79.0,4.0,8728000.0,Trung bình,0.234
C05782,47,Nữ,TP HCM,32,2,1,10.0,2.0,1367800.0,Đang hoạt động,0.618
C05783,69,Nam,Hà Nội,27,2,0,52.0,4.0,2246300.0,Trung bình,0.495
C05784,50,Nam,TP HCM,57,4,1,14.0,5.0,5983050.0,Đang hoạt động,0.494
C05785,28,Nam,Hà Nội,19,3,1,5.0,4.0,6253100.0,Đang hoạt động,0.676
C05786,22,Nữ,TP HCM,45,0,1,999.0,0.0,0.0,Chưa mua,0.45
C05787,31,Nữ,TP HCM,59,3,1,44.0,4.0,6200200.0,Trung bình,0.43
C05788,30,Nam,Đà Nẵng,36,3,1,121.0,3.0,848900.0,Đã ngủ đông,0.628
C05789,66,Nữ,Hà Nội,6,0,1,111.0,6.0,7925000.0,Trung bình,0.33
C05790,32,Nam,TP HCM,20,0,0,56.0,6.0,5825000.0,Trung bình,0.276
C05791,34,Nam,TP HCM,57,1,0,31.0,4.0,5245000.0,Trung bình,0.239
C05792,27,Nữ,TP HCM,55,0,0,125.0,2.0,1926000.0,Đã ngủ đông,0.252
C05793,37,Nữ,TP HCM,10,1,0,46.0,5.0,4273000.0,Trung bình,0.504
C05794,23,Nữ,TP HCM,6,2,1,126.0,6.0,3716300.0,Đã ngủ đông,0.592
C05795,18,Nam,Đà Nẵng,27,0,1,30.0,3.0,1016100.0,Đang hoạt động,0.358
C05796,63,Nam,Hà Nội,45,2,0,53.0,5.0,3960800.0,Trung bình,0.315
C05797,64,Nữ,TP HCM,19,2,0,32.0,5.0,5907250.0,Trung bình,0.549
C05798,48,Nữ,TP HCM,48,3,1,251.0,3.0,2948200.0,Đã ngủ đông,0.568
C05799,55,Nữ,TP HCM,44,1,1,22.0,4.0,5040000.0,Đang hoạt động,0.315
C05800,51,Nam,Hà Nội,48,0,0,32.0,4.0,8080900.0,Trung bình,0.182
C05801,46,Nam,Hà Nội,55,0,0,20.0,7.0,12508400.0,Đang hoạt động,0.085
C05802,18,Nam,Hà Nội,41,1,0,84.0,2.0,1210000.0,Trung bình,0.403
C05803,67,Nam,Đà Nẵng,29,0,1,23.0,2.0,846450.0,Đang hoạt động,0.39
C05804,44,Nam,Đà Nẵng,12,1,1,107.0,3.0,4279000.0,Trung bình,0.586
C05805,59,Nam,TP HCM,58,0,0,999.0,0.0,0.0,Chưa mua,0.349
C05806,33,Nữ,Hà Nội,8,0,1,39.0,4.0,3403800.0,Trung bình,0.419
C05807,65,Nam,Hải Phòng,27,3,0,13.0,4.0,2213000.0,Đang hoạt động,0.608
C05808,46,Nam,Cần Thơ,59,0,0,55.0,4.0,2476000.0,Trung bình,0.138
C05809,52,Nam,Cần Thơ,34,1,0,184.0,1.0,2797200.0,Đã ngủ đông,0.525
C05810,57,Nam,Hà Nội,7,0,0,133.0,1.0,726300.0,Đã ngủ đông,0.594
C05811,61,Nam,Cần Thơ,17,0,0,199.0,2.0,965800.0,Đã ngủ đông,0.474
C05812,46,Nam,Hải Phòng,23,0,0,34.0,6.0,5415700.0,Trung bình,0.224
C05813,68,Nam,Hà Nội,53,1,0,76.0,2.0,1002000.0,Trung bình,0.312
C05814,67,Nam,Cần Thơ,19,0,0,124.0,2.0,1323400.0,Đã ngủ đông,0.456
C05815,47,Nữ,Đà Nẵng,9,3,1,11.0,6.0,5749900.0,Đang hoạt động,0.656
C05816,67,Nam,TP HCM,9,0,1,184.0,2.0,1065100.0,Đã ngủ đông,0.565
C05817,70,Nam,TP HCM,32,4,0,59.0,2.0,362000.0,Trung bình,0.798
C05818,25,Nam,TP HCM,49,3,1,20.0,4.0,693000.0,Đang hoạt động,0.491
C05819,60,Nữ,Hà Nội,11,1,1,31.0,6.0,6492800.0,Trung bình,0.396
C05820,26,Nam,Hải Phòng,43,1,0,26.0,5.0,3510100.0,Đang hoạt động,0.24
C05821,62,Nam,Cần Thơ,52,0,1,16.0,4.0,1238150.0,Đang hoạt động,0.161
C05822,18,Nam,TP HCM,49,1,1,92.0,3.0,5408000.0,Trung bình,0.341
C05823,53,Nam,TP HCM,24,0,1,144.0,2.0,305200.0,Đã ngủ đông,0.452
C05824,49,Nữ,Hải Phòng,50,1,0,65.0,4.0,3721700.0,Trung bình,0.244
C05825,51,Nam,Hà Nội,28,2,0,20.0,5.0,6197700.0,Đang hoạt động,0.44
C05826,59,Nam,TP HCM,29,2,0,16.0,5.0,2288500.0,Đang hoạt động,0.465
C05827,22,Nam,TP HCM,25,4,0,137.0,5.0,5611300.0,Đã ngủ đông,0.725
C05828,48,Nữ,Hà Nội,56,1,0,30.0,5.0,7446750.0,Đang hoạt động,0.18
C05829,41,Nam,TP HCM,51,0,0,24.0,2.0,1060000.0,Đang hoạt động,0.268
C05830,39,Nam,Hà Nội,58,0,0,31.0,3.0,1306400.0,Trung bình,0.165
C05831,37,Nam,Đà Nẵng,20,2,1,999.0,0.0,0.0,Chưa mua,0.797
C05832,64,Nam,Đà Nẵng,18,0,0,174.0,3.0,3486500.0,Đã ngủ đông,0.425
C05833,62,Nam,TP HCM,47,0,0,10.0,4.0,4013950.0,Đang hoạt động,0.206
C05834,69,Nam,Cần Thơ,38,0,0,27.0,3.0,4051600.0,Đang hoạt động,0.274
C05835,44,Nam,TP HCM,22,1,1,147.0,4.0,1440600.0,Đã ngủ đông,0.468
C05836,62,Nữ,Cần Thơ,9,0,0,29.0,6.0,3898750.0,Đang hoạt động,0.31
C05837,44,Nữ,TP HCM,17,1,1,157.0,5.0,2158000.0,Đã ngủ đông,0.45
C05838,33,Nam,TP HCM,35,0,0,120.0,2.0,1062900.0,Trung bình,0.376
C05839,30,Nữ,Đà Nẵng,44,1,0,999.0,0.0,0.0,Chưa mua,0.55
C05840,55,Nữ,Đà Nẵng,13,1,1,22.0,3.0,2717650.0,Đang hoạt động,0.571
C05841,68,Nam,Đà Nẵng,12,1,1,105.0,2.0,752000.0,Trung bình,0.63
C05842,46,Nữ,Hà Nội,55,2,0,98.0,4.0,1562200.0,Trung bình,0.302
C05843,49,Nam,TP HCM,16,0,0,11.0,5.0,4159200.0,Đang hoạt động,0.345
C05844,39,Nữ,Hà Nội,29,0,1,56.0,3.0,4191400.0,Trung bình,0.329
C05845,27,Nữ,TP HCM,9,2,1,117.0,3.0,3199000.0,Trung bình,0.728
C05846,31,Nữ,TP HCM,23,0,0,13.0,4.0,3332950.0,Đang hoạt động,0.353
C05847,45,Nam,TP HCM,10,1,1,999.0,0.0,0.0,Chưa mua,0.784
C05848,70,Nam,Hà Nội,26,1,0,33.0,3.0,2231500.0,Trung bình,0.447
C05849,54,Nữ,Hà Nội,41,1,1,45.0,5.0,26595210.0,Trung bình,0.29
C05850,33,Nữ,Hải Phòng,2,1,0,39.0,3.0,2206000.0,Trung bình,0.632
C05851,20,Nam,Hà Nội,50,2,0,39.0,3.0,2579400.0,Trung bình,0.392
C05852,33,Nữ,Hà Nội,47,1,0,53.0,4.0,1624000.0,Trung bình,0.259
C05853,69,Nữ,TP HCM,53,1,0,35.0,3.0,3035200.0,Trung bình,0.302
C05854,25,Nam,Hải Phòng,60,3,0,68.0,3.0,2213350.0,Trung bình,0.43
C05855,65,Nam,TP HCM,59,0,0,82.0,2.0,2403900.0,Trung bình,0.224
C05856,57,Nữ,Cần Thơ,50,2,1,7.0,2.0,2753600.0,Đang hoạt động,0.455
C05857,34,Nữ,Hà Nội,18,2,1,56.0,5.0,8041100.0,Trung bình,0.525
C05858,66,Nam,Đà Nẵng,1,0,1,239.0,2.0,562000.0,Đã ngủ đông,0.605
C05859,19,Nữ,Hải Phòng,13,0,0,20.0,3.0,2187500.0,Đang hoạt động,0.44
C05860,69,Nữ,TP HCM,20,1,1,86.0,3.0,3282400.0,Trung bình,0.54
C05861,67,Nữ,Hải Phòng,12,1,1,8.0,6.0,6248950.0,Đang hoạt động,0.387
C05862,27,Nam,Cần Thơ,12,2,0,1.0,3.0,9114250.0,Đang hoạt động,0.689
C05863,54,Nữ,Cần Thơ,41,1,0,25.0,6.0,8670100.0,Đang hoạt động,0.222
C05864,65,Nữ,Hà Nội,15,2,1,88.0,2.0,252450.0,Trung bình,0.692
C05865,57,Nữ,Cần Thơ,14,3,1,61.0,9.0,4495850.0,Trung bình,0.433
C05866,61,Nam,Đà Nẵng,54,0,0,24.0,7.0,3815150.0,Đang hoạt động,0.087
C05867,31,Nữ,Đà Nẵng,46,0,0,135.0,2.0,1048900.0,Đã ngủ đông,0.288
C05868,33,Nữ,Đà Nẵng,26,0,0,23.0,5.0,4222450.0,Đang hoạt động,0.268
C05869,40,Nam,TP HCM,44,0,0,77.0,4.0,5288300.0,Trung bình,0.228
C05870,22,Nữ,TP HCM,51,2,1,999.0,0.0,0.0,Chưa mua,0.631
C05871,18,Nữ,Hà Nội,40,0,0,17.0,5.0,2515600.0,Đang hoạt động,0.179
C05872,26,Nữ,Hà Nội,37,1,1,177.0,1.0,282600.0,Đã ngủ đông,0.492
C05873,27,Nam,Hà Nội,21,2,0,138.0,1.0,200000.0,Đã ngủ đông,0.709
C05874,24,Nam,Hà Nội,38,2,0,48.0,4.0,2302000.0,Trung bình,0.421
C05875,42,Nữ,Hà Nội,26,0,0,34.0,8.0,6474400.0,Trung bình,0.143
C05876,52,Nữ,Cần Thơ,38,0,0,45.0,4.0,5724450.0,Trung bình,0.236
C05877,68,Nam,TP HCM,45,1,0,132.0,2.0,3087300.0,Đã ngủ đông,0.413
C05878,18,Nữ,Hải Phòng,42,0,0,41.0,4.0,1839950.0,Trung bình,0.206
C05879,47,Nữ,Hà Nội,46,3,1,31.0,5.0,4279500.0,Trung bình,0.418
C05880,28,Nam,Cần Thơ,44,0,0,19.0,3.0,818600.0,Đang hoạt động,0.24
C05881,29,Nam,TP HCM,7,3,1,62.0,6.0,6447000.0,Trung bình,0.691
C05882,18,Nữ,Hà Nội,14,0,1,9.0,5.0,22880612.0,Đang hoạt động,0.364
C05883,51,Nam,Cần Thơ,18,1,0,85.0,5.0,3667300.0,Trung bình,0.409
C05884,64,Nam,Hà Nội,6,0,0,17.0,3.0,2811050.0,Đang hoạt động,0.484
C05885,57,Nữ,Hà Nội,8,1,1,30.0,4.0,2980200.0,Đang hoạt động,0.528
C05886,30,Nam,Đà Nẵng,56,2,1,281.0,1.0,177650.0,Đã ngủ đông,0.488
C05887,23,Nữ,TP HCM,53,1,1,20.0,2.0,2856600.0,Đang hoạt động,0.36
C05888,33,Nữ,TP HCM,9,1,1,269.0,1.0,165300.0,Đã ngủ đông,0.729
C05889,55,Nam,Đà Nẵng,38,2,0,98.0,3.0,1426000.0,Trung bình,0.497
C05890,47,Nam,TP HCM,11,2,0,166.0,2.0,2933600.0,Đã ngủ đông,0.758
C05891,64,Nam,Hà Nội,46,1,1,999.0,0.0,0.0,Chưa mua,0.505
C05892,65,Nữ,Hà Nội,3,2,0,181.0,1.0,567000.0,Đã ngủ đông,0.806
C05893,57,Nam,Hà Nội,12,1,0,22.0,2.0,3260900.0,Đang hoạt động,0.613
C05894,22,Nam,TP HCM,11,1,1,22.0,3.0,2119450.0,Đang hoạt động,0.608
C05895,62,Nam,TP HCM,34,3,0,94.0,4.0,4878800.0,Trung bình,0.607
C05896,42,Nam,Đà Nẵng,22,1,0,33.0,3.0,2373300.0,Trung bình,0.505
C05897,34,Nữ,Hà Nội,48,1,0,130.0,5.0,7307000.0,Đã ngủ đông,0.222
C05898,43,Nam,TP HCM,2,1,1,154.0,2.0,1841400.0,Đã ngủ đông,0.721
C05899,34,Nữ,Hà Nội,41,0,0,291.0,2.0,1320100.0,Đã ngủ đông,0.305
C05900,50,Nam,TP HCM,38,0,0,47.0,4.0,1738600.0,Trung bình,0.253
C05901,42,Nam,TP HCM,51,0,0,17.0,5.0,2288350.0,Đang hoạt động,0.154
C05902,32,Nam,Cần Thơ,35,0,0,51.0,3.0,4644100.0,Trung bình,0.3
C05903,33,Nữ,Đà Nẵng,18,0,1,1.0,5.0,6958000.0,Đang hoạt động,0.322
C05904,66,Nữ,Cần Thơ,60,3,1,999.0,0.0,0.0,Chưa mua,0.637
C05905,18,Nam,Hải Phòng,46,1,0,35.0,6.0,3624800.0,Trung bình,0.187
C05906,44,Nữ,Hà Nội,3,1,1,38.0,7.0,6339850.0,Trung bình,0.4
C05907,60,Nữ,TP HCM,35,0,1,15.0,1.0,703000.0,Đang hoạt động,0.425
C05908,35,Nam,Hà Nội,54,0,0,70.0,1.0,156750.0,Trung bình,0.263
C05909,64,Nữ,Đà Nẵng,3,0,1,999.0,0.0,0.0,Chưa mua,0.721
C05910,64,Nữ,Cần Thơ,2,1,1,61.0,3.0,5928000.0,Trung bình,0.645
C05911,69,Nữ,Hải Phòng,53,1,1,131.0,4.0,3205850.0,Đã ngủ đông,0.226
C05912,44,Nữ,Hà Nội,22,1,1,999.0,0.0,0.0,Chưa mua,0.681
C05913,51,Nữ,TP HCM,24,1,1,44.0,3.0,1079900.0,Trung bình,0.507
C05914,54,Nam,Hà Nội,17,0,0,61.0,5.0,3594200.0,Trung bình,0.3
C05915,46,Nữ,TP HCM,43,1,0,95.0,4.0,3050200.0,Trung bình,0.321
C05916,45,Nữ,Hà Nội,55,0,0,92.0,4.0,3008600.0,Trung bình,0.149
C05917,60,Nữ,TP HCM,6,2,1,64.0,8.0,5468900.0,Trung bình,0.471
C05918,20,Nữ,TP HCM,34,0,0,22.0,6.0,9153300.0,Đang hoạt động,0.206
C05919,67,Nam,TP HCM,59,1,0,49.0,6.0,10139700.0,Trung bình,0.159
C05920,19,Nữ,Hải Phòng,38,2,0,98.0,2.0,613800.0,Trung bình,0.539
C05921,43,Nữ,Đà Nẵng,25,1,1,9.0,2.0,3593100.0,Đang hoạt động,0.544
C05922,59,Nam,Cần Thơ,6,1,1,139.0,2.0,848100.0,Đã ngủ đông,0.663
C05923,23,Nữ,Hải Phòng,21,1,0,247.0,2.0,1420500.0,Đã ngủ đông,0.559
C05924,22,Nữ,Hà Nội,12,2,0,167.0,4.0,3063450.0,Đã ngủ đông,0.621
C05925,56,Nữ,Hà Nội,2,1,0,79.0,5.0,3868350.0,Trung bình,0.518
C05926,37,Nữ,Hải Phòng,12,1,0,84.0,3.0,891500.0,Trung bình,0.558
C05927,25,Nam,Hải Phòng,49,2,0,21.0,7.0,4458500.0,Đang hoạt động,0.208
C05928,31,Nam,Hà Nội,21,0,0,31.0,6.0,5491950.0,Trung bình,0.236
C05929,66,Nam,Cần Thơ,59,1,0,112.0,3.0,1957800.0,Trung bình,0.241
C05930,66,Nữ,Đà Nẵng,47,1,1,30.0,8.0,14099000.0,Đang hoạt động,0.14
C05931,20,Nam,TP HCM,20,0,0,51.0,3.0,1486450.0,Trung bình,0.428
C05932,54,Nam,TP HCM,36,2,0,21.0,6.0,5998550.0,Đang hoạt động,0.366
C05933,60,Nữ,Cần Thơ,54,1,1,28.0,5.0,5597150.0,Đang hoạt động,0.191
C05934,62,Nữ,TP HCM,60,0,0,147.0,4.0,5893050.0,Đã ngủ đông,0.155
C05935,47,Nam,Hải Phòng,23,2,0,248.0,1.0,378000.0,Đã ngủ đông,0.698
C05936,37,Nam,Đà Nẵng,47,0,0,85.0,3.0,3079500.0,Trung bình,0.237
C05937,58,Nam,Đà Nẵng,10,0,0,210.0,1.0,131000.0,Đã ngủ đông,0.596
C05938,26,Nam,TP HCM,17,3,0,298.0,1.0,781200.0,Đã ngủ đông,0.842
C05939,26,Nam,TP HCM,60,3,1,281.0,1.0,758000.0,Đã ngủ đông,0.594
C05940,51,Nam,Hải Phòng,5,1,1,186.0,2.0,3714000.0,Đã ngủ đông,0.669
C05941,40,Nữ,TP HCM,23,1,1,32.0,6.0,6548800.0,Trung bình,0.356
C05942,27,Nam,Hải Phòng,9,0,0,33.0,7.0,6663300.0,Trung bình,0.262
C05943,59,Nữ,Hà Nội,17,0,0,107.0,2.0,1689000.0,Trung bình,0.463
C05944,45,Nam,Cần Thơ,10,2,1,132.0,3.0,1524300.0,Đã ngủ đông,0.688
C05945,67,Nam,Hà Nội,25,1,1,185.0,2.0,1988000.0,Đã ngủ đông,0.519
C05946,23,Nam,TP HCM,11,1,1,179.0,1.0,313500.0,Đã ngủ đông,0.714
C05947,61,Nữ,TP HCM,11,1,1,166.0,4.0,5588650.0,Đã ngủ đông,0.558
C05948,49,Nữ,TP HCM,56,3,1,58.0,5.0,2847000.0,Trung bình,0.385
C05949,43,Nam,Hà Nội,10,2,0,2.0,7.0,9492150.0,Đang hoạt động,0.465
C05950,22,Nữ,Đà Nẵng,57,3,0,104.0,2.0,3791450.0,Trung bình,0.541
C05951,26,Nữ,Hà Nội,24,1,0,96.0,3.0,1283000.0,Trung bình,0.471
C05952,51,Nữ,Hà Nội,38,4,0,7.0,4.0,1469350.0,Đang hoạt động,0.639
C05953,42,Nam,Hà Nội,19,2,1,110.0,3.0,839600.0,Trung bình,0.616
C05954,43,Nam,TP HCM,51,1,1,115.0,3.0,15589256.0,Trung bình,0.345
C05955,54,Nữ,Hà Nội,6,2,1,23.0,3.0,1918600.0,Đang hoạt động,0.702
C05956,54,Nữ,Hà Nội,39,2,0,14.0,6.0,8868900.0,Đang hoạt động,0.314
C05957,48,Nữ,Cần Thơ,28,2,1,18.0,4.0,8127000.0,Đang hoạt động,0.516
C05958,63,Nữ,Hà Nội,35,0,0,25.0,2.0,894150.0,Đang hoạt động,0.33
C05959,66,Nam,TP HCM,20,1,1,18.0,4.0,2255200.0,Đang hoạt động,0.476
C05960,70,Nam,TP HCM,17,0,0,162.0,4.0,9316000.0,Đã ngủ đông,0.406
C05961,43,Nam,Hải Phòng,56,0,0,56.0,3.0,3455000.0,Trung bình,0.177
C05962,44,Nữ,Hà Nội,41,1,0,18.0,7.0,4712850.0,Đang hoạt động,0.173
C05963,70,Nam,Cần Thơ,11,2,1,242.0,2.0,2794000.0,Đã ngủ đông,0.733
C05964,65,Nam,Đà Nẵng,27,0,0,120.0,3.0,1880700.0,Trung bình,0.355
C05965,39,Nữ,Cần Thơ,35,1,1,29.0,7.0,5171550.0,Đang hoạt động,0.209
C05966,70,Nữ,Đà Nẵng,2,3,1,134.0,1.0,181000.0,Đã ngủ đông,0.88
C05967,39,Nữ,Đà Nẵng,2,1,0,52.0,3.0,1847000.0,Trung bình,0.651
C05968,47,Nam,TP HCM,45,1,0,88.0,6.0,7538700.0,Trung bình,0.223
C05969,45,Nam,Cần Thơ,6,2,1,64.0,2.0,4045700.0,Trung bình,0.762
C05970,23,Nam,TP HCM,16,2,0,74.0,3.0,3058900.0,Trung bình,0.682
C05971,26,Nữ,TP HCM,55,1,0,133.0,1.0,698250.0,Đã ngủ đông,0.401
C05972,66,Nam,TP HCM,13,0,1,155.0,2.0,2287000.0,Đã ngủ đông,0.537
C05973,60,Nam,Hà Nội,13,1,0,69.0,2.0,3103500.0,Trung bình,0.606
C05974,53,Nam,Hà Nội,44,0,0,28.0,6.0,7205950.0,Đang hoạt động,0.134
C05975,26,Nam,Đà Nẵng,22,0,0,35.0,3.0,498050.0,Trung bình,0.391
C05976,66,Nữ,Cần Thơ,28,0,0,40.0,6.0,7588100.0,Trung bình,0.208
C05977,53,Nam,TP HCM,44,2,1,63.0,3.0,5885100.0,Trung bình,0.481
C05978,24,Nữ,TP HCM,5,6,1,211.0,1.0,789000.0,Đã ngủ đông,0.968
C05979,63,Nữ,TP HCM,50,1,0,11.0,9.0,12445150.0,Đang hoạt động,0.111
C05980,64,Nữ,Hải Phòng,49,0,0,2.0,3.0,3905950.0,Đang hoạt động,0.208
C05981,18,Nữ,Đà Nẵng,3,0,0,42.0,7.0,6285200.0,Trung bình,0.32
C05982,33,Nam,Hà Nội,12,2,1,150.0,2.0,1389000.0,Đã ngủ đông,0.718
C05983,47,Nam,Đà Nẵng,26,1,0,57.0,7.0,6792000.0,Trung bình,0.268
C05984,52,Nam,TP HCM,3,0,1,48.0,7.0,20852923.0,Trung bình,0.361
C05985,29,Nam,Hà Nội,24,1,1,55.0,3.0,2333200.0,Trung bình,0.47
C05986,34,Nữ,Hải Phòng,14,1,1,169.0,2.0,602700.0,Đã ngủ đông,0.604
C05987,23,Nữ,Cần Thơ,60,0,0,22.0,5.0,4940400.0,Đang hoạt động,0.113
C05988,22,Nữ,Hà Nội,60,1,0,203.0,2.0,2185750.0,Đã ngủ đông,0.282
C05989,37,Nam,Đà Nẵng,28,1,1,123.0,2.0,2706000.0,Đã ngủ đông,0.524
C05990,62,Nữ,Hà Nội,60,1,1,69.0,3.0,5018000.0,Trung bình,0.233
C05991,60,Nam,Đà Nẵng,54,0,0,40.0,6.0,8430250.0,Trung bình,0.113
C05992,24,Nam,Cần Thơ,18,0,0,107.0,4.0,2711600.0,Trung bình,0.36
C05993,55,Nam,Đà Nẵng,32,0,0,219.0,2.0,2645800.0,Đã ngủ đông,0.382
C05994,59,Nữ,Hà Nội,31,1,1,92.0,3.0,2296000.0,Trung bình,0.415
C05995,21,Nam,Hà Nội,4,1,0,287.0,1.0,1068450.0,Đã ngủ đông,0.727
C05996,21,Nữ,TP HCM,49,1,1,14.0,2.0,1246950.0,Đang hoạt động,0.385
C05997,25,Nữ,Hà Nội,46,0,0,42.0,2.0,1406200.0,Trung bình,0.268
C05998,21,Nữ,TP HCM,35,1,1,109.0,2.0,1823000.0,Trung bình,0.493
C05999,35,Nam,Hải Phòng,34,0,0,41.0,5.0,4815800.0,Trung bình,0.209
C06000,36,Nam,Hà Nội,1,1,1,37.0,3.0,1174000.0,Trung bình,0.634
C06001,48,Nữ,Hà Nội,16,1,1,221.0,1.0,1124000.0,Đã ngủ đông,0.645
C06002,21,Nữ,Cần Thơ,3,0,0,6.0,2.0,3302000.0,Đang hoạt động,0.585
C06003,18,Nam,TP HCM,13,0,1,67.0,4.0,1238600.0,Trung bình,0.422
C06004,30,Nam,TP HCM,51,1,0,230.0,2.0,938300.0,Đã ngủ đông,0.375
C06005,51,Nữ,Hà Nội,32,3,0,41.0,2.0,1203650.0,Trung bình,0.683
C06006,58,Nam,Cần Thơ,33,1,0,58.0,7.0,4563200.0,Trung bình,0.216
C06007,58,Nam,TP HCM,4,1,1,50.0,3.0,3210600.0,Trung bình,0.654
C06008,34,Nữ,TP HCM,12,1,0,42.0,5.0,2774550.0,Trung bình,0.486
C06009,68,Nam,TP HCM,42,0,0,140.0,3.0,2137700.0,Đã ngủ đông,0.276
C06010,30,Nam,TP HCM,19,2,1,190.0,2.0,413300.0,Đã ngủ đông,0.71
C06011,52,Nữ,Hà Nội,58,1,0,61.0,6.0,4936700.0,Trung bình,0.138
C06012,21,Nam,Cần Thơ,22,0,1,5.0,2.0,1638000.0,Đang hoạt động,0.438
C06013,44,Nam,Hà Nội,24,1,1,238.0,2.0,3792400.0,Đã ngủ đông,0.536
C06014,22,Nữ,Cần Thơ,38,4,1,7.0,6.0,6183550.0,Đang hoạt động,0.551
C06015,44,Nữ,Hải Phòng,27,2,0,2.0,6.0,4779650.0,Đang hoạt động,0.389
C06016,55,Nam,Hà Nội,24,1,1,15.0,1.0,144000.0,Đang hoạt động,0.576
C06017,28,Nữ,TP HCM,57,1,0,999.0,0.0,0.0,Chưa mua,0.473
C06018,22,Nam,TP HCM,43,2,1,45.0,2.0,961000.0,Trung bình,0.541
C06019,31,Nữ,Đà Nẵng,5,0,1,15.0,2.0,11888691.0,Đang hoạt động,0.6
C06020,46,Nữ,Đà Nẵng,27,0,0,132.0,4.0,3919000.0,Đã ngủ đông,0.311
C06021,40,Nữ,TP HCM,55,0,0,25.0,3.0,3447000.0,Đang hoạt động,0.209
C06022,56,Nam,TP HCM,54,4,1,12.0,1.0,4025000.0,Đang hoạt động,0.728
C06023,39,Nam,Hà Nội,16,4,1,109.0,5.0,5548000.0,Trung bình,0.741
C06024,58,Nữ,Hà Nội,26,1,0,165.0,1.0,174000.0,Đã ngủ đông,0.568
C06025,44,Nữ,Đà Nẵng,26,4,1,198.0,3.0,4597439.0,Đã ngủ đông,0.789
C06026,57,Nữ,Hải Phòng,60,3,0,79.0,3.0,2593550.0,Trung bình,0.428
C06027,45,Nữ,Hà Nội,31,3,1,71.0,4.0,4237800.0,Trung bình,0.59
C06028,45,Nam,Hà Nội,9,2,1,3.0,8.0,8369700.0,Đang hoạt động,0.412
C06029,30,Nam,TP HCM,60,5,1,295.0,1.0,1708000.0,Đã ngủ đông,0.786
C06030,43,Nữ,TP HCM,31,1,1,86.0,3.0,1466700.0,Trung bình,0.458
C06031,35,Nam,Cần Thơ,16,1,0,22.0,7.0,8059000.0,Đang hoạt động,0.323
C06032,52,Nữ,Hải Phòng,34,2,0,120.0,4.0,6123250.0,Trung bình,0.459
C06033,67,Nữ,Hà Nội,55,2,1,22.0,4.0,2085350.0,Đang hoạt động,0.298
C06034,21,Nam,Hải Phòng,30,3,1,17.0,3.0,1200400.0,Đang hoạt động,0.647
C06035,56,Nam,Hải Phòng,38,0,0,56.0,6.0,9898900.0,Trung bình,0.16
C06036,63,Nam,Hà Nội,10,0,1,67.0,2.0,1381750.0,Trung bình,0.512
C06037,21,Nam,Hà Nội,47,1,0,8.0,3.0,6660800.0,Đang hoạt động,0.316
C06038,29,Nữ,Hà Nội,53,0,0,122.0,1.0,149000.0,Đã ngủ đông,0.272
C06039,23,Nữ,Hải Phòng,32,1,1,65.0,2.0,3004000.0,Trung bình,0.474
C06040,20,Nữ,TP HCM,46,1,1,263.0,3.0,2601000.0,Đã ngủ đông,0.363
C06041,25,Nữ,TP HCM,17,2,1,53.0,1.0,3486000.0,Trung bình,0.77
C06042,47,Nam,Đà Nẵng,19,2,0,19.0,3.0,4690000.0,Đang hoạt động,0.642
C06043,65,Nữ,TP HCM,6,2,0,97.0,4.0,5597000.0,Trung bình,0.696
C06044,46,Nữ,TP HCM,11,1,0,5.0,4.0,2629700.0,Đang hoạt động,0.548
C06045,21,Nữ,Hà Nội,35,3,0,65.0,8.0,3710350.0,Trung bình,0.334
C06046,69,Nữ,Hải Phòng,26,0,0,83.0,6.0,5599500.0,Trung bình,0.209
C06047,51,Nữ,TP HCM,44,0,0,28.0,5.0,4598500.0,Đang hoạt động,0.187
C06048,39,Nam,Cần Thơ,12,2,1,6.0,4.0,2651550.0,Đang hoạt động,0.621
C06049,41,Nữ,Hải Phòng,42,0,0,61.0,4.0,3180000.0,Trung bình,0.206
C06050,38,Nữ,Hà Nội,28,1,0,20.0,9.0,8786900.0,Đang hoạt động,0.167
C06051,33,Nam,TP HCM,19,0,0,36.0,4.0,1553800.0,Trung bình,0.376
C06052,59,Nữ,Đà Nẵng,28,3,1,10.0,3.0,2798137.0,Đang hoạt động,0.679
C06053,47,Nữ,Hải Phòng,56,1,1,999.0,0.0,0.0,Chưa mua,0.435
C06054,48,Nam,Đà Nẵng,8,1,1,22.0,5.0,4466450.0,Đang hoạt động,0.495
C06055,65,Nam,Hải Phòng,52,2,0,50.0,2.0,722100.0,Trung bình,0.424
C06056,57,Nữ,Cần Thơ,3,1,1,4.0,6.0,4956600.0,Đang hoạt động,0.462
C06057,32,Nữ,TP HCM,58,2,0,31.0,9.0,4169100.0,Trung bình,0.129
C06058,20,Nữ,Đà Nẵng,24,1,0,61.0,2.0,3596000.0,Trung bình,0.557
C06059,30,Nữ,Hà Nội,41,0,1,158.0,4.0,2168500.0,Đã ngủ đông,0.213
C06060,32,Nam,Hà Nội,60,1,0,219.0,2.0,3599300.0,Đã ngủ đông,0.282
C06061,21,Nữ,Đà Nẵng,6,0,0,129.0,7.0,7575600.0,Đã ngủ đông,0.305
C06062,41,Nam,TP HCM,51,1,1,44.0,2.0,6383000.0,Trung bình,0.378
C06063,27,Nam,Hà Nội,58,1,1,251.0,1.0,2486000.0,Đã ngủ đông,0.346
C06064,64,Nam,TP HCM,2,2,0,35.0,6.0,11640750.0,Trung bình,0.627
C06065,58,Nữ,Cần Thơ,54,3,0,171.0,2.0,3243600.0,Đã ngủ đông,0.546
C06066,65,Nam,Hà Nội,15,0,1,156.0,3.0,1084050.0,Đã ngủ đông,0.418
C06067,43,Nữ,TP HCM,50,1,0,167.0,4.0,11568385.0,Đã ngủ đông,0.295
C06068,48,Nữ,TP HCM,43,2,0,266.0,2.0,1053600.0,Đã ngủ đông,0.547
C06069,23,Nam,Hà Nội,7,1,0,44.0,2.0,489000.0,Trung bình,0.648
C06070,21,Nữ,Đà Nẵng,15,0,0,71.0,4.0,2916500.0,Trung bình,0.393
C06071,53,Nam,Hà Nội,53,2,1,211.0,1.0,2961000.0,Đã ngủ đông,0.488
C06072,54,Nam,Hà Nội,10,1,0,96.0,5.0,6224300.0,Trung bình,0.463
C06073,41,Nữ,Đà Nẵng,56,2,0,82.0,5.0,6242550.0,Trung bình,0.275
C06074,63,Nam,Đà Nẵng,12,1,1,244.0,2.0,959000.0,Đã ngủ đông,0.636
C06075,41,Nữ,Hà Nội,9,3,0,21.0,5.0,9278500.0,Đang hoạt động,0.696
C06076,47,Nam,Hà Nội,19,2,1,305.0,2.0,2431000.0,Đã ngủ đông,0.679
C06077,26,Nữ,Hà Nội,46,0,0,13.0,3.0,2784400.0,Đang hoạt động,0.225
C06078,35,Nữ,Hà Nội,57,1,1,4.0,4.0,3626750.0,Đang hoạt động,0.207
C06079,52,Nữ,Hà Nội,51,1,0,24.0,6.0,3647700.0,Đang hoạt động,0.162
C06080,49,Nam,TP HCM,40,4,1,199.0,3.0,3944650.0,Đã ngủ đông,0.724
C06081,66,Nữ,TP HCM,39,0,0,170.0,2.0,1294000.0,Đã ngủ đông,0.347
C06082,69,Nữ,Hà Nội,24,1,0,52.0,3.0,1647200.0,Trung bình,0.463
C06083,69,Nam,TP HCM,1,1,1,67.0,7.0,9548700.0,Trung bình,0.459
C06084,60,Nữ,TP HCM,4,0,0,22.0,1.0,531000.0,Đang hoạt động,0.652
C06085,52,Nam,TP HCM,12,1,1,30.0,4.0,6754800.0,Đang hoạt động,0.549
C06086,40,Nam,Hà Nội,55,3,1,157.0,2.0,2397400.0,Đã ngủ đông,0.527
C06087,23,Nữ,TP HCM,60,2,0,156.0,4.0,1771000.0,Đã ngủ đông,0.313
C06088,44,Nữ,Hà Nội,50,1,1,67.0,4.0,6153950.0,Trung bình,0.249
C06089,41,Nữ,TP HCM,2,1,1,145.0,3.0,6430450.0,Đã ngủ đông,0.681
C06090,23,Nam,Hà Nội,49,1,0,187.0,1.0,2272000.0,Đã ngủ đông,0.407
C06091,43,Nam,Đà Nẵng,33,1,0,21.0,5.0,6101200.0,Đang hoạt động,0.32
C06092,19,Nam,Hà Nội,16,2,1,10.0,3.0,1815900.0,Đang hoạt động,0.639
C06093,69,Nam,Hà Nội,52,2,1,55.0,4.0,2274700.0,Trung bình,0.317
C06094,19,Nam,Hải Phòng,52,1,0,29.0,3.0,3137000.0,Đang hoạt động,0.279
C06095,38,Nam,Đà Nẵng,56,1,0,98.0,5.0,3136700.0,Trung bình,0.189
C06096,31,Nữ,TP HCM,11,2,1,25.0,4.0,8125700.0,Đang hoạt động,0.672
C06097,54,Nữ,Hải Phòng,18,0,0,13.0,6.0,4405100.0,Đang hoạt động,0.249
C06098,48,Nam,TP HCM,19,4,1,68.0,5.0,5054700.0,Trung bình,0.753
C06099,42,Nam,Hải Phòng,23,1,0,94.0,4.0,4312200.0,Trung bình,0.423
C06100,39,Nữ,TP HCM,21,2,0,41.0,1.0,944300.0,Trung bình,0.742
C06101,58,Nữ,TP HCM,6,2,0,109.0,3.0,2885900.0,Trung bình,0.74
C06102,70,Nam,Hà Nội,43,1,1,307.0,1.0,2071000.0,Đã ngủ đông,0.447
C06103,51,Nữ,Cần Thơ,5,1,0,243.0,2.0,4450800.0,Đã ngủ đông,0.683
C06104,24,Nữ,Cần Thơ,32,2,1,25.0,5.0,6210750.0,Đang hoạt động,0.427
C06105,62,Nam,Hà Nội,51,1,0,206.0,2.0,2662000.0,Đã ngủ đông,0.333
C06106,39,Nam,TP HCM,59,1,0,14.0,2.0,1691000.0,Đang hoạt động,0.314
C06107,58,Nam,Hà Nội,58,0,0,45.0,2.0,2405050.0,Trung bình,0.2
C06108,19,Nam,Hà Nội,25,0,0,149.0,4.0,4025800.0,Đã ngủ đông,0.308
C06109,27,Nữ,TP HCM,34,1,0,52.0,7.0,7223000.0,Trung bình,0.242
C06110,57,Nữ,Hà Nội,55,3,1,34.0,1.0,498000.0,Trung bình,0.575
C06111,38,Nữ,TP HCM,26,2,0,144.0,3.0,5464000.0,Đã ngủ đông,0.62
C06112,69,Nam,Cần Thơ,31,0,0,184.0,1.0,970000.0,Đã ngủ đông,0.427
C06113,53,Nữ,Hà Nội,38,0,1,39.0,2.0,1694600.0,Trung bình,0.314
C06114,69,Nữ,Hà Nội,55,1,0,11.0,6.0,5944400.0,Đang hoạt động,0.147
C06115,41,Nữ,TP HCM,28,0,1,61.0,4.0,2648400.0,Trung bình,0.318
C06116,66,Nữ,Cần Thơ,53,0,1,230.0,2.0,905200.0,Đã ngủ đông,0.236
C06117,26,Nữ,Hải Phòng,23,2,1,30.0,2.0,2805400.0,Đang hoạt động,0.649
C06118,57,Nữ,Hà Nội,39,0,1,83.0,3.0,3410100.0,Trung bình,0.263
C06119,47,Nữ,Hà Nội,6,1,1,173.0,2.0,1924000.0,Đã ngủ đông,0.66
C06120,19,Nam,Hải Phòng,5,1,1,999.0,0.0,0.0,Chưa mua,0.783
C06121,69,Nữ,Hà Nội,39,1,0,98.0,4.0,607600.0,Trung bình,0.302
C06122,25,Nữ,TP HCM,32,1,0,174.0,4.0,5374450.0,Đã ngủ đông,0.408
C06123,19,Nữ,Đà Nẵng,36,3,1,11.0,4.0,4612600.0,Đang hoạt động,0.578
C06124,23,Nam,TP HCM,58,0,1,99.0,3.0,2306750.0,Trung bình,0.195
C06125,66,Nam,Hà Nội,33,0,0,19.0,2.0,890600.0,Đang hoạt động,0.341
C06126,50,Nam,Đà Nẵng,53,0,0,26.0,6.0,4877400.0,Đang hoạt động,0.113
C06127,41,Nữ,TP HCM,49,1,1,185.0,4.0,2692500.0,Đã ngủ đông,0.286
C06128,39,Nữ,Hà Nội,16,0,0,36.0,2.0,1802000.0,Trung bình,0.472
C06129,55,Nữ,Cần Thơ,2,2,1,48.0,2.0,3720000.0,Trung bình,0.782
C06130,59,Nam,Cần Thơ,17,1,1,47.0,8.0,4114500.0,Trung bình,0.259
C06131,57,Nữ,Đà Nẵng,18,2,1,38.0,3.0,2693700.0,Trung bình,0.645
C06132,46,Nữ,Cần Thơ,5,1,0,12.0,7.0,8107400.0,Đang hoạt động,0.398
C06133,21,Nữ,TP HCM,51,4,1,73.0,2.0,3976500.0,Trung bình,0.707
C06134,65,Nam,Hải Phòng,48,0,0,72.0,3.0,1613400.0,Trung bình,0.21
C06135,34,Nam,TP HCM,56,0,0,35.0,2.0,2711000.0,Trung bình,0.243
C06136,47,Nữ,Hà Nội,17,1,1,164.0,1.0,154000.0,Đã ngủ đông,0.634
C06137,70,Nữ,Đà Nẵng,44,1,1,999.0,0.0,0.0,Chưa mua,0.543
C06138,25,Nam,Hải Phòng,2,0,1,27.0,2.0,2261950.0,Đang hoạt động,0.579
C06139,24,Nam,Hà Nội,60,1,0,55.0,2.0,1356000.0,Trung bình,0.275
C06140,60,Nam,Cần Thơ,11,0,1,161.0,2.0,1580000.0,Đã ngủ đông,0.519
C06141,64,Nam,Hà Nội,10,3,1,158.0,3.0,597550.0,Đã ngủ đông,0.767
C06142,35,Nữ,Cần Thơ,21,2,1,28.0,6.0,4918200.0,Đang hoạt động,0.446
C06143,22,Nam,TP HCM,34,2,0,4.0,4.0,4679050.0,Đang hoạt động,0.498
C06144,47,Nam,Hải Phòng,25,2,1,190.0,2.0,3458000.0,Đã ngủ đông,0.637
C06145,57,Nam,TP HCM,59,2,1,111.0,2.0,2710650.0,Trung bình,0.422
C06146,60,Nữ,Hà Nội,20,0,0,19.0,4.0,3027250.0,Đang hoạt động,0.33
C06147,47,Nữ,TP HCM,46,0,0,9.0,4.0,5181800.0,Đang hoạt động,0.216
C06148,37,Nữ,Đà Nẵng,11,1,1,61.0,4.0,3244150.0,Trung bình,0.533
C06149,54,Nam,Cần Thơ,11,1,1,4.0,5.0,3684250.0,Đang hoạt động,0.457
C06150,43,Nam,Hà Nội,46,1,1,87.0,3.0,3479600.0,Trung bình,0.315
C06151,60,Nữ,Hà Nội,52,1,1,7.0,4.0,4319700.0,Đang hoạt động,0.231
C06152,60,Nữ,Hà Nội,50,3,0,23.0,8.0,7999600.0,Đang hoạt động,0.243
C06153,30,Nam,TP HCM,12,0,1,255.0,1.0,752000.0,Đã ngủ đông,0.608
C06154,31,Nam,TP HCM,12,2,1,44.0,4.0,6316400.0,Trung bình,0.661
C06155,57,Nam,Đà Nẵng,36,1,1,128.0,7.0,3141200.0,Đã ngủ đông,0.208
C06156,28,Nam,Đà Nẵng,9,1,1,182.0,2.0,1665350.0,Đã ngủ đông,0.662
C06157,18,Nam,Hà Nội,41,1,1,45.0,5.0,3815250.0,Trung bình,0.253
C06158,63,Nam,Đà Nẵng,45,0,1,97.0,2.0,1248300.0,Trung bình,0.287
C06159,52,Nam,TP HCM,3,3,1,228.0,2.0,680000.0,Đã ngủ đông,0.861
C06160,65,Nam,TP HCM,49,0,0,70.0,3.0,3396200.0,Trung bình,0.237
C06161,23,Nam,Hà Nội,3,1,0,308.0,1.0,386000.0,Đã ngủ đông,0.732
C06162,29,Nam,Hà Nội,28,3,1,140.0,5.0,8071250.0,Đã ngủ đông,0.566
C06163,61,Nữ,TP HCM,23,2,1,70.0,6.0,4993250.0,Trung bình,0.46
C06164,38,Nữ,Hà Nội,58,0,0,18.0,2.0,1028700.0,Đang hoạt động,0.201
C06165,52,Nữ,Hải Phòng,25,1,0,4.0,7.0,5218500.0,Đang hoạt động,0.253
C06166,30,Nam,Hà Nội,22,2,1,126.0,4.0,2492650.0,Đã ngủ đông,0.543
C06167,26,Nữ,Hải Phòng,36,1,1,57.0,5.0,4154050.0,Trung bình,0.284
C06168,48,Nam,Đà Nẵng,43,1,1,89.0,3.0,722950.0,Trung bình,0.349
C06169,54,Nữ,TP HCM,58,0,0,40.0,5.0,4569650.0,Trung bình,0.131
C06170,35,Nữ,Cần Thơ,56,1,0,23.0,8.0,3170200.0,Đang hoạt động,0.098
C06171,43,Nữ,TP HCM,34,2,0,13.0,2.0,2991800.0,Đang hoạt động,0.608
C06172,25,Nam,Đà Nẵng,6,2,1,47.0,6.0,6634907.0,Trung bình,0.575
C06173,48,Nam,Đà Nẵng,51,1,0,32.0,5.0,6962600.0,Trung bình,0.216
C06174,64,Nam,TP HCM,45,1,0,108.0,3.0,879000.0,Trung bình,0.352
C06175,22,Nữ,TP HCM,40,2,1,69.0,4.0,3167150.0,Trung bình,0.453
C06176,50,Nữ,Hà Nội,13,1,0,147.0,3.0,787700.0,Đã ngủ đông,0.55
C06177,67,Nữ,Cần Thơ,21,1,0,143.0,2.0,2490000.0,Đã ngủ đông,0.56
C06178,27,Nữ,Đà Nẵng,13,0,0,5.0,2.0,455000.0,Đang hoạt động,0.515
C06179,70,Nam,Hà Nội,2,1,1,76.0,4.0,2128700.0,Trung bình,0.568
C06180,69,Nam,Hà Nội,14,2,1,5.0,3.0,2948500.0,Đang hoạt động,0.647
C06181,53,Nữ,Hà Nội,46,0,0,8.0,2.0,4732000.0,Đang hoạt động,0.269
C06182,62,Nam,Cần Thơ,46,0,1,51.0,1.0,962100.0,Trung bình,0.319
C06183,66,Nam,TP HCM,14,3,1,287.0,1.0,183350.0,Đã ngủ đông,0.849
C06184,38,Nữ,Hải Phòng,32,0,1,181.0,1.0,600000.0,Đã ngủ đông,0.415
C06185,69,Nữ,Hà Nội,31,3,1,75.0,5.0,5891100.0,Trung bình,0.531
C06186,31,Nam,TP HCM,30,0,1,35.0,4.0,6503100.0,Trung bình,0.312
C06187,50,Nữ,Hải Phòng,46,2,0,127.0,6.0,3821450.0,Đã ngủ đông,0.266
C06188,18,Nữ,Đà Nẵng,44,0,1,19.0,3.0,4149100.0,Đang hoạt động,0.257
C06189,48,Nam,Hải Phòng,58,2,0,87.0,3.0,1540150.0,Trung bình,0.332
C06190,45,Nam,TP HCM,1,3,1,256.0,2.0,2274000.0,Đã ngủ đông,0.871
C06191,44,Nam,Hà Nội,27,0,0,20.0,5.0,5804500.0,Đang hoạt động,0.245
C06192,31,Nữ,TP HCM,8,0,1,60.0,5.0,7471000.0,Trung bình,0.414
C06193,49,Nam,Hà Nội,37,0,1,18.0,3.0,1610000.0,Đang hoạt động,0.27
C06194,36,Nam,Đà Nẵng,41,0,0,4.0,3.0,3631000.0,Đang hoạt động,0.269
C06195,34,Nữ,Hà Nội,52,0,0,13.0,5.0,4398100.0,Đang hoạt động,0.133
C06196,50,Nữ,Cần Thơ,8,1,0,49.0,3.0,1788250.0,Trung bình,0.596
C06197,59,Nam,TP HCM,50,3,0,1.0,7.0,10120450.0,Đang hoạt động,0.328
C06198,19,Nữ,Hải Phòng,5,0,1,3.0,5.0,4133600.0,Đang hoạt động,0.388
C06199,56,Nữ,Hà Nội,7,0,0,80.0,5.0,4742300.0,Trung bình,0.371
C06200,22,Nữ,TP HCM,10,0,0,258.0,1.0,771000.0,Đã ngủ đông,0.625
C06201,52,Nam,TP HCM,39,4,1,78.0,2.0,1202400.0,Trung bình,0.766
C06202,59,Nữ,Cần Thơ,6,2,1,43.0,5.0,5925300.0,Trung bình,0.614
C06203,40,Nam,Đà Nẵng,17,1,1,68.0,4.0,1356100.0,Trung bình,0.483
C06204,51,Nữ,Cần Thơ,39,0,1,111.0,1.0,486000.0,Trung bình,0.37
C06205,70,Nữ,Hà Nội,8,3,1,62.0,5.0,14152914.446059234,Trung bình,0.708
C06206,55,Nữ,Cần Thơ,29,1,0,92.0,4.0,6496400.0,Trung bình,0.393
C06207,30,Nam,Hải Phòng,50,0,0,142.0,6.0,10708000.0,Đã ngủ đông,0.122
C06208,29,Nữ,Hà Nội,27,1,1,18.0,4.0,2775050.0,Đang hoạt động,0.391
C06209,54,Nam,Cần Thơ,42,2,0,76.0,3.0,3505150.0,Trung bình,0.459
C06210,64,Nữ,TP HCM,39,1,1,102.0,1.0,148750.0,Trung bình,0.51
C06211,46,Nữ,Hà Nội,16,1,0,6.0,8.0,4537900.0,Đang hoạt động,0.258
C06212,34,Nam,Hà Nội,53,2,1,43.0,4.0,4993550.0,Trung bình,0.321
C06213,42,Nữ,Cần Thơ,18,1,0,1.0,6.0,2934500.0,Đang hoạt động,0.352
C06214,60,Nữ,TP HCM,27,4,1,10.0,9.0,7328100.0,Đang hoạt động,0.485
C06215,31,Nam,Hà Nội,39,3,1,14.0,1.0,525000.0,Đang hoạt động,0.688
C06216,46,Nam,TP HCM,45,0,0,103.0,3.0,3636900.0,Trung bình,0.263
C06217,35,Nữ,TP HCM,54,0,0,75.0,4.0,8763700.0,Trung bình,0.185
C06218,37,Nam,Cần Thơ,58,0,0,124.0,2.0,3651042.0,Đã ngủ đông,0.214
C06219,43,Nam,Cần Thơ,59,2,0,7.0,6.0,7651200.0,Đang hoạt động,0.206
C06220,59,Nữ,Hà Nội,47,0,0,120.0,3.0,2122300.0,Trung bình,0.218
C06221,50,Nữ,TP HCM,50,1,1,125.0,2.0,2051200.0,Đã ngủ đông,0.379
C06222,25,Nam,Đà Nẵng,40,2,1,35.0,5.0,4106600.0,Trung bình,0.376
C06223,24,Nam,Hà Nội,15,1,1,8.0,4.0,7324800.0,Đang hoạt động,0.489
C06224,54,Nữ,Hà Nội,6,1,0,26.0,3.0,1213000.0,Đang hoạt động,0.597
C06225,63,Nữ,Cần Thơ,47,1,0,56.0,4.0,4584000.0,Trung bình,0.269
C06226,65,Nữ,Hà Nội,57,1,0,38.0,4.0,3080900.0,Trung bình,0.204
C06227,30,Nữ,Cần Thơ,54,1,1,11.0,3.0,4510047.0,Đang hoạt động,0.277
C06228,24,Nữ,Đà Nẵng,24,0,1,175.0,1.0,721000.0,Đã ngủ đông,0.499
C06229,52,Nam,Hà Nội,45,1,0,90.0,3.0,3010050.0,Trung bình,0.319
C06230,22,Nam,Cần Thơ,10,2,1,29.0,1.0,1058000.0,Đang hoạt động,0.779
C06231,63,Nữ,Hà Nội,21,2,0,136.0,3.0,1187000.0,Đã ngủ đông,0.601
C06232,51,Nam,Hà Nội,57,2,1,88.0,2.0,2066000.0,Trung bình,0.394
C06233,51,Nam,TP HCM,21,2,1,42.0,6.0,5575650.0,Trung bình,0.476
C06234,34,Nữ,Đà Nẵng,1,1,0,31.0,4.0,5466150.0,Trung bình,0.611
C06235,39,Nữ,TP HCM,23,2,1,129.0,2.0,2423000.0,Đã ngủ đông,0.687
C06236,70,Nam,Đà Nẵng,56,1,1,109.0,3.0,3547000.0,Trung bình,0.269
C06237,20,Nam,Hà Nội,21,4,0,3.0,6.0,6267750.0,Đang hoạt động,0.661
C06238,57,Nam,TP HCM,23,2,1,122.0,2.0,1375000.0,Đã ngủ đông,0.681
C06239,49,Nữ,Đà Nẵng,40,2,1,127.0,2.0,4177550.0,Đã ngủ đông,0.551
C06240,64,Nữ,Hải Phòng,46,0,1,87.0,1.0,176000.0,Trung bình,0.31
C06241,42,Nam,Đà Nẵng,46,4,1,3.0,3.0,477300.0,Đang hoạt động,0.657
C06242,42,Nữ,TP HCM,25,1,0,30.0,5.0,6283200.0,Đang hoạt động,0.396
C06243,36,Nam,Hải Phòng,31,0,0,109.0,3.0,4304900.0,Trung bình,0.317
C06244,24,Nữ,Hà Nội,10,1,1,201.0,2.0,495350.0,Đã ngủ đông,0.634
C06245,20,Nam,Hải Phòng,35,1,1,36.0,6.0,3433700.0,Trung bình,0.242
C06246,18,Nam,Hà Nội,57,1,0,84.0,1.0,182000.0,Trung bình,0.344
C06247,69,Nam,TP HCM,49,4,0,62.0,2.0,2036850.0,Trung bình,0.707
C06248,27,Nam,Hà Nội,1,1,1,139.0,2.0,889950.0,Đã ngủ đông,0.691
C06249,27,Nữ,Hải Phòng,17,0,1,6.0,3.0,2458700.0,Đang hoạt động,0.409
C06250,42,Nam,Hà Nội,37,1,0,8.0,4.0,2090000.0,Đang hoạt động,0.317
C06251,49,Nữ,TP HCM,53,1,0,39.0,4.0,9394300.0,Trung bình,0.269
C06252,53,Nam,Hà Nội,46,0,0,195.0,1.0,144000.0,Đã ngủ đông,0.314
C06253,52,Nữ,TP HCM,35,0,1,74.0,3.0,1903000.0,Trung bình,0.321
C06254,68,Nữ,Hà Nội,44,0,0,11.0,6.0,10206000.0,Đang hoạt động,0.137
C06255,44,Nữ,Cần Thơ,54,1,0,19.0,1.0,131750.0,Đang hoạt động,0.369
C06256,56,Nữ,TP HCM,48,1,0,80.0,2.0,304000.0,Trung bình,0.387
C06257,58,Nữ,TP HCM,33,1,0,71.0,4.0,2244050.0,Trung bình,0.385
C06258,68,Nam,Hà Nội,39,1,0,31.0,5.0,2370500.0,Trung bình,0.255
C06259,44,Nữ,Hà Nội,13,0,1,21.0,3.0,2559850.0,Đang hoạt động,0.436
C06260,68,Nam,TP HCM,43,1,0,7.0,6.0,5767200.0,Đang hoạt động,0.226
C06261,68,Nam,Hà Nội,2,1,1,42.0,2.0,331000.0,Trung bình,0.674
C06262,24,Nữ,Đà Nẵng,2,0,0,204.0,2.0,2458600.0,Đã ngủ đông,0.609
C06263,41,Nam,Đà Nẵng,16,3,0,24.0,3.0,2125000.0,Đang hoạt động,0.752
C06264,50,Nam,TP HCM,22,1,0,23.0,6.0,11374600.0,Đang hoạt động,0.37
C06265,29,Nam,TP HCM,57,1,1,48.0,3.0,2138550.0,Trung bình,0.28
C06266,21,Nữ,TP HCM,50,3,1,28.0,5.0,9914600.0,Đang hoạt động,0.448
C06267,48,Nữ,TP HCM,57,1,0,34.0,6.0,3363050.0,Trung bình,0.161
C06268,59,Nam,TP HCM,1,3,1,201.0,2.0,495000.0,Đã ngủ đông,0.867
C06269,58,Nam,TP HCM,4,2,1,22.0,4.0,10345450.0,Đang hoạt động,0.715
C06270,42,Nam,Hải Phòng,22,4,0,13.0,6.0,3631600.0,Đang hoạt động,0.646
C06271,59,Nam,Hà Nội,4,1,1,22.0,3.0,1663200.0,Đang hoạt động,0.61
C06272,25,Nam,TP HCM,50,0,0,45.0,8.0,6940950.0,Trung bình,0.089
C06273,67,Nữ,Đà Nẵng,20,2,0,59.0,6.0,6095450.0,Trung bình,0.464
C06274,47,Nữ,Hà Nội,15,0,0,102.0,6.0,3096850.0,Trung bình,0.267
C06275,27,Nữ,Hải Phòng,56,1,0,25.0,5.0,18579227.0,Đang hoạt động,0.198
C06276,21,Nam,Hà Nội,34,2,0,46.0,2.0,785600.0,Trung bình,0.565
C06277,21,Nam,Cần Thơ,24,1,1,89.0,2.0,650800.0,Trung bình,0.538
C06278,31,Nam,TP HCM,35,2,0,29.0,3.0,3647600.0,Đang hoạt động,0.546
C06279,38,Nữ,Cần Thơ,26,2,0,136.0,5.0,2198300.0,Đã ngủ đông,0.465
C06280,39,Nữ,TP HCM,2,1,0,254.0,1.0,2350300.0,Đã ngủ đông,0.771
C06281,57,Nam,Hà Nội,17,2,1,43.0,4.0,2999400.0,Trung bình,0.573
C06282,68,Nữ,Cần Thơ,53,2,0,55.0,5.0,5387950.0,Trung bình,0.278
C06283,52,Nữ,Hà Nội,25,1,1,181.0,1.0,1582000.0,Đã ngủ đông,0.58
C06284,68,Nữ,Đà Nẵng,20,0,0,135.0,3.0,987000.0,Đã ngủ đông,0.404
C06285,46,Nam,Hải Phòng,25,2,0,125.0,1.0,825000.0,Đã ngủ đông,0.683
C06286,26,Nữ,TP HCM,57,2,1,91.0,3.0,5335400.0,Trung bình,0.391
C06287,45,Nữ,Đà Nẵng,17,2,0,11.0,3.0,2286900.0,Đang hoạt động,0.652
C06288,58,Nữ,Hà Nội,26,1,0,44.0,5.0,1472450.0,Trung bình,0.337
C06289,40,Nữ,Cần Thơ,1,1,0,21.0,9.0,5275550.0,Đang hoạt động,0.313
C06290,54,Nữ,Cần Thơ,60,1,0,30.0,4.0,3701000.0,Đang hoạt động,0.198
C06291,44,Nữ,TP HCM,55,2,0,162.0,1.0,3715000.0,Đã ngủ đông,0.519
C06292,66,Nữ,Hà Nội,33,0,0,43.0,4.0,2462000.0,Trung bình,0.249
C06293,44,Nam,TP HCM,46,1,0,13.0,3.0,5572000.0,Đang hoạt động,0.355
C06294,65,Nữ,Hải Phòng,26,1,1,999.0,0.0,0.0,Chưa mua,0.652
C06295,70,Nữ,Cần Thơ,27,0,1,117.0,2.0,3961000.0,Trung bình,0.404
C06296,41,Nam,Đà Nẵng,45,2,1,206.0,2.0,5663000.0,Đã ngủ đông,0.52
C06297,36,Nữ,Hải Phòng,58,2,0,53.0,5.0,3859600.0,Trung bình,0.242
C06298,34,Nữ,TP HCM,17,4,1,9.0,5.0,10535250.0,Đang hoạt động,0.774
C06299,54,Nam,TP HCM,34,2,1,105.0,4.0,5399000.0,Trung bình,0.498
C06300,21,Nữ,Hà Nội,54,1,1,25.0,3.0,1645300.0,Đang hoạt động,0.265
C06301,39,Nữ,TP HCM,59,1,1,13.0,6.0,3596450.0,Đang hoạt động,0.154
C06302,37,Nam,TP HCM,40,0,0,115.0,2.0,1914250.0,Trung bình,0.343
C06303,25,Nam,Hải Phòng,19,1,1,77.0,6.0,31835341.0,Trung bình,0.4
C06304,22,Nam,TP HCM,43,2,1,5.0,1.0,710000.0,Đang hoạt động,0.597
C06305,25,Nữ,Cần Thơ,16,2,1,6.0,3.0,3014000.0,Đang hoạt động,0.652
C06306,55,Nữ,Hà Nội,26,0,0,26.0,6.0,3815700.0,Đang hoạt động,0.206
C06307,35,Nữ,TP HCM,53,1,0,33.0,1.0,736250.0,Trung bình,0.41
C06308,64,Nữ,Hải Phòng,22,2,0,60.0,7.0,25657987.0,Trung bình,0.413
C06309,35,Nữ,Hải Phòng,45,1,0,19.0,4.0,1775100.0,Đang hoạt động,0.27
C06310,31,Nam,TP HCM,59,1,0,82.0,6.0,4917900.0,Trung bình,0.157
C06311,33,Nữ,Hà Nội,55,0,0,176.0,3.0,2909000.0,Đã ngủ đông,0.185
C06312,42,Nữ,Đà Nẵng,26,0,0,20.0,3.0,6149400.0,Đang hoạt động,0.373
C06313,64,Nữ,Hà Nội,11,1,0,95.0,5.0,3706200.0,Trung bình,0.449
C06314,56,Nữ,TP HCM,16,0,0,8.0,8.0,8841050.0,Đang hoạt động,0.213
C06315,18,Nữ,TP HCM,44,2,0,15.0,7.0,7934800.0,Đang hoạt động,0.273
C06316,61,Nam,TP HCM,54,3,0,14.0,4.0,4215300.0,Đang hoạt động,0.455
C06317,41,Nam,TP HCM,21,0,1,146.0,2.0,1158000.0,Đã ngủ đông,0.478
C06318,23,Nữ,TP HCM,36,3,1,202.0,3.0,2733650.0,Đã ngủ đông,0.655
C06319,67,Nam,Hà Nội,2,1,1,86.0,5.0,6504200.0,Trung bình,0.521
C06320,44,Nam,TP HCM,46,1,0,23.0,2.0,1687900.0,Đang hoạt động,0.403
C06321,21,Nam,TP HCM,46,1,0,25.0,1.0,11892901.0,Đang hoạt động,0.488
C06322,33,Nam,Hà Nội,59,2,0,32.0,4.0,5673800.0,Trung bình,0.284
C06323,27,Nam,TP HCM,45,2,1,3.0,4.0,1716300.0,Đang hoạt động,0.409
C06324,29,Nam,Hà Nội,23,1,0,10.0,4.0,7696050.0,Đang hoạt động,0.429
C06325,18,Nam,Hà Nội,45,2,1,112.0,2.0,1139600.0,Trung bình,0.487
C06326,48,Nam,TP HCM,10,0,1,9.0,7.0,4526550.0,Đang hoạt động,0.283
C06327,42,Nữ,Hà Nội,29,1,1,999.0,0.0,0.0,Chưa mua,0.634
C06328,62,Nữ,Hà Nội,7,1,0,62.0,2.0,523000.0,Trung bình,0.644
C06329,32,Nữ,Đà Nẵng,46,0,0,20.0,4.0,2801900.0,Đang hoạt động,0.201
C06330,66,Nam,TP HCM,27,1,0,8.0,6.0,8232750.0,Đang hoạt động,0.326
C06331,20,Nữ,Hà Nội,33,2,1,87.0,3.0,4037150.0,Trung bình,0.525
C06332,59,Nam,Hà Nội,15,1,0,122.0,2.0,3032650.0,Đã ngủ đông,0.594
C06333,36,Nam,Hà Nội,45,0,0,117.0,3.0,4259000.0,Trung bình,0.234
C06334,55,Nữ,TP HCM,2,1,0,30.0,8.0,4175950.0,Đang hoạt động,0.385
C06335,66,Nam,Cần Thơ,14,2,0,39.0,4.0,3143000.0,Trung bình,0.604
C06336,60,Nữ,Đà Nẵng,20,2,0,90.0,2.0,1669000.0,Trung bình,0.683
C06337,27,Nam,TP HCM,52,1,0,14.0,6.0,6042900.0,Đang hoạt động,0.187
C06338,25,Nam,Đà Nẵng,37,0,0,228.0,2.0,326000.0,Đã ngủ đông,0.347
C06339,55,Nữ,TP HCM,27,0,0,78.0,3.0,4053000.0,Trung bình,0.38
C06340,26,Nữ,TP HCM,48,0,0,999.0,0.0,0.0,Chưa mua,0.427
C06341,48,Nữ,Đà Nẵng,53,1,0,20.0,5.0,2774600.0,Đang hoạt động,0.201
C06342,57,Nữ,Hà Nội,58,0,0,131.0,2.0,1108000.0,Đã ngủ đông,0.201
C06343,70,Nữ,TP HCM,20,0,1,153.0,2.0,1109950.0,Đã ngủ đông,0.482
C06344,61,Nữ,TP HCM,14,2,1,41.0,2.0,5274000.0,Trung bình,0.741
C06345,37,Nữ,TP HCM,7,2,1,26.0,4.0,1411000.0,Đang hoạt động,0.684
C06346,60,Nữ,Hà Nội,37,1,0,45.0,5.0,4406600.0,Trung bình,0.272
C06347,30,Nữ,Cần Thơ,45,1,0,103.0,5.0,16609313.0,Trung bình,0.261
C06348,64,Nữ,Đà Nẵng,40,1,0,47.0,4.0,9886976.0,Trung bình,0.332
C06349,24,Nam,Hà Nội,11,1,1,43.0,3.0,4378150.0,Trung bình,0.572
C06350,35,Nam,Cần Thơ,47,0,1,70.0,2.0,1169000.0,Trung bình,0.268
C06351,18,Nữ,Hải Phòng,1,1,1,999.0,0.0,0.0,Chưa mua,0.804
C06352,61,Nữ,Hải Phòng,3,0,1,8.0,1.0,944000.0,Đang hoạt động,0.62
C06353,56,Nữ,Hải Phòng,25,1,1,95.0,1.0,932000.0,Trung bình,0.575
C06354,28,Nam,Cần Thơ,3,1,1,13.0,4.0,2626750.0,Đang hoạt động,0.578
C06355,27,Nam,Cần Thơ,55,2,0,6.0,7.0,2200700.0,Đang hoạt động,0.182
C06356,44,Nữ,Hải Phòng,31,0,0,103.0,1.0,1390600.0,Trung bình,0.42
C06357,50,Nữ,TP HCM,29,1,0,4.0,5.0,7065050.0,Đang hoạt động,0.367
C06358,49,Nữ,Hà Nội,14,1,0,18.0,9.0,5644500.0,Đang hoạt động,0.228
C06359,49,Nữ,TP HCM,6,2,1,48.0,2.0,2686000.0,Trung bình,0.782
C06360,32,Nam,TP HCM,23,1,0,56.0,1.0,1590000.0,Trung bình,0.633
C06361,25,Nữ,Đà Nẵng,5,1,0,72.0,3.0,8081200.0,Trung bình,0.646
C06362,65,Nữ,TP HCM,19,0,1,48.0,5.0,7396350.0,Trung bình,0.331
C06363,27,Nam,Đà Nẵng,36,1,0,146.0,2.0,2538000.0,Đã ngủ đông,0.466
C06364,55,Nam,Hà Nội,26,0,0,162.0,4.0,5795700.0,Đã ngủ đông,0.3
C06365,55,Nữ,Hà Nội,29,1,0,23.0,4.0,3347900.0,Đang hoạt động,0.374
C06366,40,Nữ,TP HCM,56,0,0,124.0,2.0,1234450.0,Đã ngủ đông,0.244
C06367,58,Nam,Hà Nội,53,0,0,146.0,5.0,3883900.0,Đã ngủ đông,0.129
C06368,39,Nữ,Đà Nẵng,51,1,1,143.0,1.0,950000.0,Đã ngủ đông,0.409
C06369,68,Nam,Hà Nội,12,2,0,20.0,6.0,3247450.0,Đang hoạt động,0.491
C06370,60,Nữ,Đà Nẵng,53,0,0,41.0,4.0,1945200.0,Trung bình,0.166
C06371,40,Nam,TP HCM,37,3,1,130.0,2.0,3191000.0,Đã ngủ đông,0.695
C06372,32,Nam,Hà Nội,36,1,0,41.0,5.0,3473300.0,Trung bình,0.279
C06373,18,Nam,TP HCM,16,0,0,67.0,4.0,868000.0,Trung bình,0.4
C06374,60,Nữ,Hải Phòng,11,3,1,54.0,2.0,4407000.0,Trung bình,0.806
C06375,38,Nam,Đà Nẵng,17,1,1,25.0,5.0,4238200.0,Đang hoạt động,0.429
C06376,28,Nam,Hải Phòng,59,0,1,48.0,3.0,4679150.0,Trung bình,0.167
C06377,34,Nam,Đà Nẵng,38,2,0,999.0,0.0,0.0,Chưa mua,0.697
C06378,58,Nam,TP HCM,46,1,0,16.0,3.0,1469050.0,Đang hoạt động,0.345
C06379,41,Nữ,Hà Nội,53,3,1,306.0,1.0,660250.0,Đã ngủ đông,0.602
C06380,33,Nam,Hà Nội,8,0,0,11.0,7.0,7645500.0,Đang hoạt động,0.268
C06381,38,Nam,Hà Nội,23,0,1,999.0,0.0,0.0,Chưa mua,0.567
C06382,54,Nữ,TP HCM,47,0,0,17.0,3.0,2105900.0,Đang hoạt động,0.247
C06383,43,Nữ,Đà Nẵng,7,2,1,55.0,4.0,4175000.0,Trung bình,0.672
C06384,45,Nam,Đà Nẵng,24,1,1,24.0,4.0,5946500.0,Đang hoạt động,0.438
C06385,35,Nữ,TP HCM,13,0,1,44.0,3.0,1279850.0,Trung bình,0.478
C06386,40,Nữ,Cần Thơ,30,1,0,30.0,4.0,4785100.0,Đang hoạt động,0.383
C06387,60,Nam,Hà Nội,4,1,0,220.0,2.0,5596000.0,Đã ngủ đông,0.679
C06388,44,Nam,TP HCM,40,0,0,108.0,9.0,9794250.0,Trung bình,0.096
C06389,60,Nữ,Cần Thơ,7,2,1,68.0,1.0,3551100.0,Trung bình,0.796
C06390,32,Nam,TP HCM,41,0,1,1.0,2.0,706000.0,Đang hoạt động,0.331
C06391,35,Nữ,Hải Phòng,55,1,0,43.0,2.0,1002000.0,Trung bình,0.305
C06392,40,Nữ,TP HCM,60,1,1,29.0,4.0,1390000.0,Đang hoạt động,0.218
C06393,40,Nam,Cần Thơ,29,0,1,999.0,0.0,0.0,Chưa mua,0.533
C06394,65,Nam,Cần Thơ,6,1,0,13.0,6.0,11967425.0,Đang hoạt động,0.453
C06395,53,Nữ,Đà Nẵng,19,3,0,286.0,1.0,3063000.0,Đã ngủ đông,0.823
C06396,51,Nữ,TP HCM,1,1,1,35.0,6.0,5181400.0,Trung bình,0.512
C06397,62,Nữ,Hà Nội,33,0,0,162.0,1.0,149000.0,Đã ngủ đông,0.402
C06398,58,Nữ,TP HCM,38,1,0,9.0,1.0,570000.0,Đang hoạt động,0.516
C06399,30,Nữ,Hà Nội,55,1,0,180.0,3.0,1834100.0,Đã ngủ đông,0.262
C06400,63,Nam,TP HCM,33,2,1,34.0,1.0,160000.0,Trung bình,0.66
C06401,20,Nam,TP HCM,20,1,0,79.0,4.0,3192650.0,Trung bình,0.488
C06402,59,Nam,TP HCM,53,0,1,17.0,4.0,2831000.0,Đang hoạt động,0.177
C06403,70,Nữ,TP HCM,35,0,0,57.0,5.0,6869500.0,Trung bình,0.233
C06404,67,Nữ,Hà Nội,56,1,0,143.0,1.0,1642000.0,Đã ngủ đông,0.349
C06405,40,Nữ,Hà Nội,34,2,0,81.0,2.0,3998000.0,Trung bình,0.572
C06406,44,Nam,TP HCM,57,3,0,3.0,6.0,3224650.0,Đang hoạt động,0.323
C06407,64,Nam,Đà Nẵng,17,0,0,19.0,1.0,572000.0,Đang hoạt động,0.537
C06408,45,Nam,TP HCM,35,0,0,55.0,2.0,1099000.0,Trung bình,0.372
C06409,51,Nữ,Hải Phòng,26,0,1,12.0,5.0,3050550.0,Đang hoạt động,0.246
C06410,36,Nam,Đà Nẵng,1,0,0,109.0,6.0,3883500.0,Trung bình,0.38
C06411,36,Nữ,Đà Nẵng,53,2,0,65.0,3.0,4887000.0,Trung bình,0.397
C06412,32,Nam,Cần Thơ,7,2,1,83.0,3.0,2417950.0,Trung bình,0.709
C06413,50,Nữ,Hải Phòng,55,2,1,167.0,2.0,1015000.0,Đã ngủ đông,0.411
C06414,58,Nữ,TP HCM,19,1,0,295.0,1.0,143450.0,Đã ngủ đông,0.662
C06415,55,Nữ,Hải Phòng,27,4,1,12.0,4.0,1770000.0,Đang hoạt động,0.712
C06416,68,Nam,Hà Nội,53,1,0,19.0,6.0,6754650.0,Đang hoạt động,0.156
C06417,70,Nữ,Hà Nội,26,3,1,44.0,6.0,8856150.0,Trung bình,0.515
C06418,20,Nữ,Hà Nội,18,1,0,11.0,4.0,4242800.0,Đang hoạt động,0.461
C06419,30,Nam,Đà Nẵng,19,0,0,10.0,6.0,3595450.0,Đang hoạt động,0.261
C06420,61,Nữ,TP HCM,10,0,0,69.0,2.0,3911000.0,Trung bình,0.562
C06421,34,Nữ,TP HCM,2,4,1,29.0,3.0,3264250.0,Đang hoạt động,0.89
C06422,69,Nam,Đà Nẵng,9,0,0,50.0,5.0,7461200.0,Trung bình,0.38
C06423,69,Nam,TP HCM,31,1,1,26.0,4.0,4689050.0,Đang hoạt động,0.4
C06424,68,Nữ,Hà Nội,45,0,1,70.0,3.0,1668000.0,Trung bình,0.225
C06425,31,Nam,Đà Nẵng,41,1,0,209.0,1.0,708050.0,Đã ngủ đông,0.485
C06426,37,Nữ,Cần Thơ,28,2,1,89.0,3.0,1904900.0,Trung bình,0.565
C06427,44,Nam,Đà Nẵng,54,0,0,29.0,6.0,5975550.0,Đang hoạt động,0.111
C06428,27,Nam,Đà Nẵng,22,0,1,74.0,2.0,3097050.0,Trung bình,0.455
C06429,42,Nam,Hải Phòng,27,0,0,23.0,4.0,5198500.0,Đang hoạt động,0.291
C06430,49,Nam,TP HCM,58,0,1,101.0,2.0,3437250.0,Trung bình,0.234
C06431,62,Nữ,Hải Phòng,26,0,0,99.0,2.0,4726500.0,Trung bình,0.404
C06432,33,Nam,TP HCM,13,0,0,24.0,4.0,15456676.0,Đang hoạt động,0.45
C06433,63,Nữ,TP HCM,39,3,0,189.0,2.0,6043300.0,Đã ngủ đông,0.687
C06434,31,Nam,Cần Thơ,34,0,1,999.0,0.0,0.0,Chưa mua,0.497
C06435,51,Nam,Hà Nội,39,1,1,38.0,2.0,351000.0,Trung bình,0.408
C06436,28,Nam,Cần Thơ,36,2,0,12.0,3.0,2406600.0,Đang hoạt động,0.504
C06437,26,Nữ,TP HCM,36,2,1,78.0,2.0,880300.0,Trung bình,0.594
C06438,58,Nam,Hà Nội,32,1,0,62.0,6.0,3223000.0,Trung bình,0.253
C06439,18,Nam,Hải Phòng,30,1,0,2.0,5.0,8621500.0,Đang hoạt động,0.329
C06440,18,Nam,Đà Nẵng,33,1,1,134.0,3.0,3722600.0,Đã ngủ đông,0.433
C06441,38,Nam,TP HCM,26,1,1,9.0,4.0,2062900.0,Đang hoạt động,0.435
C06442,19,Nữ,Hà Nội,35,2,0,232.0,2.0,3345700.0,Đã ngủ đông,0.572
C06443,30,Nam,Hà Nội,6,0,0,21.0,2.0,1425000.0,Đang hoạt động,0.546
C06444,44,Nam,TP HCM,41,2,0,16.0,8.0,9116500.0,Đang hoạt động,0.243
C06445,59,Nam,Cần Thơ,9,1,1,72.0,6.0,8070780.0,Trung bình,0.425
C06446,58,Nữ,TP HCM,18,0,0,18.0,4.0,14762317.0,Đang hoạt động,0.409
C06447,70,Nam,Đà Nẵng,3,1,1,131.0,3.0,1315200.0,Đã ngủ đông,0.64
C06448,55,Nữ,TP HCM,42,2,1,136.0,3.0,1927150.0,Đã ngủ đông,0.491
C06449,30,Nam,TP HCM,10,0,0,22.0,5.0,13139900.0,Đang hoạt động,0.409
C06450,67,Nam,TP HCM,32,0,0,3.0,5.0,3329300.0,Đang hoạt động,0.242
C06451,58,Nữ,Cần Thơ,28,1,0,34.0,4.0,1765950.0,Trung bình,0.388
C06452,58,Nam,Hà Nội,22,0,0,17.0,3.0,5235100.0,Đang hoạt động,0.373
C06453,61,Nam,Hà Nội,22,0,0,212.0,4.0,12072573.0,Đã ngủ đông,0.339
C06454,31,Nam,TP HCM,53,1,0,38.0,3.0,2293650.0,Trung bình,0.305
C06455,22,Nữ,Đà Nẵng,32,1,1,134.0,2.0,2922000.0,Đã ngủ đông,0.498
C06456,33,Nữ,TP HCM,51,1,1,152.0,4.0,4128400.0,Đã ngủ đông,0.276
C06457,64,Nam,Hà Nội,23,2,0,5.0,4.0,4369000.0,Đang hoạt động,0.529
C06458,67,Nữ,Cần Thơ,40,1,0,42.0,4.0,2433900.0,Trung bình,0.307
C06459,58,Nam,Hà Nội,4,2,1,137.0,3.0,1789200.0,Đã ngủ đông,0.716
C06460,65,Nữ,TP HCM,21,2,1,159.0,3.0,486000.0,Đã ngủ đông,0.641
C06461,26,Nam,Cần Thơ,10,2,1,197.0,1.0,326000.0,Đã ngủ đông,0.782
C06462,42,Nữ,Cần Thơ,39,1,1,999.0,0.0,0.0,Chưa mua,0.573
C06463,44,Nữ,TP HCM,22,1,1,74.0,7.0,3940550.0,Trung bình,0.306
C06464,64,Nữ,Đà Nẵng,44,0,0,103.0,1.0,136800.0,Trung bình,0.344
C06465,37,Nam,Hà Nội,26,1,0,44.0,5.0,6551900.0,Trung bình,0.349
C06466,27,Nữ,Hà Nội,56,1,0,105.0,3.0,2903000.0,Trung bình,0.257
C06467,61,Nữ,Đà Nẵng,13,2,1,183.0,1.0,368000.0,Đã ngủ đông,0.771
C06468,52,Nam,TP HCM,41,0,0,128.0,6.0,2411300.0,Đã ngủ đông,0.164
C06469,56,Nam,Hải Phòng,53,0,0,60.0,5.0,6986650.0,Trung bình,0.131
C06470,33,Nam,Hà Nội,49,1,1,137.0,2.0,1006800.0,Đã ngủ đông,0.346
C06471,49,Nam,Đà Nẵng,37,1,0,53.0,5.0,3732400.0,Trung bình,0.29
C06472,22,Nữ,Cần Thơ,58,1,0,34.0,3.0,3181000.0,Trung bình,0.253
C06473,67,Nam,TP HCM,55,0,0,33.0,2.0,641700.0,Trung bình,0.241
C06474,67,Nam,Hải Phòng,43,0,0,80.0,5.0,4662500.0,Trung bình,0.165
C06475,49,Nam,TP HCM,25,1,0,11.0,6.0,9459000.0,Đang hoạt động,0.345
C06476,26,Nữ,Hà Nội,24,1,1,16.0,5.0,2568000.0,Đang hoạt động,0.357
C06477,58,Nữ,TP HCM,51,1,1,78.0,4.0,2394250.0,Trung bình,0.268
C06478,66,Nam,Hà Nội,16,0,1,999.0,0.0,0.0,Chưa mua,0.613
C06479,21,Nam,Cần Thơ,3,1,1,61.0,4.0,3130050.0,Trung bình,0.582
C06480,26,Nam,TP HCM,8,1,1,150.0,6.0,4097100.0,Đã ngủ đông,0.464
C06481,52,Nữ,Đà Nẵng,50,2,0,16.0,4.0,978600.0,Đang hoạt động,0.351
C06482,48,Nữ,Hà Nội,8,3,1,65.0,6.0,2899450.0,Trung bình,0.638
C06483,62,Nam,Hải Phòng,30,0,1,179.0,2.0,2346200.0,Đã ngủ đông,0.372
C06484,50,Nữ,Hà Nội,41,1,0,96.0,4.0,3544550.0,Trung bình,0.297
C06485,35,Nam,TP HCM,31,2,0,75.0,6.0,6851200.0,Trung bình,0.409
C06486,40,Nam,Đà Nẵng,26,0,0,5.0,6.0,4611050.0,Đang hoạt động,0.223
C06487,67,Nữ,Hải Phòng,23,3,0,91.0,4.0,4890900.0,Trung bình,0.645
C06488,30,Nam,Hà Nội,29,2,0,16.0,3.0,4113200.0,Đang hoạt động,0.549
C06489,26,Nam,TP HCM,19,0,0,135.0,3.0,3115100.0,Đã ngủ đông,0.441
C06490,28,Nữ,TP HCM,23,2,0,11.0,2.0,930000.0,Đang hoạt động,0.682
C06491,68,Nữ,TP HCM,16,2,1,190.0,2.0,4094000.0,Đã ngủ đông,0.731
C06492,65,Nam,TP HCM,34,2,1,224.0,1.0,1590000.0,Đã ngủ đông,0.662
C06493,56,Nữ,TP HCM,46,0,1,263.0,1.0,719100.0,Đã ngủ đông,0.356
C06494,25,Nữ,Đà Nẵng,4,1,1,192.0,3.0,4596000.0,Đã ngủ đông,0.65
C06495,37,Nữ,TP HCM,50,2,0,119.0,4.0,2781400.0,Trung bình,0.379
C06496,45,Nam,Hà Nội,14,0,0,152.0,4.0,2437150.0,Đã ngủ đông,0.375
C06497,70,Nữ,TP HCM,12,1,1,65.0,3.0,1825000.0,Trung bình,0.595
C06498,36,Nữ,Cần Thơ,52,1,0,47.0,2.0,865800.0,Trung bình,0.333
C06499,56,Nữ,TP HCM,18,1,0,80.0,4.0,1651000.0,Trung bình,0.495
C06500,69,Nữ,Hà Nội,26,0,0,999.0,0.0,0.0,Chưa mua,0.541
C06501,21,Nữ,Đà Nẵng,50,1,0,238.0,1.0,892050.0,Đã ngủ đông,0.422
C06502,18,Nữ,TP HCM,48,1,1,170.0,2.0,1285650.0,Đã ngủ đông,0.398
C06503,21,Nữ,TP HCM,11,2,1,157.0,3.0,2747400.0,Đã ngủ đông,0.717
C06504,30,Nữ,Hà Nội,35,1,1,11.0,3.0,3979000.0,Đang hoạt động,0.392
C06505,62,Nữ,Hải Phòng,50,1,1,100.0,3.0,487000.0,Trung bình,0.284
C06506,51,Nam,TP HCM,30,1,0,99.0,5.0,2395650.0,Trung bình,0.352
C06507,29,Nam,Hà Nội,48,0,0,84.0,3.0,2428550.0,Trung bình,0.215
C06508,44,Nam,Hải Phòng,24,2,1,999.0,0.0,0.0,Chưa mua,0.76
C06509,31,Nam,Hà Nội,59,2,0,132.0,6.0,10963200.0,Đã ngủ đông,0.209
C06510,39,Nam,TP HCM,1,5,1,55.0,4.0,8338500.0,Trung bình,0.916
C06511,24,Nam,Hải Phòng,37,2,0,45.0,4.0,3437100.0,Trung bình,0.432
C06512,20,Nam,Hà Nội,7,0,0,66.0,5.0,5563150.0,Trung bình,0.377
C06513,54,Nam,TP HCM,33,0,0,115.0,2.0,3448200.0,Trung bình,0.392
C06514,54,Nam,Cần Thơ,34,1,0,7.0,4.0,4921600.0,Đang hoạt động,0.351
C06515,53,Nam,Hải Phòng,42,2,0,13.0,6.0,6442000.0,Đang hoạt động,0.29
C06516,43,Nam,Đà Nẵng,5,0,0,54.0,5.0,4519650.0,Trung bình,0.406
C06517,46,Nam,Hà Nội,16,1,1,3.0,5.0,6552400.0,Đang hoạt động,0.417
C06518,49,Nam,Hải Phòng,14,0,1,122.0,2.0,1049900.0,Đã ngủ đông,0.486
C06519,33,Nữ,Hà Nội,35,1,1,32.0,3.0,1473950.0,Trung bình,0.387
C06520,51,Nữ,TP HCM,10,1,1,257.0,2.0,1543000.0,Đã ngủ đông,0.673
C06521,63,Nữ,TP HCM,16,1,0,86.0,2.0,806000.0,Trung bình,0.622
C06522,62,Nam,Hải Phòng,1,1,1,126.0,2.0,265350.0,Đã ngủ đông,0.685
C06523,39,Nam,Cần Thơ,26,3,1,66.0,4.0,4863000.0,Trung bình,0.636
C06524,25,Nam,Cần Thơ,27,1,1,185.0,2.0,2165050.0,Đã ngủ đông,0.522
C06525,65,Nữ,Cần Thơ,8,1,1,2.0,3.0,6547000.0,Đang hoạt động,0.602
C06526,55,Nữ,TP HCM,53,2,0,136.0,2.0,1117000.0,Đã ngủ đông,0.466
C06527,62,Nữ,Đà Nẵng,34,2,1,8.0,3.0,2647900.0,Đang hoạt động,0.527
C06528,26,Nữ,TP HCM,16,0,0,68.0,3.0,4212850.0,Trung bình,0.465
C06529,31,Nữ,Hà Nội,60,1,0,60.0,4.0,1945900.0,Trung bình,0.192
C06530,20,Nữ,TP HCM,7,1,1,143.0,1.0,158000.0,Đã ngủ đông,0.738
C06531,37,Nam,TP HCM,1,0,1,35.0,1.0,1164000.0,Trung bình,0.676
C06532,51,Nữ,TP HCM,58,1,1,112.0,5.0,8162350.0,Trung bình,0.199
C06533,45,Nam,Hà Nội,1,0,0,172.0,1.0,3158750.0,Đã ngủ đông,0.645
C06534,33,Nam,Hải Phòng,28,1,0,23.0,7.0,9737500.0,Đang hoạt động,0.245
C06535,43,Nữ,Hà Nội,39,1,0,38.0,5.0,3553100.0,Trung bình,0.261
C06536,23,Nam,Hà Nội,59,0,0,121.0,4.0,3606050.0,Đã ngủ đông,0.137
C06537,50,Nam,Cần Thơ,25,1,0,139.0,4.0,3174450.0,Đã ngủ đông,0.416
C06538,64,Nữ,Đà Nẵng,37,1,1,152.0,2.0,1067700.0,Đã ngủ đông,0.45
C06539,31,Nữ,TP HCM,46,2,0,4.0,5.0,5368800.0,Đang hoạt động,0.355
C06540,57,Nữ,Cần Thơ,26,0,1,103.0,6.0,8328250.0,Trung bình,0.222
C06541,39,Nữ,Hải Phòng,23,0,1,999.0,0.0,0.0,Chưa mua,0.569
C06542,61,Nam,Đà Nẵng,37,1,0,45.0,3.0,1282950.0,Trung bình,0.389
C06543,18,Nam,Hà Nội,16,1,0,124.0,3.0,2417700.0,Đã ngủ đông,0.534
C06544,40,Nữ,Hà Nội,42,3,0,7.0,5.0,6764700.0,Đang hoạt động,0.453
C06545,60,Nam,TP HCM,7,0,1,85.0,4.0,1352250.0,Trung bình,0.46
C06546,55,Nam,TP HCM,11,1,1,93.0,2.0,1633000.0,Trung bình,0.659
C06547,32,Nam,Hà Nội,33,2,1,254.0,3.0,5200400.0,Đã ngủ đông,0.53
C06548,21,Nam,Đà Nẵng,27,0,1,183.0,2.0,2182000.0,Đã ngủ đông,0.421
C06549,22,Nữ,TP HCM,36,1,0,43.0,4.0,5680300.0,Trung bình,0.376
C06550,46,Nam,Hà Nội,8,0,0,8.0,8.0,6115700.0,Đang hoạt động,0.22
C06551,34,Nữ,Đà Nẵng,48,0,0,42.0,7.0,6042550.0,Trung bình,0.107
C06552,54,Nữ,Hải Phòng,21,0,1,14.0,4.0,7151300.0,Đang hoạt động,0.332
C06553,62,Nữ,Hà Nội,5,1,1,125.0,4.0,2027400.0,Đã ngủ đông,0.551
C06554,28,Nam,Hà Nội,44,2,1,103.0,2.0,1501550.0,Trung bình,0.493
C06555,51,Nam,Đà Nẵng,21,1,1,27.0,5.0,2787000.0,Đang hoạt động,0.395
C06556,35,Nam,Hải Phòng,35,2,0,45.0,3.0,657800.0,Trung bình,0.497
C06557,63,Nam,Hải Phòng,37,0,0,31.0,2.0,3581600.0,Trung bình,0.322
C06558,40,Nữ,Đà Nẵng,51,0,0,187.0,3.0,5720050.0,Đã ngủ đông,0.223
C06559,64,Nam,TP HCM,50,1,0,79.0,5.0,5850650.0,Trung bình,0.233
C06560,26,Nam,Đà Nẵng,50,1,1,155.0,4.0,3031200.0,Đã ngủ đông,0.265
C06561,22,Nữ,Cần Thơ,5,0,0,40.0,4.0,6962400.0,Trung bình,0.462
C06562,40,Nữ,TP HCM,26,0,1,161.0,3.0,916900.0,Đã ngủ đông,0.386
C06563,48,Nam,Cần Thơ,30,2,0,24.0,5.0,6287350.0,Đang hoạt động,0.437
C06564,23,Nữ,Cần Thơ,56,1,0,62.0,4.0,10250720.0,Trung bình,0.233
C06565,27,Nữ,Hà Nội,26,2,0,40.0,3.0,478850.0,Trung bình,0.566
C06566,57,Nữ,TP HCM,27,3,0,999.0,0.0,0.0,Chưa mua,0.844
C06567,20,Nữ,Cần Thơ,22,3,1,193.0,3.0,5760000.0,Đã ngủ đông,0.723
C06568,25,Nữ,Hà Nội,15,0,0,173.0,4.0,3692200.0,Đã ngủ đông,0.376
C06569,26,Nam,TP HCM,4,0,1,226.0,1.0,700000.0,Đã ngủ đông,0.663
C06570,27,Nữ,Hà Nội,54,1,0,33.0,3.0,2161950.0,Trung bình,0.265
C06571,59,Nữ,Hà Nội,30,2,1,5.0,6.0,7063850.0,Đang hoạt động,0.37
C06572,28,Nam,Đà Nẵng,51,1,0,9.0,3.0,5843100.0,Đang hoạt động,0.307
C06573,49,Nam,Hải Phòng,26,0,1,111.0,3.0,7021200.0,Trung bình,0.354
C06574,40,Nữ,Đà Nẵng,38,2,0,60.0,4.0,7711500.0,Trung bình,0.455
C06575,43,Nữ,TP HCM,58,2,0,134.0,2.0,802250.0,Đã ngủ đông,0.43
C06576,52,Nam,Cần Thơ,14,1,0,1.0,6.0,2148000.0,Đang hoạt động,0.375
C06577,67,Nam,Đà Nẵng,42,2,0,40.0,4.0,9276750.0,Trung bình,0.422
C06578,70,Nữ,TP HCM,39,1,1,100.0,3.0,3268200.0,Trung bình,0.4
C06579,53,Nam,TP HCM,16,0,0,74.0,6.0,8510000.0,Trung bình,0.303
C06580,69,Nữ,TP HCM,22,0,0,77.0,4.0,7566100.0,Trung bình,0.365
C06581,53,Nữ,Hà Nội,14,1,0,121.0,3.0,1548600.0,Đã ngủ đông,0.542
C06582,57,Nam,TP HCM,26,0,1,41.0,2.0,400500.0,Trung bình,0.433
C06583,61,Nữ,Hải Phòng,53,3,1,999.0,0.0,0.0,Chưa mua,0.676
C06584,30,Nữ,Hà Nội,60,3,0,252.0,1.0,654000.0,Đã ngủ đông,0.551
C06585,51,Nam,TP HCM,32,0,0,57.0,2.0,1735800.0,Trung bình,0.394
C06586,18,Nam,Hải Phòng,55,1,0,37.0,7.0,3842700.0,Trung bình,0.122
C06587,18,Nam,Cần Thơ,24,0,0,76.0,4.0,4514000.0,Trung bình,0.323
C06588,43,Nam,Hải Phòng,46,3,0,6.0,7.0,3565750.0,Đang hoạt động,0.307
C06589,58,Nam,Đà Nẵng,5,2,1,33.0,9.0,11632000.0,Trung bình,0.412
C06590,20,Nữ,Cần Thơ,41,1,0,27.0,6.0,9844913.0,Đang hoạt động,0.228
C06591,45,Nữ,Đà Nẵng,54,0,0,66.0,5.0,2224600.0,Trung bình,0.134
C06592,18,Nữ,TP HCM,5,0,0,113.0,3.0,5036763.0,Trung bình,0.552
C06593,51,Nam,Hà Nội,48,1,0,85.0,6.0,3159250.0,Trung bình,0.175
C06594,22,Nữ,Hà Nội,38,2,0,39.0,3.0,1896700.0,Trung bình,0.48
C06595,47,Nam,Đà Nẵng,34,2,0,39.0,4.0,2942550.0,Trung bình,0.471
C06596,20,Nữ,Đà Nẵng,57,0,1,61.0,4.0,4746650.0,Trung bình,0.157
C06597,38,Nam,TP HCM,14,0,0,42.0,1.0,845000.0,Trung bình,0.585
C06598,35,Nữ,Hà Nội,36,0,0,47.0,2.0,942000.0,Trung bình,0.328
C06599,20,Nam,Cần Thơ,27,1,1,115.0,1.0,1930000.0,Trung bình,0.578
C06600,27,Nam,Hà Nội,38,0,0,47.0,2.0,1107000.0,Trung bình,0.316
C06601,67,Nữ,TP HCM,54,1,0,45.0,1.0,2097600.0,Trung bình,0.401
C06602,33,Nữ,Hà Nội,60,1,0,242.0,1.0,2841000.0,Đã ngủ đông,0.333
C06603,26,Nam,TP HCM,48,2,0,105.0,3.0,1293000.0,Trung bình,0.447
C06604,39,Nam,Hà Nội,11,0,0,18.0,5.0,5626000.0,Đang hoạt động,0.344
C06605,47,Nam,Đà Nẵng,39,3,1,21.0,2.0,1116000.0,Đang hoạt động,0.656
C06606,50,Nam,TP HCM,21,1,0,71.0,4.0,4847000.0,Trung bình,0.479
C06607,51,Nam,Hải Phòng,14,0,1,999.0,0.0,0.0,Chưa mua,0.631
C06608,24,Nữ,Đà Nẵng,16,0,1,126.0,2.0,1376000.0,Đã ngủ đông,0.5
C06609,65,Nữ,Hà Nội,45,1,0,53.0,4.0,3557100.0,Trung bình,0.27
C06610,29,Nữ,Đà Nẵng,55,1,0,43.0,5.0,6838350.0,Trung bình,0.2
C06611,54,Nữ,Cần Thơ,1,3,1,30.0,3.0,5090550.0,Đang hoạt động,0.823
C06612,26,Nam,Hà Nội,33,0,0,61.0,4.0,7718358.0,Trung bình,0.262
C06613,61,Nữ,TP HCM,15,2,1,67.0,5.0,3900500.0,Trung bình,0.576
C06614,53,Nam,Hải Phòng,57,2,0,33.0,4.0,2980250.0,Trung bình,0.289
C06615,26,Nam,Đà Nẵng,60,2,0,23.0,5.0,5712800.0,Đang hoạt động,0.25
C06616,67,Nam,Hà Nội,32,0,1,6.0,7.0,7564900.0,Đang hoạt động,0.148
C06617,32,Nam,Hải Phòng,49,1,0,37.0,3.0,1006000.0,Trung bình,0.292
C06618,25,Nam,Cần Thơ,36,1,1,233.0,1.0,1380000.0,Đã ngủ đông,0.514
C06619,60,Nam,TP HCM,52,1,1,103.0,2.0,514000.0,Trung bình,0.358
C06620,41,Nữ,Hà Nội,50,1,0,47.0,8.0,5106700.0,Trung bình,0.113
C06621,67,Nữ,Đà Nẵng,15,1,0,251.0,1.0,135850.0,Đã ngủ đông,0.668
C06622,26,Nữ,Hải Phòng,48,1,1,69.0,2.0,564250.0,Trung bình,0.352
C06623,57,Nam,TP HCM,17,0,0,33.0,6.0,5786800.0,Trung bình,0.29
C06624,55,Nữ,Cần Thơ,33,1,0,143.0,1.0,3892000.0,Đã ngủ đông,0.535
C06625,34,Nam,Hà Nội,51,3,0,207.0,3.0,8849000.0,Đã ngủ đông,0.515
C06626,47,Nam,Hải Phòng,2,3,1,51.0,4.0,3361900.0,Trung bình,0.772
C06627,47,Nữ,TP HCM,40,0,0,21.0,3.0,4982500.0,Đang hoạt động,0.294
C06628,20,Nữ,TP HCM,54,1,1,62.0,4.0,3022550.0,Trung bình,0.256
C06629,38,Nữ,Cần Thơ,5,1,0,225.0,2.0,2062000.0,Đã ngủ đông,0.679
C06630,28,Nam,TP HCM,11,2,0,31.0,4.0,7598500.0,Trung bình,0.67
C06631,34,Nữ,Hà Nội,27,2,0,16.0,3.0,1816200.0,Đang hoạt động,0.559
C06632,36,Nam,TP HCM,59,0,0,49.0,3.0,1115000.0,Trung bình,0.186
C06633,70,Nam,TP HCM,57,0,0,69.0,4.0,2134900.0,Trung bình,0.16
C06634,18,Nữ,TP HCM,60,0,0,31.0,2.0,2342000.0,Trung bình,0.224
C06635,23,Nữ,Hà Nội,29,1,1,193.0,2.0,3876000.0,Đã ngủ đông,0.502
C06636,40,Nữ,Hải Phòng,48,1,0,163.0,2.0,320000.0,Đã ngủ đông,0.353
C06637,36,Nữ,Đà Nẵng,54,4,0,3.0,7.0,6189000.0,Đang hoạt động,0.384
C06638,42,Nam,TP HCM,20,2,1,15.0,5.0,3792900.0,Đang hoạt động,0.539
C06639,53,Nam,TP HCM,3,0,0,39.0,2.0,2940000.0,Trung bình,0.61
C06640,53,Nam,Cần Thơ,60,3,0,134.0,2.0,2823400.0,Đã ngủ đông,0.498
C06641,36,Nữ,TP HCM,23,0,1,141.0,2.0,1692000.0,Đã ngủ đông,0.467
C06642,32,Nam,Hà Nội,35,1,0,999.0,0.0,0.0,Chưa mua,0.592
C06643,46,Nữ,Đà Nẵng,13,3,1,25.0,1.0,814300.0,Đang hoạt động,0.841
C06644,69,Nam,Đà Nẵng,10,2,0,294.0,2.0,2409600.0,Đã ngủ đông,0.749
C06645,57,Nam,TP HCM,14,1,0,47.0,3.0,2110750.0,Trung bình,0.581
C06646,18,Nam,Đà Nẵng,32,3,0,120.0,3.0,466400.0,Trung bình,0.656
C06647,21,Nam,TP HCM,5,1,0,92.0,2.0,2260000.0,Trung bình,0.704
C06648,54,Nữ,TP HCM,44,1,1,34.0,2.0,594500.0,Trung bình,0.415
C06649,61,Nữ,Hà Nội,20,2,1,33.0,3.0,2020200.0,Trung bình,0.607
C06650,45,Nữ,Cần Thơ,55,2,1,999.0,0.0,0.0,Chưa mua,0.567
C06651,56,Nam,Cần Thơ,25,3,1,20.0,2.0,502000.0,Đang hoạt động,0.732
C06652,65,Nam,Cần Thơ,53,1,0,19.0,4.0,4141300.0,Đang hoạt động,0.232
C06653,46,Nữ,Hà Nội,22,0,0,56.0,5.0,2312100.0,Trung bình,0.269
C06654,53,Nữ,Hà Nội,43,4,1,153.0,1.0,730000.0,Đã ngủ đông,0.758
C06655,61,Nam,TP HCM,10,0,0,107.0,1.0,2373000.0,Trung bình,0.616
C06656,66,Nữ,Cần Thơ,21,0,1,23.0,4.0,3556000.0,Đang hoạt động,0.333
C06657,19,Nữ,TP HCM,36,2,0,999.0,0.0,0.0,Chưa mua,0.729
C06658,34,Nam,Hà Nội,57,0,0,999.0,0.0,0.0,Chưa mua,0.322
C06659,25,Nam,TP HCM,23,1,0,226.0,2.0,3084466.0,Đã ngủ đông,0.587
C06660,31,Nữ,Hà Nội,38,1,1,103.0,5.0,6229184.0,Trung bình,0.275
C06661,53,Nữ,Hà Nội,59,1,0,49.0,4.0,3890650.0,Trung bình,0.197
C06662,33,Nam,TP HCM,47,3,1,999.0,0.0,0.0,Chưa mua,0.75
C06663,27,Nam,Hà Nội,44,1,0,6.0,2.0,690000.0,Đang hoạt động,0.376
C06664,46,Nam,Cần Thơ,5,1,1,10.0,5.0,5391150.0,Đang hoạt động,0.507
C06665,34,Nam,Đà Nẵng,29,1,0,153.0,1.0,168000.0,Đã ngủ đông,0.57
C06666,60,Nam,TP HCM,51,1,0,26.0,5.0,4373800.0,Đang hoạt động,0.225
C06667,37,Nữ,Hải Phòng,21,4,1,12.0,4.0,3117550.0,Đang hoạt động,0.752
C06668,56,Nam,TP HCM,45,1,1,39.0,6.0,7919600.0,Trung bình,0.221
C06669,62,Nữ,Đà Nẵng,55,2,0,103.0,3.0,1245950.0,Trung bình,0.372
C06670,63,Nam,Đà Nẵng,32,1,0,103.0,2.0,2987000.0,Trung bình,0.489
C06671,55,Nam,TP HCM,52,2,0,12.0,3.0,5228000.0,Đang hoạt động,0.418
C06672,53,Nữ,Đà Nẵng,10,1,1,22.0,6.0,8101400.0,Đang hoạt động,0.43
C06673,61,Nam,TP HCM,17,1,1,9.0,3.0,3273900.0,Đang hoạt động,0.56
C06674,30,Nam,TP HCM,58,1,1,36.0,4.0,3396950.0,Trung bình,0.232
C06675,30,Nam,Đà Nẵng,26,1,0,51.0,1.0,2541000.0,Trung bình,0.595
C06676,34,Nam,TP HCM,21,0,0,58.0,5.0,5257000.0,Trung bình,0.317
C06677,36,Nữ,TP HCM,5,1,0,51.0,4.0,1123700.0,Trung bình,0.592
C06678,58,Nữ,Hà Nội,26,0,0,70.0,3.0,4529700.0,Trung bình,0.347
C06679,28,Nữ,Đà Nẵng,15,1,1,244.0,2.0,995000.0,Đã ngủ đông,0.622
C06680,22,Nữ,Đà Nẵng,16,0,0,58.0,4.0,657450.0,Trung bình,0.38
C06681,32,Nam,Đà Nẵng,4,0,0,9.0,7.0,6202600.0,Đang hoạt động,0.309
C06682,34,Nam,TP HCM,31,0,0,290.0,1.0,468350.0,Đã ngủ đông,0.467
C06683,42,Nam,TP HCM,4,0,1,146.0,2.0,21153577.0,Đã ngủ đông,0.647
C06684,34,Nữ,TP HCM,53,0,0,26.0,3.0,2200100.0,Đang hoạt động,0.217
C06685,31,Nam,Hải Phòng,30,4,1,240.0,3.0,2059000.0,Đã ngủ đông,0.75
C06686,69,Nữ,TP HCM,19,2,0,999.0,0.0,0.0,Chưa mua,0.812
C06687,56,Nữ,Hải Phòng,58,0,1,14.0,5.0,7191000.0,Đang hoạt động,0.115
C06688,63,Nữ,TP HCM,57,1,0,101.0,1.0,133000.0,Trung bình,0.378
C06689,50,Nam,TP HCM,42,1,1,999.0,0.0,0.0,Chưa mua,0.58
C06690,28,Nam,Đà Nẵng,21,2,1,28.0,1.0,1283500.0,Đang hoạt động,0.727
C06691,45,Nam,Hà Nội,9,2,1,5.0,3.0,1324200.0,Đang hoạt động,0.681
C06692,18,Nam,TP HCM,56,0,0,30.0,6.0,9963900.0,Đang hoạt động,0.119
C06693,38,Nữ,TP HCM,51,2,0,146.0,2.0,503000.0,Đã ngủ đông,0.483
C06694,50,Nữ,TP HCM,40,1,0,121.0,3.0,1704300.0,Đã ngủ đông,0.393
C06695,32,Nữ,TP HCM,57,2,0,131.0,3.0,1802400.0,Đã ngủ đông,0.384
C06696,67,Nam,Hà Nội,44,2,0,139.0,1.0,800000.0,Đã ngủ đông,0.545
C06697,18,Nam,TP HCM,26,1,0,67.0,4.0,2667900.0,Trung bình,0.442
C06698,54,Nữ,Đà Nẵng,53,1,0,255.0,1.0,2133000.0,Đã ngủ đông,0.399
C06699,34,Nữ,TP HCM,47,0,0,239.0,1.0,903450.0,Đã ngủ đông,0.352
C06700,31,Nam,Đà Nẵng,34,2,0,31.0,2.0,2919700.0,Trung bình,0.59
C06701,41,Nam,Đà Nẵng,5,1,1,131.0,2.0,1012850.0,Đã ngủ đông,0.683
C06702,21,Nữ,TP HCM,24,2,1,999.0,0.0,0.0,Chưa mua,0.794
C06703,23,Nữ,TP HCM,35,1,0,41.0,4.0,2740000.0,Trung bình,0.377
C06704,27,Nam,Hà Nội,2,2,0,85.0,5.0,3455751.0,Trung bình,0.632
C06705,45,Nữ,Hà Nội,45,4,0,52.0,3.0,1792450.0,Trung bình,0.648
C06706,49,Nữ,Hà Nội,44,3,1,49.0,4.0,3240400.0,Trung bình,0.489
C06707,28,Nam,Hà Nội,46,0,0,92.0,2.0,1541000.0,Trung bình,0.268
C06708,32,Nữ,Hà Nội,54,1,0,3.0,5.0,6009900.0,Đang hoạt động,0.188
C06709,61,Nam,Hà Nội,54,3,0,171.0,1.0,1497200.0,Đã ngủ đông,0.587
C06710,62,Nữ,Hà Nội,13,0,0,34.0,3.0,1982000.0,Trung bình,0.432
C06711,18,Nam,Hà Nội,4,2,1,999.0,0.0,0.0,Chưa mua,0.855
C06712,22,Nữ,Cần Thơ,42,1,1,6.0,4.0,1252400.0,Đang hoạt động,0.297
C06713,60,Nam,Đà Nẵng,35,0,0,151.0,6.0,4418600.0,Đã ngủ đông,0.18
C06714,30,Nữ,Cần Thơ,1,0,1,308.0,1.0,2093800.0,Đã ngủ đông,0.661
C06715,62,Nữ,Hà Nội,41,2,1,28.0,4.0,5293800.0,Đang hoạt động,0.4
C06716,59,Nam,TP HCM,50,2,0,33.0,3.0,5607300.0,Trung bình,0.434
C06717,66,Nữ,Hà Nội,12,3,0,64.0,4.0,1798000.0,Trung bình,0.71
C06718,31,Nữ,TP HCM,3,2,1,146.0,2.0,695300.0,Đã ngủ đông,0.799
C06719,21,Nam,Hà Nội,2,0,0,54.0,7.0,7237500.0,Trung bình,0.307
C06720,20,Nam,Hà Nội,9,1,1,183.0,1.0,852300.0,Đã ngủ đông,0.693
C06721,18,Nam,Hải Phòng,46,2,1,307.0,1.0,1405800.0,Đã ngủ đông,0.547
C06722,54,Nam,TP HCM,22,2,1,24.0,5.0,2449350.0,Đang hoạt động,0.519
C06723,19,Nam,TP HCM,23,3,1,48.0,3.0,2748000.0,Trung bình,0.732
C06724,43,Nữ,Cần Thơ,26,3,1,32.0,4.0,6812567.0,Trung bình,0.64
C06725,32,Nam,Hà Nội,58,0,0,92.0,3.0,1419950.0,Trung bình,0.167
C06726,41,Nam,Hà Nội,8,3,1,91.0,8.0,7274800.0,Trung bình,0.534
C06727,36,Nam,TP HCM,21,3,1,72.0,5.0,4507000.0,Trung bình,0.646
C06728,49,Nữ,Hải Phòng,31,2,1,121.0,2.0,1134400.0,Đã ngủ đông,0.588
C06729,60,Nữ,TP HCM,30,1,0,177.0,2.0,2449000.0,Đã ngủ đông,0.528
C06730,36,Nam,Hải Phòng,47,1,1,999.0,0.0,0.0,Chưa mua,0.503
C06731,63,Nữ,TP HCM,6,1,0,39.0,1.0,153900.0,Trung bình,0.736
C06732,64,Nam,Hà Nội,38,0,0,999.0,0.0,0.0,Chưa mua,0.451
C06733,64,Nữ,TP HCM,54,1,1,8.0,2.0,2668100.0,Đang hoạt động,0.346
C06734,38,Nam,TP HCM,55,1,0,208.0,1.0,3785000.0,Đã ngủ đông,0.407
C06735,37,Nam,Hà Nội,46,2,1,246.0,2.0,879400.0,Đã ngủ đông,0.48
C06736,38,Nữ,Hà Nội,9,1,0,8.0,3.0,1113750.0,Đang hoạt động,0.577
C06737,58,Nam,Cần Thơ,55,2,1,154.0,2.0,2321417.0,Đã ngủ đông,0.421
C06738,29,Nữ,TP HCM,13,0,0,69.0,2.0,319250.0,Trung bình,0.537
C06739,32,Nam,TP HCM,33,1,0,127.0,4.0,3826000.0,Đã ngủ đông,0.393
C06740,60,Nữ,Hà Nội,12,2,1,6.0,2.0,2773000.0,Đang hoạt động,0.714
C06741,69,Nữ,TP HCM,5,3,1,168.0,2.0,2411450.0,Đã ngủ đông,0.854
C06742,58,Nam,Hải Phòng,7,2,0,24.0,5.0,4002150.0,Đang hoạt động,0.591
C06743,60,Nam,TP HCM,59,0,0,173.0,3.0,19929596.0,Đã ngủ đông,0.214
C06744,19,Nữ,Hải Phòng,54,2,0,282.0,2.0,1492200.0,Đã ngủ đông,0.429
C06745,30,Nam,Hà Nội,34,1,1,146.0,5.0,5619450.0,Đã ngủ đông,0.299
C06746,28,Nữ,Hà Nội,43,1,0,149.0,4.0,6311548.0,Đã ngủ đông,0.295
C06747,20,Nữ,Cần Thơ,41,1,1,259.0,2.0,2175550.0,Đã ngủ đông,0.423
C06748,37,Nam,Cần Thơ,7,0,1,223.0,2.0,2045700.0,Đã ngủ đông,0.557
C06749,65,Nam,Hải Phòng,7,1,0,54.0,5.0,7646900.0,Trung bình,0.486
C06750,55,Nam,TP HCM,9,2,1,86.0,9.0,8379000.0,Trung bình,0.398
C06751,52,Nữ,TP HCM,30,1,1,51.0,2.0,877000.0,Trung bình,0.521
C06752,59,Nam,TP HCM,25,0,0,113.0,2.0,1959000.0,Trung bình,0.446
C06753,30,Nam,TP HCM,38,0,0,66.0,5.0,3578100.0,Trung bình,0.216
C06754,53,Nữ,Hà Nội,8,2,0,32.0,5.0,6080800.0,Trung bình,0.59
C06755,49,Nam,TP HCM,40,0,0,42.0,4.0,3451950.0,Trung bình,0.244
C06756,44,Nữ,Hà Nội,4,0,0,112.0,3.0,4633900.0,Trung bình,0.511
C06757,18,Nam,Hà Nội,47,1,1,39.0,2.0,1686700.0,Trung bình,0.36
C06758,69,Nam,Đà Nẵng,13,1,1,225.0,4.0,5362600.0,Đã ngủ đông,0.522
C06759,46,Nam,Cần Thơ,57,0,1,228.0,2.0,3019000.0,Đã ngủ đông,0.219
C06760,32,Nữ,Cần Thơ,8,3,0,55.0,5.0,3269350.0,Trung bình,0.702
C06761,68,Nữ,Đà Nẵng,48,2,1,174.0,1.0,425000.0,Đã ngủ đông,0.54
C06762,40,Nữ,Hà Nội,8,0,1,66.0,2.0,523500.0,Trung bình,0.53
C06763,25,Nữ,Hà Nội,58,0,1,26.0,5.0,7424000.0,Đang hoạt động,0.117
C06764,35,Nữ,Hà Nội,52,0,0,256.0,3.0,956100.0,Đã ngủ đông,0.198
C06765,19,Nam,TP HCM,13,0,1,117.0,3.0,3477400.0,Trung bình,0.487
C06766,54,Nữ,Hà Nội,51,0,0,69.0,2.0,689000.0,Trung bình,0.235
C06767,66,Nam,Hà Nội,27,2,1,15.0,6.0,6833700.0,Đang hoạt động,0.389
C06768,47,Nữ,TP HCM,47,1,1,108.0,1.0,561850.0,Trung bình,0.455
C06769,34,Nữ,TP HCM,23,0,0,126.0,6.0,9361700.0,Đã ngủ đông,0.267
C06770,67,Nữ,Hà Nội,29,1,1,92.0,4.0,2679350.0,Trung bình,0.373
C06771,21,Nam,TP HCM,24,2,1,19.0,3.0,2255000.0,Đang hoạt động,0.624
C06772,32,Nam,Hải Phòng,25,1,1,187.0,1.0,1808000.0,Đã ngủ đông,0.583
C06773,28,Nữ,Hải Phòng,56,3,0,168.0,3.0,1977000.0,Đã ngủ đông,0.464
C06774,61,Nam,TP HCM,45,0,0,13.0,3.0,946000.0,Đang hoạt động,0.254
C06775,66,Nữ,TP HCM,11,0,0,55.0,2.0,1312000.0,Trung bình,0.547
C06776,30,Nữ,TP HCM,45,0,0,148.0,1.0,722000.0,Đã ngủ đông,0.363
C06777,59,Nam,Hà Nội,25,1,0,15.0,6.0,6878700.0,Đang hoạt động,0.3
C06778,68,Nữ,TP HCM,40,3,1,142.0,4.0,4519700.0,Đã ngủ đông,0.565
C06779,65,Nam,TP HCM,1,2,1,9.0,5.0,5117450.0,Đang hoạt động,0.673
C06780,19,Nam,Đà Nẵng,39,3,1,101.0,3.0,4375650.0,Trung bình,0.615
C06781,65,Nam,TP HCM,26,5,1,150.0,1.0,630900.0,Đã ngủ đông,0.906
C06782,50,Nữ,Hải Phòng,46,1,1,29.0,2.0,912400.0,Đang hoạt động,0.361
C06783,21,Nữ,Hải Phòng,44,2,1,278.0,1.0,344000.0,Đã ngủ đông,0.559
C06784,61,Nam,TP HCM,32,2,0,74.0,2.0,2417000.0,Trung bình,0.619
C06785,39,Nữ,Hải Phòng,26,1,1,18.0,4.0,1798600.0,Đang hoạt động,0.395
C06786,43,Nữ,Hà Nội,8,1,0,154.0,2.0,419450.0,Đã ngủ đông,0.643
C06787,46,Nữ,TP HCM,14,1,0,85.0,2.0,1766900.0,Trung bình,0.641
C06788,22,Nam,Hà Nội,33,1,0,64.0,3.0,2886550.0,Trung bình,0.406
C06789,69,Nam,TP HCM,21,0,0,290.0,1.0,470250.0,Đã ngủ đông,0.536
C06790,50,Nam,Cần Thơ,27,0,0,22.0,4.0,2996600.0,Đang hoạt động,0.294
C06791,49,Nữ,Hà Nội,59,2,1,228.0,2.0,2392500.0,Đã ngủ đông,0.387
C06792,60,Nữ,TP HCM,34,2,1,26.0,2.0,1035000.0,Đang hoạt động,0.602
C06793,29,Nam,Hà Nội,12,0,0,145.0,2.0,1421000.0,Đã ngủ đông,0.505
C06794,35,Nữ,Hà Nội,30,3,1,120.0,2.0,4462600.0,Trung bình,0.707
C06795,57,Nữ,TP HCM,11,1,0,5.0,3.0,2875600.0,Đang hoạt động,0.605
C06796,18,Nữ,TP HCM,45,2,1,23.0,5.0,2195200.0,Đang hoạt động,0.357
C06797,29,Nam,Đà Nẵng,24,0,0,137.0,3.0,3432100.0,Đã ngủ đông,0.386
C06798,32,Nam,TP HCM,42,2,0,20.0,7.0,9856623.0,Đang hoạt động,0.286
C06799,58,Nam,Hà Nội,29,1,0,54.0,3.0,1289450.0,Trung bình,0.425
C06800,32,Nam,Đà Nẵng,53,0,1,230.0,4.0,7051700.0,Đã ngủ đông,0.178
C06801,37,Nam,Hà Nội,14,1,1,7.0,3.0,958600.0,Đang hoạt động,0.538
C06802,27,Nam,TP HCM,11,0,1,999.0,0.0,0.0,Chưa mua,0.692
C06803,28,Nam,TP HCM,14,1,1,56.0,2.0,3266500.0,Trung bình,0.645
C06804,46,Nam,TP HCM,7,1,1,40.0,5.0,26093359.0,Trung bình,0.572
C06805,21,Nam,TP HCM,42,1,0,20.0,6.0,8739600.0,Đang hoạt động,0.243
C06806,64,Nam,Hải Phòng,20,0,0,113.0,4.0,5612500.0,Trung bình,0.337
C06807,44,Nam,Hà Nội,3,1,1,48.0,4.0,1705500.0,Trung bình,0.564
C06808,40,Nam,TP HCM,49,0,0,120.0,3.0,2504500.0,Trung bình,0.24
C06809,55,Nữ,Cần Thơ,17,1,0,32.0,3.0,1391700.0,Trung bình,0.527
C06810,25,Nam,TP HCM,13,2,1,184.0,2.0,2822700.0,Đã ngủ đông,0.75
C06811,48,Nữ,Hà Nội,40,0,0,96.0,1.0,2162000.0,Trung bình,0.357
C06812,58,Nữ,Hải Phòng,49,1,0,161.0,5.0,6217050.0,Đã ngủ đông,0.213
C06813,49,Nữ,Đà Nẵng,45,1,0,199.0,1.0,1962700.0,Đã ngủ đông,0.456
C06814,62,Nam,TP HCM,35,2,1,22.0,5.0,2167500.0,Đang hoạt động,0.42
C06815,54,Nữ,Cần Thơ,41,1,1,54.0,3.0,1815250.0,Trung bình,0.353
C06816,42,Nữ,TP HCM,19,3,0,46.0,5.0,4301300.0,Trung bình,0.659
C06817,53,Nam,Đà Nẵng,46,0,0,20.0,5.0,5771200.0,Đang hoạt động,0.167
C06818,60,Nữ,TP HCM,52,1,0,21.0,7.0,11362627.0,Đang hoạt động,0.158
C06819,31,Nam,TP HCM,59,1,1,133.0,3.0,2267900.0,Đã ngủ đông,0.271
C06820,45,Nam,TP HCM,25,0,1,2.0,5.0,2095650.0,Đang hoạt động,0.283
C06821,42,Nữ,TP HCM,47,1,0,23.0,4.0,3759350.0,Đang hoạt động,0.295
C06822,58,Nữ,Cần Thơ,40,2,0,261.0,1.0,1949400.0,Đã ngủ đông,0.595
C06823,41,Nữ,TP HCM,39,3,1,34.0,6.0,6704400.0,Trung bình,0.461
C06824,23,Nữ,Hà Nội,9,3,0,2.0,12.0,9359350.0,Khách VIP,0.307
C06825,49,Nam,Đà Nẵng,12,1,1,62.0,4.0,2155900.0,Trung bình,0.52
C06826,44,Nam,TP HCM,39,3,0,54.0,5.0,7153000.0,Trung bình,0.519
C06827,58,Nữ,TP HCM,30,0,0,13.0,5.0,3687950.0,Đang hoạt động,0.256
C06828,34,Nam,TP HCM,30,0,1,5.0,3.0,1377000.0,Đang hoạt động,0.353
C06829,67,Nữ,TP HCM,60,1,0,77.0,4.0,4322000.0,Trung bình,0.22
C06830,27,Nam,Hà Nội,47,0,0,53.0,3.0,1259450.0,Trung bình,0.218
C06831,47,Nữ,Hải Phòng,5,1,0,156.0,1.0,783700.0,Đã ngủ đông,0.714
C06832,49,Nam,Hà Nội,51,1,0,105.0,4.0,3658200.0,Trung bình,0.238
C06833,46,Nam,TP HCM,7,0,1,21.0,5.0,3086900.0,Đang hoạt động,0.406
C06834,25,Nữ,Đà Nẵng,41,2,0,95.0,1.0,326400.0,Trung bình,0.595
C06835,28,Nữ,TP HCM,54,1,1,61.0,2.0,1475400.0,Trung bình,0.351
C06836,45,Nam,TP HCM,39,1,1,48.0,7.0,9038150.0,Trung bình,0.215
C06837,48,Nam,Đà Nẵng,14,3,1,25.0,3.0,4816000.0,Đang hoạt động,0.767
C06838,62,Nữ,Hải Phòng,36,2,0,127.0,5.0,4982400.0,Đã ngủ đông,0.383
C06839,46,Nam,TP HCM,16,1,1,92.0,6.0,8491350.0,Trung bình,0.409
C06840,64,Nam,TP HCM,31,2,1,104.0,3.0,6513000.0,Trung bình,0.579
C06841,37,Nam,Hà Nội,52,2,1,9.0,3.0,11318711.0,Đang hoạt động,0.393
C06842,35,Nam,TP HCM,13,0,0,6.0,3.0,841000.0,Đang hoạt động,0.475
C06843,27,Nữ,TP HCM,35,0,1,241.0,1.0,4176000.0,Đã ngủ đông,0.447
C06844,66,Nam,Cần Thơ,56,0,0,149.0,4.0,5942000.0,Đã ngủ đông,0.153
C06845,51,Nữ,Hà Nội,6,0,1,167.0,2.0,1822000.0,Đã ngủ đông,0.55
C06846,54,Nam,TP HCM,51,0,1,39.0,4.0,5740800.0,Trung bình,0.191
C06847,40,Nam,TP HCM,23,1,1,301.0,1.0,524400.0,Đã ngủ đông,0.638
C06848,22,Nam,Đà Nẵng,27,1,1,41.0,4.0,2309850.0,Trung bình,0.413
C06849,34,Nam,Hà Nội,54,1,0,43.0,7.0,8045600.0,Trung bình,0.128
C06850,32,Nữ,TP HCM,45,1,1,123.0,4.0,1853700.0,Đã ngủ đông,0.309
C06851,45,Nữ,Hà Nội,27,0,0,60.0,3.0,600300.0,Trung bình,0.334
C06852,52,Nữ,TP HCM,44,0,0,27.0,3.0,3932900.0,Đang hoạt động,0.268
C06853,24,Nữ,TP HCM,10,1,1,59.0,4.0,2012850.0,Trung bình,0.56
C06854,18,Nữ,Hà Nội,36,1,1,13.0,5.0,2794500.0,Đang hoạt động,0.28
C06855,67,Nam,TP HCM,1,3,1,222.0,1.0,626400.0,Đã ngủ đông,0.892
C06856,67,Nam,Hải Phòng,4,1,0,151.0,2.0,424150.0,Đã ngủ đông,0.665
C06857,53,Nữ,Cần Thơ,39,0,0,40.0,8.0,16281283.0,Trung bình,0.114
C06858,59,Nam,Hà Nội,46,1,0,10.0,3.0,1763900.0,Đang hoạt động,0.307
C06859,67,Nam,Đà Nẵng,3,0,1,101.0,1.0,1071000.0,Trung bình,0.642
C06860,30,Nam,TP HCM,24,1,1,2.0,4.0,5833450.0,Đang hoạt động,0.46
C06861,48,Nữ,TP HCM,31,4,1,29.0,4.0,5051950.0,Đang hoạt động,0.729
C06862,49,Nữ,Cần Thơ,3,2,1,43.0,4.0,2620700.0,Trung bình,0.683
C06863,21,Nam,Đà Nẵng,1,2,1,78.0,5.0,10139900.0,Trung bình,0.674
C06864,35,Nam,Cần Thơ,23,1,0,106.0,1.0,991000.0,Trung bình,0.602
C06865,48,Nữ,Hà Nội,15,1,0,90.0,1.0,1442100.0,Trung bình,0.648
C06866,58,Nam,Đà Nẵng,24,0,0,106.0,2.0,2171500.0,Trung bình,0.434
C06867,49,Nữ,TP HCM,20,2,1,120.0,1.0,309600.0,Trung bình,0.747
C06868,41,Nữ,Hà Nội,60,4,0,94.0,10.0,4559800.0,Trung bình,0.189
C06869,58,Nữ,Hà Nội,18,3,1,199.0,1.0,266000.0,Đã ngủ đông,0.808
C06870,44,Nam,Cần Thơ,34,1,1,139.0,2.0,1825300.0,Đã ngủ đông,0.464
C06871,50,Nữ,TP HCM,23,0,0,3.0,4.0,3722800.0,Đang hoạt động,0.35
C06872,22,Nữ,Cần Thơ,5,1,1,82.0,2.0,685000.0,Trung bình,0.674
C06873,63,Nam,TP HCM,8,0,1,59.0,6.0,6468938.0,Trung bình,0.35
C06874,25,Nữ,TP HCM,20,1,0,136.0,4.0,5867000.0,Đã ngủ đông,0.497
C06875,69,Nam,Hải Phòng,28,3,0,4.0,5.0,2922550.0,Đang hoạt động,0.544
C06876,44,Nữ,Hà Nội,42,1,0,177.0,1.0,919700.0,Đã ngủ đông,0.453
C06877,34,Nam,TP HCM,57,1,0,89.0,4.0,4649100.0,Trung bình,0.24
C06878,66,Nam,TP HCM,51,1,1,34.0,3.0,972250.0,Trung bình,0.31
C06879,22,Nữ,TP HCM,25,0,1,124.0,3.0,3534700.0,Đã ngủ đông,0.4
C06880,27,Nam,TP HCM,9,0,0,137.0,3.0,3440400.0,Đã ngủ đông,0.517
C06881,60,Nữ,Hà Nội,48,0,0,7.0,2.0,346000.0,Đang hoạt động,0.249
C06882,58,Nam,Hải Phòng,5,0,1,57.0,5.0,6104000.0,Trung bình,0.386
C06883,65,Nữ,Đà Nẵng,46,3,0,311.0,1.0,243000.0,Đã ngủ đông,0.668
C06884,66,Nữ,TP HCM,49,0,0,102.0,2.0,2657000.0,Trung bình,0.283
C06885,34,Nữ,Hà Nội,47,0,0,104.0,3.0,2152300.0,Trung bình,0.221
C06886,70,Nữ,Cần Thơ,30,2,0,52.0,5.0,6598100.0,Trung bình,0.436
C06887,21,Nữ,Hà Nội,33,0,1,56.0,2.0,2011200.0,Trung bình,0.353
C06888,55,Nữ,Hà Nội,13,2,0,26.0,6.0,6873550.0,Đang hoạt động,0.496
C06889,59,Nam,TP HCM,36,2,0,115.0,4.0,1305450.0,Trung bình,0.473
C06890,25,Nữ,Hải Phòng,33,1,0,65.0,2.0,2680150.0,Trung bình,0.465
C06891,25,Nữ,Cần Thơ,33,1,1,220.0,1.0,374300.0,Đã ngủ đông,0.535
C06892,62,Nữ,TP HCM,11,2,0,180.0,3.0,4336000.0,Đã ngủ đông,0.715
C06893,53,Nam,Cần Thơ,8,1,0,92.0,2.0,1586500.0,Trung bình,0.65
C06894,43,Nam,Hà Nội,22,1,0,56.0,4.0,3859700.0,Trung bình,0.427
C06895,34,Nữ,Đà Nẵng,49,0,0,15.0,6.0,2883800.0,Đang hoạt động,0.125
C06896,54,Nữ,Hải Phòng,7,0,1,62.0,2.0,4722000.0,Trung bình,0.545
C06897,28,Nam,TP HCM,56,4,1,122.0,1.0,1836000.0,Đã ngủ đông,0.72
C06898,50,Nam,Đà Nẵng,33,4,0,37.0,7.0,4725250.0,Trung bình,0.534
C06899,58,Nam,TP HCM,39,0,0,1.0,2.0,2076300.0,Đang hoạt động,0.343
C06900,45,Nữ,Hà Nội,46,0,0,54.0,3.0,2815300.0,Trung bình,0.224
C06901,39,Nữ,Hà Nội,12,2,0,97.0,2.0,1975050.0,Trung bình,0.718
C06902,55,Nam,TP HCM,27,1,1,49.0,3.0,1635500.0,Trung bình,0.484
C06903,31,Nữ,Hải Phòng,44,2,0,34.0,5.0,7902350.0,Trung bình,0.336
C06904,22,Nữ,Hà Nội,37,2,0,80.0,5.0,4869700.0,Trung bình,0.38
C06905,33,Nam,TP HCM,46,0,1,181.0,3.0,3011700.0,Đã ngủ đông,0.26
C06906,47,Nữ,Hải Phòng,46,2,0,35.0,6.0,4138250.0,Trung bình,0.264
C06907,29,Nữ,Cần Thơ,47,1,1,78.0,3.0,1360250.0,Trung bình,0.317
C06908,62,Nữ,Hà Nội,2,4,1,97.0,4.0,2290350.0,Trung bình,0.841
C06909,68,Nữ,Hà Nội,25,2,1,97.0,4.0,2552200.0,Trung bình,0.514
C06910,63,Nữ,TP HCM,45,2,1,58.0,3.0,2512000.0,Trung bình,0.466
C06911,52,Nữ,Hải Phòng,43,1,0,251.0,2.0,5499700.0,Đã ngủ đông,0.4
C06912,32,Nữ,Đà Nẵng,37,1,0,29.0,4.0,2483700.0,Đang hoạt động,0.342
C06913,47,Nữ,Hà Nội,55,0,1,94.0,2.0,1493650.0,Trung bình,0.217
C06914,34,Nam,Hà Nội,4,0,0,6.0,8.0,11293950.0,Đang hoạt động,0.252
C06915,18,Nam,Hải Phòng,21,2,1,122.0,2.0,1413000.0,Đã ngủ đông,0.662
C06916,66,Nam,Hà Nội,5,1,0,27.0,4.0,6666350.0,Đang hoạt động,0.555
C06917,35,Nữ,TP HCM,48,1,0,44.0,2.0,2860450.0,Trung bình,0.394
C06918,47,Nam,Hải Phòng,40,1,1,292.0,1.0,1086000.0,Đã ngủ đông,0.471
C06919,58,Nữ,TP HCM,33,3,0,17.0,2.0,550950.0,Đang hoạt động,0.71
C06920,70,Nam,Hà Nội,44,0,0,54.0,5.0,2681400.0,Trung bình,0.158
C06921,64,Nữ,Hải Phòng,6,1,0,32.0,6.0,4396250.0,Trung bình,0.428
C06922,62,Nữ,Hà Nội,19,1,1,13.0,6.0,10098400.0,Đang hoạt động,0.347
C06923,40,Nữ,TP HCM,49,2,0,157.0,6.0,6574200.0,Đã ngủ đông,0.289
C06924,41,Nữ,Hà Nội,16,3,0,189.0,4.0,2256500.0,Đã ngủ đông,0.693
C06925,61,Nữ,Hà Nội,58,2,0,133.0,2.0,1779000.0,Đã ngủ đông,0.387
C06926,25,Nữ,TP HCM,4,1,1,227.0,2.0,1472600.0,Đã ngủ đông,0.714
C06927,38,Nam,TP HCM,1,1,1,24.0,3.0,1449000.0,Đang hoạt động,0.673
C06928,69,Nam,Hải Phòng,34,1,0,72.0,1.0,944000.0,Trung bình,0.504
C06929,42,Nữ,Hà Nội,47,3,0,47.0,3.0,3972400.0,Trung bình,0.529
C06930,26,Nữ,Cần Thơ,1,0,0,207.0,2.0,1816000.0,Đã ngủ đông,0.602
C06931,61,Nam,Hà Nội,27,0,0,78.0,5.0,3890900.0,Trung bình,0.241
C06932,25,Nữ,Đà Nẵng,7,1,1,59.0,3.0,3565000.0,Trung bình,0.623
C06933,33,Nữ,Hà Nội,27,1,0,97.0,1.0,185250.0,Trung bình,0.562
C06934,66,Nữ,TP HCM,2,0,0,55.0,4.0,2768500.0,Trung bình,0.5
C06935,69,Nữ,Cần Thơ,36,0,1,126.0,1.0,160650.0,Đã ngủ đông,0.388
C06936,47,Nam,Đà Nẵng,5,2,1,135.0,2.0,4728000.0,Đã ngủ đông,0.778
C06937,24,Nữ,Đà Nẵng,12,2,0,57.0,1.0,915000.0,Trung bình,0.778
C06938,25,Nam,TP HCM,27,1,1,35.0,3.0,3143200.0,Trung bình,0.492
C06939,63,Nam,TP HCM,28,2,1,234.0,2.0,4876000.0,Đã ngủ đông,0.657
C06940,61,Nữ,TP HCM,43,0,0,74.0,4.0,5671350.0,Trung bình,0.232
C06941,46,Nữ,Hải Phòng,7,2,1,17.0,1.0,380000.0,Đang hoạt động,0.784
C06942,50,Nữ,Hà Nội,33,1,1,45.0,2.0,2498000.0,Trung bình,0.459
C06943,19,Nữ,Hải Phòng,3,0,0,14.0,5.0,3584750.0,Đang hoạt động,0.401
C06944,58,Nữ,Hà Nội,12,0,1,260.0,2.0,1272000.0,Đã ngủ đông,0.506
C06945,25,Nữ,Đà Nẵng,30,0,0,143.0,4.0,4064350.0,Đã ngủ đông,0.296
C06946,61,Nam,TP HCM,50,2,0,56.0,1.0,171900.0,Trung bình,0.54
C06947,27,Nữ,TP HCM,4,2,1,10.0,5.0,5472350.0,Đang hoạt động,0.661
C06948,23,Nam,Hà Nội,10,2,1,115.0,3.0,1079000.0,Trung bình,0.681
C06949,28,Nam,Hà Nội,38,3,1,56.0,4.0,7242850.0,Trung bình,0.546
C06950,31,Nữ,Đà Nẵng,14,1,1,26.0,5.0,5769600.0,Đang hoạt động,0.458
C06951,26,Nữ,Cần Thơ,41,1,1,107.0,2.0,2528000.0,Trung bình,0.417
C06952,18,Nam,Hà Nội,58,2,0,2.0,2.0,930800.0,Đang hoạt động,0.387
C06953,64,Nữ,TP HCM,12,2,1,999.0,0.0,0.0,Chưa mua,0.842
C06954,57,Nữ,Đà Nẵng,47,3,1,175.0,3.0,3872850.0,Đã ngủ đông,0.553
C06955,37,Nữ,Hải Phòng,40,2,1,288.0,1.0,686000.0,Đã ngủ đông,0.587
C06956,42,Nam,Hà Nội,30,1,0,263.0,3.0,1436350.0,Đã ngủ đông,0.429
C06957,52,Nữ,Đà Nẵng,37,1,1,235.0,2.0,1476000.0,Đã ngủ đông,0.456
C06958,20,Nam,Hà Nội,8,2,0,47.0,5.0,6429400.0,Trung bình,0.595
C06959,29,Nữ,Hải Phòng,59,1,0,214.0,1.0,1164700.0,Đã ngủ đông,0.336
C06960,66,Nam,TP HCM,53,2,1,138.0,2.0,3236400.0,Đã ngủ đông,0.467
C06961,36,Nam,TP HCM,31,0,0,40.0,2.0,2614400.0,Trung bình,0.405
C06962,34,Nam,Đà Nẵng,14,1,1,12.0,2.0,289800.0,Đang hoạt động,0.617
C06963,19,Nữ,Cần Thơ,10,2,1,5.0,4.0,3631200.0,Đang hoạt động,0.641
C06964,61,Nam,TP HCM,15,0,1,41.0,2.0,2187000.0,Trung bình,0.518
C06965,30,Nam,TP HCM,11,0,1,47.0,6.0,3875850.0,Trung bình,0.329
C06966,41,Nữ,Hà Nội,59,1,0,999.0,0.0,0.0,Chưa mua,0.414
C06967,19,Nam,TP HCM,55,2,1,238.0,3.0,3787150.0,Đã ngủ đông,0.407
C06968,50,Nữ,Hà Nội,47,0,0,178.0,1.0,3320000.0,Đã ngủ đông,0.314
C06969,25,Nam,TP HCM,13,3,1,116.0,1.0,999000.0,Trung bình,0.854
C06970,61,Nam,Đà Nẵng,9,4,1,273.0,1.0,277400.0,Đã ngủ đông,0.905
C06971,53,Nam,Đà Nẵng,21,2,0,170.0,2.0,1425000.0,Đã ngủ đông,0.678
C06972,51,Nữ,Hà Nội,59,1,0,69.0,3.0,825000.0,Trung bình,0.233
C06973,69,Nam,TP HCM,55,2,1,42.0,2.0,1776500.0,Trung bình,0.445
C06974,60,Nữ,TP HCM,14,0,0,81.0,4.0,1889700.0,Trung bình,0.411
C06975,22,Nam,Đà Nẵng,28,0,0,108.0,2.0,3331000.0,Trung bình,0.413
C06976,56,Nam,Hà Nội,16,2,1,250.0,2.0,344450.0,Đã ngủ đông,0.691
C06977,28,Nam,Hà Nội,16,3,1,8.0,5.0,1717750.0,Đang hoạt động,0.634
C06978,34,Nam,Đà Nẵng,14,1,0,73.0,6.0,7419300.0,Trung bình,0.403
C06979,66,Nam,Hà Nội,53,1,0,40.0,2.0,332000.0,Trung bình,0.31
C06980,30,Nữ,Hà Nội,32,1,0,8.0,4.0,1409500.0,Đang hoạt động,0.352
C06981,36,Nữ,TP HCM,36,3,0,2.0,3.0,2365050.0,Đang hoạt động,0.646
C06982,40,Nữ,Hải Phòng,46,3,0,65.0,1.0,619650.0,Trung bình,0.644
C06983,67,Nam,Hà Nội,39,2,1,211.0,3.0,3099000.0,Đã ngủ đông,0.473
C06984,21,Nữ,TP HCM,58,2,0,128.0,4.0,4542000.0,Đã ngủ đông,0.331
C06985,50,Nữ,Hà Nội,30,0,0,49.0,4.0,2258000.0,Trung bình,0.268
C06986,21,Nam,TP HCM,1,1,1,47.0,4.0,1538600.0,Trung bình,0.623
C06987,54,Nữ,TP HCM,36,1,1,9.0,3.0,4479900.0,Đang hoạt động,0.424
C06988,56,Nữ,Hà Nội,7,2,1,186.0,3.0,742950.0,Đã ngủ đông,0.698
C06989,65,Nữ,TP HCM,45,1,0,22.0,5.0,6639900.0,Đang hoạt động,0.262
C06990,67,Nữ,TP HCM,31,0,0,256.0,2.0,4772000.0,Đã ngủ đông,0.413
C06991,54,Nữ,TP HCM,33,1,0,68.0,1.0,640050.0,Trung bình,0.557
C06992,24,Nữ,TP HCM,60,2,0,16.0,6.0,6195100.0,Đang hoạt động,0.224
C06993,19,Nữ,Đà Nẵng,37,2,1,14.0,2.0,5993550.0,Đang hoạt động,0.578
C06994,46,Nam,Hà Nội,28,0,1,2.0,3.0,458000.0,Đang hoạt động,0.324
C06995,31,Nữ,Đà Nẵng,16,0,0,157.0,1.0,323000.0,Đã ngủ đông,0.556
C06996,63,Nam,TP HCM,17,2,0,61.0,3.0,2525100.0,Trung bình,0.668
C06997,54,Nữ,Hà Nội,16,2,1,217.0,5.0,8739900.0,Đã ngủ đông,0.544
C06998,48,Nữ,TP HCM,55,2,1,999.0,0.0,0.0,Chưa mua,0.598
C06999,38,Nam,Hà Nội,2,0,1,999.0,0.0,0.0,Chưa mua,0.711
C07000,58,Nam,TP HCM,28,2,0,16.0,4.0,3486550.0,Đang hoạt động,0.534
C07001,57,Nữ,Hà Nội,12,0,1,175.0,2.0,1241400.0,Đã ngủ đông,0.503
C07002,38,Nữ,TP HCM,37,0,0,55.0,2.0,357450.0,Trung bình,0.359
C07003,37,Nam,Hải Phòng,6,0,0,74.0,5.0,3224900.0,Trung bình,0.377
C07004,34,Nam,Đà Nẵng,50,0,0,183.0,3.0,2013600.0,Đã ngủ đông,0.222
C07005,32,Nữ,Hà Nội,41,3,1,6.0,4.0,3566450.0,Đang hoạt động,0.514
C07006,21,Nữ,TP HCM,41,3,0,81.0,5.0,3665900.0,Trung bình,0.503
C07007,35,Nữ,Hà Nội,13,3,1,269.0,1.0,1353750.0,Đã ngủ đông,0.835
C07008,26,Nữ,Hà Nội,59,0,0,139.0,2.0,956400.0,Đã ngủ đông,0.2
C07009,20,Nam,Hà Nội,24,1,0,186.0,3.0,1076000.0,Đã ngủ đông,0.473
C07010,66,Nam,Hải Phòng,39,0,0,34.0,3.0,2477550.0,Trung bình,0.258
C07011,60,Nữ,TP HCM,48,2,1,114.0,3.0,5613150.0,Trung bình,0.453
C07012,37,Nữ,Đà Nẵng,4,2,0,3.0,3.0,1668250.0,Đang hoạt động,0.734
C07013,70,Nữ,Hà Nội,17,0,1,78.0,1.0,291600.0,Trung bình,0.516
C07014,23,Nữ,Hà Nội,58,4,0,44.0,5.0,1862750.0,Trung bình,0.441
C07015,64,Nữ,Hà Nội,3,2,0,107.0,1.0,203000.0,Trung bình,0.804
C07016,43,Nữ,Hà Nội,11,2,1,18.0,2.0,4675099.0,Đang hoạt động,0.726
C07017,57,Nữ,TP HCM,41,1,1,39.0,5.0,15479467.0,Trung bình,0.304
C07018,55,Nam,Hà Nội,24,0,1,999.0,0.0,0.0,Chưa mua,0.557
C07019,70,Nữ,Cần Thơ,55,3,1,120.0,4.0,5586750.0,Trung bình,0.423
C07020,53,Nữ,Hà Nội,31,1,0,113.0,5.0,5777000.0,Trung bình,0.315
C07021,30,Nam,Đà Nẵng,17,4,1,284.0,3.0,13448182.0,Đã ngủ đông,0.844
C07022,70,Nữ,Cần Thơ,2,1,1,13.0,2.0,3024700.0,Đang hoạt động,0.689
C07023,56,Nam,Đà Nẵng,51,0,0,303.0,1.0,988000.0,Đã ngủ đông,0.306
C07024,32,Nữ,Cần Thơ,48,0,0,25.0,3.0,2353000.0,Đang hoạt động,0.222
C07025,54,Nữ,Đà Nẵng,48,0,0,44.0,6.0,1437100.0,Trung bình,0.126
C07026,40,Nữ,TP HCM,5,1,1,134.0,3.0,2762800.0,Đã ngủ đông,0.654
C07027,34,Nam,TP HCM,23,0,1,10.0,1.0,1071000.0,Đang hoạt động,0.518
C07028,54,Nam,TP HCM,21,2,0,80.0,5.0,3924600.0,Trung bình,0.532
C07029,47,Nam,Hà Nội,7,4,1,51.0,2.0,3195000.0,Trung bình,0.88
C07030,22,Nam,Hà Nội,45,1,0,281.0,1.0,152950.0,Đã ngủ đông,0.435
C07031,18,Nam,Hà Nội,13,1,0,210.0,3.0,3382000.0,Đã ngủ đông,0.562
C07032,46,Nữ,Hà Nội,2,0,1,103.0,2.0,1028400.0,Trung bình,0.576
C07033,36,Nữ,Hà Nội,53,2,0,66.0,5.0,3904200.0,Trung bình,0.271
C07034,39,Nam,Cần Thơ,28,0,0,135.0,4.0,3347450.0,Đã ngủ đông,0.294
C07035,69,Nam,TP HCM,20,1,1,26.0,2.0,1967000.0,Đang hoạt động,0.592
C07036,59,Nữ,Hà Nội,45,0,0,179.0,2.0,759800.0,Đã ngủ đông,0.272
C07037,47,Nam,Hà Nội,28,0,0,115.0,4.0,5109100.0,Trung bình,0.286
C07038,67,Nữ,TP HCM,29,1,0,30.0,6.0,5849950.0,Đang hoạt động,0.31
C07039,18,Nam,TP HCM,11,0,0,2.0,2.0,1048800.0,Đang hoạt động,0.552
C07040,61,Nam,TP HCM,12,4,1,98.0,5.0,5247200.0,Trung bình,0.79
C07041,28,Nam,TP HCM,51,1,0,77.0,2.0,4985550.0,Trung bình,0.379
C07042,66,Nam,Đà Nẵng,53,1,0,14.0,4.0,2479200.0,Đang hoạt động,0.238
C07043,69,Nam,TP HCM,26,0,0,132.0,2.0,6970600.0,Đã ngủ đông,0.449
C07044,25,Nam,Hà Nội,55,0,0,13.0,3.0,3951100.0,Đang hoạt động,0.183
C07045,32,Nữ,Đà Nẵng,41,0,0,68.0,6.0,3929250.0,Trung bình,0.156
C07046,19,Nam,Đà Nẵng,24,0,0,111.0,2.0,673000.0,Trung bình,0.438
C07047,49,Nam,Cần Thơ,42,1,1,173.0,4.0,5586900.0,Đã ngủ đông,0.306
C07048,21,Nữ,Đà Nẵng,19,0,1,10.0,5.0,3094000.0,Đang hoạt động,0.31
C07049,39,Nam,Đà Nẵng,44,0,1,126.0,1.0,289000.0,Đã ngủ đông,0.347
C07050,48,Nữ,Đà Nẵng,7,2,1,143.0,4.0,4018900.0,Đã ngủ đông,0.673
C07051,70,Nữ,TP HCM,23,0,1,999.0,0.0,0.0,Chưa mua,0.605
C07052,37,Nữ,Hà Nội,38,0,0,39.0,1.0,161000.0,Trung bình,0.366
C07053,47,Nữ,Đà Nẵng,51,2,0,69.0,2.0,1057000.0,Trung bình,0.46
C07054,34,Nữ,Hải Phòng,45,1,1,19.0,3.0,1357000.0,Đang hoạt động,0.318
C07055,39,Nữ,Đà Nẵng,45,1,1,63.0,5.0,19394489.56669987,Trung bình,0.273
C07056,29,Nữ,TP HCM,42,2,0,51.0,3.0,1696450.0,Trung bình,0.492
C07057,61,Nam,TP HCM,2,2,1,25.0,2.0,937000.0,Đang hoạt động,0.797
C07058,42,Nam,Hải Phòng,49,1,0,43.0,5.0,7766950.0,Trung bình,0.214
C07059,63,Nữ,Hải Phòng,27,2,1,68.0,2.0,478950.0,Trung bình,0.611
C07060,58,Nữ,Cần Thơ,33,3,1,179.0,1.0,3084000.0,Đã ngủ đông,0.741
C07061,31,Nam,Hà Nội,18,4,1,53.0,5.0,5101250.0,Trung bình,0.728
C07062,26,Nam,TP HCM,18,4,0,68.0,3.0,2535300.0,Trung bình,0.833
C07063,40,Nữ,Hà Nội,17,1,0,51.0,3.0,12707034.17598361,Trung bình,0.545
C07064,57,Nam,Đà Nẵng,8,1,0,999.0,0.0,0.0,Chưa mua,0.779
C07065,48,Nam,Hà Nội,44,2,0,102.0,4.0,5329000.0,Trung bình,0.383
C07066,59,Nam,Cần Thơ,5,1,0,249.0,2.0,985000.0,Đã ngủ đông,0.673
C07067,39,Nam,TP HCM,57,3,1,247.0,2.0,1220550.0,Đã ngủ đông,0.556
C07068,47,Nữ,Đà Nẵng,40,2,1,4.0,5.0,6047950.0,Đang hoạt động,0.376
C07069,68,Nam,Đà Nẵng,9,2,1,189.0,1.0,3026700.0,Đã ngủ đông,0.794
C07070,46,Nữ,TP HCM,55,4,1,11.0,2.0,1120000.0,Đang hoạt động,0.67
C07071,40,Nữ,Hà Nội,44,0,1,198.0,1.0,790000.0,Đã ngủ đông,0.331
C07072,22,Nữ,Hà Nội,27,0,0,10.0,8.0,11285050.0,Đang hoạt động,0.146
C07073,50,Nam,Hà Nội,45,1,0,134.0,1.0,1064950.0,Đã ngủ đông,0.427
C07074,20,Nam,Hà Nội,54,3,0,5.0,8.0,5953400.0,Đang hoạt động,0.222
C07075,49,Nữ,Hà Nội,18,1,0,143.0,1.0,179550.0,Đã ngủ đông,0.626
C07076,30,Nữ,Đà Nẵng,58,0,0,56.0,5.0,2932600.0,Trung bình,0.122
C07077,63,Nữ,TP HCM,56,0,0,222.0,2.0,1330000.0,Đã ngủ đông,0.244
C07078,57,Nữ,Cần Thơ,26,2,1,206.0,2.0,2104000.0,Đã ngủ đông,0.637
C07079,46,Nữ,Cần Thơ,16,1,1,175.0,5.0,3563550.0,Đã ngủ đông,0.429
C07080,41,Nam,TP HCM,8,2,1,4.0,4.0,2258000.0,Đang hoạt động,0.676
C07081,23,Nam,TP HCM,8,2,0,179.0,2.0,2373600.0,Đã ngủ đông,0.777
C07082,48,Nam,Hà Nội,49,0,0,247.0,1.0,166000.0,Đã ngủ đông,0.297
C07083,48,Nữ,Hà Nội,34,0,0,93.0,3.0,6525000.0,Trung bình,0.301
C07084,58,Nữ,Hà Nội,25,2,1,75.0,3.0,2876550.0,Trung bình,0.574
C07085,64,Nam,Cần Thơ,31,2,1,28.0,3.0,9105000.0,Đang hoạt động,0.551
C07086,18,Nam,Đà Nẵng,2,0,1,266.0,2.0,334300.0,Đã ngủ đông,0.606
C07087,64,Nữ,Đà Nẵng,28,0,1,32.0,3.0,1988600.0,Trung bình,0.347
C07088,32,Nữ,TP HCM,42,2,0,107.0,4.0,4199800.0,Trung bình,0.44
C07089,34,Nữ,Cần Thơ,44,2,1,201.0,2.0,476000.0,Đã ngủ đông,0.506
C07090,52,Nữ,Cần Thơ,56,1,0,250.0,1.0,716550.0,Đã ngủ đông,0.363
C07091,42,Nam,Hải Phòng,26,3,1,11.0,3.0,977100.0,Đang hoạt động,0.67
C07092,51,Nữ,Hải Phòng,28,0,0,298.0,1.0,196000.0,Đã ngủ đông,0.446
C07093,69,Nữ,Hải Phòng,29,3,0,27.0,6.0,3861400.0,Đang hoạt động,0.482
C07094,61,Nam,TP HCM,56,2,0,255.0,2.0,3705600.0,Đã ngủ đông,0.451
C07095,32,Nữ,Cần Thơ,40,1,0,66.0,3.0,3947000.0,Trung bình,0.369
C07096,41,Nữ,TP HCM,42,0,1,33.0,4.0,5603500.0,Trung bình,0.239
C07097,25,Nữ,Hà Nội,59,0,0,256.0,2.0,664750.0,Đã ngủ đông,0.202
C07098,46,Nữ,TP HCM,19,0,1,57.0,4.0,3558550.0,Trung bình,0.38
C07099,54,Nữ,TP HCM,46,0,0,24.0,3.0,1116400.0,Đang hoạt động,0.251
C07100,23,Nam,Hà Nội,6,0,0,24.0,3.0,18661807.0,Đang hoạt động,0.527
C07101,55,Nữ,Cần Thơ,39,0,0,55.0,8.0,12757709.0,Trung bình,0.111
C07102,40,Nữ,Cần Thơ,52,0,1,181.0,1.0,909000.0,Đã ngủ đông,0.289
C07103,61,Nam,Hà Nội,21,0,1,156.0,2.0,1038000.0,Đã ngủ đông,0.432
C07104,26,Nữ,Hà Nội,26,2,1,5.0,6.0,4334200.0,Đang hoạt động,0.398
C07105,24,Nam,TP HCM,45,0,1,134.0,2.0,1005800.0,Đã ngủ đông,0.31
C07106,27,Nữ,Đà Nẵng,51,1,1,100.0,3.0,6081100.0,Trung bình,0.312
C07107,19,Nam,Hà Nội,34,1,1,16.0,4.0,3485550.0,Đang hoạt động,0.344
C07108,44,Nam,Hà Nội,5,0,0,50.0,2.0,1798000.0,Trung bình,0.553
C07109,43,Nữ,Hải Phòng,60,1,1,80.0,1.0,1335000.0,Trung bình,0.324
C07110,37,Nữ,Cần Thơ,22,0,0,40.0,6.0,12476900.0,Trung bình,0.251
C07111,26,Nữ,Hải Phòng,8,2,0,83.0,3.0,1239350.0,Trung bình,0.694
C07112,42,Nam,Hà Nội,58,1,1,49.0,3.0,1964250.0,Trung bình,0.24
C07113,23,Nam,TP HCM,38,1,0,50.0,2.0,1888000.0,Trung bình,0.467
C07114,40,Nam,Hải Phòng,55,1,0,284.0,1.0,350000.0,Đã ngủ đông,0.361
C07115,30,Nữ,TP HCM,40,0,0,47.0,3.0,4374000.0,Trung bình,0.296
C07116,59,Nam,Hà Nội,45,0,0,20.0,2.0,1249900.0,Đang hoạt động,0.267
C07117,33,Nam,Cần Thơ,54,3,0,215.0,1.0,2197800.0,Đã ngủ đông,0.606
C07118,51,Nữ,Đà Nẵng,17,0,0,61.0,5.0,4486900.0,Trung bình,0.323
C07119,26,Nam,TP HCM,29,2,0,46.0,4.0,5161750.0,Trung bình,0.537
C07120,19,Nam,TP HCM,15,2,0,23.0,4.0,3421500.0,Đang hoạt động,0.635
C07121,55,Nam,Hà Nội,4,1,1,252.0,3.0,4206200.0,Đã ngủ đông,0.624
C07122,40,Nữ,Hà Nội,50,1,0,33.0,2.0,1973000.0,Trung bình,0.338
C07123,61,Nam,Cần Thơ,8,3,1,248.0,1.0,1301400.0,Đã ngủ đông,0.857
C07124,41,Nam,Hải Phòng,5,1,1,110.0,3.0,2365750.0,Trung bình,0.611
C07125,29,Nam,Hải Phòng,60,0,0,12.0,4.0,4270400.0,Đang hoạt động,0.132
C07126,25,Nam,Hải Phòng,27,0,0,104.0,8.0,10024350.0,Trung bình,0.146
C07127,25,Nữ,Hải Phòng,30,4,1,25.0,3.0,2703400.0,Đang hoạt động,0.747
C07128,67,Nam,TP HCM,11,2,1,171.0,2.0,1464550.0,Đã ngủ đông,0.754
C07129,33,Nữ,Hà Nội,21,1,1,66.0,3.0,1489800.0,Trung bình,0.491
C07130,46,Nữ,TP HCM,18,1,0,140.0,2.0,4588500.0,Đã ngủ đông,0.621
C07131,38,Nữ,Hải Phòng,42,0,0,66.0,1.0,514000.0,Trung bình,0.341
C07132,31,Nam,TP HCM,52,0,0,190.0,5.0,4106600.0,Đã ngủ đông,0.156
C07133,67,Nam,Hà Nội,38,1,0,58.0,5.0,4511200.0,Trung bình,0.265
C07134,24,Nam,TP HCM,32,2,0,96.0,3.0,2933300.0,Trung bình,0.57
C07135,61,Nam,Hải Phòng,11,1,1,57.0,3.0,4433250.0,Trung bình,0.567
C07136,50,Nam,Đà Nẵng,49,0,1,55.0,6.0,2483550.0,Trung bình,0.124
C07137,55,Nữ,Hải Phòng,14,2,1,999.0,0.0,0.0,Chưa mua,0.81
C07138,34,Nữ,TP HCM,8,1,0,259.0,1.0,845000.0,Đã ngủ đông,0.735
C07139,62,Nam,Đà Nẵng,53,3,1,153.0,2.0,1123200.0,Đã ngủ đông,0.558
C07140,38,Nam,Hải Phòng,13,3,1,999.0,0.0,0.0,Chưa mua,0.875
C07141,59,Nữ,Đà Nẵng,36,2,0,1.0,1.0,180000.0,Đang hoạt động,0.622
C07142,66,Nữ,TP HCM,24,1,1,195.0,1.0,769000.0,Đã ngủ đông,0.625
C07143,32,Nam,Đà Nẵng,50,1,1,88.0,3.0,4312200.0,Trung bình,0.312
C07144,69,Nam,Hà Nội,29,2,0,36.0,7.0,6363300.0,Trung bình,0.32
C07145,18,Nam,Đà Nẵng,41,1,0,36.0,2.0,1745800.0,Trung bình,0.425
C07146,51,Nam,Hà Nội,33,5,1,82.0,4.0,4119300.0,Trung bình,0.77
C07147,61,Nữ,TP HCM,31,5,1,25.0,2.0,488300.0,Đang hoạt động,0.867
C07148,61,Nam,Hà Nội,22,0,0,129.0,2.0,2212200.0,Đã ngủ đông,0.427
C07149,22,Nam,Cần Thơ,31,2,1,41.0,3.0,3345850.0,Trung bình,0.545
C07150,61,Nữ,TP HCM,54,2,0,147.0,1.0,477850.0,Đã ngủ đông,0.515
C07151,20,Nữ,Hà Nội,2,0,1,159.0,4.0,3825850.0,Đã ngủ đông,0.471
C07152,35,Nữ,Đà Nẵng,15,0,1,999.0,0.0,0.0,Chưa mua,0.648
C07153,48,Nam,Hải Phòng,31,4,0,18.0,8.0,9885600.0,Đang hoạt động,0.479
C07154,57,Nữ,Hải Phòng,49,1,1,68.0,4.0,13546676.0,Trung bình,0.266
C07155,24,Nam,TP HCM,36,0,0,145.0,3.0,2949400.0,Đã ngủ đông,0.322
C07156,27,Nam,Hà Nội,44,1,1,133.0,4.0,12653465.0,Đã ngủ đông,0.299
C07157,64,Nam,Đà Nẵng,42,0,0,2.0,1.0,774000.0,Đang hoạt động,0.354
C07158,63,Nam,Hà Nội,30,2,1,33.0,3.0,3279800.0,Trung bình,0.534
C07159,53,Nam,Hải Phòng,42,2,0,188.0,4.0,4238750.0,Đã ngủ đông,0.397
C07160,63,Nữ,Cần Thơ,6,1,1,44.0,2.0,1978850.0,Trung bình,0.663
C07161,51,Nam,Đà Nẵng,41,1,0,25.0,5.0,20539925.0,Đang hoạt động,0.296
C07162,49,Nam,Cần Thơ,32,1,0,96.0,2.0,1576400.0,Trung bình,0.476
C07163,35,Nam,TP HCM,26,0,1,186.0,1.0,694450.0,Đã ngủ đông,0.501
C07164,24,Nữ,Cần Thơ,41,0,0,102.0,7.0,6001350.0,Trung bình,0.126
C07165,34,Nữ,Cần Thơ,51,1,0,119.0,5.0,7723900.0,Trung bình,0.214
C07166,43,Nam,Đà Nẵng,44,1,1,68.0,6.0,6142850.0,Trung bình,0.212
C07167,21,Nam,Hà Nội,23,0,1,273.0,1.0,865000.0,Đã ngủ đông,0.487
C07168,51,Nam,TP HCM,8,1,0,26.0,3.0,3672200.0,Đang hoạt động,0.628
C07169,22,Nam,Đà Nẵng,12,1,0,46.0,4.0,5558200.0,Trung bình,0.532
C07170,49,Nam,Cần Thơ,40,2,0,63.0,3.0,1859000.0,Trung bình,0.471
C07171,33,Nam,TP HCM,27,3,1,25.0,3.0,1813000.0,Đang hoạt động,0.704
C07172,19,Nam,Hà Nội,34,0,1,121.0,3.0,1576000.0,Đã ngủ đông,0.295
C07173,62,Nam,Hà Nội,20,2,1,248.0,1.0,204000.0,Đã ngủ đông,0.714
C07174,35,Nam,Hà Nội,27,2,0,161.0,3.0,1933400.0,Đã ngủ đông,0.563
C07175,38,Nữ,Hà Nội,60,0,0,57.0,4.0,4480700.0,Trung bình,0.133
C07176,24,Nam,Hà Nội,58,0,0,14.0,4.0,4411000.0,Đang hoạt động,0.139
C07177,30,Nữ,TP HCM,12,0,1,130.0,2.0,850400.0,Đã ngủ đông,0.548
C07178,64,Nữ,Hải Phòng,52,1,1,999.0,0.0,0.0,Chưa mua,0.462
C07179,35,Nam,Hải Phòng,58,1,0,111.0,2.0,14575857.0,Trung bình,0.313
C07180,21,Nữ,Hà Nội,5,4,0,12.0,4.0,4145000.0,Đang hoạt động,0.833
C07181,47,Nữ,Hà Nội,23,1,1,17.0,4.0,2319350.0,Đang hoạt động,0.416
C07182,37,Nữ,TP HCM,49,1,0,237.0,1.0,1736000.0,Đã ngủ đông,0.449
C07183,53,Nữ,TP HCM,35,0,0,58.0,2.0,824900.0,Trung bình,0.372
C07184,46,Nam,Hải Phòng,33,0,0,29.0,3.0,3099600.0,Đang hoạt động,0.298
C07185,65,Nữ,TP HCM,19,0,0,999.0,0.0,0.0,Chưa mua,0.634
C07186,41,Nam,TP HCM,9,1,1,18.0,6.0,8447400.0,Đang hoạt động,0.459
C07187,31,Nữ,Hải Phòng,28,1,1,68.0,2.0,1309750.0,Trung bình,0.498
C07188,60,Nữ,Đà Nẵng,59,1,0,48.0,5.0,3552850.0,Trung bình,0.174
C07189,23,Nữ,TP HCM,20,1,1,73.0,4.0,7308000.0,Trung bình,0.498
C07190,20,Nam,Cần Thơ,38,1,0,57.0,3.0,1104000.0,Trung bình,0.377
C07191,41,Nữ,TP HCM,9,1,0,55.0,2.0,1755600.0,Trung bình,0.675
C07192,38,Nữ,Hà Nội,56,0,0,12.0,4.0,6164000.0,Đang hoạt động,0.148
C07193,65,Nam,Hà Nội,56,1,0,82.0,4.0,829900.0,Trung bình,0.205
C07194,61,Nữ,Hải Phòng,4,0,0,57.0,4.0,6660550.0,Trung bình,0.453
C07195,19,Nam,Đà Nẵng,49,2,1,121.0,4.0,4826200.0,Đã ngủ đông,0.373
C07196,36,Nam,Cần Thơ,4,0,1,76.0,2.0,2309700.0,Trung bình,0.574
C07197,57,Nam,Đà Nẵng,24,3,1,104.0,4.0,5554000.0,Trung bình,0.661
C07198,49,Nữ,Hải Phòng,24,2,1,54.0,2.0,1284900.0,Trung bình,0.636
C07199,18,Nam,Đà Nẵng,33,0,0,44.0,4.0,3297200.0,Trung bình,0.273
C07200,39,Nữ,TP HCM,41,3,1,89.0,3.0,5052550.0,Trung bình,0.619
C07201,40,Nữ,TP HCM,35,0,1,12.0,7.0,5990400.0,Đang hoạt động,0.16
C07202,56,Nữ,Hà Nội,5,0,0,117.0,3.0,5719000.0,Trung bình,0.504
C07203,49,Nam,Đà Nẵng,9,1,0,237.0,1.0,1936000.0,Đã ngủ đông,0.711
C07204,65,Nữ,Cần Thơ,35,1,1,53.0,3.0,2432400.0,Trung bình,0.395
C07205,37,Nam,Cần Thơ,4,1,1,8.0,4.0,2740150.0,Đang hoạt động,0.569
C07206,39,Nữ,Cần Thơ,49,1,1,164.0,3.0,3938100.0,Đã ngủ đông,0.31
C07207,29,Nam,Đà Nẵng,7,3,1,14.0,4.0,3748800.0,Đang hoạt động,0.763
C07208,25,Nữ,Hà Nội,14,0,0,139.0,5.0,2322400.0,Đã ngủ đông,0.325
C07209,68,Nam,Hà Nội,28,0,0,129.0,2.0,1618700.0,Đã ngủ đông,0.381
C07210,52,Nữ,Đà Nẵng,49,1,0,19.0,2.0,3615000.0,Đang hoạt động,0.366
C07211,38,Nam,Hà Nội,19,2,1,127.0,2.0,1245000.0,Đã ngủ đông,0.672
C07212,24,Nam,Hà Nội,46,0,0,27.0,3.0,2975400.0,Đang hoạt động,0.225
C07213,44,Nữ,TP HCM,7,0,1,57.0,4.0,4630000.0,Trung bình,0.471
C07214,26,Nam,TP HCM,50,1,1,39.0,2.0,975000.0,Trung bình,0.376
C07215,36,Nữ,TP HCM,57,0,1,26.0,2.0,2440950.0,Đang hoạt động,0.238
C07216,31,Nam,Hà Nội,24,4,1,62.0,2.0,2110900.0,Trung bình,0.815
C07217,48,Nam,Đà Nẵng,21,1,1,147.0,2.0,1348900.0,Đã ngủ đông,0.572
C07218,66,Nam,Cần Thơ,3,1,0,200.0,2.0,1262000.0,Đã ngủ đông,0.684
C07219,59,Nam,TP HCM,15,1,1,3.0,2.0,3600600.0,Đang hoạt động,0.632
C07220,66,Nữ,TP HCM,11,1,1,10.0,2.0,692300.0,Đang hoạt động,0.654
C07221,23,Nữ,TP HCM,4,1,0,76.0,5.0,13621836.411123848,Trung bình,0.573
C07222,69,Nam,TP HCM,22,1,0,83.0,1.0,340000.0,Trung bình,0.632
C07223,18,Nam,Cần Thơ,26,3,0,118.0,4.0,7102800.0,Trung bình,0.646
C07224,66,Nữ,Cần Thơ,60,1,0,17.0,3.0,776250.0,Đang hoạt động,0.232
C07225,68,Nữ,Hải Phòng,16,1,1,29.0,5.0,2910300.0,Đang hoạt động,0.408
C07226,45,Nữ,Hà Nội,13,2,1,14.0,5.0,2736800.0,Đang hoạt động,0.546
C07227,42,Nữ,Hải Phòng,38,0,1,60.0,4.0,3173350.0,Trung bình,0.227
C07228,47,Nam,TP HCM,50,1,1,1.0,1.0,694000.0,Đang hoạt động,0.427
C07229,42,Nữ,Đà Nẵng,28,0,1,175.0,1.0,1642000.0,Đã ngủ đông,0.468
C07230,20,Nữ,Đà Nẵng,17,1,1,49.0,4.0,4923150.0,Trung bình,0.495
C07231,33,Nữ,Hà Nội,43,1,1,23.0,3.0,1416250.0,Đang hoạt động,0.331
C07232,19,Nam,Cần Thơ,12,1,1,24.0,5.0,6432068.0,Đang hoạt động,0.462
C07233,62,Nữ,Hà Nội,4,0,1,283.0,1.0,154800.0,Đã ngủ đông,0.62
C07234,56,Nam,Đà Nẵng,46,4,1,73.0,3.0,3264000.0,Trung bình,0.663
C07235,31,Nam,Hải Phòng,48,1,0,70.0,3.0,1490250.0,Trung bình,0.3
C07236,29,Nữ,Hà Nội,8,1,1,82.0,4.0,3756000.0,Trung bình,0.536
C07237,22,Nam,TP HCM,28,0,0,24.0,3.0,1774900.0,Đang hoạt động,0.37
C07238,20,Nam,Đà Nẵng,37,0,0,51.0,3.0,7587700.0,Trung bình,0.305
C07239,22,Nam,TP HCM,1,2,1,38.0,4.0,3184450.0,Trung bình,0.726
C07240,50,Nam,TP HCM,20,2,1,22.0,2.0,795450.0,Đang hoạt động,0.697
C07241,52,Nam,TP HCM,32,1,0,165.0,2.0,2278000.0,Đã ngủ đông,0.512
C07242,43,Nam,Cần Thơ,59,1,1,46.0,1.0,785400.0,Trung bình,0.336
C07243,59,Nam,TP HCM,37,1,0,84.0,1.0,2988000.0,Trung bình,0.531
C07244,24,Nữ,Hà Nội,41,0,1,17.0,2.0,943200.0,Đang hoạt động,0.297
C07245,67,Nữ,TP HCM,29,1,1,58.0,1.0,151050.0,Trung bình,0.582
C07246,19,Nam,TP HCM,44,2,0,50.0,5.0,4080000.0,Trung bình,0.368
C07247,35,Nữ,Đà Nẵng,19,0,1,124.0,2.0,678000.0,Đã ngủ đông,0.474
C07248,39,Nam,TP HCM,39,0,0,46.0,5.0,7100200.0,Trung bình,0.215
C07249,64,Nữ,Đà Nẵng,19,1,1,284.0,1.0,1832000.0,Đã ngủ đông,0.646
C07250,61,Nam,TP HCM,45,1,0,999.0,0.0,0.0,Chưa mua,0.556
C07251,58,Nam,TP HCM,40,1,0,46.0,2.0,3296000.0,Trung bình,0.449
C07252,29,Nữ,Hà Nội,42,1,0,22.0,7.0,6795850.0,Đang hoạt động,0.173
C07253,52,Nam,Đà Nẵng,15,2,1,116.0,4.0,6441900.0,Trung bình,0.621
C07254,49,Nữ,Hà Nội,14,3,1,177.0,2.0,1628650.0,Đã ngủ đông,0.791
C07255,42,Nam,Hải Phòng,14,0,0,8.0,4.0,3298050.0,Đang hoạt động,0.373
C07256,34,Nam,Hà Nội,8,0,1,84.0,2.0,5531850.0,Trung bình,0.542
C07257,70,Nữ,Hà Nội,27,2,1,25.0,5.0,4899850.0,Đang hoạt động,0.443
C07258,20,Nam,Cần Thơ,3,0,1,16.0,4.0,3392000.0,Đang hoạt động,0.467
C07259,57,Nam,Hà Nội,48,3,0,54.0,2.0,1311700.0,Trung bình,0.57
C07260,45,Nữ,Hà Nội,43,3,0,51.0,5.0,7708471.0,Trung bình,0.449
C07261,55,Nữ,Hà Nội,17,2,1,12.0,2.0,2314000.0,Đang hoạt động,0.682
C07262,50,Nam,Hà Nội,3,1,0,15.0,5.0,5719900.0,Đang hoạt động,0.512
C07263,65,Nữ,TP HCM,32,0,0,17.0,7.0,4631250.0,Đang hoạt động,0.169
C07264,64,Nam,TP HCM,13,2,1,69.0,5.0,3869850.0,Trung bình,0.589
C07265,70,Nữ,TP HCM,48,0,1,65.0,3.0,758200.0,Trung bình,0.238
C07266,24,Nữ,Hà Nội,55,0,0,33.0,3.0,3262900.0,Trung bình,0.183
C07267,42,Nam,Hà Nội,26,3,1,122.0,2.0,966000.0,Đã ngủ đông,0.723
C07268,43,Nữ,Hải Phòng,41,0,0,100.0,2.0,1322000.0,Trung bình,0.298
C07269,39,Nam,Cần Thơ,44,1,0,94.0,4.0,4951800.0,Trung bình,0.291
C07270,42,Nữ,TP HCM,19,2,0,174.0,3.0,1310950.0,Đã ngủ đông,0.66
C07271,58,Nữ,TP HCM,47,0,0,92.0,6.0,6910400.0,Trung bình,0.145
C07272,24,Nam,TP HCM,33,1,1,102.0,3.0,1222550.0,Trung bình,0.446
C07273,29,Nữ,TP HCM,18,3,1,304.0,1.0,332000.0,Đã ngủ đông,0.838
C07274,69,Nam,TP HCM,48,0,0,136.0,5.0,11914200.0,Đã ngủ đông,0.178
C07275,49,Nữ,Hải Phòng,43,0,1,47.0,1.0,2379000.0,Trung bình,0.335
C07276,22,Nữ,Hà Nội,56,0,1,124.0,1.0,856000.0,Đã ngủ đông,0.257
C07277,44,Nữ,TP HCM,21,2,1,85.0,9.0,6931200.0,Trung bình,0.315
C07278,39,Nam,Đà Nẵng,37,0,0,83.0,3.0,1990800.0,Trung bình,0.292
C07279,60,Nam,Đà Nẵng,42,2,0,186.0,4.0,6871200.0,Đã ngủ đông,0.423
C07280,27,Nữ,Cần Thơ,27,0,0,104.0,2.0,4296400.0,Trung bình,0.411
C07281,60,Nam,TP HCM,28,1,1,136.0,6.0,9704900.0,Đã ngủ đông,0.327
C07282,43,Nam,TP HCM,52,1,0,3.0,4.0,2918500.0,Đang hoạt động,0.262
C07283,27,Nam,Đà Nẵng,3,0,1,63.0,2.0,2825300.0,Trung bình,0.595
C07284,57,Nam,TP HCM,25,2,1,107.0,1.0,179000.0,Trung bình,0.715
C07285,37,Nam,Đà Nẵng,41,0,0,134.0,4.0,2153750.0,Đã ngủ đông,0.226
C07286,25,Nam,Hà Nội,1,2,1,55.0,6.0,4576450.0,Trung bình,0.585
C07287,45,Nữ,Hà Nội,15,1,0,182.0,1.0,438900.0,Đã ngủ đông,0.649
C07288,39,Nam,TP HCM,49,3,1,999.0,0.0,0.0,Chưa mua,0.738
C07289,44,Nữ,Hà Nội,52,4,1,100.0,3.0,3241900.0,Trung bình,0.604
C07290,38,Nữ,Đà Nẵng,1,0,0,138.0,2.0,975550.0,Đã ngủ đông,0.608
C07291,27,Nữ,TP HCM,55,1,0,999.0,0.0,0.0,Chưa mua,0.489
C07292,62,Nữ,Hải Phòng,60,1,0,57.0,3.0,1258900.0,Trung bình,0.227
C07293,50,Nữ,Đà Nẵng,41,0,0,122.0,5.0,4196100.0,Đã ngủ đông,0.19
C07294,26,Nữ,Hà Nội,57,1,0,36.0,6.0,4786450.0,Trung bình,0.143
C07295,32,Nam,Hà Nội,33,0,1,16.0,4.0,3187550.0,Đang hoạt động,0.252
C07296,22,Nữ,Hà Nội,51,0,0,76.0,4.0,5478750.0,Trung bình,0.17
C07297,22,Nữ,Hà Nội,47,1,0,26.0,5.0,6677000.0,Đang hoạt động,0.225
C07298,28,Nữ,Hà Nội,54,1,0,247.0,1.0,5255000.0,Đã ngủ đông,0.38
C07299,47,Nam,Hà Nội,53,1,0,264.0,1.0,167000.0,Đã ngủ đông,0.373
C07300,61,Nam,TP HCM,46,1,0,35.0,4.0,1938750.0,Trung bình,0.294
C07301,56,Nam,Hải Phòng,11,0,1,53.0,3.0,3807900.0,Trung bình,0.452
C07302,60,Nữ,TP HCM,50,1,1,32.0,3.0,3921200.0,Trung bình,0.324
C07303,31,Nữ,Đà Nẵng,41,2,1,58.0,2.0,1113000.0,Trung bình,0.537
C07304,46,Nữ,Cần Thơ,45,2,0,29.0,2.0,4025800.0,Đang hoạt động,0.498
C07305,45,Nữ,Hà Nội,22,0,0,13.0,2.0,2144000.0,Đang hoạt động,0.426
C07306,51,Nữ,Hà Nội,34,2,0,53.0,1.0,688500.0,Trung bình,0.619
C07307,45,Nam,TP HCM,35,2,0,999.0,0.0,0.0,Chưa mua,0.73
C07308,34,Nữ,Đà Nẵng,22,0,0,42.0,3.0,1168500.0,Trung bình,0.392
C07309,37,Nữ,Đà Nẵng,26,1,1,238.0,2.0,2404450.0,Đã ngủ đông,0.543
C07310,33,Nữ,Hà Nội,36,2,0,2.0,3.0,1116750.0,Đang hoạt động,0.49
C07311,18,Nam,TP HCM,1,0,0,27.0,3.0,4040800.0,Đang hoạt động,0.575
C07312,23,Nam,TP HCM,57,2,0,49.0,7.0,7542500.0,Trung bình,0.202
C07313,23,Nữ,Hà Nội,34,1,1,17.0,5.0,3820050.0,Đang hoạt động,0.294
C07314,31,Nữ,Hà Nội,1,2,1,217.0,1.0,1125000.0,Đã ngủ đông,0.82
C07315,41,Nam,TP HCM,1,0,0,64.0,5.0,2722300.0,Trung bình,0.452
C07316,29,Nữ,TP HCM,52,2,0,22.0,5.0,2185350.0,Đang hoạt động,0.309
C07317,21,Nam,Hà Nội,29,4,1,42.0,3.0,2934000.0,Trung bình,0.752
C07318,42,Nữ,Hà Nội,37,1,1,13.0,5.0,2999300.0,Đang hoạt động,0.271
C07319,56,Nữ,Đà Nẵng,15,1,0,39.0,4.0,3853150.0,Trung bình,0.501
C07320,56,Nữ,Cần Thơ,57,1,0,106.0,3.0,4153350.0,Trung bình,0.258
C07321,23,Nam,Hà Nội,51,1,0,55.0,3.0,927400.0,Trung bình,0.281
C07322,19,Nữ,TP HCM,29,0,0,1.0,3.0,5323400.0,Đang hoạt động,0.372
C07323,58,Nam,TP HCM,2,2,1,2.0,1.0,316000.0,Đang hoạt động,0.831
C07324,48,Nữ,Hải Phòng,40,0,0,999.0,0.0,0.0,Chưa mua,0.441
C07325,32,Nữ,TP HCM,27,1,1,17.0,4.0,4197900.0,Đang hoạt động,0.435
C07326,42,Nam,Hà Nội,23,1,1,10.0,4.0,5024981.0,Đang hoạt động,0.421
C07327,70,Nữ,Hà Nội,31,1,0,26.0,3.0,14729100.810927393,Đang hoạt động,0.439
C07328,32,Nữ,Đà Nẵng,53,1,0,14.0,5.0,3391850.0,Đang hoạt động,0.203
C07329,61,Nam,Hải Phòng,27,0,0,223.0,1.0,151050.0,Đã ngủ đông,0.447
C07330,49,Nữ,Đà Nẵng,23,0,0,224.0,5.0,1836250.0,Đã ngủ đông,0.286
C07331,22,Nữ,TP HCM,10,1,0,52.0,2.0,332000.0,Trung bình,0.668
C07332,37,Nữ,Đà Nẵng,40,1,1,112.0,4.0,5177500.0,Trung bình,0.329
C07333,20,Nữ,TP HCM,59,2,0,103.0,4.0,6384917.0,Trung bình,0.327
C07334,46,Nữ,TP HCM,22,0,0,10.0,3.0,1006000.0,Đang hoạt động,0.408
C07335,20,Nữ,TP HCM,56,1,0,999.0,0.0,0.0,Chưa mua,0.482
C07336,48,Nam,TP HCM,11,3,0,128.0,4.0,5735800.0,Đã ngủ đông,0.759
C07337,46,Nam,Hà Nội,49,0,1,32.0,3.0,6494800.0,Trung bình,0.213
C07338,24,Nam,Hà Nội,1,0,0,60.0,7.0,5970250.0,Trung bình,0.311
C07339,58,Nữ,Hà Nội,56,1,0,17.0,4.0,4997000.0,Đang hoạt động,0.212
C07340,39,Nữ,Hà Nội,28,0,0,13.0,4.0,4052100.0,Đang hoạt động,0.283
C07341,63,Nữ,Hà Nội,2,1,1,63.0,5.0,4997400.0,Trung bình,0.519
C07342,51,Nam,Hà Nội,31,3,0,92.0,4.0,5474000.0,Trung bình,0.591
C07343,66,Nữ,TP HCM,37,0,0,259.0,2.0,2365200.0,Đã ngủ đông,0.366
C07344,24,Nam,Hải Phòng,29,2,1,110.0,2.0,1645000.0,Trung bình,0.606
C07345,57,Nam,Hà Nội,26,1,1,158.0,4.0,3185600.0,Đã ngủ đông,0.398
C07346,31,Nam,Hải Phòng,1,3,1,89.0,2.0,1899300.0,Trung bình,0.848
C07347,43,Nữ,Hải Phòng,41,1,0,109.0,5.0,2569500.0,Trung bình,0.251
C07348,48,Nữ,TP HCM,58,1,0,115.0,3.0,3962800.0,Trung bình,0.278
C07349,38,Nữ,TP HCM,13,4,1,143.0,3.0,3958400.0,Đã ngủ đông,0.856
C07350,62,Nữ,Hà Nội,5,1,1,277.0,1.0,158650.0,Đã ngủ đông,0.714
C07351,66,Nam,TP HCM,21,3,1,15.0,5.0,5982050.0,Đang hoạt động,0.643
C07352,52,Nam,Đà Nẵng,14,2,0,26.0,8.0,16365908.0,Đang hoạt động,0.415
C07353,49,Nam,Hà Nội,29,0,0,3.0,2.0,964300.0,Đang hoạt động,0.371
C07354,62,Nữ,TP HCM,59,1,0,19.0,3.0,2764550.0,Đang hoạt động,0.265
C07355,47,Nam,TP HCM,9,1,1,60.0,6.0,10817000.0,Trung bình,0.465
C07356,26,Nữ,TP HCM,38,1,0,89.0,2.0,1613200.0,Trung bình,0.468
C07357,33,Nam,Đà Nẵng,19,3,1,247.0,2.0,585200.0,Đã ngủ đông,0.783
C07358,66,Nữ,TP HCM,36,5,1,40.0,4.0,7280750.0,Trung bình,0.787
C07359,53,Nam,TP HCM,5,2,1,28.0,6.0,12944650.0,Đang hoạt động,0.61
C07360,31,Nữ,Đà Nẵng,20,0,1,177.0,3.0,2619300.0,Đã ngủ đông,0.415
C07361,34,Nữ,Hải Phòng,37,1,0,78.0,4.0,4310800.0,Trung bình,0.327
C07362,60,Nam,Hải Phòng,3,4,1,47.0,4.0,2252100.0,Trung bình,0.836
C07363,35,Nam,TP HCM,34,1,0,152.0,4.0,819750.0,Đã ngủ đông,0.38
C07364,20,Nam,Đà Nẵng,38,1,0,72.0,6.0,4530900.0,Trung bình,0.244
C07365,60,Nam,Hà Nội,38,1,1,17.0,7.0,7139300.0,Đang hoạt động,0.187
C07366,67,Nữ,TP HCM,5,2,0,32.0,6.0,5444250.0,Trung bình,0.593
C07367,55,Nữ,Hà Nội,10,0,0,40.0,3.0,1784550.0,Trung bình,0.455
C07368,46,Nam,Hà Nội,6,0,1,21.0,5.0,6777750.0,Đang hoạt động,0.38
C07369,55,Nữ,TP HCM,48,1,0,2.0,1.0,958000.0,Đang hoạt động,0.443
C07370,36,Nam,TP HCM,25,0,0,46.0,3.0,3383900.0,Trung bình,0.393
C07371,23,Nam,Hà Nội,27,1,0,276.0,3.0,2184000.0,Đã ngủ đông,0.456
C07372,43,Nữ,Hà Nội,42,1,0,60.0,2.0,3335000.0,Trung bình,0.397
C07373,58,Nữ,Đà Nẵng,30,1,1,17.0,4.0,3083950.0,Đang hoạt động,0.387
C07374,32,Nam,Đà Nẵng,38,0,0,106.0,4.0,3793000.0,Trung bình,0.245
C07375,59,Nam,TP HCM,29,1,0,108.0,2.0,2381950.0,Trung bình,0.531
C07376,44,Nam,TP HCM,5,2,0,79.0,6.0,3238400.0,Trung bình,0.592
C07377,50,Nam,TP HCM,25,1,0,7.0,1.0,364800.0,Đang hoạt động,0.611
C07378,65,Nữ,Hải Phòng,16,1,0,78.0,3.0,2209200.0,Trung bình,0.526
C07379,29,Nữ,Đà Nẵng,51,0,0,110.0,5.0,3441500.0,Trung bình,0.149
C07380,57,Nam,Đà Nẵng,22,0,1,43.0,3.0,3741400.0,Trung bình,0.393
C07381,34,Nam,Cần Thơ,43,1,0,32.0,4.0,4039600.0,Trung bình,0.294
C07382,25,Nữ,Đà Nẵng,21,0,0,27.0,4.0,4931000.0,Đang hoạt động,0.353
C07383,33,Nam,Hải Phòng,57,2,0,72.0,5.0,4128050.0,Trung bình,0.248
C07384,49,Nam,Hà Nội,9,0,0,90.0,3.0,3069900.0,Trung bình,0.467
C07385,69,Nữ,Hà Nội,4,1,1,3.0,1.0,181000.0,Đang hoạt động,0.711
C07386,58,Nam,Hà Nội,22,0,0,95.0,4.0,3413450.0,Trung bình,0.319
C07387,31,Nam,TP HCM,27,3,0,24.0,6.0,4570500.0,Đang hoạt động,0.546
C07388,66,Nam,Cần Thơ,11,1,0,136.0,2.0,545500.0,Đã ngủ đông,0.627
C07389,30,Nữ,Hải Phòng,46,2,0,62.0,8.0,15610357.318047587,Trung bình,0.202
C07390,48,Nữ,Cần Thơ,43,1,0,56.0,3.0,2841750.0,Trung bình,0.343
C07391,54,Nam,TP HCM,8,1,1,198.0,1.0,1065050.0,Đã ngủ đông,0.73
C07392,64,Nữ,Đà Nẵng,17,1,1,225.0,3.0,1631100.0,Đã ngủ đông,0.545
C07393,70,Nam,TP HCM,23,3,0,62.0,3.0,2499000.0,Trung bình,0.725
C07394,42,Nữ,TP HCM,3,1,0,20.0,5.0,8994164.0,Đang hoạt động,0.565
C07395,41,Nam,Hà Nội,1,1,1,145.0,2.0,649000.0,Đã ngủ đông,0.689
C07396,20,Nam,TP HCM,45,0,1,24.0,2.0,1842900.0,Đang hoạt động,0.309
C07397,70,Nam,Hải Phòng,28,2,0,114.0,3.0,2966500.0,Trung bình,0.551
C07398,33,Nam,Hà Nội,9,1,1,132.0,3.0,1846300.0,Đã ngủ đông,0.582
C07399,69,Nam,Hà Nội,3,1,0,145.0,1.0,181450.0,Đã ngủ đông,0.72
C07400,61,Nữ,TP HCM,9,0,0,81.0,4.0,2703000.0,Trung bình,0.45
C07401,55,Nữ,TP HCM,19,1,1,199.0,4.0,5328700.0,Đã ngủ đông,0.5
C07402,38,Nữ,TP HCM,37,2,1,999.0,0.0,0.0,Chưa mua,0.72
C07403,46,Nữ,Hải Phòng,25,0,1,193.0,1.0,2910000.0,Đã ngủ đông,0.471
C07404,62,Nam,TP HCM,24,1,1,19.0,5.0,3657100.0,Đang hoạt động,0.392
C07405,59,Nam,Hà Nội,58,2,0,218.0,2.0,3342300.0,Đã ngủ đông,0.393
C07406,56,Nam,Hà Nội,31,1,0,24.0,5.0,27755811.324262496,Đang hoạt động,0.355
C07407,64,Nữ,Hà Nội,20,2,1,142.0,1.0,1647300.0,Đã ngủ đông,0.714
C07408,55,Nam,Hà Nội,10,0,1,141.0,3.0,2231550.0,Đã ngủ đông,0.459
C07409,52,Nữ,Hải Phòng,33,0,1,181.0,1.0,773000.0,Đã ngủ đông,0.406
C07410,34,Nữ,Hà Nội,14,4,1,59.0,5.0,8188000.0,Trung bình,0.757
C07411,54,Nam,Hà Nội,52,0,0,105.0,5.0,5688600.0,Trung bình,0.133
C07412,69,Nam,Hà Nội,15,0,0,30.0,1.0,738150.0,Đang hoạt động,0.529
C07413,38,Nam,TP HCM,21,1,0,37.0,2.0,1591000.0,Trung bình,0.589
C07414,47,Nam,TP HCM,40,1,0,58.0,3.0,1742300.0,Trung bình,0.39
C07415,63,Nam,Hải Phòng,27,0,1,4.0,4.0,7401000.0,Đang hoạt động,0.292
C07416,48,Nữ,Đà Nẵng,28,0,0,166.0,2.0,3598500.0,Đã ngủ đông,0.413
C07417,44,Nam,Hà Nội,47,1,0,102.0,4.0,3405600.0,Trung bình,0.261
C07418,40,Nữ,Hải Phòng,1,2,1,3.0,2.0,2069400.0,Đang hoạt động,0.778
C07419,70,Nữ,Hải Phòng,15,1,1,9.0,4.0,2454800.0,Đang hoạt động,0.472
C07420,69,Nam,Hà Nội,57,0,1,29.0,4.0,6429350.0,Đang hoạt động,0.142
C07421,24,Nữ,Đà Nẵng,8,4,1,293.0,1.0,3292000.0,Đã ngủ đông,0.913
C07422,54,Nữ,TP HCM,38,0,0,236.0,2.0,4314000.0,Đã ngủ đông,0.364
C07423,51,Nam,Đà Nẵng,40,0,0,32.0,4.0,1631150.0,Trung bình,0.226
C07424,39,Nữ,Hải Phòng,1,3,1,161.0,3.0,1000750.0,Đã ngủ đông,0.816
C07425,23,Nam,Hà Nội,27,2,1,51.0,4.0,2498250.0,Trung bình,0.504
C07426,27,Nữ,Cần Thơ,15,3,1,85.0,3.0,2509450.0,Trung bình,0.754
C07427,63,Nam,Đà Nẵng,13,3,1,66.0,3.0,1199000.0,Trung bình,0.766
C07428,41,Nam,Hải Phòng,8,0,0,53.0,3.0,2021000.0,Trung bình,0.473
C07429,56,Nam,Hải Phòng,33,3,0,38.0,8.0,2580000.0,Trung bình,0.338
C07430,68,Nam,Đà Nẵng,46,1,0,80.0,2.0,1956500.0,Trung bình,0.382
C07431,20,Nữ,Hà Nội,30,0,0,122.0,4.0,4093800.0,Đã ngủ đông,0.277
C07432,35,Nữ,Hà Nội,29,3,1,29.0,3.0,827100.0,Đang hoạt động,0.652
C07433,47,Nam,TP HCM,42,1,1,14.0,3.0,3117450.0,Đang hoạt động,0.377
C07434,67,Nữ,TP HCM,15,2,0,49.0,5.0,5039800.0,Trung bình,0.577
C07435,31,Nam,TP HCM,47,1,1,4.0,2.0,553700.0,Đang hoạt động,0.395
C07436,52,Nữ,Cần Thơ,4,2,1,123.0,4.0,5584600.0,Đã ngủ đông,0.684
C07437,49,Nam,Hà Nội,22,2,0,109.0,5.0,5117350.0,Trung bình,0.486
C07438,34,Nam,Hà Nội,5,1,0,207.0,3.0,2988600.0,Đã ngủ đông,0.616
C07439,33,Nam,Hà Nội,52,3,1,22.0,3.0,2122000.0,Đang hoạt động,0.486
C07440,31,Nữ,TP HCM,50,0,0,5.0,6.0,4540450.0,Đang hoạt động,0.133
C07441,68,Nam,Hà Nội,13,0,0,6.0,2.0,5024250.0,Đang hoạt động,0.494
C07442,59,Nữ,Cần Thơ,9,1,1,42.0,2.0,6737450.0,Trung bình,0.653
C07443,21,Nữ,Đà Nẵng,27,0,1,93.0,4.0,1599250.0,Trung bình,0.309
C07444,62,Nam,Cần Thơ,25,1,0,50.0,6.0,5933300.0,Trung bình,0.309
C07445,34,Nữ,TP HCM,32,0,0,68.0,1.0,142200.0,Trung bình,0.452
C07446,23,Nữ,TP HCM,12,2,1,31.0,2.0,1020850.0,Trung bình,0.75
C07447,35,Nữ,Cần Thơ,10,0,0,15.0,4.0,5550000.0,Đang hoạt động,0.419
C07448,44,Nữ,Hà Nội,41,0,0,88.0,2.0,1448000.0,Trung bình,0.297
C07449,43,Nữ,TP HCM,3,1,1,999.0,0.0,0.0,Chưa mua,0.818
C07450,55,Nữ,Hà Nội,41,1,0,189.0,5.0,3496850.0,Đã ngủ đông,0.252
C07451,54,Nữ,Hà Nội,12,2,0,7.0,4.0,4292000.0,Đang hoạt động,0.613
C07452,18,Nữ,Hà Nội,49,3,0,3.0,4.0,2017100.0,Đang hoạt động,0.453
C07453,22,Nam,TP HCM,9,1,1,281.0,1.0,193000.0,Đã ngủ đông,0.729
C07454,53,Nam,Hà Nội,52,1,0,107.0,2.0,285750.0,Trung bình,0.32
C07455,53,Nam,Hà Nội,15,1,0,27.0,4.0,2412050.0,Đang hoạt động,0.473
C07456,28,Nam,Hải Phòng,35,2,0,102.0,5.0,2940650.0,Trung bình,0.389
C07457,55,Nam,TP HCM,28,1,0,31.0,6.0,8689559.0,Trung bình,0.323
C07458,59,Nữ,Cần Thơ,33,1,0,115.0,5.0,3310200.0,Trung bình,0.306
C07459,42,Nam,TP HCM,28,1,0,18.0,3.0,3241800.0,Đang hoạt động,0.481
C07460,60,Nam,Hà Nội,45,0,0,95.0,4.0,2645300.0,Trung bình,0.189
C07461,38,Nữ,Đà Nẵng,50,0,0,45.0,2.0,2085250.0,Trung bình,0.262
C07462,44,Nam,Cần Thơ,11,2,1,246.0,2.0,5233000.0,Đã ngủ đông,0.741
C07463,53,Nữ,Hà Nội,20,1,0,108.0,4.0,7631100.0,Trung bình,0.452
C07464,70,Nam,TP HCM,28,0,0,165.0,4.0,1635900.0,Đã ngủ đông,0.314
C07465,34,Nam,TP HCM,9,0,1,164.0,5.0,3594000.0,Đã ngủ đông,0.4
C07466,62,Nam,Hà Nội,14,0,1,43.0,3.0,1115500.0,Trung bình,0.422
C07467,61,Nam,TP HCM,52,1,0,242.0,2.0,1153450.0,Đã ngủ đông,0.364
C07468,21,Nam,Hà Nội,22,2,1,2.0,3.0,4244000.0,Đang hoạt động,0.601
C07469,51,Nữ,TP HCM,42,2,0,108.0,6.0,3761800.0,Trung bình,0.326
C07470,58,Nữ,Hà Nội,41,1,0,41.0,3.0,1706450.0,Trung bình,0.342
C07471,29,Nữ,TP HCM,49,1,1,999.0,0.0,0.0,Chưa mua,0.533
C07472,52,Nam,Hà Nội,55,0,1,121.0,2.0,1218600.0,Đã ngủ đông,0.216
C07473,33,Nam,TP HCM,22,1,0,18.0,4.0,4860400.0,Đang hoạt động,0.472
C07474,44,Nữ,Hải Phòng,49,0,0,141.0,4.0,17535474.0,Đã ngủ đông,0.195
C07475,57,Nam,Đà Nẵng,1,0,1,999.0,0.0,0.0,Chưa mua,0.733
C07476,45,Nữ,Hải Phòng,22,2,0,26.0,5.0,5268400.0,Đang hoạt động,0.486
C07477,45,Nữ,Hà Nội,58,1,1,56.0,2.0,7020263.404467834,Trung bình,0.296
C07478,43,Nam,Đà Nẵng,49,1,1,19.0,3.0,2793350.0,Đang hoạt động,0.312
C07479,31,Nam,TP HCM,12,1,1,92.0,4.0,2974000.0,Trung bình,0.546
C07480,52,Nam,Hà Nội,30,2,1,9.0,2.0,2736000.0,Đang hoạt động,0.592
C07481,68,Nữ,Hà Nội,51,2,0,64.0,3.0,2754000.0,Trung bình,0.38
C07482,38,Nam,TP HCM,46,2,0,263.0,1.0,171950.0,Đã ngủ đông,0.581
C07483,21,Nam,Hà Nội,35,1,0,103.0,2.0,2953200.0,Trung bình,0.451
C07484,53,Nữ,Hải Phòng,15,0,1,61.0,4.0,3643200.0,Trung bình,0.368
C07485,30,Nữ,Cần Thơ,24,2,1,81.0,3.0,4521650.0,Trung bình,0.601
C07486,63,Nữ,TP HCM,54,1,0,80.0,4.0,6094650.0,Trung bình,0.256
C07487,37,Nam,Hải Phòng,16,2,1,150.0,3.0,6314200.0,Đã ngủ đông,0.651
C07488,47,Nữ,Hà Nội,16,2,0,53.0,4.0,3539750.0,Trung bình,0.585
C07489,69,Nữ,TP HCM,34,2,1,102.0,1.0,162000.0,Trung bình,0.656
C07490,52,Nữ,Đà Nẵng,36,0,0,999.0,0.0,0.0,Chưa mua,0.492
C07491,26,Nữ,Hà Nội,29,0,0,81.0,1.0,1321334.0,Trung bình,0.437
C07492,63,Nữ,Hà Nội,24,1,0,20.0,6.0,1563900.0,Đang hoạt động,0.297
C07493,31,Nữ,Hà Nội,33,2,0,36.0,4.0,2826850.0,Trung bình,0.459
C07494,25,Nam,Hà Nội,43,0,0,15.0,4.0,5423800.0,Đang hoạt động,0.204
C07495,44,Nam,Hà Nội,5,0,1,128.0,1.0,465000.0,Đã ngủ đông,0.61
C07496,52,Nam,Hà Nội,24,1,0,68.0,6.0,3877750.0,Trung bình,0.304
C07497,64,Nữ,Cần Thơ,58,0,0,209.0,3.0,841000.0,Đã ngủ đông,0.173
C07498,53,Nam,TP HCM,1,2,0,167.0,3.0,5403700.0,Đã ngủ đông,0.773
C07499,60,Nữ,Đà Nẵng,36,1,1,999.0,0.0,0.0,Chưa mua,0.604
C07500,51,Nam,Hà Nội,51,1,0,47.0,2.0,783700.0,Trung bình,0.326
C07501,50,Nữ,TP HCM,56,1,0,91.0,2.0,1288100.0,Trung bình,0.335
C07502,22,Nam,Cần Thơ,32,2,1,14.0,6.0,3127150.0,Đang hoạt động,0.363
C07503,32,Nữ,TP HCM,3,1,1,999.0,0.0,0.0,Chưa mua,0.819
C07504,70,Nữ,Hà Nội,2,1,1,34.0,4.0,11109317.0,Trung bình,0.588
C07505,39,Nữ,Cần Thơ,44,1,1,28.0,2.0,3578000.0,Đang hoạt động,0.393
C07506,54,Nam,Hà Nội,55,1,0,94.0,7.0,16464615.0,Trung bình,0.132
C07507,34,Nam,Hà Nội,30,1,1,29.0,4.0,3484850.0,Đang hoạt động,0.369
C07508,68,Nữ,TP HCM,34,2,0,152.0,2.0,3224000.0,Đã ngủ đông,0.61
C07509,44,Nam,TP HCM,53,0,0,121.0,4.0,5292600.0,Đã ngủ đông,0.184
C07510,67,Nữ,Hà Nội,1,1,1,93.0,1.0,1010000.0,Trung bình,0.734
C07511,27,Nữ,Hà Nội,12,2,0,108.0,1.0,1091000.0,Trung bình,0.763
C07512,56,Nữ,TP HCM,59,0,0,81.0,2.0,1042200.0,Trung bình,0.224
C07513,19,Nữ,TP HCM,50,2,0,34.0,5.0,3479100.0,Trung bình,0.327
C07514,69,Nam,Đà Nẵng,1,0,1,143.0,5.0,17186956.0,Đã ngủ đông,0.463
C07515,58,Nam,TP HCM,4,2,1,279.0,1.0,1080000.0,Đã ngủ đông,0.83
C07516,59,Nữ,TP HCM,57,1,0,113.0,4.0,2018750.0,Trung bình,0.234
C07517,26,Nam,Hà Nội,8,1,1,161.0,1.0,550000.0,Đã ngủ đông,0.697
C07518,27,Nam,Hà Nội,51,1,0,28.0,5.0,8935700.0,Đang hoạt động,0.206
C07519,22,Nam,Cần Thơ,17,1,0,4.0,5.0,6918000.0,Đang hoạt động,0.425
C07520,64,Nam,TP HCM,34,0,1,66.0,3.0,5961000.0,Trung bình,0.333
C07521,59,Nữ,Cần Thơ,44,0,1,999.0,0.0,0.0,Chưa mua,0.42
C07522,50,Nam,Hà Nội,18,0,1,61.0,4.0,1930300.0,Trung bình,0.342
C07523,42,Nam,TP HCM,48,5,1,93.0,5.0,5692800.0,Trung bình,0.672
C07524,60,Nam,Đà Nẵng,41,0,0,12.0,3.0,2919000.0,Đang hoạt động,0.265
C07525,32,Nam,Cần Thơ,53,1,0,166.0,5.0,2852650.0,Đã ngủ đông,0.198
C07526,45,Nữ,TP HCM,50,1,1,18.0,4.0,2418850.0,Đang hoạt động,0.274
C07527,26,Nam,Hà Nội,37,0,0,12.0,6.0,6004200.0,Đang hoạt động,0.161
C07528,47,Nữ,Đà Nẵng,42,2,1,195.0,3.0,467300.0,Đã ngủ đông,0.471
C07529,69,Nữ,TP HCM,46,1,1,33.0,1.0,360000.0,Trung bình,0.455
C07530,52,Nam,Hà Nội,26,2,1,130.0,2.0,655900.0,Đã ngủ đông,0.621
C07531,68,Nam,TP HCM,34,1,1,156.0,4.0,6446200.0,Đã ngủ đông,0.387
C07532,46,Nam,TP HCM,20,3,1,12.0,2.0,551350.0,Đang hoạt động,0.784
C07533,64,Nữ,Cần Thơ,29,3,1,234.0,1.0,130900.0,Đã ngủ đông,0.759
C07534,68,Nam,TP HCM,52,1,0,106.0,2.0,2526000.0,Trung bình,0.361
C07535,69,Nữ,Hải Phòng,10,2,1,80.0,3.0,3992000.0,Trung bình,0.68
C07536,31,Nam,Cần Thơ,42,1,0,246.0,2.0,2180000.0,Đã ngủ đông,0.412
C07537,36,Nam,Hà Nội,56,0,0,27.0,2.0,2703800.0,Đang hoạt động,0.213
C07538,54,Nam,Hà Nội,30,3,1,226.0,3.0,6973800.0,Đã ngủ đông,0.66
C07539,19,Nữ,TP HCM,22,0,0,62.0,2.0,1875300.0,Trung bình,0.475
C07540,54,Nữ,TP HCM,29,1,1,177.0,1.0,165000.0,Đã ngủ đông,0.589
C07541,34,Nữ,Hà Nội,33,1,0,127.0,4.0,2313000.0,Đã ngủ đông,0.351
C07542,27,Nam,Hà Nội,29,3,0,178.0,2.0,676800.0,Đã ngủ đông,0.708
C07543,22,Nữ,TP HCM,10,4,1,145.0,1.0,1702000.0,Đã ngủ đông,0.912
C07544,54,Nam,Hải Phòng,18,2,1,2.0,4.0,1350000.0,Đang hoạt động,0.562
C07545,45,Nữ,Hà Nội,43,3,0,20.0,4.0,4674800.0,Đang hoạt động,0.5
C07546,57,Nam,TP HCM,56,2,1,19.0,2.0,577650.0,Đang hoạt động,0.436
C07547,64,Nữ,Cần Thơ,12,3,1,50.0,2.0,813000.0,Trung bình,0.802
C07548,48,Nam,Hải Phòng,49,3,1,5.0,4.0,3476250.0,Đang hoạt động,0.45
C07549,29,Nam,TP HCM,42,1,1,79.0,3.0,3258000.0,Trung bình,0.383
C07550,63,Nữ,Hà Nội,16,2,1,27.0,2.0,1594000.0,Đang hoạt động,0.686
C07551,53,Nữ,Đà Nẵng,44,1,1,80.0,2.0,1873800.0,Trung bình,0.4
C07552,35,Nữ,Cần Thơ,16,0,0,271.0,3.0,1563000.0,Đã ngủ đông,0.433
C07553,46,Nam,Hà Nội,47,1,0,92.0,3.0,2618400.0,Trung bình,0.307
C07554,68,Nam,Hà Nội,5,0,1,16.0,4.0,2172400.0,Đang hoạt động,0.431
C07555,26,Nam,Hà Nội,22,1,1,25.0,4.0,2153400.0,Đang hoạt động,0.425
C07556,67,Nữ,TP HCM,25,2,1,25.0,3.0,1890900.0,Đang hoạt động,0.611
C07557,32,Nam,TP HCM,26,2,1,37.0,2.0,863550.0,Trung bình,0.661
C07558,48,Nữ,Đà Nẵng,9,3,1,11.0,1.0,175000.0,Đang hoạt động,0.855
C07559,50,Nữ,TP HCM,22,0,1,6.0,4.0,5455100.0,Đang hoạt động,0.361
C07560,42,Nữ,Hà Nội,40,0,0,83.0,5.0,3032200.0,Trung bình,0.179
C07561,57,Nữ,Hà Nội,22,1,1,290.0,1.0,379950.0,Đã ngủ đông,0.602
C07562,61,Nam,Hà Nội,21,3,1,144.0,3.0,4388500.0,Đã ngủ đông,0.71
C07563,65,Nam,Hà Nội,34,1,1,999.0,0.0,0.0,Chưa mua,0.594
C07564,55,Nam,Hà Nội,11,2,1,202.0,3.0,1512000.0,Đã ngủ đông,0.673
C07565,32,Nam,Hải Phòng,9,1,0,104.0,3.0,3720650.0,Trung bình,0.586
C07566,65,Nữ,Hà Nội,39,2,1,113.0,3.0,2209600.0,Trung bình,0.469
C07567,68,Nữ,TP HCM,11,0,1,162.0,2.0,998000.0,Đã ngủ đông,0.55
C07568,19,Nữ,Cần Thơ,41,1,0,39.0,2.0,978000.0,Trung bình,0.412
C07569,43,Nữ,TP HCM,23,3,1,30.0,2.0,867350.0,Đang hoạt động,0.771
C07570,63,Nam,TP HCM,38,1,1,230.0,3.0,2786000.0,Đã ngủ đông,0.41
C07571,53,Nam,TP HCM,25,1,0,3.0,4.0,4423300.0,Đang hoạt động,0.445
C07572,59,Nam,Hà Nội,54,2,1,136.0,4.0,2877650.0,Đã ngủ đông,0.309
C07573,25,Nam,Hà Nội,36,1,1,119.0,2.0,1717000.0,Trung bình,0.441
C07574,45,Nam,Hà Nội,56,1,0,229.0,2.0,992000.0,Đã ngủ đông,0.301
C07575,39,Nam,Đà Nẵng,37,0,0,16.0,4.0,2065100.0,Đang hoạt động,0.244
C07576,43,Nữ,Hà Nội,17,0,1,999.0,0.0,0.0,Chưa mua,0.611
C07577,70,Nam,TP HCM,59,0,0,56.0,7.0,10069650.0,Trung bình,0.086
C07578,63,Nam,Hải Phòng,47,2,0,15.0,7.0,3700000.0,Đang hoạt động,0.212
C07579,23,Nữ,Đà Nẵng,57,0,0,20.0,5.0,8033150.0,Đang hoạt động,0.131
C07580,40,Nam,Hà Nội,2,4,1,99.0,2.0,4248400.0,Trung bình,0.897
C07581,39,Nữ,TP HCM,53,0,0,999.0,0.0,0.0,Chưa mua,0.389
C07582,53,Nữ,Hải Phòng,45,1,0,23.0,2.0,5366000.0,Đang hoạt động,0.377
C07583,66,Nữ,Đà Nẵng,7,2,0,999.0,0.0,0.0,Chưa mua,0.851
C07584,27,Nữ,Cần Thơ,51,0,0,3.0,5.0,3268800.0,Đang hoạt động,0.141
C07585,36,Nữ,Hà Nội,10,0,1,15.0,4.0,2034750.0,Đang hoạt động,0.401
C07586,46,Nữ,TP HCM,19,1,1,8.0,2.0,851200.0,Đang hoạt động,0.601
C07587,39,Nữ,Cần Thơ,57,0,0,122.0,2.0,1700000.0,Đã ngủ đông,0.216
C07588,49,Nữ,TP HCM,14,3,1,274.0,1.0,640000.0,Đã ngủ đông,0.852
C07589,43,Nam,TP HCM,2,0,0,16.0,3.0,2591400.0,Đang hoạt động,0.56
C07590,54,Nữ,Hà Nội,2,0,0,12.0,3.0,1623000.0,Đang hoạt động,0.514
C07591,53,Nam,TP HCM,44,0,0,84.0,2.0,2143700.0,Trung bình,0.313
C07592,33,Nữ,TP HCM,52,0,0,43.0,4.0,6007000.0,Trung bình,0.19
C07593,18,Nữ,Đà Nẵng,26,0,1,107.0,3.0,1573900.0,Trung bình,0.37
C07594,35,Nữ,Hà Nội,21,1,0,251.0,1.0,2044400.0,Đã ngủ đông,0.615
C07595,18,Nam,Hà Nội,32,1,1,144.0,1.0,1383200.0,Đã ngủ đông,0.531
C07596,33,Nam,Cần Thơ,50,4,1,147.0,1.0,1492000.0,Đã ngủ đông,0.729
C07597,18,Nữ,Hà Nội,18,2,1,20.0,1.0,2436000.0,Đang hoạt động,0.731
C07598,22,Nữ,TP HCM,20,1,1,244.0,3.0,5112000.0,Đã ngủ đông,0.558
C07599,22,Nữ,TP HCM,3,0,1,999.0,0.0,0.0,Chưa mua,0.743
C07600,33,Nam,TP HCM,39,0,0,12.0,6.0,4129450.0,Đang hoạt động,0.174
C07601,23,Nam,Đà Nẵng,13,1,0,88.0,3.0,4138800.0,Trung bình,0.581
C07602,29,Nam,TP HCM,4,2,1,4.0,6.0,4850850.0,Đang hoạt động,0.603
C07603,40,Nữ,TP HCM,9,2,1,94.0,2.0,1773800.0,Trung bình,0.767
C07604,51,Nữ,Cần Thơ,17,3,1,28.0,5.0,2411500.0,Đang hoạt động,0.637
C07605,56,Nam,Hà Nội,25,1,0,84.0,6.0,3258800.0,Trung bình,0.296
C07606,63,Nam,TP HCM,60,0,1,79.0,2.0,323000.0,Trung bình,0.216
C07607,22,Nữ,TP HCM,7,1,1,142.0,3.0,2912000.0,Đã ngủ đông,0.643
C07608,24,Nam,TP HCM,34,2,0,194.0,2.0,1864000.0,Đã ngủ đông,0.614
C07609,51,Nữ,Cần Thơ,14,5,1,12.0,4.0,6602650.0,Đang hoạt động,0.863
C07610,62,Nam,TP HCM,20,0,1,133.0,1.0,151000.0,Đã ngủ đông,0.538
C07611,18,Nữ,Đà Nẵng,31,0,1,271.0,1.0,847400.0,Đã ngủ đông,0.452
C07612,57,Nam,Đà Nẵng,10,0,0,42.0,2.0,1973100.0,Trung bình,0.536
C07613,24,Nam,TP HCM,8,1,1,169.0,1.0,2048200.0,Đã ngủ đông,0.735
C07614,33,Nam,Đà Nẵng,15,0,0,44.0,1.0,1047000.0,Trung bình,0.559
C07615,34,Nam,TP HCM,48,1,0,9.0,5.0,3267600.0,Đang hoạt động,0.242
C07616,62,Nữ,Hà Nội,21,2,0,172.0,3.0,3298000.0,Đã ngủ đông,0.607
C07617,53,Nữ,Đà Nẵng,44,2,0,41.0,6.0,5131950.0,Trung bình,0.296
C07618,53,Nam,TP HCM,44,0,0,135.0,4.0,2016500.0,Đã ngủ đông,0.223
C07619,61,Nam,TP HCM,23,1,0,29.0,4.0,3292950.0,Đang hoạt động,0.457
C07620,22,Nữ,Hà Nội,24,0,0,35.0,2.0,977000.0,Trung bình,0.414
C07621,20,Nữ,TP HCM,60,0,0,52.0,5.0,3927750.0,Trung bình,0.126
C07622,19,Nữ,TP HCM,16,1,0,59.0,4.0,867500.0,Trung bình,0.514
C07623,23,Nam,Hà Nội,38,1,0,9.0,5.0,3419950.0,Đang hoạt động,0.268
C07624,70,Nam,TP HCM,42,0,0,158.0,3.0,2850900.0,Đã ngủ đông,0.278
C07625,60,Nữ,Hải Phòng,13,1,0,38.0,4.0,7133150.0,Trung bình,0.5
C07626,56,Nam,TP HCM,50,2,1,21.0,4.0,7411400.0,Đang hoạt động,0.381
C07627,54,Nữ,Hải Phòng,21,1,0,10.0,3.0,6362000.0,Đang hoạt động,0.497
C07628,23,Nữ,Hải Phòng,59,1,0,279.0,1.0,184000.0,Đã ngủ đông,0.338
C07629,27,Nữ,Hà Nội,37,2,0,60.0,2.0,958900.0,Trung bình,0.544
C07630,35,Nam,Hà Nội,58,0,0,20.0,2.0,4336200.0,Đang hoạt động,0.205
C07631,37,Nữ,TP HCM,3,0,0,120.0,3.0,2239250.0,Trung bình,0.558
C07632,69,Nữ,TP HCM,7,0,1,6.0,6.0,9014750.0,Đang hoạt động,0.36
C07633,50,Nữ,Đà Nẵng,60,3,0,14.0,4.0,4524750.0,Đang hoạt động,0.395
C07634,62,Nam,Hải Phòng,17,1,0,46.0,2.0,2489900.0,Trung bình,0.575
C07635,44,Nữ,Đà Nẵng,48,2,0,46.0,3.0,4297000.0,Trung bình,0.43
C07636,46,Nam,Cần Thơ,28,2,0,31.0,5.0,9290000.0,Trung bình,0.459
C07637,52,Nữ,TP HCM,19,2,1,88.0,3.0,2128800.0,Trung bình,0.657
C07638,56,Nữ,Hà Nội,37,1,0,15.0,5.0,4018400.0,Đang hoạt động,0.271
C07639,29,Nữ,TP HCM,42,3,0,11.0,5.0,2556200.0,Đang hoạt động,0.489
C07640,66,Nam,Đà Nẵng,40,1,1,11.0,3.0,3895900.0,Đang hoạt động,0.371
C07641,22,Nam,Hà Nội,9,1,1,11.0,3.0,5693200.0,Đang hoạt động,0.588
C07642,26,Nam,TP HCM,25,0,1,57.0,4.0,5732300.0,Trung bình,0.345
C07643,30,Nam,Hà Nội,55,0,0,88.0,2.0,712000.0,Trung bình,0.217
C07644,57,Nữ,Cần Thơ,56,2,0,18.0,5.0,4064400.0,Đang hoạt động,0.258
C07645,43,Nữ,Hà Nội,52,1,0,216.0,3.0,1161750.0,Đã ngủ đông,0.278
C07646,52,Nữ,Hà Nội,25,2,1,167.0,1.0,138000.0,Đã ngủ đông,0.682
C07647,69,Nam,Hà Nội,51,1,0,129.0,3.0,4577000.0,Đã ngủ đông,0.283
C07648,70,Nữ,Cần Thơ,37,0,1,64.0,3.0,6100750.0,Trung bình,0.286
C07649,26,Nam,TP HCM,36,4,1,91.0,3.0,2813200.0,Trung bình,0.746
C07650,49,Nữ,TP HCM,13,2,0,55.0,6.0,5224800.0,Trung bình,0.537
C07651,46,Nam,TP HCM,48,1,0,119.0,3.0,2100400.0,Trung bình,0.338
C07652,34,Nữ,Hà Nội,34,2,0,142.0,1.0,280800.0,Đã ngủ đông,0.624
C07653,65,Nam,Đà Nẵng,57,1,1,33.0,1.0,478800.0,Trung bình,0.356
C07654,22,Nam,TP HCM,30,0,1,999.0,0.0,0.0,Chưa mua,0.561
C07655,52,Nam,TP HCM,39,3,1,17.0,6.0,12062750.0,Đang hoạt động,0.469
C07656,29,Nữ,Đà Nẵng,12,4,1,116.0,4.0,3697900.0,Trung bình,0.817
C07657,50,Nam,Hà Nội,1,3,1,49.0,4.0,6142100.0,Trung bình,0.78
C07658,49,Nữ,Hà Nội,45,1,1,167.0,1.0,170050.0,Đã ngủ đông,0.428
C07659,60,Nam,TP HCM,36,3,1,135.0,4.0,1398400.0,Đã ngủ đông,0.587
C07660,51,Nữ,Hà Nội,40,4,1,59.0,3.0,2008900.0,Trung bình,0.681
C07661,54,Nữ,Hà Nội,24,3,1,116.0,4.0,3687500.0,Trung bình,0.638
C07662,68,Nữ,Hải Phòng,10,0,1,39.0,3.0,6761700.0,Trung bình,0.465
C07663,23,Nam,TP HCM,22,1,0,117.0,4.0,5627350.0,Trung bình,0.48
C07664,50,Nữ,Cần Thơ,29,1,1,39.0,4.0,2694900.0,Trung bình,0.384
C07665,57,Nam,TP HCM,47,0,1,51.0,2.0,2073400.0,Trung bình,0.292
C07666,24,Nam,Cần Thơ,50,2,1,999.0,0.0,0.0,Chưa mua,0.606
C07667,39,Nam,Hà Nội,31,1,1,216.0,2.0,1322000.0,Đã ngủ đông,0.478
C07668,58,Nam,Đà Nẵng,34,0,0,11.0,6.0,10439000.0,Đang hoạt động,0.19
C07669,65,Nữ,Cần Thơ,51,0,1,20.0,2.0,1587600.0,Đang hoạt động,0.242
C07670,30,Nam,Cần Thơ,53,0,0,18.0,5.0,1701500.0,Đang hoạt động,0.131
C07671,60,Nam,TP HCM,12,1,1,213.0,1.0,3519750.0,Đã ngủ đông,0.71
C07672,50,Nữ,TP HCM,34,1,1,999.0,0.0,0.0,Chưa mua,0.638
C07673,48,Nam,Cần Thơ,33,0,0,11.0,4.0,5276200.0,Đang hoạt động,0.262
C07674,31,Nữ,Hà Nội,24,1,0,17.0,4.0,4922600.0,Đang hoạt động,0.417
C07675,44,Nam,TP HCM,32,0,0,222.0,2.0,691600.0,Đã ngủ đông,0.399
C07676,21,Nam,Hà Nội,25,2,1,132.0,2.0,560500.0,Đã ngủ đông,0.633
C07677,54,Nữ,TP HCM,43,2,0,23.0,5.0,4154900.0,Đang hoạt động,0.37
C07678,21,Nam,TP HCM,6,3,1,24.0,5.0,4875650.0,Đang hoạt động,0.742
C07679,53,Nam,Hải Phòng,42,1,0,47.0,3.0,1365000.0,Trung bình,0.335
C07680,44,Nam,Cần Thơ,22,1,0,62.0,5.0,2437050.0,Trung bình,0.378
C07681,42,Nữ,TP HCM,60,1,0,4.0,7.0,4259150.0,Đang hoạt động,0.123
C07682,44,Nam,TP HCM,8,2,0,10.0,3.0,4928800.0,Đang hoạt động,0.73
C07683,20,Nữ,Hải Phòng,33,3,1,86.0,2.0,912000.0,Trung bình,0.683
C07684,45,Nam,TP HCM,24,4,1,43.0,3.0,621200.0,Trung bình,0.802
C07685,33,Nữ,TP HCM,10,1,0,122.0,2.0,5707750.0,Đã ngủ đông,0.679
C07686,35,Nữ,Cần Thơ,23,0,0,129.0,2.0,3525900.0,Đã ngủ đông,0.439
C07687,40,Nam,Hà Nội,32,1,1,167.0,5.0,4807950.0,Đã ngủ đông,0.31
C07688,43,Nam,Cần Thơ,25,0,1,76.0,3.0,3944700.0,Trung bình,0.364
C07689,41,Nam,Đà Nẵng,14,1,1,223.0,2.0,1399000.0,Đã ngủ đông,0.626
C07690,46,Nam,Hà Nội,46,0,0,32.0,5.0,4483700.0,Trung bình,0.154
C07691,35,Nam,Cần Thơ,17,0,1,115.0,3.0,972000.0,Trung bình,0.417
C07692,55,Nam,Cần Thơ,17,1,0,32.0,4.0,3384300.0,Trung bình,0.471
C07693,64,Nữ,TP HCM,12,1,0,237.0,3.0,5671450.0,Đã ngủ đông,0.611
C07694,30,Nam,Hà Nội,34,1,0,20.0,7.0,2647150.0,Đang hoạt động,0.203
C07695,24,Nam,Đà Nẵng,13,1,1,197.0,3.0,2382800.0,Đã ngủ đông,0.581
C07696,36,Nữ,TP HCM,38,0,1,8.0,3.0,2581700.0,Đang hoạt động,0.303
C07697,52,Nam,Hải Phòng,25,3,0,112.0,3.0,611800.0,Trung bình,0.678
C07698,59,Nam,Hải Phòng,60,1,0,12.0,3.0,1924250.0,Đang hoạt động,0.226
C07699,22,Nữ,Cần Thơ,49,1,0,50.0,2.0,1805700.0,Trung bình,0.357
C07700,28,Nữ,TP HCM,22,1,0,20.0,5.0,8715500.0,Đang hoạt động,0.425
C07701,46,Nam,Đà Nẵng,59,1,1,42.0,3.0,10460787.0,Trung bình,0.265
C07702,52,Nữ,TP HCM,18,1,1,37.0,6.0,5108150.0,Trung bình,0.386
C07703,64,Nam,TP HCM,37,1,0,34.0,4.0,2499500.0,Trung bình,0.354
C07704,42,Nam,TP HCM,45,1,0,303.0,1.0,3862393.158091434,Đã ngủ đông,0.484
C07705,25,Nữ,TP HCM,14,1,0,28.0,4.0,2607450.0,Đang hoạt động,0.53
C07706,57,Nam,TP HCM,26,1,1,87.0,1.0,962000.0,Trung bình,0.607
C07707,24,Nữ,Hà Nội,54,4,1,999.0,0.0,0.0,Chưa mua,0.766
C07708,33,Nữ,Hà Nội,56,1,0,1.0,5.0,2791250.0,Đang hoạt động,0.174
C07709,34,Nữ,Hà Nội,51,3,1,162.0,1.0,284000.0,Đã ngủ đông,0.612
C07710,47,Nữ,Hải Phòng,18,2,1,54.0,2.0,490000.0,Trung bình,0.675
C07711,40,Nam,TP HCM,6,1,0,999.0,0.0,0.0,Chưa mua,0.804
C07712,46,Nam,TP HCM,14,0,0,15.0,1.0,1914000.0,Đang hoạt động,0.585
C07713,23,Nam,Cần Thơ,21,0,0,284.0,2.0,1064350.0,Đã ngủ đông,0.454
C07714,33,Nữ,Hải Phòng,52,2,0,13.0,5.0,8893200.0,Đang hoạt động,0.285
C07715,45,Nữ,Hải Phòng,23,3,1,107.0,3.0,2296400.0,Trung bình,0.696
C07716,23,Nữ,Hải Phòng,1,2,1,89.0,3.0,1600700.0,Trung bình,0.738
C07717,35,Nữ,Đà Nẵng,55,0,0,165.0,1.0,1027000.0,Đã ngủ đông,0.281
C07718,62,Nam,Đà Nẵng,55,3,1,12.0,4.0,2022850.0,Đang hoạt động,0.423
C07719,66,Nữ,Hà Nội,41,1,1,103.0,2.0,1402350.0,Trung bình,0.397
C07720,70,Nam,Đà Nẵng,5,3,1,41.0,6.0,10362456.0,Trung bình,0.688
C07721,58,Nữ,Cần Thơ,3,1,0,60.0,6.0,5122800.0,Trung bình,0.464
C07722,30,Nam,TP HCM,11,1,0,74.0,3.0,3630650.0,Trung bình,0.612
C07723,42,Nữ,TP HCM,54,0,1,82.0,1.0,2556000.0,Trung bình,0.303
C07724,25,Nữ,Hải Phòng,16,2,1,171.0,2.0,629900.0,Đã ngủ đông,0.695
C07725,18,Nữ,TP HCM,2,0,0,21.0,5.0,3309300.0,Đang hoạt động,0.45
C07726,39,Nữ,Hà Nội,45,0,0,259.0,1.0,4598500.0,Đã ngủ đông,0.334
C07727,29,Nam,TP HCM,54,1,1,46.0,4.0,2395900.0,Trung bình,0.252
C07728,34,Nữ,Cần Thơ,15,1,1,257.0,1.0,3591000.0,Đã ngủ đông,0.67
C07729,20,Nữ,Đà Nẵng,19,2,1,93.0,2.0,1309400.0,Trung bình,0.695
C07730,64,Nữ,Đà Nẵng,51,0,0,114.0,2.0,8342994.0,Trung bình,0.266
C07731,49,Nam,Hà Nội,20,0,0,123.0,3.0,1986100.0,Đã ngủ đông,0.386
C07732,54,Nữ,TP HCM,17,0,0,207.0,1.0,1133000.0,Đã ngủ đông,0.568
C07733,33,Nữ,TP HCM,47,2,1,135.0,3.0,1646400.0,Đã ngủ đông,0.457
C07734,27,Nữ,TP HCM,57,2,1,9.0,3.0,1060050.0,Đang hoạt động,0.379
C07735,35,Nữ,Đà Nẵng,40,1,1,135.0,2.0,3760000.0,Đã ngủ đông,0.438
C07736,53,Nữ,TP HCM,33,1,0,108.0,4.0,2789800.0,Trung bình,0.388
C07737,51,Nữ,Hải Phòng,6,2,1,78.0,2.0,332100.0,Trung bình,0.748
C07738,30,Nữ,Cần Thơ,43,4,1,76.0,2.0,1080400.0,Trung bình,0.723
C07739,27,Nữ,TP HCM,52,1,1,17.0,7.0,7055400.0,Đang hoạt động,0.156
C07740,52,Nữ,Hải Phòng,36,4,1,131.0,1.0,140400.0,Đã ngủ đông,0.794
C07741,40,Nam,TP HCM,30,4,1,93.0,2.0,2616800.0,Trung bình,0.815
C07742,29,Nam,Hà Nội,47,0,0,3.0,6.0,5588600.0,Đang hoạt động,0.124
C07743,18,Nữ,Hà Nội,10,1,1,163.0,2.0,1243000.0,Đã ngủ đông,0.635
C07744,65,Nam,TP HCM,21,3,0,15.0,7.0,4665700.0,Đang hoạt động,0.526
C07745,70,Nữ,Hà Nội,25,1,0,167.0,5.0,3825850.0,Đã ngủ đông,0.351
C07746,41,Nam,Đà Nẵng,35,1,0,35.0,3.0,1483200.0,Trung bình,0.406
C07747,37,Nữ,TP HCM,2,1,1,148.0,2.0,2149000.0,Đã ngủ đông,0.723
C07748,50,Nữ,TP HCM,45,1,1,34.0,5.0,1219100.0,Trung bình,0.255
C07749,21,Nữ,Hà Nội,10,0,0,33.0,5.0,1853000.0,Trung bình,0.348
C07750,40,Nữ,Đà Nẵng,24,1,0,104.0,4.0,3350500.0,Trung bình,0.438
C07751,68,Nữ,TP HCM,1,0,1,170.0,3.0,1117000.0,Đã ngủ đông,0.567
C07752,25,Nam,Hà Nội,16,2,1,999.0,0.0,0.0,Chưa mua,0.803
C07753,52,Nam,Hà Nội,5,2,1,42.0,6.0,9433800.0,Trung bình,0.561
C07754,41,Nam,Đà Nẵng,10,2,1,88.0,7.0,4830400.0,Trung bình,0.481
C07755,56,Nữ,TP HCM,21,1,1,15.0,1.0,161500.0,Đang hoạt động,0.64
C07756,21,Nam,Hà Nội,23,1,1,244.0,2.0,1747750.0,Đã ngủ đông,0.543
C07757,35,Nữ,Hải Phòng,19,2,1,96.0,1.0,707750.0,Trung bình,0.722
C07758,67,Nam,TP HCM,9,0,1,71.0,3.0,2316000.0,Trung bình,0.505
C07759,70,Nữ,Hà Nội,39,2,1,75.0,4.0,4244050.0,Trung bình,0.413
C07760,27,Nữ,Hải Phòng,11,1,0,43.0,4.0,3548000.0,Trung bình,0.513
C07761,20,Nam,Hà Nội,46,1,1,22.0,2.0,969000.0,Đang hoạt động,0.364
C07762,67,Nữ,Cần Thơ,33,1,1,40.0,1.0,1237000.0,Trung bình,0.523
C07763,47,Nữ,TP HCM,38,0,1,262.0,1.0,432000.0,Đã ngủ đông,0.414
C07764,27,Nữ,Hà Nội,33,1,1,12.0,4.0,5030700.0,Đang hoạt động,0.354
C07765,68,Nữ,TP HCM,38,1,1,999.0,0.0,0.0,Chưa mua,0.607
C07766,37,Nữ,Hà Nội,33,1,1,20.0,4.0,1919500.0,Đang hoạt động,0.346
C07767,59,Nữ,Hải Phòng,46,1,0,60.0,5.0,4445300.0,Trung bình,0.223
C07768,33,Nam,Hải Phòng,58,1,0,85.0,4.0,2684750.0,Trung bình,0.203
C07769,70,Nam,TP HCM,44,1,1,74.0,5.0,3870500.0,Trung bình,0.263
C07770,24,Nam,TP HCM,6,0,0,22.0,3.0,1534200.0,Đang hoạt động,0.531
C07771,41,Nam,Hà Nội,11,0,0,12.0,2.0,3693200.0,Đang hoạt động,0.511
C07772,45,Nam,TP HCM,9,3,1,23.0,2.0,630200.0,Đang hoạt động,0.835
C07773,47,Nam,Hà Nội,21,2,1,102.0,4.0,3374300.0,Trung bình,0.548
C07774,44,Nam,Hải Phòng,34,2,1,999.0,0.0,0.0,Chưa mua,0.702
C07775,26,Nữ,Cần Thơ,8,2,1,11.0,5.0,5187400.0,Đang hoạt động,0.602
C07776,60,Nam,TP HCM,60,1,0,87.0,2.0,1146000.0,Trung bình,0.306
C07777,21,Nam,Cần Thơ,46,3,1,89.0,4.0,2609000.0,Trung bình,0.489
C07778,46,Nam,TP HCM,3,2,1,138.0,4.0,2426000.0,Đã ngủ đông,0.712
C07779,64,Nam,TP HCM,21,2,0,19.0,5.0,7733500.0,Đang hoạt động,0.537
C07780,50,Nữ,TP HCM,53,2,0,2.0,6.0,8214000.0,Đang hoạt động,0.263
C07781,33,Nữ,Hà Nội,31,0,0,52.0,1.0,434000.0,Trung bình,0.418
C07782,30,Nam,Hà Nội,7,1,1,290.0,1.0,194000.0,Đã ngủ đông,0.706
C07783,51,Nữ,Hà Nội,8,2,1,57.0,3.0,6525700.0,Trung bình,0.7
C07784,28,Nam,TP HCM,27,3,1,57.0,3.0,9245628.0,Trung bình,0.719
C07785,39,Nam,Hà Nội,44,0,0,65.0,4.0,1485100.0,Trung bình,0.193
C07786,23,Nam,Cần Thơ,58,0,1,4.0,6.0,3807400.0,Đang hoạt động,0.095
C07787,22,Nữ,Hà Nội,24,0,1,104.0,5.0,7282150.0,Trung bình,0.271
C07788,46,Nữ,Đà Nẵng,44,0,1,238.0,3.0,3709500.0,Đã ngủ đông,0.258
C07789,37,Nữ,TP HCM,40,0,0,222.0,1.0,182000.0,Đã ngủ đông,0.399
C07790,40,Nữ,Hà Nội,57,0,0,9.0,6.0,13573500.0,Đang hoạt động,0.101
C07791,24,Nam,TP HCM,38,1,0,55.0,3.0,2501900.0,Trung bình,0.41
C07792,47,Nam,Hà Nội,27,1,0,96.0,5.0,3643700.0,Trung bình,0.337
C07793,44,Nữ,Hà Nội,25,0,0,124.0,3.0,1455000.0,Đã ngủ đông,0.352
C07794,55,Nữ,TP HCM,21,2,0,37.0,5.0,9093718.0,Trung bình,0.543
C07795,25,Nam,TP HCM,36,1,1,100.0,3.0,1261450.0,Trung bình,0.423
C07796,65,Nữ,Đà Nẵng,28,0,0,27.0,1.0,171000.0,Đang hoạt động,0.456
C07797,45,Nữ,TP HCM,16,0,0,3.0,2.0,2350000.0,Đang hoạt động,0.514
C07798,25,Nữ,Hải Phòng,33,2,1,173.0,2.0,2101150.0,Đã ngủ đông,0.581
C07799,42,Nữ,TP HCM,38,3,1,180.0,4.0,8679000.0,Đã ngủ đông,0.595
C07800,69,Nữ,Hà Nội,28,1,1,17.0,2.0,830500.0,Đang hoạt động,0.488
C07801,31,Nam,Hà Nội,15,0,0,19.0,3.0,1862400.0,Đang hoạt động,0.421
C07802,42,Nam,TP HCM,16,0,0,103.0,1.0,155700.0,Trung bình,0.57
C07803,34,Nữ,Đà Nẵng,16,1,0,105.0,2.0,1848000.0,Trung bình,0.611
C07804,27,Nam,Hà Nội,60,1,0,280.0,2.0,807000.0,Đã ngủ đông,0.28
C07805,45,Nữ,Hà Nội,31,2,0,152.0,2.0,1103000.0,Đã ngủ đông,0.589
C07806,22,Nam,TP HCM,54,1,0,8.0,5.0,2585800.0,Đang hoạt động,0.211
C07807,56,Nam,Hà Nội,45,1,1,43.0,3.0,2147300.0,Trung bình,0.316
C07808,68,Nam,Hà Nội,25,0,0,6.0,3.0,2746250.0,Đang hoạt động,0.345
C07809,55,Nam,Hà Nội,3,2,0,33.0,5.0,13005950.0,Trung bình,0.639
C07810,33,Nam,Đà Nẵng,42,2,0,48.0,3.0,2586750.0,Trung bình,0.472
C07811,69,Nữ,Cần Thơ,11,2,1,81.0,3.0,1778800.0,Trung bình,0.678
C07812,54,Nam,Đà Nẵng,30,0,1,16.0,2.0,1847100.0,Đang hoạt động,0.387
C07813,47,Nam,Cần Thơ,31,1,0,168.0,5.0,2908300.0,Đã ngủ đông,0.321
C07814,22,Nữ,Đà Nẵng,57,2,0,999.0,0.0,0.0,Chưa mua,0.568
C07815,46,Nữ,TP HCM,32,1,1,28.0,4.0,1883350.0,Đang hoạt động,0.392
C07816,33,Nam,Hải Phòng,51,2,1,49.0,2.0,3858500.0,Trung bình,0.444
C07817,27,Nam,Cần Thơ,47,1,1,178.0,2.0,6696000.0,Đã ngủ đông,0.384
C07818,24,Nam,Hà Nội,29,1,0,6.0,3.0,2898300.0,Đang hoạt động,0.433
C07819,40,Nam,Hải Phòng,3,2,1,143.0,2.0,2164000.0,Đã ngủ đông,0.77
C07820,24,Nam,TP HCM,57,2,1,44.0,2.0,2392000.0,Trung bình,0.439
C07821,44,Nữ,TP HCM,31,1,0,51.0,3.0,1722200.0,Trung bình,0.458
C07822,20,Nữ,Hải Phòng,26,2,1,57.0,1.0,621000.0,Trung bình,0.679
C07823,60,Nam,Đà Nẵng,56,4,0,200.0,2.0,1071800.0,Đã ngủ đông,0.648
C07824,55,Nữ,TP HCM,13,2,1,42.0,2.0,985300.0,Trung bình,0.74
C07825,35,Nam,Hải Phòng,13,0,0,45.0,5.0,4704700.0,Trung bình,0.331
C07826,30,Nam,Đà Nẵng,4,1,0,1.0,2.0,1126000.0,Đang hoạt động,0.687
C07827,25,Nam,Cần Thơ,42,2,1,7.0,1.0,159600.0,Đang hoạt động,0.571
C07828,40,Nam,Đà Nẵng,35,2,1,19.0,5.0,3137750.0,Đang hoạt động,0.406
C07829,34,Nam,TP HCM,10,5,1,108.0,3.0,3889000.0,Trung bình,0.911
C07830,44,Nữ,TP HCM,57,0,0,1.0,2.0,1050000.0,Đang hoạt động,0.234
C07831,43,Nữ,Đà Nẵng,49,1,0,36.0,6.0,4922800.0,Trung bình,0.187
C07832,33,Nữ,TP HCM,33,1,0,5.0,4.0,3991450.0,Đang hoạt động,0.391
C07833,50,Nam,TP HCM,1,3,1,39.0,3.0,2377000.0,Trung bình,0.838
C07834,38,Nữ,Hải Phòng,21,3,1,20.0,4.0,931050.0,Đang hoạt động,0.653
C07835,18,Nam,Hải Phòng,55,3,0,35.0,2.0,1576600.0,Trung bình,0.525
C07836,43,Nữ,Hà Nội,51,1,0,62.0,5.0,12882000.0,Trung bình,0.212
C07837,28,Nữ,Hải Phòng,22,2,0,13.0,7.0,11620000.0,Đang hoạt động,0.387
C07838,32,Nữ,Đà Nẵng,6,4,1,31.0,3.0,4669300.0,Trung bình,0.87
C07839,20,Nam,Hải Phòng,56,1,0,91.0,1.0,856000.0,Trung bình,0.352
C07840,60,Nam,TP HCM,23,3,1,34.0,4.0,1929800.0,Trung bình,0.675
C07841,56,Nữ,Hà Nội,38,1,0,54.0,5.0,1708350.0,Trung bình,0.263
C07842,23,Nam,Hà Nội,27,0,0,48.0,4.0,2844100.0,Trung bình,0.29
C07843,36,Nữ,TP HCM,39,0,1,29.0,3.0,1587000.0,Đang hoạt động,0.296
C07844,56,Nam,Hải Phòng,42,2,0,16.0,9.0,9196150.0,Đang hoạt động,0.171
C07845,63,Nữ,TP HCM,58,2,0,50.0,3.0,2540150.0,Trung bình,0.371
C07846,47,Nữ,Hải Phòng,50,0,0,141.0,3.0,2303100.0,Đã ngủ đông,0.206
C07847,20,Nữ,Hà Nội,39,0,0,999.0,0.0,0.0,Chưa mua,0.452
C07848,48,Nam,Hải Phòng,24,4,0,16.0,4.0,5985050.0,Đang hoạt động,0.737
C07849,50,Nữ,Hải Phòng,49,1,1,118.0,3.0,1322000.0,Trung bình,0.294
C07850,22,Nữ,TP HCM,7,1,1,114.0,3.0,4462800.0,Trung bình,0.646
C07851,22,Nữ,TP HCM,20,2,1,109.0,2.0,2322000.0,Trung bình,0.707
C07852,20,Nam,TP HCM,51,2,0,47.0,3.0,3137500.0,Trung bình,0.428
C07853,22,Nam,TP HCM,45,1,0,87.0,2.0,594000.0,Trung bình,0.413
C07854,27,Nữ,Đà Nẵng,11,0,0,182.0,3.0,1334100.0,Đã ngủ đông,0.48
C07855,70,Nữ,Hải Phòng,12,0,0,78.0,2.0,1512100.0,Trung bình,0.498
C07856,27,Nam,Cần Thơ,45,1,0,15.0,3.0,2734200.0,Đang hoạt động,0.33
C07857,61,Nam,Hà Nội,29,1,0,56.0,5.0,7246150.0,Trung bình,0.327
C07858,60,Nữ,TP HCM,43,0,1,48.0,5.0,3896700.0,Trung bình,0.19
C07859,22,Nam,TP HCM,48,3,1,232.0,2.0,1843700.0,Đã ngủ đông,0.625
C07860,58,Nam,TP HCM,24,1,1,25.0,4.0,2944450.0,Đang hoạt động,0.449
C07861,50,Nam,TP HCM,7,1,1,42.0,3.0,1993450.0,Trung bình,0.632
C07862,46,Nữ,TP HCM,13,0,0,153.0,2.0,519000.0,Đã ngủ đông,0.538
C07863,31,Nữ,TP HCM,46,0,0,53.0,4.0,3047500.0,Trung bình,0.215
C07864,35,Nữ,Cần Thơ,4,1,1,10.0,6.0,5372250.0,Đang hoạt động,0.459
C07865,28,Nam,TP HCM,39,1,1,82.0,5.0,7355700.0,Trung bình,0.306
C07866,55,Nữ,Hà Nội,25,3,0,60.0,2.0,1414000.0,Trung bình,0.727
C07867,48,Nữ,TP HCM,2,1,1,103.0,4.0,1771700.0,Trung bình,0.615
C07868,29,Nữ,Hải Phòng,7,2,1,7.0,6.0,9795650.0,Đang hoạt động,0.552
C07869,34,Nam,Hà Nội,30,0,0,999.0,0.0,0.0,Chưa mua,0.516
C07870,38,Nữ,Hải Phòng,51,1,0,199.0,3.0,1648800.0,Đã ngủ đông,0.286
C07871,65,Nam,Đà Nẵng,29,2,0,193.0,4.0,4325050.0,Đã ngủ đông,0.514
C07872,69,Nữ,TP HCM,21,1,1,206.0,1.0,412000.0,Đã ngủ đông,0.645
C07873,43,Nam,TP HCM,27,0,1,210.0,2.0,999400.0,Đã ngủ đông,0.435
C07874,27,Nam,Hải Phòng,53,3,1,999.0,0.0,0.0,Chưa mua,0.68
C07875,67,Nữ,Hải Phòng,21,0,0,97.0,1.0,1057400.0,Trung bình,0.49
C07876,20,Nữ,TP HCM,30,4,1,999.0,0.0,0.0,Chưa mua,0.889
C07877,60,Nữ,TP HCM,42,1,1,21.0,5.0,4047050.0,Đang hoạt động,0.276
C07878,52,Nữ,Hà Nội,46,1,1,191.0,3.0,1958700.0,Đã ngủ đông,0.315
C07879,36,Nữ,TP HCM,24,1,1,195.0,2.0,757000.0,Đã ngủ đông,0.573
C07880,62,Nữ,Cần Thơ,21,2,0,10.0,3.0,1245200.0,Đang hoạt động,0.607
C07881,43,Nữ,TP HCM,48,1,1,999.0,0.0,0.0,Chưa mua,0.538
C07882,46,Nữ,TP HCM,38,1,1,13.0,3.0,1901000.0,Đang hoạt động,0.405
C07883,55,Nam,Hà Nội,3,2,1,212.0,2.0,1891800.0,Đã ngủ đông,0.769
C07884,40,Nam,TP HCM,22,1,0,138.0,3.0,2594000.0,Đã ngủ đông,0.529
C07885,64,Nam,Hà Nội,34,0,0,55.0,3.0,3985450.0,Trung bình,0.291
C07886,43,Nữ,Hải Phòng,58,0,0,222.0,1.0,415150.0,Đã ngủ đông,0.246
C07887,38,Nam,TP HCM,22,0,0,113.0,3.0,2860150.0,Trung bình,0.416
C07888,68,Nam,TP HCM,41,2,1,158.0,1.0,679000.0,Đã ngủ đông,0.609
C07889,62,Nữ,Hải Phòng,57,2,0,152.0,5.0,3782100.0,Đã ngủ đông,0.247
C07890,19,Nữ,TP HCM,18,1,1,108.0,2.0,1084650.0,Trung bình,0.617
C07891,62,Nữ,Hà Nội,46,0,0,116.0,3.0,3173600.0,Trung bình,0.224
C07892,59,Nữ,Cần Thơ,16,1,1,14.0,5.0,2063000.0,Đang hoạt động,0.417
C07893,55,Nam,Cần Thơ,52,1,1,80.0,4.0,7239200.0,Trung bình,0.245
C07894,28,Nữ,Hà Nội,60,0,0,75.0,3.0,4952600.0,Trung bình,0.164
C07895,54,Nam,TP HCM,22,3,1,229.0,1.0,172000.0,Đã ngủ đông,0.816
C07896,21,Nam,Đà Nẵng,18,1,1,122.0,1.0,506350.0,Đã ngủ đông,0.651
C07897,56,Nữ,TP HCM,24,0,1,999.0,0.0,0.0,Chưa mua,0.6
C07898,19,Nữ,Đà Nẵng,6,1,1,72.0,2.0,3691400.0,Trung bình,0.684
C07899,21,Nam,Đà Nẵng,55,2,0,48.0,4.0,5086750.0,Trung bình,0.33
C07900,51,Nữ,TP HCM,14,0,0,66.0,5.0,2969700.0,Trung bình,0.359
C07901,26,Nam,Cần Thơ,28,0,1,185.0,2.0,2870350.0,Đã ngủ đông,0.403
C07902,56,Nữ,TP HCM,1,2,0,22.0,2.0,1632000.0,Đang hoạt động,0.804
C07903,45,Nữ,Hà Nội,5,2,1,12.0,6.0,11473200.0,Đang hoạt động,0.567
C07904,28,Nữ,TP HCM,10,2,1,187.0,2.0,657250.0,Đã ngủ đông,0.764
C07905,37,Nam,Hải Phòng,42,2,1,18.0,3.0,1582800.0,Đang hoạt động,0.445
C07906,25,Nam,Hà Nội,28,1,1,9.0,5.0,2192300.0,Đang hoạt động,0.328
C07907,29,Nữ,TP HCM,27,2,1,999.0,0.0,0.0,Chưa mua,0.777
C07908,34,Nam,TP HCM,4,1,0,37.0,2.0,2049300.0,Trung bình,0.706
C07909,49,Nam,Hà Nội,24,1,1,29.0,3.0,8527600.0,Đang hoạt động,0.479
C07910,53,Nam,Đà Nẵng,1,3,1,999.0,0.0,0.0,Chưa mua,0.916
C07911,67,Nữ,TP HCM,49,0,0,93.0,2.0,848750.0,Trung bình,0.279
C07912,48,Nữ,TP HCM,50,1,1,42.0,4.0,2821900.0,Trung bình,0.275
C07913,66,Nam,Hải Phòng,8,1,0,157.0,4.0,2166000.0,Đã ngủ đông,0.528
C07914,31,Nữ,TP HCM,21,0,1,22.0,5.0,1574250.0,Đang hoạt động,0.311
C07915,26,Nam,Hải Phòng,22,0,0,54.0,5.0,1517000.0,Trung bình,0.27
C07916,45,Nữ,TP HCM,52,0,1,44.0,2.0,4825500.0,Trung bình,0.27
C07917,51,Nam,TP HCM,40,0,0,56.0,4.0,3881050.0,Trung bình,0.245
C07918,30,Nam,TP HCM,3,3,1,109.0,3.0,975000.0,Trung bình,0.831
C07919,24,Nam,TP HCM,44,1,1,116.0,5.0,5621800.0,Trung bình,0.273
C07920,65,Nam,Hà Nội,48,0,1,42.0,3.0,5066576.0,Trung bình,0.214
C07921,46,Nữ,TP HCM,23,1,0,46.0,6.0,4662400.0,Trung bình,0.351
C07922,70,Nữ,Hải Phòng,44,2,1,227.0,1.0,760000.0,Đã ngủ đông,0.55
C07923,45,Nam,Hà Nội,28,2,0,3.0,9.0,9493600.0,Đang hoạt động,0.24
C07924,30,Nữ,Đà Nẵng,18,0,0,8.0,3.0,1742200.0,Đang hoạt động,0.422
C07925,36,Nam,Đà Nẵng,1,0,1,54.0,3.0,2694700.0,Trung bình,0.55
C07926,33,Nam,Hải Phòng,55,0,1,76.0,3.0,1961300.0,Trung bình,0.181
C07927,32,Nữ,Đà Nẵng,37,0,1,23.0,4.0,1289550.0,Đang hoạt động,0.245
C07928,60,Nữ,Hà Nội,32,2,0,8.0,5.0,5402600.0,Đang hoạt động,0.408
C07929,70,Nữ,TP HCM,51,3,0,12.0,4.0,6490200.0,Đang hoạt động,0.482
C07930,39,Nữ,Đà Nẵng,24,3,1,43.0,5.0,4023500.0,Trung bình,0.605
C07931,67,Nữ,Đà Nẵng,9,0,1,140.0,4.0,3802900.0,Đã ngủ đông,0.433
C07932,65,Nam,Cần Thơ,60,1,0,104.0,2.0,700150.0,Trung bình,0.278
C07933,57,Nữ,TP HCM,19,0,0,12.0,6.0,4822500.0,Đang hoạt động,0.276
C07934,42,Nam,Cần Thơ,7,0,0,162.0,2.0,22604633.0,Đã ngủ đông,0.599
C07935,63,Nữ,TP HCM,9,1,0,109.0,3.0,1218000.0,Trung bình,0.618
C07936,70,Nam,TP HCM,9,1,0,205.0,1.0,512000.0,Đã ngủ đông,0.721
C07937,68,Nam,Cần Thơ,55,0,0,50.0,4.0,5574400.0,Trung bình,0.154
C07938,42,Nam,Cần Thơ,37,1,1,91.0,3.0,6144778.0,Trung bình,0.392
C07939,64,Nam,Đà Nẵng,13,1,1,55.0,3.0,2193500.0,Trung bình,0.568
C07940,39,Nữ,TP HCM,20,2,1,999.0,0.0,0.0,Chưa mua,0.811
C07941,56,Nữ,TP HCM,52,1,0,51.0,3.0,1440700.0,Trung bình,0.308
C07942,23,Nam,Hải Phòng,35,2,1,95.0,3.0,5430250.0,Trung bình,0.512
C07943,49,Nữ,Hải Phòng,19,0,1,125.0,1.0,857000.0,Đã ngủ đông,0.508
C07944,56,Nữ,Hà Nội,55,0,0,40.0,2.0,1627000.0,Trung bình,0.215
C07945,26,Nữ,Đà Nẵng,18,0,0,999.0,0.0,0.0,Chưa mua,0.629
C07946,31,Nữ,Hà Nội,9,1,1,160.0,2.0,896000.0,Đã ngủ đông,0.639
C07947,64,Nữ,Hà Nội,11,2,1,133.0,2.0,3566000.0,Đã ngủ đông,0.724
C07948,20,Nam,Hải Phòng,48,2,0,115.0,5.0,10212600.0,Trung bình,0.317
C07949,64,Nữ,Đà Nẵng,8,1,1,55.0,8.0,6540150.0,Trung bình,0.33
C07950,28,Nam,Hà Nội,34,1,0,91.0,4.0,6900777.0,Trung bình,0.352
C07951,42,Nam,TP HCM,4,3,1,1.0,4.0,7091000.0,Đang hoạt động,0.795
C07952,36,Nam,TP HCM,8,0,0,50.0,5.0,4207750.0,Trung bình,0.404
C07953,42,Nữ,Cần Thơ,12,3,0,59.0,3.0,1654400.0,Trung bình,0.767
C07954,32,Nam,Đà Nẵng,10,2,0,71.0,1.0,671000.0,Trung bình,0.787
C07955,62,Nam,TP HCM,48,1,1,165.0,2.0,707500.0,Đã ngủ đông,0.388
C07956,51,Nữ,TP HCM,43,3,1,42.0,5.0,2311750.0,Trung bình,0.478
C07957,35,Nam,Hải Phòng,19,1,0,74.0,2.0,2898700.0,Trung bình,0.567
C07958,22,Nữ,TP HCM,17,0,1,242.0,1.0,2160300.0,Đã ngủ đông,0.577
C07959,20,Nam,Cần Thơ,20,1,0,26.0,2.0,902600.0,Đang hoạt động,0.566
C07960,32,Nữ,Cần Thơ,7,2,1,175.0,2.0,4112600.0,Đã ngủ đông,0.762
C07961,52,Nam,TP HCM,44,2,1,166.0,3.0,2839550.0,Đã ngủ đông,0.478
C07962,48,Nữ,Đà Nẵng,6,1,0,236.0,3.0,3955700.0,Đã ngủ đông,0.633
C07963,51,Nam,Cần Thơ,15,2,1,85.0,2.0,2352000.0,Trung bình,0.706
C07964,18,Nam,Đà Nẵng,47,1,0,22.0,2.0,963000.0,Đang hoạt động,0.379
C07965,29,Nữ,TP HCM,23,0,0,157.0,1.0,727000.0,Đã ngủ đông,0.525
C07966,37,Nữ,Đà Nẵng,12,1,0,169.0,4.0,2430000.0,Đã ngủ đông,0.528
C07967,26,Nữ,Đà Nẵng,51,0,0,33.0,2.0,303850.0,Trung bình,0.254
C07968,48,Nam,TP HCM,25,3,1,158.0,3.0,3700800.0,Đã ngủ đông,0.721
C07969,46,Nữ,Cần Thơ,13,2,1,56.0,4.0,1641750.0,Trung bình,0.613
C07970,33,Nam,TP HCM,35,1,1,68.0,3.0,936050.0,Trung bình,0.427
C07971,31,Nam,Hà Nội,49,3,1,14.0,4.0,20495953.0,Đang hoạt động,0.491
C07972,30,Nam,Đà Nẵng,8,2,1,23.0,1.0,19153566.0,Đang hoạt động,0.822
C07973,37,Nam,Hà Nội,30,1,0,36.0,2.0,3787000.0,Trung bình,0.485
C07974,38,Nam,Hải Phòng,12,2,1,98.0,1.0,870200.0,Trung bình,0.761
C07975,40,Nữ,TP HCM,12,0,1,96.0,3.0,2831000.0,Trung bình,0.49
C07976,60,Nam,Đà Nẵng,32,0,0,32.0,7.0,7510800.0,Trung bình,0.161
C07977,58,Nam,Cần Thơ,33,2,0,101.0,4.0,1456400.0,Trung bình,0.463
C07978,43,Nam,Hà Nội,48,1,0,276.0,1.0,358000.0,Đã ngủ đông,0.41
C07979,42,Nữ,Đà Nẵng,19,0,1,196.0,1.0,173700.0,Đã ngủ đông,0.533
C07980,63,Nữ,Hà Nội,32,0,0,41.0,8.0,5590550.0,Trung bình,0.12
C07981,25,Nam,Đà Nẵng,5,1,1,5.0,6.0,3708650.0,Đang hoạt động,0.46
C07982,62,Nữ,Hải Phòng,24,0,0,16.0,6.0,3770200.0,Đang hoạt động,0.215
C07983,47,Nam,TP HCM,11,0,1,75.0,3.0,2518400.0,Trung bình,0.494
C07984,28,Nam,TP HCM,19,1,0,295.0,1.0,627000.0,Đã ngủ đông,0.667
C07985,62,Nữ,Hà Nội,56,3,1,5.0,3.0,2995100.0,Đang hoạt động,0.454
C07986,35,Nam,Hà Nội,6,1,1,42.0,5.0,9916000.0,Trung bình,0.502
C07987,32,Nữ,Hải Phòng,60,3,0,55.0,4.0,3029000.0,Trung bình,0.375
C07988,32,Nam,Đà Nẵng,19,1,0,117.0,3.0,1218900.0,Trung bình,0.529
C07989,43,Nam,TP HCM,10,1,0,80.0,3.0,2304600.0,Trung bình,0.614
C07990,63,Nam,Hà Nội,57,0,0,246.0,1.0,867000.0,Đã ngủ đông,0.249
C07991,23,Nữ,Hà Nội,29,2,1,20.0,3.0,3207550.0,Đang hoạt động,0.549
C07992,50,Nam,TP HCM,2,1,1,66.0,2.0,3263250.0,Trung bình,0.72
C07993,65,Nam,Đà Nẵng,32,1,0,34.0,3.0,5379000.0,Trung bình,0.433
C07994,40,Nam,TP HCM,31,0,1,114.0,2.0,2108000.0,Trung bình,0.406
C07995,52,Nữ,Đà Nẵng,23,1,0,280.0,2.0,3420000.0,Đã ngủ đông,0.567
C07996,48,Nữ,Đà Nẵng,16,0,1,121.0,3.0,1532300.0,Đã ngủ đông,0.437
C07997,52,Nam,Đà Nẵng,18,0,1,142.0,1.0,1116000.0,Đã ngủ đông,0.538
C07998,49,Nam,Hà Nội,31,2,0,999.0,0.0,0.0,Chưa mua,0.719
C07999,59,Nữ,Hà Nội,2,0,0,50.0,3.0,6036750.0,Trung bình,0.525
C08000,61,Nam,TP HCM,12,1,1,34.0,2.0,3357900.0,Trung bình,0.653
