customer_id,recency,frequency,monetary,avg_transaction,cluster_kmeans,cluster_gmm,segment_name
C00001,1,643,628184874.6500636,976959.3695957444,0,2,TODO: đặt tên nhóm 0
C00002,1,439,422404011.0,962195.9248291572,0,2,TODO: đặt tên nhóm 0
C00003,1,344,370743062.7638229,1077741.461522741,0,2,TODO: đặt tên nhóm 0
C00004,1,306,321978608.44229007,1052217.6746480067,0,2,TODO: đặt tên nhóm 0
C00005,3,265,276176920.0,1042177.0566037736,0,2,TODO: đặt tên nhóm 0
C00006,1,224,245159494.8790549,1094462.0307100664,0,2,TODO: đặt tên nhóm 0
C00007,1,207,185650850.0,896864.0096618357,0,2,TODO: đặt tên nhóm 0
C00008,3,217,227769427.0,1049628.6958525346,0,2,TODO: đặt tên nhóm 0
C00009,5,166,162832721.0,980920.0060240964,0,2,TODO: đặt tên nhóm 0
C00010,1,155,184417833.0,1189792.470967742,0,2,TODO: đặt tên nhóm 0
C00011,1,139,151886004.0,1092705.0647482015,0,2,TODO: đặt tên nhóm 0
C00012,6,152,157841124.52086565,1038428.4507951688,0,2,TODO: đặt tên nhóm 0
C00013,2,127,144081299.0,1134498.4173228347,0,2,TODO: đặt tên nhóm 0
C00014,1,124,104887153.0,845864.1370967742,0,2,TODO: đặt tên nhóm 0
C00015,1,135,127490283.0,944372.4666666667,0,2,TODO: đặt tên nhóm 0
C00016,5,131,138841550.0,1059859.1603053436,0,2,TODO: đặt tên nhóm 0
C00017,1,138,123435431.0,894459.6449275363,0,2,TODO: đặt tên nhóm 0
C00018,1,114,112088600.0,983233.3333333334,0,2,TODO: đặt tên nhóm 0
C00019,3,107,116357699.0,1087455.1308411215,0,2,TODO: đặt tên nhóm 0
C00020,1,113,101251400.0,896030.0884955752,0,2,TODO: đặt tên nhóm 0
C00021,12,91,78624850.0,864009.3406593406,0,2,TODO: đặt tên nhóm 0
C00022,8,106,115658350.0,1091116.5094339622,0,2,TODO: đặt tên nhóm 0
C00023,2,102,103919324.0,1018816.9019607843,0,2,TODO: đặt tên nhóm 0
C00024,4,96,86460300.0,900628.125,0,2,TODO: đặt tên nhóm 0
C00025,1,81,113445489.0,1400561.5925925926,0,2,TODO: đặt tên nhóm 0
C00026,3,97,88899650.0,916491.2371134021,0,2,TODO: đặt tên nhóm 0
C00027,3,92,86989947.0,945542.9021739131,0,2,TODO: đặt tên nhóm 0
C00028,10,81,80035016.0,988086.6172839506,0,2,TODO: đặt tên nhóm 0
C00029,2,86,87911836.0,1022230.6511627907,0,2,TODO: đặt tên nhóm 0
C00030,16,88,98983550.0,1124813.0681818181,0,2,TODO: đặt tên nhóm 0
C00031,4,70,74684765.0,1066925.2142857143,0,2,TODO: đặt tên nhóm 0
C00032,2,78,88197584.0,1130738.2564102565,0,2,TODO: đặt tên nhóm 0
C00033,9,87,95788550.0,1101017.816091954,0,2,TODO: đặt tên nhóm 0
C00034,1,82,88228074.0,1075952.1219512196,0,2,TODO: đặt tên nhóm 0
C00035,5,78,92157600.0,1181507.6923076923,0,2,TODO: đặt tên nhóm 0
C00036,3,80,74765840.0,934573.0,0,2,TODO: đặt tên nhóm 0
C00037,3,83,78178950.0,941915.0602409638,0,2,TODO: đặt tên nhóm 0
C00038,5,70,74276801.88243699,1061097.1697490998,0,2,TODO: đặt tên nhóm 0
C00039,3,69,80574275.0,1167743.115942029,0,2,TODO: đặt tên nhóm 0
C00040,4,74,66873555.0,903696.6891891892,0,2,TODO: đặt tên nhóm 0
C00041,1,80,88934627.0,1111682.8375,0,2,TODO: đặt tên nhóm 0
C00042,7,71,63097081.0,888691.2816901408,0,2,TODO: đặt tên nhóm 0
C00043,1,78,85527444.0,1096505.6923076923,0,2,TODO: đặt tên nhóm 0
C00044,3,59,71289775.0,1208301.2711864407,0,2,TODO: đặt tên nhóm 0
C00045,3,82,75896250.0,925564.0243902439,0,2,TODO: đặt tên nhóm 0
C00046,2,66,60632950.0,918681.0606060605,0,2,TODO: đặt tên nhóm 0
C00047,9,62,50179400.0,809345.1612903225,0,2,TODO: đặt tên nhóm 0
C00048,7,69,69481750.0,1006981.8840579711,0,2,TODO: đặt tên nhóm 0
C00049,10,73,77750010.0,1065068.6301369863,0,2,TODO: đặt tên nhóm 0
C00050,5,59,56337346.0,954870.2711864407,0,2,TODO: đặt tên nhóm 0
C00051,12,62,69605314.0,1122666.3548387096,0,2,TODO: đặt tên nhóm 0
C00052,1,63,68041531.0,1080024.3015873015,0,2,TODO: đặt tên nhóm 0
C00053,2,60,67685750.0,1128095.8333333333,0,2,TODO: đặt tên nhóm 0
C00054,6,81,86490650.0,1067785.8024691357,0,2,TODO: đặt tên nhóm 0
C00055,13,55,68004156.62788762,1236439.2114161386,0,2,TODO: đặt tên nhóm 0
C00056,12,59,66301381.0,1123752.220338983,0,2,TODO: đặt tên nhóm 0
C00057,2,66,51335050.0,777803.7878787878,0,2,TODO: đặt tên nhóm 0
C00058,12,77,86672200.0,1125612.987012987,0,2,TODO: đặt tên nhóm 0
C00059,15,52,35966250.0,691658.6538461539,0,2,TODO: đặt tên nhóm 0
C00060,1,50,48117600.0,962352.0,0,2,TODO: đặt tên nhóm 0
C00061,2,55,60068000.0,1092145.4545454546,0,2,TODO: đặt tên nhóm 0
C00062,3,60,58823450.0,980390.8333333334,0,2,TODO: đặt tên nhóm 0
C00063,13,52,53211350.0,1023295.1923076923,0,2,TODO: đặt tên nhóm 0
C00064,11,47,38499150.0,819130.8510638297,0,2,TODO: đặt tên nhóm 0
C00065,1,53,69697650.27299803,1315050.0051509063,0,2,TODO: đặt tên nhóm 0
C00066,8,51,58388555.0,1144873.6274509805,0,2,TODO: đặt tên nhóm 0
C00067,5,60,65183650.0,1086394.1666666667,0,2,TODO: đặt tên nhóm 0
C00068,1,55,53856752.0,979213.6727272727,0,2,TODO: đặt tên nhóm 0
C00069,7,55,55398250.0,1007240.9090909091,0,2,TODO: đặt tên nhóm 0
C00070,4,48,55012400.0,1146091.6666666667,0,2,TODO: đặt tên nhóm 0
C00071,2,53,45197200.0,852777.358490566,0,2,TODO: đặt tên nhóm 0
C00072,11,50,47094200.0,941884.0,0,2,TODO: đặt tên nhóm 0
C00073,16,46,40016319.0,869919.9782608695,0,2,TODO: đặt tên nhóm 0
C00074,22,52,51210325.0,984813.9423076923,0,2,TODO: đặt tên nhóm 0
C00075,6,46,51571573.0,1121121.152173913,0,2,TODO: đặt tên nhóm 0
C00076,14,40,39943800.0,998595.0,0,2,TODO: đặt tên nhóm 0
C00077,15,51,41831550.0,820226.4705882353,0,2,TODO: đặt tên nhóm 0
C00078,14,51,40036376.0,785026.9803921569,0,2,TODO: đặt tên nhóm 0
C00079,5,45,55744899.0,1238775.5333333334,0,2,TODO: đặt tên nhóm 0
C00080,6,46,55695400.0,1210769.5652173914,0,2,TODO: đặt tên nhóm 0
C00081,30,40,40118952.0,1002973.8,0,2,TODO: đặt tên nhóm 0
C00082,4,43,44365300.0,1031751.1627906977,0,2,TODO: đặt tên nhóm 0
C00083,6,55,52610928.0,956562.3272727273,0,2,TODO: đặt tên nhóm 0
C00084,1,39,31341650.0,803632.0512820513,0,2,TODO: đặt tên nhóm 0
C00085,6,52,46209800.0,888650.0,0,2,TODO: đặt tên nhóm 0
C00086,7,49,48171000.0,983081.6326530612,0,2,TODO: đặt tên nhóm 0
C00087,4,42,55233449.0,1315082.119047619,0,2,TODO: đặt tên nhóm 0
C00088,10,42,55125041.0,1312500.9761904762,0,2,TODO: đặt tên nhóm 0
C00089,2,49,41540900.0,847773.4693877551,0,2,TODO: đặt tên nhóm 0
C00090,4,43,49091936.10108663,1141672.93258341,0,2,TODO: đặt tên nhóm 0
C00091,1,41,46001672.0,1121992.0,0,2,TODO: đặt tên nhóm 0
C00092,6,37,46384650.0,1253639.189189189,0,2,TODO: đặt tên nhóm 0
C00093,2,46,38135800.0,829039.1304347826,0,2,TODO: đặt tên nhóm 0
C00094,4,52,56627855.0,1088997.2115384615,0,2,TODO: đặt tên nhóm 0
C00095,8,35,26826650.0,766475.7142857143,0,2,TODO: đặt tên nhóm 0
C00096,1,42,34947750.0,832089.2857142857,0,2,TODO: đặt tên nhóm 0
C00097,7,39,48456382.0,1242471.3333333333,0,2,TODO: đặt tên nhóm 0
C00098,2,43,33167500.0,771337.2093023256,0,2,TODO: đặt tên nhóm 0
C00099,2,48,39891850.0,831080.2083333334,0,2,TODO: đặt tên nhóm 0
C00100,20,44,40033550.0,909853.4090909091,0,2,TODO: đặt tên nhóm 0
C00101,6,36,35171950.0,976998.6111111111,0,2,TODO: đặt tên nhóm 0
C00102,24,27,31155250.0,1153898.148148148,0,2,TODO: đặt tên nhóm 0
C00103,7,41,69600814.0,1697580.8292682928,0,2,TODO: đặt tên nhóm 0
C00104,26,32,32188550.0,1005892.1875,0,2,TODO: đặt tên nhóm 0
C00105,13,31,26993500.0,870758.0645161291,0,2,TODO: đặt tên nhóm 0
C00106,14,43,45551500.0,1059337.2093023255,0,2,TODO: đặt tên nhóm 0
C00107,1,41,33943250.0,827884.1463414634,0,2,TODO: đặt tên nhóm 0
C00108,3,36,26516400.0,736566.6666666666,0,2,TODO: đặt tên nhóm 0
C00109,2,42,39499500.0,940464.2857142857,0,2,TODO: đặt tên nhóm 0
C00110,22,35,37516100.0,1071888.5714285714,0,2,TODO: đặt tên nhóm 0
C00111,13,30,28685700.0,956190.0,0,2,TODO: đặt tên nhóm 0
C00112,5,47,45881900.0,976210.6382978724,0,2,TODO: đặt tên nhóm 0
C00113,17,30,27104550.0,903485.0,0,2,TODO: đặt tên nhóm 0
C00114,5,43,35967610.0,836456.0465116279,0,2,TODO: đặt tên nhóm 0
C00115,2,52,59863700.0,1151225.0,0,2,TODO: đặt tên nhóm 0
C00116,21,29,45011032.0,1552104.551724138,0,2,TODO: đặt tên nhóm 0
C00117,4,40,33244100.0,831102.5,0,2,TODO: đặt tên nhóm 0
C00118,1,41,38587600.0,941160.9756097561,0,2,TODO: đặt tên nhóm 0
C00119,26,37,32099150.0,867544.5945945946,0,2,TODO: đặt tên nhóm 0
C00120,3,36,42291150.0,1174754.1666666667,0,2,TODO: đặt tên nhóm 0
C00121,10,30,31050550.0,1035018.3333333334,0,2,TODO: đặt tên nhóm 0
C00122,2,46,49848700.0,1083667.391304348,0,2,TODO: đặt tên nhóm 0
C00123,9,37,39308500.0,1062391.8918918918,0,2,TODO: đặt tên nhóm 0
C00124,1,38,35206050.0,926475.0,0,2,TODO: đặt tên nhóm 0
C00125,1,37,34652750.0,936560.8108108108,0,2,TODO: đặt tên nhóm 0
C00126,3,39,34233100.0,877771.7948717949,0,2,TODO: đặt tên nhóm 0
C00127,3,40,48575400.0,1214385.0,0,2,TODO: đặt tên nhóm 0
C00128,29,26,39690660.0,1526563.8461538462,0,2,TODO: đặt tên nhóm 0
C00129,15,37,36623383.0,989821.1621621621,0,2,TODO: đặt tên nhóm 0
C00130,8,46,39185250.0,851853.2608695652,0,2,TODO: đặt tên nhóm 0
C00131,1,30,29730350.0,991011.6666666666,0,2,TODO: đặt tên nhóm 0
C00132,1,41,40021550.0,976135.3658536585,0,2,TODO: đặt tên nhóm 0
C00133,3,45,56981096.0,1266246.5777777778,0,2,TODO: đặt tên nhóm 0
C00134,16,28,24669150.0,881041.0714285715,0,2,TODO: đặt tên nhóm 0
C00135,9,20,16034150.0,801707.5,0,2,TODO: đặt tên nhóm 0
C00136,25,30,30201955.0,1006731.8333333334,0,2,TODO: đặt tên nhóm 0
C00137,1,33,35347000.0,1071121.2121212122,0,2,TODO: đặt tên nhóm 0
C00138,7,29,25877600.0,892331.0344827586,0,2,TODO: đặt tên nhóm 0
C00139,15,26,14923150.0,573967.3076923077,0,2,TODO: đặt tên nhóm 0
C00140,7,29,26510158.0,914143.3793103448,0,2,TODO: đặt tên nhóm 0
C00141,51,33,33727050.0,1022031.8181818182,0,2,TODO: đặt tên nhóm 0
C00142,3,31,48124109.0,1552390.6129032257,0,2,TODO: đặt tên nhóm 0
C00143,8,42,38021900.0,905283.3333333334,0,2,TODO: đặt tên nhóm 0
C00144,14,30,27375259.0,912508.6333333333,0,2,TODO: đặt tên nhóm 0
C00145,14,28,23313100.0,832610.7142857143,0,2,TODO: đặt tên nhóm 0
C00146,18,36,38140650.0,1059462.5,0,2,TODO: đặt tên nhóm 0
C00147,16,32,38451834.0,1201619.8125,0,2,TODO: đặt tên nhóm 0
C00148,5,34,25716700.0,756373.5294117647,0,2,TODO: đặt tên nhóm 0
C00149,29,30,23519550.0,783985.0,0,2,TODO: đặt tên nhóm 0
C00150,8,26,32332739.847608235,1243566.9172157014,0,2,TODO: đặt tên nhóm 0
C00151,7,31,27085100.0,873712.9032258064,0,2,TODO: đặt tên nhóm 0
C00152,34,27,25967700.0,961766.6666666666,0,2,TODO: đặt tên nhóm 0
C00153,2,24,16133700.0,672237.5,0,2,TODO: đặt tên nhóm 0
C00154,1,22,24018600.0,1091754.5454545454,0,2,TODO: đặt tên nhóm 0
C00155,8,31,24203100.0,780745.1612903225,0,2,TODO: đặt tên nhóm 0
C00156,42,21,20506700.0,976509.5238095238,0,2,TODO: đặt tên nhóm 0
C00157,6,35,33298600.0,951388.5714285715,0,2,TODO: đặt tên nhóm 0
C00158,4,32,25375750.0,792992.1875,0,2,TODO: đặt tên nhóm 0
C00159,6,25,29320450.0,1172818.0,0,2,TODO: đặt tên nhóm 0
C00160,34,35,34225250.0,977864.2857142857,0,2,TODO: đặt tên nhóm 0
C00161,8,29,25411400.0,876255.1724137932,0,2,TODO: đặt tên nhóm 0
C00162,1,29,32816550.0,1131605.1724137932,0,2,TODO: đặt tên nhóm 0
C00163,4,33,23311900.0,706421.2121212122,0,2,TODO: đặt tên nhóm 0
C00164,5,33,45039309.281611145,1364827.5539882164,0,2,TODO: đặt tên nhóm 0
C00165,2,41,36978767.0,901921.1463414634,0,2,TODO: đặt tên nhóm 0
C00166,2,40,35657800.0,891445.0,0,2,TODO: đặt tên nhóm 0
C00167,11,32,33579000.0,1049343.75,0,2,TODO: đặt tên nhóm 0
C00168,15,34,31674550.0,931604.4117647059,0,2,TODO: đặt tên nhóm 0
C00169,7,34,31014523.0,912191.8529411765,0,2,TODO: đặt tên nhóm 0
C00170,3,41,40599734.0,990237.4146341464,0,2,TODO: đặt tên nhóm 0
C00171,9,33,51440828.0,1558812.9696969697,0,2,TODO: đặt tên nhóm 0
C00172,10,27,25547000.0,946185.1851851852,0,2,TODO: đặt tên nhóm 0
C00173,21,25,27344488.0,1093779.52,0,2,TODO: đặt tên nhóm 0
C00174,13,28,24038100.0,858503.5714285715,0,2,TODO: đặt tên nhóm 0
C00175,6,39,40036350.0,1026573.0769230769,0,2,TODO: đặt tên nhóm 0
C00176,17,35,29129200.0,832262.8571428572,0,2,TODO: đặt tên nhóm 0
C00177,25,25,41127299.0,1645091.96,0,2,TODO: đặt tên nhóm 0
C00178,6,28,26743650.0,955130.3571428572,0,2,TODO: đặt tên nhóm 0
C00179,16,37,42882867.0,1158996.4054054054,0,2,TODO: đặt tên nhóm 0
C00180,6,41,43929450.0,1071450.0,0,2,TODO: đặt tên nhóm 0
C00181,8,33,39217500.0,1188409.0909090908,0,2,TODO: đặt tên nhóm 0
C00182,3,31,32139688.0,1036764.1290322581,0,2,TODO: đặt tên nhóm 0
C00183,6,29,58915973.0,2031585.2758620689,0,2,TODO: đặt tên nhóm 0
C00184,16,30,36314458.0,1210481.9333333333,0,2,TODO: đặt tên nhóm 0
C00185,4,24,27801222.0,1158384.25,0,2,TODO: đặt tên nhóm 0
C00186,10,24,15759050.0,656627.0833333334,0,2,TODO: đặt tên nhóm 0
C00187,8,28,24268500.0,866732.1428571428,0,2,TODO: đặt tên nhóm 0
C00188,13,20,20515900.0,1025795.0,0,2,TODO: đặt tên nhóm 0
C00189,18,23,22893100.0,995352.1739130435,0,2,TODO: đặt tên nhóm 0
C00190,4,32,33446946.0,1045217.0625,0,2,TODO: đặt tên nhóm 0
C00191,6,22,17176550.0,780752.2727272727,0,2,TODO: đặt tên nhóm 0
C00192,16,24,24809650.0,1033735.4166666666,0,2,TODO: đặt tên nhóm 0
C00193,5,28,32884800.536917794,1174457.1620327784,0,2,TODO: đặt tên nhóm 0
C00194,17,27,29005560.0,1074280.0,0,2,TODO: đặt tên nhóm 0
C00195,5,30,35014698.52672256,1167156.6175574185,0,2,TODO: đặt tên nhóm 0
C00196,12,20,22790650.0,1139532.5,0,2,TODO: đặt tên nhóm 0
C00197,20,22,10036050.0,456184.0909090909,0,2,TODO: đặt tên nhóm 0
C00198,12,25,20899150.0,835966.0,0,2,TODO: đặt tên nhóm 0
C00199,7,21,17980650.0,856221.4285714285,0,2,TODO: đặt tên nhóm 0
C00200,2,26,18297600.0,703753.8461538461,0,2,TODO: đặt tên nhóm 0
C00201,5,34,43092500.0,1267426.4705882352,0,2,TODO: đặt tên nhóm 0
C00202,4,30,33735700.0,1124523.3333333333,0,2,TODO: đặt tên nhóm 0
C00203,16,24,25733350.0,1072222.9166666667,0,2,TODO: đặt tên nhóm 0
C00204,4,33,47645521.59038728,1443803.6845571902,0,2,TODO: đặt tên nhóm 0
C00205,37,25,28070226.0,1122809.04,0,2,TODO: đặt tên nhóm 0
C00206,24,26,50222517.0,1931635.2692307692,0,2,TODO: đặt tên nhóm 0
C00207,40,28,25311800.0,903992.8571428572,0,2,TODO: đặt tên nhóm 0
C00208,18,26,28768600.0,1106484.6153846155,0,2,TODO: đặt tên nhóm 0
C00209,5,17,25578145.0,1504596.7647058824,0,2,TODO: đặt tên nhóm 0
C00210,15,25,21554100.0,862164.0,0,2,TODO: đặt tên nhóm 0
C00211,1,31,27427150.0,884746.7741935484,0,2,TODO: đặt tên nhóm 0
C00212,7,18,28867227.0,1603734.8333333333,0,2,TODO: đặt tên nhóm 0
C00213,5,31,23800300.0,767751.6129032258,0,2,TODO: đặt tên nhóm 0
C00214,2,22,36865630.0,1675710.4545454546,0,2,TODO: đặt tên nhóm 0
C00215,2,27,23343200.0,864562.9629629629,0,2,TODO: đặt tên nhóm 0
C00216,4,27,27198602.0,1007355.6296296297,0,2,TODO: đặt tên nhóm 0
C00217,22,22,26479500.0,1203613.6363636365,0,2,TODO: đặt tên nhóm 0
C00218,6,31,43074689.56011802,1389506.1148425168,0,2,TODO: đặt tên nhóm 0
C00219,5,30,37075650.0,1235855.0,0,2,TODO: đặt tên nhóm 0
C00220,9,20,17840450.0,892022.5,0,2,TODO: đặt tên nhóm 0
C00221,26,26,22507700.0,865680.7692307692,0,2,TODO: đặt tên nhóm 0
C00222,17,33,30758150.0,932065.1515151515,0,2,TODO: đặt tên nhóm 0
C00223,31,27,24710750.0,915212.9629629629,0,2,TODO: đặt tên nhóm 0
C00224,10,24,15386350.0,641097.9166666666,0,2,TODO: đặt tên nhóm 0
C00225,40,27,31620600.0,1171133.3333333333,0,2,TODO: đặt tên nhóm 0
C00226,1,31,42054722.0,1356603.935483871,0,2,TODO: đặt tên nhóm 0
C00227,68,27,24189100.0,895892.5925925926,0,2,TODO: đặt tên nhóm 0
C00228,39,23,32278100.0,1403395.652173913,0,2,TODO: đặt tên nhóm 0
C00229,2,21,20931400.0,996733.3333333334,0,2,TODO: đặt tên nhóm 0
C00230,36,21,26704600.0,1271647.619047619,0,2,TODO: đặt tên nhóm 0
C00231,25,20,12707300.0,635365.0,0,2,TODO: đặt tên nhóm 0
C00232,25,24,23890800.0,995450.0,0,2,TODO: đặt tên nhóm 0
C00233,20,20,16068850.0,803442.5,0,2,TODO: đặt tên nhóm 0
C00234,20,26,36010056.0,1385002.1538461538,0,2,TODO: đặt tên nhóm 0
C00235,33,20,16124050.0,806202.5,0,2,TODO: đặt tên nhóm 0
C00236,13,27,31174853.0,1154624.1851851852,0,2,TODO: đặt tên nhóm 0
C00237,10,25,22926550.0,917062.0,0,2,TODO: đặt tên nhóm 0
C00238,26,23,28584750.0,1242815.2173913044,0,2,TODO: đặt tên nhóm 0
C00239,18,23,14583200.0,634052.1739130435,0,2,TODO: đặt tên nhóm 0
C00240,1,29,26750500.0,922431.0344827586,0,2,TODO: đặt tên nhóm 0
C00241,17,29,28269250.0,974801.724137931,0,2,TODO: đặt tên nhóm 0
C00242,5,17,19657319.0,1156312.8823529412,0,2,TODO: đặt tên nhóm 0
C00243,10,15,15195150.0,1013010.0,0,2,TODO: đặt tên nhóm 0
C00244,26,22,21198900.0,963586.3636363636,0,2,TODO: đặt tên nhóm 0
C00245,14,18,16755983.0,930887.9444444445,0,2,TODO: đặt tên nhóm 0
C00246,17,23,19646200.0,854182.6086956522,0,2,TODO: đặt tên nhóm 0
C00247,11,16,17100550.0,1068784.375,0,2,TODO: đặt tên nhóm 0
C00248,3,24,21650950.0,902122.9166666666,0,2,TODO: đặt tên nhóm 0
C00249,7,21,35864395.0,1707828.3333333333,0,2,TODO: đặt tên nhóm 0
C00250,3,13,16706200.0,1285092.3076923077,0,2,TODO: đặt tên nhóm 0
C00251,11,26,28080050.0,1080001.923076923,0,2,TODO: đặt tên nhóm 0
C00252,22,19,19677650.0,1035665.7894736842,0,2,TODO: đặt tên nhóm 0
C00253,50,19,10925200.0,575010.5263157894,0,2,TODO: đặt tên nhóm 0
C00254,7,31,36093135.0,1164294.677419355,0,2,TODO: đặt tên nhóm 0
C00255,10,23,14094850.0,612819.5652173914,0,2,TODO: đặt tên nhóm 0
C00256,9,30,24278150.0,809271.6666666666,0,2,TODO: đặt tên nhóm 0
C00257,11,28,26118150.0,932791.0714285715,0,2,TODO: đặt tên nhóm 0
C00258,2,25,40647943.0,1625917.72,0,2,TODO: đặt tên nhóm 0
C00259,8,21,23801950.0,1133426.1904761905,0,2,TODO: đặt tên nhóm 0
C00260,1,21,12189300.0,580442.8571428572,0,2,TODO: đặt tên nhóm 0
C00261,1,19,13819900.0,727363.1578947369,0,2,TODO: đặt tên nhóm 0
C00262,1,26,24201800.0,930838.4615384615,0,2,TODO: đặt tên nhóm 0
C00263,11,26,20303900.0,780919.2307692308,0,2,TODO: đặt tên nhóm 0
C00264,12,21,15906250.0,757440.4761904762,0,2,TODO: đặt tên nhóm 0
C00265,1,17,17795350.0,1046785.2941176471,0,2,TODO: đặt tên nhóm 0
C00266,48,24,38845589.0,1618566.2083333333,0,2,TODO: đặt tên nhóm 0
C00267,1,25,19265700.0,770628.0,0,2,TODO: đặt tên nhóm 0
C00268,5,23,27984900.0,1216734.7826086956,0,2,TODO: đặt tên nhóm 0
C00269,7,23,30058700.0,1306900.0,0,2,TODO: đặt tên nhóm 0
C00270,40,20,16834500.0,841725.0,0,2,TODO: đặt tên nhóm 0
C00271,7,24,22358850.0,931618.75,0,2,TODO: đặt tên nhóm 0
C00272,24,27,24052250.0,890824.074074074,0,2,TODO: đặt tên nhóm 0
C00273,11,25,39068827.0,1562753.08,0,2,TODO: đặt tên nhóm 0
C00274,31,14,17751050.0,1267932.142857143,0,2,TODO: đặt tên nhóm 0
C00275,8,29,22147564.328399036,763709.1147723806,0,2,TODO: đặt tên nhóm 0
C00276,35,20,14128650.0,706432.5,0,2,TODO: đặt tên nhóm 0
C00277,6,23,25412700.0,1104900.0,0,2,TODO: đặt tên nhóm 0
C00278,4,31,41189353.0,1328688.8064516129,0,2,TODO: đặt tên nhóm 0
C00279,31,19,22734600.0,1196557.894736842,0,2,TODO: đặt tên nhóm 0
C00280,10,23,19546900.0,849865.2173913043,0,2,TODO: đặt tên nhóm 0
C00281,12,22,20236850.0,919856.8181818182,0,2,TODO: đặt tên nhóm 0
C00282,6,30,36495600.0,1216520.0,0,2,TODO: đặt tên nhóm 0
C00283,21,19,20647130.980218377,1086691.10422202,0,2,TODO: đặt tên nhóm 0
C00284,2,30,40309553.0,1343651.7666666666,0,2,TODO: đặt tên nhóm 0
C00285,3,23,18335250.0,797184.7826086957,0,2,TODO: đặt tên nhóm 0
C00286,29,24,21041650.0,876735.4166666666,0,2,TODO: đặt tên nhóm 0
C00287,15,15,11590900.0,772726.6666666666,0,2,TODO: đặt tên nhóm 0
C00288,34,15,12334950.0,822330.0,0,2,TODO: đặt tên nhóm 0
C00289,4,27,21018300.0,778455.5555555555,0,2,TODO: đặt tên nhóm 0
C00290,4,23,23502050.0,1021828.2608695652,0,2,TODO: đặt tên nhóm 0
C00291,21,19,14272350.0,751176.3157894737,0,2,TODO: đặt tên nhóm 0
C00292,11,19,14838200.0,780957.8947368421,0,2,TODO: đặt tên nhóm 0
C00293,11,31,37407350.0,1206688.7096774194,0,2,TODO: đặt tên nhóm 0
C00294,6,23,15468700.0,672552.1739130435,0,2,TODO: đặt tên nhóm 0
C00295,2,18,22590150.0,1255008.3333333333,0,2,TODO: đặt tên nhóm 0
C00296,4,21,13495850.0,642659.5238095238,0,2,TODO: đặt tên nhóm 0
C00297,12,23,23205150.0,1008919.5652173914,0,2,TODO: đặt tên nhóm 0
C00298,15,25,19969150.0,798766.0,0,2,TODO: đặt tên nhóm 0
C00299,23,27,23508815.0,870696.8518518518,0,2,TODO: đặt tên nhóm 0
C00300,9,24,27618250.0,1150760.4166666667,0,2,TODO: đặt tên nhóm 0
C00301,36,12,11207350.0,933945.8333333334,0,2,TODO: đặt tên nhóm 0
C00302,8,17,18154050.0,1067885.294117647,0,2,TODO: đặt tên nhóm 0
C00303,26,23,34689249.0,1508228.2173913044,0,2,TODO: đặt tên nhóm 0
C00304,21,21,22405950.0,1066950.0,0,2,TODO: đặt tên nhóm 0
C00305,1,28,24120750.0,861455.3571428572,0,2,TODO: đặt tên nhóm 0
C00306,39,16,15891550.0,993221.875,0,2,TODO: đặt tên nhóm 0
C00307,35,20,16277514.0,813875.7,0,2,TODO: đặt tên nhóm 0
C00308,1,26,27545300.0,1059434.6153846155,0,2,TODO: đặt tên nhóm 0
C00309,106,8,5977300.0,747162.5,2,3,TODO: đặt tên nhóm 2
C00310,24,27,14811150.0,548561.1111111111,0,2,TODO: đặt tên nhóm 0
C00311,6,19,15600000.0,821052.6315789474,0,2,TODO: đặt tên nhóm 0
C00312,4,21,30410160.0,1448102.857142857,0,2,TODO: đặt tên nhóm 0
C00313,16,21,16358000.0,778952.380952381,0,2,TODO: đặt tên nhóm 0
C00314,50,26,33191553.153186284,1276598.1981994724,0,2,TODO: đặt tên nhóm 0
C00315,4,26,49979090.0,1922272.6923076923,0,2,TODO: đặt tên nhóm 0
C00316,23,22,23584650.0,1072029.5454545454,0,2,TODO: đặt tên nhóm 0
C00317,7,17,14752600.0,867800.0,0,2,TODO: đặt tên nhóm 0
C00318,1,23,17988900.0,782126.0869565217,0,2,TODO: đặt tên nhóm 0
C00319,1,17,12735650.0,749155.8823529412,0,2,TODO: đặt tên nhóm 0
C00320,5,20,22120833.0,1106041.65,0,2,TODO: đặt tên nhóm 0
C00321,3,23,23428300.0,1018621.7391304348,0,2,TODO: đặt tên nhóm 0
C00322,3,28,31610450.0,1128944.642857143,0,2,TODO: đặt tên nhóm 0
C00323,23,18,33682600.0,1871255.5555555555,0,2,TODO: đặt tên nhóm 0
C00324,1,22,21078000.0,958090.9090909091,0,2,TODO: đặt tên nhóm 0
C00325,39,13,14866550.0,1143580.7692307692,0,2,TODO: đặt tên nhóm 0
C00326,7,17,14085800.0,828576.4705882353,0,2,TODO: đặt tên nhóm 0
C00327,18,21,26260950.0,1250521.4285714286,0,2,TODO: đặt tên nhóm 0
C00328,13,21,28972267.150696237,1379631.7690807732,0,2,TODO: đặt tên nhóm 0
C00329,1,19,21125800.0,1111884.2105263157,0,2,TODO: đặt tên nhóm 0
C00330,28,25,31536200.0,1261448.0,0,2,TODO: đặt tên nhóm 0
C00331,9,19,22593200.0,1189115.7894736843,0,2,TODO: đặt tên nhóm 0
C00332,2,25,20310550.0,812422.0,0,2,TODO: đặt tên nhóm 0
C00333,62,20,21581750.0,1079087.5,0,2,TODO: đặt tên nhóm 0
C00334,16,21,34320345.0,1634302.142857143,0,2,TODO: đặt tên nhóm 0
C00335,7,16,19052050.0,1190753.125,0,2,TODO: đặt tên nhóm 0
C00336,3,19,20827039.0,1096159.9473684211,0,2,TODO: đặt tên nhóm 0
C00337,11,19,20094600.0,1057610.5263157894,0,2,TODO: đặt tên nhóm 0
C00338,2,23,14602400.0,634886.9565217391,0,2,TODO: đặt tên nhóm 0
C00339,7,13,11557650.0,889050.0,0,2,TODO: đặt tên nhóm 0
C00340,1,23,23514719.0,1022379.0869565217,0,2,TODO: đặt tên nhóm 0
C00341,17,22,20231590.0,919617.7272727273,0,2,TODO: đặt tên nhóm 0
C00342,23,8,11042085.0,1380260.625,3,2,TODO: đặt tên nhóm 3
C00343,6,11,9742950.0,885722.7272727273,0,2,TODO: đặt tên nhóm 0
C00344,3,19,20723750.0,1090723.6842105263,0,2,TODO: đặt tên nhóm 0
C00345,2,15,19234350.0,1282290.0,0,2,TODO: đặt tên nhóm 0
C00346,13,17,19813200.0,1165482.3529411764,0,2,TODO: đặt tên nhóm 0
C00347,33,18,12008600.0,667144.4444444445,0,2,TODO: đặt tên nhóm 0
C00348,26,17,26298400.0,1546964.705882353,0,2,TODO: đặt tên nhóm 0
C00349,27,22,17643650.0,801984.0909090909,0,2,TODO: đặt tên nhóm 0
C00350,5,15,18486450.0,1232430.0,0,2,TODO: đặt tên nhóm 0
C00351,6,27,29434350.0,1090161.111111111,0,2,TODO: đặt tên nhóm 0
C00352,5,30,20404900.0,680163.3333333334,0,2,TODO: đặt tên nhóm 0
C00353,21,24,21046100.0,876920.8333333334,0,2,TODO: đặt tên nhóm 0
C00354,19,18,21926400.0,1218133.3333333333,0,2,TODO: đặt tên nhóm 0
C00355,6,22,16832350.0,765106.8181818182,0,2,TODO: đặt tên nhóm 0
C00356,4,21,27382880.0,1303946.6666666667,0,2,TODO: đặt tên nhóm 0
C00357,34,23,32135269.0,1397185.608695652,0,2,TODO: đặt tên nhóm 0
C00358,1,22,25588800.0,1163127.2727272727,0,2,TODO: đặt tên nhóm 0
C00359,50,25,19117300.0,764692.0,0,2,TODO: đặt tên nhóm 0
C00360,17,24,25524250.0,1063510.4166666667,0,2,TODO: đặt tên nhóm 0
C00361,1,20,17272500.0,863625.0,0,2,TODO: đặt tên nhóm 0
C00362,47,13,12802200.0,984784.6153846154,0,2,TODO: đặt tên nhóm 0
C00363,20,23,19235600.0,836330.4347826086,0,2,TODO: đặt tên nhóm 0
C00364,4,16,13738850.0,858678.125,0,2,TODO: đặt tên nhóm 0
C00365,12,17,15869300.0,933488.2352941176,0,2,TODO: đặt tên nhóm 0
C00366,12,14,27184918.0,1941779.857142857,0,2,TODO: đặt tên nhóm 0
C00367,65,11,8990550.0,817322.7272727273,0,2,TODO: đặt tên nhóm 0
C00368,50,22,21658150.0,984461.3636363636,0,2,TODO: đặt tên nhóm 0
C00369,7,21,15110750.0,719559.5238095238,0,2,TODO: đặt tên nhóm 0
C00370,30,19,14350600.0,755294.7368421053,0,2,TODO: đặt tên nhóm 0
C00371,1,13,13213900.0,1016453.8461538461,0,2,TODO: đặt tên nhóm 0
C00372,1,24,21114200.0,879758.3333333334,0,2,TODO: đặt tên nhóm 0
C00373,9,30,28298011.0,943267.0333333333,0,2,TODO: đặt tên nhóm 0
C00374,39,11,10122700.0,920245.4545454546,0,2,TODO: đặt tên nhóm 0
C00375,9,10,10315250.0,1031525.0,0,2,TODO: đặt tên nhóm 0
C00376,2,25,20752300.0,830092.0,0,2,TODO: đặt tên nhóm 0
C00377,4,15,15469350.0,1031290.0,0,2,TODO: đặt tên nhóm 0
C00378,60,16,30001823.0,1875113.9375,0,2,TODO: đặt tên nhóm 0
C00379,3,15,22534400.0,1502293.3333333333,0,2,TODO: đặt tên nhóm 0
C00380,22,19,20987700.0,1104615.7894736843,0,2,TODO: đặt tên nhóm 0
C00381,37,20,16800050.0,840002.5,0,2,TODO: đặt tên nhóm 0
C00382,9,26,23236450.0,893709.6153846154,0,2,TODO: đặt tên nhóm 0
C00383,7,16,17162000.0,1072625.0,0,2,TODO: đặt tên nhóm 0
C00384,31,15,19237600.0,1282506.6666666667,0,2,TODO: đặt tên nhóm 0
C00385,11,18,14353150.0,797397.2222222222,0,2,TODO: đặt tên nhóm 0
C00386,24,13,11255850.0,865834.6153846154,0,2,TODO: đặt tên nhóm 0
C00387,13,15,11394350.0,759623.3333333334,0,2,TODO: đặt tên nhóm 0
C00388,5,20,30249702.0,1512485.1,0,2,TODO: đặt tên nhóm 0
C00389,5,16,17580550.0,1098784.375,0,2,TODO: đặt tên nhóm 0
C00390,48,19,15004300.0,789700.0,0,2,TODO: đặt tên nhóm 0
C00391,14,18,16410400.0,911688.8888888889,0,2,TODO: đặt tên nhóm 0
C00392,21,18,11869300.0,659405.5555555555,0,2,TODO: đặt tên nhóm 0
C00393,6,15,11340300.0,756020.0,0,2,TODO: đặt tên nhóm 0
C00394,20,22,17975107.0,817050.3181818182,0,2,TODO: đặt tên nhóm 0
C00395,60,14,18512700.0,1322335.7142857143,0,2,TODO: đặt tên nhóm 0
C00396,3,19,15683850.0,825465.7894736842,0,2,TODO: đặt tên nhóm 0
C00397,22,20,24879692.176480502,1243984.6088240251,0,2,TODO: đặt tên nhóm 0
C00398,58,10,13432550.0,1343255.0,0,2,TODO: đặt tên nhóm 0
C00399,15,25,32526336.0,1301053.44,0,2,TODO: đặt tên nhóm 0
C00400,30,22,17371400.0,789609.0909090909,0,2,TODO: đặt tên nhóm 0
C00401,24,15,12522850.0,834856.6666666666,0,2,TODO: đặt tên nhóm 0
C00402,11,18,13695350.0,760852.7777777778,0,2,TODO: đặt tên nhóm 0
C00403,16,18,15328500.0,851583.3333333334,0,2,TODO: đặt tên nhóm 0
C00404,3,20,20842800.0,1042140.0,0,2,TODO: đặt tên nhóm 0
C00405,12,21,26159600.0,1245695.238095238,0,2,TODO: đặt tên nhóm 0
C00406,1,18,21689600.0,1204977.7777777778,0,2,TODO: đặt tên nhóm 0
C00407,33,16,12725850.0,795365.625,0,2,TODO: đặt tên nhóm 0
C00408,17,10,12538050.0,1253805.0,0,2,TODO: đặt tên nhóm 0
C00409,18,24,18104050.0,754335.4166666666,0,2,TODO: đặt tên nhóm 0
C00410,33,14,11052900.0,789492.8571428572,0,2,TODO: đặt tên nhóm 0
C00411,41,17,20200250.0,1188250.0,0,2,TODO: đặt tên nhóm 0
C00412,3,22,41414532.0,1882478.7272727273,0,2,TODO: đặt tên nhóm 0
C00413,41,20,22145700.0,1107285.0,0,2,TODO: đặt tên nhóm 0
C00414,23,15,7976500.0,531766.6666666666,0,2,TODO: đặt tên nhóm 0
C00415,4,12,13609100.0,1134091.6666666667,0,2,TODO: đặt tên nhóm 0
C00416,1,20,28030871.0,1401543.55,0,2,TODO: đặt tên nhóm 0
C00417,8,20,18001400.0,900070.0,0,2,TODO: đặt tên nhóm 0
C00418,24,16,23883250.0,1492703.125,0,2,TODO: đặt tên nhóm 0
C00419,20,16,12339900.0,771243.75,0,2,TODO: đặt tên nhóm 0
C00420,13,21,26730200.0,1272866.6666666667,0,2,TODO: đặt tên nhóm 0
C00421,20,13,12282700.0,944823.0769230769,0,2,TODO: đặt tên nhóm 0
C00422,1,22,14924650.0,678393.1818181818,0,2,TODO: đặt tên nhóm 0
C00423,4,23,22851700.0,993552.1739130435,0,2,TODO: đặt tên nhóm 0
C00424,17,26,25614650.0,985178.8461538461,0,2,TODO: đặt tên nhóm 0
C00425,78,8,10863150.0,1357893.75,3,1,TODO: đặt tên nhóm 3
C00426,1,20,24407752.0,1220387.6,0,2,TODO: đặt tên nhóm 0
C00427,2,22,18427000.0,837590.9090909091,0,2,TODO: đặt tên nhóm 0
C00428,20,14,10244050.0,731717.8571428572,0,2,TODO: đặt tên nhóm 0
C00429,29,21,16932050.0,806288.0952380953,0,2,TODO: đặt tên nhóm 0
C00430,36,20,18266600.0,913330.0,0,2,TODO: đặt tên nhóm 0
C00431,3,25,22474900.0,898996.0,0,2,TODO: đặt tên nhóm 0
C00432,6,18,20454200.0,1136344.4444444445,0,2,TODO: đặt tên nhóm 0
C00433,34,12,6535850.0,544654.1666666666,2,2,TODO: đặt tên nhóm 2
C00434,9,14,20572950.0,1469496.4285714286,0,2,TODO: đặt tên nhóm 0
C00435,33,15,14054900.0,936993.3333333334,0,2,TODO: đặt tên nhóm 0
C00436,23,20,32964612.0,1648230.6,0,2,TODO: đặt tên nhóm 0
C00437,4,11,9078300.0,825300.0,0,2,TODO: đặt tên nhóm 0
C00438,5,6,11682000.0,1947000.0,3,1,TODO: đặt tên nhóm 3
C00439,5,16,15597050.0,974815.625,0,2,TODO: đặt tên nhóm 0
C00440,2,13,16028100.0,1232930.7692307692,0,2,TODO: đặt tên nhóm 0
C00441,52,14,12435600.0,888257.1428571428,0,2,TODO: đặt tên nhóm 0
C00442,4,16,23312394.0,1457024.625,0,2,TODO: đặt tên nhóm 0
C00443,3,16,12168750.0,760546.875,0,2,TODO: đặt tên nhóm 0
C00444,35,14,13649850.0,974989.2857142857,0,2,TODO: đặt tên nhóm 0
C00445,1,22,16859000.0,766318.1818181818,0,2,TODO: đặt tên nhóm 0
C00446,12,23,25442550.0,1106197.8260869565,0,2,TODO: đặt tên nhóm 0
C00447,16,17,13169200.0,774658.8235294118,0,2,TODO: đặt tên nhóm 0
C00448,44,12,11473400.0,956116.6666666666,0,2,TODO: đặt tên nhóm 0
C00449,2,20,10858650.0,542932.5,0,2,TODO: đặt tên nhóm 0
C00450,42,12,10385450.0,865454.1666666666,0,2,TODO: đặt tên nhóm 0
C00451,119,13,13109600.0,1008430.7692307692,0,1,TODO: đặt tên nhóm 0
C00452,27,18,13567650.0,753758.3333333334,0,2,TODO: đặt tên nhóm 0
C00453,1,14,13481950.0,962996.4285714285,0,2,TODO: đặt tên nhóm 0
C00454,19,17,19926750.0,1172161.7647058824,0,2,TODO: đặt tên nhóm 0
C00455,20,20,13805250.0,690262.5,0,2,TODO: đặt tên nhóm 0
C00456,33,24,29124100.0,1213504.1666666667,0,2,TODO: đặt tên nhóm 0
C00457,7,17,21605400.0,1270905.8823529412,0,2,TODO: đặt tên nhóm 0
C00458,7,18,27924441.0,1551357.8333333333,0,2,TODO: đặt tên nhóm 0
C00459,25,15,9553700.0,636913.3333333334,0,2,TODO: đặt tên nhóm 0
C00460,32,20,27186631.0,1359331.55,0,2,TODO: đặt tên nhóm 0
C00461,31,15,10798100.0,719873.3333333334,0,2,TODO: đặt tên nhóm 0
C00462,36,20,23925450.0,1196272.5,0,2,TODO: đặt tên nhóm 0
C00463,24,14,14107679.0,1007691.3571428572,0,2,TODO: đặt tên nhóm 0
C00464,8,24,24444700.0,1018529.1666666666,0,2,TODO: đặt tên nhóm 0
C00465,67,12,13744350.0,1145362.5,0,2,TODO: đặt tên nhóm 0
C00466,31,19,16541500.0,870605.2631578947,0,2,TODO: đặt tên nhóm 0
C00467,11,18,18621850.0,1034547.2222222222,0,2,TODO: đặt tên nhóm 0
C00468,27,17,12158050.0,715179.4117647059,0,2,TODO: đặt tên nhóm 0
C00469,65,17,18550556.0,1091209.1764705882,0,2,TODO: đặt tên nhóm 0
C00470,24,10,4712900.0,471290.0,2,2,TODO: đặt tên nhóm 2
C00471,1,15,9939852.0,662656.8,0,2,TODO: đặt tên nhóm 0
C00472,11,16,21022050.0,1313878.125,0,2,TODO: đặt tên nhóm 0
C00473,44,18,12620050.0,701113.8888888889,0,2,TODO: đặt tên nhóm 0
C00474,5,26,25761050.0,990809.6153846154,0,2,TODO: đặt tên nhóm 0
C00475,3,14,8654500.0,618178.5714285715,0,2,TODO: đặt tên nhóm 0
C00476,12,18,14821700.0,823427.7777777778,0,2,TODO: đặt tên nhóm 0
C00477,26,16,17511900.0,1094493.75,0,2,TODO: đặt tên nhóm 0
C00478,5,25,26178050.0,1047122.0,0,2,TODO: đặt tên nhóm 0
C00479,65,18,27758599.0,1542144.388888889,0,2,TODO: đặt tên nhóm 0
C00480,25,11,16331500.0,1484681.8181818181,0,2,TODO: đặt tên nhóm 0
C00481,51,14,12066150.0,861867.8571428572,0,2,TODO: đặt tên nhóm 0
C00482,9,19,17692000.0,931157.8947368421,0,2,TODO: đặt tên nhóm 0
C00483,21,17,14641400.0,861258.8235294118,0,2,TODO: đặt tên nhóm 0
C00484,23,15,12930000.0,862000.0,0,2,TODO: đặt tên nhóm 0
C00485,31,12,13057000.0,1088083.3333333333,0,2,TODO: đặt tên nhóm 0
C00486,20,12,10215550.0,851295.8333333334,0,2,TODO: đặt tên nhóm 0
C00487,15,15,13342300.0,889486.6666666666,0,2,TODO: đặt tên nhóm 0
C00488,4,16,16256599.0,1016037.4375,0,2,TODO: đặt tên nhóm 0
C00489,4,15,11904600.0,793640.0,0,2,TODO: đặt tên nhóm 0
C00490,4,13,14804100.0,1138776.923076923,0,2,TODO: đặt tên nhóm 0
C00491,32,16,28535728.0,1783483.0,0,2,TODO: đặt tên nhóm 0
C00492,15,16,24718450.0,1544903.125,0,2,TODO: đặt tên nhóm 0
C00493,32,17,16957350.0,997491.1764705882,0,2,TODO: đặt tên nhóm 0
C00494,15,20,19213200.0,960660.0,0,2,TODO: đặt tên nhóm 0
C00495,17,18,42313445.0,2350746.9444444445,0,2,TODO: đặt tên nhóm 0
C00496,6,13,17000750.0,1307750.0,0,2,TODO: đặt tên nhóm 0
C00497,18,19,44651997.0,2350105.1052631577,0,2,TODO: đặt tên nhóm 0
C00498,29,21,27996550.0,1333169.0476190476,0,2,TODO: đặt tên nhóm 0
C00499,18,16,13973050.0,873315.625,0,2,TODO: đặt tên nhóm 0
C00500,22,13,12992050.0,999388.4615384615,0,2,TODO: đặt tên nhóm 0
C00501,25,10,9842200.0,984220.0,0,2,TODO: đặt tên nhóm 0
C00502,7,17,16707500.0,982794.1176470588,0,2,TODO: đặt tên nhóm 0
C00503,1,21,20883442.0,994449.619047619,0,2,TODO: đặt tên nhóm 0
C00504,49,16,17613900.0,1100868.75,0,2,TODO: đặt tên nhóm 0
C00505,1,12,7775550.0,647962.5,0,2,TODO: đặt tên nhóm 0
C00506,5,12,23690976.65232857,1974248.054360714,0,2,TODO: đặt tên nhóm 0
C00507,18,11,9109400.0,828127.2727272727,0,2,TODO: đặt tên nhóm 0
C00508,18,12,9207600.0,767300.0,0,2,TODO: đặt tên nhóm 0
C00509,3,10,9993450.0,999345.0,0,2,TODO: đặt tên nhóm 0
C00510,26,15,16765450.0,1117696.6666666667,0,2,TODO: đặt tên nhóm 0
C00511,4,11,9266300.0,842390.9090909091,0,2,TODO: đặt tên nhóm 0
C00512,1,14,19234700.0,1373907.142857143,0,2,TODO: đặt tên nhóm 0
C00513,46,10,9695750.0,969575.0,0,2,TODO: đặt tên nhóm 0
C00514,5,19,16946050.0,891897.3684210526,0,2,TODO: đặt tên nhóm 0
C00515,1,24,29201300.0,1216720.8333333333,0,2,TODO: đặt tên nhóm 0
C00516,7,13,21152948.0,1627149.8461538462,0,2,TODO: đặt tên nhóm 0
C00517,5,14,15736550.0,1124039.2857142857,0,2,TODO: đặt tên nhóm 0
C00518,7,15,16543000.0,1102866.6666666667,0,2,TODO: đặt tên nhóm 0
C00519,13,10,10727300.0,1072730.0,0,2,TODO: đặt tên nhóm 0
C00520,5,16,24498331.0,1531145.6875,0,2,TODO: đặt tên nhóm 0
C00521,29,14,27228078.0,1944862.7142857143,0,2,TODO: đặt tên nhóm 0
C00522,4,21,27787333.3274293,1323206.3489252047,0,2,TODO: đặt tên nhóm 0
C00523,47,13,11146550.0,857426.9230769231,0,2,TODO: đặt tên nhóm 0
C00524,13,18,16563500.0,920194.4444444445,0,2,TODO: đặt tên nhóm 0
C00525,70,14,11153200.0,796657.1428571428,0,2,TODO: đặt tên nhóm 0
C00526,20,19,21240900.0,1117942.105263158,0,2,TODO: đặt tên nhóm 0
C00527,10,14,21138600.0,1509900.0,0,2,TODO: đặt tên nhóm 0
C00528,2,15,20121500.0,1341433.3333333333,0,2,TODO: đặt tên nhóm 0
C00529,31,12,8228350.0,685695.8333333334,0,2,TODO: đặt tên nhóm 0
C00530,35,10,11024050.0,1102405.0,0,2,TODO: đặt tên nhóm 0
C00531,54,10,13962850.0,1396285.0,0,2,TODO: đặt tên nhóm 0
C00532,5,18,15932250.0,885125.0,0,2,TODO: đặt tên nhóm 0
C00533,26,15,19250500.0,1283366.6666666667,0,2,TODO: đặt tên nhóm 0
C00534,7,16,32421161.0,2026322.5625,0,2,TODO: đặt tên nhóm 0
C00535,22,14,16557250.0,1182660.7142857143,0,2,TODO: đặt tên nhóm 0
C00536,56,13,8547300.0,657484.6153846154,0,2,TODO: đặt tên nhóm 0
C00537,5,20,12496100.0,624805.0,0,2,TODO: đặt tên nhóm 0
C00538,14,17,15163700.0,891982.3529411765,0,2,TODO: đặt tên nhóm 0
C00539,1,11,9102900.0,827536.3636363636,0,2,TODO: đặt tên nhóm 0
C00540,2,17,25286785.0,1487457.9411764706,0,2,TODO: đặt tên nhóm 0
C00541,30,12,11043350.0,920279.1666666666,0,2,TODO: đặt tên nhóm 0
C00542,28,15,10244750.0,682983.3333333334,0,2,TODO: đặt tên nhóm 0
C00543,11,18,15073700.0,837427.7777777778,0,2,TODO: đặt tên nhóm 0
C00544,8,20,14100200.0,705010.0,0,2,TODO: đặt tên nhóm 0
C00545,3,22,18832800.0,856036.3636363636,0,2,TODO: đặt tên nhóm 0
C00546,73,15,12420150.0,828010.0,0,2,TODO: đặt tên nhóm 0
C00547,4,16,13205155.0,825322.1875,0,2,TODO: đặt tên nhóm 0
C00548,49,12,11869750.0,989145.8333333334,0,2,TODO: đặt tên nhóm 0
C00549,19,16,11387000.0,711687.5,0,2,TODO: đặt tên nhóm 0
C00550,4,16,17972450.0,1123278.125,0,2,TODO: đặt tên nhóm 0
C00551,24,19,19141150.0,1007428.947368421,0,2,TODO: đặt tên nhóm 0
C00552,42,12,14681850.0,1223487.5,0,2,TODO: đặt tên nhóm 0
C00553,14,12,22753908.53476356,1896159.04456363,0,2,TODO: đặt tên nhóm 0
C00554,35,13,16723100.0,1286392.3076923077,0,2,TODO: đặt tên nhóm 0
C00555,5,13,13737350.0,1056719.2307692308,0,2,TODO: đặt tên nhóm 0
C00556,8,16,13517256.0,844828.5,0,2,TODO: đặt tên nhóm 0
C00557,15,11,11295000.0,1026818.1818181818,0,2,TODO: đặt tên nhóm 0
C00558,26,8,8464100.0,1058012.5,2,2,TODO: đặt tên nhóm 2
C00559,4,17,18249750.0,1073514.705882353,0,2,TODO: đặt tên nhóm 0
C00560,2,24,34348650.0,1431193.75,0,2,TODO: đặt tên nhóm 0
C00561,14,11,13605363.0,1236851.1818181819,0,2,TODO: đặt tên nhóm 0
C00562,53,11,7729556.0,702686.9090909091,2,2,TODO: đặt tên nhóm 2
C00563,10,12,17813650.0,1484470.8333333333,0,2,TODO: đặt tên nhóm 0
C00564,33,9,14054913.260280723,1561657.0289200803,0,2,TODO: đặt tên nhóm 0
C00565,9,8,11755450.0,1469431.25,3,2,TODO: đặt tên nhóm 3
C00566,4,19,25929428.0,1364706.7368421052,0,2,TODO: đặt tên nhóm 0
C00567,53,16,16431750.0,1026984.375,0,2,TODO: đặt tên nhóm 0
C00568,8,21,20667300.0,984157.1428571428,0,2,TODO: đặt tên nhóm 0
C00569,40,18,16109650.0,894980.5555555555,0,2,TODO: đặt tên nhóm 0
C00570,32,16,16050850.0,1003178.125,0,2,TODO: đặt tên nhóm 0
C00571,10,14,12582700.0,898764.2857142857,0,2,TODO: đặt tên nhóm 0
C00572,11,16,18760900.0,1172556.25,0,2,TODO: đặt tên nhóm 0
C00573,16,13,11387650.0,875973.0769230769,0,2,TODO: đặt tên nhóm 0
C00574,24,14,22894350.0,1635310.7142857143,0,2,TODO: đặt tên nhóm 0
C00575,11,13,11025850.0,848142.3076923077,0,2,TODO: đặt tên nhóm 0
C00576,53,16,40907404.59164272,2556712.78697767,0,2,TODO: đặt tên nhóm 0
C00577,59,11,9881050.0,898277.2727272727,0,2,TODO: đặt tên nhóm 0
C00578,15,16,12601400.0,787587.5,0,2,TODO: đặt tên nhóm 0
C00579,5,18,14949850.0,830547.2222222222,0,2,TODO: đặt tên nhóm 0
C00580,57,17,19832800.0,1166635.294117647,0,2,TODO: đặt tên nhóm 0
C00581,58,14,15134800.0,1081057.142857143,0,2,TODO: đặt tên nhóm 0
C00582,47,10,5359050.0,535905.0,2,2,TODO: đặt tên nhóm 2
C00583,2,17,12589250.0,740544.1176470588,0,2,TODO: đặt tên nhóm 0
C00584,40,15,21258700.0,1417246.6666666667,0,2,TODO: đặt tên nhóm 0
C00585,18,15,10846750.0,723116.6666666666,0,2,TODO: đặt tên nhóm 0
C00586,14,13,11898500.0,915269.2307692308,0,2,TODO: đặt tên nhóm 0
C00587,3,10,13797200.0,1379720.0,0,2,TODO: đặt tên nhóm 0
C00588,11,15,11965550.0,797703.3333333334,0,2,TODO: đặt tên nhóm 0
C00589,31,24,23316250.0,971510.4166666666,0,2,TODO: đặt tên nhóm 0
C00590,52,21,19036000.0,906476.1904761905,0,2,TODO: đặt tên nhóm 0
C00591,24,9,12462950.0,1384772.2222222222,0,2,TODO: đặt tên nhóm 0
C00592,29,13,9115400.0,701184.6153846154,0,2,TODO: đặt tên nhóm 0
C00593,20,12,13343850.0,1111987.5,0,2,TODO: đặt tên nhóm 0
C00594,11,11,6176500.0,561500.0,2,2,TODO: đặt tên nhóm 2
C00595,11,12,12079900.0,1006658.3333333334,0,2,TODO: đặt tên nhóm 0
C00596,1,18,16447100.0,913727.7777777778,0,2,TODO: đặt tên nhóm 0
C00597,27,18,28107026.0,1561501.4444444445,0,2,TODO: đặt tên nhóm 0
C00598,61,19,24079400.0,1267336.8421052631,0,2,TODO: đặt tên nhóm 0
C00599,1,13,15943150.0,1226396.1538461538,0,2,TODO: đặt tên nhóm 0
C00600,2,13,10898850.0,838373.0769230769,0,2,TODO: đặt tên nhóm 0
C00601,27,16,16922600.0,1057662.5,0,2,TODO: đặt tên nhóm 0
C00602,19,10,7822750.0,782275.0,2,2,TODO: đặt tên nhóm 2
C00603,25,10,6770500.0,677050.0,2,2,TODO: đặt tên nhóm 2
C00604,20,16,17308350.0,1081771.875,0,2,TODO: đặt tên nhóm 0
C00605,65,12,14017600.0,1168133.3333333333,0,2,TODO: đặt tên nhóm 0
C00606,17,16,18241150.0,1140071.875,0,2,TODO: đặt tên nhóm 0
C00607,1,12,9708700.0,809058.3333333334,0,2,TODO: đặt tên nhóm 0
C00608,54,11,13682500.0,1243863.6363636365,0,2,TODO: đặt tên nhóm 0
C00609,209,2,1670750.0,835375.0,1,0,TODO: đặt tên nhóm 1
C00610,3,15,20471650.0,1364776.6666666667,0,2,TODO: đặt tên nhóm 0
C00611,2,12,12398350.0,1033195.8333333334,0,2,TODO: đặt tên nhóm 0
C00612,31,10,5808000.0,580800.0,2,2,TODO: đặt tên nhóm 2
C00613,3,20,25489200.0,1274460.0,0,2,TODO: đặt tên nhóm 0
C00614,10,14,9868300.0,704878.5714285715,0,2,TODO: đặt tên nhóm 0
C00615,14,12,12508050.0,1042337.5,0,2,TODO: đặt tên nhóm 0
C00616,5,13,7647100.0,588238.4615384615,0,2,TODO: đặt tên nhóm 0
C00617,16,13,12452350.0,957873.0769230769,0,2,TODO: đặt tên nhóm 0
C00618,11,20,23144200.0,1157210.0,0,2,TODO: đặt tên nhóm 0
C00619,3,15,12617787.0,841185.8,0,2,TODO: đặt tên nhóm 0
C00620,86,12,7510400.0,625866.6666666666,0,2,TODO: đặt tên nhóm 0
C00621,7,9,11534450.0,1281605.5555555555,0,2,TODO: đặt tên nhóm 0
C00622,6,14,18866350.0,1347596.4285714286,0,2,TODO: đặt tên nhóm 0
C00623,92,11,15117750.0,1374340.9090909092,0,1,TODO: đặt tên nhóm 0
C00624,6,23,33227617.0,1444679.0,0,2,TODO: đặt tên nhóm 0
C00625,17,17,17419900.0,1024700.0,0,2,TODO: đặt tên nhóm 0
C00626,3,19,17890300.0,941594.7368421053,0,2,TODO: đặt tên nhóm 0
C00627,12,17,10003150.0,588420.5882352941,0,2,TODO: đặt tên nhóm 0
C00628,13,16,10075000.0,629687.5,0,2,TODO: đặt tên nhóm 0
C00629,22,11,6906450.0,627859.0909090909,2,2,TODO: đặt tên nhóm 2
C00630,8,11,8308100.0,755281.8181818182,0,2,TODO: đặt tên nhóm 0
C00631,147,11,15565500.0,1415045.4545454546,0,1,TODO: đặt tên nhóm 0
C00632,43,6,7159950.0,1193325.0,2,3,TODO: đặt tên nhóm 2
C00633,2,10,14539850.0,1453985.0,0,2,TODO: đặt tên nhóm 0
C00634,3,19,26118500.0,1374657.894736842,0,2,TODO: đặt tên nhóm 0
C00635,28,14,12053300.0,860950.0,0,2,TODO: đặt tên nhóm 0
C00636,17,15,11022050.0,734803.3333333334,0,2,TODO: đặt tên nhóm 0
C00637,7,16,11909960.0,744372.5,0,2,TODO: đặt tên nhóm 0
C00638,39,16,15299400.0,956212.5,0,2,TODO: đặt tên nhóm 0
C00639,92,9,7422800.0,824755.5555555555,2,3,TODO: đặt tên nhóm 2
C00640,17,15,10230450.0,682030.0,0,2,TODO: đặt tên nhóm 0
C00641,6,13,7844500.0,603423.0769230769,0,2,TODO: đặt tên nhóm 0
C00642,25,9,25062450.0,2784716.6666666665,3,2,TODO: đặt tên nhóm 3
C00643,7,14,17200350.0,1228596.4285714286,0,2,TODO: đặt tên nhóm 0
C00644,20,16,14989650.0,936853.125,0,2,TODO: đặt tên nhóm 0
C00645,20,17,19610800.0,1153576.4705882352,0,2,TODO: đặt tên nhóm 0
C00646,2,16,12042150.0,752634.375,0,2,TODO: đặt tên nhóm 0
C00647,1,11,13276400.0,1206945.4545454546,0,2,TODO: đặt tên nhóm 0
C00648,2,19,20650700.0,1086878.9473684211,0,2,TODO: đặt tên nhóm 0
C00649,84,10,6876750.0,687675.0,2,1,TODO: đặt tên nhóm 2
C00650,1,12,14577600.0,1214800.0,0,2,TODO: đặt tên nhóm 0
C00651,35,17,19342880.0,1137816.4705882352,0,2,TODO: đặt tên nhóm 0
C00652,9,12,13935400.0,1161283.3333333333,0,2,TODO: đặt tên nhóm 0
C00653,5,15,8747650.0,583176.6666666666,0,2,TODO: đặt tên nhóm 0
C00654,25,15,35145304.45465544,2343020.296977029,0,2,TODO: đặt tên nhóm 0
C00655,12,12,9905500.0,825458.3333333334,0,2,TODO: đặt tên nhóm 0
C00656,12,15,12904500.0,860300.0,0,2,TODO: đặt tên nhóm 0
C00657,9,14,17871050.0,1276503.5714285714,0,2,TODO: đặt tên nhóm 0
C00658,17,16,15540300.0,971268.75,0,2,TODO: đặt tên nhóm 0
C00659,19,17,21028250.0,1236955.8823529412,0,2,TODO: đặt tên nhóm 0
C00660,22,13,14803550.0,1138734.6153846155,0,2,TODO: đặt tên nhóm 0
C00661,8,11,12235100.0,1112281.8181818181,0,2,TODO: đặt tên nhóm 0
C00662,4,13,31203090.0,2400237.6923076925,0,2,TODO: đặt tên nhóm 0
C00663,13,18,18264400.0,1014688.8888888889,0,2,TODO: đặt tên nhóm 0
C00664,55,13,17221950.0,1324765.3846153845,0,2,TODO: đặt tên nhóm 0
C00665,117,14,14612558.0,1043754.1428571428,0,1,TODO: đặt tên nhóm 0
C00666,3,9,11780200.0,1308911.111111111,0,2,TODO: đặt tên nhóm 0
C00667,39,9,8047800.0,894200.0,2,2,TODO: đặt tên nhóm 2
C00668,132,8,11338500.0,1417312.5,3,1,TODO: đặt tên nhóm 3
C00669,18,9,7250700.0,805633.3333333334,2,2,TODO: đặt tên nhóm 2
C00670,2,5,2811900.0,562380.0,2,3,TODO: đặt tên nhóm 2
C00671,27,9,6611750.0,734638.8888888889,2,2,TODO: đặt tên nhóm 2
C00672,7,14,11169250.0,797803.5714285715,0,2,TODO: đặt tên nhóm 0
C00673,36,14,21775650.0,1555403.5714285714,0,2,TODO: đặt tên nhóm 0
C00674,21,16,10780750.0,673796.875,0,2,TODO: đặt tên nhóm 0
C00675,4,11,8024550.0,729504.5454545454,0,2,TODO: đặt tên nhóm 0
C00676,7,9,10191650.0,1132405.5555555555,0,2,TODO: đặt tên nhóm 0
C00677,47,16,13185650.0,824103.125,0,2,TODO: đặt tên nhóm 0
C00678,17,15,12430450.0,828696.6666666666,0,2,TODO: đặt tên nhóm 0
C00679,15,13,12982050.0,998619.2307692308,0,2,TODO: đặt tên nhóm 0
C00680,29,11,16078800.0,1461709.0909090908,0,2,TODO: đặt tên nhóm 0
C00681,70,8,8567300.0,1070912.5,2,1,TODO: đặt tên nhóm 2
C00682,29,11,6494850.0,590440.9090909091,2,2,TODO: đặt tên nhóm 2
C00683,4,13,13179400.0,1013800.0,0,2,TODO: đặt tên nhóm 0
C00684,3,12,11466650.0,955554.1666666666,0,2,TODO: đặt tên nhóm 0
C00685,6,8,10562400.0,1320300.0,0,2,TODO: đặt tên nhóm 0
C00686,71,14,13454850.0,961060.7142857143,0,2,TODO: đặt tên nhóm 0
C00687,34,12,9516900.0,793075.0,0,2,TODO: đặt tên nhóm 0
C00688,43,12,12980100.0,1081675.0,0,2,TODO: đặt tên nhóm 0
C00689,6,10,12761400.0,1276140.0,0,2,TODO: đặt tên nhóm 0
C00690,63,9,8478700.0,942077.7777777778,2,3,TODO: đặt tên nhóm 2
C00691,16,11,13401950.0,1218359.0909090908,0,2,TODO: đặt tên nhóm 0
C00692,28,16,13628900.0,851806.25,0,2,TODO: đặt tên nhóm 0
C00693,28,9,8043000.0,893666.6666666666,2,2,TODO: đặt tên nhóm 2
C00694,2,15,11218250.0,747883.3333333334,0,2,TODO: đặt tên nhóm 0
C00695,10,13,11771950.0,905534.6153846154,0,2,TODO: đặt tên nhóm 0
C00696,29,16,22399600.0,1399975.0,0,2,TODO: đặt tên nhóm 0
C00697,66,12,10585316.0,882109.6666666666,0,2,TODO: đặt tên nhóm 0
C00698,35,16,11572300.0,723268.75,0,2,TODO: đặt tên nhóm 0
C00699,32,11,12056050.0,1096004.5454545454,0,2,TODO: đặt tên nhóm 0
C00700,24,12,6539700.0,544975.0,2,2,TODO: đặt tên nhóm 2
C00701,7,13,12579850.0,967680.7692307692,0,2,TODO: đặt tên nhóm 0
C00702,22,13,9898600.0,761430.7692307692,0,2,TODO: đặt tên nhóm 0
C00703,32,16,17481566.0,1092597.875,0,2,TODO: đặt tên nhóm 0
C00704,4,12,12141100.0,1011758.3333333334,0,2,TODO: đặt tên nhóm 0
C00705,3,20,16000950.0,800047.5,0,2,TODO: đặt tên nhóm 0
C00706,6,9,9449300.0,1049922.2222222222,0,2,TODO: đặt tên nhóm 0
C00707,7,13,9326450.0,717419.2307692308,0,2,TODO: đặt tên nhóm 0
C00708,27,13,9056250.0,696634.6153846154,0,2,TODO: đặt tên nhóm 0
C00709,8,18,10775950.0,598663.8888888889,0,2,TODO: đặt tên nhóm 0
C00710,3,8,6251350.0,781418.75,2,3,TODO: đặt tên nhóm 2
C00711,1,12,15156950.0,1263079.1666666667,0,2,TODO: đặt tên nhóm 0
C00712,84,15,11535700.0,769046.6666666666,0,2,TODO: đặt tên nhóm 0
C00713,6,11,8528700.0,775336.3636363636,0,2,TODO: đặt tên nhóm 0
C00714,8,12,22989912.0,1915826.0,0,2,TODO: đặt tên nhóm 0
C00715,33,9,10780750.0,1197861.111111111,0,2,TODO: đặt tên nhóm 0
C00716,56,14,12359500.0,882821.4285714285,0,2,TODO: đặt tên nhóm 0
C00717,42,17,17038150.0,1002244.1176470588,0,2,TODO: đặt tên nhóm 0
C00718,24,16,27862047.0,1741377.9375,0,2,TODO: đặt tên nhóm 0
C00719,69,10,15328150.0,1532815.0,0,1,TODO: đặt tên nhóm 0
C00720,11,12,11746100.0,978841.6666666666,0,2,TODO: đặt tên nhóm 0
C00721,5,9,10234756.0,1137195.111111111,0,2,TODO: đặt tên nhóm 0
C00722,20,12,10823800.0,901983.3333333334,0,2,TODO: đặt tên nhóm 0
C00723,42,11,8788400.0,798945.4545454546,0,2,TODO: đặt tên nhóm 0
C00724,29,12,13196750.0,1099729.1666666667,0,2,TODO: đặt tên nhóm 0
C00725,9,12,7211550.0,600962.5,0,2,TODO: đặt tên nhóm 0
C00726,44,11,5549850.0,504531.8181818182,2,2,TODO: đặt tên nhóm 2
C00727,10,13,16226800.0,1248215.3846153845,0,2,TODO: đặt tên nhóm 0
C00728,74,9,4709700.0,523300.0,2,2,TODO: đặt tên nhóm 2
C00729,9,15,10537300.0,702486.6666666666,0,2,TODO: đặt tên nhóm 0
C00730,15,15,15290559.0,1019370.6,0,2,TODO: đặt tên nhóm 0
C00731,12,12,15095950.0,1257995.8333333333,0,2,TODO: đặt tên nhóm 0
C00732,52,14,23071550.0,1647967.857142857,0,2,TODO: đặt tên nhóm 0
C00733,1,16,17613800.0,1100862.5,0,2,TODO: đặt tên nhóm 0
C00734,16,19,21075800.0,1109252.6315789474,0,2,TODO: đặt tên nhóm 0
C00735,38,9,6147850.0,683094.4444444445,2,2,TODO: đặt tên nhóm 2
C00736,89,10,12112600.0,1211260.0,0,1,TODO: đặt tên nhóm 0
C00737,14,11,10521350.0,956486.3636363636,0,2,TODO: đặt tên nhóm 0
C00738,10,7,23985181.807985302,3426454.5439979,3,1,TODO: đặt tên nhóm 3
C00739,39,10,11885550.0,1188555.0,0,2,TODO: đặt tên nhóm 0
C00740,6,15,14958450.0,997230.0,0,2,TODO: đặt tên nhóm 0
C00741,22,13,10281700.0,790900.0,0,2,TODO: đặt tên nhóm 0
C00742,5,16,13206100.0,825381.25,0,2,TODO: đặt tên nhóm 0
C00743,23,13,10185400.0,783492.3076923077,0,2,TODO: đặt tên nhóm 0
C00744,47,11,9548600.0,868054.5454545454,0,2,TODO: đặt tên nhóm 0
C00745,13,14,19146600.0,1367614.2857142857,0,2,TODO: đặt tên nhóm 0
C00746,23,13,7135200.0,548861.5384615385,0,2,TODO: đặt tên nhóm 0
C00747,12,16,42571346.0,2660709.125,0,2,TODO: đặt tên nhóm 0
C00748,26,17,14712850.0,865461.7647058824,0,2,TODO: đặt tên nhóm 0
C00749,31,12,10768950.0,897412.5,0,2,TODO: đặt tên nhóm 0
C00750,30,18,13272750.0,737375.0,0,2,TODO: đặt tên nhóm 0
C00751,47,9,9514550.0,1057172.2222222222,0,2,TODO: đặt tên nhóm 0
C00752,77,8,7549100.0,943637.5,2,3,TODO: đặt tên nhóm 2
C00753,66,12,13044848.0,1087070.6666666667,0,2,TODO: đặt tên nhóm 0
C00754,7,13,19327000.0,1486692.3076923077,0,2,TODO: đặt tên nhóm 0
C00755,70,9,11362800.0,1262533.3333333333,0,1,TODO: đặt tên nhóm 0
C00756,152,5,6393300.0,1278660.0,1,3,TODO: đặt tên nhóm 1
C00757,15,14,18570850.0,1326489.2857142857,0,2,TODO: đặt tên nhóm 0
C00758,18,12,10772200.0,897683.3333333334,0,2,TODO: đặt tên nhóm 0
C00759,35,18,19247100.0,1069283.3333333333,0,2,TODO: đặt tên nhóm 0
C00760,22,12,8946750.0,745562.5,0,2,TODO: đặt tên nhóm 0
C00761,43,15,36498615.0,2433241.0,0,2,TODO: đặt tên nhóm 0
C00762,5,10,6229050.0,622905.0,2,2,TODO: đặt tên nhóm 2
C00763,2,13,11014400.0,847261.5384615385,0,2,TODO: đặt tên nhóm 0
C00764,40,11,9679500.0,879954.5454545454,0,2,TODO: đặt tên nhóm 0
C00765,30,11,10969600.0,997236.3636363636,0,2,TODO: đặt tên nhóm 0
C00766,12,9,11026309.186639886,1225145.4651822096,0,2,TODO: đặt tên nhóm 0
C00767,17,15,13994800.0,932986.6666666666,0,2,TODO: đặt tên nhóm 0
C00768,10,9,6547400.0,727488.8888888889,2,2,TODO: đặt tên nhóm 2
C00769,11,15,16698878.0,1113258.5333333334,0,2,TODO: đặt tên nhóm 0
C00770,18,15,17406650.0,1160443.3333333333,0,2,TODO: đặt tên nhóm 0
C00771,22,17,16412100.0,965417.6470588235,0,2,TODO: đặt tên nhóm 0
C00772,10,14,22942895.0,1638778.2142857143,0,2,TODO: đặt tên nhóm 0
C00773,15,12,9409600.0,784133.3333333334,0,2,TODO: đặt tên nhóm 0
C00774,5,15,8875700.0,591713.3333333334,0,2,TODO: đặt tên nhóm 0
C00775,7,16,12325650.0,770353.125,0,2,TODO: đặt tên nhóm 0
C00776,11,16,13942050.0,871378.125,0,2,TODO: đặt tên nhóm 0
C00777,84,10,7146700.0,714670.0,2,1,TODO: đặt tên nhóm 2
C00778,22,15,11949900.0,796660.0,0,2,TODO: đặt tên nhóm 0
C00779,18,18,15363700.0,853538.8888888889,0,2,TODO: đặt tên nhóm 0
C00780,16,12,7710550.0,642545.8333333334,0,2,TODO: đặt tên nhóm 0
C00781,79,7,6503000.0,929000.0,2,3,TODO: đặt tên nhóm 2
C00782,75,13,19249570.335530102,1480736.1796561617,0,2,TODO: đặt tên nhóm 0
C00783,25,11,13023700.0,1183972.7272727273,0,2,TODO: đặt tên nhóm 0
C00784,9,9,10622950.0,1180327.7777777778,0,2,TODO: đặt tên nhóm 0
C00785,33,11,11688200.0,1062563.6363636365,0,2,TODO: đặt tên nhóm 0
C00786,2,12,12602100.0,1050175.0,0,2,TODO: đặt tên nhóm 0
C00787,75,10,9227500.0,922750.0,0,2,TODO: đặt tên nhóm 0
C00788,9,12,6995250.0,582937.5,0,2,TODO: đặt tên nhóm 0
C00789,2,9,13762100.0,1529122.2222222222,0,2,TODO: đặt tên nhóm 0
C00790,23,16,16155800.0,1009737.5,0,2,TODO: đặt tên nhóm 0
C00791,52,11,8710000.0,791818.1818181818,0,2,TODO: đặt tên nhóm 0
C00792,5,8,8847400.0,1105925.0,2,2,TODO: đặt tên nhóm 2
C00793,1,12,11493950.0,957829.1666666666,0,2,TODO: đặt tên nhóm 0
C00794,10,7,4542100.0,648871.4285714285,2,3,TODO: đặt tên nhóm 2
C00795,39,19,38007588.0,2000399.3684210526,0,2,TODO: đặt tên nhóm 0
C00796,15,10,14319050.0,1431905.0,0,2,TODO: đặt tên nhóm 0
C00797,22,15,13857750.0,923850.0,0,2,TODO: đặt tên nhóm 0
C00798,36,13,15949078.710121596,1226852.208470892,0,2,TODO: đặt tên nhóm 0
C00799,13,10,9567300.0,956730.0,0,2,TODO: đặt tên nhóm 0
C00800,98,13,8594950.0,661150.0,0,1,TODO: đặt tên nhóm 0
C00801,28,10,13531115.93421959,1353111.5934219589,0,2,TODO: đặt tên nhóm 0
C00802,16,12,12293850.0,1024487.5,0,2,TODO: đặt tên nhóm 0
C00803,32,8,7920650.0,990081.25,2,2,TODO: đặt tên nhóm 2
C00804,49,16,11095550.0,693471.875,0,2,TODO: đặt tên nhóm 0
C00805,4,13,11129600.0,856123.0769230769,0,2,TODO: đặt tên nhóm 0
C00806,11,9,6360700.0,706744.4444444445,2,2,TODO: đặt tên nhóm 2
C00807,8,8,12321800.0,1540225.0,3,2,TODO: đặt tên nhóm 3
C00808,157,4,2921900.0,730475.0,1,0,TODO: đặt tên nhóm 1
C00809,9,12,6824000.0,568666.6666666666,0,2,TODO: đặt tên nhóm 0
C00810,37,13,13984000.0,1075692.3076923077,0,2,TODO: đặt tên nhóm 0
C00811,18,18,16255650.0,903091.6666666666,0,2,TODO: đặt tên nhóm 0
C00812,13,14,14550200.0,1039300.0,0,2,TODO: đặt tên nhóm 0
C00813,22,7,3492050.0,498864.28571428574,2,2,TODO: đặt tên nhóm 2
C00814,27,13,14740550.0,1133888.4615384615,0,2,TODO: đặt tên nhóm 0
C00815,125,8,6099569.861668259,762446.2327085324,1,3,TODO: đặt tên nhóm 1
C00816,55,15,19452400.0,1296826.6666666667,0,2,TODO: đặt tên nhóm 0
C00817,7,12,12219010.583315134,1018250.8819429278,0,2,TODO: đặt tên nhóm 0
C00818,24,11,13395150.0,1217740.9090909092,0,2,TODO: đặt tên nhóm 0
C00819,13,15,17715748.0,1181049.8666666667,0,2,TODO: đặt tên nhóm 0
C00820,51,14,13348700.0,953478.5714285715,0,2,TODO: đặt tên nhóm 0
C00821,27,10,7312000.0,731200.0,2,2,TODO: đặt tên nhóm 2
C00822,24,7,2403850.0,343407.14285714284,2,2,TODO: đặt tên nhóm 2
C00823,7,11,12819350.0,1165395.4545454546,0,2,TODO: đặt tên nhóm 0
C00824,2,11,13209200.0,1200836.3636363635,0,2,TODO: đặt tên nhóm 0
C00825,19,13,12849000.0,988384.6153846154,0,2,TODO: đặt tên nhóm 0
C00826,11,9,12034550.0,1337172.2222222222,0,2,TODO: đặt tên nhóm 0
C00827,34,12,8320200.0,693350.0,0,2,TODO: đặt tên nhóm 0
C00828,22,12,7617750.0,634812.5,0,2,TODO: đặt tên nhóm 0
C00829,3,14,13914900.0,993921.4285714285,0,2,TODO: đặt tên nhóm 0
C00830,47,18,27157600.0,1508755.5555555555,0,2,TODO: đặt tên nhóm 0
C00831,10,12,17573800.0,1464483.3333333333,0,2,TODO: đặt tên nhóm 0
C00832,3,16,19770250.0,1235640.625,0,2,TODO: đặt tên nhóm 0
C00833,12,13,15527500.0,1194423.076923077,0,2,TODO: đặt tên nhóm 0
C00834,76,6,5426100.0,904350.0,2,3,TODO: đặt tên nhóm 2
C00835,50,12,23341726.0,1945143.8333333333,0,2,TODO: đặt tên nhóm 0
C00836,3,15,13720400.0,914693.3333333334,0,2,TODO: đặt tên nhóm 0
C00837,41,9,12335450.0,1370605.5555555555,0,2,TODO: đặt tên nhóm 0
C00838,2,9,10816000.0,1201777.7777777778,0,2,TODO: đặt tên nhóm 0
C00839,3,10,4789300.0,478930.0,2,2,TODO: đặt tên nhóm 2
C00840,13,12,11343150.0,945262.5,0,2,TODO: đặt tên nhóm 0
C00841,16,7,7472200.0,1067457.142857143,2,3,TODO: đặt tên nhóm 2
C00842,16,11,11514167.0,1046742.4545454546,0,2,TODO: đặt tên nhóm 0
C00843,42,6,5140150.0,856691.6666666666,2,3,TODO: đặt tên nhóm 2
C00844,16,14,23669500.0,1690678.5714285714,0,2,TODO: đặt tên nhóm 0
C00845,30,16,11143800.0,696487.5,0,2,TODO: đặt tên nhóm 0
C00846,3,10,35667257.48600877,3566725.748600877,0,2,TODO: đặt tên nhóm 0
C00847,22,16,11129100.0,695568.75,0,2,TODO: đặt tên nhóm 0
C00848,10,9,7275900.0,808433.3333333334,2,2,TODO: đặt tên nhóm 2
C00849,48,10,7468800.0,746880.0,2,2,TODO: đặt tên nhóm 2
C00850,8,13,10174650.0,782665.3846153846,0,2,TODO: đặt tên nhóm 0
C00851,20,13,14912400.0,1147107.6923076923,0,2,TODO: đặt tên nhóm 0
C00852,7,17,9955650.0,585626.4705882353,0,2,TODO: đặt tên nhóm 0
C00853,14,14,20562800.0,1468771.4285714286,0,2,TODO: đặt tên nhóm 0
C00854,52,9,8689950.0,965550.0,2,2,TODO: đặt tên nhóm 2
C00855,9,13,8705650.0,669665.3846153846,0,2,TODO: đặt tên nhóm 0
C00856,23,9,8588900.0,954322.2222222222,2,2,TODO: đặt tên nhóm 2
C00857,13,9,6185400.0,687266.6666666666,2,2,TODO: đặt tên nhóm 2
C00858,4,13,9408750.0,723750.0,0,2,TODO: đặt tên nhóm 0
C00859,22,12,9015100.0,751258.3333333334,0,2,TODO: đặt tên nhóm 0
C00860,24,8,14923800.0,1865475.0,3,2,TODO: đặt tên nhóm 3
C00861,3,8,9499200.0,1187400.0,0,2,TODO: đặt tên nhóm 0
C00862,60,10,8324900.0,832490.0,2,2,TODO: đặt tên nhóm 2
C00863,57,11,10030350.0,911850.0,0,2,TODO: đặt tên nhóm 0
C00864,38,14,16674550.0,1191039.2857142857,0,2,TODO: đặt tên nhóm 0
C00865,32,12,8050200.0,670850.0,0,2,TODO: đặt tên nhóm 0
C00866,9,7,7406150.0,1058021.4285714286,2,3,TODO: đặt tên nhóm 2
C00867,1,16,11255100.0,703443.75,0,2,TODO: đặt tên nhóm 0
C00868,6,12,13763100.0,1146925.0,0,2,TODO: đặt tên nhóm 0
C00869,15,10,12373900.0,1237390.0,0,2,TODO: đặt tên nhóm 0
C00870,40,12,13958800.0,1163233.3333333333,0,2,TODO: đặt tên nhóm 0
C00871,13,17,14689500.0,864088.2352941176,0,2,TODO: đặt tên nhóm 0
C00872,3,18,15988700.0,888261.1111111111,0,2,TODO: đặt tên nhóm 0
C00873,2,7,8827400.0,1261057.142857143,3,2,TODO: đặt tên nhóm 3
C00874,37,10,8541400.0,854140.0,0,2,TODO: đặt tên nhóm 0
C00875,14,13,11891050.0,914696.1538461539,0,2,TODO: đặt tên nhóm 0
C00876,14,11,15557050.0,1414277.2727272727,0,2,TODO: đặt tên nhóm 0
C00877,60,8,9735588.0,1216948.5,3,2,TODO: đặt tên nhóm 3
C00878,1,12,15564600.0,1297050.0,0,2,TODO: đặt tên nhóm 0
C00879,65,7,4937900.0,705414.2857142857,2,3,TODO: đặt tên nhóm 2
C00880,12,16,11563450.0,722715.625,0,2,TODO: đặt tên nhóm 0
C00881,32,12,12481000.0,1040083.3333333334,0,2,TODO: đặt tên nhóm 0
C00882,122,10,11492900.0,1149290.0,0,1,TODO: đặt tên nhóm 0
C00883,116,6,9688521.0,1614753.5,3,1,TODO: đặt tên nhóm 3
C00884,14,8,21563374.735728897,2695421.841966112,3,1,TODO: đặt tên nhóm 3
C00885,10,10,8223500.0,822350.0,0,2,TODO: đặt tên nhóm 0
C00886,14,13,11825750.0,909673.0769230769,0,2,TODO: đặt tên nhóm 0
C00887,8,13,11948850.0,919142.3076923077,0,2,TODO: đặt tên nhóm 0
C00888,24,14,8096150.0,578296.4285714285,0,2,TODO: đặt tên nhóm 0
C00889,2,11,11964150.0,1087650.0,0,2,TODO: đặt tên nhóm 0
C00890,1,12,10482250.0,873520.8333333334,0,2,TODO: đặt tên nhóm 0
C00891,14,14,14320700.0,1022907.1428571428,0,2,TODO: đặt tên nhóm 0
C00892,128,11,7745950.0,704177.2727272727,1,1,TODO: đặt tên nhóm 1
C00893,1,6,5754000.0,959000.0,2,3,TODO: đặt tên nhóm 2
C00894,9,17,20670980.0,1215940.0,0,2,TODO: đặt tên nhóm 0
C00895,48,14,16350321.0,1167880.0714285714,0,2,TODO: đặt tên nhóm 0
C00896,32,15,19583900.0,1305593.3333333333,0,2,TODO: đặt tên nhóm 0
C00897,8,6,4039200.0,673200.0,2,3,TODO: đặt tên nhóm 2
C00898,3,15,22234156.280603044,1482277.0853735362,0,2,TODO: đặt tên nhóm 0
C00899,13,10,6383100.0,638310.0,2,2,TODO: đặt tên nhóm 2
C00900,52,10,5390850.0,539085.0,2,2,TODO: đặt tên nhóm 2
C00901,54,12,13024800.0,1085400.0,0,2,TODO: đặt tên nhóm 0
C00902,17,11,19775200.0,1797745.4545454546,0,2,TODO: đặt tên nhóm 0
C00903,84,8,10581000.0,1322625.0,3,1,TODO: đặt tên nhóm 3
C00904,5,12,7841100.0,653425.0,0,2,TODO: đặt tên nhóm 0
C00905,20,17,22510350.0,1324138.2352941176,0,2,TODO: đặt tên nhóm 0
C00906,56,6,3994050.0,665675.0,2,3,TODO: đặt tên nhóm 2
C00907,6,10,9058500.0,905850.0,0,2,TODO: đặt tên nhóm 0
C00908,26,11,16223394.0,1474854.0,0,2,TODO: đặt tên nhóm 0
C00909,53,10,12738700.0,1273870.0,0,2,TODO: đặt tên nhóm 0
C00910,115,5,2945200.0,589040.0,1,3,TODO: đặt tên nhóm 1
C00911,37,9,4829800.0,536644.4444444445,2,2,TODO: đặt tên nhóm 2
C00912,6,13,7324350.0,563411.5384615385,0,2,TODO: đặt tên nhóm 0
C00913,4,11,14248050.0,1295277.2727272727,0,2,TODO: đặt tên nhóm 0
C00914,36,8,4318900.0,539862.5,2,2,TODO: đặt tên nhóm 2
C00915,35,11,6450700.0,586427.2727272727,2,2,TODO: đặt tên nhóm 2
C00916,3,19,17943550.0,944397.3684210526,0,2,TODO: đặt tên nhóm 0
C00917,65,14,10052600.0,718042.8571428572,0,2,TODO: đặt tên nhóm 0
C00918,38,5,4183200.0,836640.0,2,3,TODO: đặt tên nhóm 2
C00919,67,6,7619900.0,1269983.3333333333,3,3,TODO: đặt tên nhóm 3
C00920,62,9,20876663.64969429,2319629.2944104765,3,1,TODO: đặt tên nhóm 3
C00921,15,11,10389769.0,944524.4545454546,0,2,TODO: đặt tên nhóm 0
C00922,65,7,5790000.0,827142.8571428572,2,3,TODO: đặt tên nhóm 2
C00923,30,15,10612150.0,707476.6666666666,0,2,TODO: đặt tên nhóm 0
C00924,86,7,6552958.0,936136.8571428572,2,3,TODO: đặt tên nhóm 2
C00925,31,10,14163900.0,1416390.0,0,2,TODO: đặt tên nhóm 0
C00926,11,9,10045500.0,1116166.6666666667,0,2,TODO: đặt tên nhóm 0
C00927,31,8,8045100.0,1005637.5,2,2,TODO: đặt tên nhóm 2
C00928,3,11,5639000.0,512636.36363636365,2,2,TODO: đặt tên nhóm 2
C00929,11,10,14083086.0,1408308.6,0,2,TODO: đặt tên nhóm 0
C00930,12,10,9090250.0,909025.0,0,2,TODO: đặt tên nhóm 0
C00931,15,5,4368000.0,873600.0,2,3,TODO: đặt tên nhóm 2
C00932,38,18,21703763.0,1205764.611111111,0,2,TODO: đặt tên nhóm 0
C00933,35,9,7267850.0,807538.8888888889,2,2,TODO: đặt tên nhóm 2
C00934,59,5,4603000.0,920600.0,2,3,TODO: đặt tên nhóm 2
C00935,17,17,24571517.0,1445383.3529411764,0,2,TODO: đặt tên nhóm 0
C00936,6,11,6765450.0,615040.9090909091,2,2,TODO: đặt tên nhóm 2
C00937,75,8,10429200.0,1303650.0,3,1,TODO: đặt tên nhóm 3
C00938,5,9,10067850.0,1118650.0,0,2,TODO: đặt tên nhóm 0
C00939,64,10,16727500.0,1672750.0,0,1,TODO: đặt tên nhóm 0
C00940,15,10,16482764.0,1648276.4,0,2,TODO: đặt tên nhóm 0
C00941,26,15,16104426.0,1073628.4,0,2,TODO: đặt tên nhóm 0
C00942,54,10,11868900.0,1186890.0,0,2,TODO: đặt tên nhóm 0
C00943,8,14,21103550.0,1507396.4285714286,0,2,TODO: đặt tên nhóm 0
C00944,13,9,7583800.0,842644.4444444445,2,2,TODO: đặt tên nhóm 2
C00945,34,8,4829550.0,603693.75,2,2,TODO: đặt tên nhóm 2
C00946,19,11,7390650.0,671877.2727272727,2,2,TODO: đặt tên nhóm 2
C00947,62,8,12274000.0,1534250.0,3,1,TODO: đặt tên nhóm 3
C00948,12,9,10556350.0,1172927.7777777778,0,2,TODO: đặt tên nhóm 0
C00949,82,4,2438600.0,609650.0,2,0,TODO: đặt tên nhóm 2
C00950,106,14,14797600.0,1056971.4285714286,0,1,TODO: đặt tên nhóm 0
C00951,35,11,10312700.0,937518.1818181818,0,2,TODO: đặt tên nhóm 0
C00952,39,5,4549400.0,909880.0,2,3,TODO: đặt tên nhóm 2
C00953,63,11,19319650.74996229,1756331.886360208,0,2,TODO: đặt tên nhóm 0
C00954,37,13,5486450.0,422034.6153846154,2,2,TODO: đặt tên nhóm 2
C00955,33,9,8906500.0,989611.1111111111,2,2,TODO: đặt tên nhóm 2
C00956,38,7,4272150.0,610307.1428571428,2,3,TODO: đặt tên nhóm 2
C00957,5,13,11267000.0,866692.3076923077,0,2,TODO: đặt tên nhóm 0
C00958,24,13,10377900.0,798300.0,0,2,TODO: đặt tên nhóm 0
C00959,15,8,8381250.0,1047656.25,2,2,TODO: đặt tên nhóm 2
C00960,12,13,15256500.0,1173576.923076923,0,2,TODO: đặt tên nhóm 0
C00961,8,9,3286450.0,365161.1111111111,2,2,TODO: đặt tên nhóm 2
C00962,19,6,1885900.0,314316.6666666667,2,3,TODO: đặt tên nhóm 2
C00963,43,11,12217000.0,1110636.3636363635,0,2,TODO: đặt tên nhóm 0
C00964,58,2,611500.0,305750.0,2,0,TODO: đặt tên nhóm 2
C00965,33,11,8707950.0,791631.8181818182,0,2,TODO: đặt tên nhóm 0
C00966,2,8,7281300.0,910162.5,2,3,TODO: đặt tên nhóm 2
C00967,14,9,10974050.0,1219338.888888889,0,2,TODO: đặt tên nhóm 0
C00968,102,9,10147400.0,1127488.888888889,3,1,TODO: đặt tên nhóm 3
C00969,21,9,7895450.0,877272.2222222222,2,2,TODO: đặt tên nhóm 2
C00970,5,14,13217496.0,944106.8571428572,0,2,TODO: đặt tên nhóm 0
C00971,54,7,5087900.0,726842.8571428572,2,3,TODO: đặt tên nhóm 2
C00972,66,8,4541350.0,567668.75,2,2,TODO: đặt tên nhóm 2
C00973,13,14,13203750.0,943125.0,0,2,TODO: đặt tên nhóm 0
C00974,26,8,8652800.0,1081600.0,2,2,TODO: đặt tên nhóm 2
C00975,99,12,14350200.0,1195850.0,0,1,TODO: đặt tên nhóm 0
C00976,13,10,7482950.0,748295.0,2,2,TODO: đặt tên nhóm 2
C00977,2,9,9717200.0,1079688.888888889,0,2,TODO: đặt tên nhóm 0
C00978,66,7,5300200.0,757171.4285714285,2,3,TODO: đặt tên nhóm 2
C00979,51,8,10147150.0,1268393.75,3,2,TODO: đặt tên nhóm 3
C00980,20,7,6109900.0,872842.8571428572,2,3,TODO: đặt tên nhóm 2
C00981,2,12,15868800.0,1322400.0,0,2,TODO: đặt tên nhóm 0
C00982,33,7,5069000.0,724142.8571428572,2,3,TODO: đặt tên nhóm 2
C00983,92,9,10049800.0,1116644.4444444445,3,1,TODO: đặt tên nhóm 3
C00984,1,12,19824500.0,1652041.6666666667,0,2,TODO: đặt tên nhóm 0
C00985,3,10,12327000.0,1232700.0,0,2,TODO: đặt tên nhóm 0
C00986,48,9,12105750.0,1345083.3333333333,0,2,TODO: đặt tên nhóm 0
C00987,43,13,7984754.0,614211.8461538461,0,2,TODO: đặt tên nhóm 0
C00988,5,10,7537000.0,753700.0,2,2,TODO: đặt tên nhóm 2
C00989,30,17,11385000.0,669705.8823529412,0,2,TODO: đặt tên nhóm 0
C00990,59,6,4226000.0,704333.3333333334,2,3,TODO: đặt tên nhóm 2
C00991,30,12,15483250.0,1290270.8333333333,0,2,TODO: đặt tên nhóm 0
C00992,22,8,7850350.0,981293.75,2,2,TODO: đặt tên nhóm 2
C00993,30,15,26092379.0,1739491.9333333333,0,2,TODO: đặt tên nhóm 0
C00994,88,3,2369650.0,789883.3333333334,1,0,TODO: đặt tên nhóm 1
C00995,38,12,12407600.0,1033966.6666666666,0,2,TODO: đặt tên nhóm 0
C00996,16,6,8076600.0,1346100.0,3,3,TODO: đặt tên nhóm 3
C00997,6,14,15219950.0,1087139.2857142857,0,2,TODO: đặt tên nhóm 0
C00998,5,8,6950200.0,868775.0,2,3,TODO: đặt tên nhóm 2
C00999,6,12,10182650.0,848554.1666666666,0,2,TODO: đặt tên nhóm 0
C01000,4,12,8362150.0,696845.8333333334,0,2,TODO: đặt tên nhóm 0
C01001,33,4,2754850.0,688712.5,2,0,TODO: đặt tên nhóm 2
C01002,7,17,18235400.0,1072670.5882352942,0,2,TODO: đặt tên nhóm 0
C01003,76,5,11847596.0,2369519.2,3,1,TODO: đặt tên nhóm 3
C01004,3,13,7934300.0,610330.7692307692,0,2,TODO: đặt tên nhóm 0
C01005,3,14,16438867.0,1174204.7857142857,0,2,TODO: đặt tên nhóm 0
C01006,53,13,23159400.0,1781492.3076923077,0,2,TODO: đặt tên nhóm 0
C01007,1,11,10353400.0,941218.1818181818,0,2,TODO: đặt tên nhóm 0
C01008,16,13,36705405.69365818,2823492.745666014,0,2,TODO: đặt tên nhóm 0
C01009,57,9,13270200.0,1474466.6666666667,0,1,TODO: đặt tên nhóm 0
C01010,2,16,17476050.0,1092253.125,0,2,TODO: đặt tên nhóm 0
C01011,88,7,3524600.0,503514.28571428574,2,3,TODO: đặt tên nhóm 2
C01012,63,11,13079500.0,1189045.4545454546,0,2,TODO: đặt tên nhóm 0
C01013,23,13,8937600.0,687507.6923076923,0,2,TODO: đặt tên nhóm 0
C01014,18,10,7285650.0,728565.0,2,2,TODO: đặt tên nhóm 2
C01015,13,10,16307850.0,1630785.0,0,2,TODO: đặt tên nhóm 0
C01016,70,8,9288000.0,1161000.0,3,1,TODO: đặt tên nhóm 3
C01017,1,8,5517038.0,689629.75,2,2,TODO: đặt tên nhóm 2
C01018,60,13,13837900.0,1064453.8461538462,0,2,TODO: đặt tên nhóm 0
C01019,28,17,11311400.0,665376.4705882353,0,2,TODO: đặt tên nhóm 0
C01020,56,8,6608400.0,826050.0,2,3,TODO: đặt tên nhóm 2
C01021,124,8,7965500.0,995687.5,1,3,TODO: đặt tên nhóm 1
C01022,44,8,6878650.0,859831.25,2,3,TODO: đặt tên nhóm 2
C01023,62,14,8765900.0,626135.7142857143,0,2,TODO: đặt tên nhóm 0
C01024,50,7,5857000.0,836714.2857142857,2,3,TODO: đặt tên nhóm 2
C01025,21,10,10631308.0,1063130.8,0,2,TODO: đặt tên nhóm 0
C01026,50,12,7200000.0,600000.0,0,2,TODO: đặt tên nhóm 0
C01027,18,11,9681350.0,880122.7272727273,0,2,TODO: đặt tên nhóm 0
C01028,23,8,5644850.0,705606.25,2,2,TODO: đặt tên nhóm 2
C01029,57,9,12220870.0,1357874.4444444445,0,2,TODO: đặt tên nhóm 0
C01030,28,12,15872600.0,1322716.6666666667,0,2,TODO: đặt tên nhóm 0
C01031,22,9,5010950.0,556772.2222222222,2,2,TODO: đặt tên nhóm 2
C01032,3,15,16753450.0,1116896.6666666667,0,2,TODO: đặt tên nhóm 0
C01033,10,10,10075700.0,1007570.0,0,2,TODO: đặt tên nhóm 0
C01034,7,11,13490950.0,1226450.0,0,2,TODO: đặt tên nhóm 0
C01035,65,11,11335000.0,1030454.5454545454,0,2,TODO: đặt tên nhóm 0
C01036,42,4,10030400.0,2507600.0,3,1,TODO: đặt tên nhóm 3
C01037,4,12,17075500.0,1422958.3333333333,0,2,TODO: đặt tên nhóm 0
C01038,9,13,15798750.0,1215288.4615384615,0,2,TODO: đặt tên nhóm 0
C01039,24,13,11408478.0,877575.2307692308,0,2,TODO: đặt tên nhóm 0
C01040,7,10,8374100.0,837410.0,0,2,TODO: đặt tên nhóm 0
C01041,9,7,5986400.0,855200.0,2,3,TODO: đặt tên nhóm 2
C01042,18,9,7738100.0,859788.8888888889,2,2,TODO: đặt tên nhóm 2
C01043,10,14,14182300.0,1013021.4285714285,0,2,TODO: đặt tên nhóm 0
C01044,84,4,1288900.0,322225.0,2,0,TODO: đặt tên nhóm 2
C01045,42,8,12285450.0,1535681.25,3,2,TODO: đặt tên nhóm 3
C01046,34,11,10193400.0,926672.7272727273,0,2,TODO: đặt tên nhóm 0
C01047,26,10,7828800.0,782880.0,2,2,TODO: đặt tên nhóm 2
C01048,68,10,7322600.0,732260.0,2,2,TODO: đặt tên nhóm 2
C01049,26,11,6122600.0,556600.0,2,2,TODO: đặt tên nhóm 2
C01050,36,9,6727000.0,747444.4444444445,2,2,TODO: đặt tên nhóm 2
C01051,20,6,1665900.0,277650.0,2,3,TODO: đặt tên nhóm 2
C01052,18,11,10812800.0,982981.8181818182,0,2,TODO: đặt tên nhóm 0
C01053,24,7,7793300.0,1113328.5714285714,2,2,TODO: đặt tên nhóm 2
C01054,33,13,13825500.0,1063500.0,0,2,TODO: đặt tên nhóm 0
C01055,14,9,11910350.0,1323372.2222222222,0,2,TODO: đặt tên nhóm 0
C01056,4,9,10236250.0,1137361.111111111,0,2,TODO: đặt tên nhóm 0
C01057,14,9,8913100.0,990344.4444444445,0,2,TODO: đặt tên nhóm 0
C01058,3,12,13154250.0,1096187.5,0,2,TODO: đặt tên nhóm 0
C01059,1,8,8674400.0,1084300.0,2,2,TODO: đặt tên nhóm 2
C01060,20,10,13718850.0,1371885.0,0,2,TODO: đặt tên nhóm 0
C01061,8,8,4918800.0,614850.0,2,2,TODO: đặt tên nhóm 2
C01062,14,12,13165500.0,1097125.0,0,2,TODO: đặt tên nhóm 0
C01063,75,4,2558550.0,639637.5,2,0,TODO: đặt tên nhóm 2
C01064,53,5,5268900.0,1053780.0,2,3,TODO: đặt tên nhóm 2
C01065,47,9,13126250.0,1458472.2222222222,0,2,TODO: đặt tên nhóm 0
C01066,68,9,7162450.0,795827.7777777778,2,3,TODO: đặt tên nhóm 2
C01067,5,14,10576100.0,755435.7142857143,0,2,TODO: đặt tên nhóm 0
C01068,32,23,18848600.0,819504.3478260869,0,2,TODO: đặt tên nhóm 0
C01069,24,9,14288800.0,1587644.4444444445,0,2,TODO: đặt tên nhóm 0
C01070,43,14,20130350.0,1437882.142857143,0,2,TODO: đặt tên nhóm 0
C01071,25,17,23518375.0,1383433.8235294118,0,2,TODO: đặt tên nhóm 0
C01072,21,15,14158800.0,943920.0,0,2,TODO: đặt tên nhóm 0
C01073,19,11,7376650.0,670604.5454545454,2,2,TODO: đặt tên nhóm 2
C01074,7,7,3786000.0,540857.1428571428,2,2,TODO: đặt tên nhóm 2
C01075,12,10,26221675.428808708,2622167.542880871,0,2,TODO: đặt tên nhóm 0
C01076,29,13,9016857.0,693604.3846153846,0,2,TODO: đặt tên nhóm 0
C01077,153,11,9031750.0,821068.1818181818,1,1,TODO: đặt tên nhóm 1
C01078,45,12,13014100.0,1084508.3333333333,0,2,TODO: đặt tên nhóm 0
C01079,78,6,6000500.0,1000083.3333333334,2,3,TODO: đặt tên nhóm 2
C01080,21,4,2093050.0,523262.5,2,0,TODO: đặt tên nhóm 2
C01081,62,9,6287500.0,698611.1111111111,2,2,TODO: đặt tên nhóm 2
C01082,21,5,5168300.0,1033660.0,2,3,TODO: đặt tên nhóm 2
C01083,39,17,10507700.0,618100.0,0,2,TODO: đặt tên nhóm 0
C01084,11,12,23761788.0,1980149.0,0,2,TODO: đặt tên nhóm 0
C01085,98,5,7009100.0,1401820.0,3,3,TODO: đặt tên nhóm 3
C01086,57,6,7288450.0,1214741.6666666667,3,3,TODO: đặt tên nhóm 3
C01087,11,13,11558150.0,889088.4615384615,0,2,TODO: đặt tên nhóm 0
C01088,42,6,4648600.0,774766.6666666666,2,3,TODO: đặt tên nhóm 2
C01089,13,11,10772700.0,979336.3636363636,0,2,TODO: đặt tên nhóm 0
C01090,12,11,6823100.0,620281.8181818182,2,2,TODO: đặt tên nhóm 2
C01091,16,4,5487000.0,1371750.0,3,2,TODO: đặt tên nhóm 3
C01092,36,14,14754100.0,1053864.2857142857,0,2,TODO: đặt tên nhóm 0
C01093,4,8,7800600.0,975075.0,2,2,TODO: đặt tên nhóm 2
C01094,1,16,13047950.0,815496.875,0,2,TODO: đặt tên nhóm 0
C01095,20,15,32861528.0,2190768.533333333,0,2,TODO: đặt tên nhóm 0
C01096,4,13,10453500.0,804115.3846153846,0,2,TODO: đặt tên nhóm 0
C01097,57,7,5908300.0,844042.8571428572,2,3,TODO: đặt tên nhóm 2
C01098,21,11,9855700.0,895972.7272727273,0,2,TODO: đặt tên nhóm 0
C01099,5,11,18571214.0,1688292.1818181819,0,2,TODO: đặt tên nhóm 0
C01100,18,13,13756749.0,1058211.4615384615,0,2,TODO: đặt tên nhóm 0
C01101,39,16,11279250.0,704953.125,0,2,TODO: đặt tên nhóm 0
C01102,26,15,20980163.0,1398677.5333333334,0,2,TODO: đặt tên nhóm 0
C01103,8,11,12588250.0,1144386.3636363635,0,2,TODO: đặt tên nhóm 0
C01104,90,4,4100300.0,1025075.0,2,3,TODO: đặt tên nhóm 2
C01105,83,3,3923800.0,1307933.3333333333,3,0,TODO: đặt tên nhóm 3
C01106,38,8,7509300.0,938662.5,2,3,TODO: đặt tên nhóm 2
C01107,37,14,17914062.0,1279575.857142857,0,2,TODO: đặt tên nhóm 0
C01108,37,11,5920900.0,538263.6363636364,2,2,TODO: đặt tên nhóm 2
C01109,8,9,5238400.0,582044.4444444445,2,2,TODO: đặt tên nhóm 2
C01110,57,8,5316150.0,664518.75,2,3,TODO: đặt tên nhóm 2
C01111,70,11,7131550.0,648322.7272727273,2,2,TODO: đặt tên nhóm 2
C01112,31,7,9628550.0,1375507.142857143,3,2,TODO: đặt tên nhóm 3
C01113,60,11,8239900.0,749081.8181818182,0,2,TODO: đặt tên nhóm 0
C01114,10,16,21795750.0,1362234.375,0,2,TODO: đặt tên nhóm 0
C01115,35,14,19265122.0,1376080.142857143,0,2,TODO: đặt tên nhóm 0
C01116,59,8,13059100.0,1632387.5,3,1,TODO: đặt tên nhóm 3
C01117,27,11,10523700.0,956700.0,0,2,TODO: đặt tên nhóm 0
C01118,12,6,3197900.0,532983.3333333334,2,3,TODO: đặt tên nhóm 2
C01119,2,9,17664244.0,1962693.7777777778,0,2,TODO: đặt tên nhóm 0
C01120,37,8,5226800.0,653350.0,2,2,TODO: đặt tên nhóm 2
C01121,39,7,3073150.0,439021.4285714286,2,2,TODO: đặt tên nhóm 2
C01122,4,8,8047800.0,1005975.0,2,2,TODO: đặt tên nhóm 2
C01123,1,8,8575700.0,1071962.5,2,2,TODO: đặt tên nhóm 2
C01124,4,11,10620550.0,965504.5454545454,0,2,TODO: đặt tên nhóm 0
C01125,7,10,10913250.0,1091325.0,0,2,TODO: đặt tên nhóm 0
C01126,11,12,12600450.0,1050037.5,0,2,TODO: đặt tên nhóm 0
C01127,15,11,10537800.0,957981.8181818182,0,2,TODO: đặt tên nhóm 0
C01128,8,11,8114850.0,737713.6363636364,0,2,TODO: đặt tên nhóm 0
C01129,140,5,2008450.0,401690.0,1,3,TODO: đặt tên nhóm 1
C01130,11,10,10238300.0,1023830.0,0,2,TODO: đặt tên nhóm 0
C01131,24,6,5018200.0,836366.6666666666,2,3,TODO: đặt tên nhóm 2
C01132,78,10,12560900.0,1256090.0,0,1,TODO: đặt tên nhóm 0
C01133,10,14,12856750.0,918339.2857142857,0,2,TODO: đặt tên nhóm 0
C01134,108,5,5857200.0,1171440.0,3,3,TODO: đặt tên nhóm 3
C01135,14,10,16338450.0,1633845.0,0,2,TODO: đặt tên nhóm 0
C01136,26,10,13704180.0,1370418.0,0,2,TODO: đặt tên nhóm 0
C01137,32,14,12132650.0,866617.8571428572,0,2,TODO: đặt tên nhóm 0
C01138,7,10,17880400.0,1788040.0,0,2,TODO: đặt tên nhóm 0
C01139,26,8,12890500.0,1611312.5,3,2,TODO: đặt tên nhóm 3
C01140,20,13,12820000.0,986153.8461538461,0,2,TODO: đặt tên nhóm 0
C01141,65,6,2912000.0,485333.3333333333,2,3,TODO: đặt tên nhóm 2
C01142,8,5,3221350.0,644270.0,2,3,TODO: đặt tên nhóm 2
C01143,9,10,6910950.0,691095.0,2,2,TODO: đặt tên nhóm 2
C01144,70,11,9552850.0,868440.9090909091,0,2,TODO: đặt tên nhóm 0
C01145,32,15,14579823.0,971988.2,0,2,TODO: đặt tên nhóm 0
C01146,35,10,12617250.0,1261725.0,0,2,TODO: đặt tên nhóm 0
C01147,18,15,11537250.0,769150.0,0,2,TODO: đặt tên nhóm 0
C01148,47,8,4950050.0,618756.25,2,2,TODO: đặt tên nhóm 2
C01149,27,8,7748500.0,968562.5,2,2,TODO: đặt tên nhóm 2
C01150,79,7,8886800.0,1269542.857142857,3,1,TODO: đặt tên nhóm 3
C01151,19,5,5968750.0,1193750.0,2,3,TODO: đặt tên nhóm 2
C01152,9,9,5379650.0,597738.8888888889,2,2,TODO: đặt tên nhóm 2
C01153,35,9,10698500.0,1188722.2222222222,0,2,TODO: đặt tên nhóm 0
C01154,4,13,27969052.0,2151465.5384615385,0,2,TODO: đặt tên nhóm 0
C01155,3,8,5915200.0,739400.0,2,3,TODO: đặt tên nhóm 2
C01156,2,13,7090750.0,545442.3076923077,0,2,TODO: đặt tên nhóm 0
C01157,25,7,10581900.0,1511700.0,3,2,TODO: đặt tên nhóm 3
C01158,99,11,8740200.0,794563.6363636364,0,1,TODO: đặt tên nhóm 0
C01159,39,7,5423100.0,774728.5714285715,2,3,TODO: đặt tên nhóm 2
C01160,49,4,3813700.0,953425.0,2,3,TODO: đặt tên nhóm 2
C01161,18,6,6689600.0,1114933.3333333333,2,3,TODO: đặt tên nhóm 2
C01162,81,10,5444550.0,544455.0,2,2,TODO: đặt tên nhóm 2
C01163,14,10,7416300.0,741630.0,2,2,TODO: đặt tên nhóm 2
C01164,1,15,18469600.0,1231306.6666666667,0,2,TODO: đặt tên nhóm 0
C01165,5,9,12237500.0,1359722.2222222222,0,2,TODO: đặt tên nhóm 0
C01166,32,8,9661700.0,1207712.5,3,2,TODO: đặt tên nhóm 3
C01167,6,10,13067000.0,1306700.0,0,2,TODO: đặt tên nhóm 0
C01168,6,8,22354067.0,2794258.375,3,1,TODO: đặt tên nhóm 3
C01169,19,11,6520100.0,592736.3636363636,2,2,TODO: đặt tên nhóm 2
C01170,4,8,9519500.0,1189937.5,0,2,TODO: đặt tên nhóm 0
C01171,12,2,1362000.0,681000.0,2,0,TODO: đặt tên nhóm 2
C01172,13,11,12223200.0,1111200.0,0,2,TODO: đặt tên nhóm 0
C01173,36,9,8975050.0,997227.7777777778,2,2,TODO: đặt tên nhóm 2
C01174,32,9,5580600.0,620066.6666666666,2,2,TODO: đặt tên nhóm 2
C01175,40,14,17389850.0,1242132.142857143,0,2,TODO: đặt tên nhóm 0
C01176,63,12,13256950.0,1104745.8333333333,0,2,TODO: đặt tên nhóm 0
C01177,18,12,10309750.0,859145.8333333334,0,2,TODO: đặt tên nhóm 0
C01178,1,12,26207444.654374838,2183953.721197903,0,2,TODO: đặt tên nhóm 0
C01179,21,10,10098550.0,1009855.0,0,2,TODO: đặt tên nhóm 0
C01180,15,10,12089350.0,1208935.0,0,2,TODO: đặt tên nhóm 0
C01181,3,9,11127750.0,1236416.6666666667,0,2,TODO: đặt tên nhóm 0
C01182,72,10,17065650.945119947,1706565.0945119946,0,1,TODO: đặt tên nhóm 0
C01183,23,6,7695600.0,1282600.0,3,3,TODO: đặt tên nhóm 3
C01184,1,9,4828850.0,536538.8888888889,2,2,TODO: đặt tên nhóm 2
C01185,8,10,14341688.0,1434168.8,0,2,TODO: đặt tên nhóm 0
C01186,12,8,6231200.0,778900.0,2,3,TODO: đặt tên nhóm 2
C01187,6,9,7025650.0,780627.7777777778,2,2,TODO: đặt tên nhóm 2
C01188,2,12,10316300.0,859691.6666666666,0,2,TODO: đặt tên nhóm 0
C01189,33,7,3167750.0,452535.71428571426,2,2,TODO: đặt tên nhóm 2
C01190,42,7,6794900.0,970700.0,2,3,TODO: đặt tên nhóm 2
C01191,13,6,3073200.0,512200.0,2,3,TODO: đặt tên nhóm 2
C01192,22,6,10471650.0,1745275.0,3,1,TODO: đặt tên nhóm 3
C01193,1,6,7260150.0,1210025.0,2,3,TODO: đặt tên nhóm 2
C01194,10,8,7635650.0,954456.25,2,3,TODO: đặt tên nhóm 2
C01195,9,13,11299400.0,869184.6153846154,0,2,TODO: đặt tên nhóm 0
C01196,18,5,4887550.0,977510.0,2,3,TODO: đặt tên nhóm 2
C01197,30,10,12746443.08824008,1274644.3088240079,0,2,TODO: đặt tên nhóm 0
C01198,13,13,20045450.0,1541957.6923076923,0,2,TODO: đặt tên nhóm 0
C01199,34,11,18872800.0,1715709.0909090908,0,2,TODO: đặt tên nhóm 0
C01200,60,7,7721000.0,1103000.0,2,3,TODO: đặt tên nhóm 2
C01201,14,13,15459500.0,1189192.3076923077,0,2,TODO: đặt tên nhóm 0
C01202,88,10,8549400.0,854940.0,2,3,TODO: đặt tên nhóm 2
C01203,51,8,12672150.0,1584018.75,3,1,TODO: đặt tên nhóm 3
C01204,83,6,10820550.0,1803425.0,3,1,TODO: đặt tên nhóm 3
C01205,41,7,7454850.0,1064978.5714285714,2,3,TODO: đặt tên nhóm 2
C01206,4,8,9954850.0,1244356.25,0,2,TODO: đặt tên nhóm 0
C01207,14,7,4037650.0,576807.1428571428,2,3,TODO: đặt tên nhóm 2
C01208,15,11,10674500.0,970409.0909090909,0,2,TODO: đặt tên nhóm 0
C01209,21,10,9160900.0,916090.0,0,2,TODO: đặt tên nhóm 0
C01210,65,6,4357450.0,726241.6666666666,2,3,TODO: đặt tên nhóm 2
C01211,25,13,10923850.0,840296.1538461539,0,2,TODO: đặt tên nhóm 0
C01212,31,10,9766700.0,976670.0,0,2,TODO: đặt tên nhóm 0
C01213,32,7,5232350.0,747478.5714285715,2,3,TODO: đặt tên nhóm 2
C01214,52,5,1045200.0,209040.0,2,3,TODO: đặt tên nhóm 2
C01215,112,7,3052600.0,436085.71428571426,1,3,TODO: đặt tên nhóm 1
C01216,39,9,7984100.0,887122.2222222222,2,2,TODO: đặt tên nhóm 2
C01217,2,11,8394800.0,763163.6363636364,0,2,TODO: đặt tên nhóm 0
C01218,70,7,5000200.0,714314.2857142857,2,3,TODO: đặt tên nhóm 2
C01219,7,13,22525121.0,1732701.6153846155,0,2,TODO: đặt tên nhóm 0
C01220,74,7,9279400.0,1325628.5714285714,3,1,TODO: đặt tên nhóm 3
C01221,113,7,9009400.0,1287057.142857143,3,1,TODO: đặt tên nhóm 3
C01222,60,9,8171250.0,907916.6666666666,2,3,TODO: đặt tên nhóm 2
C01223,49,18,14341100.0,796727.7777777778,0,2,TODO: đặt tên nhóm 0
C01224,119,9,4405200.0,489466.6666666667,1,1,TODO: đặt tên nhóm 1
C01225,2,11,8498900.0,772627.2727272727,0,2,TODO: đặt tên nhóm 0
C01226,37,7,4451700.0,635957.1428571428,2,3,TODO: đặt tên nhóm 2
C01227,39,7,4392150.0,627450.0,2,3,TODO: đặt tên nhóm 2
C01228,53,5,1299050.0,259810.0,2,3,TODO: đặt tên nhóm 2
C01229,21,9,10193600.0,1132622.2222222222,0,2,TODO: đặt tên nhóm 0
C01230,24,7,6935750.0,990821.4285714285,2,3,TODO: đặt tên nhóm 2
C01231,142,7,8790900.0,1255842.857142857,3,1,TODO: đặt tên nhóm 3
C01232,8,12,14545450.0,1212120.8333333333,0,2,TODO: đặt tên nhóm 0
C01233,19,8,14516250.0,1814531.25,3,2,TODO: đặt tên nhóm 3
C01234,60,9,13997250.0,1555250.0,0,1,TODO: đặt tên nhóm 0
C01235,53,8,12458300.0,1557287.5,3,1,TODO: đặt tên nhóm 3
C01236,27,11,14357509.0,1305228.0909090908,0,2,TODO: đặt tên nhóm 0
C01237,11,9,17220305.0,1913367.2222222222,0,2,TODO: đặt tên nhóm 0
C01238,63,10,9920050.0,992005.0,0,2,TODO: đặt tên nhóm 0
C01239,82,8,4395400.0,549425.0,2,1,TODO: đặt tên nhóm 2
C01240,101,9,26921664.0,2991296.0,3,1,TODO: đặt tên nhóm 3
C01241,13,7,4196700.0,599528.5714285715,2,3,TODO: đặt tên nhóm 2
C01242,27,9,8729600.0,969955.5555555555,2,2,TODO: đặt tên nhóm 2
C01243,50,9,5066350.0,562927.7777777778,2,2,TODO: đặt tên nhóm 2
C01244,37,6,5091550.0,848591.6666666666,2,3,TODO: đặt tên nhóm 2
C01245,18,12,13565000.0,1130416.6666666667,0,2,TODO: đặt tên nhóm 0
C01246,91,5,4609900.0,921980.0,2,3,TODO: đặt tên nhóm 2
C01247,18,13,13676300.0,1052023.076923077,0,2,TODO: đặt tên nhóm 0
C01248,37,12,26957135.71424037,2246427.9761866974,0,2,TODO: đặt tên nhóm 0
C01249,38,5,3499900.0,699980.0,2,3,TODO: đặt tên nhóm 2
C01250,27,9,6468750.0,718750.0,2,2,TODO: đặt tên nhóm 2
C01251,1,6,5073400.0,845566.6666666666,2,3,TODO: đặt tên nhóm 2
C01252,11,16,15168850.0,948053.125,0,2,TODO: đặt tên nhóm 0
C01253,14,6,3889700.0,648283.3333333334,2,3,TODO: đặt tên nhóm 2
C01254,2,5,9017400.0,1803480.0,3,1,TODO: đặt tên nhóm 3
C01255,115,12,8956500.0,746375.0,0,1,TODO: đặt tên nhóm 0
C01256,74,8,20587706.0,2573463.25,3,1,TODO: đặt tên nhóm 3
C01257,68,9,6827050.0,758561.1111111111,2,3,TODO: đặt tên nhóm 2
C01258,46,6,6121200.0,1020200.0,2,3,TODO: đặt tên nhóm 2
C01259,65,8,8263650.0,1032956.25,2,3,TODO: đặt tên nhóm 2
C01260,14,9,12736700.0,1415188.888888889,0,2,TODO: đặt tên nhóm 0
C01261,27,6,4088000.0,681333.3333333334,2,3,TODO: đặt tên nhóm 2
C01262,3,7,3886100.0,555157.1428571428,2,3,TODO: đặt tên nhóm 2
C01263,30,9,8708179.0,967575.4444444445,2,2,TODO: đặt tên nhóm 2
C01264,4,5,2780450.0,556090.0,2,3,TODO: đặt tên nhóm 2
C01265,57,6,7986550.0,1331091.6666666667,3,3,TODO: đặt tên nhóm 3
C01266,44,6,4842750.0,807125.0,2,3,TODO: đặt tên nhóm 2
C01267,5,6,6501000.0,1083500.0,2,3,TODO: đặt tên nhóm 2
C01268,17,10,4216250.0,421625.0,2,2,TODO: đặt tên nhóm 2
C01269,40,10,12012100.0,1201210.0,0,2,TODO: đặt tên nhóm 0
C01270,2,7,8752900.0,1250414.2857142857,3,2,TODO: đặt tên nhóm 3
C01271,8,12,6672900.0,556075.0,0,2,TODO: đặt tên nhóm 0
C01272,7,7,11974100.0,1710585.7142857143,3,2,TODO: đặt tên nhóm 3
C01273,29,12,19330751.0,1610895.9166666667,0,2,TODO: đặt tên nhóm 0
C01274,12,12,8418250.0,701520.8333333334,0,2,TODO: đặt tên nhóm 0
C01275,16,10,11446100.0,1144610.0,0,2,TODO: đặt tên nhóm 0
C01276,9,11,5838600.0,530781.8181818182,2,2,TODO: đặt tên nhóm 2
C01277,27,11,8137050.0,739731.8181818182,0,2,TODO: đặt tên nhóm 0
C01278,19,10,8616200.0,861620.0,0,2,TODO: đặt tên nhóm 0
C01279,17,8,6516800.0,814600.0,2,3,TODO: đặt tên nhóm 2
C01280,3,9,7092350.0,788038.8888888889,2,2,TODO: đặt tên nhóm 2
C01281,25,12,11488900.0,957408.3333333334,0,2,TODO: đặt tên nhóm 0
C01282,20,12,14673900.0,1222825.0,0,2,TODO: đặt tên nhóm 0
C01283,65,7,8996400.0,1285200.0,3,1,TODO: đặt tên nhóm 3
C01284,17,8,7590750.0,948843.75,2,3,TODO: đặt tên nhóm 2
C01285,54,7,10059250.0,1437035.7142857143,3,1,TODO: đặt tên nhóm 3
C01286,5,14,17889596.0,1277828.2857142857,0,2,TODO: đặt tên nhóm 0
C01287,17,9,8226448.0,914049.7777777778,2,2,TODO: đặt tên nhóm 2
C01288,51,11,9061550.0,823777.2727272727,0,2,TODO: đặt tên nhóm 0
C01289,10,5,3625700.0,725140.0,2,3,TODO: đặt tên nhóm 2
C01290,20,12,14320396.0,1193366.3333333333,0,2,TODO: đặt tên nhóm 0
C01291,18,10,8387600.0,838760.0,0,2,TODO: đặt tên nhóm 0
C01292,1,6,1837200.0,306200.0,2,3,TODO: đặt tên nhóm 2
C01293,7,12,7462550.0,621879.1666666666,0,2,TODO: đặt tên nhóm 0
C01294,12,6,8364200.0,1394033.3333333333,3,2,TODO: đặt tên nhóm 3
C01295,37,7,8884400.0,1269200.0,3,2,TODO: đặt tên nhóm 3
C01296,29,4,2878550.0,719637.5,2,3,TODO: đặt tên nhóm 2
C01297,64,4,5483800.0,1370950.0,3,1,TODO: đặt tên nhóm 3
C01298,16,8,13145500.0,1643187.5,3,2,TODO: đặt tên nhóm 3
C01299,37,4,7002500.0,1750625.0,3,1,TODO: đặt tên nhóm 3
C01300,8,13,15924900.0,1224992.3076923077,0,2,TODO: đặt tên nhóm 0
C01301,31,8,8339200.0,1042400.0,2,2,TODO: đặt tên nhóm 2
C01302,68,9,12128850.0,1347650.0,0,1,TODO: đặt tên nhóm 0
C01303,24,9,7236350.0,804038.8888888889,2,2,TODO: đặt tên nhóm 2
C01304,1,8,3453150.0,431643.75,2,2,TODO: đặt tên nhóm 2
C01305,2,13,15082100.0,1160161.5384615385,0,2,TODO: đặt tên nhóm 0
C01306,81,5,5675000.0,1135000.0,2,3,TODO: đặt tên nhóm 2
C01307,6,11,13908050.0,1264368.1818181819,0,2,TODO: đặt tên nhóm 0
C01308,10,12,9186700.0,765558.3333333334,0,2,TODO: đặt tên nhóm 0
C01309,40,9,7834000.0,870444.4444444445,2,2,TODO: đặt tên nhóm 2
C01310,28,6,5042000.0,840333.3333333334,2,3,TODO: đặt tên nhóm 2
C01311,23,11,10098800.0,918072.7272727273,0,2,TODO: đặt tên nhóm 0
C01312,50,7,7779750.0,1111392.857142857,2,3,TODO: đặt tên nhóm 2
C01313,2,10,6438650.0,643865.0,2,2,TODO: đặt tên nhóm 2
C01314,55,6,9551700.0,1591950.0,3,1,TODO: đặt tên nhóm 3
C01315,17,10,8776900.0,877690.0,0,2,TODO: đặt tên nhóm 0
C01316,38,15,11876100.0,791740.0,0,2,TODO: đặt tên nhóm 0
C01317,32,10,10527100.0,1052710.0,0,2,TODO: đặt tên nhóm 0
C01318,32,12,9437000.0,786416.6666666666,0,2,TODO: đặt tên nhóm 0
C01319,26,7,6335100.0,905014.2857142857,2,3,TODO: đặt tên nhóm 2
C01320,35,10,7064800.0,706480.0,2,2,TODO: đặt tên nhóm 2
C01321,20,10,9328600.0,932860.0,0,2,TODO: đặt tên nhóm 0
C01322,9,8,4422800.0,552850.0,2,2,TODO: đặt tên nhóm 2
C01323,29,9,7463600.0,829288.8888888889,2,2,TODO: đặt tên nhóm 2
C01324,34,6,5382750.0,897125.0,2,3,TODO: đặt tên nhóm 2
C01325,2,14,11579050.0,827075.0,0,2,TODO: đặt tên nhóm 0
C01326,55,11,33320503.0,3029136.6363636362,0,2,TODO: đặt tên nhóm 0
C01327,77,3,3678300.0,1226100.0,2,0,TODO: đặt tên nhóm 2
C01328,14,12,10789050.0,899087.5,0,2,TODO: đặt tên nhóm 0
C01329,8,9,6934900.0,770544.4444444445,2,2,TODO: đặt tên nhóm 2
C01330,191,4,5527950.0,1381987.5,1,1,TODO: đặt tên nhóm 1
C01331,32,11,12122800.0,1102072.7272727273,0,2,TODO: đặt tên nhóm 0
C01332,2,8,6595150.0,824393.75,2,3,TODO: đặt tên nhóm 2
C01333,10,6,3951600.0,658600.0,2,3,TODO: đặt tên nhóm 2
C01334,8,9,6237500.0,693055.5555555555,2,2,TODO: đặt tên nhóm 2
C01335,45,6,10214550.0,1702425.0,3,1,TODO: đặt tên nhóm 3
C01336,36,8,4438650.0,554831.25,2,2,TODO: đặt tên nhóm 2
C01337,9,11,8756850.0,796077.2727272727,0,2,TODO: đặt tên nhóm 0
C01338,22,7,6294450.0,899207.1428571428,2,3,TODO: đặt tên nhóm 2
C01339,108,4,2849600.0,712400.0,1,0,TODO: đặt tên nhóm 1
C01340,36,7,3311500.0,473071.4285714286,2,2,TODO: đặt tên nhóm 2
C01341,15,10,9113200.0,911320.0,0,2,TODO: đặt tên nhóm 0
C01342,19,9,10984950.0,1220550.0,0,2,TODO: đặt tên nhóm 0
C01343,26,11,6121450.0,556495.4545454546,2,2,TODO: đặt tên nhóm 2
C01344,67,4,7150850.0,1787712.5,3,1,TODO: đặt tên nhóm 3
C01345,85,11,22403878.0,2036716.1818181819,0,1,TODO: đặt tên nhóm 0
C01346,30,6,5037300.0,839550.0,2,3,TODO: đặt tên nhóm 2
C01347,75,10,10979800.0,1097980.0,0,1,TODO: đặt tên nhóm 0
C01348,44,7,8240300.0,1177185.7142857143,3,2,TODO: đặt tên nhóm 3
C01349,17,15,17309000.0,1153933.3333333333,0,2,TODO: đặt tên nhóm 0
C01350,17,6,4094000.0,682333.3333333334,2,3,TODO: đặt tên nhóm 2
C01351,9,7,7576400.0,1082342.857142857,2,3,TODO: đặt tên nhóm 2
C01352,29,12,7587650.0,632304.1666666666,0,2,TODO: đặt tên nhóm 0
C01353,5,13,9110500.0,700807.6923076923,0,2,TODO: đặt tên nhóm 0
C01354,3,9,8851650.0,983516.6666666666,0,2,TODO: đặt tên nhóm 0
C01355,7,13,10466450.0,805111.5384615385,0,2,TODO: đặt tên nhóm 0
C01356,7,14,13740050.0,981432.1428571428,0,2,TODO: đặt tên nhóm 0
C01357,88,7,11436000.0,1633714.2857142857,3,1,TODO: đặt tên nhóm 3
C01358,10,10,6814850.0,681485.0,2,2,TODO: đặt tên nhóm 2
C01359,14,13,10342700.0,795592.3076923077,0,2,TODO: đặt tên nhóm 0
C01360,8,13,15618600.0,1201430.7692307692,0,2,TODO: đặt tên nhóm 0
C01361,17,15,15198600.0,1013240.0,0,2,TODO: đặt tên nhóm 0
C01362,24,15,15054550.0,1003636.6666666666,0,2,TODO: đặt tên nhóm 0
C01363,103,8,7537850.0,942231.25,2,3,TODO: đặt tên nhóm 2
C01364,12,5,1932700.0,386540.0,2,3,TODO: đặt tên nhóm 2
C01365,16,9,11308200.0,1256466.6666666667,0,2,TODO: đặt tên nhóm 0
C01366,121,3,1748700.0,582900.0,1,0,TODO: đặt tên nhóm 1
C01367,3,6,5519100.0,919850.0,2,3,TODO: đặt tên nhóm 2
C01368,47,5,4003700.0,800740.0,2,3,TODO: đặt tên nhóm 2
C01369,33,6,3926900.0,654483.3333333334,2,3,TODO: đặt tên nhóm 2
C01370,44,8,5276650.0,659581.25,2,2,TODO: đặt tên nhóm 2
C01371,9,7,9322600.0,1331800.0,3,2,TODO: đặt tên nhóm 3
C01372,43,4,4156000.0,1039000.0,2,3,TODO: đặt tên nhóm 2
C01373,119,5,4456250.0,891250.0,1,3,TODO: đặt tên nhóm 1
C01374,15,7,11283200.0,1611885.7142857143,3,2,TODO: đặt tên nhóm 3
C01375,33,9,18067376.0,2007486.2222222222,0,2,TODO: đặt tên nhóm 0
C01376,53,9,5439850.0,604427.7777777778,2,2,TODO: đặt tên nhóm 2
C01377,65,8,4069150.0,508643.75,2,2,TODO: đặt tên nhóm 2
C01378,77,8,11737450.0,1467181.25,3,1,TODO: đặt tên nhóm 3
C01379,44,7,7184400.0,1026342.8571428572,2,3,TODO: đặt tên nhóm 2
C01380,26,11,7977950.0,725268.1818181818,0,2,TODO: đặt tên nhóm 0
C01381,67,12,26880273.0,2240022.75,0,2,TODO: đặt tên nhóm 0
C01382,32,12,6711200.0,559266.6666666666,2,2,TODO: đặt tên nhóm 2
C01383,6,9,7743550.0,860394.4444444445,2,2,TODO: đặt tên nhóm 2
C01384,22,14,23220400.0,1658600.0,0,2,TODO: đặt tên nhóm 0
C01385,25,10,10766650.0,1076665.0,0,2,TODO: đặt tên nhóm 0
C01386,1,8,3173350.0,396668.75,2,2,TODO: đặt tên nhóm 2
C01387,31,8,5406700.0,675837.5,2,2,TODO: đặt tên nhóm 2
C01388,207,4,1829000.0,457250.0,1,0,TODO: đặt tên nhóm 1
C01389,74,6,4722450.0,787075.0,2,3,TODO: đặt tên nhóm 2
C01390,28,9,24870598.0,2763399.777777778,3,2,TODO: đặt tên nhóm 3
C01391,24,9,6413150.0,712572.2222222222,2,2,TODO: đặt tên nhóm 2
C01392,31,11,18516900.0,1683354.5454545454,0,2,TODO: đặt tên nhóm 0
C01393,80,2,910000.0,455000.0,1,0,TODO: đặt tên nhóm 1
C01394,45,7,6536600.0,933800.0,2,3,TODO: đặt tên nhóm 2
C01395,40,12,12839500.0,1069958.3333333333,0,2,TODO: đặt tên nhóm 0
C01396,47,12,7314050.0,609504.1666666666,0,2,TODO: đặt tên nhóm 0
C01397,1,6,6390300.0,1065050.0,2,3,TODO: đặt tên nhóm 2
C01398,5,10,10366300.0,1036630.0,0,2,TODO: đặt tên nhóm 0
C01399,6,5,3170500.0,634100.0,2,3,TODO: đặt tên nhóm 2
C01400,38,6,2389050.0,398175.0,2,3,TODO: đặt tên nhóm 2
C01401,4,8,4056500.0,507062.5,2,2,TODO: đặt tên nhóm 2
C01402,27,9,7678950.0,853216.6666666666,2,2,TODO: đặt tên nhóm 2
C01403,38,10,11066550.0,1106655.0,0,2,TODO: đặt tên nhóm 0
C01404,67,7,3814900.0,544985.7142857143,2,3,TODO: đặt tên nhóm 2
C01405,131,6,2885900.0,480983.3333333333,1,3,TODO: đặt tên nhóm 1
C01406,48,9,9990850.0,1110094.4444444445,0,2,TODO: đặt tên nhóm 0
C01407,35,8,11979944.0,1497493.0,3,2,TODO: đặt tên nhóm 3
C01408,45,10,10625650.0,1062565.0,0,2,TODO: đặt tên nhóm 0
C01409,6,7,10652550.0,1521792.857142857,3,2,TODO: đặt tên nhóm 3
C01410,7,7,3702000.0,528857.1428571428,2,2,TODO: đặt tên nhóm 2
C01411,42,11,11844150.0,1076740.9090909092,0,2,TODO: đặt tên nhóm 0
C01412,8,4,1029750.0,257437.5,2,0,TODO: đặt tên nhóm 2
C01413,24,8,14837538.550742323,1854692.3188427903,3,2,TODO: đặt tên nhóm 3
C01414,12,7,9469250.0,1352750.0,3,2,TODO: đặt tên nhóm 3
C01415,134,5,5345400.0,1069080.0,1,3,TODO: đặt tên nhóm 1
C01416,41,8,7287450.0,910931.25,2,3,TODO: đặt tên nhóm 2
C01417,49,7,5344300.0,763471.4285714285,2,3,TODO: đặt tên nhóm 2
C01418,8,9,5445200.0,605022.2222222222,2,2,TODO: đặt tên nhóm 2
C01419,29,10,4125850.0,412585.0,2,2,TODO: đặt tên nhóm 2
C01420,6,14,13366650.0,954760.7142857143,0,2,TODO: đặt tên nhóm 0
C01421,9,5,3313450.0,662690.0,2,3,TODO: đặt tên nhóm 2
C01422,107,4,2018650.0,504662.5,1,0,TODO: đặt tên nhóm 1
C01423,6,10,7266150.0,726615.0,2,2,TODO: đặt tên nhóm 2
C01424,49,9,10163150.0,1129238.888888889,0,2,TODO: đặt tên nhóm 0
C01425,28,10,18864750.0,1886475.0,0,2,TODO: đặt tên nhóm 0
C01426,66,3,4971000.0,1657000.0,3,1,TODO: đặt tên nhóm 3
C01427,76,13,9572500.0,736346.1538461539,0,2,TODO: đặt tên nhóm 0
C01428,79,3,4243700.0,1414566.6666666667,3,1,TODO: đặt tên nhóm 3
C01429,188,4,1365900.0,341475.0,1,0,TODO: đặt tên nhóm 1
C01430,67,8,7520450.0,940056.25,2,3,TODO: đặt tên nhóm 2
C01431,9,10,13593250.0,1359325.0,0,2,TODO: đặt tên nhóm 0
C01432,59,8,10809450.0,1351181.25,3,1,TODO: đặt tên nhóm 3
C01433,68,11,8933950.0,812177.2727272727,0,2,TODO: đặt tên nhóm 0
C01434,26,4,5464200.0,1366050.0,3,2,TODO: đặt tên nhóm 3
C01435,8,13,13922050.0,1070926.923076923,0,2,TODO: đặt tên nhóm 0
C01436,29,15,16806550.0,1120436.6666666667,0,2,TODO: đặt tên nhóm 0
C01437,37,10,6774700.0,677470.0,2,2,TODO: đặt tên nhóm 2
C01438,58,11,5674700.0,515881.8181818182,2,2,TODO: đặt tên nhóm 2
C01439,3,14,11265400.0,804671.4285714285,0,2,TODO: đặt tên nhóm 0
C01440,8,7,7066700.0,1009528.5714285715,2,3,TODO: đặt tên nhóm 2
C01441,33,2,3723000.0,1861500.0,3,1,TODO: đặt tên nhóm 3
C01442,90,10,10336000.0,1033600.0,0,1,TODO: đặt tên nhóm 0
C01443,18,7,5693050.0,813292.8571428572,2,3,TODO: đặt tên nhóm 2
C01444,71,9,10136700.0,1126300.0,0,1,TODO: đặt tên nhóm 0
C01445,24,7,4151050.0,593007.1428571428,2,3,TODO: đặt tên nhóm 2
C01446,15,5,2515250.0,503050.0,2,3,TODO: đặt tên nhóm 2
C01447,8,8,7896400.0,987050.0,2,2,TODO: đặt tên nhóm 2
C01448,31,8,11451200.0,1431400.0,3,2,TODO: đặt tên nhóm 3
C01449,26,7,6366500.0,909500.0,2,3,TODO: đặt tên nhóm 2
C01450,10,6,6258000.0,1043000.0,2,3,TODO: đặt tên nhóm 2
C01451,16,10,8246350.0,824635.0,0,2,TODO: đặt tên nhóm 0
C01452,54,10,5041850.0,504185.0,2,2,TODO: đặt tên nhóm 2
C01453,33,8,9398050.0,1174756.25,3,2,TODO: đặt tên nhóm 3
C01454,27,8,5623600.0,702950.0,2,2,TODO: đặt tên nhóm 2
C01455,33,10,9428350.0,942835.0,0,2,TODO: đặt tên nhóm 0
C01456,1,5,1485000.0,297000.0,2,3,TODO: đặt tên nhóm 2
C01457,49,9,7814350.0,868261.1111111111,2,3,TODO: đặt tên nhóm 2
C01458,13,12,25730225.0,2144185.4166666665,0,2,TODO: đặt tên nhóm 0
C01459,10,13,16480680.0,1267744.6153846155,0,2,TODO: đặt tên nhóm 0
C01460,56,11,5280350.0,480031.8181818182,2,2,TODO: đặt tên nhóm 2
C01461,33,7,7223150.0,1031878.5714285715,2,3,TODO: đặt tên nhóm 2
C01462,1,15,18392000.0,1226133.3333333333,0,2,TODO: đặt tên nhóm 0
C01463,9,10,28971121.0,2897112.1,0,2,TODO: đặt tên nhóm 0
C01464,48,5,7822050.0,1564410.0,3,3,TODO: đặt tên nhóm 3
C01465,28,7,9178250.0,1311178.5714285714,3,2,TODO: đặt tên nhóm 3
C01466,31,14,16329700.0,1166407.142857143,0,2,TODO: đặt tên nhóm 0
C01467,59,6,6194550.0,1032425.0,2,3,TODO: đặt tên nhóm 2
C01468,55,9,5058500.0,562055.5555555555,2,2,TODO: đặt tên nhóm 2
C01469,9,9,9143000.0,1015888.8888888889,0,2,TODO: đặt tên nhóm 0
C01470,3,5,4233400.0,846680.0,2,3,TODO: đặt tên nhóm 2
C01471,28,5,3759250.0,751850.0,2,3,TODO: đặt tên nhóm 2
C01472,53,13,7863750.0,604903.8461538461,0,2,TODO: đặt tên nhóm 0
C01473,124,11,9604173.0,873106.6363636364,0,1,TODO: đặt tên nhóm 0
C01474,1,11,8499100.0,772645.4545454546,0,2,TODO: đặt tên nhóm 0
C01475,2,12,15928350.0,1327362.5,0,2,TODO: đặt tên nhóm 0
C01476,1,5,5660100.0,1132020.0,2,3,TODO: đặt tên nhóm 2
C01477,42,7,4457450.0,636778.5714285715,2,3,TODO: đặt tên nhóm 2
C01478,41,7,7481250.0,1068750.0,2,3,TODO: đặt tên nhóm 2
C01479,11,8,9249650.0,1156206.25,2,2,TODO: đặt tên nhóm 2
C01480,56,6,5215350.0,869225.0,2,3,TODO: đặt tên nhóm 2
C01481,30,5,1856900.0,371380.0,2,3,TODO: đặt tên nhóm 2
C01482,68,4,2634650.0,658662.5,2,0,TODO: đặt tên nhóm 2
C01483,4,6,5040750.0,840125.0,2,3,TODO: đặt tên nhóm 2
C01484,66,7,8568350.0,1224050.0,3,1,TODO: đặt tên nhóm 3
C01485,2,6,6059950.0,1009991.6666666666,2,3,TODO: đặt tên nhóm 2
C01486,48,9,10888300.0,1209811.111111111,0,2,TODO: đặt tên nhóm 0
C01487,71,11,9579550.0,870868.1818181818,0,2,TODO: đặt tên nhóm 0
C01488,78,5,8931350.0,1786270.0,3,1,TODO: đặt tên nhóm 3
C01489,15,7,7611078.0,1087296.857142857,2,3,TODO: đặt tên nhóm 2
C01490,139,5,2338100.0,467620.0,1,3,TODO: đặt tên nhóm 1
C01491,43,10,5162500.0,516250.0,2,2,TODO: đặt tên nhóm 2
C01492,39,4,4326972.0,1081743.0,2,3,TODO: đặt tên nhóm 2
C01493,24,8,8048900.0,1006112.5,2,2,TODO: đặt tên nhóm 2
C01494,17,4,1461550.0,365387.5,2,0,TODO: đặt tên nhóm 2
C01495,9,5,2216450.0,443290.0,2,3,TODO: đặt tên nhóm 2
C01496,48,10,6565400.0,656540.0,2,2,TODO: đặt tên nhóm 2
C01497,103,4,4268150.0,1067037.5,1,3,TODO: đặt tên nhóm 1
C01498,31,3,1851000.0,617000.0,2,0,TODO: đặt tên nhóm 2
C01499,13,9,12485250.0,1387250.0,0,2,TODO: đặt tên nhóm 0
C01500,11,12,5730500.0,477541.6666666667,2,2,TODO: đặt tên nhóm 2
C01501,2,7,23813737.0,3401962.4285714286,3,1,TODO: đặt tên nhóm 3
C01502,2,7,15343500.0,2191928.5714285714,3,1,TODO: đặt tên nhóm 3
C01503,34,5,5948050.0,1189610.0,2,3,TODO: đặt tên nhóm 2
C01504,59,9,13714691.0,1523854.5555555555,0,1,TODO: đặt tên nhóm 0
C01505,2,4,4449100.0,1112275.0,2,3,TODO: đặt tên nhóm 2
C01506,65,7,3056000.0,436571.4285714286,2,3,TODO: đặt tên nhóm 2
C01507,33,11,10935500.0,994136.3636363636,0,2,TODO: đặt tên nhóm 0
C01508,73,10,5642700.0,564270.0,2,2,TODO: đặt tên nhóm 2
C01509,31,14,16939300.0,1209950.0,0,2,TODO: đặt tên nhóm 0
C01510,96,5,2868650.0,573730.0,1,3,TODO: đặt tên nhóm 1
C01511,62,13,11599700.0,892284.6153846154,0,2,TODO: đặt tên nhóm 0
C01512,2,16,22255258.0,1390953.625,0,2,TODO: đặt tên nhóm 0
C01513,6,10,15054800.0,1505480.0,0,2,TODO: đặt tên nhóm 0
C01514,106,2,2619000.0,1309500.0,1,0,TODO: đặt tên nhóm 1
C01515,34,14,13598250.0,971303.5714285715,0,2,TODO: đặt tên nhóm 0
C01516,31,9,8328400.0,925377.7777777778,2,2,TODO: đặt tên nhóm 2
C01517,40,9,10246800.0,1138533.3333333333,0,2,TODO: đặt tên nhóm 0
C01518,34,4,2970450.0,742612.5,2,3,TODO: đặt tên nhóm 2
C01519,106,6,8437350.0,1406225.0,3,1,TODO: đặt tên nhóm 3
C01520,168,5,2210450.0,442090.0,1,3,TODO: đặt tên nhóm 1
C01521,7,11,10529050.0,957186.3636363636,0,2,TODO: đặt tên nhóm 0
C01522,53,8,5959500.0,744937.5,2,3,TODO: đặt tên nhóm 2
C01523,17,13,30923512.0,2378731.6923076925,0,2,TODO: đặt tên nhóm 0
C01524,22,8,5080700.0,635087.5,2,2,TODO: đặt tên nhóm 2
C01525,18,13,10390200.0,799246.1538461539,0,2,TODO: đặt tên nhóm 0
C01526,57,11,14835900.0,1348718.1818181819,0,2,TODO: đặt tên nhóm 0
C01527,77,10,6337100.0,633710.0,2,2,TODO: đặt tên nhóm 2
C01528,13,7,5938800.0,848400.0,2,3,TODO: đặt tên nhóm 2
C01529,13,6,6391400.0,1065233.3333333333,2,3,TODO: đặt tên nhóm 2
C01530,63,11,11268550.0,1024413.6363636364,0,2,TODO: đặt tên nhóm 0
C01531,7,7,10917750.0,1559678.5714285714,3,2,TODO: đặt tên nhóm 3
C01532,30,7,6348850.0,906978.5714285715,2,3,TODO: đặt tên nhóm 2
C01533,37,5,4198050.0,839610.0,2,3,TODO: đặt tên nhóm 2
C01534,2,7,6167700.0,881100.0,2,3,TODO: đặt tên nhóm 2
C01535,48,7,18816300.0,2688042.8571428573,3,1,TODO: đặt tên nhóm 3
C01536,34,7,2274350.0,324907.14285714284,2,2,TODO: đặt tên nhóm 2
C01537,104,8,5174350.0,646793.75,2,3,TODO: đặt tên nhóm 2
C01538,25,10,7434050.0,743405.0,2,2,TODO: đặt tên nhóm 2
C01539,29,11,10063150.0,914831.8181818182,0,2,TODO: đặt tên nhóm 0
C01540,3,3,1147000.0,382333.3333333333,2,0,TODO: đặt tên nhóm 2
C01541,55,5,3082450.0,616490.0,2,3,TODO: đặt tên nhóm 2
C01542,33,9,11654450.0,1294938.888888889,0,2,TODO: đặt tên nhóm 0
C01543,85,18,17812149.0,989563.8333333334,0,2,TODO: đặt tên nhóm 0
C01544,51,3,3932100.0,1310700.0,3,0,TODO: đặt tên nhóm 3
C01545,75,6,17785346.0,2964224.3333333335,3,1,TODO: đặt tên nhóm 3
C01546,3,10,6133400.0,613340.0,2,2,TODO: đặt tên nhóm 2
C01547,78,6,6201750.0,1033625.0,2,3,TODO: đặt tên nhóm 2
C01548,65,8,7932950.0,991618.75,2,3,TODO: đặt tên nhóm 2
C01550,4,9,8379800.0,931088.8888888889,2,2,TODO: đặt tên nhóm 2
C01551,7,6,5563850.0,927308.3333333334,2,3,TODO: đặt tên nhóm 2
C01552,1,11,6208100.0,564372.7272727273,2,2,TODO: đặt tên nhóm 2
C01553,75,4,22672890.0,5668222.5,3,1,TODO: đặt tên nhóm 3
C01554,117,7,5337900.0,762557.1428571428,1,3,TODO: đặt tên nhóm 1
C01555,9,5,7148650.0,1429730.0,3,3,TODO: đặt tên nhóm 3
C01556,32,8,7529000.0,941125.0,2,3,TODO: đặt tên nhóm 2
C01557,15,8,4889100.0,611137.5,2,2,TODO: đặt tên nhóm 2
C01558,16,5,1996850.0,399370.0,2,3,TODO: đặt tên nhóm 2
C01559,75,10,23800177.0,2380017.7,3,1,TODO: đặt tên nhóm 3
C01560,15,15,26419020.901575148,1761268.06010501,0,2,TODO: đặt tên nhóm 0
C01561,24,10,31723234.0,3172323.4,0,2,TODO: đặt tên nhóm 0
C01562,4,6,3177150.0,529525.0,2,3,TODO: đặt tên nhóm 2
C01563,13,9,5584250.0,620472.2222222222,2,2,TODO: đặt tên nhóm 2
C01564,19,8,10386950.0,1298368.75,3,2,TODO: đặt tên nhóm 3
C01565,3,7,7265850.0,1037978.5714285715,2,3,TODO: đặt tên nhóm 2
C01566,6,15,10046100.0,669740.0,0,2,TODO: đặt tên nhóm 0
C01567,73,6,11419300.0,1903216.6666666667,3,1,TODO: đặt tên nhóm 3
C01568,48,4,2755300.0,688825.0,2,0,TODO: đặt tên nhóm 2
C01569,1,7,7230350.0,1032907.1428571428,2,3,TODO: đặt tên nhóm 2
C01570,6,9,10688800.0,1187644.4444444445,0,2,TODO: đặt tên nhóm 0
C01571,14,7,2876100.0,410871.4285714286,2,2,TODO: đặt tên nhóm 2
C01572,29,4,2454000.0,613500.0,2,0,TODO: đặt tên nhóm 2
C01573,31,4,2505000.0,626250.0,2,0,TODO: đặt tên nhóm 2
C01574,27,7,5473000.0,781857.1428571428,2,3,TODO: đặt tên nhóm 2
C01575,57,8,9879000.0,1234875.0,3,2,TODO: đặt tên nhóm 3
C01576,19,10,9411850.0,941185.0,0,2,TODO: đặt tên nhóm 0
C01577,16,12,18306104.0,1525508.6666666667,0,2,TODO: đặt tên nhóm 0
C01578,1,13,16409100.0,1262238.4615384615,0,2,TODO: đặt tên nhóm 0
C01579,17,12,13230350.0,1102529.1666666667,0,2,TODO: đặt tên nhóm 0
C01580,2,14,14437660.0,1031261.4285714285,0,2,TODO: đặt tên nhóm 0
C01581,63,6,8280000.0,1380000.0,3,3,TODO: đặt tên nhóm 3
C01582,5,9,11559850.0,1284427.7777777778,0,2,TODO: đặt tên nhóm 0
C01583,60,7,5191950.0,741707.1428571428,2,3,TODO: đặt tên nhóm 2
C01584,16,6,10087550.0,1681258.3333333333,3,2,TODO: đặt tên nhóm 3
C01585,84,4,4470800.0,1117700.0,2,3,TODO: đặt tên nhóm 2
C01586,42,7,8690200.0,1241457.142857143,3,2,TODO: đặt tên nhóm 3
C01587,51,5,1967950.0,393590.0,2,3,TODO: đặt tên nhóm 2
C01588,23,10,10865800.0,1086580.0,0,2,TODO: đặt tên nhóm 0
C01589,54,8,6280050.0,785006.25,2,3,TODO: đặt tên nhóm 2
C01590,3,12,8406500.0,700541.6666666666,0,2,TODO: đặt tên nhóm 0
C01591,48,6,2367300.0,394550.0,2,3,TODO: đặt tên nhóm 2
C01592,6,7,6034600.0,862085.7142857143,2,3,TODO: đặt tên nhóm 2
C01593,6,8,9854750.0,1231843.75,0,2,TODO: đặt tên nhóm 0
C01594,23,8,3028800.0,378600.0,2,2,TODO: đặt tên nhóm 2
C01595,45,8,9245300.0,1155662.5,3,2,TODO: đặt tên nhóm 3
C01596,72,8,10023000.0,1252875.0,3,1,TODO: đặt tên nhóm 3
C01597,14,11,10371200.0,942836.3636363636,0,2,TODO: đặt tên nhóm 0
C01598,24,5,2553150.0,510630.0,2,3,TODO: đặt tên nhóm 2
C01599,28,7,4181350.0,597335.7142857143,2,3,TODO: đặt tên nhóm 2
C01600,6,8,6544150.0,818018.75,2,3,TODO: đặt tên nhóm 2
C01601,52,9,10727900.0,1191988.888888889,0,2,TODO: đặt tên nhóm 0
C01602,92,7,4703600.0,671942.8571428572,2,3,TODO: đặt tên nhóm 2
C01603,62,2,330400.0,165200.0,2,0,TODO: đặt tên nhóm 2
C01604,8,10,9871950.0,987195.0,0,2,TODO: đặt tên nhóm 0
C01605,87,7,5496900.0,785271.4285714285,2,3,TODO: đặt tên nhóm 2
C01606,75,6,6267600.0,1044600.0,2,3,TODO: đặt tên nhóm 2
C01607,5,5,10145800.0,2029160.0,3,1,TODO: đặt tên nhóm 3
C01608,47,6,8536550.0,1422758.3333333333,3,3,TODO: đặt tên nhóm 3
C01609,88,4,4526400.0,1131600.0,2,3,TODO: đặt tên nhóm 2
C01610,248,5,9462100.0,1892420.0,3,1,TODO: đặt tên nhóm 3
C01611,29,7,5449100.0,778442.8571428572,2,3,TODO: đặt tên nhóm 2
C01612,6,9,8706750.0,967416.6666666666,2,2,TODO: đặt tên nhóm 2
C01613,71,8,6451500.0,806437.5,2,3,TODO: đặt tên nhóm 2
C01614,20,10,7449400.0,744940.0,2,2,TODO: đặt tên nhóm 2
C01615,24,7,4987600.0,712514.2857142857,2,3,TODO: đặt tên nhóm 2
C01616,14,9,16991515.0,1887946.111111111,0,2,TODO: đặt tên nhóm 0
C01617,98,8,6158350.0,769793.75,2,3,TODO: đặt tên nhóm 2
C01618,13,10,11626500.0,1162650.0,0,2,TODO: đặt tên nhóm 0
C01619,19,8,14451000.0,1806375.0,3,2,TODO: đặt tên nhóm 3
C01620,7,5,3773000.0,754600.0,2,3,TODO: đặt tên nhóm 2
C01621,90,7,13775950.0,1967992.857142857,3,1,TODO: đặt tên nhóm 3
C01622,14,10,3996900.0,399690.0,2,2,TODO: đặt tên nhóm 2
C01623,55,6,7687400.0,1281233.3333333333,3,3,TODO: đặt tên nhóm 3
C01624,26,8,6946350.0,868293.75,2,3,TODO: đặt tên nhóm 2
C01625,3,7,3371150.0,481592.85714285716,2,2,TODO: đặt tên nhóm 2
C01626,142,6,5019800.0,836633.3333333334,1,3,TODO: đặt tên nhóm 1
C01627,16,13,8466800.0,651292.3076923077,0,2,TODO: đặt tên nhóm 0
C01628,1,13,7995350.0,615026.9230769231,0,2,TODO: đặt tên nhóm 0
C01629,55,11,7539050.0,685368.1818181818,2,2,TODO: đặt tên nhóm 2
C01630,21,9,10530700.0,1170077.7777777778,0,2,TODO: đặt tên nhóm 0
C01631,28,6,10247400.0,1707900.0,3,1,TODO: đặt tên nhóm 3
C01632,38,9,10284500.0,1142722.2222222222,0,2,TODO: đặt tên nhóm 0
C01633,52,5,4233550.0,846710.0,2,3,TODO: đặt tên nhóm 2
C01634,12,11,6282750.0,571159.0909090909,2,2,TODO: đặt tên nhóm 2
C01635,58,5,4401200.0,880240.0,2,3,TODO: đặt tên nhóm 2
C01636,54,12,8142300.0,678525.0,0,2,TODO: đặt tên nhóm 0
C01637,33,5,1788950.0,357790.0,2,3,TODO: đặt tên nhóm 2
C01638,96,8,13172600.0,1646575.0,3,1,TODO: đặt tên nhóm 3
C01639,5,9,12193850.0,1354872.2222222222,0,2,TODO: đặt tên nhóm 0
C01640,3,11,7957900.0,723445.4545454546,0,2,TODO: đặt tên nhóm 0
C01641,28,6,6580200.0,1096700.0,2,3,TODO: đặt tên nhóm 2
C01642,6,12,12303700.515530739,1025308.3762942282,0,2,TODO: đặt tên nhóm 0
C01643,84,7,5014800.0,716400.0,2,3,TODO: đặt tên nhóm 2
C01644,68,6,8179300.0,1363216.6666666667,3,3,TODO: đặt tên nhóm 3
C01645,6,15,11052350.0,736823.3333333334,0,2,TODO: đặt tên nhóm 0
C01646,73,3,2155750.0,718583.3333333334,2,0,TODO: đặt tên nhóm 2
C01647,19,4,4742250.0,1185562.5,2,3,TODO: đặt tên nhóm 2
C01648,61,8,8951600.0,1118950.0,3,2,TODO: đặt tên nhóm 3
C01649,97,7,8002000.0,1143142.857142857,3,3,TODO: đặt tên nhóm 3
C01650,90,4,1924300.0,481075.0,1,0,TODO: đặt tên nhóm 1
C01651,11,8,6792750.0,849093.75,2,3,TODO: đặt tên nhóm 2
C01652,10,5,7617950.0,1523590.0,3,3,TODO: đặt tên nhóm 3
C01653,17,8,3930550.0,491318.75,2,2,TODO: đặt tên nhóm 2
C01654,3,6,7469800.0,1244966.6666666667,2,3,TODO: đặt tên nhóm 2
C01655,51,11,10185900.0,925990.9090909091,0,2,TODO: đặt tên nhóm 0
C01656,28,8,7777800.0,972225.0,2,2,TODO: đặt tên nhóm 2
C01657,3,11,9828300.0,893481.8181818182,0,2,TODO: đặt tên nhóm 0
C01658,17,11,15529500.0,1411772.7272727273,0,2,TODO: đặt tên nhóm 0
C01659,28,5,3673550.0,734710.0,2,3,TODO: đặt tên nhóm 2
C01660,12,8,7741400.0,967675.0,2,2,TODO: đặt tên nhóm 2
C01661,6,5,6754350.0,1350870.0,3,3,TODO: đặt tên nhóm 3
C01662,100,7,6414400.0,916342.8571428572,2,3,TODO: đặt tên nhóm 2
C01663,80,9,6100600.0,677844.4444444445,2,1,TODO: đặt tên nhóm 2
C01664,13,5,2336250.0,467250.0,2,3,TODO: đặt tên nhóm 2
C01665,20,9,9613650.0,1068183.3333333333,0,2,TODO: đặt tên nhóm 0
C01666,77,3,4814000.0,1604666.6666666667,3,1,TODO: đặt tên nhóm 3
C01667,44,8,9389600.0,1173700.0,3,2,TODO: đặt tên nhóm 3
C01668,24,7,10679177.0,1525596.7142857143,3,2,TODO: đặt tên nhóm 3
C01669,16,4,3070000.0,767500.0,2,3,TODO: đặt tên nhóm 2
C01670,21,9,9334400.0,1037155.5555555555,0,2,TODO: đặt tên nhóm 0
C01671,6,6,3114500.0,519083.3333333333,2,3,TODO: đặt tên nhóm 2
C01672,36,9,5270500.0,585611.1111111111,2,2,TODO: đặt tên nhóm 2
C01673,24,11,12706800.0,1155163.6363636365,0,2,TODO: đặt tên nhóm 0
C01674,5,3,2262700.0,754233.3333333334,2,0,TODO: đặt tên nhóm 2
C01675,7,8,9327950.0,1165993.75,0,2,TODO: đặt tên nhóm 0
C01676,43,10,7411450.0,741145.0,2,2,TODO: đặt tên nhóm 2
C01677,42,7,5129850.0,732835.7142857143,2,3,TODO: đặt tên nhóm 2
C01678,11,8,5987250.0,748406.25,2,3,TODO: đặt tên nhóm 2
C01679,10,5,3050600.0,610120.0,2,3,TODO: đặt tên nhóm 2
C01680,9,15,12870600.0,858040.0,0,2,TODO: đặt tên nhóm 0
C01681,2,8,5915150.0,739393.75,2,3,TODO: đặt tên nhóm 2
C01682,5,4,9134802.0,2283700.5,3,1,TODO: đặt tên nhóm 3
C01683,28,6,6168900.0,1028150.0,2,3,TODO: đặt tên nhóm 2
C01684,59,3,3373050.0,1124350.0,2,0,TODO: đặt tên nhóm 2
C01685,99,7,3190950.0,455850.0,2,3,TODO: đặt tên nhóm 2
C01686,30,11,11500000.0,1045454.5454545454,0,2,TODO: đặt tên nhóm 0
C01687,6,8,8068000.0,1008500.0,2,2,TODO: đặt tên nhóm 2
C01688,15,9,10270850.0,1141205.5555555555,0,2,TODO: đặt tên nhóm 0
C01689,34,9,10851550.0,1205727.7777777778,0,2,TODO: đặt tên nhóm 0
C01690,223,1,707000.0,707000.0,1,0,TODO: đặt tên nhóm 1
C01691,65,6,15534400.0,2589066.6666666665,3,1,TODO: đặt tên nhóm 3
C01692,25,4,3002450.0,750612.5,2,3,TODO: đặt tên nhóm 2
C01693,102,7,9477000.0,1353857.142857143,3,1,TODO: đặt tên nhóm 3
C01694,38,4,7650962.0,1912740.5,3,1,TODO: đặt tên nhóm 3
C01695,35,6,5808000.0,968000.0,2,3,TODO: đặt tên nhóm 2
C01696,95,6,4927650.0,821275.0,2,3,TODO: đặt tên nhóm 2
C01697,46,4,2135000.0,533750.0,2,0,TODO: đặt tên nhóm 2
C01698,2,5,3490750.0,698150.0,2,3,TODO: đặt tên nhóm 2
C01699,38,7,9817350.0,1402478.5714285714,3,2,TODO: đặt tên nhóm 3
C01700,89,6,6372800.0,1062133.3333333333,2,3,TODO: đặt tên nhóm 2
C01701,75,7,10550300.0,1507185.7142857143,3,1,TODO: đặt tên nhóm 3
C01702,32,9,13235950.0,1470661.111111111,0,2,TODO: đặt tên nhóm 0
C01703,6,12,6538100.0,544841.6666666666,2,2,TODO: đặt tên nhóm 2
C01704,16,11,11476150.0,1043286.3636363636,0,2,TODO: đặt tên nhóm 0
C01705,41,4,5548600.0,1387150.0,3,2,TODO: đặt tên nhóm 3
C01706,8,6,6056850.0,1009475.0,2,3,TODO: đặt tên nhóm 2
C01707,8,7,9326950.0,1332421.4285714286,3,2,TODO: đặt tên nhóm 3
C01708,32,13,7449250.0,573019.2307692308,0,2,TODO: đặt tên nhóm 0
C01709,13,11,7150400.0,650036.3636363636,2,2,TODO: đặt tên nhóm 2
C01710,54,5,2306000.0,461200.0,2,3,TODO: đặt tên nhóm 2
C01711,52,10,12055950.0,1205595.0,0,2,TODO: đặt tên nhóm 0
C01712,22,9,15327650.0,1703072.2222222222,0,2,TODO: đặt tên nhóm 0
C01713,47,7,9609150.0,1372735.7142857143,3,2,TODO: đặt tên nhóm 3
C01714,118,2,3042850.0,1521425.0,3,0,TODO: đặt tên nhóm 3
C01715,32,6,5551800.0,925300.0,2,3,TODO: đặt tên nhóm 2
C01716,24,11,10593050.0,963004.5454545454,0,2,TODO: đặt tên nhóm 0
C01717,71,8,7290100.0,911262.5,2,3,TODO: đặt tên nhóm 2
C01718,50,8,11228479.34454187,1403559.9180677338,3,2,TODO: đặt tên nhóm 3
C01719,84,5,2314550.0,462910.0,2,3,TODO: đặt tên nhóm 2
C01720,106,6,8366200.0,1394366.6666666667,3,1,TODO: đặt tên nhóm 3
C01721,69,3,2686000.0,895333.3333333334,2,0,TODO: đặt tên nhóm 2
C01722,145,5,1897000.0,379400.0,1,3,TODO: đặt tên nhóm 1
C01723,4,11,10809000.0,982636.3636363636,0,2,TODO: đặt tên nhóm 0
C01724,87,6,6057100.0,1009516.6666666666,2,3,TODO: đặt tên nhóm 2
C01725,25,5,8871800.0,1774360.0,3,1,TODO: đặt tên nhóm 3
C01726,66,7,10474100.0,1496300.0,3,1,TODO: đặt tên nhóm 3
C01727,122,7,6126550.0,875221.4285714285,1,3,TODO: đặt tên nhóm 1
C01728,39,5,8744000.0,1748800.0,3,1,TODO: đặt tên nhóm 3
C01729,87,5,3907000.0,781400.0,2,3,TODO: đặt tên nhóm 2
C01730,20,13,8369400.0,643800.0,0,2,TODO: đặt tên nhóm 0
C01731,52,3,2965100.0,988366.6666666666,2,0,TODO: đặt tên nhóm 2
C01732,6,7,4339950.0,619992.8571428572,2,3,TODO: đặt tên nhóm 2
C01733,47,8,7181443.0,897680.375,2,3,TODO: đặt tên nhóm 2
C01734,90,5,6295200.0,1259040.0,3,3,TODO: đặt tên nhóm 3
C01735,7,8,5567800.0,695975.0,2,2,TODO: đặt tên nhóm 2
C01736,77,4,5496100.0,1374025.0,3,1,TODO: đặt tên nhóm 3
C01737,5,9,8277550.0,919727.7777777778,2,2,TODO: đặt tên nhóm 2
C01738,24,7,6482000.0,926000.0,2,3,TODO: đặt tên nhóm 2
C01739,6,6,4482500.0,747083.3333333334,2,3,TODO: đặt tên nhóm 2
C01740,15,8,17068407.0,2133550.875,3,1,TODO: đặt tên nhóm 3
C01741,11,11,8632000.0,784727.2727272727,0,2,TODO: đặt tên nhóm 0
C01742,7,6,3341300.0,556883.3333333334,2,3,TODO: đặt tên nhóm 2
C01743,11,7,5129300.0,732757.1428571428,2,3,TODO: đặt tên nhóm 2
C01744,35,9,9069700.0,1007744.4444444445,0,2,TODO: đặt tên nhóm 0
C01745,129,3,3098200.0,1032733.3333333334,1,0,TODO: đặt tên nhóm 1
C01746,18,5,4263900.0,852780.0,2,3,TODO: đặt tên nhóm 2
C01747,62,7,8432000.0,1204571.4285714286,3,1,TODO: đặt tên nhóm 3
C01748,12,11,15038363.0,1367123.9090909092,0,2,TODO: đặt tên nhóm 0
C01749,1,10,10000900.0,1000090.0,0,2,TODO: đặt tên nhóm 0
C01750,40,7,6566300.0,938042.8571428572,2,3,TODO: đặt tên nhóm 2
C01751,128,7,4058550.0,579792.8571428572,1,3,TODO: đặt tên nhóm 1
C01752,11,11,12215000.0,1110454.5454545454,0,2,TODO: đặt tên nhóm 0
C01753,10,9,6736350.0,748483.3333333334,2,2,TODO: đặt tên nhóm 2
C01754,25,6,14645350.0,2440891.6666666665,3,1,TODO: đặt tên nhóm 3
C01756,14,7,11720000.0,1674285.7142857143,3,2,TODO: đặt tên nhóm 3
C01757,2,8,5139750.0,642468.75,2,2,TODO: đặt tên nhóm 2
C01758,12,3,1763000.0,587666.6666666666,2,0,TODO: đặt tên nhóm 2
C01759,4,12,10269261.0,855771.75,0,2,TODO: đặt tên nhóm 0
C01760,116,6,4504101.0,750683.5,1,3,TODO: đặt tên nhóm 1
C01761,46,11,14808853.0,1346259.3636363635,0,2,TODO: đặt tên nhóm 0
C01762,79,6,8712300.0,1452050.0,3,1,TODO: đặt tên nhóm 3
C01763,72,7,8050850.0,1150121.4285714286,3,3,TODO: đặt tên nhóm 3
C01764,115,3,973000.0,324333.3333333333,1,0,TODO: đặt tên nhóm 1
C01765,20,11,9831300.0,893754.5454545454,0,2,TODO: đặt tên nhóm 0
C01766,4,6,7524400.0,1254066.6666666667,2,3,TODO: đặt tên nhóm 2
C01767,13,7,13097500.0,1871071.4285714286,3,2,TODO: đặt tên nhóm 3
C01768,19,5,7205800.0,1441160.0,3,3,TODO: đặt tên nhóm 3
C01769,22,7,6248500.0,892642.8571428572,2,3,TODO: đặt tên nhóm 2
C01770,27,9,4879800.0,542200.0,2,2,TODO: đặt tên nhóm 2
C01771,15,13,15673800.0,1205676.923076923,0,2,TODO: đặt tên nhóm 0
C01772,50,8,6825750.0,853218.75,2,3,TODO: đặt tên nhóm 2
C01773,15,6,4059800.0,676633.3333333334,2,3,TODO: đặt tên nhóm 2
C01774,32,9,7676550.0,852950.0,2,2,TODO: đặt tên nhóm 2
C01775,19,4,7399700.0,1849925.0,3,1,TODO: đặt tên nhóm 3
C01776,6,6,1763350.0,293891.6666666667,2,3,TODO: đặt tên nhóm 2
C01777,19,13,13668500.0,1051423.076923077,0,2,TODO: đặt tên nhóm 0
C01778,1,10,20550877.0,2055087.7,0,2,TODO: đặt tên nhóm 0
C01779,69,5,4223100.0,844620.0,2,3,TODO: đặt tên nhóm 2
C01780,43,7,3385700.0,483671.4285714286,2,2,TODO: đặt tên nhóm 2
C01781,49,7,6663000.0,951857.1428571428,2,3,TODO: đặt tên nhóm 2
C01782,9,4,1998400.0,499600.0,2,0,TODO: đặt tên nhóm 2
C01783,3,8,8461750.0,1057718.75,2,2,TODO: đặt tên nhóm 2
C01784,107,11,6844600.0,622236.3636363636,2,1,TODO: đặt tên nhóm 2
C01785,119,3,6120450.0,2040150.0,3,1,TODO: đặt tên nhóm 3
C01786,159,4,5453700.0,1363425.0,1,1,TODO: đặt tên nhóm 1
C01787,22,11,8397900.0,763445.4545454546,0,2,TODO: đặt tên nhóm 0
C01788,37,8,9768000.0,1221000.0,3,2,TODO: đặt tên nhóm 3
C01789,47,11,16350404.0,1486400.3636363635,0,2,TODO: đặt tên nhóm 0
C01790,31,3,7724000.0,2574666.6666666665,3,1,TODO: đặt tên nhóm 3
C01791,81,6,9422950.0,1570491.6666666667,3,1,TODO: đặt tên nhóm 3
C01792,30,8,6448100.0,806012.5,2,3,TODO: đặt tên nhóm 2
C01793,39,5,4039450.0,807890.0,2,3,TODO: đặt tên nhóm 2
C01794,8,7,6692800.0,956114.2857142857,2,3,TODO: đặt tên nhóm 2
C01795,11,4,8170800.0,2042700.0,3,1,TODO: đặt tên nhóm 3
C01796,25,8,7768450.0,971056.25,2,2,TODO: đặt tên nhóm 2
C01797,1,7,10054000.0,1436285.7142857143,3,2,TODO: đặt tên nhóm 3
C01798,87,4,2119800.0,529950.0,2,0,TODO: đặt tên nhóm 2
C01799,5,10,26768454.0,2676845.4,0,2,TODO: đặt tên nhóm 0
C01800,59,5,3329150.0,665830.0,2,3,TODO: đặt tên nhóm 2
C01801,42,7,6683700.0,954814.2857142857,2,3,TODO: đặt tên nhóm 2
C01802,23,9,7972000.0,885777.7777777778,2,2,TODO: đặt tên nhóm 2
C01803,13,8,4496100.0,562012.5,2,2,TODO: đặt tên nhóm 2
C01804,70,7,3932900.0,561842.8571428572,2,3,TODO: đặt tên nhóm 2
C01805,19,7,5761600.0,823085.7142857143,2,3,TODO: đặt tên nhóm 2
C01806,48,6,8190684.0,1365114.0,3,3,TODO: đặt tên nhóm 3
C01807,130,3,6462000.0,2154000.0,3,1,TODO: đặt tên nhóm 3
C01808,28,3,466600.0,155533.33333333334,2,0,TODO: đặt tên nhóm 2
C01809,49,10,8072950.0,807295.0,2,2,TODO: đặt tên nhóm 2
C01810,69,10,13449600.0,1344960.0,0,1,TODO: đặt tên nhóm 0
C01811,24,9,7064900.0,784988.8888888889,2,2,TODO: đặt tên nhóm 2
C01812,24,6,7084400.0,1180733.3333333333,2,3,TODO: đặt tên nhóm 2
C01813,16,12,11944411.0,995367.5833333334,0,2,TODO: đặt tên nhóm 0
C01814,79,4,7226400.0,1806600.0,3,1,TODO: đặt tên nhóm 3
C01815,27,5,3021450.0,604290.0,2,3,TODO: đặt tên nhóm 2
C01816,8,12,7482250.0,623520.8333333334,0,2,TODO: đặt tên nhóm 0
C01817,195,4,3714000.0,928500.0,1,0,TODO: đặt tên nhóm 1
C01818,82,3,2011400.0,670466.6666666666,2,0,TODO: đặt tên nhóm 2
C01819,11,7,8457450.0,1208207.142857143,2,2,TODO: đặt tên nhóm 2
C01820,14,7,5277900.0,753985.7142857143,2,3,TODO: đặt tên nhóm 2
C01821,72,6,4268000.0,711333.3333333334,2,3,TODO: đặt tên nhóm 2
C01822,52,6,2573250.0,428875.0,2,3,TODO: đặt tên nhóm 2
C01823,24,9,7665650.0,851738.8888888889,2,2,TODO: đặt tên nhóm 2
C01824,7,8,9285600.0,1160700.0,2,2,TODO: đặt tên nhóm 2
C01825,51,10,11034750.0,1103475.0,0,2,TODO: đặt tên nhóm 0
C01826,128,4,6616400.0,1654100.0,3,1,TODO: đặt tên nhóm 3
C01827,22,9,8376850.0,930761.1111111111,2,2,TODO: đặt tên nhóm 2
C01828,16,3,5325800.0,1775266.6666666667,3,1,TODO: đặt tên nhóm 3
C01829,14,6,2892900.0,482150.0,2,3,TODO: đặt tên nhóm 2
C01830,16,4,5583100.0,1395775.0,3,2,TODO: đặt tên nhóm 3
C01831,78,4,3087400.0,771850.0,2,3,TODO: đặt tên nhóm 2
C01832,7,8,10362850.0,1295356.25,0,2,TODO: đặt tên nhóm 0
C01833,6,11,10254050.0,932186.3636363636,0,2,TODO: đặt tên nhóm 0
C01834,3,11,5353700.0,486700.0,2,2,TODO: đặt tên nhóm 2
C01835,20,6,10409800.0,1734966.6666666667,3,2,TODO: đặt tên nhóm 3
C01836,39,7,6328200.0,904028.5714285715,2,3,TODO: đặt tên nhóm 2
C01837,15,9,6193100.0,688122.2222222222,2,2,TODO: đặt tên nhóm 2
C01838,11,9,8361600.0,929066.6666666666,2,2,TODO: đặt tên nhóm 2
C01839,1,13,15542650.0,1195588.4615384615,0,2,TODO: đặt tên nhóm 0
C01840,107,6,7194400.0,1199066.6666666667,3,3,TODO: đặt tên nhóm 3
C01841,20,2,1350000.0,675000.0,2,0,TODO: đặt tên nhóm 2
C01842,21,5,3122550.0,624510.0,2,3,TODO: đặt tên nhóm 2
C01843,83,6,3557100.0,592850.0,2,3,TODO: đặt tên nhóm 2
C01844,23,9,6718200.0,746466.6666666666,2,2,TODO: đặt tên nhóm 2
C01845,28,12,12562750.0,1046895.8333333334,0,2,TODO: đặt tên nhóm 0
C01846,19,7,4109750.0,587107.1428571428,2,3,TODO: đặt tên nhóm 2
C01847,62,7,6824800.0,974971.4285714285,2,3,TODO: đặt tên nhóm 2
C01848,89,3,1859000.0,619666.6666666666,1,0,TODO: đặt tên nhóm 1
C01849,136,4,5908900.0,1477225.0,3,1,TODO: đặt tên nhóm 3
C01850,4,5,6361550.0,1272310.0,2,3,TODO: đặt tên nhóm 2
C01851,7,6,11110550.0,1851758.3333333333,3,1,TODO: đặt tên nhóm 3
C01852,17,7,6802250.0,971750.0,2,3,TODO: đặt tên nhóm 2
C01853,2,7,9062500.0,1294642.857142857,3,2,TODO: đặt tên nhóm 3
C01854,8,5,10125700.0,2025140.0,3,1,TODO: đặt tên nhóm 3
C01855,24,8,12400550.0,1550068.75,3,2,TODO: đặt tên nhóm 3
C01856,117,8,16322922.0,2040365.25,3,1,TODO: đặt tên nhóm 3
C01857,20,13,15317300.0,1178253.8461538462,0,2,TODO: đặt tên nhóm 0
C01858,150,3,3556350.0,1185450.0,1,0,TODO: đặt tên nhóm 1
C01859,9,8,9624650.0,1203081.25,0,2,TODO: đặt tên nhóm 0
C01860,73,6,4854000.0,809000.0,2,3,TODO: đặt tên nhóm 2
C01861,108,3,5642000.0,1880666.6666666667,3,1,TODO: đặt tên nhóm 3
C01862,21,8,10153050.0,1269131.25,3,2,TODO: đặt tên nhóm 3
C01863,25,5,3659600.0,731920.0,2,3,TODO: đặt tên nhóm 2
C01864,4,10,23284120.0,2328412.0,0,2,TODO: đặt tên nhóm 0
C01865,92,8,8507000.0,1063375.0,3,1,TODO: đặt tên nhóm 3
C01866,32,8,9746850.0,1218356.25,3,2,TODO: đặt tên nhóm 3
C01867,21,7,5686500.0,812357.1428571428,2,3,TODO: đặt tên nhóm 2
C01868,6,11,10770850.0,979168.1818181818,0,2,TODO: đặt tên nhóm 0
C01869,26,7,7431750.0,1061678.5714285714,2,3,TODO: đặt tên nhóm 2
C01870,149,2,5311000.0,2655500.0,3,1,TODO: đặt tên nhóm 3
C01871,45,5,3103050.0,620610.0,2,3,TODO: đặt tên nhóm 2
C01872,41,7,12267171.96497519,1752453.1378535985,3,1,TODO: đặt tên nhóm 3
C01873,57,4,3254400.0,813600.0,2,3,TODO: đặt tên nhóm 2
C01874,14,9,16852200.0,1872466.6666666667,0,2,TODO: đặt tên nhóm 0
C01875,48,8,4742550.0,592818.75,2,2,TODO: đặt tên nhóm 2
C01876,91,7,20494898.0,2927842.5714285714,3,1,TODO: đặt tên nhóm 3
C01877,24,8,5788050.0,723506.25,2,2,TODO: đặt tên nhóm 2
C01878,12,5,6986158.0,1397231.6,3,3,TODO: đặt tên nhóm 3
C01879,63,6,5275250.0,879208.3333333334,2,3,TODO: đặt tên nhóm 2
C01880,17,7,9499200.0,1357028.5714285714,3,2,TODO: đặt tên nhóm 3
C01881,101,3,1153450.0,384483.3333333333,1,0,TODO: đặt tên nhóm 1
C01882,58,8,5488000.0,686000.0,2,3,TODO: đặt tên nhóm 2
C01883,89,9,10411400.0,1156822.2222222222,3,1,TODO: đặt tên nhóm 3
C01884,26,5,4281000.0,856200.0,2,3,TODO: đặt tên nhóm 2
C01885,52,4,1990350.0,497587.5,2,0,TODO: đặt tên nhóm 2
C01886,40,4,1258550.0,314637.5,2,0,TODO: đặt tên nhóm 2
C01887,4,13,9455750.0,727365.3846153846,0,2,TODO: đặt tên nhóm 0
C01888,37,8,5347550.0,668443.75,2,2,TODO: đặt tên nhóm 2
C01889,9,4,1754000.0,438500.0,2,0,TODO: đặt tên nhóm 2
C01890,6,13,14152100.0,1088623.076923077,0,2,TODO: đặt tên nhóm 0
C01891,87,5,2365600.0,473120.0,2,3,TODO: đặt tên nhóm 2
C01892,70,4,4593000.0,1148250.0,2,3,TODO: đặt tên nhóm 2
C01893,4,8,11206474.397147335,1400809.299643417,0,2,TODO: đặt tên nhóm 0
C01894,57,4,4194100.0,1048525.0,2,3,TODO: đặt tên nhóm 2
C01895,22,6,3654150.0,609025.0,2,3,TODO: đặt tên nhóm 2
C01896,21,3,4483400.0,1494466.6666666667,3,2,TODO: đặt tên nhóm 3
C01897,16,7,6495300.0,927900.0,2,3,TODO: đặt tên nhóm 2
C01898,84,8,3076250.0,384531.25,2,2,TODO: đặt tên nhóm 2
C01899,12,9,5248900.0,583211.1111111111,2,2,TODO: đặt tên nhóm 2
C01900,30,5,3025300.0,605060.0,2,3,TODO: đặt tên nhóm 2
C01901,8,4,3575900.0,893975.0,2,3,TODO: đặt tên nhóm 2
C01902,7,11,9413532.11799638,855775.64709058,0,2,TODO: đặt tên nhóm 0
C01903,27,7,8527050.0,1218150.0,3,2,TODO: đặt tên nhóm 3
C01904,135,3,3781400.0,1260466.6666666667,1,0,TODO: đặt tên nhóm 1
C01905,33,6,3825650.0,637608.3333333334,2,3,TODO: đặt tên nhóm 2
C01906,4,7,19743396.0,2820485.1428571427,3,1,TODO: đặt tên nhóm 3
C01907,28,8,18999077.0,2374884.625,3,1,TODO: đặt tên nhóm 3
C01908,4,8,7034950.0,879368.75,2,3,TODO: đặt tên nhóm 2
C01909,2,6,4109500.0,684916.6666666666,2,3,TODO: đặt tên nhóm 2
C01910,144,6,8407850.0,1401308.3333333333,3,1,TODO: đặt tên nhóm 3
C01911,80,5,3075350.0,615070.0,2,3,TODO: đặt tên nhóm 2
C01912,106,7,14727669.0,2103952.714285714,3,1,TODO: đặt tên nhóm 3
C01913,88,4,7028224.570832706,1757056.1427081765,3,1,TODO: đặt tên nhóm 3
C01914,47,10,9284799.492131729,928479.9492131729,0,2,TODO: đặt tên nhóm 0
C01915,26,7,6847400.0,978200.0,2,3,TODO: đặt tên nhóm 2
C01916,28,8,13335100.0,1666887.5,3,2,TODO: đặt tên nhóm 3
C01917,7,8,6238550.0,779818.75,2,3,TODO: đặt tên nhóm 2
C01918,13,6,4913900.0,818983.3333333334,2,3,TODO: đặt tên nhóm 2
C01919,4,8,7823000.0,977875.0,2,2,TODO: đặt tên nhóm 2
C01920,15,11,8529750.0,775431.8181818182,0,2,TODO: đặt tên nhóm 0
C01921,57,8,7544000.0,943000.0,2,3,TODO: đặt tên nhóm 2
C01922,16,3,3273450.0,1091150.0,2,0,TODO: đặt tên nhóm 2
C01923,10,10,17569982.14005464,1756998.214005464,0,2,TODO: đặt tên nhóm 0
C01924,13,6,7760300.0,1293383.3333333333,3,3,TODO: đặt tên nhóm 3
C01925,1,6,7715900.0,1285983.3333333333,3,3,TODO: đặt tên nhóm 3
C01926,16,8,2983600.0,372950.0,2,2,TODO: đặt tên nhóm 2
C01927,114,5,3333950.0,666790.0,1,3,TODO: đặt tên nhóm 1
C01928,36,7,8403700.0,1200528.5714285714,3,2,TODO: đặt tên nhóm 3
C01929,82,5,2998400.0,599680.0,2,3,TODO: đặt tên nhóm 2
C01930,19,7,8880100.0,1268585.7142857143,3,2,TODO: đặt tên nhóm 3
C01931,115,9,6632100.0,736900.0,2,1,TODO: đặt tên nhóm 2
C01932,23,6,6403200.0,1067200.0,2,3,TODO: đặt tên nhóm 2
C01933,2,9,7738100.0,859788.8888888889,2,2,TODO: đặt tên nhóm 2
C01934,27,8,15403300.0,1925412.5,3,2,TODO: đặt tên nhóm 3
C01935,9,6,13565277.0,2260879.5,3,1,TODO: đặt tên nhóm 3
C01936,4,9,12006050.0,1334005.5555555555,0,2,TODO: đặt tên nhóm 0
C01937,11,10,8748000.0,874800.0,0,2,TODO: đặt tên nhóm 0
C01938,21,11,27802230.0,2527475.4545454546,0,2,TODO: đặt tên nhóm 0
C01939,161,5,5084400.0,1016880.0,1,3,TODO: đặt tên nhóm 1
C01940,8,6,5021300.0,836883.3333333334,2,3,TODO: đặt tên nhóm 2
C01941,86,7,10507300.0,1501042.857142857,3,1,TODO: đặt tên nhóm 3
C01942,4,7,5665900.0,809414.2857142857,2,3,TODO: đặt tên nhóm 2
C01943,42,7,6929000.0,989857.1428571428,2,3,TODO: đặt tên nhóm 2
C01944,78,11,12044550.0,1094959.0909090908,0,1,TODO: đặt tên nhóm 0
C01945,92,2,884000.0,442000.0,1,0,TODO: đặt tên nhóm 1
C01946,41,8,5970100.0,746262.5,2,3,TODO: đặt tên nhóm 2
C01947,16,7,9231950.0,1318850.0,3,2,TODO: đặt tên nhóm 3
C01948,37,8,8817650.0,1102206.25,2,2,TODO: đặt tên nhóm 2
C01949,23,12,6580650.0,548387.5,2,2,TODO: đặt tên nhóm 2
C01950,30,6,4217100.0,702850.0,2,3,TODO: đặt tên nhóm 2
C01951,84,7,8731050.0,1247292.857142857,3,1,TODO: đặt tên nhóm 3
C01952,1,12,15997550.0,1333129.1666666667,0,2,TODO: đặt tên nhóm 0
C01953,1,9,8882900.0,986988.8888888889,0,2,TODO: đặt tên nhóm 0
C01954,25,6,6928200.0,1154700.0,2,3,TODO: đặt tên nhóm 2
C01955,32,3,3675700.0,1225233.3333333333,2,0,TODO: đặt tên nhóm 2
C01956,53,3,4195200.0,1398400.0,3,0,TODO: đặt tên nhóm 3
C01957,110,5,7365400.0,1473080.0,3,3,TODO: đặt tên nhóm 3
C01958,94,8,6649350.0,831168.75,2,3,TODO: đặt tên nhóm 2
C01959,3,8,12459100.0,1557387.5,3,2,TODO: đặt tên nhóm 3
C01960,38,7,6751600.0,964514.2857142857,2,3,TODO: đặt tên nhóm 2
C01961,121,3,2110500.0,703500.0,1,0,TODO: đặt tên nhóm 1
C01962,23,9,9383700.0,1042633.3333333334,0,2,TODO: đặt tên nhóm 0
C01963,56,8,6307850.0,788481.25,2,3,TODO: đặt tên nhóm 2
C01964,36,3,4124900.0,1374966.6666666667,3,2,TODO: đặt tên nhóm 3
C01965,33,3,547000.0,182333.33333333334,2,0,TODO: đặt tên nhóm 2
C01966,44,5,7438600.0,1487720.0,3,3,TODO: đặt tên nhóm 3
C01967,2,8,7329600.0,916200.0,2,3,TODO: đặt tên nhóm 2
C01968,21,7,7699250.0,1099892.857142857,2,2,TODO: đặt tên nhóm 2
C01969,86,4,3047000.0,761750.0,2,3,TODO: đặt tên nhóm 2
C01970,43,6,5914400.0,985733.3333333334,2,3,TODO: đặt tên nhóm 2
C01971,20,10,9600700.0,960070.0,0,2,TODO: đặt tên nhóm 0
C01972,119,2,1437500.0,718750.0,1,0,TODO: đặt tên nhóm 1
C01973,65,6,4179450.0,696575.0,2,3,TODO: đặt tên nhóm 2
C01974,12,10,18078826.0,1807882.6,0,2,TODO: đặt tên nhóm 0
C01975,117,5,5867550.0,1173510.0,1,3,TODO: đặt tên nhóm 1
C01976,25,7,9461500.0,1351642.857142857,3,2,TODO: đặt tên nhóm 3
C01977,25,12,12927350.0,1077279.1666666667,0,2,TODO: đặt tên nhóm 0
C01978,64,8,8128100.0,1016012.5,2,3,TODO: đặt tên nhóm 2
C01979,1,10,7527500.0,752750.0,2,2,TODO: đặt tên nhóm 2
C01980,19,9,9272800.0,1030311.1111111111,0,2,TODO: đặt tên nhóm 0
C01981,10,3,3715600.0,1238533.3333333333,2,0,TODO: đặt tên nhóm 2
C01982,26,10,11942800.0,1194280.0,0,2,TODO: đặt tên nhóm 0
C01983,39,8,15756880.0,1969610.0,3,1,TODO: đặt tên nhóm 3
C01984,64,4,4224000.0,1056000.0,2,3,TODO: đặt tên nhóm 2
C01985,59,9,7294700.0,810522.2222222222,2,3,TODO: đặt tên nhóm 2
C01986,31,8,4392400.0,549050.0,2,2,TODO: đặt tên nhóm 2
C01987,41,5,6155000.0,1231000.0,2,3,TODO: đặt tên nhóm 2
C01988,58,9,6374050.0,708227.7777777778,2,2,TODO: đặt tên nhóm 2
C01989,38,8,4231100.0,528887.5,2,2,TODO: đặt tên nhóm 2
C01990,5,11,13885500.0,1262318.1818181819,0,2,TODO: đặt tên nhóm 0
C01991,86,4,4617850.0,1154462.5,2,3,TODO: đặt tên nhóm 2
C01992,30,11,31323902.0,2847627.4545454546,0,2,TODO: đặt tên nhóm 0
C01993,53,4,3720000.0,930000.0,2,3,TODO: đặt tên nhóm 2
C01994,4,7,6345050.0,906435.7142857143,2,3,TODO: đặt tên nhóm 2
C01995,46,7,7046050.0,1006578.5714285715,2,3,TODO: đặt tên nhóm 2
C01996,56,4,2093000.0,523250.0,2,0,TODO: đặt tên nhóm 2
C01997,74,4,6555300.0,1638825.0,3,1,TODO: đặt tên nhóm 3
C01998,24,10,6756850.0,675685.0,2,2,TODO: đặt tên nhóm 2
C01999,34,11,7141500.0,649227.2727272727,2,2,TODO: đặt tên nhóm 2
C02000,86,12,10541835.858978186,878486.3215815155,0,2,TODO: đặt tên nhóm 0
C02001,4,5,7610100.0,1522020.0,3,3,TODO: đặt tên nhóm 3
C02002,87,10,5924100.0,592410.0,2,1,TODO: đặt tên nhóm 2
C02003,70,6,3686850.0,614475.0,2,3,TODO: đặt tên nhóm 2
C02004,15,7,9665876.0,1380839.4285714286,3,2,TODO: đặt tên nhóm 3
C02005,28,5,4688000.0,937600.0,2,3,TODO: đặt tên nhóm 2
C02006,36,5,7714100.0,1542820.0,3,3,TODO: đặt tên nhóm 3
C02007,58,8,5949350.0,743668.75,2,3,TODO: đặt tên nhóm 2
C02008,37,8,1945150.0,243143.75,2,2,TODO: đặt tên nhóm 2
C02009,82,4,5294700.0,1323675.0,3,1,TODO: đặt tên nhóm 3
C02010,27,7,8350150.0,1192878.5714285714,2,2,TODO: đặt tên nhóm 2
C02011,6,3,2026000.0,675333.3333333334,2,0,TODO: đặt tên nhóm 2
C02012,43,6,2355600.0,392600.0,2,3,TODO: đặt tên nhóm 2
C02013,3,10,11181600.0,1118160.0,0,2,TODO: đặt tên nhóm 0
C02014,77,5,8448100.0,1689620.0,3,1,TODO: đặt tên nhóm 3
C02015,63,6,7120500.0,1186750.0,3,3,TODO: đặt tên nhóm 3
C02016,54,5,3523350.0,704670.0,2,3,TODO: đặt tên nhóm 2
C02017,53,3,2286050.0,762016.6666666666,2,0,TODO: đặt tên nhóm 2
C02018,20,4,3941350.0,985337.5,2,3,TODO: đặt tên nhóm 2
C02019,56,8,4131500.0,516437.5,2,2,TODO: đặt tên nhóm 2
C02020,13,10,5577000.0,557700.0,2,2,TODO: đặt tên nhóm 2
C02021,9,10,8946038.0,894603.8,0,2,TODO: đặt tên nhóm 0
C02022,52,7,7449700.0,1064242.857142857,2,3,TODO: đặt tên nhóm 2
C02023,35,6,11233600.0,1872266.6666666667,3,1,TODO: đặt tên nhóm 3
C02024,61,4,7667600.0,1916900.0,3,1,TODO: đặt tên nhóm 3
C02025,134,5,2382700.0,476540.0,1,3,TODO: đặt tên nhóm 1
C02026,22,10,23889685.0,2388968.5,0,2,TODO: đặt tên nhóm 0
C02027,21,9,8175650.0,908405.5555555555,2,2,TODO: đặt tên nhóm 2
C02028,32,8,4967350.0,620918.75,2,2,TODO: đặt tên nhóm 2
C02029,15,5,3348350.0,669670.0,2,3,TODO: đặt tên nhóm 2
C02030,19,5,5893900.0,1178780.0,2,3,TODO: đặt tên nhóm 2
C02031,114,10,26483470.0,2648347.0,3,1,TODO: đặt tên nhóm 3
C02032,108,4,2392750.0,598187.5,1,0,TODO: đặt tên nhóm 1
C02033,58,5,9243700.0,1848740.0,3,1,TODO: đặt tên nhóm 3
C02034,102,11,8768550.0,797140.9090909091,0,1,TODO: đặt tên nhóm 0
C02035,51,10,8224200.0,822420.0,2,2,TODO: đặt tên nhóm 2
C02036,58,5,4663000.0,932600.0,2,3,TODO: đặt tên nhóm 2
C02037,1,6,7794850.0,1299141.6666666667,3,3,TODO: đặt tên nhóm 3
C02038,50,11,10766250.0,978750.0,0,2,TODO: đặt tên nhóm 0
C02039,51,3,2326500.0,775500.0,2,0,TODO: đặt tên nhóm 2
C02040,28,4,1864950.0,466237.5,2,0,TODO: đặt tên nhóm 2
C02041,19,8,5988000.0,748500.0,2,3,TODO: đặt tên nhóm 2
C02042,46,9,6498100.0,722011.1111111111,2,2,TODO: đặt tên nhóm 2
C02043,21,6,8819900.0,1469983.3333333333,3,2,TODO: đặt tên nhóm 3
C02044,9,10,6826550.0,682655.0,2,2,TODO: đặt tên nhóm 2
C02045,10,5,8901200.0,1780240.0,3,1,TODO: đặt tên nhóm 3
C02046,85,2,2200000.0,1100000.0,1,0,TODO: đặt tên nhóm 1
C02047,13,10,9631300.0,963130.0,0,2,TODO: đặt tên nhóm 0
C02048,60,9,7412050.0,823561.1111111111,2,3,TODO: đặt tên nhóm 2
C02049,44,6,6609650.0,1101608.3333333333,2,3,TODO: đặt tên nhóm 2
C02050,2,6,4636450.0,772741.6666666666,2,3,TODO: đặt tên nhóm 2
C02051,37,7,3725500.0,532214.2857142857,2,3,TODO: đặt tên nhóm 2
C02052,15,6,2475050.0,412508.3333333333,2,3,TODO: đặt tên nhóm 2
C02053,50,7,6527400.0,932485.7142857143,2,3,TODO: đặt tên nhóm 2
C02054,46,10,6477300.0,647730.0,2,2,TODO: đặt tên nhóm 2
C02055,18,10,8922600.0,892260.0,0,2,TODO: đặt tên nhóm 0
C02056,5,10,8105800.0,810580.0,0,2,TODO: đặt tên nhóm 0
C02057,12,8,6578700.0,822337.5,2,3,TODO: đặt tên nhóm 2
C02058,165,4,1585100.0,396275.0,1,0,TODO: đặt tên nhóm 1
C02059,11,9,8129700.0,903300.0,2,2,TODO: đặt tên nhóm 2
C02060,19,8,10825483.99850179,1353185.4998127238,3,2,TODO: đặt tên nhóm 3
C02061,99,4,5571000.0,1392750.0,3,1,TODO: đặt tên nhóm 3
C02062,14,11,11433500.0,1039409.0909090909,0,2,TODO: đặt tên nhóm 0
C02063,50,9,14154650.0,1572738.888888889,0,2,TODO: đặt tên nhóm 0
C02064,16,6,5936351.0,989391.8333333334,2,3,TODO: đặt tên nhóm 2
C02065,83,3,1764800.0,588266.6666666666,1,0,TODO: đặt tên nhóm 1
C02066,87,6,6345350.0,1057558.3333333333,2,3,TODO: đặt tên nhóm 2
C02067,18,6,4017850.0,669641.6666666666,2,3,TODO: đặt tên nhóm 2
C02068,34,8,4978050.0,622256.25,2,2,TODO: đặt tên nhóm 2
C02069,86,5,3697450.0,739490.0,2,3,TODO: đặt tên nhóm 2
C02070,63,5,4525000.0,905000.0,2,3,TODO: đặt tên nhóm 2
C02071,11,8,7481400.0,935175.0,2,3,TODO: đặt tên nhóm 2
C02072,99,9,7521750.0,835750.0,2,3,TODO: đặt tên nhóm 2
C02073,162,3,1519650.0,506550.0,1,0,TODO: đặt tên nhóm 1
C02074,39,8,13623350.0,1702918.75,3,2,TODO: đặt tên nhóm 3
C02075,1,10,9196450.0,919645.0,0,2,TODO: đặt tên nhóm 0
C02076,68,7,11863700.0,1694814.2857142857,3,1,TODO: đặt tên nhóm 3
C02077,65,11,8988600.0,817145.4545454546,0,2,TODO: đặt tên nhóm 0
C02078,12,7,7973000.0,1139000.0,2,2,TODO: đặt tên nhóm 2
C02079,3,3,5707000.0,1902333.3333333333,3,1,TODO: đặt tên nhóm 3
C02080,32,9,14722350.0,1635816.6666666667,0,2,TODO: đặt tên nhóm 0
C02081,91,4,9603600.0,2400900.0,3,1,TODO: đặt tên nhóm 3
C02082,31,13,25681176.0,1975475.076923077,0,2,TODO: đặt tên nhóm 0
C02083,19,5,4391300.0,878260.0,2,3,TODO: đặt tên nhóm 2
C02084,38,7,4986850.0,712407.1428571428,2,3,TODO: đặt tên nhóm 2
C02085,2,6,10385333.0,1730888.8333333333,3,1,TODO: đặt tên nhóm 3
C02086,25,9,6010100.0,667788.8888888889,2,2,TODO: đặt tên nhóm 2
C02087,6,6,5914800.0,985800.0,2,3,TODO: đặt tên nhóm 2
C02088,16,9,8913250.0,990361.1111111111,0,2,TODO: đặt tên nhóm 0
C02089,3,7,21211064.0,3030152.0,3,1,TODO: đặt tên nhóm 3
C02090,44,9,9512650.0,1056961.111111111,0,2,TODO: đặt tên nhóm 0
C02091,80,5,3802200.0,760440.0,2,3,TODO: đặt tên nhóm 2
C02092,2,9,20998404.0,2333156.0,0,2,TODO: đặt tên nhóm 0
C02093,10,9,11261150.0,1251238.888888889,0,2,TODO: đặt tên nhóm 0
C02094,132,7,6998250.0,999750.0,1,3,TODO: đặt tên nhóm 1
C02095,9,7,4312050.0,616007.1428571428,2,3,TODO: đặt tên nhóm 2
C02096,86,4,2629950.0,657487.5,2,0,TODO: đặt tên nhóm 2
C02097,10,6,2488200.0,414700.0,2,3,TODO: đặt tên nhóm 2
C02098,4,8,10375200.0,1296900.0,0,2,TODO: đặt tên nhóm 0
C02099,29,9,5687200.0,631911.1111111111,2,2,TODO: đặt tên nhóm 2
C02100,21,6,4400300.0,733383.3333333334,2,3,TODO: đặt tên nhóm 2
C02101,75,5,2643150.0,528630.0,2,3,TODO: đặt tên nhóm 2
C02102,39,4,2528050.0,632012.5,2,0,TODO: đặt tên nhóm 2
C02103,49,7,4303500.0,614785.7142857143,2,3,TODO: đặt tên nhóm 2
C02104,8,11,9409000.0,855363.6363636364,0,2,TODO: đặt tên nhóm 0
C02105,101,5,2153600.0,430720.0,1,3,TODO: đặt tên nhóm 1
C02106,59,7,8771250.0,1253035.7142857143,3,1,TODO: đặt tên nhóm 3
C02107,26,6,2352200.0,392033.3333333333,2,3,TODO: đặt tên nhóm 2
C02108,40,9,5081000.0,564555.5555555555,2,2,TODO: đặt tên nhóm 2
C02109,14,7,5540850.0,791550.0,2,3,TODO: đặt tên nhóm 2
C02110,99,3,2038400.0,679466.6666666666,1,0,TODO: đặt tên nhóm 1
C02111,41,3,1964000.0,654666.6666666666,2,0,TODO: đặt tên nhóm 2
C02112,71,8,12383400.0,1547925.0,3,1,TODO: đặt tên nhóm 3
C02113,3,9,11585959.522106372,1287328.835789597,0,2,TODO: đặt tên nhóm 0
C02114,35,6,6716200.0,1119366.6666666667,2,3,TODO: đặt tên nhóm 2
C02115,22,6,6057700.0,1009616.6666666666,2,3,TODO: đặt tên nhóm 2
C02116,23,7,4858350.0,694050.0,2,3,TODO: đặt tên nhóm 2
C02117,103,7,6669450.0,952778.5714285715,2,3,TODO: đặt tên nhóm 2
C02118,48,3,2397000.0,799000.0,2,0,TODO: đặt tên nhóm 2
C02119,59,3,1674550.0,558183.3333333334,2,0,TODO: đặt tên nhóm 2
C02120,10,6,6655900.0,1109316.6666666667,2,3,TODO: đặt tên nhóm 2
C02121,67,5,2338900.0,467780.0,2,3,TODO: đặt tên nhóm 2
C02122,2,4,3523050.0,880762.5,2,3,TODO: đặt tên nhóm 2
C02123,41,3,3398000.0,1132666.6666666667,2,0,TODO: đặt tên nhóm 2
C02124,66,6,7172650.0,1195441.6666666667,3,3,TODO: đặt tên nhóm 3
C02125,55,5,3495000.0,699000.0,2,3,TODO: đặt tên nhóm 2
C02126,56,7,5595050.0,799292.8571428572,2,3,TODO: đặt tên nhóm 2
C02127,28,9,8926800.0,991866.6666666666,2,2,TODO: đặt tên nhóm 2
C02128,69,6,5660250.0,943375.0,2,3,TODO: đặt tên nhóm 2
C02129,15,2,3860000.0,1930000.0,3,1,TODO: đặt tên nhóm 3
C02130,103,6,5265350.0,877558.3333333334,2,3,TODO: đặt tên nhóm 2
C02131,108,4,3543450.0,885862.5,1,3,TODO: đặt tên nhóm 1
C02132,79,11,5758400.0,523490.9090909091,2,2,TODO: đặt tên nhóm 2
C02133,5,8,4446900.0,555862.5,2,2,TODO: đặt tên nhóm 2
C02134,18,5,5148200.0,1029640.0,2,3,TODO: đặt tên nhóm 2
C02135,60,9,18454850.0,2050538.888888889,3,1,TODO: đặt tên nhóm 3
C02136,8,11,12873250.0,1170295.4545454546,0,2,TODO: đặt tên nhóm 0
C02137,60,6,5769000.0,961500.0,2,3,TODO: đặt tên nhóm 2
C02138,37,7,3525200.0,503600.0,2,2,TODO: đặt tên nhóm 2
C02139,10,8,9306500.0,1163312.5,2,2,TODO: đặt tên nhóm 2
C02140,16,5,3993750.0,798750.0,2,3,TODO: đặt tên nhóm 2
C02141,71,13,10556750.0,812057.6923076923,0,2,TODO: đặt tên nhóm 0
C02142,9,4,3271400.0,817850.0,2,3,TODO: đặt tên nhóm 2
C02143,10,8,5380300.0,672537.5,2,2,TODO: đặt tên nhóm 2
C02144,84,6,7674700.0,1279116.6666666667,3,3,TODO: đặt tên nhóm 3
C02145,122,9,13418850.0,1490983.3333333333,3,1,TODO: đặt tên nhóm 3
C02146,128,3,1131950.0,377316.6666666667,1,0,TODO: đặt tên nhóm 1
C02147,25,5,8343000.0,1668600.0,3,1,TODO: đặt tên nhóm 3
C02148,1,10,8449150.0,844915.0,0,2,TODO: đặt tên nhóm 0
C02149,21,7,6825400.0,975057.1428571428,2,3,TODO: đặt tên nhóm 2
C02150,2,2,1274150.0,637075.0,2,0,TODO: đặt tên nhóm 2
C02151,27,4,2804550.0,701137.5,2,3,TODO: đặt tên nhóm 2
C02152,2,4,2779450.0,694862.5,2,0,TODO: đặt tên nhóm 2
C02153,31,3,1181250.0,393750.0,2,0,TODO: đặt tên nhóm 2
C02154,17,6,6579847.0,1096641.1666666667,2,3,TODO: đặt tên nhóm 2
C02155,268,1,508000.0,508000.0,1,0,TODO: đặt tên nhóm 1
C02156,76,6,4879328.0,813221.3333333334,2,3,TODO: đặt tên nhóm 2
C02157,24,5,3462100.0,692420.0,2,3,TODO: đặt tên nhóm 2
C02158,31,9,9712650.0,1079183.3333333333,0,2,TODO: đặt tên nhóm 0
C02159,23,14,12466050.0,890432.1428571428,0,2,TODO: đặt tên nhóm 0
C02160,120,8,8380400.0,1047550.0,3,1,TODO: đặt tên nhóm 3
C02161,45,8,7531950.0,941493.75,2,3,TODO: đặt tên nhóm 2
C02162,76,4,3556100.0,889025.0,2,3,TODO: đặt tên nhóm 2
C02163,71,7,4718800.0,674114.2857142857,2,3,TODO: đặt tên nhóm 2
C02164,175,3,1386200.0,462066.6666666667,1,0,TODO: đặt tên nhóm 1
C02165,6,4,3977000.0,994250.0,2,3,TODO: đặt tên nhóm 2
C02166,29,7,8472200.0,1210314.2857142857,3,2,TODO: đặt tên nhóm 3
C02167,7,8,7084800.0,885600.0,2,3,TODO: đặt tên nhóm 2
C02168,289,2,1010450.0,505225.0,1,0,TODO: đặt tên nhóm 1
C02169,8,10,31359320.62989738,3135932.062989738,0,2,TODO: đặt tên nhóm 0
C02170,74,9,10379750.0,1153305.5555555555,0,1,TODO: đặt tên nhóm 0
C02171,101,6,8135000.0,1355833.3333333333,3,3,TODO: đặt tên nhóm 3
C02172,36,6,2820000.0,470000.0,2,3,TODO: đặt tên nhóm 2
C02173,5,8,7962700.0,995337.5,2,2,TODO: đặt tên nhóm 2
C02174,103,9,7868400.0,874266.6666666666,2,3,TODO: đặt tên nhóm 2
C02175,35,7,5667800.0,809685.7142857143,2,3,TODO: đặt tên nhóm 2
C02176,17,9,11003350.0,1222594.4444444445,0,2,TODO: đặt tên nhóm 0
C02177,107,3,6376150.0,2125383.3333333335,3,1,TODO: đặt tên nhóm 3
C02178,11,9,7260800.0,806755.5555555555,2,2,TODO: đặt tên nhóm 2
C02179,5,9,9623397.0,1069266.3333333333,0,2,TODO: đặt tên nhóm 0
C02180,76,4,3005000.0,751250.0,2,3,TODO: đặt tên nhóm 2
C02181,27,8,3414950.0,426868.75,2,2,TODO: đặt tên nhóm 2
C02182,64,8,5149800.0,643725.0,2,3,TODO: đặt tên nhóm 2
C02183,19,5,9398250.0,1879650.0,3,1,TODO: đặt tên nhóm 3
C02184,33,12,10646250.0,887187.5,0,2,TODO: đặt tên nhóm 0
C02185,35,6,8505700.0,1417616.6666666667,3,2,TODO: đặt tên nhóm 3
C02186,9,9,4114250.0,457138.8888888889,2,2,TODO: đặt tên nhóm 2
C02187,73,5,2852300.0,570460.0,2,3,TODO: đặt tên nhóm 2
C02188,42,3,4697700.0,1565900.0,3,1,TODO: đặt tên nhóm 3
C02189,103,5,3245200.0,649040.0,1,3,TODO: đặt tên nhóm 1
C02190,61,2,337500.0,168750.0,2,0,TODO: đặt tên nhóm 2
C02191,66,7,11247250.0,1606750.0,3,1,TODO: đặt tên nhóm 3
C02192,46,9,9131900.0,1014655.5555555555,0,2,TODO: đặt tên nhóm 0
C02193,60,5,9053850.0,1810770.0,3,1,TODO: đặt tên nhóm 3
C02194,23,3,4611000.0,1537000.0,3,2,TODO: đặt tên nhóm 3
C02195,8,7,6793050.0,970435.7142857143,2,3,TODO: đặt tên nhóm 2
C02196,108,5,3017500.0,603500.0,1,3,TODO: đặt tên nhóm 1
C02197,65,5,4876450.0,975290.0,2,3,TODO: đặt tên nhóm 2
C02198,86,4,4679200.0,1169800.0,2,3,TODO: đặt tên nhóm 2
C02199,19,6,16449729.0,2741621.5,3,1,TODO: đặt tên nhóm 3
C02200,83,3,2615050.0,871683.3333333334,2,0,TODO: đặt tên nhóm 2
C02201,17,5,6094700.0,1218940.0,2,3,TODO: đặt tên nhóm 2
C02202,108,6,9420050.0,1570008.3333333333,3,1,TODO: đặt tên nhóm 3
C02203,11,6,8572500.0,1428750.0,3,2,TODO: đặt tên nhóm 3
C02204,13,8,8857800.0,1107225.0,2,2,TODO: đặt tên nhóm 2
C02205,16,6,10947200.0,1824533.3333333333,3,1,TODO: đặt tên nhóm 3
C02206,10,7,8213000.0,1173285.7142857143,2,2,TODO: đặt tên nhóm 2
C02207,16,7,10292750.0,1470392.857142857,3,2,TODO: đặt tên nhóm 3
C02208,6,8,6320050.0,790006.25,2,3,TODO: đặt tên nhóm 2
C02209,9,11,11771950.0,1070177.2727272727,0,2,TODO: đặt tên nhóm 0
C02210,139,9,8751500.0,972388.8888888889,1,1,TODO: đặt tên nhóm 1
C02211,39,2,723000.0,361500.0,2,0,TODO: đặt tên nhóm 2
C02212,52,6,3381600.0,563600.0,2,3,TODO: đặt tên nhóm 2
C02213,4,8,9246600.0,1155825.0,2,2,TODO: đặt tên nhóm 2
C02214,7,13,13634250.0,1048788.4615384615,0,2,TODO: đặt tên nhóm 0
C02215,216,3,1149000.0,383000.0,1,0,TODO: đặt tên nhóm 1
C02216,5,8,6473650.0,809206.25,2,3,TODO: đặt tên nhóm 2
C02217,95,10,8511750.0,851175.0,2,3,TODO: đặt tên nhóm 2
C02218,137,5,6262600.0,1252520.0,1,3,TODO: đặt tên nhóm 1
C02219,101,6,9029100.0,1504850.0,3,1,TODO: đặt tên nhóm 3
C02220,60,11,19583900.0,1780354.5454545454,0,2,TODO: đặt tên nhóm 0
C02221,2,8,7166000.0,895750.0,2,3,TODO: đặt tên nhóm 2
C02222,6,5,7308000.0,1461600.0,3,3,TODO: đặt tên nhóm 3
C02223,70,8,15652431.0,1956553.875,3,1,TODO: đặt tên nhóm 3
C02224,20,8,9025000.0,1128125.0,2,2,TODO: đặt tên nhóm 2
C02225,10,11,13580950.0,1234631.8181818181,0,2,TODO: đặt tên nhóm 0
C02226,17,8,8494450.0,1061806.25,2,2,TODO: đặt tên nhóm 2
C02227,88,9,6577800.0,730866.6666666666,2,3,TODO: đặt tên nhóm 2
C02228,92,2,1400000.0,700000.0,1,0,TODO: đặt tên nhóm 1
C02229,14,12,12258900.0,1021575.0,0,2,TODO: đặt tên nhóm 0
C02230,5,6,6511250.0,1085208.3333333333,2,3,TODO: đặt tên nhóm 2
C02231,33,9,10191250.0,1132361.111111111,0,2,TODO: đặt tên nhóm 0
C02232,49,8,28131489.0,3516436.125,3,1,TODO: đặt tên nhóm 3
C02233,90,6,6913200.0,1152200.0,3,3,TODO: đặt tên nhóm 3
C02234,23,8,10834150.0,1354268.75,3,2,TODO: đặt tên nhóm 3
C02235,4,12,20274600.0,1689550.0,0,2,TODO: đặt tên nhóm 0
C02236,52,4,2987650.0,746912.5,2,3,TODO: đặt tên nhóm 2
C02237,132,6,3657600.0,609600.0,1,3,TODO: đặt tên nhóm 1
C02238,12,12,13747650.0,1145637.5,0,2,TODO: đặt tên nhóm 0
C02239,25,8,9790700.0,1223837.5,3,2,TODO: đặt tên nhóm 3
C02240,153,4,5762450.0,1440612.5,1,1,TODO: đặt tên nhóm 1
C02241,12,8,10630250.0,1328781.25,3,2,TODO: đặt tên nhóm 3
C02242,43,9,8119400.0,902155.5555555555,2,2,TODO: đặt tên nhóm 2
C02243,85,9,7273250.0,808138.8888888889,2,3,TODO: đặt tên nhóm 2
C02244,24,12,11618100.0,968175.0,0,2,TODO: đặt tên nhóm 0
C02245,21,10,8144400.0,814440.0,2,2,TODO: đặt tên nhóm 2
C02246,97,12,9934750.0,827895.8333333334,0,1,TODO: đặt tên nhóm 0
C02247,28,12,14471900.0,1205991.6666666667,0,2,TODO: đặt tên nhóm 0
C02248,29,4,2745700.0,686425.0,2,0,TODO: đặt tên nhóm 2
C02249,34,10,6377700.0,637770.0,2,2,TODO: đặt tên nhóm 2
C02250,18,6,5211300.0,868550.0,2,3,TODO: đặt tên nhóm 2
C02251,27,4,4887100.0,1221775.0,2,3,TODO: đặt tên nhóm 2
C02252,64,6,8289600.0,1381600.0,3,3,TODO: đặt tên nhóm 3
C02253,45,8,4943400.0,617925.0,2,2,TODO: đặt tên nhóm 2
C02254,9,9,9358800.0,1039866.6666666666,0,2,TODO: đặt tên nhóm 0
C02255,3,8,4190100.0,523762.5,2,2,TODO: đặt tên nhóm 2
C02256,104,6,10449050.0,1741508.3333333333,3,1,TODO: đặt tên nhóm 3
C02257,2,8,8042800.0,1005350.0,2,2,TODO: đặt tên nhóm 2
C02258,5,6,7200000.0,1200000.0,2,3,TODO: đặt tên nhóm 2
C02259,66,6,8466400.0,1411066.6666666667,3,3,TODO: đặt tên nhóm 3
C02260,141,2,1157000.0,578500.0,1,0,TODO: đặt tên nhóm 1
C02261,18,11,5866850.0,533350.0,2,2,TODO: đặt tên nhóm 2
C02262,34,8,11572504.0,1446563.0,3,2,TODO: đặt tên nhóm 3
C02263,12,4,2071000.0,517750.0,2,0,TODO: đặt tên nhóm 2
C02264,86,3,3276000.0,1092000.0,2,0,TODO: đặt tên nhóm 2
C02265,21,9,4198350.0,466483.3333333333,2,2,TODO: đặt tên nhóm 2
C02266,80,4,2003950.0,500987.5,2,0,TODO: đặt tên nhóm 2
C02267,22,6,7568600.0,1261433.3333333333,3,3,TODO: đặt tên nhóm 3
C02268,93,5,11427200.0,2285440.0,3,1,TODO: đặt tên nhóm 3
C02269,46,8,3830950.0,478868.75,2,2,TODO: đặt tên nhóm 2
C02270,2,6,3057300.0,509550.0,2,3,TODO: đặt tên nhóm 2
C02271,157,5,3131500.0,626300.0,1,3,TODO: đặt tên nhóm 1
C02272,24,6,8343345.0,1390557.5,3,2,TODO: đặt tên nhóm 3
C02273,98,7,4212100.0,601728.5714285715,2,3,TODO: đặt tên nhóm 2
C02274,63,6,4472500.0,745416.6666666666,2,3,TODO: đặt tên nhóm 2
C02275,202,5,2973700.0,594740.0,1,0,TODO: đặt tên nhóm 1
C02276,11,5,8904200.0,1780840.0,3,1,TODO: đặt tên nhóm 3
C02277,29,6,7261050.0,1210175.0,2,3,TODO: đặt tên nhóm 2
C02278,114,4,2092600.0,523150.0,1,0,TODO: đặt tên nhóm 1
C02279,14,7,6366150.0,909450.0,2,3,TODO: đặt tên nhóm 2
C02280,31,5,3764750.0,752950.0,2,3,TODO: đặt tên nhóm 2
C02281,24,2,584000.0,292000.0,2,0,TODO: đặt tên nhóm 2
C02282,67,5,6714800.0,1342960.0,3,3,TODO: đặt tên nhóm 3
C02283,46,8,9535400.0,1191925.0,3,2,TODO: đặt tên nhóm 3
C02284,9,4,2263150.0,565787.5,2,0,TODO: đặt tên nhóm 2
C02285,14,4,1610700.0,402675.0,2,0,TODO: đặt tên nhóm 2
C02286,49,9,10983950.0,1220438.888888889,0,2,TODO: đặt tên nhóm 0
C02287,30,2,943000.0,471500.0,2,0,TODO: đặt tên nhóm 2
C02288,15,4,3957000.0,989250.0,2,3,TODO: đặt tên nhóm 2
C02289,10,9,6568900.0,729877.7777777778,2,2,TODO: đặt tên nhóm 2
C02290,11,9,15396000.0,1710666.6666666667,0,2,TODO: đặt tên nhóm 0
C02291,51,5,7434800.0,1486960.0,3,3,TODO: đặt tên nhóm 3
C02292,121,6,5170000.0,861666.6666666666,1,3,TODO: đặt tên nhóm 1
C02293,13,7,7797750.0,1113964.2857142857,2,2,TODO: đặt tên nhóm 2
C02294,10,9,10250050.0,1138894.4444444445,0,2,TODO: đặt tên nhóm 0
C02295,3,8,13794850.0,1724356.25,3,2,TODO: đặt tên nhóm 3
C02296,78,5,15778503.0,3155700.6,3,1,TODO: đặt tên nhóm 3
C02297,58,10,10073100.0,1007310.0,0,2,TODO: đặt tên nhóm 0
C02298,77,8,8239300.0,1029912.5,2,3,TODO: đặt tên nhóm 2
C02299,18,7,5412400.0,773200.0,2,3,TODO: đặt tên nhóm 2
C02300,40,8,7580000.0,947500.0,2,3,TODO: đặt tên nhóm 2
C02301,91,11,29546415.09284193,2686037.7357129026,0,1,TODO: đặt tên nhóm 0
C02302,4,7,3203900.0,457700.0,2,2,TODO: đặt tên nhóm 2
C02303,1,5,2966250.0,593250.0,2,3,TODO: đặt tên nhóm 2
C02304,77,6,5808350.0,968058.3333333334,2,3,TODO: đặt tên nhóm 2
C02305,139,3,2724100.0,908033.3333333334,1,0,TODO: đặt tên nhóm 1
C02306,130,3,1212550.0,404183.3333333333,1,0,TODO: đặt tên nhóm 1
C02307,8,8,14440300.0,1805037.5,3,2,TODO: đặt tên nhóm 3
C02308,104,4,5161000.0,1290250.0,3,1,TODO: đặt tên nhóm 3
C02309,9,9,14526800.0,1614088.888888889,0,2,TODO: đặt tên nhóm 0
C02310,10,5,3253600.0,650720.0,2,3,TODO: đặt tên nhóm 2
C02311,224,2,990000.0,495000.0,1,0,TODO: đặt tên nhóm 1
C02312,2,6,6206000.0,1034333.3333333334,2,3,TODO: đặt tên nhóm 2
C02313,145,1,9648311.0,9648311.0,3,1,TODO: đặt tên nhóm 3
C02314,3,11,12613400.0,1146672.7272727273,0,2,TODO: đặt tên nhóm 0
C02315,16,8,7980250.0,997531.25,2,2,TODO: đặt tên nhóm 2
C02316,12,7,6040900.0,862985.7142857143,2,3,TODO: đặt tên nhóm 2
C02317,7,12,12036941.0,1003078.4166666666,0,2,TODO: đặt tên nhóm 0
C02318,30,7,5832300.0,833185.7142857143,2,3,TODO: đặt tên nhóm 2
C02319,108,2,1759800.0,879900.0,1,0,TODO: đặt tên nhóm 1
C02320,17,8,6687300.0,835912.5,2,3,TODO: đặt tên nhóm 2
C02321,29,9,6864050.0,762672.2222222222,2,2,TODO: đặt tên nhóm 2
C02322,10,6,9611200.0,1601866.6666666667,3,2,TODO: đặt tên nhóm 3
C02323,93,5,6645549.0,1329109.8,3,3,TODO: đặt tên nhóm 3
C02324,25,7,23167529.0,3309647.0,3,1,TODO: đặt tên nhóm 3
C02325,64,6,5454800.0,909133.3333333334,2,3,TODO: đặt tên nhóm 2
C02326,61,5,5657700.0,1131540.0,2,3,TODO: đặt tên nhóm 2
C02327,11,5,4983450.0,996690.0,2,3,TODO: đặt tên nhóm 2
C02328,1,6,7630350.0,1271725.0,2,3,TODO: đặt tên nhóm 2
C02329,67,6,7070600.0,1178433.3333333333,3,3,TODO: đặt tên nhóm 3
C02330,14,7,7540300.0,1077185.7142857143,2,3,TODO: đặt tên nhóm 2
C02331,3,12,14054000.0,1171166.6666666667,0,2,TODO: đặt tên nhóm 0
C02332,28,7,2699600.0,385657.14285714284,2,2,TODO: đặt tên nhóm 2
C02333,22,10,10565950.0,1056595.0,0,2,TODO: đặt tên nhóm 0
C02334,3,7,4845600.0,692228.5714285715,2,3,TODO: đặt tên nhóm 2
C02335,29,9,3248850.0,360983.3333333333,2,2,TODO: đặt tên nhóm 2
C02336,60,10,10599700.0,1059970.0,0,2,TODO: đặt tên nhóm 0
C02337,46,4,2958000.0,739500.0,2,3,TODO: đặt tên nhóm 2
C02338,39,6,2546050.0,424341.6666666667,2,3,TODO: đặt tên nhóm 2
C02339,11,10,10415950.0,1041595.0,0,2,TODO: đặt tên nhóm 0
C02340,59,4,4245450.0,1061362.5,2,3,TODO: đặt tên nhóm 2
C02341,100,7,9768400.0,1395485.7142857143,3,1,TODO: đặt tên nhóm 3
C02342,53,2,2059300.0,1029650.0,2,0,TODO: đặt tên nhóm 2
C02343,37,2,1651000.0,825500.0,2,0,TODO: đặt tên nhóm 2
C02344,8,7,23602210.0,3371744.285714286,3,1,TODO: đặt tên nhóm 3
C02345,25,4,6768950.0,1692237.5,3,1,TODO: đặt tên nhóm 3
C02346,15,7,12061650.0,1723092.857142857,3,2,TODO: đặt tên nhóm 3
C02347,94,3,1949100.0,649700.0,1,0,TODO: đặt tên nhóm 1
C02348,28,4,4154850.0,1038712.5,2,3,TODO: đặt tên nhóm 2
C02349,21,7,5659250.0,808464.2857142857,2,3,TODO: đặt tên nhóm 2
C02350,190,4,3899000.0,974750.0,1,3,TODO: đặt tên nhóm 1
C02351,121,9,4839900.0,537766.6666666666,1,1,TODO: đặt tên nhóm 1
C02352,18,4,3440000.0,860000.0,2,3,TODO: đặt tên nhóm 2
C02353,18,8,8613450.0,1076681.25,2,2,TODO: đặt tên nhóm 2
C02354,4,9,3566600.0,396288.8888888889,2,2,TODO: đặt tên nhóm 2
C02355,27,5,10092650.0,2018530.0,3,1,TODO: đặt tên nhóm 3
C02356,41,8,8011250.0,1001406.25,2,2,TODO: đặt tên nhóm 2
C02357,13,7,6104050.0,872007.1428571428,2,3,TODO: đặt tên nhóm 2
C02358,44,10,16888650.0,1688865.0,0,2,TODO: đặt tên nhóm 0
C02359,26,4,4343400.0,1085850.0,2,3,TODO: đặt tên nhóm 2
C02360,6,6,2409800.0,401633.3333333333,2,3,TODO: đặt tên nhóm 2
C02361,39,7,6463800.0,923400.0,2,3,TODO: đặt tên nhóm 2
C02362,4,6,13578550.0,2263091.6666666665,3,1,TODO: đặt tên nhóm 3
C02363,33,7,3873400.0,553342.8571428572,2,3,TODO: đặt tên nhóm 2
C02364,50,9,7679250.0,853250.0,2,3,TODO: đặt tên nhóm 2
C02365,10,7,8078000.0,1154000.0,2,2,TODO: đặt tên nhóm 2
C02366,12,5,4042900.0,808580.0,2,3,TODO: đặt tên nhóm 2
C02367,81,7,11275900.0,1610842.857142857,3,1,TODO: đặt tên nhóm 3
C02368,67,4,12909893.0,3227473.25,3,1,TODO: đặt tên nhóm 3
C02369,80,4,3583400.0,895850.0,2,3,TODO: đặt tên nhóm 2
C02370,56,5,4919000.0,983800.0,2,3,TODO: đặt tên nhóm 2
C02371,8,3,6565000.0,2188333.3333333335,3,1,TODO: đặt tên nhóm 3
C02372,75,7,5626400.0,803771.4285714285,2,3,TODO: đặt tên nhóm 2
C02373,17,7,7224950.0,1032135.7142857143,2,3,TODO: đặt tên nhóm 2
C02374,32,5,5664000.0,1132800.0,2,3,TODO: đặt tên nhóm 2
C02375,31,8,4743150.0,592893.75,2,2,TODO: đặt tên nhóm 2
C02376,21,6,25888381.0,4314730.166666667,3,1,TODO: đặt tên nhóm 3
C02377,2,4,1797700.0,449425.0,2,0,TODO: đặt tên nhóm 2
C02378,83,5,3794800.0,758960.0,2,3,TODO: đặt tên nhóm 2
C02379,17,5,5853900.0,1170780.0,2,3,TODO: đặt tên nhóm 2
C02380,24,6,5049450.0,841575.0,2,3,TODO: đặt tên nhóm 2
C02381,41,7,13070500.0,1867214.2857142857,3,1,TODO: đặt tên nhóm 3
C02382,79,2,271700.0,135850.0,1,0,TODO: đặt tên nhóm 1
C02383,6,7,7989950.0,1141421.4285714286,2,2,TODO: đặt tên nhóm 2
C02384,9,8,7332200.0,916525.0,2,3,TODO: đặt tên nhóm 2
C02385,74,5,4829950.0,965990.0,2,3,TODO: đặt tên nhóm 2
C02386,68,9,12787350.0,1420816.6666666667,0,1,TODO: đặt tên nhóm 0
C02387,158,6,4050200.0,675033.3333333334,1,3,TODO: đặt tên nhóm 1
C02388,5,4,7027150.0,1756787.5,3,1,TODO: đặt tên nhóm 3
C02389,5,9,9322850.0,1035872.2222222222,0,2,TODO: đặt tên nhóm 0
C02390,228,2,2922000.0,1461000.0,1,0,TODO: đặt tên nhóm 1
C02391,87,7,7891400.0,1127342.857142857,3,3,TODO: đặt tên nhóm 3
C02392,136,4,2009450.0,502362.5,1,0,TODO: đặt tên nhóm 1
C02393,31,5,5115600.0,1023120.0,2,3,TODO: đặt tên nhóm 2
C02394,35,7,5806200.0,829457.1428571428,2,3,TODO: đặt tên nhóm 2
C02395,26,6,2065900.0,344316.6666666667,2,3,TODO: đặt tên nhóm 2
C02396,4,6,3396000.0,566000.0,2,3,TODO: đặt tên nhóm 2
C02397,30,6,8306750.0,1384458.3333333333,3,3,TODO: đặt tên nhóm 3
C02398,24,9,9443300.0,1049255.5555555555,0,2,TODO: đặt tên nhóm 0
C02399,202,4,2790800.0,697700.0,1,0,TODO: đặt tên nhóm 1
C02400,1,7,11084432.0,1583490.2857142857,3,2,TODO: đặt tên nhóm 3
C02401,47,6,3467050.0,577841.6666666666,2,3,TODO: đặt tên nhóm 2
C02402,32,5,1888600.0,377720.0,2,3,TODO: đặt tên nhóm 2
C02403,59,3,2968650.0,989550.0,2,0,TODO: đặt tên nhóm 2
C02404,12,5,8407750.0,1681550.0,3,1,TODO: đặt tên nhóm 3
C02405,1,8,6887300.0,860912.5,2,3,TODO: đặt tên nhóm 2
C02406,4,11,9180550.0,834595.4545454546,0,2,TODO: đặt tên nhóm 0
C02407,12,6,2410650.0,401775.0,2,3,TODO: đặt tên nhóm 2
C02408,70,6,5072500.0,845416.6666666666,2,3,TODO: đặt tên nhóm 2
C02409,14,8,8339600.0,1042450.0,2,2,TODO: đặt tên nhóm 2
C02410,14,9,10574750.0,1174972.2222222222,0,2,TODO: đặt tên nhóm 0
C02411,10,5,5572200.0,1114440.0,2,3,TODO: đặt tên nhóm 2
C02412,3,8,7319900.0,914987.5,2,3,TODO: đặt tên nhóm 2
C02413,161,2,884000.0,442000.0,1,0,TODO: đặt tên nhóm 1
C02414,45,11,9502350.0,863850.0,0,2,TODO: đặt tên nhóm 0
C02415,60,3,2979350.0,993116.6666666666,2,0,TODO: đặt tên nhóm 2
C02416,94,7,8887434.0,1269633.4285714286,3,1,TODO: đặt tên nhóm 3
C02417,15,5,5411900.0,1082380.0,2,3,TODO: đặt tên nhóm 2
C02418,103,9,10015800.0,1112866.6666666667,3,1,TODO: đặt tên nhóm 3
C02419,106,4,2537900.0,634475.0,1,0,TODO: đặt tên nhóm 1
C02420,29,7,4970500.0,710071.4285714285,2,3,TODO: đặt tên nhóm 2
C02421,9,4,2557000.0,639250.0,2,0,TODO: đặt tên nhóm 2
C02422,38,8,5183100.0,647887.5,2,2,TODO: đặt tên nhóm 2
C02423,88,5,2294350.0,458870.0,2,3,TODO: đặt tên nhóm 2
C02424,4,7,5815200.0,830742.8571428572,2,3,TODO: đặt tên nhóm 2
C02425,69,7,4022600.0,574657.1428571428,2,3,TODO: đặt tên nhóm 2
C02426,3,5,6317850.0,1263570.0,2,3,TODO: đặt tên nhóm 2
C02427,18,6,6887750.0,1147958.3333333333,2,3,TODO: đặt tên nhóm 2
C02428,5,9,8057700.0,895300.0,2,2,TODO: đặt tên nhóm 2
C02429,97,2,1111900.0,555950.0,1,0,TODO: đặt tên nhóm 1
C02430,136,5,4216600.0,843320.0,1,3,TODO: đặt tên nhóm 1
C02431,31,6,9128800.0,1521466.6666666667,3,2,TODO: đặt tên nhóm 3
C02432,2,5,2653300.0,530660.0,2,3,TODO: đặt tên nhóm 2
C02433,126,4,2397750.0,599437.5,1,0,TODO: đặt tên nhóm 1
C02434,5,5,4804400.0,960880.0,2,3,TODO: đặt tên nhóm 2
C02435,10,7,2817850.0,402550.0,2,2,TODO: đặt tên nhóm 2
C02436,29,2,3976700.0,1988350.0,3,1,TODO: đặt tên nhóm 3
C02437,10,6,3734450.0,622408.3333333334,2,3,TODO: đặt tên nhóm 2
C02438,17,3,2518450.0,839483.3333333334,2,0,TODO: đặt tên nhóm 2
C02439,82,6,4389400.0,731566.6666666666,2,3,TODO: đặt tên nhóm 2
C02440,53,10,12644150.0,1264415.0,0,2,TODO: đặt tên nhóm 0
C02441,156,5,9502068.0,1900413.6,3,1,TODO: đặt tên nhóm 3
C02442,44,4,6083000.0,1520750.0,3,1,TODO: đặt tên nhóm 3
C02443,78,5,1752650.0,350530.0,2,3,TODO: đặt tên nhóm 2
C02444,17,7,5032000.0,718857.1428571428,2,3,TODO: đặt tên nhóm 2
C02445,55,7,13566400.0,1938057.142857143,3,1,TODO: đặt tên nhóm 3
C02446,66,4,2561800.0,640450.0,2,0,TODO: đặt tên nhóm 2
C02447,1,4,1419400.0,354850.0,2,0,TODO: đặt tên nhóm 2
C02448,4,3,4772850.0,1590950.0,3,1,TODO: đặt tên nhóm 3
C02449,29,5,4589350.0,917870.0,2,3,TODO: đặt tên nhóm 2
C02450,107,7,8372750.0,1196107.142857143,3,1,TODO: đặt tên nhóm 3
C02451,19,9,8341650.0,926850.0,2,2,TODO: đặt tên nhóm 2
C02452,32,6,9067500.0,1511250.0,3,2,TODO: đặt tên nhóm 3
C02453,76,5,3453000.0,690600.0,2,3,TODO: đặt tên nhóm 2
C02454,46,7,6198150.0,885450.0,2,3,TODO: đặt tên nhóm 2
C02455,76,6,9086000.0,1514333.3333333333,3,1,TODO: đặt tên nhóm 3
C02456,23,11,11767004.0,1069727.6363636365,0,2,TODO: đặt tên nhóm 0
C02457,7,4,4614250.0,1153562.5,2,3,TODO: đặt tên nhóm 2
C02458,9,10,9052000.0,905200.0,0,2,TODO: đặt tên nhóm 0
C02459,13,6,4152200.0,692033.3333333334,2,3,TODO: đặt tên nhóm 2
C02460,13,5,3308000.0,661600.0,2,3,TODO: đặt tên nhóm 2
C02461,49,8,5200150.0,650018.75,2,2,TODO: đặt tên nhóm 2
C02462,45,6,8936900.0,1489483.3333333333,3,1,TODO: đặt tên nhóm 3
C02463,25,7,5871050.0,838721.4285714285,2,3,TODO: đặt tên nhóm 2
C02464,56,10,14761150.0,1476115.0,0,2,TODO: đặt tên nhóm 0
C02465,40,7,10015200.0,1430742.857142857,3,2,TODO: đặt tên nhóm 3
C02466,166,4,2909950.0,727487.5,1,0,TODO: đặt tên nhóm 1
C02467,34,8,7487500.0,935937.5,2,3,TODO: đặt tên nhóm 2
C02468,34,3,5577000.0,1859000.0,3,1,TODO: đặt tên nhóm 3
C02469,71,4,2674000.0,668500.0,2,0,TODO: đặt tên nhóm 2
C02470,59,3,1578700.0,526233.3333333334,2,0,TODO: đặt tên nhóm 2
C02471,24,5,8196700.0,1639340.0,3,1,TODO: đặt tên nhóm 3
C02472,1,5,4493250.0,898650.0,2,3,TODO: đặt tên nhóm 2
C02473,134,6,6927750.0,1154625.0,1,3,TODO: đặt tên nhóm 1
C02474,23,7,4596800.0,656685.7142857143,2,3,TODO: đặt tên nhóm 2
C02475,60,5,4604600.0,920920.0,2,3,TODO: đặt tên nhóm 2
C02476,108,4,1408700.0,352175.0,1,0,TODO: đặt tên nhóm 1
C02477,119,4,2454000.0,613500.0,1,0,TODO: đặt tên nhóm 1
C02478,51,3,4507750.0,1502583.3333333333,3,1,TODO: đặt tên nhóm 3
C02479,11,6,2966400.0,494400.0,2,3,TODO: đặt tên nhóm 2
C02480,58,4,3391600.0,847900.0,2,3,TODO: đặt tên nhóm 2
C02481,16,9,4271350.0,474594.44444444444,2,2,TODO: đặt tên nhóm 2
C02482,28,7,10558700.0,1508385.7142857143,3,2,TODO: đặt tên nhóm 3
C02483,65,9,8634000.0,959333.3333333334,2,3,TODO: đặt tên nhóm 2
C02484,27,4,3268100.0,817025.0,2,3,TODO: đặt tên nhóm 2
C02485,20,13,9891700.0,760900.0,0,2,TODO: đặt tên nhóm 0
C02486,34,6,3323650.0,553941.6666666666,2,3,TODO: đặt tên nhóm 2
C02487,84,6,9134700.0,1522450.0,3,1,TODO: đặt tên nhóm 3
C02488,1,6,5688250.0,948041.6666666666,2,3,TODO: đặt tên nhóm 2
C02489,33,4,4463600.0,1115900.0,2,3,TODO: đặt tên nhóm 2
C02490,1,9,5856050.0,650672.2222222222,2,2,TODO: đặt tên nhóm 2
C02491,68,8,5117600.0,639700.0,2,3,TODO: đặt tên nhóm 2
C02492,13,7,12217450.0,1745350.0,3,2,TODO: đặt tên nhóm 3
C02493,155,4,2700950.0,675237.5,1,0,TODO: đặt tên nhóm 1
C02494,75,3,6867950.0,2289316.6666666665,3,1,TODO: đặt tên nhóm 3
C02495,4,9,9675150.0,1075016.6666666667,0,2,TODO: đặt tên nhóm 0
C02496,10,8,7723238.0,965404.75,2,2,TODO: đặt tên nhóm 2
C02497,95,6,3340800.0,556800.0,2,3,TODO: đặt tên nhóm 2
C02498,41,8,6514650.0,814331.25,2,3,TODO: đặt tên nhóm 2
C02499,10,5,4532000.0,906400.0,2,3,TODO: đặt tên nhóm 2
C02500,117,8,13230600.0,1653825.0,3,1,TODO: đặt tên nhóm 3
C02501,73,5,3966900.0,793380.0,2,3,TODO: đặt tên nhóm 2
C02502,15,3,2484150.0,828050.0,2,0,TODO: đặt tên nhóm 2
C02503,79,5,2176750.0,435350.0,2,3,TODO: đặt tên nhóm 2
C02504,2,6,4430600.0,738433.3333333334,2,3,TODO: đặt tên nhóm 2
C02505,16,4,5069250.0,1267312.5,2,2,TODO: đặt tên nhóm 2
C02506,104,4,3036950.0,759237.5,1,3,TODO: đặt tên nhóm 1
C02507,33,4,3503000.0,875750.0,2,3,TODO: đặt tên nhóm 2
C02508,11,7,8904100.0,1272014.2857142857,3,2,TODO: đặt tên nhóm 3
C02509,39,3,1545200.0,515066.6666666667,2,0,TODO: đặt tên nhóm 2
C02510,15,4,6161050.0,1540262.5,3,2,TODO: đặt tên nhóm 3
C02511,66,6,21745913.770121202,3624318.961686867,3,1,TODO: đặt tên nhóm 3
C02512,21,3,4467200.0,1489066.6666666667,3,2,TODO: đặt tên nhóm 3
C02513,12,3,3310000.0,1103333.3333333333,2,0,TODO: đặt tên nhóm 2
C02514,27,9,10888400.0,1209822.2222222222,0,2,TODO: đặt tên nhóm 0
C02515,31,8,5313500.0,664187.5,2,2,TODO: đặt tên nhóm 2
C02517,64,3,1599400.0,533133.3333333334,2,0,TODO: đặt tên nhóm 2
C02518,34,3,2169350.0,723116.6666666666,2,0,TODO: đặt tên nhóm 2
C02519,1,4,3627000.0,906750.0,2,3,TODO: đặt tên nhóm 2
C02520,41,6,3847700.0,641283.3333333334,2,3,TODO: đặt tên nhóm 2
C02521,4,8,8012250.0,1001531.25,2,2,TODO: đặt tên nhóm 2
C02522,10,6,4250200.0,708366.6666666666,2,3,TODO: đặt tên nhóm 2
C02523,6,9,5992150.0,665794.4444444445,2,2,TODO: đặt tên nhóm 2
C02524,61,12,13250900.0,1104241.6666666667,0,2,TODO: đặt tên nhóm 0
C02525,5,9,7348400.0,816488.8888888889,2,2,TODO: đặt tên nhóm 2
C02526,112,4,1846000.0,461500.0,1,0,TODO: đặt tên nhóm 1
C02527,69,10,24633504.0,2463350.4,3,1,TODO: đặt tên nhóm 3
C02528,6,3,5793000.0,1931000.0,3,1,TODO: đặt tên nhóm 3
C02529,27,5,2472700.0,494540.0,2,3,TODO: đặt tên nhóm 2
C02530,81,5,7704400.0,1540880.0,3,3,TODO: đặt tên nhóm 3
C02531,44,4,2104000.0,526000.0,2,0,TODO: đặt tên nhóm 2
C02532,3,6,3932100.0,655350.0,2,3,TODO: đặt tên nhóm 2
C02533,23,11,7910200.0,719109.0909090909,0,2,TODO: đặt tên nhóm 0
C02534,134,2,524900.0,262450.0,1,0,TODO: đặt tên nhóm 1
C02535,128,2,2686000.0,1343000.0,1,0,TODO: đặt tên nhóm 1
C02536,8,9,11641350.0,1293483.3333333333,0,2,TODO: đặt tên nhóm 0
C02537,27,6,7331100.0,1221850.0,2,3,TODO: đặt tên nhóm 2
C02538,237,4,8903400.0,2225850.0,3,1,TODO: đặt tên nhóm 3
C02539,40,8,5764100.0,720512.5,2,3,TODO: đặt tên nhóm 2
C02540,47,5,2838900.0,567780.0,2,3,TODO: đặt tên nhóm 2
C02541,180,3,2782250.0,927416.6666666666,1,0,TODO: đặt tên nhóm 1
C02542,16,9,8672150.0,963572.2222222222,2,2,TODO: đặt tên nhóm 2
C02543,23,5,4642250.0,928450.0,2,3,TODO: đặt tên nhóm 2
C02544,34,6,4563350.0,760558.3333333334,2,3,TODO: đặt tên nhóm 2
C02545,22,10,12302400.0,1230240.0,0,2,TODO: đặt tên nhóm 0
C02546,7,5,4132750.0,826550.0,2,3,TODO: đặt tên nhóm 2
C02547,7,8,6545650.0,818206.25,2,3,TODO: đặt tên nhóm 2
C02548,11,3,5706000.0,1902000.0,3,1,TODO: đặt tên nhóm 3
C02549,7,9,6732050.0,748005.5555555555,2,2,TODO: đặt tên nhóm 2
C02550,14,5,4733050.0,946610.0,2,3,TODO: đặt tên nhóm 2
C02551,83,5,5655850.0,1131170.0,2,3,TODO: đặt tên nhóm 2
C02552,99,7,6496550.0,928078.5714285715,2,3,TODO: đặt tên nhóm 2
C02553,29,4,5219335.0,1304833.75,3,2,TODO: đặt tên nhóm 3
C02554,72,3,1302150.0,434050.0,2,0,TODO: đặt tên nhóm 2
C02555,58,12,12927900.0,1077325.0,0,2,TODO: đặt tên nhóm 0
C02556,55,3,2630000.0,876666.6666666666,2,0,TODO: đặt tên nhóm 2
C02557,17,5,4436800.0,887360.0,2,3,TODO: đặt tên nhóm 2
C02558,136,2,4945000.0,2472500.0,3,1,TODO: đặt tên nhóm 3
C02559,65,6,3990700.0,665116.6666666666,2,3,TODO: đặt tên nhóm 2
C02560,144,5,1950100.0,390020.0,1,3,TODO: đặt tên nhóm 1
C02561,19,13,13378150.0,1029088.4615384615,0,2,TODO: đặt tên nhóm 0
C02562,27,4,3627700.0,906925.0,2,3,TODO: đặt tên nhóm 2
C02563,136,5,6900650.0,1380130.0,3,3,TODO: đặt tên nhóm 3
C02564,109,6,5074250.0,845708.3333333334,1,3,TODO: đặt tên nhóm 1
C02565,16,11,10967350.0,997031.8181818182,0,2,TODO: đặt tên nhóm 0
C02566,32,3,2921700.0,973900.0,2,0,TODO: đặt tên nhóm 2
C02567,16,8,6622558.0,827819.75,2,3,TODO: đặt tên nhóm 2
C02568,13,3,4987150.0,1662383.3333333333,3,1,TODO: đặt tên nhóm 3
C02569,15,7,5946650.0,849521.4285714285,2,3,TODO: đặt tên nhóm 2
C02570,10,4,1416300.0,354075.0,2,0,TODO: đặt tên nhóm 2
C02571,40,4,3450000.0,862500.0,2,3,TODO: đặt tên nhóm 2
C02572,45,5,2814900.0,562980.0,2,3,TODO: đặt tên nhóm 2
C02573,56,1,665100.0,665100.0,2,0,TODO: đặt tên nhóm 2
C02574,1,9,9822000.0,1091333.3333333333,0,2,TODO: đặt tên nhóm 0
C02575,83,5,3471250.0,694250.0,2,3,TODO: đặt tên nhóm 2
C02576,41,3,1155000.0,385000.0,2,0,TODO: đặt tên nhóm 2
C02577,17,5,6275600.0,1255120.0,2,3,TODO: đặt tên nhóm 2
C02578,36,9,8450150.0,938905.5555555555,2,2,TODO: đặt tên nhóm 2
C02579,15,8,11376300.0,1422037.5,3,2,TODO: đặt tên nhóm 3
C02580,8,6,7817350.0,1302891.6666666667,3,3,TODO: đặt tên nhóm 3
C02581,26,2,523600.0,261800.0,2,0,TODO: đặt tên nhóm 2
C02582,45,7,6984050.0,997721.4285714285,2,3,TODO: đặt tên nhóm 2
C02583,131,9,10514700.0,1168300.0,3,1,TODO: đặt tên nhóm 3
C02584,112,8,11418300.0,1427287.5,3,1,TODO: đặt tên nhóm 3
C02585,6,8,1850650.0,231331.25,2,2,TODO: đặt tên nhóm 2
C02586,80,5,8754700.0,1750940.0,3,1,TODO: đặt tên nhóm 3
C02587,43,8,6784900.0,848112.5,2,3,TODO: đặt tên nhóm 2
C02588,63,12,12377050.0,1031420.8333333334,0,2,TODO: đặt tên nhóm 0
C02589,53,6,6553350.0,1092225.0,2,3,TODO: đặt tên nhóm 2
C02590,128,5,5967000.0,1193400.0,1,3,TODO: đặt tên nhóm 1
C02591,58,7,3825050.0,546435.7142857143,2,3,TODO: đặt tên nhóm 2
C02592,21,7,7362000.0,1051714.2857142857,2,3,TODO: đặt tên nhóm 2
C02593,31,7,10299150.0,1471307.142857143,3,2,TODO: đặt tên nhóm 3
C02594,119,2,3118000.0,1559000.0,3,1,TODO: đặt tên nhóm 3
C02595,71,6,7355450.0,1225908.3333333333,3,3,TODO: đặt tên nhóm 3
C02596,32,4,3824700.0,956175.0,2,3,TODO: đặt tên nhóm 2
C02597,25,3,3640000.0,1213333.3333333333,2,0,TODO: đặt tên nhóm 2
C02598,185,4,11060658.0,2765164.5,3,1,TODO: đặt tên nhóm 3
C02599,35,6,4691650.0,781941.6666666666,2,3,TODO: đặt tên nhóm 2
C02600,17,7,6070150.0,867164.2857142857,2,3,TODO: đặt tên nhóm 2
C02601,23,9,11031800.0,1225755.5555555555,0,2,TODO: đặt tên nhóm 0
C02602,54,3,1100000.0,366666.6666666667,2,0,TODO: đặt tên nhóm 2
C02603,34,8,6847550.0,855943.75,2,3,TODO: đặt tên nhóm 2
C02604,30,2,1627900.0,813950.0,2,0,TODO: đặt tên nhóm 2
C02605,19,11,10483950.0,953086.3636363636,0,2,TODO: đặt tên nhóm 0
C02606,45,8,7232450.0,904056.25,2,3,TODO: đặt tên nhóm 2
C02607,87,6,7165450.0,1194241.6666666667,3,3,TODO: đặt tên nhóm 3
C02608,58,4,2309100.0,577275.0,2,0,TODO: đặt tên nhóm 2
C02609,92,4,2757300.0,689325.0,1,0,TODO: đặt tên nhóm 1
C02610,20,3,1704400.0,568133.3333333334,2,0,TODO: đặt tên nhóm 2
C02611,75,7,6932800.0,990400.0,2,3,TODO: đặt tên nhóm 2
C02612,19,9,13883000.0,1542555.5555555555,0,2,TODO: đặt tên nhóm 0
C02613,31,7,9835300.0,1405042.857142857,3,2,TODO: đặt tên nhóm 3
C02614,5,3,2973200.0,991066.6666666666,2,0,TODO: đặt tên nhóm 2
C02615,9,8,8566400.0,1070800.0,2,2,TODO: đặt tên nhóm 2
C02616,27,6,6789400.0,1131566.6666666667,2,3,TODO: đặt tên nhóm 2
C02617,4,6,8823550.0,1470591.6666666667,3,2,TODO: đặt tên nhóm 3
C02618,148,4,4666200.0,1166550.0,1,3,TODO: đặt tên nhóm 1
C02619,48,3,3500450.0,1166816.6666666667,2,0,TODO: đặt tên nhóm 2
C02620,188,5,4152950.0,830590.0,1,3,TODO: đặt tên nhóm 1
C02621,95,9,22291973.0,2476885.888888889,3,1,TODO: đặt tên nhóm 3
C02622,5,8,6904750.0,863093.75,2,3,TODO: đặt tên nhóm 2
C02623,45,6,8022200.0,1337033.3333333333,3,3,TODO: đặt tên nhóm 3
C02624,213,3,2073800.0,691266.6666666666,1,0,TODO: đặt tên nhóm 1
C02625,39,8,8701050.0,1087631.25,2,2,TODO: đặt tên nhóm 2
C02626,58,3,1255250.0,418416.6666666667,2,0,TODO: đặt tên nhóm 2
C02627,6,10,7834350.0,783435.0,2,2,TODO: đặt tên nhóm 2
C02628,10,6,3618000.0,603000.0,2,3,TODO: đặt tên nhóm 2
C02629,36,4,3114350.0,778587.5,2,3,TODO: đặt tên nhóm 2
C02630,33,6,4135500.0,689250.0,2,3,TODO: đặt tên nhóm 2
C02631,24,5,5866100.0,1173220.0,2,3,TODO: đặt tên nhóm 2
C02632,3,9,9502700.0,1055855.5555555555,0,2,TODO: đặt tên nhóm 0
C02633,60,3,2091000.0,697000.0,2,0,TODO: đặt tên nhóm 2
C02634,6,13,9912350.0,762488.4615384615,0,2,TODO: đặt tên nhóm 0
C02635,63,6,5218100.0,869683.3333333334,2,3,TODO: đặt tên nhóm 2
C02636,31,9,8754400.0,972711.1111111111,2,2,TODO: đặt tên nhóm 2
C02637,5,4,3438000.0,859500.0,2,3,TODO: đặt tên nhóm 2
C02638,38,6,7360800.0,1226800.0,3,3,TODO: đặt tên nhóm 3
C02639,13,4,2014500.0,503625.0,2,0,TODO: đặt tên nhóm 2
C02640,1,4,3655650.0,913912.5,2,3,TODO: đặt tên nhóm 2
C02641,11,6,3401950.0,566991.6666666666,2,3,TODO: đặt tên nhóm 2
C02642,21,6,8106950.0,1351158.3333333333,3,3,TODO: đặt tên nhóm 3
C02643,6,9,8451950.0,939105.5555555555,2,2,TODO: đặt tên nhóm 2
C02644,26,9,10689150.0,1187683.3333333333,0,2,TODO: đặt tên nhóm 0
C02645,71,5,1700200.0,340040.0,2,3,TODO: đặt tên nhóm 2
C02646,117,4,7402250.0,1850562.5,3,1,TODO: đặt tên nhóm 3
C02647,12,4,4259250.0,1064812.5,2,3,TODO: đặt tên nhóm 2
C02648,74,6,5003850.0,833975.0,2,3,TODO: đặt tên nhóm 2
C02649,64,7,4205000.0,600714.2857142857,2,3,TODO: đặt tên nhóm 2
C02650,91,3,3979400.0,1326466.6666666667,3,0,TODO: đặt tên nhóm 3
C02651,42,10,5693600.0,569360.0,2,2,TODO: đặt tên nhóm 2
C02652,35,5,7019050.0,1403810.0,3,3,TODO: đặt tên nhóm 3
C02654,71,4,3647000.0,911750.0,2,3,TODO: đặt tên nhóm 2
C02655,25,6,5918500.0,986416.6666666666,2,3,TODO: đặt tên nhóm 2
C02656,64,2,1220800.0,610400.0,2,0,TODO: đặt tên nhóm 2
C02657,7,7,7241600.0,1034514.2857142857,2,3,TODO: đặt tên nhóm 2
C02658,52,6,8579624.0,1429937.3333333333,3,3,TODO: đặt tên nhóm 3
C02659,154,4,1984100.0,496025.0,1,0,TODO: đặt tên nhóm 1
C02660,20,6,4180750.0,696791.6666666666,2,3,TODO: đặt tên nhóm 2
C02661,9,3,5105600.0,1701866.6666666667,3,1,TODO: đặt tên nhóm 3
C02662,44,4,19484510.0,4871127.5,3,1,TODO: đặt tên nhóm 3
C02663,3,7,3128150.0,446878.5714285714,2,2,TODO: đặt tên nhóm 2
C02664,86,2,1594000.0,797000.0,1,0,TODO: đặt tên nhóm 1
C02665,109,6,6477900.0,1079650.0,1,3,TODO: đặt tên nhóm 1
C02666,128,7,2671550.0,381650.0,1,3,TODO: đặt tên nhóm 1
C02667,23,6,3819850.0,636641.6666666666,2,3,TODO: đặt tên nhóm 2
C02668,143,3,984350.0,328116.6666666667,1,0,TODO: đặt tên nhóm 1
C02669,5,10,17214600.0,1721460.0,0,2,TODO: đặt tên nhóm 0
C02670,14,9,5341500.0,593500.0,2,2,TODO: đặt tên nhóm 2
C02671,99,9,21579098.907833356,2397677.6564259287,3,1,TODO: đặt tên nhóm 3
C02672,1,6,7919800.0,1319966.6666666667,3,3,TODO: đặt tên nhóm 3
C02673,3,8,4089600.0,511200.0,2,2,TODO: đặt tên nhóm 2
C02674,41,4,4134700.0,1033675.0,2,3,TODO: đặt tên nhóm 2
C02675,14,5,4585800.0,917160.0,2,3,TODO: đặt tên nhóm 2
C02676,59,3,4437000.0,1479000.0,3,1,TODO: đặt tên nhóm 3
C02677,23,7,3384500.0,483500.0,2,2,TODO: đặt tên nhóm 2
C02678,10,2,1197000.0,598500.0,2,0,TODO: đặt tên nhóm 2
C02679,84,8,11384935.0,1423116.875,3,1,TODO: đặt tên nhóm 3
C02680,164,4,3756000.0,939000.0,1,3,TODO: đặt tên nhóm 1
C02681,41,5,1596550.0,319310.0,2,3,TODO: đặt tên nhóm 2
C02682,46,5,2090200.0,418040.0,2,3,TODO: đặt tên nhóm 2
C02683,60,1,1001000.0,1001000.0,2,0,TODO: đặt tên nhóm 2
C02684,66,7,9196950.0,1313850.0,3,1,TODO: đặt tên nhóm 3
C02685,58,4,1253650.0,313412.5,2,0,TODO: đặt tên nhóm 2
C02686,8,5,1358150.0,271630.0,2,3,TODO: đặt tên nhóm 2
C02687,7,8,6267400.0,783425.0,2,3,TODO: đặt tên nhóm 2
C02688,29,8,9531800.0,1191475.0,3,2,TODO: đặt tên nhóm 3
C02689,10,8,3931050.0,491381.25,2,2,TODO: đặt tên nhóm 2
C02690,39,5,7805000.0,1561000.0,3,3,TODO: đặt tên nhóm 3
C02691,106,7,5660550.0,808650.0,2,3,TODO: đặt tên nhóm 2
C02692,38,6,4007650.0,667941.6666666666,2,3,TODO: đặt tên nhóm 2
C02693,7,6,5289950.0,881658.3333333334,2,3,TODO: đặt tên nhóm 2
C02694,207,2,1979750.0,989875.0,1,0,TODO: đặt tên nhóm 1
C02695,23,8,6850650.0,856331.25,2,3,TODO: đặt tên nhóm 2
C02696,121,6,5364650.0,894108.3333333334,1,3,TODO: đặt tên nhóm 1
C02697,5,8,10562550.0,1320318.75,0,2,TODO: đặt tên nhóm 0
C02698,2,8,6895750.0,861968.75,2,3,TODO: đặt tên nhóm 2
C02699,206,2,840400.0,420200.0,1,0,TODO: đặt tên nhóm 1
C02700,26,7,5461000.0,780142.8571428572,2,3,TODO: đặt tên nhóm 2
C02701,62,3,1768000.0,589333.3333333334,2,0,TODO: đặt tên nhóm 2
C02702,35,15,14724050.0,981603.3333333334,0,2,TODO: đặt tên nhóm 0
C02703,33,6,2662850.0,443808.3333333333,2,3,TODO: đặt tên nhóm 2
C02704,3,2,583300.0,291650.0,2,0,TODO: đặt tên nhóm 2
C02705,40,6,6541150.0,1090191.6666666667,2,3,TODO: đặt tên nhóm 2
C02706,111,4,5680700.0,1420175.0,3,1,TODO: đặt tên nhóm 3
C02707,21,3,4179700.0,1393233.3333333333,3,2,TODO: đặt tên nhóm 3
C02708,1,9,9110000.0,1012222.2222222222,0,2,TODO: đặt tên nhóm 0
C02709,36,10,4841850.0,484185.0,2,2,TODO: đặt tên nhóm 2
C02710,131,5,8380400.0,1676080.0,3,1,TODO: đặt tên nhóm 3
C02711,68,3,2848000.0,949333.3333333334,2,0,TODO: đặt tên nhóm 2
C02712,60,2,741000.0,370500.0,2,0,TODO: đặt tên nhóm 2
C02713,29,7,7953050.0,1136150.0,2,2,TODO: đặt tên nhóm 2
C02714,11,4,1216850.0,304212.5,2,0,TODO: đặt tên nhóm 2
C02715,38,6,5111100.0,851850.0,2,3,TODO: đặt tên nhóm 2
C02716,7,5,3047950.0,609590.0,2,3,TODO: đặt tên nhóm 2
C02717,15,11,7424100.0,674918.1818181818,2,2,TODO: đặt tên nhóm 2
C02718,21,5,3414100.0,682820.0,2,3,TODO: đặt tên nhóm 2
C02719,2,5,4727750.0,945550.0,2,3,TODO: đặt tên nhóm 2
C02720,148,5,3669600.0,733920.0,1,3,TODO: đặt tên nhóm 1
C02721,6,6,4771250.0,795208.3333333334,2,3,TODO: đặt tên nhóm 2
C02722,133,2,2333200.0,1166600.0,1,0,TODO: đặt tên nhóm 1
C02723,17,4,8449550.0,2112387.5,3,1,TODO: đặt tên nhóm 3
C02724,94,3,6975000.0,2325000.0,3,1,TODO: đặt tên nhóm 3
C02725,17,3,2561700.0,853900.0,2,0,TODO: đặt tên nhóm 2
C02726,21,5,7712450.0,1542490.0,3,3,TODO: đặt tên nhóm 3
C02727,27,9,28528475.0,3169830.5555555555,3,2,TODO: đặt tên nhóm 3
C02728,77,6,3787900.0,631316.6666666666,2,3,TODO: đặt tên nhóm 2
C02729,19,6,7842250.0,1307041.6666666667,3,3,TODO: đặt tên nhóm 3
C02730,95,5,3890600.0,778120.0,2,3,TODO: đặt tên nhóm 2
C02731,19,4,2654700.0,663675.0,2,0,TODO: đặt tên nhóm 2
C02732,208,1,175100.0,175100.0,1,0,TODO: đặt tên nhóm 1
C02733,204,3,23528316.0,7842772.0,3,1,TODO: đặt tên nhóm 3
C02734,110,7,9980100.0,1425728.5714285714,3,1,TODO: đặt tên nhóm 3
C02735,89,4,3976000.0,994000.0,2,3,TODO: đặt tên nhóm 2
C02736,57,14,7530250.0,537875.0,0,2,TODO: đặt tên nhóm 0
C02737,50,5,3024000.0,604800.0,2,3,TODO: đặt tên nhóm 2
C02738,21,3,15943728.0,5314576.0,3,1,TODO: đặt tên nhóm 3
C02739,7,9,5371500.0,596833.3333333334,2,2,TODO: đặt tên nhóm 2
C02740,28,9,9299200.0,1033244.4444444445,0,2,TODO: đặt tên nhóm 0
C02741,73,9,8166900.0,907433.3333333334,2,3,TODO: đặt tên nhóm 2
C02742,12,12,16775850.0,1397987.5,0,2,TODO: đặt tên nhóm 0
C02743,50,6,6337050.0,1056175.0,2,3,TODO: đặt tên nhóm 2
C02744,7,6,7997900.0,1332983.3333333333,3,3,TODO: đặt tên nhóm 3
C02745,92,6,7135500.0,1189250.0,3,3,TODO: đặt tên nhóm 3
C02746,18,7,12568834.0,1795547.7142857143,3,2,TODO: đặt tên nhóm 3
C02747,29,11,14474995.0,1315908.6363636365,0,2,TODO: đặt tên nhóm 0
C02748,22,5,1434100.0,286820.0,2,3,TODO: đặt tên nhóm 2
C02749,104,5,4284800.0,856960.0,1,3,TODO: đặt tên nhóm 1
C02750,15,7,6990850.0,998692.8571428572,2,3,TODO: đặt tên nhóm 2
C02751,3,9,7735250.0,859472.2222222222,2,2,TODO: đặt tên nhóm 2
C02752,56,5,3198000.0,639600.0,2,3,TODO: đặt tên nhóm 2
C02753,79,5,2300800.0,460160.0,2,3,TODO: đặt tên nhóm 2
C02754,6,10,9995850.0,999585.0,0,2,TODO: đặt tên nhóm 0
C02755,37,7,7247800.0,1035400.0,2,3,TODO: đặt tên nhóm 2
C02756,10,6,6523000.0,1087166.6666666667,2,3,TODO: đặt tên nhóm 2
C02757,67,5,9352700.0,1870540.0,3,1,TODO: đặt tên nhóm 3
C02758,42,9,14408650.0,1600961.111111111,0,2,TODO: đặt tên nhóm 0
C02759,73,9,7227650.0,803072.2222222222,2,3,TODO: đặt tên nhóm 2
C02760,32,5,5562400.0,1112480.0,2,3,TODO: đặt tên nhóm 2
C02761,96,7,5526250.0,789464.2857142857,2,3,TODO: đặt tên nhóm 2
C02762,35,6,5037700.0,839616.6666666666,2,3,TODO: đặt tên nhóm 2
C02763,4,7,4395250.0,627892.8571428572,2,3,TODO: đặt tên nhóm 2
C02764,173,5,2817200.0,563440.0,1,0,TODO: đặt tên nhóm 1
C02765,74,8,10040600.0,1255075.0,3,1,TODO: đặt tên nhóm 3
C02766,85,5,4014950.0,802990.0,2,3,TODO: đặt tên nhóm 2
C02767,88,5,3206650.0,641330.0,2,3,TODO: đặt tên nhóm 2
C02768,5,10,8313250.0,831325.0,0,2,TODO: đặt tên nhóm 0
C02769,20,6,2683200.0,447200.0,2,3,TODO: đặt tên nhóm 2
C02770,95,1,801000.0,801000.0,1,0,TODO: đặt tên nhóm 1
C02771,112,5,4697150.0,939430.0,1,3,TODO: đặt tên nhóm 1
C02772,24,3,3845200.0,1281733.3333333333,2,0,TODO: đặt tên nhóm 2
C02773,37,4,2438050.0,609512.5,2,0,TODO: đặt tên nhóm 2
C02774,30,6,1998550.0,333091.6666666667,2,3,TODO: đặt tên nhóm 2
C02775,33,5,3158200.0,631640.0,2,3,TODO: đặt tên nhóm 2
C02776,7,7,9743072.0,1391867.4285714286,3,2,TODO: đặt tên nhóm 3
C02777,2,7,4732750.0,676107.1428571428,2,3,TODO: đặt tên nhóm 2
C02778,46,6,7227900.0,1204650.0,3,3,TODO: đặt tên nhóm 3
C02779,29,4,7146000.0,1786500.0,3,1,TODO: đặt tên nhóm 3
C02780,4,7,6354700.0,907814.2857142857,2,3,TODO: đặt tên nhóm 2
C02781,41,8,10630400.0,1328800.0,3,2,TODO: đặt tên nhóm 3
C02782,13,7,2070550.0,295792.85714285716,2,2,TODO: đặt tên nhóm 2
C02783,119,5,3430100.0,686020.0,1,3,TODO: đặt tên nhóm 1
C02784,58,1,347700.0,347700.0,2,0,TODO: đặt tên nhóm 2
C02785,67,2,1046000.0,523000.0,2,0,TODO: đặt tên nhóm 2
C02786,1,6,8528200.0,1421366.6666666667,3,3,TODO: đặt tên nhóm 3
C02787,100,4,1441700.0,360425.0,1,0,TODO: đặt tên nhóm 1
C02788,5,2,2029000.0,1014500.0,2,0,TODO: đặt tên nhóm 2
C02789,39,3,2399250.0,799750.0,2,0,TODO: đặt tên nhóm 2
C02790,27,7,4846250.0,692321.4285714285,2,3,TODO: đặt tên nhóm 2
C02791,33,7,7175350.0,1025050.0,2,3,TODO: đặt tên nhóm 2
C02792,196,2,1358050.0,679025.0,1,0,TODO: đặt tên nhóm 1
C02793,55,9,10001750.0,1111305.5555555555,0,2,TODO: đặt tên nhóm 0
C02794,34,4,4847200.0,1211800.0,2,3,TODO: đặt tên nhóm 2
C02795,14,5,2720700.0,544140.0,2,3,TODO: đặt tên nhóm 2
C02796,3,6,8734550.0,1455758.3333333333,3,2,TODO: đặt tên nhóm 3
C02797,27,6,7160350.0,1193391.6666666667,2,3,TODO: đặt tên nhóm 2
C02798,43,4,2547000.0,636750.0,2,0,TODO: đặt tên nhóm 2
C02799,9,11,12668900.0,1151718.1818181819,0,2,TODO: đặt tên nhóm 0
C02800,40,2,1178900.0,589450.0,2,0,TODO: đặt tên nhóm 2
C02801,53,6,4353350.0,725558.3333333334,2,3,TODO: đặt tên nhóm 2
C02802,195,1,3168000.0,3168000.0,3,1,TODO: đặt tên nhóm 3
C02803,109,6,6706400.0,1117733.3333333333,3,3,TODO: đặt tên nhóm 3
C02804,50,6,3678950.0,613158.3333333334,2,3,TODO: đặt tên nhóm 2
C02805,99,5,6640550.0,1328110.0,3,3,TODO: đặt tên nhóm 3
C02806,144,3,2962100.0,987366.6666666666,1,0,TODO: đặt tên nhóm 1
C02807,15,6,4615100.0,769183.3333333334,2,3,TODO: đặt tên nhóm 2
C02808,50,5,2751400.0,550280.0,2,3,TODO: đặt tên nhóm 2
C02809,2,5,6072000.0,1214400.0,2,3,TODO: đặt tên nhóm 2
C02810,69,9,12260000.0,1362222.2222222222,0,1,TODO: đặt tên nhóm 0
C02811,30,3,4600000.0,1533333.3333333333,3,2,TODO: đặt tên nhóm 3
C02812,62,7,5231200.0,747314.2857142857,2,3,TODO: đặt tên nhóm 2
C02814,4,5,6609100.0,1321820.0,3,3,TODO: đặt tên nhóm 3
C02815,76,5,3381500.0,676300.0,2,3,TODO: đặt tên nhóm 2
C02816,19,4,3274000.0,818500.0,2,3,TODO: đặt tên nhóm 2
C02817,99,6,4110750.0,685125.0,2,3,TODO: đặt tên nhóm 2
C02818,18,6,6063423.450330792,1010570.575055132,2,3,TODO: đặt tên nhóm 2
C02819,10,7,6335100.0,905014.2857142857,2,3,TODO: đặt tên nhóm 2
C02820,27,5,5653250.0,1130650.0,2,3,TODO: đặt tên nhóm 2
C02821,16,6,5639400.0,939900.0,2,3,TODO: đặt tên nhóm 2
C02822,20,8,7445450.0,930681.25,2,3,TODO: đặt tên nhóm 2
C02823,106,4,1810200.0,452550.0,1,0,TODO: đặt tên nhóm 1
C02824,108,3,1104500.0,368166.6666666667,1,0,TODO: đặt tên nhóm 1
C02825,5,6,16845242.0,2807540.3333333335,3,1,TODO: đặt tên nhóm 3
C02826,20,7,10522800.0,1503257.142857143,3,2,TODO: đặt tên nhóm 3
C02827,6,6,6129450.0,1021575.0,2,3,TODO: đặt tên nhóm 2
C02828,63,5,4217900.0,843580.0,2,3,TODO: đặt tên nhóm 2
C02829,30,8,12588500.0,1573562.5,3,2,TODO: đặt tên nhóm 3
C02830,27,6,4708000.0,784666.6666666666,2,3,TODO: đặt tên nhóm 2
C02831,32,4,1303600.0,325900.0,2,0,TODO: đặt tên nhóm 2
C02832,35,8,7317500.0,914687.5,2,3,TODO: đặt tên nhóm 2
C02833,16,7,5051550.0,721650.0,2,3,TODO: đặt tên nhóm 2
C02834,69,4,6956200.0,1739050.0,3,1,TODO: đặt tên nhóm 3
C02835,120,2,334900.0,167450.0,1,0,TODO: đặt tên nhóm 1
C02836,121,4,2100600.0,525150.0,1,0,TODO: đặt tên nhóm 1
C02837,14,6,4516650.0,752775.0,2,3,TODO: đặt tên nhóm 2
C02838,83,3,855000.0,285000.0,1,0,TODO: đặt tên nhóm 1
C02839,71,4,4364550.0,1091137.5,2,3,TODO: đặt tên nhóm 2
C02840,17,7,9139050.0,1305578.5714285714,3,2,TODO: đặt tên nhóm 3
C02841,13,7,5598800.0,799828.5714285715,2,3,TODO: đặt tên nhóm 2
C02842,53,4,3449650.0,862412.5,2,3,TODO: đặt tên nhóm 2
C02843,61,8,6639700.0,829962.5,2,3,TODO: đặt tên nhóm 2
C02844,11,7,9441250.0,1348750.0,3,2,TODO: đặt tên nhóm 3
C02845,4,5,2597700.0,519540.0,2,3,TODO: đặt tên nhóm 2
C02846,7,7,5913950.0,844850.0,2,3,TODO: đặt tên nhóm 2
C02847,7,3,7235200.0,2411733.3333333335,3,1,TODO: đặt tên nhóm 3
C02848,80,3,2656950.0,885650.0,2,0,TODO: đặt tên nhóm 2
C02849,26,8,7332200.0,916525.0,2,3,TODO: đặt tên nhóm 2
C02850,41,7,6091050.0,870150.0,2,3,TODO: đặt tên nhóm 2
C02851,45,4,1769000.0,442250.0,2,0,TODO: đặt tên nhóm 2
C02852,142,6,6138650.0,1023108.3333333334,1,3,TODO: đặt tên nhóm 1
C02853,13,4,1686000.0,421500.0,2,0,TODO: đặt tên nhóm 2
C02854,52,7,7654600.0,1093514.2857142857,2,3,TODO: đặt tên nhóm 2
C02855,21,4,4813350.0,1203337.5,2,3,TODO: đặt tên nhóm 2
C02856,20,8,4172600.0,521575.0,2,2,TODO: đặt tên nhóm 2
C02857,215,2,1592000.0,796000.0,1,0,TODO: đặt tên nhóm 1
C02858,51,4,3611300.0,902825.0,2,3,TODO: đặt tên nhóm 2
C02859,116,6,5161550.0,860258.3333333334,1,3,TODO: đặt tên nhóm 1
C02860,9,9,4806300.0,534033.3333333334,2,2,TODO: đặt tên nhóm 2
C02861,52,7,3797500.0,542500.0,2,3,TODO: đặt tên nhóm 2
C02862,40,6,3467700.0,577950.0,2,3,TODO: đặt tên nhóm 2
C02863,61,8,11369300.0,1421162.5,3,1,TODO: đặt tên nhóm 3
C02864,12,4,6886700.0,1721675.0,3,1,TODO: đặt tên nhóm 3
C02865,22,6,9850300.0,1641716.6666666667,3,2,TODO: đặt tên nhóm 3
C02866,69,5,4896000.0,979200.0,2,3,TODO: đặt tên nhóm 2
C02867,2,5,4678900.0,935780.0,2,3,TODO: đặt tên nhóm 2
C02868,74,6,5474400.0,912400.0,2,3,TODO: đặt tên nhóm 2
C02869,2,5,7931200.0,1586240.0,3,3,TODO: đặt tên nhóm 3
C02870,12,5,2581750.0,516350.0,2,3,TODO: đặt tên nhóm 2
C02871,35,6,1615300.0,269216.6666666667,2,3,TODO: đặt tên nhóm 2
C02872,130,4,8199100.0,2049775.0,3,1,TODO: đặt tên nhóm 3
C02873,53,7,2871500.0,410214.28571428574,2,2,TODO: đặt tên nhóm 2
C02874,50,4,7005500.0,1751375.0,3,1,TODO: đặt tên nhóm 3
C02875,88,6,5301100.0,883516.6666666666,2,3,TODO: đặt tên nhóm 2
C02876,6,9,6373831.0,708203.4444444445,2,2,TODO: đặt tên nhóm 2
C02877,57,4,3542600.0,885650.0,2,3,TODO: đặt tên nhóm 2
C02878,18,2,1745000.0,872500.0,2,0,TODO: đặt tên nhóm 2
C02879,9,8,4759400.0,594925.0,2,2,TODO: đặt tên nhóm 2
C02880,126,1,821000.0,821000.0,1,0,TODO: đặt tên nhóm 1
C02881,38,7,7629700.0,1089957.142857143,2,3,TODO: đặt tên nhóm 2
C02882,24,10,6908000.0,690800.0,2,2,TODO: đặt tên nhóm 2
C02883,10,6,9298100.0,1549683.3333333333,3,2,TODO: đặt tên nhóm 3
C02884,8,10,8663850.0,866385.0,0,2,TODO: đặt tên nhóm 0
C02885,5,7,7004050.0,1000578.5714285715,2,3,TODO: đặt tên nhóm 2
C02886,38,2,1531400.0,765700.0,2,0,TODO: đặt tên nhóm 2
C02887,4,5,7647550.0,1529510.0,3,3,TODO: đặt tên nhóm 3
C02888,12,3,23265357.0,7755119.0,3,1,TODO: đặt tên nhóm 3
C02889,6,8,9683150.0,1210393.75,0,2,TODO: đặt tên nhóm 0
C02890,48,4,3659000.0,914750.0,2,3,TODO: đặt tên nhóm 2
C02891,21,9,12042150.0,1338016.6666666667,0,2,TODO: đặt tên nhóm 0
C02892,196,5,2778700.0,555740.0,1,0,TODO: đặt tên nhóm 1
C02893,11,7,5617000.0,802428.5714285715,2,3,TODO: đặt tên nhóm 2
C02894,11,5,3921900.0,784380.0,2,3,TODO: đặt tên nhóm 2
C02895,114,8,9667300.0,1208412.5,3,1,TODO: đặt tên nhóm 3
C02896,31,7,7362650.0,1051807.142857143,2,3,TODO: đặt tên nhóm 2
C02897,64,8,7459500.0,932437.5,2,3,TODO: đặt tên nhóm 2
C02898,122,2,19806701.0,9903350.5,3,1,TODO: đặt tên nhóm 3
C02899,36,7,4681000.0,668714.2857142857,2,3,TODO: đặt tên nhóm 2
C02900,29,10,4238568.0,423856.8,2,2,TODO: đặt tên nhóm 2
C02901,168,2,658300.0,329150.0,1,0,TODO: đặt tên nhóm 1
C02902,66,6,4257450.0,709575.0,2,3,TODO: đặt tên nhóm 2
C02903,56,7,6310350.0,901478.5714285715,2,3,TODO: đặt tên nhóm 2
C02904,145,2,606150.0,303075.0,1,0,TODO: đặt tên nhóm 1
C02905,81,4,7216000.0,1804000.0,3,1,TODO: đặt tên nhóm 3
C02906,9,5,14580826.0,2916165.2,3,1,TODO: đặt tên nhóm 3
C02907,118,6,7055700.0,1175950.0,3,3,TODO: đặt tên nhóm 3
C02908,27,4,3479000.0,869750.0,2,3,TODO: đặt tên nhóm 2
C02909,22,6,8415700.0,1402616.6666666667,3,2,TODO: đặt tên nhóm 3
C02910,31,2,3142200.0,1571100.0,3,1,TODO: đặt tên nhóm 3
C02911,46,4,3670500.0,917625.0,2,3,TODO: đặt tên nhóm 2
C02912,48,5,17661300.0,3532260.0,3,1,TODO: đặt tên nhóm 3
C02913,55,3,7076500.0,2358833.3333333335,3,1,TODO: đặt tên nhóm 3
C02914,103,5,5650800.0,1130160.0,1,3,TODO: đặt tên nhóm 1
C02915,52,5,4187800.0,837560.0,2,3,TODO: đặt tên nhóm 2
C02916,37,5,5386800.0,1077360.0,2,3,TODO: đặt tên nhóm 2
C02917,123,4,8567088.0,2141772.0,3,1,TODO: đặt tên nhóm 3
C02918,97,3,1634050.0,544683.3333333334,1,0,TODO: đặt tên nhóm 1
C02919,209,2,1285000.0,642500.0,1,0,TODO: đặt tên nhóm 1
C02920,83,11,10010500.0,910045.4545454546,0,1,TODO: đặt tên nhóm 0
C02921,59,3,4893000.0,1631000.0,3,1,TODO: đặt tên nhóm 3
C02922,25,6,2876100.0,479350.0,2,3,TODO: đặt tên nhóm 2
C02923,122,6,8494050.0,1415675.0,3,1,TODO: đặt tên nhóm 3
C02924,1,5,5663900.0,1132780.0,2,3,TODO: đặt tên nhóm 2
C02925,2,3,3677000.0,1225666.6666666667,2,0,TODO: đặt tên nhóm 2
C02926,25,9,5660800.0,628977.7777777778,2,2,TODO: đặt tên nhóm 2
C02927,46,6,5840550.0,973425.0,2,3,TODO: đặt tên nhóm 2
C02928,62,8,8729500.227819767,1091187.5284774709,2,2,TODO: đặt tên nhóm 2
C02929,14,10,6642100.0,664210.0,2,2,TODO: đặt tên nhóm 2
C02930,43,4,6612250.0,1653062.5,3,1,TODO: đặt tên nhóm 3
C02931,59,4,6436000.0,1609000.0,3,1,TODO: đặt tên nhóm 3
C02932,173,3,5084000.0,1694666.6666666667,3,1,TODO: đặt tên nhóm 3
C02933,84,6,8600550.0,1433425.0,3,1,TODO: đặt tên nhóm 3
C02934,33,4,1829850.0,457462.5,2,0,TODO: đặt tên nhóm 2
C02935,47,6,5797250.0,966208.3333333334,2,3,TODO: đặt tên nhóm 2
C02936,121,4,2685600.0,671400.0,1,0,TODO: đặt tên nhóm 1
C02937,51,8,8063000.0,1007875.0,2,3,TODO: đặt tên nhóm 2
C02938,252,4,2776900.0,694225.0,1,0,TODO: đặt tên nhóm 1
C02939,4,3,6923400.0,2307800.0,3,1,TODO: đặt tên nhóm 3
C02940,121,4,7619000.0,1904750.0,3,1,TODO: đặt tên nhóm 3
C02941,42,4,3816150.0,954037.5,2,3,TODO: đặt tên nhóm 2
C02942,16,5,7911673.0,1582334.6,3,3,TODO: đặt tên nhóm 3
C02943,137,4,8855750.0,2213937.5,3,1,TODO: đặt tên nhóm 3
C02944,1,5,1360750.0,272150.0,2,3,TODO: đặt tên nhóm 2
C02945,25,8,7501750.0,937718.75,2,3,TODO: đặt tên nhóm 2
C02946,43,1,178000.0,178000.0,2,0,TODO: đặt tên nhóm 2
C02947,63,5,4810950.0,962190.0,2,3,TODO: đặt tên nhóm 2
C02948,64,5,5346100.0,1069220.0,2,3,TODO: đặt tên nhóm 2
C02949,56,4,1109000.0,277250.0,2,0,TODO: đặt tên nhóm 2
C02950,63,6,8493700.0,1415616.6666666667,3,3,TODO: đặt tên nhóm 3
C02951,33,6,5866000.0,977666.6666666666,2,3,TODO: đặt tên nhóm 2
C02952,68,5,4758900.0,951780.0,2,3,TODO: đặt tên nhóm 2
C02953,6,6,5640300.0,940050.0,2,3,TODO: đặt tên nhóm 2
C02954,79,4,2268050.0,567012.5,2,0,TODO: đặt tên nhóm 2
C02955,18,7,11891450.0,1698778.5714285714,3,2,TODO: đặt tên nhóm 3
C02956,30,4,5161000.0,1290250.0,2,2,TODO: đặt tên nhóm 2
C02957,27,7,4534800.0,647828.5714285715,2,3,TODO: đặt tên nhóm 2
C02958,30,8,4646000.0,580750.0,2,2,TODO: đặt tên nhóm 2
C02959,12,3,3718000.0,1239333.3333333333,2,0,TODO: đặt tên nhóm 2
C02960,61,6,5563150.0,927191.6666666666,2,3,TODO: đặt tên nhóm 2
C02961,70,6,3143150.0,523858.3333333333,2,3,TODO: đặt tên nhóm 2
C02962,6,9,10556894.0,1172988.2222222222,0,2,TODO: đặt tên nhóm 0
C02963,40,6,9030000.0,1505000.0,3,2,TODO: đặt tên nhóm 3
C02964,46,5,5390300.0,1078060.0,2,3,TODO: đặt tên nhóm 2
C02965,33,5,3659550.0,731910.0,2,3,TODO: đặt tên nhóm 2
C02966,93,6,3442650.0,573775.0,2,3,TODO: đặt tên nhóm 2
C02967,28,7,12267700.0,1752528.5714285714,3,2,TODO: đặt tên nhóm 3
C02968,61,4,5111000.0,1277750.0,3,3,TODO: đặt tên nhóm 3
C02969,10,5,4209600.0,841920.0,2,3,TODO: đặt tên nhóm 2
C02970,33,5,2958150.0,591630.0,2,3,TODO: đặt tên nhóm 2
C02971,47,5,4216900.0,843380.0,2,3,TODO: đặt tên nhóm 2
C02972,80,4,4822700.0,1205675.0,3,3,TODO: đặt tên nhóm 3
C02973,3,4,2170400.0,542600.0,2,0,TODO: đặt tên nhóm 2
C02974,6,5,12633200.0,2526640.0,3,1,TODO: đặt tên nhóm 3
C02975,71,4,2492400.0,623100.0,2,0,TODO: đặt tên nhóm 2
C02976,29,4,3331600.0,832900.0,2,3,TODO: đặt tên nhóm 2
C02977,110,4,4040000.0,1010000.0,1,3,TODO: đặt tên nhóm 1
C02978,104,3,21481434.0,7160478.0,3,1,TODO: đặt tên nhóm 3
C02979,24,5,7880600.0,1576120.0,3,3,TODO: đặt tên nhóm 3
C02980,55,4,2599750.0,649937.5,2,0,TODO: đặt tên nhóm 2
C02981,49,5,2193600.0,438720.0,2,3,TODO: đặt tên nhóm 2
C02982,21,5,7579100.0,1515820.0,3,3,TODO: đặt tên nhóm 3
C02983,27,8,4716800.0,589600.0,2,2,TODO: đặt tên nhóm 2
C02984,110,3,2388450.0,796150.0,1,0,TODO: đặt tên nhóm 1
C02985,57,6,3810600.0,635100.0,2,3,TODO: đặt tên nhóm 2
C02986,136,4,3337850.0,834462.5,1,3,TODO: đặt tên nhóm 1
C02987,21,8,4617800.0,577225.0,2,2,TODO: đặt tên nhóm 2
C02988,13,4,2251600.0,562900.0,2,0,TODO: đặt tên nhóm 2
C02989,101,8,2926750.0,365843.75,2,1,TODO: đặt tên nhóm 2
C02990,1,9,11294719.768067759,1254968.86311864,0,2,TODO: đặt tên nhóm 0
C02991,1,7,11089400.0,1584200.0,3,2,TODO: đặt tên nhóm 3
C02992,12,5,8879000.0,1775800.0,3,1,TODO: đặt tên nhóm 3
C02993,14,8,4738150.0,592268.75,2,2,TODO: đặt tên nhóm 2
C02994,21,6,9297200.0,1549533.3333333333,3,2,TODO: đặt tên nhóm 3
C02995,28,5,3263400.0,652680.0,2,3,TODO: đặt tên nhóm 2
C02996,161,2,602750.0,301375.0,1,0,TODO: đặt tên nhóm 1
C02997,1,5,5439796.0,1087959.2,2,3,TODO: đặt tên nhóm 2
C02998,45,5,2894050.0,578810.0,2,3,TODO: đặt tên nhóm 2
C02999,41,5,7928805.0,1585761.0,3,3,TODO: đặt tên nhóm 3
C03000,39,6,9524850.0,1587475.0,3,1,TODO: đặt tên nhóm 3
C03001,78,6,4507800.0,751300.0,2,3,TODO: đặt tên nhóm 2
C03002,34,5,6380273.0,1276054.6,3,3,TODO: đặt tên nhóm 3
C03003,9,6,6728350.0,1121391.6666666667,2,3,TODO: đặt tên nhóm 2
C03004,76,4,3179400.0,794850.0,2,3,TODO: đặt tên nhóm 2
C03005,24,10,32269589.0,3226958.9,0,2,TODO: đặt tên nhóm 0
C03006,98,7,7472100.0,1067442.857142857,2,3,TODO: đặt tên nhóm 2
C03007,11,7,4453500.0,636214.2857142857,2,3,TODO: đặt tên nhóm 2
C03008,61,6,6985950.0,1164325.0,2,3,TODO: đặt tên nhóm 2
C03009,70,9,6038350.0,670927.7777777778,2,2,TODO: đặt tên nhóm 2
C03010,135,3,2146000.0,715333.3333333334,1,0,TODO: đặt tên nhóm 1
C03011,106,3,4790550.0,1596850.0,3,1,TODO: đặt tên nhóm 3
C03012,243,2,1773100.0,886550.0,1,0,TODO: đặt tên nhóm 1
C03013,11,8,12038550.0,1504818.75,3,2,TODO: đặt tên nhóm 3
C03014,77,4,16131205.75042868,4032801.43760717,3,1,TODO: đặt tên nhóm 3
C03015,9,3,1375400.0,458466.6666666667,2,0,TODO: đặt tên nhóm 2
C03016,21,4,2823300.0,705825.0,2,3,TODO: đặt tên nhóm 2
C03017,125,3,2614000.0,871333.3333333334,1,0,TODO: đặt tên nhóm 1
C03018,41,4,3281500.0,820375.0,2,3,TODO: đặt tên nhóm 2
C03019,23,2,449850.0,224925.0,2,0,TODO: đặt tên nhóm 2
C03020,30,3,4615000.0,1538333.3333333333,3,1,TODO: đặt tên nhóm 3
C03021,11,8,7135600.0,891950.0,2,3,TODO: đặt tên nhóm 2
C03022,75,5,3318850.0,663770.0,2,3,TODO: đặt tên nhóm 2
C03023,8,5,3990800.0,798160.0,2,3,TODO: đặt tên nhóm 2
C03024,28,7,5149800.0,735685.7142857143,2,3,TODO: đặt tên nhóm 2
C03025,29,8,9501586.0,1187698.25,3,2,TODO: đặt tên nhóm 3
C03026,64,6,4108150.0,684691.6666666666,2,3,TODO: đặt tên nhóm 2
C03027,5,7,10456050.0,1493721.4285714286,3,2,TODO: đặt tên nhóm 3
C03028,10,7,7077400.0,1011057.1428571428,2,3,TODO: đặt tên nhóm 2
C03029,80,4,2757000.0,689250.0,2,0,TODO: đặt tên nhóm 2
C03030,34,6,2269700.0,378283.3333333333,2,3,TODO: đặt tên nhóm 2
C03031,6,9,11015600.0,1223955.5555555555,0,2,TODO: đặt tên nhóm 0
C03032,5,9,7361150.0,817905.5555555555,2,2,TODO: đặt tên nhóm 2
C03033,94,3,14430854.0,4810284.666666667,3,1,TODO: đặt tên nhóm 3
C03034,58,6,5693000.0,948833.3333333334,2,3,TODO: đặt tên nhóm 2
C03035,73,3,1230750.0,410250.0,2,0,TODO: đặt tên nhóm 2
C03036,15,7,7623900.0,1089128.5714285714,2,3,TODO: đặt tên nhóm 2
C03037,19,11,12303800.0,1118527.2727272727,0,2,TODO: đặt tên nhóm 0
C03038,82,5,3431100.0,686220.0,2,3,TODO: đặt tên nhóm 2
C03039,33,4,5192000.0,1298000.0,3,2,TODO: đặt tên nhóm 3
C03040,56,5,2960600.0,592120.0,2,3,TODO: đặt tên nhóm 2
C03041,20,7,5232350.0,747478.5714285715,2,3,TODO: đặt tên nhóm 2
C03042,119,11,15412985.457976233,1401180.4961796575,0,1,TODO: đặt tên nhóm 0
C03043,38,7,5182050.0,740292.8571428572,2,3,TODO: đặt tên nhóm 2
C03044,19,6,8973600.0,1495600.0,3,2,TODO: đặt tên nhóm 3
C03045,37,6,6193750.0,1032291.6666666666,2,3,TODO: đặt tên nhóm 2
C03046,43,7,4709650.0,672807.1428571428,2,3,TODO: đặt tên nhóm 2
C03047,8,6,7920800.0,1320133.3333333333,3,3,TODO: đặt tên nhóm 3
C03048,11,6,6074150.0,1012358.3333333334,2,3,TODO: đặt tên nhóm 2
C03049,30,3,1210650.0,403550.0,2,0,TODO: đặt tên nhóm 2
C03050,61,6,8593000.0,1432166.6666666667,3,3,TODO: đặt tên nhóm 3
C03051,18,7,5808600.0,829800.0,2,3,TODO: đặt tên nhóm 2
C03052,149,3,1873400.0,624466.6666666666,1,0,TODO: đặt tên nhóm 1
C03053,52,3,1533900.0,511300.0,2,0,TODO: đặt tên nhóm 2
C03054,40,5,6148200.0,1229640.0,2,3,TODO: đặt tên nhóm 2
C03055,65,2,547600.0,273800.0,2,0,TODO: đặt tên nhóm 2
C03056,15,5,3684600.0,736920.0,2,3,TODO: đặt tên nhóm 2
C03057,64,4,4819700.0,1204925.0,2,3,TODO: đặt tên nhóm 2
C03058,24,6,6735150.0,1122525.0,2,3,TODO: đặt tên nhóm 2
C03059,22,6,5771700.0,961950.0,2,3,TODO: đặt tên nhóm 2
C03060,34,5,5824600.0,1164920.0,2,3,TODO: đặt tên nhóm 2
C03061,6,4,1464300.0,366075.0,2,0,TODO: đặt tên nhóm 2
C03062,88,7,3878900.0,554128.5714285715,2,3,TODO: đặt tên nhóm 2
C03063,52,7,7123350.0,1017621.4285714285,2,3,TODO: đặt tên nhóm 2
C03064,32,6,6534169.0,1089028.1666666667,2,3,TODO: đặt tên nhóm 2
C03065,55,7,4415150.0,630735.7142857143,2,3,TODO: đặt tên nhóm 2
C03066,35,4,9473950.0,2368487.5,3,1,TODO: đặt tên nhóm 3
C03067,16,8,5785350.0,723168.75,2,2,TODO: đặt tên nhóm 2
C03068,47,10,6987900.0,698790.0,2,2,TODO: đặt tên nhóm 2
C03069,118,7,8909600.0,1272800.0,3,1,TODO: đặt tên nhóm 3
C03070,14,4,1335100.0,333775.0,2,0,TODO: đặt tên nhóm 2
C03071,42,4,8120000.0,2030000.0,3,1,TODO: đặt tên nhóm 3
C03072,47,4,4486000.0,1121500.0,2,3,TODO: đặt tên nhóm 2
C03073,38,2,3598000.0,1799000.0,3,1,TODO: đặt tên nhóm 3
C03074,5,5,4440200.0,888040.0,2,3,TODO: đặt tên nhóm 2
C03075,69,6,9978950.0,1663158.3333333333,3,1,TODO: đặt tên nhóm 3
C03076,30,5,3423150.0,684630.0,2,3,TODO: đặt tên nhóm 2
C03077,25,4,3543000.0,885750.0,2,3,TODO: đặt tên nhóm 2
C03078,22,3,1990000.0,663333.3333333334,2,0,TODO: đặt tên nhóm 2
C03079,2,9,8480200.0,942244.4444444445,2,2,TODO: đặt tên nhóm 2
C03080,33,5,9277500.0,1855500.0,3,1,TODO: đặt tên nhóm 3
C03081,84,2,727000.0,363500.0,1,0,TODO: đặt tên nhóm 1
C03082,52,3,1412300.0,470766.6666666667,2,0,TODO: đặt tên nhóm 2
C03083,148,3,3162500.0,1054166.6666666667,1,0,TODO: đặt tên nhóm 1
C03084,84,5,5787400.0,1157480.0,3,3,TODO: đặt tên nhóm 3
C03085,1,10,5720750.0,572075.0,2,2,TODO: đặt tên nhóm 2
C03086,47,8,14178100.0,1772262.5,3,1,TODO: đặt tên nhóm 3
C03087,183,3,3191400.0,1063800.0,1,0,TODO: đặt tên nhóm 1
C03088,45,2,2370550.0,1185275.0,2,0,TODO: đặt tên nhóm 2
C03089,210,5,2464700.0,492940.0,1,0,TODO: đặt tên nhóm 1
C03090,2,5,4310450.0,862090.0,2,3,TODO: đặt tên nhóm 2
C03091,255,1,394400.0,394400.0,1,0,TODO: đặt tên nhóm 1
C03092,50,4,2346300.0,586575.0,2,0,TODO: đặt tên nhóm 2
C03093,160,2,331000.0,165500.0,1,0,TODO: đặt tên nhóm 1
C03094,30,7,9613850.0,1373407.142857143,3,2,TODO: đặt tên nhóm 3
C03095,7,12,21361100.0,1780091.6666666667,0,2,TODO: đặt tên nhóm 0
C03096,182,5,7213800.0,1442760.0,1,1,TODO: đặt tên nhóm 1
C03097,45,4,5501250.0,1375312.5,3,2,TODO: đặt tên nhóm 3
C03098,43,9,11239580.0,1248842.2222222222,0,2,TODO: đặt tên nhóm 0
C03099,31,7,5902397.0,843199.5714285715,2,3,TODO: đặt tên nhóm 2
C03100,51,7,4632450.0,661778.5714285715,2,3,TODO: đặt tên nhóm 2
C03101,51,10,4483800.0,448380.0,2,2,TODO: đặt tên nhóm 2
C03102,61,3,1249250.0,416416.6666666667,2,0,TODO: đặt tên nhóm 2
C03103,83,6,4965900.0,827650.0,2,3,TODO: đặt tên nhóm 2
C03104,131,4,2838000.0,709500.0,1,0,TODO: đặt tên nhóm 1
C03105,56,3,2246000.0,748666.6666666666,2,0,TODO: đặt tên nhóm 2
C03106,8,6,4268500.0,711416.6666666666,2,3,TODO: đặt tên nhóm 2
C03107,43,5,1974250.0,394850.0,2,3,TODO: đặt tên nhóm 2
C03108,42,6,3365900.0,560983.3333333334,2,3,TODO: đặt tên nhóm 2
C03109,7,3,1602000.0,534000.0,2,0,TODO: đặt tên nhóm 2
C03110,25,8,9585500.0,1198187.5,3,2,TODO: đặt tên nhóm 3
C03111,88,5,1612750.0,322550.0,2,3,TODO: đặt tên nhóm 2
C03112,15,6,9638600.0,1606433.3333333333,3,2,TODO: đặt tên nhóm 3
C03113,17,5,8383700.0,1676740.0,3,1,TODO: đặt tên nhóm 3
C03115,20,3,3681100.0,1227033.3333333333,2,0,TODO: đặt tên nhóm 2
C03116,18,11,10129950.0,920904.5454545454,0,2,TODO: đặt tên nhóm 0
C03117,9,5,6024050.0,1204810.0,2,3,TODO: đặt tên nhóm 2
C03118,81,1,252700.0,252700.0,1,0,TODO: đặt tên nhóm 1
C03119,77,4,3898400.0,974600.0,2,3,TODO: đặt tên nhóm 2
C03120,18,6,7941500.0,1323583.3333333333,3,3,TODO: đặt tên nhóm 3
C03121,2,5,7327800.0,1465560.0,3,3,TODO: đặt tên nhóm 3
C03122,84,7,13644793.909992384,1949256.2728560548,3,1,TODO: đặt tên nhóm 3
C03123,21,4,4780000.0,1195000.0,2,3,TODO: đặt tên nhóm 2
C03124,18,5,1705900.0,341180.0,2,3,TODO: đặt tên nhóm 2
C03125,19,5,1681450.0,336290.0,2,3,TODO: đặt tên nhóm 2
C03126,109,3,1098100.0,366033.3333333333,1,0,TODO: đặt tên nhóm 1
C03127,18,6,7376350.0,1229391.6666666667,2,3,TODO: đặt tên nhóm 2
C03128,66,6,3604100.0,600683.3333333334,2,3,TODO: đặt tên nhóm 2
C03129,23,2,577800.0,288900.0,2,0,TODO: đặt tên nhóm 2
C03130,11,3,2227550.0,742516.6666666666,2,0,TODO: đặt tên nhóm 2
C03131,30,6,5907000.0,984500.0,2,3,TODO: đặt tên nhóm 2
C03132,24,5,8750450.0,1750090.0,3,1,TODO: đặt tên nhóm 3
C03133,131,5,4900450.0,980090.0,1,3,TODO: đặt tên nhóm 1
C03134,8,5,4851150.0,970230.0,2,3,TODO: đặt tên nhóm 2
C03135,29,9,23974109.0,2663789.888888889,3,2,TODO: đặt tên nhóm 3
C03136,5,4,1280550.0,320137.5,2,0,TODO: đặt tên nhóm 2
C03137,158,4,4360500.0,1090125.0,1,3,TODO: đặt tên nhóm 1
C03138,109,5,1630700.0,326140.0,1,3,TODO: đặt tên nhóm 1
C03139,7,2,2625600.0,1312800.0,2,0,TODO: đặt tên nhóm 2
C03140,191,1,2236000.0,2236000.0,3,1,TODO: đặt tên nhóm 3
C03141,1,7,6181700.0,883100.0,2,3,TODO: đặt tên nhóm 2
C03142,56,7,6019700.0,859957.1428571428,2,3,TODO: đặt tên nhóm 2
C03143,30,7,5607900.0,801128.5714285715,2,3,TODO: đặt tên nhóm 2
C03144,28,6,9632850.0,1605475.0,3,2,TODO: đặt tên nhóm 3
C03145,47,5,3339350.0,667870.0,2,3,TODO: đặt tên nhóm 2
C03146,28,6,7911400.498930868,1318566.7498218112,3,3,TODO: đặt tên nhóm 3
C03147,50,4,3624550.0,906137.5,2,3,TODO: đặt tên nhóm 2
C03148,255,2,520000.0,260000.0,1,0,TODO: đặt tên nhóm 1
C03149,19,3,1241900.0,413966.6666666667,2,0,TODO: đặt tên nhóm 2
C03150,38,3,4063200.0,1354400.0,3,2,TODO: đặt tên nhóm 3
C03151,3,7,2955800.0,422257.14285714284,2,2,TODO: đặt tên nhóm 2
C03152,22,2,725100.0,362550.0,2,0,TODO: đặt tên nhóm 2
C03153,50,6,3549000.0,591500.0,2,3,TODO: đặt tên nhóm 2
C03154,36,9,7087300.0,787477.7777777778,2,2,TODO: đặt tên nhóm 2
C03155,27,8,7942300.0,992787.5,2,2,TODO: đặt tên nhóm 2
C03156,197,2,1572200.0,786100.0,1,0,TODO: đặt tên nhóm 1
C03157,110,3,1320550.0,440183.3333333333,1,0,TODO: đặt tên nhóm 1
C03158,27,6,2690900.0,448483.3333333333,2,3,TODO: đặt tên nhóm 2
C03159,109,4,5607300.0,1401825.0,3,1,TODO: đặt tên nhóm 3
C03160,30,6,4521700.0,753616.6666666666,2,3,TODO: đặt tên nhóm 2
C03161,15,7,5785050.0,826435.7142857143,2,3,TODO: đặt tên nhóm 2
C03162,63,9,12640800.0,1404533.3333333333,0,1,TODO: đặt tên nhóm 0
C03163,64,3,5281000.0,1760333.3333333333,3,1,TODO: đặt tên nhóm 3
C03164,19,3,3742000.0,1247333.3333333333,2,0,TODO: đặt tên nhóm 2
C03165,60,5,4354100.0,870820.0,2,3,TODO: đặt tên nhóm 2
C03166,6,7,14803150.0,2114735.714285714,3,1,TODO: đặt tên nhóm 3
C03167,68,6,4842250.0,807041.6666666666,2,3,TODO: đặt tên nhóm 2
C03168,75,4,4863500.0,1215875.0,3,3,TODO: đặt tên nhóm 3
C03169,8,8,7611804.0,951475.5,2,3,TODO: đặt tên nhóm 2
C03170,61,3,3895950.0,1298650.0,3,0,TODO: đặt tên nhóm 3
C03171,86,7,8437150.0,1205307.142857143,3,1,TODO: đặt tên nhóm 3
C03172,5,5,1904550.0,380910.0,2,3,TODO: đặt tên nhóm 2
C03173,3,6,8600600.0,1433433.3333333333,3,2,TODO: đặt tên nhóm 3
C03174,45,9,5065060.0,562784.4444444445,2,2,TODO: đặt tên nhóm 2
C03175,9,5,3461200.0,692240.0,2,3,TODO: đặt tên nhóm 2
C03176,28,6,3274300.0,545716.6666666666,2,3,TODO: đặt tên nhóm 2
C03177,18,3,2418300.0,806100.0,2,0,TODO: đặt tên nhóm 2
C03178,81,3,20573614.0,6857871.333333333,3,1,TODO: đặt tên nhóm 3
C03179,27,7,7039450.0,1005635.7142857143,2,3,TODO: đặt tên nhóm 2
C03180,159,4,2939000.0,734750.0,1,0,TODO: đặt tên nhóm 1
C03181,20,6,4344400.0,724066.6666666666,2,3,TODO: đặt tên nhóm 2
C03182,216,2,9540737.0,4770368.5,3,1,TODO: đặt tên nhóm 3
C03183,48,4,7202000.0,1800500.0,3,1,TODO: đặt tên nhóm 3
C03184,13,5,4514251.0,902850.2,2,3,TODO: đặt tên nhóm 2
C03185,280,1,348000.0,348000.0,1,0,TODO: đặt tên nhóm 1
C03186,3,8,6614950.0,826868.75,2,3,TODO: đặt tên nhóm 2
C03187,91,3,4485741.0,1495247.0,3,1,TODO: đặt tên nhóm 3
C03188,141,3,2741300.0,913766.6666666666,1,0,TODO: đặt tên nhóm 1
C03189,33,4,5017000.0,1254250.0,2,3,TODO: đặt tên nhóm 2
C03190,13,2,13364127.0,6682063.5,3,1,TODO: đặt tên nhóm 3
C03191,130,5,2566400.0,513280.0,1,3,TODO: đặt tên nhóm 1
C03192,2,7,10764100.0,1537728.5714285714,3,2,TODO: đặt tên nhóm 3
C03193,6,5,7743000.0,1548600.0,3,3,TODO: đặt tên nhóm 3
C03194,147,5,10558000.0,2111600.0,3,1,TODO: đặt tên nhóm 3
C03195,77,2,3898000.0,1949000.0,3,1,TODO: đặt tên nhóm 3
C03196,87,6,7716450.0,1286075.0,3,3,TODO: đặt tên nhóm 3
C03197,19,6,4087300.0,681216.6666666666,2,3,TODO: đặt tên nhóm 2
C03198,128,3,1676150.0,558716.6666666666,1,0,TODO: đặt tên nhóm 1
C03199,117,5,2797500.0,559500.0,1,3,TODO: đặt tên nhóm 1
C03200,106,6,4234100.0,705683.3333333334,1,3,TODO: đặt tên nhóm 1
C03201,13,8,8372000.0,1046500.0,2,2,TODO: đặt tên nhóm 2
C03202,6,8,7468450.0,933556.25,2,3,TODO: đặt tên nhóm 2
C03203,4,8,7763050.0,970381.25,2,3,TODO: đặt tên nhóm 2
C03204,15,8,8379650.0,1047456.25,2,2,TODO: đặt tên nhóm 2
C03205,44,6,7771300.0,1295216.6666666667,3,3,TODO: đặt tên nhóm 3
C03206,12,5,3121300.0,624260.0,2,3,TODO: đặt tên nhóm 2
C03207,63,3,1743000.0,581000.0,2,0,TODO: đặt tên nhóm 2
C03208,46,7,5349750.0,764250.0,2,3,TODO: đặt tên nhóm 2
C03209,87,6,9705700.0,1617616.6666666667,3,1,TODO: đặt tên nhóm 3
C03210,1,4,4581600.0,1145400.0,2,3,TODO: đặt tên nhóm 2
C03211,133,6,1985150.0,330858.3333333333,1,3,TODO: đặt tên nhóm 1
C03212,136,4,1259100.0,314775.0,1,0,TODO: đặt tên nhóm 1
C03213,93,3,2622000.0,874000.0,1,0,TODO: đặt tên nhóm 1
C03214,85,9,5546900.0,616322.2222222222,2,1,TODO: đặt tên nhóm 2
C03215,85,4,6806000.0,1701500.0,3,1,TODO: đặt tên nhóm 3
C03216,40,8,8378950.0,1047368.75,2,2,TODO: đặt tên nhóm 2
C03217,128,4,5834200.0,1458550.0,3,1,TODO: đặt tên nhóm 3
C03218,92,4,4274700.0,1068675.0,2,3,TODO: đặt tên nhóm 2
C03219,3,2,1685000.0,842500.0,2,0,TODO: đặt tên nhóm 2
C03220,11,4,3063000.0,765750.0,2,3,TODO: đặt tên nhóm 2
C03221,7,2,693000.0,346500.0,2,0,TODO: đặt tên nhóm 2
C03222,93,4,3266700.0,816675.0,1,3,TODO: đặt tên nhóm 1
C03223,28,5,7731100.0,1546220.0,3,3,TODO: đặt tên nhóm 3
C03224,92,6,2071000.0,345166.6666666667,2,3,TODO: đặt tên nhóm 2
C03225,19,4,3530700.0,882675.0,2,3,TODO: đặt tên nhóm 2
C03226,39,6,4610600.0,768433.3333333334,2,3,TODO: đặt tên nhóm 2
C03227,31,3,1755300.0,585100.0,2,0,TODO: đặt tên nhóm 2
C03228,109,6,4737300.0,789550.0,1,3,TODO: đặt tên nhóm 1
C03229,4,5,2420950.0,484190.0,2,3,TODO: đặt tên nhóm 2
C03230,53,6,11913600.0,1985600.0,3,1,TODO: đặt tên nhóm 3
C03231,4,6,5147000.0,857833.3333333334,2,3,TODO: đặt tên nhóm 2
C03232,4,3,2637150.0,879050.0,2,0,TODO: đặt tên nhóm 2
C03233,87,5,1915700.0,383140.0,2,3,TODO: đặt tên nhóm 2
C03234,39,5,7662394.0,1532478.8,3,3,TODO: đặt tên nhóm 3
C03235,55,9,6614800.0,734977.7777777778,2,2,TODO: đặt tên nhóm 2
C03236,76,3,2121950.0,707316.6666666666,2,0,TODO: đặt tên nhóm 2
C03237,226,1,4476000.0,4476000.0,3,1,TODO: đặt tên nhóm 3
C03238,24,3,2566000.0,855333.3333333334,2,0,TODO: đặt tên nhóm 2
C03239,35,4,4757900.0,1189475.0,2,3,TODO: đặt tên nhóm 2
C03240,113,7,6001050.0,857292.8571428572,1,3,TODO: đặt tên nhóm 1
C03241,154,2,1029400.0,514700.0,1,0,TODO: đặt tên nhóm 1
C03242,4,3,2637000.0,879000.0,2,0,TODO: đặt tên nhóm 2
C03243,2,7,5850150.0,835735.7142857143,2,3,TODO: đặt tên nhóm 2
C03244,56,6,1766000.0,294333.3333333333,2,3,TODO: đặt tên nhóm 2
C03245,12,4,4693000.0,1173250.0,2,3,TODO: đặt tên nhóm 2
C03246,114,4,3189700.0,797425.0,1,3,TODO: đặt tên nhóm 1
C03247,66,4,3049050.0,762262.5,2,3,TODO: đặt tên nhóm 2
C03248,105,7,4684000.0,669142.8571428572,2,3,TODO: đặt tên nhóm 2
C03249,175,3,1243500.0,414500.0,1,0,TODO: đặt tên nhóm 1
C03250,89,5,3899350.0,779870.0,2,3,TODO: đặt tên nhóm 2
C03251,24,6,4381650.0,730275.0,2,3,TODO: đặt tên nhóm 2
C03252,69,6,8512650.0,1418775.0,3,3,TODO: đặt tên nhóm 3
C03253,52,4,1858850.0,464712.5,2,0,TODO: đặt tên nhóm 2
C03254,122,2,1915250.0,957625.0,1,0,TODO: đặt tên nhóm 1
C03255,4,7,6524200.0,932028.5714285715,2,3,TODO: đặt tên nhóm 2
C03256,52,5,5641800.0,1128360.0,2,3,TODO: đặt tên nhóm 2
C03257,5,7,12213900.0,1744842.857142857,3,2,TODO: đặt tên nhóm 3
C03258,12,2,2370000.0,1185000.0,2,0,TODO: đặt tên nhóm 2
C03259,122,4,8480079.0,2120019.75,3,1,TODO: đặt tên nhóm 3
C03260,28,7,9615300.0,1373614.2857142857,3,2,TODO: đặt tên nhóm 3
C03261,53,4,15963071.0,3990767.75,3,1,TODO: đặt tên nhóm 3
C03262,88,7,10999750.0,1571392.857142857,3,1,TODO: đặt tên nhóm 3
C03263,48,6,5456250.0,909375.0,2,3,TODO: đặt tên nhóm 2
C03265,245,1,757350.0,757350.0,1,0,TODO: đặt tên nhóm 1
C03266,50,5,990550.0,198110.0,2,3,TODO: đặt tên nhóm 2
C03267,3,5,7149300.0,1429860.0,3,3,TODO: đặt tên nhóm 3
C03268,98,8,7571600.0,946450.0,2,3,TODO: đặt tên nhóm 2
C03269,37,6,17085927.0,2847654.5,3,1,TODO: đặt tên nhóm 3
C03270,169,5,3309750.0,661950.0,1,3,TODO: đặt tên nhóm 1
C03271,126,2,1746800.0,873400.0,1,0,TODO: đặt tên nhóm 1
C03272,16,6,7783350.0,1297225.0,3,3,TODO: đặt tên nhóm 3
C03273,8,4,4562000.0,1140500.0,2,3,TODO: đặt tên nhóm 2
C03274,151,2,1477200.0,738600.0,1,0,TODO: đặt tên nhóm 1
C03275,13,9,8154650.0,906072.2222222222,2,2,TODO: đặt tên nhóm 2
C03276,103,9,14268450.0,1585383.3333333333,3,1,TODO: đặt tên nhóm 3
C03277,25,7,6056300.0,865185.7142857143,2,3,TODO: đặt tên nhóm 2
C03278,30,3,1886000.0,628666.6666666666,2,0,TODO: đặt tên nhóm 2
C03279,5,5,4498350.0,899670.0,2,3,TODO: đặt tên nhóm 2
C03280,50,5,4249000.0,849800.0,2,3,TODO: đặt tên nhóm 2
C03281,6,7,5523200.0,789028.5714285715,2,3,TODO: đặt tên nhóm 2
C03282,160,4,3711600.0,927900.0,1,3,TODO: đặt tên nhóm 1
C03283,62,9,12666100.0,1407344.4444444445,0,1,TODO: đặt tên nhóm 0
C03284,39,6,7042600.0,1173766.6666666667,2,3,TODO: đặt tên nhóm 2
C03285,156,5,5353450.0,1070690.0,1,3,TODO: đặt tên nhóm 1
C03286,240,1,4416000.0,4416000.0,3,1,TODO: đặt tên nhóm 3
C03287,84,2,991150.0,495575.0,1,0,TODO: đặt tên nhóm 1
C03288,12,7,8234287.0,1176326.7142857143,2,2,TODO: đặt tên nhóm 2
C03289,13,5,6833200.0,1366640.0,3,3,TODO: đặt tên nhóm 3
C03290,125,5,2885350.0,577070.0,1,3,TODO: đặt tên nhóm 1
C03291,33,6,9923850.0,1653975.0,3,2,TODO: đặt tên nhóm 3
C03292,16,3,3970800.0,1323600.0,2,2,TODO: đặt tên nhóm 2
C03293,101,4,6806250.0,1701562.5,3,1,TODO: đặt tên nhóm 3
C03294,9,7,4707450.0,672492.8571428572,2,3,TODO: đặt tên nhóm 2
C03295,19,5,5814400.0,1162880.0,2,3,TODO: đặt tên nhóm 2
C03296,4,7,5669000.0,809857.1428571428,2,3,TODO: đặt tên nhóm 2
C03297,41,5,2934600.0,586920.0,2,3,TODO: đặt tên nhóm 2
C03298,43,6,4741400.0,790233.3333333334,2,3,TODO: đặt tên nhóm 2
C03299,225,5,1821400.0,364280.0,1,0,TODO: đặt tên nhóm 1
C03300,42,7,5977200.0,853885.7142857143,2,3,TODO: đặt tên nhóm 2
C03301,21,9,4864150.0,540461.1111111111,2,2,TODO: đặt tên nhóm 2
C03302,162,3,3667000.0,1222333.3333333333,1,0,TODO: đặt tên nhóm 1
C03303,45,9,7335050.0,815005.5555555555,2,2,TODO: đặt tên nhóm 2
C03304,54,3,1979500.0,659833.3333333334,2,0,TODO: đặt tên nhóm 2
C03305,104,1,4200000.0,4200000.0,3,1,TODO: đặt tên nhóm 3
C03306,23,7,12104900.0,1729271.4285714286,3,2,TODO: đặt tên nhóm 3
C03307,20,5,2727700.0,545540.0,2,3,TODO: đặt tên nhóm 2
C03308,250,1,158000.0,158000.0,1,0,TODO: đặt tên nhóm 1
C03309,1,10,8170650.0,817065.0,0,2,TODO: đặt tên nhóm 0
C03310,75,5,4749200.0,949840.0,2,3,TODO: đặt tên nhóm 2
C03311,110,5,4524000.0,904800.0,1,3,TODO: đặt tên nhóm 1
C03312,26,7,5718650.0,816950.0,2,3,TODO: đặt tên nhóm 2
C03313,17,5,7733200.0,1546640.0,3,3,TODO: đặt tên nhóm 3
C03314,137,6,7398200.0,1233033.3333333333,3,3,TODO: đặt tên nhóm 3
C03315,28,6,7134100.0,1189016.6666666667,2,3,TODO: đặt tên nhóm 2
C03316,21,6,8567000.0,1427833.3333333333,3,2,TODO: đặt tên nhóm 3
C03317,84,7,5573750.0,796250.0,2,3,TODO: đặt tên nhóm 2
C03318,89,6,2858000.0,476333.3333333333,2,3,TODO: đặt tên nhóm 2
C03319,93,9,9254100.0,1028233.3333333334,3,1,TODO: đặt tên nhóm 3
C03320,55,5,6754900.0,1350980.0,3,3,TODO: đặt tên nhóm 3
C03321,16,11,9718350.0,883486.3636363636,0,2,TODO: đặt tên nhóm 0
C03322,33,7,8886400.0,1269485.7142857143,3,2,TODO: đặt tên nhóm 3
C03323,158,2,312000.0,156000.0,1,0,TODO: đặt tên nhóm 1
C03324,56,6,5683500.0,947250.0,2,3,TODO: đặt tên nhóm 2
C03325,41,12,10046350.0,837195.8333333334,0,2,TODO: đặt tên nhóm 0
C03326,81,7,10855000.0,1550714.2857142857,3,1,TODO: đặt tên nhóm 3
C03327,2,5,1493100.0,298620.0,2,3,TODO: đặt tên nhóm 2
C03328,42,4,4955300.0,1238825.0,2,3,TODO: đặt tên nhóm 2
C03329,96,3,2080800.0,693600.0,1,0,TODO: đặt tên nhóm 1
C03330,36,6,6303400.0,1050566.6666666667,2,3,TODO: đặt tên nhóm 2
C03331,102,3,5617800.0,1872600.0,3,1,TODO: đặt tên nhóm 3
C03332,1,6,8404000.0,1400666.6666666667,3,3,TODO: đặt tên nhóm 3
C03333,98,5,5110800.0,1022160.0,2,3,TODO: đặt tên nhóm 2
C03334,113,2,1940450.0,970225.0,1,0,TODO: đặt tên nhóm 1
C03335,51,2,1642000.0,821000.0,2,0,TODO: đặt tên nhóm 2
C03336,21,6,4402000.0,733666.6666666666,2,3,TODO: đặt tên nhóm 2
C03337,147,5,5401200.0,1080240.0,1,3,TODO: đặt tên nhóm 1
C03338,19,9,4734600.0,526066.6666666666,2,2,TODO: đặt tên nhóm 2
C03339,47,2,538350.0,269175.0,2,0,TODO: đặt tên nhóm 2
C03340,44,8,4813500.0,601687.5,2,2,TODO: đặt tên nhóm 2
C03341,2,4,5107000.0,1276750.0,2,2,TODO: đặt tên nhóm 2
C03342,63,4,1929400.0,482350.0,2,0,TODO: đặt tên nhóm 2
C03343,16,7,8098090.0,1156870.0,2,2,TODO: đặt tên nhóm 2
C03344,92,8,9062600.0,1132825.0,3,1,TODO: đặt tên nhóm 3
C03345,57,5,8020400.0,1604080.0,3,3,TODO: đặt tên nhóm 3
C03346,21,6,4522200.0,753700.0,2,3,TODO: đặt tên nhóm 2
C03347,15,4,2386700.0,596675.0,2,0,TODO: đặt tên nhóm 2
C03348,17,5,6672900.0,1334580.0,3,3,TODO: đặt tên nhóm 3
C03349,50,5,3542300.0,708460.0,2,3,TODO: đặt tên nhóm 2
C03350,14,5,4174600.0,834920.0,2,3,TODO: đặt tên nhóm 2
C03351,4,6,4924650.0,820775.0,2,3,TODO: đặt tên nhóm 2
C03352,11,6,4876400.0,812733.3333333334,2,3,TODO: đặt tên nhóm 2
C03353,6,8,10519800.0,1314975.0,0,2,TODO: đặt tên nhóm 0
C03354,31,9,10979500.0,1219944.4444444445,0,2,TODO: đặt tên nhóm 0
C03355,7,2,933000.0,466500.0,2,0,TODO: đặt tên nhóm 2
C03356,95,7,6620000.0,945714.2857142857,2,3,TODO: đặt tên nhóm 2
C03357,72,6,6940700.0,1156783.3333333333,3,3,TODO: đặt tên nhóm 3
C03358,34,6,2246650.0,374441.6666666667,2,3,TODO: đặt tên nhóm 2
C03359,1,5,4703200.0,940640.0,2,3,TODO: đặt tên nhóm 2
C03360,64,4,6885550.0,1721387.5,3,1,TODO: đặt tên nhóm 3
C03361,51,5,2176400.0,435280.0,2,3,TODO: đặt tên nhóm 2
C03362,255,1,382000.0,382000.0,1,0,TODO: đặt tên nhóm 1
C03363,68,1,905400.0,905400.0,2,0,TODO: đặt tên nhóm 2
C03364,116,4,2741650.0,685412.5,1,0,TODO: đặt tên nhóm 1
C03365,120,2,1316300.0,658150.0,1,0,TODO: đặt tên nhóm 1
C03366,3,8,11803526.0,1475440.75,0,2,TODO: đặt tên nhóm 0
C03367,91,5,5236216.0,1047243.2,2,3,TODO: đặt tên nhóm 2
C03368,8,5,3435500.0,687100.0,2,3,TODO: đặt tên nhóm 2
C03369,38,6,4421050.0,736841.6666666666,2,3,TODO: đặt tên nhóm 2
C03370,27,6,2922750.0,487125.0,2,3,TODO: đặt tên nhóm 2
C03371,101,2,3888250.0,1944125.0,3,1,TODO: đặt tên nhóm 3
C03372,20,6,7966350.0,1327725.0,3,3,TODO: đặt tên nhóm 3
C03373,72,7,8653270.218698187,1236181.4598140267,3,1,TODO: đặt tên nhóm 3
C03374,51,7,4977200.0,711028.5714285715,2,3,TODO: đặt tên nhóm 2
C03375,106,3,2428850.0,809616.6666666666,1,0,TODO: đặt tên nhóm 1
C03376,41,6,2786150.0,464358.3333333333,2,3,TODO: đặt tên nhóm 2
C03377,158,3,5177700.0,1725900.0,3,1,TODO: đặt tên nhóm 3
C03378,4,5,5964950.0,1192990.0,2,3,TODO: đặt tên nhóm 2
C03379,67,5,4830650.0,966130.0,2,3,TODO: đặt tên nhóm 2
C03380,105,7,8079150.0,1154164.2857142857,3,3,TODO: đặt tên nhóm 3
C03381,76,4,3834250.0,958562.5,2,3,TODO: đặt tên nhóm 2
C03382,52,3,2351500.0,783833.3333333334,2,0,TODO: đặt tên nhóm 2
C03383,22,6,9577850.0,1596308.3333333333,3,2,TODO: đặt tên nhóm 3
C03384,75,4,3085100.0,771275.0,2,3,TODO: đặt tên nhóm 2
C03385,302,1,765000.0,765000.0,1,0,TODO: đặt tên nhóm 1
C03386,89,6,4755100.0,792516.6666666666,2,3,TODO: đặt tên nhóm 2
C03387,21,5,5124000.0,1024800.0,2,3,TODO: đặt tên nhóm 2
C03388,66,4,3104600.0,776150.0,2,3,TODO: đặt tên nhóm 2
C03389,150,4,2353100.0,588275.0,1,0,TODO: đặt tên nhóm 1
C03390,1,5,7831450.0,1566290.0,3,3,TODO: đặt tên nhóm 3
C03391,86,7,6635900.0,947985.7142857143,2,3,TODO: đặt tên nhóm 2
C03392,37,6,8491050.0,1415175.0,3,3,TODO: đặt tên nhóm 3
C03393,47,5,5204350.0,1040870.0,2,3,TODO: đặt tên nhóm 2
C03394,55,4,6262900.0,1565725.0,3,1,TODO: đặt tên nhóm 3
C03395,25,7,8793450.0,1256207.142857143,3,2,TODO: đặt tên nhóm 3
C03396,72,3,2874800.0,958266.6666666666,2,0,TODO: đặt tên nhóm 2
C03397,37,4,3743000.0,935750.0,2,3,TODO: đặt tên nhóm 2
C03398,31,6,6253550.0,1042258.3333333334,2,3,TODO: đặt tên nhóm 2
C03399,33,5,6581250.0,1316250.0,3,3,TODO: đặt tên nhóm 3
C03400,35,8,6535450.0,816931.25,2,3,TODO: đặt tên nhóm 2
C03401,22,7,11838600.0,1691228.5714285714,3,2,TODO: đặt tên nhóm 3
C03402,42,9,15397008.0,1710778.6666666667,0,2,TODO: đặt tên nhóm 0
C03403,1,4,8096400.0,2024100.0,3,1,TODO: đặt tên nhóm 3
C03404,12,9,7889000.0,876555.5555555555,2,2,TODO: đặt tên nhóm 2
C03405,23,9,8683100.0,964788.8888888889,2,2,TODO: đặt tên nhóm 2
C03406,126,1,184000.0,184000.0,1,0,TODO: đặt tên nhóm 1
C03407,61,4,3052000.0,763000.0,2,3,TODO: đặt tên nhóm 2
C03408,56,8,10456200.0,1307025.0,3,2,TODO: đặt tên nhóm 3
C03409,1,9,8072200.0,896911.1111111111,2,2,TODO: đặt tên nhóm 2
C03410,70,3,8387549.0,2795849.6666666665,3,1,TODO: đặt tên nhóm 3
C03411,4,4,2697000.0,674250.0,2,0,TODO: đặt tên nhóm 2
C03412,99,5,5028400.0,1005680.0,2,3,TODO: đặt tên nhóm 2
C03413,86,6,3643050.0,607175.0,2,3,TODO: đặt tên nhóm 2
C03414,15,5,2578500.0,515700.0,2,3,TODO: đặt tên nhóm 2
C03415,4,5,1191700.0,238340.0,2,3,TODO: đặt tên nhóm 2
C03416,5,6,5318300.0,886383.3333333334,2,3,TODO: đặt tên nhóm 2
C03417,38,4,3758050.0,939512.5,2,3,TODO: đặt tên nhóm 2
C03418,124,2,3596100.0,1798050.0,3,1,TODO: đặt tên nhóm 3
C03419,88,2,1029450.0,514725.0,1,0,TODO: đặt tên nhóm 1
C03420,121,3,800850.0,266950.0,1,0,TODO: đặt tên nhóm 1
C03421,10,2,1800000.0,900000.0,2,0,TODO: đặt tên nhóm 2
C03422,41,4,2573350.0,643337.5,2,0,TODO: đặt tên nhóm 2
C03425,15,5,2408200.0,481640.0,2,3,TODO: đặt tên nhóm 2
C03426,7,9,5991700.0,665744.4444444445,2,2,TODO: đặt tên nhóm 2
C03427,3,5,2851000.0,570200.0,2,3,TODO: đặt tên nhóm 2
C03428,205,2,2097000.0,1048500.0,1,0,TODO: đặt tên nhóm 1
C03429,47,7,13878950.0,1982707.142857143,3,1,TODO: đặt tên nhóm 3
C03430,19,8,8638600.0,1079825.0,2,2,TODO: đặt tên nhóm 2
C03431,32,5,2862050.0,572410.0,2,3,TODO: đặt tên nhóm 2
C03432,27,3,15762697.0,5254232.333333333,3,1,TODO: đặt tên nhóm 3
C03433,48,3,2263000.0,754333.3333333334,2,0,TODO: đặt tên nhóm 2
C03434,8,6,2549950.0,424991.6666666667,2,3,TODO: đặt tên nhóm 2
C03435,14,11,9016950.0,819722.7272727273,0,2,TODO: đặt tên nhóm 0
C03436,116,5,5757900.0,1151580.0,1,3,TODO: đặt tên nhóm 1
C03437,4,4,4063800.0,1015950.0,2,3,TODO: đặt tên nhóm 2
C03438,42,5,3737600.0,747520.0,2,3,TODO: đặt tên nhóm 2
C03439,220,2,1735000.0,867500.0,1,0,TODO: đặt tên nhóm 1
C03440,27,4,2460000.0,615000.0,2,0,TODO: đặt tên nhóm 2
C03441,23,4,1688450.0,422112.5,2,0,TODO: đặt tên nhóm 2
C03442,92,3,984000.0,328000.0,1,0,TODO: đặt tên nhóm 1
C03443,65,5,2680850.0,536170.0,2,3,TODO: đặt tên nhóm 2
C03444,1,5,3556100.0,711220.0,2,3,TODO: đặt tên nhóm 2
C03445,109,2,3186000.0,1593000.0,3,1,TODO: đặt tên nhóm 3
C03446,112,4,6492200.0,1623050.0,3,1,TODO: đặt tên nhóm 3
C03447,48,5,7007600.0,1401520.0,3,3,TODO: đặt tên nhóm 3
C03448,207,1,2886000.0,2886000.0,3,1,TODO: đặt tên nhóm 3
C03449,1,7,3271000.0,467285.71428571426,2,2,TODO: đặt tên nhóm 2
C03450,108,2,2200800.0,1100400.0,1,0,TODO: đặt tên nhóm 1
C03451,253,4,3951550.0,987887.5,1,3,TODO: đặt tên nhóm 1
C03452,159,5,5943800.0,1188760.0,1,3,TODO: đặt tên nhóm 1
C03453,50,8,8320700.0,1040087.5,2,2,TODO: đặt tên nhóm 2
C03454,27,3,1358000.0,452666.6666666667,2,0,TODO: đặt tên nhóm 2
C03455,21,6,7655100.0,1275850.0,3,3,TODO: đặt tên nhóm 3
C03456,19,5,2636200.0,527240.0,2,3,TODO: đặt tên nhóm 2
C03457,40,5,5923800.0,1184760.0,2,3,TODO: đặt tên nhóm 2
C03458,40,5,3639000.0,727800.0,2,3,TODO: đặt tên nhóm 2
C03459,9,2,662050.0,331025.0,2,0,TODO: đặt tên nhóm 2
C03460,21,4,3004400.0,751100.0,2,3,TODO: đặt tên nhóm 2
C03461,72,4,7154550.0,1788637.5,3,1,TODO: đặt tên nhóm 3
C03462,2,5,4634900.0,926980.0,2,3,TODO: đặt tên nhóm 2
C03463,75,4,2233100.0,558275.0,2,0,TODO: đặt tên nhóm 2
C03464,10,4,2355000.0,588750.0,2,0,TODO: đặt tên nhóm 2
C03465,123,4,1712250.0,428062.5,1,0,TODO: đặt tên nhóm 1
C03466,16,9,11957950.0,1328661.111111111,0,2,TODO: đặt tên nhóm 0
C03467,101,2,5506950.0,2753475.0,3,1,TODO: đặt tên nhóm 3
C03468,144,1,502000.0,502000.0,1,0,TODO: đặt tên nhóm 1
C03469,4,4,3260850.0,815212.5,2,3,TODO: đặt tên nhóm 2
C03470,201,4,1103950.0,275987.5,1,0,TODO: đặt tên nhóm 1
C03471,23,4,2404200.0,601050.0,2,0,TODO: đặt tên nhóm 2
C03472,3,3,2000450.0,666816.6666666666,2,0,TODO: đặt tên nhóm 2
C03473,2,6,8796500.0,1466083.3333333333,3,2,TODO: đặt tên nhóm 3
C03474,41,7,14560662.259140594,2080094.6084486563,3,1,TODO: đặt tên nhóm 3
C03475,68,3,2192100.0,730700.0,2,0,TODO: đặt tên nhóm 2
C03476,144,7,6782250.0,968892.8571428572,1,3,TODO: đặt tên nhóm 1
C03477,48,3,2282400.0,760800.0,2,0,TODO: đặt tên nhóm 2
C03478,45,2,315150.0,157575.0,2,0,TODO: đặt tên nhóm 2
C03479,3,6,4910550.0,818425.0,2,3,TODO: đặt tên nhóm 2
C03480,17,3,6083550.0,2027850.0,3,1,TODO: đặt tên nhóm 3
C03481,22,5,3961400.0,792280.0,2,3,TODO: đặt tên nhóm 2
C03482,12,6,3306100.0,551016.6666666666,2,3,TODO: đặt tên nhóm 2
C03483,95,3,4905750.0,1635250.0,3,1,TODO: đặt tên nhóm 3
C03484,48,7,7569750.0,1081392.857142857,2,3,TODO: đặt tên nhóm 2
C03485,8,4,2976400.0,744100.0,2,3,TODO: đặt tên nhóm 2
C03486,13,6,6620200.0,1103366.6666666667,2,3,TODO: đặt tên nhóm 2
C03487,123,4,4170700.0,1042675.0,1,3,TODO: đặt tên nhóm 1
C03488,62,7,6809800.0,972828.5714285715,2,3,TODO: đặt tên nhóm 2
C03489,32,4,5940950.0,1485237.5,3,2,TODO: đặt tên nhóm 3
C03490,49,6,7584524.0,1264087.3333333333,3,3,TODO: đặt tên nhóm 3
C03491,9,8,2887100.0,360887.5,2,2,TODO: đặt tên nhóm 2
C03492,1,7,11407600.0,1629657.142857143,3,2,TODO: đặt tên nhóm 3
C03493,107,5,6922350.0,1384470.0,3,3,TODO: đặt tên nhóm 3
C03494,5,11,12280501.0,1116409.1818181819,0,2,TODO: đặt tên nhóm 0
C03495,2,10,10684500.0,1068450.0,0,2,TODO: đặt tên nhóm 0
C03496,20,6,8937700.0,1489616.6666666667,3,2,TODO: đặt tên nhóm 3
C03497,87,7,3770350.0,538621.4285714285,2,3,TODO: đặt tên nhóm 2
C03498,181,2,1541450.0,770725.0,1,0,TODO: đặt tên nhóm 1
C03499,32,4,5695250.0,1423812.5,3,2,TODO: đặt tên nhóm 3
C03500,140,4,4776900.0,1194225.0,1,3,TODO: đặt tên nhóm 1
C03501,96,2,1434450.0,717225.0,1,0,TODO: đặt tên nhóm 1
C03503,39,3,3261200.0,1087066.6666666667,2,0,TODO: đặt tên nhóm 2
C03504,40,4,1629800.0,407450.0,2,0,TODO: đặt tên nhóm 2
C03505,93,3,3078000.0,1026000.0,1,0,TODO: đặt tên nhóm 1
C03506,36,3,3937850.0,1312616.6666666667,2,0,TODO: đặt tên nhóm 2
C03507,15,7,12822650.0,1831807.142857143,3,2,TODO: đặt tên nhóm 3
C03508,50,8,9506400.0,1188300.0,3,2,TODO: đặt tên nhóm 3
C03509,92,6,7285250.0,1214208.3333333333,3,3,TODO: đặt tên nhóm 3
C03510,50,4,10555200.0,2638800.0,3,1,TODO: đặt tên nhóm 3
C03511,16,2,1548100.0,774050.0,2,0,TODO: đặt tên nhóm 2
C03512,10,5,6570450.0,1314090.0,3,3,TODO: đặt tên nhóm 3
C03513,44,6,6535500.0,1089250.0,2,3,TODO: đặt tên nhóm 2
C03514,37,6,5039000.0,839833.3333333334,2,3,TODO: đặt tên nhóm 2
C03515,7,4,3883600.0,970900.0,2,3,TODO: đặt tên nhóm 2
C03516,13,6,4527700.0,754616.6666666666,2,3,TODO: đặt tên nhóm 2
C03517,29,8,13443600.0,1680450.0,3,2,TODO: đặt tên nhóm 3
C03518,77,6,7422650.0,1237108.3333333333,3,3,TODO: đặt tên nhóm 3
C03519,128,3,1486500.0,495500.0,1,0,TODO: đặt tên nhóm 1
C03520,16,3,1565000.0,521666.6666666667,2,0,TODO: đặt tên nhóm 2
C03521,82,4,5912000.0,1478000.0,3,1,TODO: đặt tên nhóm 3
C03522,73,3,4411900.0,1470633.3333333333,3,1,TODO: đặt tên nhóm 3
C03523,47,3,2483200.0,827733.3333333334,2,0,TODO: đặt tên nhóm 2
C03524,65,5,4712450.0,942490.0,2,3,TODO: đặt tên nhóm 2
C03525,31,11,18943570.0,1722142.7272727273,0,2,TODO: đặt tên nhóm 0
C03526,118,4,4829550.0,1207387.5,1,3,TODO: đặt tên nhóm 1
C03527,37,5,4732350.0,946470.0,2,3,TODO: đặt tên nhóm 2
C03528,58,3,1146400.0,382133.3333333333,2,0,TODO: đặt tên nhóm 2
C03529,16,4,1382950.0,345737.5,2,0,TODO: đặt tên nhóm 2
C03530,26,5,3611500.0,722300.0,2,3,TODO: đặt tên nhóm 2
C03531,46,6,3259300.0,543216.6666666666,2,3,TODO: đặt tên nhóm 2
C03532,34,8,6636900.0,829612.5,2,3,TODO: đặt tên nhóm 2
C03533,97,6,7037900.0,1172983.3333333333,3,3,TODO: đặt tên nhóm 3
C03534,119,7,8564900.0,1223557.142857143,3,1,TODO: đặt tên nhóm 3
C03535,7,7,8266700.0,1180957.142857143,2,2,TODO: đặt tên nhóm 2
C03536,108,1,173000.0,173000.0,1,0,TODO: đặt tên nhóm 1
C03537,44,4,5889800.0,1472450.0,3,1,TODO: đặt tên nhóm 3
C03538,145,4,4126650.0,1031662.5,1,3,TODO: đặt tên nhóm 1
C03539,87,4,3051100.0,762775.0,2,3,TODO: đặt tên nhóm 2
C03540,26,7,7872250.0,1124607.142857143,2,2,TODO: đặt tên nhóm 2
C03541,116,7,5391850.0,770264.2857142857,1,3,TODO: đặt tên nhóm 1
C03542,47,6,3432200.0,572033.3333333334,2,3,TODO: đặt tên nhóm 2
C03543,14,3,3233000.0,1077666.6666666667,2,0,TODO: đặt tên nhóm 2
C03544,128,2,1346250.0,673125.0,1,0,TODO: đặt tên nhóm 1
C03545,33,5,3314950.0,662990.0,2,3,TODO: đặt tên nhóm 2
C03546,65,4,9150750.0,2287687.5,3,1,TODO: đặt tên nhóm 3
C03547,6,6,6148700.0,1024783.3333333334,2,3,TODO: đặt tên nhóm 2
C03548,31,3,9532061.0,3177353.6666666665,3,1,TODO: đặt tên nhóm 3
C03549,111,4,3934000.0,983500.0,1,3,TODO: đặt tên nhóm 1
C03550,58,2,2081400.0,1040700.0,2,0,TODO: đặt tên nhóm 2
C03551,4,8,8791000.0,1098875.0,2,2,TODO: đặt tên nhóm 2
C03552,44,5,3355600.0,671120.0,2,3,TODO: đặt tên nhóm 2
C03553,46,3,1672000.0,557333.3333333334,2,0,TODO: đặt tên nhóm 2
C03554,16,7,1608550.0,229792.85714285713,2,2,TODO: đặt tên nhóm 2
C03555,63,8,5424700.0,678087.5,2,3,TODO: đặt tên nhóm 2
C03556,6,2,2716300.0,1358150.0,2,0,TODO: đặt tên nhóm 2
C03557,139,8,6436450.0,804556.25,1,3,TODO: đặt tên nhóm 1
C03558,121,2,2979000.0,1489500.0,1,0,TODO: đặt tên nhóm 1
C03559,22,4,1161450.0,290362.5,2,0,TODO: đặt tên nhóm 2
C03560,139,2,2448000.0,1224000.0,1,0,TODO: đặt tên nhóm 1
C03561,54,5,2692200.0,538440.0,2,3,TODO: đặt tên nhóm 2
C03562,118,3,15204463.0,5068154.333333333,3,1,TODO: đặt tên nhóm 3
C03563,51,4,6435550.0,1608887.5,3,1,TODO: đặt tên nhóm 3
C03564,50,4,2937200.0,734300.0,2,3,TODO: đặt tên nhóm 2
C03565,17,2,1799000.0,899500.0,2,0,TODO: đặt tên nhóm 2
C03566,52,7,4491350.0,641621.4285714285,2,3,TODO: đặt tên nhóm 2
C03567,96,7,4808600.0,686942.8571428572,2,3,TODO: đặt tên nhóm 2
C03568,26,1,162000.0,162000.0,2,0,TODO: đặt tên nhóm 2
C03569,7,7,6064150.0,866307.1428571428,2,3,TODO: đặt tên nhóm 2
C03570,75,3,783000.0,261000.0,2,0,TODO: đặt tên nhóm 2
C03571,53,3,3071850.0,1023950.0,2,0,TODO: đặt tên nhóm 2
C03572,129,2,4038000.0,2019000.0,3,1,TODO: đặt tên nhóm 3
C03573,126,8,5569800.0,696225.0,1,3,TODO: đặt tên nhóm 1
C03574,27,4,4007300.0,1001825.0,2,3,TODO: đặt tên nhóm 2
C03575,2,5,6748100.0,1349620.0,3,3,TODO: đặt tên nhóm 3
C03577,6,7,4218850.0,602692.8571428572,2,3,TODO: đặt tên nhóm 2
C03578,76,3,3627400.0,1209133.3333333333,2,0,TODO: đặt tên nhóm 2
C03579,25,6,3712800.0,618800.0,2,3,TODO: đặt tên nhóm 2
C03580,41,7,5035900.0,719414.2857142857,2,3,TODO: đặt tên nhóm 2
C03581,104,4,6221900.0,1555475.0,3,1,TODO: đặt tên nhóm 3
C03582,8,5,5154886.0,1030977.2,2,3,TODO: đặt tên nhóm 2
C03583,18,5,3557650.0,711530.0,2,3,TODO: đặt tên nhóm 2
C03584,27,5,6326700.0,1265340.0,2,3,TODO: đặt tên nhóm 2
C03585,26,5,10096985.0,2019397.0,3,1,TODO: đặt tên nhóm 3
C03586,84,3,1338900.0,446300.0,1,0,TODO: đặt tên nhóm 1
C03587,110,5,3295950.0,659190.0,1,3,TODO: đặt tên nhóm 1
C03588,163,5,3087500.0,617500.0,1,3,TODO: đặt tên nhóm 1
C03589,8,6,5786050.0,964341.6666666666,2,3,TODO: đặt tên nhóm 2
C03590,3,8,12927850.0,1615981.25,3,2,TODO: đặt tên nhóm 3
C03591,46,8,4381200.0,547650.0,2,2,TODO: đặt tên nhóm 2
C03592,3,7,22895759.0,3270822.714285714,3,1,TODO: đặt tên nhóm 3
C03593,26,3,2351850.0,783950.0,2,0,TODO: đặt tên nhóm 2
C03594,25,4,3264050.0,816012.5,2,3,TODO: đặt tên nhóm 2
C03595,136,4,6729960.0,1682490.0,3,1,TODO: đặt tên nhóm 3
C03596,172,3,3220300.0,1073433.3333333333,1,0,TODO: đặt tên nhóm 1
C03597,8,6,6992150.0,1165358.3333333333,2,3,TODO: đặt tên nhóm 2
C03598,100,4,4266100.0,1066525.0,1,3,TODO: đặt tên nhóm 1
C03599,62,6,6555800.0,1092633.3333333333,2,3,TODO: đặt tên nhóm 2
C03600,142,3,2444200.0,814733.3333333334,1,0,TODO: đặt tên nhóm 1
C03601,22,5,3350350.0,670070.0,2,3,TODO: đặt tên nhóm 2
C03602,24,2,1414200.0,707100.0,2,0,TODO: đặt tên nhóm 2
C03603,125,6,5095200.0,849200.0,1,3,TODO: đặt tên nhóm 1
C03604,25,6,6783550.0,1130591.6666666667,2,3,TODO: đặt tên nhóm 2
C03605,120,4,3014000.0,753500.0,1,0,TODO: đặt tên nhóm 1
C03606,14,12,13468050.0,1122337.5,0,2,TODO: đặt tên nhóm 0
C03607,45,5,2469950.0,493990.0,2,3,TODO: đặt tên nhóm 2
C03608,132,3,1895050.0,631683.3333333334,1,0,TODO: đặt tên nhóm 1
C03609,12,4,1906600.0,476650.0,2,0,TODO: đặt tên nhóm 2
C03610,36,6,3546200.0,591033.3333333334,2,3,TODO: đặt tên nhóm 2
C03611,108,5,3078700.0,615740.0,1,3,TODO: đặt tên nhóm 1
C03612,91,3,2145000.0,715000.0,1,0,TODO: đặt tên nhóm 1
C03613,86,3,1182350.0,394116.6666666667,1,0,TODO: đặt tên nhóm 1
C03614,45,4,3836350.0,959087.5,2,3,TODO: đặt tên nhóm 2
C03615,151,4,2620750.0,655187.5,1,0,TODO: đặt tên nhóm 1
C03616,169,4,2273500.0,568375.0,1,0,TODO: đặt tên nhóm 1
C03617,78,3,1957800.0,652600.0,2,0,TODO: đặt tên nhóm 2
C03618,34,4,10917000.0,2729250.0,3,1,TODO: đặt tên nhóm 3
C03619,21,6,8051300.0,1341883.3333333333,3,3,TODO: đặt tên nhóm 3
C03620,71,4,3077000.0,769250.0,2,3,TODO: đặt tên nhóm 2
C03621,6,2,1343400.0,671700.0,2,0,TODO: đặt tên nhóm 2
C03622,107,4,19338266.0,4834566.5,3,1,TODO: đặt tên nhóm 3
C03623,2,4,3402000.0,850500.0,2,3,TODO: đặt tên nhóm 2
C03624,45,7,6310950.0,901564.2857142857,2,3,TODO: đặt tên nhóm 2
C03625,186,3,1621900.0,540633.3333333334,1,0,TODO: đặt tên nhóm 1
C03626,92,2,921600.0,460800.0,1,0,TODO: đặt tên nhóm 1
C03627,13,9,9152900.0,1016988.8888888889,0,2,TODO: đặt tên nhóm 0
C03628,30,3,1807100.0,602366.6666666666,2,0,TODO: đặt tên nhóm 2
C03629,23,10,12401000.0,1240100.0,0,2,TODO: đặt tên nhóm 0
C03630,41,4,20179980.0,5044995.0,3,1,TODO: đặt tên nhóm 3
C03631,27,5,3944250.0,788850.0,2,3,TODO: đặt tên nhóm 2
C03632,5,3,900000.0,300000.0,2,0,TODO: đặt tên nhóm 2
C03633,91,2,8511593.0,4255796.5,3,1,TODO: đặt tên nhóm 3
C03634,23,4,5945500.0,1486375.0,3,2,TODO: đặt tên nhóm 3
C03635,25,5,4320850.0,864170.0,2,3,TODO: đặt tên nhóm 2
C03636,112,3,3342750.0,1114250.0,1,0,TODO: đặt tên nhóm 1
C03637,4,7,5260050.0,751435.7142857143,2,3,TODO: đặt tên nhóm 2
C03638,179,4,3250500.0,812625.0,1,0,TODO: đặt tên nhóm 1
C03640,272,1,185250.0,185250.0,1,0,TODO: đặt tên nhóm 1
C03641,80,8,4082100.0,510262.5,2,2,TODO: đặt tên nhóm 2
C03642,37,4,7324200.0,1831050.0,3,1,TODO: đặt tên nhóm 3
C03643,196,3,5641800.0,1880600.0,3,1,TODO: đặt tên nhóm 3
C03644,193,2,2931200.0,1465600.0,1,0,TODO: đặt tên nhóm 1
C03645,184,2,1423400.0,711700.0,1,0,TODO: đặt tên nhóm 1
C03646,156,4,7411000.0,1852750.0,3,1,TODO: đặt tên nhóm 3
C03647,86,2,1045150.0,522575.0,1,0,TODO: đặt tên nhóm 1
C03648,4,6,6386950.0,1064491.6666666667,2,3,TODO: đặt tên nhóm 2
C03649,13,7,6206050.0,886578.5714285715,2,3,TODO: đặt tên nhóm 2
C03650,56,3,1563350.0,521116.6666666667,2,0,TODO: đặt tên nhóm 2
C03651,53,7,12970236.0,1852890.857142857,3,1,TODO: đặt tên nhóm 3
C03652,12,7,9750000.0,1392857.142857143,3,2,TODO: đặt tên nhóm 3
C03653,31,6,8152250.0,1358708.3333333333,3,3,TODO: đặt tên nhóm 3
C03654,26,5,3650200.0,730040.0,2,3,TODO: đặt tên nhóm 2
C03655,169,5,734150.0,146830.0,1,3,TODO: đặt tên nhóm 1
C03656,126,5,3371400.0,674280.0,1,3,TODO: đặt tên nhóm 1
C03657,42,6,10327000.0,1721166.6666666667,3,1,TODO: đặt tên nhóm 3
C03658,117,5,5470200.0,1094040.0,1,3,TODO: đặt tên nhóm 1
C03659,110,2,1870000.0,935000.0,1,0,TODO: đặt tên nhóm 1
C03660,6,5,5195800.0,1039160.0,2,3,TODO: đặt tên nhóm 2
C03661,39,4,1775500.0,443875.0,2,0,TODO: đặt tên nhóm 2
C03662,51,5,5038900.0,1007780.0,2,3,TODO: đặt tên nhóm 2
C03663,60,5,6064500.0,1212900.0,3,3,TODO: đặt tên nhóm 3
C03664,18,3,4764000.0,1588000.0,3,1,TODO: đặt tên nhóm 3
C03665,39,8,10680500.0,1335062.5,3,2,TODO: đặt tên nhóm 3
C03666,17,6,5661000.0,943500.0,2,3,TODO: đặt tên nhóm 2
C03667,16,3,2972000.0,990666.6666666666,2,0,TODO: đặt tên nhóm 2
C03668,42,7,8613300.0,1230471.4285714286,3,2,TODO: đặt tên nhóm 3
C03669,8,3,6044850.0,2014950.0,3,1,TODO: đặt tên nhóm 3
C03670,29,4,2827000.0,706750.0,2,3,TODO: đặt tên nhóm 2
C03671,43,2,5235200.0,2617600.0,3,1,TODO: đặt tên nhóm 3
C03672,264,1,659000.0,659000.0,1,0,TODO: đặt tên nhóm 1
C03673,73,1,849000.0,849000.0,2,0,TODO: đặt tên nhóm 2
C03674,17,1,970000.0,970000.0,2,0,TODO: đặt tên nhóm 2
C03675,77,6,7730000.0,1288333.3333333333,3,3,TODO: đặt tên nhóm 3
C03676,101,9,7173900.0,797100.0,2,3,TODO: đặt tên nhóm 2
C03677,5,4,2602800.0,650700.0,2,0,TODO: đặt tên nhóm 2
C03678,34,5,3006100.0,601220.0,2,3,TODO: đặt tên nhóm 2
C03679,63,5,2511800.0,502360.0,2,3,TODO: đặt tên nhóm 2
C03680,28,4,3964700.0,991175.0,2,3,TODO: đặt tên nhóm 2
C03681,47,6,10518169.0,1753028.1666666667,3,1,TODO: đặt tên nhóm 3
C03682,28,10,17822435.0,1782243.5,0,2,TODO: đặt tên nhóm 0
C03683,37,3,3231850.0,1077283.3333333333,2,0,TODO: đặt tên nhóm 2
C03684,13,8,7157200.0,894650.0,2,3,TODO: đặt tên nhóm 2
C03685,34,3,5158800.0,1719600.0,3,1,TODO: đặt tên nhóm 3
C03686,9,6,5154600.0,859100.0,2,3,TODO: đặt tên nhóm 2
C03687,30,4,3421000.0,855250.0,2,3,TODO: đặt tên nhóm 2
C03688,2,7,9030200.0,1290028.5714285714,3,2,TODO: đặt tên nhóm 3
C03689,76,4,2483000.0,620750.0,2,0,TODO: đặt tên nhóm 2
C03690,94,3,4764200.0,1588066.6666666667,3,1,TODO: đặt tên nhóm 3
C03691,16,7,4326600.0,618085.7142857143,2,3,TODO: đặt tên nhóm 2
C03692,117,4,2710700.0,677675.0,1,0,TODO: đặt tên nhóm 1
C03693,64,6,3723500.0,620583.3333333334,2,3,TODO: đặt tên nhóm 2
C03694,26,9,7571000.0,841222.2222222222,2,2,TODO: đặt tên nhóm 2
C03695,2,1,129000.0,129000.0,2,0,TODO: đặt tên nhóm 2
C03696,97,4,1528200.0,382050.0,1,0,TODO: đặt tên nhóm 1
C03697,49,8,8797650.0,1099706.25,2,2,TODO: đặt tên nhóm 2
C03698,75,5,3066937.0,613387.4,2,3,TODO: đặt tên nhóm 2
C03699,70,4,5301000.0,1325250.0,3,1,TODO: đặt tên nhóm 3
C03700,107,1,5575000.0,5575000.0,3,1,TODO: đặt tên nhóm 3
C03701,47,5,5013700.0,1002740.0,2,3,TODO: đặt tên nhóm 2
C03702,84,5,5780000.0,1156000.0,2,3,TODO: đặt tên nhóm 2
C03703,9,6,4106200.0,684366.6666666666,2,3,TODO: đặt tên nhóm 2
C03704,18,7,5218950.0,745564.2857142857,2,3,TODO: đặt tên nhóm 2
C03705,14,6,6527200.0,1087866.6666666667,2,3,TODO: đặt tên nhóm 2
C03706,45,6,8221350.0,1370225.0,3,3,TODO: đặt tên nhóm 3
C03707,29,5,4692700.0,938540.0,2,3,TODO: đặt tên nhóm 2
C03709,224,3,834100.0,278033.3333333333,1,0,TODO: đặt tên nhóm 1
C03710,84,5,7610550.0,1522110.0,3,3,TODO: đặt tên nhóm 3
C03711,81,2,745000.0,372500.0,1,0,TODO: đặt tên nhóm 1
C03712,44,6,5047650.0,841275.0,2,3,TODO: đặt tên nhóm 2
C03713,284,1,678300.0,678300.0,1,0,TODO: đặt tên nhóm 1
C03714,105,6,4799301.0,799883.5,1,3,TODO: đặt tên nhóm 1
C03715,48,5,3083900.0,616780.0,2,3,TODO: đặt tên nhóm 2
C03716,24,6,4384300.0,730716.6666666666,2,3,TODO: đặt tên nhóm 2
C03717,69,3,3554600.0,1184866.6666666667,2,0,TODO: đặt tên nhóm 2
C03718,2,2,640900.0,320450.0,2,0,TODO: đặt tên nhóm 2
C03719,60,5,5080300.0,1016060.0,2,3,TODO: đặt tên nhóm 2
C03720,71,6,4597400.0,766233.3333333334,2,3,TODO: đặt tên nhóm 2
C03721,123,1,393550.0,393550.0,1,0,TODO: đặt tên nhóm 1
C03722,58,4,1331850.0,332962.5,2,0,TODO: đặt tên nhóm 2
C03723,180,1,850250.0,850250.0,1,0,TODO: đặt tên nhóm 1
C03724,202,2,916400.0,458200.0,1,0,TODO: đặt tên nhóm 1
C03725,18,5,5493000.0,1098600.0,2,3,TODO: đặt tên nhóm 2
C03726,29,7,4961100.0,708728.5714285715,2,3,TODO: đặt tên nhóm 2
C03727,90,5,3216200.0,643240.0,2,3,TODO: đặt tên nhóm 2
C03728,9,4,1528500.0,382125.0,2,0,TODO: đặt tên nhóm 2
C03730,68,4,3803050.0,950762.5,2,3,TODO: đặt tên nhóm 2
C03731,19,7,2774200.0,396314.28571428574,2,2,TODO: đặt tên nhóm 2
C03732,75,7,6064200.0,866314.2857142857,2,3,TODO: đặt tên nhóm 2
C03733,8,5,3726600.0,745320.0,2,3,TODO: đặt tên nhóm 2
C03734,119,2,1523700.0,761850.0,1,0,TODO: đặt tên nhóm 1
C03735,25,4,3623200.0,905800.0,2,3,TODO: đặt tên nhóm 2
C03736,94,3,3030500.0,1010166.6666666666,1,0,TODO: đặt tên nhóm 1
C03737,120,3,4911000.0,1637000.0,3,1,TODO: đặt tên nhóm 3
C03738,2,6,8086000.0,1347666.6666666667,3,3,TODO: đặt tên nhóm 3
C03739,11,7,14042750.0,2006107.142857143,3,1,TODO: đặt tên nhóm 3
C03740,241,2,1049750.0,524875.0,1,0,TODO: đặt tên nhóm 1
C03741,12,8,28028533.0,3503566.625,3,1,TODO: đặt tên nhóm 3
C03742,202,3,2431400.0,810466.6666666666,1,0,TODO: đặt tên nhóm 1
C03743,9,4,5206200.0,1301550.0,2,2,TODO: đặt tên nhóm 2
C03744,107,2,1455000.0,727500.0,1,0,TODO: đặt tên nhóm 1
C03745,35,5,1284150.0,256830.0,2,3,TODO: đặt tên nhóm 2
C03746,10,4,4949600.0,1237400.0,2,3,TODO: đặt tên nhóm 2
C03747,10,4,1750400.0,437600.0,2,0,TODO: đặt tên nhóm 2
C03748,24,7,8078300.0,1154042.857142857,2,2,TODO: đặt tên nhóm 2
C03749,1,8,3793300.0,474162.5,2,2,TODO: đặt tên nhóm 2
C03750,16,5,5041950.0,1008390.0,2,3,TODO: đặt tên nhóm 2
C03751,254,2,1186300.0,593150.0,1,0,TODO: đặt tên nhóm 1
C03752,128,4,2175800.0,543950.0,1,0,TODO: đặt tên nhóm 1
C03753,2,5,2892150.0,578430.0,2,3,TODO: đặt tên nhóm 2
C03754,20,6,2888400.0,481400.0,2,3,TODO: đặt tên nhóm 2
C03755,1,6,7350000.0,1225000.0,2,3,TODO: đặt tên nhóm 2
C03756,2,5,3778550.0,755710.0,2,3,TODO: đặt tên nhóm 2
C03757,56,6,3069600.0,511600.0,2,3,TODO: đặt tên nhóm 2
C03758,47,7,5077950.0,725421.4285714285,2,3,TODO: đặt tên nhóm 2
C03759,89,7,5324165.0,760595.0,2,3,TODO: đặt tên nhóm 2
C03760,75,3,4621100.0,1540366.6666666667,3,1,TODO: đặt tên nhóm 3
C03761,33,7,15897582.0,2271083.1428571427,3,1,TODO: đặt tên nhóm 3
C03762,13,11,11168300.0,1015300.0,0,2,TODO: đặt tên nhóm 0
C03763,130,4,1029300.0,257325.0,1,0,TODO: đặt tên nhóm 1
C03764,25,3,2797000.0,932333.3333333334,2,0,TODO: đặt tên nhóm 2
C03765,104,11,7589150.0,689922.7272727273,2,1,TODO: đặt tên nhóm 2
C03766,73,6,6778800.0,1129800.0,2,3,TODO: đặt tên nhóm 2
C03767,99,7,11055775.0,1579396.4285714286,3,1,TODO: đặt tên nhóm 3
C03768,8,6,5559900.0,926650.0,2,3,TODO: đặt tên nhóm 2
C03769,7,5,9271150.0,1854230.0,3,1,TODO: đặt tên nhóm 3
C03770,76,3,4225000.0,1408333.3333333333,3,1,TODO: đặt tên nhóm 3
C03771,103,4,2285000.0,571250.0,1,0,TODO: đặt tên nhóm 1
C03772,149,4,18118734.008405194,4529683.502101298,3,1,TODO: đặt tên nhóm 3
C03773,10,9,12912700.0,1434744.4444444445,0,2,TODO: đặt tên nhóm 0
C03774,171,3,1150250.0,383416.6666666667,1,0,TODO: đặt tên nhóm 1
C03775,11,6,5244650.0,874108.3333333334,2,3,TODO: đặt tên nhóm 2
C03776,226,1,160000.0,160000.0,1,0,TODO: đặt tên nhóm 1
C03777,176,4,2763300.0,690825.0,1,0,TODO: đặt tên nhóm 1
C03778,242,1,118150.0,118150.0,1,0,TODO: đặt tên nhóm 1
C03779,124,3,2307800.0,769266.6666666666,1,0,TODO: đặt tên nhóm 1
C03780,13,4,2401600.0,600400.0,2,0,TODO: đặt tên nhóm 2
C03781,45,4,5048400.0,1262100.0,2,3,TODO: đặt tên nhóm 2
C03782,9,1,897600.0,897600.0,2,0,TODO: đặt tên nhóm 2
C03783,47,2,1295300.0,647650.0,2,0,TODO: đặt tên nhóm 2
C03784,49,6,7191300.0,1198550.0,3,3,TODO: đặt tên nhóm 3
C03785,162,1,365400.0,365400.0,1,0,TODO: đặt tên nhóm 1
C03786,201,3,1922900.0,640966.6666666666,1,0,TODO: đặt tên nhóm 1
C03787,34,4,2208650.0,552162.5,2,0,TODO: đặt tên nhóm 2
C03788,69,3,3507000.0,1169000.0,2,0,TODO: đặt tên nhóm 2
C03789,13,6,5589000.0,931500.0,2,3,TODO: đặt tên nhóm 2
C03790,92,2,1689000.0,844500.0,1,0,TODO: đặt tên nhóm 1
C03791,19,8,5627250.0,703406.25,2,2,TODO: đặt tên nhóm 2
C03792,143,4,4294200.0,1073550.0,1,3,TODO: đặt tên nhóm 1
C03793,13,10,11874684.231698265,1187468.4231698266,0,2,TODO: đặt tên nhóm 0
C03794,90,4,5126400.0,1281600.0,3,3,TODO: đặt tên nhóm 3
C03795,47,4,5109850.0,1277462.5,3,3,TODO: đặt tên nhóm 3
C03796,29,8,8673550.0,1084193.75,2,2,TODO: đặt tên nhóm 2
C03797,213,4,1535900.0,383975.0,1,0,TODO: đặt tên nhóm 1
C03798,65,4,7280300.0,1820075.0,3,1,TODO: đặt tên nhóm 3
C03799,174,6,6324850.0,1054141.6666666667,1,3,TODO: đặt tên nhóm 1
C03800,70,7,6693500.0,956214.2857142857,2,3,TODO: đặt tên nhóm 2
C03801,19,3,2768400.0,922800.0,2,0,TODO: đặt tên nhóm 2
C03802,107,5,6578600.0,1315720.0,3,3,TODO: đặt tên nhóm 3
C03803,5,5,4116600.0,823320.0,2,3,TODO: đặt tên nhóm 2
C03804,50,5,5551400.0,1110280.0,2,3,TODO: đặt tên nhóm 2
C03805,181,3,4279000.0,1426333.3333333333,1,1,TODO: đặt tên nhóm 1
C03806,48,6,4719700.0,786616.6666666666,2,3,TODO: đặt tên nhóm 2
C03807,16,2,6989515.0,3494757.5,3,1,TODO: đặt tên nhóm 3
C03808,59,6,7054800.0,1175800.0,3,3,TODO: đặt tên nhóm 3
C03809,98,6,10880550.0,1813425.0,3,1,TODO: đặt tên nhóm 3
C03810,42,4,1283200.0,320800.0,2,0,TODO: đặt tên nhóm 2
C03811,103,3,13946447.0,4648815.666666667,3,1,TODO: đặt tên nhóm 3
C03812,7,5,6336750.0,1267350.0,2,3,TODO: đặt tên nhóm 2
C03813,53,11,6690200.0,608200.0,2,2,TODO: đặt tên nhóm 2
C03814,143,2,4125000.0,2062500.0,3,1,TODO: đặt tên nhóm 3
C03815,10,5,2353800.0,470760.0,2,3,TODO: đặt tên nhóm 2
C03816,28,6,4256050.0,709341.6666666666,2,3,TODO: đặt tên nhóm 2
C03817,107,2,683000.0,341500.0,1,0,TODO: đặt tên nhóm 1
C03818,5,3,4823800.0,1607933.3333333333,3,1,TODO: đặt tên nhóm 3
C03820,65,4,2948850.0,737212.5,2,3,TODO: đặt tên nhóm 2
C03821,52,3,1756300.0,585433.3333333334,2,0,TODO: đặt tên nhóm 2
C03822,3,7,6486100.0,926585.7142857143,2,3,TODO: đặt tên nhóm 2
C03823,19,6,4232400.0,705400.0,2,3,TODO: đặt tên nhóm 2
C03824,18,3,4461350.0,1487116.6666666667,3,2,TODO: đặt tên nhóm 3
C03825,63,6,8767000.0,1461166.6666666667,3,1,TODO: đặt tên nhóm 3
C03826,124,3,988600.0,329533.3333333333,1,0,TODO: đặt tên nhóm 1
C03827,23,6,4847800.0,807966.6666666666,2,3,TODO: đặt tên nhóm 2
C03828,33,5,5273100.0,1054620.0,2,3,TODO: đặt tên nhóm 2
C03829,39,2,1575350.0,787675.0,2,0,TODO: đặt tên nhóm 2
C03830,54,2,916700.0,458350.0,2,0,TODO: đặt tên nhóm 2
C03831,110,1,199000.0,199000.0,1,0,TODO: đặt tên nhóm 1
C03832,42,3,2432000.0,810666.6666666666,2,0,TODO: đặt tên nhóm 2
C03833,209,2,2710100.0,1355050.0,1,0,TODO: đặt tên nhóm 1
C03834,25,5,4026400.0,805280.0,2,3,TODO: đặt tên nhóm 2
C03835,74,8,5139400.0,642425.0,2,3,TODO: đặt tên nhóm 2
C03836,25,7,3269250.0,467035.71428571426,2,2,TODO: đặt tên nhóm 2
C03837,23,10,3977900.0,397790.0,2,2,TODO: đặt tên nhóm 2
C03838,194,2,4219200.0,2109600.0,3,1,TODO: đặt tên nhóm 3
C03839,25,7,4780200.0,682885.7142857143,2,3,TODO: đặt tên nhóm 2
C03840,175,3,1464700.0,488233.3333333333,1,0,TODO: đặt tên nhóm 1
C03841,227,1,170000.0,170000.0,1,0,TODO: đặt tên nhóm 1
C03842,147,6,5603750.0,933958.3333333334,1,3,TODO: đặt tên nhóm 1
C03843,19,1,2386000.0,2386000.0,3,1,TODO: đặt tên nhóm 3
C03844,237,1,380000.0,380000.0,1,0,TODO: đặt tên nhóm 1
C03845,66,3,3890800.0,1296933.3333333333,3,0,TODO: đặt tên nhóm 3
C03846,55,4,3467350.0,866837.5,2,3,TODO: đặt tên nhóm 2
C03847,58,5,6238600.0,1247720.0,3,3,TODO: đặt tên nhóm 3
C03848,90,2,5088000.0,2544000.0,3,1,TODO: đặt tên nhóm 3
C03849,103,3,3708200.0,1236066.6666666667,1,0,TODO: đặt tên nhóm 1
C03850,146,4,2955400.0,738850.0,1,0,TODO: đặt tên nhóm 1
C03851,150,3,4903000.0,1634333.3333333333,3,1,TODO: đặt tên nhóm 3
C03852,26,5,7157200.0,1431440.0,3,3,TODO: đặt tên nhóm 3
C03853,53,6,8026800.0,1337800.0,3,3,TODO: đặt tên nhóm 3
C03854,168,3,5470000.0,1823333.3333333333,3,1,TODO: đặt tên nhóm 3
C03855,54,3,3247800.0,1082600.0,2,0,TODO: đặt tên nhóm 2
C03856,114,2,1774900.0,887450.0,1,0,TODO: đặt tên nhóm 1
C03857,42,3,2923500.0,974500.0,2,0,TODO: đặt tên nhóm 2
C03858,116,3,3107000.0,1035666.6666666666,1,0,TODO: đặt tên nhóm 1
C03859,10,5,3407300.0,681460.0,2,3,TODO: đặt tên nhóm 2
C03860,58,4,3210950.0,802737.5,2,3,TODO: đặt tên nhóm 2
C03861,32,3,4402400.0,1467466.6666666667,3,2,TODO: đặt tên nhóm 3
C03862,8,7,5994250.0,856321.4285714285,2,3,TODO: đặt tên nhóm 2
C03863,8,6,3619300.0,603216.6666666666,2,3,TODO: đặt tên nhóm 2
C03864,49,6,6666100.0,1111016.6666666667,2,3,TODO: đặt tên nhóm 2
C03865,93,5,3696200.0,739240.0,2,3,TODO: đặt tên nhóm 2
C03866,18,7,5770700.0,824385.7142857143,2,3,TODO: đặt tên nhóm 2
C03867,1,3,2072550.0,690850.0,2,0,TODO: đặt tên nhóm 2
C03868,50,4,1699750.0,424937.5,2,0,TODO: đặt tên nhóm 2
C03869,2,6,6898400.0,1149733.3333333333,2,3,TODO: đặt tên nhóm 2
C03870,139,4,5451000.0,1362750.0,1,1,TODO: đặt tên nhóm 1
C03871,3,11,9325950.0,847813.6363636364,0,2,TODO: đặt tên nhóm 0
C03872,14,8,2883800.0,360475.0,2,2,TODO: đặt tên nhóm 2
C03873,93,3,3378650.0,1126216.6666666667,1,0,TODO: đặt tên nhóm 1
C03874,261,3,6157500.0,2052500.0,3,1,TODO: đặt tên nhóm 3
C03875,120,2,1152100.0,576050.0,1,0,TODO: đặt tên nhóm 1
C03876,15,2,1988100.0,994050.0,2,0,TODO: đặt tên nhóm 2
C03877,96,5,4113600.0,822720.0,2,3,TODO: đặt tên nhóm 2
C03878,65,5,8237200.0,1647440.0,3,1,TODO: đặt tên nhóm 3
C03879,12,7,5284400.0,754914.2857142857,2,3,TODO: đặt tên nhóm 2
C03880,66,5,6547300.0,1309460.0,3,3,TODO: đặt tên nhóm 3
C03881,188,5,2358600.0,471720.0,1,0,TODO: đặt tên nhóm 1
C03882,4,4,2330050.0,582512.5,2,0,TODO: đặt tên nhóm 2
C03883,62,4,702500.0,175625.0,2,0,TODO: đặt tên nhóm 2
C03884,1,6,6592800.0,1098800.0,2,3,TODO: đặt tên nhóm 2
C03885,91,4,1717900.0,429475.0,1,0,TODO: đặt tên nhóm 1
C03886,21,7,4961100.0,708728.5714285715,2,3,TODO: đặt tên nhóm 2
C03887,27,5,4986300.0,997260.0,2,3,TODO: đặt tên nhóm 2
C03888,59,3,7303000.0,2434333.3333333335,3,1,TODO: đặt tên nhóm 3
C03889,52,5,8777400.0,1755480.0,3,1,TODO: đặt tên nhóm 3
C03890,127,3,3756900.0,1252300.0,1,0,TODO: đặt tên nhóm 1
C03891,115,4,3632850.0,908212.5,1,3,TODO: đặt tên nhóm 1
C03892,12,6,7282150.0,1213691.6666666667,2,3,TODO: đặt tên nhóm 2
C03893,48,5,5720350.0,1144070.0,2,3,TODO: đặt tên nhóm 2
C03894,226,2,2609400.0,1304700.0,1,0,TODO: đặt tên nhóm 1
C03895,207,4,2836600.0,709150.0,1,0,TODO: đặt tên nhóm 1
C03896,104,2,5658700.0,2829350.0,3,1,TODO: đặt tên nhóm 3
C03897,8,5,4430900.0,886180.0,2,3,TODO: đặt tên nhóm 2
C03898,46,4,3900000.0,975000.0,2,3,TODO: đặt tên nhóm 2
C03899,6,4,4332000.0,1083000.0,2,3,TODO: đặt tên nhóm 2
C03900,6,4,3601000.0,900250.0,2,3,TODO: đặt tên nhóm 2
C03901,104,4,17481789.0,4370447.25,3,1,TODO: đặt tên nhóm 3
C03902,3,6,8027300.0,1337883.3333333333,3,3,TODO: đặt tên nhóm 3
C03903,15,6,4824500.0,804083.3333333334,2,3,TODO: đặt tên nhóm 2
C03904,33,7,4520250.0,645750.0,2,3,TODO: đặt tên nhóm 2
C03905,16,9,6687450.0,743050.0,2,2,TODO: đặt tên nhóm 2
C03906,119,3,1587500.0,529166.6666666666,1,0,TODO: đặt tên nhóm 1
C03907,47,4,4052000.0,1013000.0,2,3,TODO: đặt tên nhóm 2
C03908,95,2,906150.0,453075.0,1,0,TODO: đặt tên nhóm 1
C03909,144,4,2777000.0,694250.0,1,0,TODO: đặt tên nhóm 1
C03910,12,3,1888050.0,629350.0,2,0,TODO: đặt tên nhóm 2
C03911,92,6,5451200.0,908533.3333333334,2,3,TODO: đặt tên nhóm 2
C03912,53,5,3220150.0,644030.0,2,3,TODO: đặt tên nhóm 2
C03913,17,10,5605850.0,560585.0,2,2,TODO: đặt tên nhóm 2
C03914,93,9,5954650.0,661627.7777777778,2,1,TODO: đặt tên nhóm 2
C03915,47,5,4403800.0,880760.0,2,3,TODO: đặt tên nhóm 2
C03916,184,2,564300.0,282150.0,1,0,TODO: đặt tên nhóm 1
C03917,2,5,2088850.0,417770.0,2,3,TODO: đặt tên nhóm 2
C03918,24,6,7573100.0,1262183.3333333333,3,3,TODO: đặt tên nhóm 3
C03919,11,6,14197650.0,2366275.0,3,1,TODO: đặt tên nhóm 3
C03920,181,2,675000.0,337500.0,1,0,TODO: đặt tên nhóm 1
C03921,189,5,3206750.0,641350.0,1,0,TODO: đặt tên nhóm 1
C03922,70,6,4492900.0,748816.6666666666,2,3,TODO: đặt tên nhóm 2
C03923,5,6,5056800.0,842800.0,2,3,TODO: đặt tên nhóm 2
C03924,4,4,1724500.0,431125.0,2,0,TODO: đặt tên nhóm 2
C03925,93,3,2204000.0,734666.6666666666,1,0,TODO: đặt tên nhóm 1
C03926,12,5,10509700.0,2101940.0,3,1,TODO: đặt tên nhóm 3
C03927,8,7,7621000.0,1088714.2857142857,2,3,TODO: đặt tên nhóm 2
C03928,64,2,368000.0,184000.0,2,0,TODO: đặt tên nhóm 2
C03929,20,5,2584100.0,516820.0,2,3,TODO: đặt tên nhóm 2
C03930,48,8,7627250.0,953406.25,2,3,TODO: đặt tên nhóm 2
C03931,93,2,1092100.0,546050.0,1,0,TODO: đặt tên nhóm 1
C03932,31,8,14717250.0,1839656.25,3,2,TODO: đặt tên nhóm 3
C03933,215,3,2660150.0,886716.6666666666,1,0,TODO: đặt tên nhóm 1
C03934,41,3,1478900.0,492966.6666666667,2,0,TODO: đặt tên nhóm 2
C03935,105,6,6582700.0,1097116.6666666667,3,3,TODO: đặt tên nhóm 3
C03936,67,6,5466450.0,911075.0,2,3,TODO: đặt tên nhóm 2
C03937,3,9,6017250.0,668583.3333333334,2,2,TODO: đặt tên nhóm 2
C03938,19,3,5242161.0,1747387.0,3,1,TODO: đặt tên nhóm 3
C03939,25,9,6137850.0,681983.3333333334,2,2,TODO: đặt tên nhóm 2
C03940,5,2,2403000.0,1201500.0,2,0,TODO: đặt tên nhóm 2
C03941,112,3,2180000.0,726666.6666666666,1,0,TODO: đặt tên nhóm 1
C03942,23,6,11372500.0,1895416.6666666667,3,1,TODO: đặt tên nhóm 3
C03943,117,4,13101088.0,3275272.0,3,1,TODO: đặt tên nhóm 3
C03944,16,5,2028800.0,405760.0,2,3,TODO: đặt tên nhóm 2
C03945,15,5,8516769.0,1703353.8,3,1,TODO: đặt tên nhóm 3
C03946,150,4,2802450.0,700612.5,1,0,TODO: đặt tên nhóm 1
C03947,92,7,6993450.0,999064.2857142857,2,3,TODO: đặt tên nhóm 2
C03948,26,7,7412300.0,1058900.0,2,3,TODO: đặt tên nhóm 2
C03949,8,5,3861200.0,772240.0,2,3,TODO: đặt tên nhóm 2
C03950,24,6,3987650.0,664608.3333333334,2,3,TODO: đặt tên nhóm 2
C03951,2,6,7144200.0,1190700.0,2,3,TODO: đặt tên nhóm 2
C03952,204,3,1072200.0,357400.0,1,0,TODO: đặt tên nhóm 1
C03953,73,8,5474700.0,684337.5,2,3,TODO: đặt tên nhóm 2
C03954,11,7,9504250.0,1357750.0,3,2,TODO: đặt tên nhóm 3
C03955,260,2,1358000.0,679000.0,1,0,TODO: đặt tên nhóm 1
C03956,147,2,679000.0,339500.0,1,0,TODO: đặt tên nhóm 1
C03957,13,3,3911600.0,1303866.6666666667,2,2,TODO: đặt tên nhóm 2
C03958,1,6,8598450.0,1433075.0,3,2,TODO: đặt tên nhóm 3
C03959,67,4,7426400.0,1856600.0,3,1,TODO: đặt tên nhóm 3
C03960,12,6,3755550.0,625925.0,2,3,TODO: đặt tên nhóm 2
C03961,64,4,5971000.0,1492750.0,3,1,TODO: đặt tên nhóm 3
C03962,119,4,2412600.0,603150.0,1,0,TODO: đặt tên nhóm 1
C03963,103,6,6387350.0,1064558.3333333333,2,3,TODO: đặt tên nhóm 2
C03964,49,3,1182800.0,394266.6666666667,2,0,TODO: đặt tên nhóm 2
C03965,11,7,11552250.0,1650321.4285714286,3,2,TODO: đặt tên nhóm 3
C03966,142,3,2732500.0,910833.3333333334,1,0,TODO: đặt tên nhóm 1
C03967,76,4,2119950.0,529987.5,2,0,TODO: đặt tên nhóm 2
C03968,237,2,2756106.0,1378053.0,1,0,TODO: đặt tên nhóm 1
C03969,31,6,4801200.0,800200.0,2,3,TODO: đặt tên nhóm 2
C03971,5,6,4062100.0,677016.6666666666,2,3,TODO: đặt tên nhóm 2
C03972,20,3,2140300.0,713433.3333333334,2,0,TODO: đặt tên nhóm 2
C03973,10,3,3772600.0,1257533.3333333333,2,0,TODO: đặt tên nhóm 2
C03974,31,7,8462850.0,1208978.5714285714,3,2,TODO: đặt tên nhóm 3
C03975,59,2,1628000.0,814000.0,2,0,TODO: đặt tên nhóm 2
C03976,159,3,5504950.0,1834983.3333333333,3,1,TODO: đặt tên nhóm 3
C03977,31,6,6264800.0,1044133.3333333334,2,3,TODO: đặt tên nhóm 2
C03978,157,2,3727400.0,1863700.0,3,1,TODO: đặt tên nhóm 3
C03979,89,2,903650.0,451825.0,1,0,TODO: đặt tên nhóm 1
C03980,7,1,203000.0,203000.0,2,0,TODO: đặt tên nhóm 2
C03981,104,6,8415250.0,1402541.6666666667,3,1,TODO: đặt tên nhóm 3
C03982,35,7,8980150.0,1282878.5714285714,3,2,TODO: đặt tên nhóm 3
C03983,51,5,3144800.0,628960.0,2,3,TODO: đặt tên nhóm 2
C03984,32,2,3804000.0,1902000.0,3,1,TODO: đặt tên nhóm 3
C03985,13,5,1348400.0,269680.0,2,3,TODO: đặt tên nhóm 2
C03986,84,10,12094600.0,1209460.0,0,1,TODO: đặt tên nhóm 0
C03987,20,3,4862500.0,1620833.3333333333,3,1,TODO: đặt tên nhóm 3
C03988,106,5,2953300.0,590660.0,1,3,TODO: đặt tên nhóm 1
C03989,31,4,1734900.0,433725.0,2,0,TODO: đặt tên nhóm 2
C03990,75,4,5683600.0,1420900.0,3,1,TODO: đặt tên nhóm 3
C03991,36,8,7066300.0,883287.5,2,3,TODO: đặt tên nhóm 2
C03992,12,7,5000700.0,714385.7142857143,2,3,TODO: đặt tên nhóm 2
C03993,234,3,2509000.0,836333.3333333334,1,0,TODO: đặt tên nhóm 1
C03994,72,8,6498400.0,812300.0,2,3,TODO: đặt tên nhóm 2
C03995,124,4,6044750.0,1511187.5,3,1,TODO: đặt tên nhóm 3
C03996,26,3,2414450.0,804816.6666666666,2,0,TODO: đặt tên nhóm 2
C03997,138,2,4696000.0,2348000.0,3,1,TODO: đặt tên nhóm 3
C03998,53,8,10383900.0,1297987.5,3,2,TODO: đặt tên nhóm 3
C03999,132,2,924400.0,462200.0,1,0,TODO: đặt tên nhóm 1
C04000,24,7,7488800.0,1069828.5714285714,2,3,TODO: đặt tên nhóm 2
C04001,118,3,1956350.0,652116.6666666666,1,0,TODO: đặt tên nhóm 1
C04002,104,3,4709100.0,1569700.0,3,1,TODO: đặt tên nhóm 3
C04003,176,2,819000.0,409500.0,1,0,TODO: đặt tên nhóm 1
C04004,21,8,5814700.0,726837.5,2,2,TODO: đặt tên nhóm 2
C04005,113,5,2593800.0,518760.0,1,3,TODO: đặt tên nhóm 1
C04006,48,6,4090600.0,681766.6666666666,2,3,TODO: đặt tên nhóm 2
C04007,46,5,2545500.0,509100.0,2,3,TODO: đặt tên nhóm 2
C04008,61,6,12173350.0,2028891.6666666667,3,1,TODO: đặt tên nhóm 3
C04009,5,4,2600800.0,650200.0,2,0,TODO: đặt tên nhóm 2
C04010,238,1,847000.0,847000.0,1,0,TODO: đặt tên nhóm 1
C04011,45,3,3247000.0,1082333.3333333333,2,0,TODO: đặt tên nhóm 2
C04012,28,4,1787650.0,446912.5,2,0,TODO: đặt tên nhóm 2
C04013,156,3,3249500.0,1083166.6666666667,1,0,TODO: đặt tên nhóm 1
C04014,112,4,2573000.0,643250.0,1,0,TODO: đặt tên nhóm 1
C04015,144,3,1898400.0,632800.0,1,0,TODO: đặt tên nhóm 1
C04016,78,3,2924800.0,974933.3333333334,2,0,TODO: đặt tên nhóm 2
C04017,8,3,2319200.0,773066.6666666666,2,0,TODO: đặt tên nhóm 2
C04018,6,8,8023150.0,1002893.75,2,2,TODO: đặt tên nhóm 2
C04019,102,3,2683200.0,894400.0,1,0,TODO: đặt tên nhóm 1
C04020,27,5,6882000.0,1376400.0,3,3,TODO: đặt tên nhóm 3
C04021,90,6,12782650.0,2130441.6666666665,3,1,TODO: đặt tên nhóm 3
C04022,6,8,6615300.0,826912.5,2,3,TODO: đặt tên nhóm 2
C04023,28,7,9449650.0,1349950.0,3,2,TODO: đặt tên nhóm 3
C04024,5,5,3934150.0,786830.0,2,3,TODO: đặt tên nhóm 2
C04025,7,9,6339800.0,704422.2222222222,2,2,TODO: đặt tên nhóm 2
C04026,126,1,1514300.0,1514300.0,1,1,TODO: đặt tên nhóm 1
C04027,88,2,712500.0,356250.0,1,0,TODO: đặt tên nhóm 1
C04028,31,3,7315328.662188916,2438442.8873963053,3,1,TODO: đặt tên nhóm 3
C04029,3,4,3237350.0,809337.5,2,3,TODO: đặt tên nhóm 2
C04030,34,4,1936400.0,484100.0,2,0,TODO: đặt tên nhóm 2
C04031,66,2,2929200.0,1464600.0,3,0,TODO: đặt tên nhóm 3
C04032,51,2,891000.0,445500.0,2,0,TODO: đặt tên nhóm 2
C04033,19,1,1127000.0,1127000.0,2,2,TODO: đặt tên nhóm 2
C04034,175,3,2357000.0,785666.6666666666,1,0,TODO: đặt tên nhóm 1
C04035,85,5,3872000.0,774400.0,2,3,TODO: đặt tên nhóm 2
C04036,11,5,5393100.0,1078620.0,2,3,TODO: đặt tên nhóm 2
C04037,188,3,4268700.0,1422900.0,1,1,TODO: đặt tên nhóm 1
C04038,105,4,3553850.0,888462.5,1,3,TODO: đặt tên nhóm 1
C04039,14,6,12259900.0,2043316.6666666667,3,1,TODO: đặt tên nhóm 3
C04040,55,5,8034000.0,1606800.0,3,3,TODO: đặt tên nhóm 3
C04041,42,5,3068950.0,613790.0,2,3,TODO: đặt tên nhóm 2
C04042,5,5,2982200.0,596440.0,2,3,TODO: đặt tên nhóm 2
C04043,69,6,5985250.0,997541.6666666666,2,3,TODO: đặt tên nhóm 2
C04044,71,4,4594000.0,1148500.0,2,3,TODO: đặt tên nhóm 2
C04045,28,4,3045000.0,761250.0,2,3,TODO: đặt tên nhóm 2
C04046,59,2,873650.0,436825.0,2,0,TODO: đặt tên nhóm 2
C04047,162,1,818000.0,818000.0,1,0,TODO: đặt tên nhóm 1
C04048,81,4,3400050.0,850012.5,2,3,TODO: đặt tên nhóm 2
C04049,92,4,6196900.0,1549225.0,3,1,TODO: đặt tên nhóm 3
C04050,6,3,3202100.0,1067366.6666666667,2,0,TODO: đặt tên nhóm 2
C04051,34,6,6672750.0,1112125.0,2,3,TODO: đặt tên nhóm 2
C04052,5,6,4673700.0,778950.0,2,3,TODO: đặt tên nhóm 2
C04053,75,5,5790000.0,1158000.0,2,3,TODO: đặt tên nhóm 2
C04054,38,4,659400.0,164850.0,2,0,TODO: đặt tên nhóm 2
C04056,92,1,412000.0,412000.0,1,0,TODO: đặt tên nhóm 1
C04057,77,4,1763000.0,440750.0,2,0,TODO: đặt tên nhóm 2
C04058,64,3,4013000.0,1337666.6666666667,3,0,TODO: đặt tên nhóm 3
C04059,58,7,6806900.0,972414.2857142857,2,3,TODO: đặt tên nhóm 2
C04060,14,5,6785600.0,1357120.0,3,3,TODO: đặt tên nhóm 3
C04061,24,3,4435800.0,1478600.0,3,2,TODO: đặt tên nhóm 3
C04062,76,3,2557600.0,852533.3333333334,2,0,TODO: đặt tên nhóm 2
C04063,37,3,2099800.0,699933.3333333334,2,0,TODO: đặt tên nhóm 2
C04064,81,3,657400.0,219133.33333333334,1,0,TODO: đặt tên nhóm 1
C04066,66,5,1374050.0,274810.0,2,3,TODO: đặt tên nhóm 2
C04067,110,5,3176450.0,635290.0,1,3,TODO: đặt tên nhóm 1
C04068,6,4,2735250.0,683812.5,2,0,TODO: đặt tên nhóm 2
C04069,17,5,11171100.0,2234220.0,3,1,TODO: đặt tên nhóm 3
C04070,54,6,27100135.0,4516689.166666667,3,1,TODO: đặt tên nhóm 3
C04071,180,2,2357000.0,1178500.0,1,0,TODO: đặt tên nhóm 1
C04072,36,4,2363100.0,590775.0,2,0,TODO: đặt tên nhóm 2
C04073,284,1,728650.0,728650.0,1,0,TODO: đặt tên nhóm 1
C04074,40,2,6275000.0,3137500.0,3,1,TODO: đặt tên nhóm 3
C04075,158,3,2515550.0,838516.6666666666,1,0,TODO: đặt tên nhóm 1
C04076,69,5,4012000.0,802400.0,2,3,TODO: đặt tên nhóm 2
C04077,38,3,2135200.0,711733.3333333334,2,0,TODO: đặt tên nhóm 2
C04078,14,7,6329900.0,904271.4285714285,2,3,TODO: đặt tên nhóm 2
C04079,20,6,4109000.0,684833.3333333334,2,3,TODO: đặt tên nhóm 2
C04080,9,12,9240300.0,770025.0,0,2,TODO: đặt tên nhóm 0
C04081,34,2,2096800.0,1048400.0,2,0,TODO: đặt tên nhóm 2
C04082,99,4,6079000.0,1519750.0,3,1,TODO: đặt tên nhóm 3
C04083,6,5,7049800.0,1409960.0,3,3,TODO: đặt tên nhóm 3
C04084,100,4,2822200.0,705550.0,1,0,TODO: đặt tên nhóm 1
C04085,13,4,2747400.0,686850.0,2,0,TODO: đặt tên nhóm 2
C04086,5,8,8553938.171307538,1069242.2714134422,2,2,TODO: đặt tên nhóm 2
C04087,15,7,5090600.0,727228.5714285715,2,3,TODO: đặt tên nhóm 2
C04088,18,2,4032000.0,2016000.0,3,1,TODO: đặt tên nhóm 3
C04089,63,6,11027850.0,1837975.0,3,1,TODO: đặt tên nhóm 3
C04090,81,4,1498600.0,374650.0,2,0,TODO: đặt tên nhóm 2
C04091,125,1,318000.0,318000.0,1,0,TODO: đặt tên nhóm 1
C04092,7,3,2720850.0,906950.0,2,0,TODO: đặt tên nhóm 2
C04093,136,2,2234800.0,1117400.0,1,0,TODO: đặt tên nhóm 1
C04094,218,1,153000.0,153000.0,1,0,TODO: đặt tên nhóm 1
C04095,53,3,2189000.0,729666.6666666666,2,0,TODO: đặt tên nhóm 2
C04096,16,2,7870000.0,3935000.0,3,1,TODO: đặt tên nhóm 3
C04097,46,3,1604200.0,534733.3333333334,2,0,TODO: đặt tên nhóm 2
C04098,111,6,7274137.0,1212356.1666666667,3,3,TODO: đặt tên nhóm 3
C04099,46,6,3364200.0,560700.0,2,3,TODO: đặt tên nhóm 2
C04101,34,8,5608800.0,701100.0,2,2,TODO: đặt tên nhóm 2
C04102,201,4,19596762.198805574,4899190.549701394,3,1,TODO: đặt tên nhóm 3
C04103,59,5,2128850.0,425770.0,2,3,TODO: đặt tên nhóm 2
C04104,73,3,2838500.0,946166.6666666666,2,0,TODO: đặt tên nhóm 2
C04105,12,6,11500400.0,1916733.3333333333,3,1,TODO: đặt tên nhóm 3
C04106,9,5,6716350.0,1343270.0,3,3,TODO: đặt tên nhóm 3
C04107,101,4,5951350.0,1487837.5,3,1,TODO: đặt tên nhóm 3
C04108,89,4,3217550.0,804387.5,2,3,TODO: đặt tên nhóm 2
C04109,1,7,3962000.0,566000.0,2,3,TODO: đặt tên nhóm 2
C04110,96,2,1133000.0,566500.0,1,0,TODO: đặt tên nhóm 1
C04111,24,7,7124500.0,1017785.7142857143,2,3,TODO: đặt tên nhóm 2
C04112,47,4,2547150.0,636787.5,2,0,TODO: đặt tên nhóm 2
C04113,5,5,6718850.0,1343770.0,3,3,TODO: đặt tên nhóm 3
C04114,60,1,8757444.6577419,8757444.6577419,3,1,TODO: đặt tên nhóm 3
C04115,88,6,6737550.0,1122925.0,3,3,TODO: đặt tên nhóm 3
C04116,19,4,1088450.0,272112.5,2,0,TODO: đặt tên nhóm 2
C04117,3,5,4072200.0,814440.0,2,3,TODO: đặt tên nhóm 2
C04118,1,3,7319400.0,2439800.0,3,1,TODO: đặt tên nhóm 3
C04119,113,3,725400.0,241800.0,1,0,TODO: đặt tên nhóm 1
C04120,1,4,2728000.0,682000.0,2,0,TODO: đặt tên nhóm 2
C04121,28,3,2662000.0,887333.3333333334,2,0,TODO: đặt tên nhóm 2
C04122,101,7,6314800.0,902114.2857142857,2,3,TODO: đặt tên nhóm 2
C04123,27,3,2992550.0,997516.6666666666,2,0,TODO: đặt tên nhóm 2
C04124,140,3,3694700.0,1231566.6666666667,1,0,TODO: đặt tên nhóm 1
C04125,5,6,3618200.0,603033.3333333334,2,3,TODO: đặt tên nhóm 2
C04126,203,4,4939600.0,1234900.0,1,1,TODO: đặt tên nhóm 1
C04127,239,1,2907000.0,2907000.0,3,1,TODO: đặt tên nhóm 3
C04128,46,5,3867250.0,773450.0,2,3,TODO: đặt tên nhóm 2
C04129,16,3,2932100.0,977366.6666666666,2,0,TODO: đặt tên nhóm 2
C04130,138,3,3446400.0,1148800.0,1,0,TODO: đặt tên nhóm 1
C04131,141,3,3546800.0,1182266.6666666667,1,0,TODO: đặt tên nhóm 1
C04132,29,1,182000.0,182000.0,2,0,TODO: đặt tên nhóm 2
C04133,41,7,4193800.0,599114.2857142857,2,3,TODO: đặt tên nhóm 2
C04134,92,5,2394500.0,478900.0,1,3,TODO: đặt tên nhóm 1
C04135,48,7,7735150.0,1105021.4285714286,2,3,TODO: đặt tên nhóm 2
C04136,49,3,4227000.0,1409000.0,3,2,TODO: đặt tên nhóm 3
C04137,69,4,2627400.0,656850.0,2,0,TODO: đặt tên nhóm 2
C04138,235,2,1108850.0,554425.0,1,0,TODO: đặt tên nhóm 1
C04139,161,2,781400.0,390700.0,1,0,TODO: đặt tên nhóm 1
C04140,26,5,5368800.0,1073760.0,2,3,TODO: đặt tên nhóm 2
C04141,198,2,1135150.0,567575.0,1,0,TODO: đặt tên nhóm 1
C04142,47,4,2310150.0,577537.5,2,0,TODO: đặt tên nhóm 2
C04143,116,4,7658363.0,1914590.75,3,1,TODO: đặt tên nhóm 3
C04144,7,2,902800.0,451400.0,2,0,TODO: đặt tên nhóm 2
C04145,15,10,9824750.0,982475.0,0,2,TODO: đặt tên nhóm 0
C04146,60,5,23043505.311504368,4608701.062300874,3,1,TODO: đặt tên nhóm 3
C04147,192,1,154000.0,154000.0,1,0,TODO: đặt tên nhóm 1
C04148,125,5,3442800.0,688560.0,1,3,TODO: đặt tên nhóm 1
C04149,67,7,4544800.0,649257.1428571428,2,3,TODO: đặt tên nhóm 2
C04150,99,4,3174700.0,793675.0,1,3,TODO: đặt tên nhóm 1
C04151,41,6,7706550.0,1284425.0,3,3,TODO: đặt tên nhóm 3
C04152,17,6,6540250.0,1090041.6666666667,2,3,TODO: đặt tên nhóm 2
C04153,70,3,1546750.0,515583.3333333333,2,0,TODO: đặt tên nhóm 2
C04154,48,7,15482698.78310264,2211814.111871806,3,1,TODO: đặt tên nhóm 3
C04155,130,3,2406050.0,802016.6666666666,1,0,TODO: đặt tên nhóm 1
C04156,94,4,3862450.0,965612.5,1,3,TODO: đặt tên nhóm 1
C04157,102,2,960750.0,480375.0,1,0,TODO: đặt tên nhóm 1
C04159,27,2,3360000.0,1680000.0,3,1,TODO: đặt tên nhóm 3
C04160,45,7,3419100.0,488442.85714285716,2,2,TODO: đặt tên nhóm 2
C04161,72,2,1979200.0,989600.0,2,0,TODO: đặt tên nhóm 2
C04162,88,3,3593000.0,1197666.6666666667,2,0,TODO: đặt tên nhóm 2
C04163,29,3,3930550.0,1310183.3333333333,2,2,TODO: đặt tên nhóm 2
C04164,14,3,5521000.0,1840333.3333333333,3,1,TODO: đặt tên nhóm 3
C04165,99,8,4325850.0,540731.25,2,1,TODO: đặt tên nhóm 2
C04166,9,5,5558200.0,1111640.0,2,3,TODO: đặt tên nhóm 2
C04167,21,5,10667200.0,2133440.0,3,1,TODO: đặt tên nhóm 3
C04168,282,1,190950.0,190950.0,1,0,TODO: đặt tên nhóm 1
C04169,36,6,6052150.0,1008691.6666666666,2,3,TODO: đặt tên nhóm 2
C04170,12,3,1084150.0,361383.3333333333,2,0,TODO: đặt tên nhóm 2
C04171,3,5,2742750.0,548550.0,2,3,TODO: đặt tên nhóm 2
C04172,18,7,2913350.0,416192.85714285716,2,2,TODO: đặt tên nhóm 2
C04173,73,4,6140000.0,1535000.0,3,1,TODO: đặt tên nhóm 3
C04174,52,2,1463400.0,731700.0,2,0,TODO: đặt tên nhóm 2
C04175,4,2,635000.0,317500.0,2,0,TODO: đặt tên nhóm 2
C04176,60,7,5173850.0,739121.4285714285,2,3,TODO: đặt tên nhóm 2
C04177,3,9,7596000.0,844000.0,2,2,TODO: đặt tên nhóm 2
C04178,111,3,3156000.0,1052000.0,1,0,TODO: đặt tên nhóm 1
C04179,75,5,5699800.0,1139960.0,2,3,TODO: đặt tên nhóm 2
C04180,17,5,3256700.0,651340.0,2,3,TODO: đặt tên nhóm 2
C04181,91,7,5263050.0,751864.2857142857,2,3,TODO: đặt tên nhóm 2
C04182,81,2,2620000.0,1310000.0,3,0,TODO: đặt tên nhóm 3
C04183,69,4,4754000.0,1188500.0,2,3,TODO: đặt tên nhóm 2
C04184,30,5,4317350.0,863470.0,2,3,TODO: đặt tên nhóm 2
C04185,160,4,4126500.0,1031625.0,1,3,TODO: đặt tên nhóm 1
C04186,23,4,1339250.0,334812.5,2,0,TODO: đặt tên nhóm 2
C04187,117,3,2549000.0,849666.6666666666,1,0,TODO: đặt tên nhóm 1
C04188,140,7,5028000.0,718285.7142857143,1,3,TODO: đặt tên nhóm 1
C04189,94,4,6263000.0,1565750.0,3,1,TODO: đặt tên nhóm 3
C04190,34,5,3496800.0,699360.0,2,3,TODO: đặt tên nhóm 2
C04191,32,5,2133400.0,426680.0,2,3,TODO: đặt tên nhóm 2
C04192,42,9,6443900.0,715988.8888888889,2,2,TODO: đặt tên nhóm 2
C04193,52,5,7497750.0,1499550.0,3,3,TODO: đặt tên nhóm 3
C04194,172,2,3420000.0,1710000.0,1,1,TODO: đặt tên nhóm 1
C04195,25,9,4944000.0,549333.3333333334,2,2,TODO: đặt tên nhóm 2
C04196,33,5,4399800.0,879960.0,2,3,TODO: đặt tên nhóm 2
C04197,30,4,1521200.0,380300.0,2,0,TODO: đặt tên nhóm 2
C04198,42,8,10770150.0,1346268.75,3,2,TODO: đặt tên nhóm 3
C04199,62,7,8788400.0,1255485.7142857143,3,1,TODO: đặt tên nhóm 3
C04200,110,2,2158100.0,1079050.0,1,0,TODO: đặt tên nhóm 1
C04201,24,2,930100.0,465050.0,2,0,TODO: đặt tên nhóm 2
C04202,27,9,7517450.0,835272.2222222222,2,2,TODO: đặt tên nhóm 2
C04203,123,3,3263000.0,1087666.6666666667,1,0,TODO: đặt tên nhóm 1
C04204,34,4,2436850.0,609212.5,2,0,TODO: đặt tên nhóm 2
C04205,12,5,2545100.0,509020.0,2,3,TODO: đặt tên nhóm 2
C04206,39,4,5795300.0,1448825.0,3,2,TODO: đặt tên nhóm 3
C04207,47,6,6656700.0,1109450.0,2,3,TODO: đặt tên nhóm 2
C04208,53,5,4111900.0,822380.0,2,3,TODO: đặt tên nhóm 2
C04209,15,3,1704900.0,568300.0,2,0,TODO: đặt tên nhóm 2
C04210,77,5,11264676.0,2252935.2,3,1,TODO: đặt tên nhóm 3
C04211,72,2,3171000.0,1585500.0,3,1,TODO: đặt tên nhóm 3
C04212,92,3,1268200.0,422733.3333333333,1,0,TODO: đặt tên nhóm 1
C04213,11,4,8450950.0,2112737.5,3,1,TODO: đặt tên nhóm 3
C04214,103,3,767000.0,255666.66666666666,1,0,TODO: đặt tên nhóm 1
C04215,61,3,3009850.0,1003283.3333333334,2,0,TODO: đặt tên nhóm 2
C04216,138,5,15019000.0,3003800.0,3,1,TODO: đặt tên nhóm 3
C04217,76,1,198000.0,198000.0,1,0,TODO: đặt tên nhóm 1
C04218,86,1,414000.0,414000.0,1,0,TODO: đặt tên nhóm 1
C04219,88,8,7028900.0,878612.5,2,3,TODO: đặt tên nhóm 2
C04220,17,3,3616000.0,1205333.3333333333,2,0,TODO: đặt tên nhóm 2
C04221,93,6,6100200.0,1016700.0,2,3,TODO: đặt tên nhóm 2
C04222,29,5,3128000.0,625600.0,2,3,TODO: đặt tên nhóm 2
C04223,173,3,3734500.0,1244833.3333333333,1,0,TODO: đặt tên nhóm 1
C04224,21,3,1455000.0,485000.0,2,0,TODO: đặt tên nhóm 2
C04225,68,6,4451850.0,741975.0,2,3,TODO: đặt tên nhóm 2
C04226,8,7,6547100.0,935300.0,2,3,TODO: đặt tên nhóm 2
C04227,64,6,4855900.0,809316.6666666666,2,3,TODO: đặt tên nhóm 2
C04228,143,3,2072300.0,690766.6666666666,1,0,TODO: đặt tên nhóm 1
C04229,111,3,3889300.0,1296433.3333333333,1,0,TODO: đặt tên nhóm 1
C04230,95,5,4477000.0,895400.0,2,3,TODO: đặt tên nhóm 2
C04231,230,2,337250.0,168625.0,1,0,TODO: đặt tên nhóm 1
C04232,72,6,8712400.0,1452066.6666666667,3,1,TODO: đặt tên nhóm 3
C04233,107,4,2462500.0,615625.0,1,0,TODO: đặt tên nhóm 1
C04234,17,7,6541050.0,934435.7142857143,2,3,TODO: đặt tên nhóm 2
C04235,70,3,5577800.0,1859266.6666666667,3,1,TODO: đặt tên nhóm 3
C04236,21,6,19635899.0,3272649.8333333335,3,1,TODO: đặt tên nhóm 3
C04237,12,6,5155400.0,859233.3333333334,2,3,TODO: đặt tên nhóm 2
C04238,18,4,2465050.0,616262.5,2,0,TODO: đặt tên nhóm 2
C04239,71,4,5102700.0,1275675.0,3,3,TODO: đặt tên nhóm 3
C04240,13,3,3086800.0,1028933.3333333334,2,0,TODO: đặt tên nhóm 2
C04241,36,7,7867000.0,1123857.142857143,2,2,TODO: đặt tên nhóm 2
C04242,55,4,1894650.0,473662.5,2,0,TODO: đặt tên nhóm 2
C04243,13,4,4826800.0,1206700.0,2,3,TODO: đặt tên nhóm 2
C04244,11,1,160000.0,160000.0,2,0,TODO: đặt tên nhóm 2
C04245,56,3,2896200.0,965400.0,2,0,TODO: đặt tên nhóm 2
C04246,23,5,3685000.0,737000.0,2,3,TODO: đặt tên nhóm 2
C04247,176,4,3418550.0,854637.5,1,0,TODO: đặt tên nhóm 1
C04248,54,4,7722300.0,1930575.0,3,1,TODO: đặt tên nhóm 3
C04249,20,5,6822700.0,1364540.0,3,3,TODO: đặt tên nhóm 3
C04250,19,4,14198744.0,3549686.0,3,1,TODO: đặt tên nhóm 3
C04251,1,5,2767200.0,553440.0,2,3,TODO: đặt tên nhóm 2
C04252,45,6,8363600.0,1393933.3333333333,3,3,TODO: đặt tên nhóm 3
C04253,10,8,7685750.0,960718.75,2,3,TODO: đặt tên nhóm 2
C04254,41,7,6181940.0,883134.2857142857,2,3,TODO: đặt tên nhóm 2
C04255,82,5,2533000.0,506600.0,2,3,TODO: đặt tên nhóm 2
C04256,55,5,4933400.0,986680.0,2,3,TODO: đặt tên nhóm 2
C04257,39,4,3193200.0,798300.0,2,3,TODO: đặt tên nhóm 2
C04258,5,5,4038950.0,807790.0,2,3,TODO: đặt tên nhóm 2
C04259,72,4,6996200.0,1749050.0,3,1,TODO: đặt tên nhóm 3
C04260,3,7,5600800.0,800114.2857142857,2,3,TODO: đặt tên nhóm 2
C04261,16,6,4845550.0,807591.6666666666,2,3,TODO: đặt tên nhóm 2
C04262,144,5,2300150.0,460030.0,1,3,TODO: đặt tên nhóm 1
C04263,16,4,3605500.0,901375.0,2,3,TODO: đặt tên nhóm 2
C04264,84,4,4748200.0,1187050.0,2,3,TODO: đặt tên nhóm 2
C04265,31,3,4470100.0,1490033.3333333333,3,2,TODO: đặt tên nhóm 3
C04266,45,3,4266150.0,1422050.0,3,2,TODO: đặt tên nhóm 3
C04267,103,4,7476600.0,1869150.0,3,1,TODO: đặt tên nhóm 3
C04268,13,5,6234600.0,1246920.0,2,3,TODO: đặt tên nhóm 2
C04269,27,5,2096300.0,419260.0,2,3,TODO: đặt tên nhóm 2
C04270,5,3,5382800.0,1794266.6666666667,3,1,TODO: đặt tên nhóm 3
C04271,14,6,7090200.0,1181700.0,2,3,TODO: đặt tên nhóm 2
C04272,132,2,803600.0,401800.0,1,0,TODO: đặt tên nhóm 1
C04273,51,4,2279950.0,569987.5,2,0,TODO: đặt tên nhóm 2
C04274,7,6,4981950.0,830325.0,2,3,TODO: đặt tên nhóm 2
C04275,85,4,4253250.0,1063312.5,2,3,TODO: đặt tên nhóm 2
C04276,64,5,3292300.0,658460.0,2,3,TODO: đặt tên nhóm 2
C04277,58,4,4722000.0,1180500.0,2,3,TODO: đặt tên nhóm 2
C04278,73,2,5043250.0,2521625.0,3,1,TODO: đặt tên nhóm 3
C04279,78,2,2210450.0,1105225.0,2,0,TODO: đặt tên nhóm 2
C04280,17,6,8320000.0,1386666.6666666667,3,2,TODO: đặt tên nhóm 3
C04281,34,5,3657000.0,731400.0,2,3,TODO: đặt tên nhóm 2
C04282,36,3,3708350.0,1236116.6666666667,2,0,TODO: đặt tên nhóm 2
C04283,1,3,3699600.0,1233200.0,2,0,TODO: đặt tên nhóm 2
C04284,277,1,169000.0,169000.0,1,0,TODO: đặt tên nhóm 1
C04285,20,6,4660900.0,776816.6666666666,2,3,TODO: đặt tên nhóm 2
C04286,54,5,8150750.0,1630150.0,3,1,TODO: đặt tên nhóm 3
C04287,58,3,3164100.0,1054700.0,2,0,TODO: đặt tên nhóm 2
C04288,281,1,2133000.0,2133000.0,3,1,TODO: đặt tên nhóm 3
C04289,28,5,4709000.0,941800.0,2,3,TODO: đặt tên nhóm 2
C04290,161,3,1715000.0,571666.6666666666,1,0,TODO: đặt tên nhóm 1
C04291,143,5,4009550.0,801910.0,1,3,TODO: đặt tên nhóm 1
C04292,40,4,2511000.0,627750.0,2,0,TODO: đặt tên nhóm 2
C04293,60,4,2095250.0,523812.5,2,0,TODO: đặt tên nhóm 2
C04294,85,6,4426300.0,737716.6666666666,2,3,TODO: đặt tên nhóm 2
C04295,91,4,6501350.0,1625337.5,3,1,TODO: đặt tên nhóm 3
C04296,242,1,171000.0,171000.0,1,0,TODO: đặt tên nhóm 1
C04297,98,5,2057100.0,411420.0,1,3,TODO: đặt tên nhóm 1
C04298,65,2,374000.0,187000.0,2,0,TODO: đặt tên nhóm 2
C04299,21,7,7671100.0,1095871.4285714286,2,3,TODO: đặt tên nhóm 2
C04300,22,5,5856650.0,1171330.0,2,3,TODO: đặt tên nhóm 2
C04301,176,1,1815450.0,1815450.0,1,1,TODO: đặt tên nhóm 1
C04302,11,4,10013000.0,2503250.0,3,1,TODO: đặt tên nhóm 3
C04303,109,5,8026100.0,1605220.0,3,1,TODO: đặt tên nhóm 3
C04304,15,2,1188450.0,594225.0,2,0,TODO: đặt tên nhóm 2
C04305,12,4,2030600.0,507650.0,2,0,TODO: đặt tên nhóm 2
C04306,311,1,1949900.0,1949900.0,1,1,TODO: đặt tên nhóm 1
C04307,41,3,2048800.0,682933.3333333334,2,0,TODO: đặt tên nhóm 2
C04308,103,4,2955900.0,738975.0,1,3,TODO: đặt tên nhóm 1
C04309,120,2,3226200.0,1613100.0,3,1,TODO: đặt tên nhóm 3
C04310,33,5,2631600.0,526320.0,2,3,TODO: đặt tên nhóm 2
C04311,6,6,11284000.0,1880666.6666666667,3,1,TODO: đặt tên nhóm 3
C04312,56,4,2127450.0,531862.5,2,0,TODO: đặt tên nhóm 2
C04313,163,4,2218400.0,554600.0,1,0,TODO: đặt tên nhóm 1
C04314,13,5,5515700.0,1103140.0,2,3,TODO: đặt tên nhóm 2
C04315,3,8,5595200.0,699400.0,2,2,TODO: đặt tên nhóm 2
C04316,15,4,3461900.0,865475.0,2,3,TODO: đặt tên nhóm 2
C04317,192,3,1747000.0,582333.3333333334,1,0,TODO: đặt tên nhóm 1
C04318,100,5,5870850.0,1174170.0,3,3,TODO: đặt tên nhóm 3
C04319,86,2,2563650.0,1281825.0,1,0,TODO: đặt tên nhóm 1
C04320,98,6,7372100.0,1228683.3333333333,3,3,TODO: đặt tên nhóm 3
C04321,68,3,2695000.0,898333.3333333334,2,0,TODO: đặt tên nhóm 2
C04322,1,5,4105700.0,821140.0,2,3,TODO: đặt tên nhóm 2
C04323,7,6,4785700.0,797616.6666666666,2,3,TODO: đặt tên nhóm 2
C04324,51,5,3581750.0,716350.0,2,3,TODO: đặt tên nhóm 2
C04325,17,3,10039000.0,3346333.3333333335,3,1,TODO: đặt tên nhóm 3
C04326,2,5,5020650.0,1004130.0,2,3,TODO: đặt tên nhóm 2
C04327,137,4,3518134.0,879533.5,1,3,TODO: đặt tên nhóm 1
C04328,26,2,668400.0,334200.0,2,0,TODO: đặt tên nhóm 2
C04329,86,4,3146050.0,786512.5,2,3,TODO: đặt tên nhóm 2
C04330,128,3,1742900.0,580966.6666666666,1,0,TODO: đặt tên nhóm 1
C04331,103,3,4053500.0,1351166.6666666667,3,0,TODO: đặt tên nhóm 3
C04332,28,3,19054019.0,6351339.666666667,3,1,TODO: đặt tên nhóm 3
C04333,1,3,868000.0,289333.3333333333,2,0,TODO: đặt tên nhóm 2
C04334,55,8,12097100.0,1512137.5,3,1,TODO: đặt tên nhóm 3
C04335,66,5,4174900.0,834980.0,2,3,TODO: đặt tên nhóm 2
C04336,64,5,2334700.0,466940.0,2,3,TODO: đặt tên nhóm 2
C04337,7,5,3717250.0,743450.0,2,3,TODO: đặt tên nhóm 2
C04338,76,2,13601074.0,6800537.0,3,1,TODO: đặt tên nhóm 3
C04339,222,1,2127000.0,2127000.0,3,1,TODO: đặt tên nhóm 3
C04340,42,4,1620900.0,405225.0,2,0,TODO: đặt tên nhóm 2
C04341,63,5,6536800.0,1307360.0,3,3,TODO: đặt tên nhóm 3
C04342,111,2,982000.0,491000.0,1,0,TODO: đặt tên nhóm 1
C04343,30,4,2670800.0,667700.0,2,0,TODO: đặt tên nhóm 2
C04344,87,5,1594750.0,318950.0,2,3,TODO: đặt tên nhóm 2
C04345,12,5,4764950.0,952990.0,2,3,TODO: đặt tên nhóm 2
C04346,64,5,2692900.0,538580.0,2,3,TODO: đặt tên nhóm 2
C04347,98,4,2385000.0,596250.0,1,0,TODO: đặt tên nhóm 1
C04348,34,6,8189450.0,1364908.3333333333,3,3,TODO: đặt tên nhóm 3
C04349,144,5,6001700.0,1200340.0,1,3,TODO: đặt tên nhóm 1
C04350,264,1,158400.0,158400.0,1,0,TODO: đặt tên nhóm 1
C04351,52,3,2808000.0,936000.0,2,0,TODO: đặt tên nhóm 2
C04352,32,5,4785400.0,957080.0,2,3,TODO: đặt tên nhóm 2
C04353,33,3,1255000.0,418333.3333333333,2,0,TODO: đặt tên nhóm 2
C04354,42,5,3662500.0,732500.0,2,3,TODO: đặt tên nhóm 2
C04355,12,2,1320000.0,660000.0,2,0,TODO: đặt tên nhóm 2
C04356,45,4,7907000.0,1976750.0,3,1,TODO: đặt tên nhóm 3
C04357,17,3,1682450.0,560816.6666666666,2,0,TODO: đặt tên nhóm 2
C04358,137,3,1601600.0,533866.6666666666,1,0,TODO: đặt tên nhóm 1
C04359,2,3,1424700.0,474900.0,2,0,TODO: đặt tên nhóm 2
C04360,123,1,850500.0,850500.0,1,0,TODO: đặt tên nhóm 1
C04361,276,1,852000.0,852000.0,1,0,TODO: đặt tên nhóm 1
C04362,44,6,3322200.0,553700.0,2,3,TODO: đặt tên nhóm 2
C04363,9,6,7604300.0,1267383.3333333333,3,3,TODO: đặt tên nhóm 3
C04364,9,5,3053000.0,610600.0,2,3,TODO: đặt tên nhóm 2
C04365,2,8,9474064.0,1184258.0,0,2,TODO: đặt tên nhóm 0
C04366,3,3,2364500.0,788166.6666666666,2,0,TODO: đặt tên nhóm 2
C04367,32,5,5532550.0,1106510.0,2,3,TODO: đặt tên nhóm 2
C04368,155,3,2334000.0,778000.0,1,0,TODO: đặt tên nhóm 1
C04369,4,4,4021000.0,1005250.0,2,3,TODO: đặt tên nhóm 2
C04370,92,8,7755450.0,969431.25,2,3,TODO: đặt tên nhóm 2
C04371,21,8,7999650.0,999956.25,2,2,TODO: đặt tên nhóm 2
C04372,147,4,2772400.0,693100.0,1,0,TODO: đặt tên nhóm 1
C04373,97,5,9003584.381259058,1800716.8762518116,3,1,TODO: đặt tên nhóm 3
C04374,33,4,3499400.0,874850.0,2,3,TODO: đặt tên nhóm 2
C04375,9,6,8584100.0,1430683.3333333333,3,2,TODO: đặt tên nhóm 3
C04376,108,3,5116400.0,1705466.6666666667,3,1,TODO: đặt tên nhóm 3
C04377,196,2,1086000.0,543000.0,1,0,TODO: đặt tên nhóm 1
C04378,57,1,881450.0,881450.0,2,0,TODO: đặt tên nhóm 2
C04379,65,4,7566060.0,1891515.0,3,1,TODO: đặt tên nhóm 3
C04380,45,7,7572900.0,1081842.857142857,2,3,TODO: đặt tên nhóm 2
C04381,179,1,1212000.0,1212000.0,1,1,TODO: đặt tên nhóm 1
C04382,3,2,2943000.0,1471500.0,3,0,TODO: đặt tên nhóm 3
C04383,133,4,4235900.0,1058975.0,1,3,TODO: đặt tên nhóm 1
C04384,12,5,15672522.0,3134504.4,3,1,TODO: đặt tên nhóm 3
C04385,40,3,2211350.0,737116.6666666666,2,0,TODO: đặt tên nhóm 2
C04386,12,4,5427400.0,1356850.0,3,2,TODO: đặt tên nhóm 3
C04387,50,5,8979800.0,1795960.0,3,1,TODO: đặt tên nhóm 3
C04388,46,2,3704100.0,1852050.0,3,1,TODO: đặt tên nhóm 3
C04389,16,6,6228350.0,1038058.3333333334,2,3,TODO: đặt tên nhóm 2
C04390,18,6,5386000.0,897666.6666666666,2,3,TODO: đặt tên nhóm 2
C04391,218,2,4296000.0,2148000.0,3,1,TODO: đặt tên nhóm 3
C04392,35,5,5118350.0,1023670.0,2,3,TODO: đặt tên nhóm 2
C04393,43,6,9049900.0,1508316.6666666667,3,2,TODO: đặt tên nhóm 3
C04394,8,7,3550900.0,507271.4285714286,2,2,TODO: đặt tên nhóm 2
C04395,9,4,1806650.0,451662.5,2,0,TODO: đặt tên nhóm 2
C04396,249,2,5943700.0,2971850.0,3,1,TODO: đặt tên nhóm 3
C04397,133,5,4242000.0,848400.0,1,3,TODO: đặt tên nhóm 1
C04398,18,5,2489000.0,497800.0,2,3,TODO: đặt tên nhóm 2
C04399,43,7,7766000.0,1109428.5714285714,2,3,TODO: đặt tên nhóm 2
C04401,68,3,3910000.0,1303333.3333333333,3,0,TODO: đặt tên nhóm 3
C04402,85,6,8470600.0,1411766.6666666667,3,3,TODO: đặt tên nhóm 3
C04403,55,3,2670000.0,890000.0,2,0,TODO: đặt tên nhóm 2
C04404,93,2,629850.0,314925.0,1,0,TODO: đặt tên nhóm 1
C04405,97,5,5848750.0,1169750.0,3,3,TODO: đặt tên nhóm 3
C04406,26,3,2156100.0,718700.0,2,0,TODO: đặt tên nhóm 2
C04407,53,5,3785300.0,757060.0,2,3,TODO: đặt tên nhóm 2
C04408,11,8,5008850.0,626106.25,2,2,TODO: đặt tên nhóm 2
C04409,23,6,6235000.0,1039166.6666666666,2,3,TODO: đặt tên nhóm 2
C04410,46,5,4915800.0,983160.0,2,3,TODO: đặt tên nhóm 2
C04411,44,4,4169900.0,1042475.0,2,3,TODO: đặt tên nhóm 2
C04412,33,6,4922950.0,820491.6666666666,2,3,TODO: đặt tên nhóm 2
C04413,14,6,9230650.0,1538441.6666666667,3,2,TODO: đặt tên nhóm 3
C04414,14,4,2107250.0,526812.5,2,0,TODO: đặt tên nhóm 2
C04415,19,5,6393100.0,1278620.0,2,3,TODO: đặt tên nhóm 2
C04416,54,4,1499050.0,374762.5,2,0,TODO: đặt tên nhóm 2
C04417,139,2,509400.0,254700.0,1,0,TODO: đặt tên nhóm 1
C04418,78,4,2765600.0,691400.0,2,0,TODO: đặt tên nhóm 2
C04419,20,5,6704300.0,1340860.0,3,3,TODO: đặt tên nhóm 3
C04420,38,5,7239950.0,1447990.0,3,3,TODO: đặt tên nhóm 3
C04421,21,5,6237500.0,1247500.0,2,3,TODO: đặt tên nhóm 2
C04422,52,7,7859950.0,1122850.0,2,3,TODO: đặt tên nhóm 2
C04423,4,8,8495700.0,1061962.5,2,2,TODO: đặt tên nhóm 2
C04424,10,4,4557350.0,1139337.5,2,3,TODO: đặt tên nhóm 2
C04425,43,6,9800500.0,1633416.6666666667,3,1,TODO: đặt tên nhóm 3
C04426,74,4,6071500.0,1517875.0,3,1,TODO: đặt tên nhóm 3
C04427,155,2,1891300.0,945650.0,1,0,TODO: đặt tên nhóm 1
C04428,9,6,2745000.0,457500.0,2,3,TODO: đặt tên nhóm 2
C04429,23,4,3729050.0,932262.5,2,3,TODO: đặt tên nhóm 2
C04430,8,8,6501350.0,812668.75,2,3,TODO: đặt tên nhóm 2
C04431,17,5,3761000.0,752200.0,2,3,TODO: đặt tên nhóm 2
C04432,40,1,324000.0,324000.0,2,0,TODO: đặt tên nhóm 2
C04433,29,2,2227000.0,1113500.0,2,0,TODO: đặt tên nhóm 2
C04434,42,3,2395000.0,798333.3333333334,2,0,TODO: đặt tên nhóm 2
C04435,20,6,5926100.0,987683.3333333334,2,3,TODO: đặt tên nhóm 2
C04436,33,1,1252000.0,1252000.0,2,2,TODO: đặt tên nhóm 2
C04437,41,4,4343000.0,1085750.0,2,3,TODO: đặt tên nhóm 2
C04438,14,3,8625350.0,2875116.6666666665,3,1,TODO: đặt tên nhóm 3
C04439,106,7,4982750.0,711821.4285714285,2,3,TODO: đặt tên nhóm 2
C04440,119,5,13664059.0,2732811.8,3,1,TODO: đặt tên nhóm 3
C04441,11,5,4244400.0,848880.0,2,3,TODO: đặt tên nhóm 2
C04442,70,3,2437250.0,812416.6666666666,2,0,TODO: đặt tên nhóm 2
C04443,30,3,4509850.0,1503283.3333333333,3,2,TODO: đặt tên nhóm 3
C04444,10,4,3875000.0,968750.0,2,3,TODO: đặt tên nhóm 2
C04445,30,4,1410300.0,352575.0,2,0,TODO: đặt tên nhóm 2
C04446,11,6,14279119.0,2379853.1666666665,3,1,TODO: đặt tên nhóm 3
C04447,30,7,5911600.0,844514.2857142857,2,3,TODO: đặt tên nhóm 2
C04448,73,2,984000.0,492000.0,2,0,TODO: đặt tên nhóm 2
C04449,209,4,1869700.0,467425.0,1,0,TODO: đặt tên nhóm 1
C04450,31,8,6080050.0,760006.25,2,3,TODO: đặt tên nhóm 2
C04451,98,3,3486500.0,1162166.6666666667,1,0,TODO: đặt tên nhóm 1
C04452,74,5,6013500.0,1202700.0,3,3,TODO: đặt tên nhóm 3
C04453,24,3,4171650.0,1390550.0,3,2,TODO: đặt tên nhóm 3
C04454,73,4,2479100.0,619775.0,2,0,TODO: đặt tên nhóm 2
C04455,42,5,7389463.0,1477892.6,3,3,TODO: đặt tên nhóm 3
C04456,9,7,6911800.0,987400.0,2,3,TODO: đặt tên nhóm 2
C04457,45,4,1944300.0,486075.0,2,0,TODO: đặt tên nhóm 2
C04458,36,5,7371960.0,1474392.0,3,3,TODO: đặt tên nhóm 3
C04459,7,10,9618650.0,961865.0,0,2,TODO: đặt tên nhóm 0
C04460,36,4,3359100.0,839775.0,2,3,TODO: đặt tên nhóm 2
C04461,180,4,3791300.0,947825.0,1,3,TODO: đặt tên nhóm 1
C04462,40,6,4907400.0,817900.0,2,3,TODO: đặt tên nhóm 2
C04463,48,5,7427250.0,1485450.0,3,3,TODO: đặt tên nhóm 3
C04464,72,5,5346700.0,1069340.0,2,3,TODO: đặt tên nhóm 2
C04465,97,2,1225800.0,612900.0,1,0,TODO: đặt tên nhóm 1
C04466,18,6,3706600.0,617766.6666666666,2,3,TODO: đặt tên nhóm 2
C04467,47,2,2384500.0,1192250.0,2,0,TODO: đặt tên nhóm 2
C04468,65,9,6345500.0,705055.5555555555,2,2,TODO: đặt tên nhóm 2
C04469,75,6,7924717.0,1320786.1666666667,3,3,TODO: đặt tên nhóm 3
C04470,63,6,9081550.0,1513591.6666666667,3,1,TODO: đặt tên nhóm 3
C04471,59,6,7135300.0,1189216.6666666667,3,3,TODO: đặt tên nhóm 3
C04472,88,5,5121150.0,1024230.0,2,3,TODO: đặt tên nhóm 2
C04473,104,4,4239400.0,1059850.0,1,3,TODO: đặt tên nhóm 1
C04474,61,7,4947500.0,706785.7142857143,2,3,TODO: đặt tên nhóm 2
C04475,18,3,1732250.0,577416.6666666666,2,0,TODO: đặt tên nhóm 2
C04476,125,7,3483650.0,497664.28571428574,1,3,TODO: đặt tên nhóm 1
C04477,23,2,1643000.0,821500.0,2,0,TODO: đặt tên nhóm 2
C04478,2,3,16223583.245882029,5407861.081960676,3,1,TODO: đặt tên nhóm 3
C04479,34,2,1055000.0,527500.0,2,0,TODO: đặt tên nhóm 2
C04480,50,4,2746550.0,686637.5,2,0,TODO: đặt tên nhóm 2
C04481,49,2,466000.0,233000.0,2,0,TODO: đặt tên nhóm 2
C04482,288,1,180000.0,180000.0,1,0,TODO: đặt tên nhóm 1
C04483,16,9,8446250.0,938472.2222222222,2,2,TODO: đặt tên nhóm 2
C04484,10,4,4345500.0,1086375.0,2,3,TODO: đặt tên nhóm 2
C04485,27,3,3576000.0,1192000.0,2,0,TODO: đặt tên nhóm 2
C04486,2,8,5731550.0,716443.75,2,2,TODO: đặt tên nhóm 2
C04487,160,2,2007000.0,1003500.0,1,0,TODO: đặt tên nhóm 1
C04488,38,2,1726150.0,863075.0,2,0,TODO: đặt tên nhóm 2
C04489,80,2,800450.0,400225.0,1,0,TODO: đặt tên nhóm 1
C04490,31,9,9932100.0,1103566.6666666667,0,2,TODO: đặt tên nhóm 0
C04491,1,5,5824450.0,1164890.0,2,3,TODO: đặt tên nhóm 2
C04492,121,3,1403100.0,467700.0,1,0,TODO: đặt tên nhóm 1
C04493,50,2,1576200.0,788100.0,2,0,TODO: đặt tên nhóm 2
C04494,1,6,4177950.0,696325.0,2,3,TODO: đặt tên nhóm 2
C04495,28,4,6296250.0,1574062.5,3,1,TODO: đặt tên nhóm 3
C04496,9,6,5097750.0,849625.0,2,3,TODO: đặt tên nhóm 2
C04497,70,8,6143500.0,767937.5,2,3,TODO: đặt tên nhóm 2
C04498,45,2,2669400.0,1334700.0,2,0,TODO: đặt tên nhóm 2
C04499,20,4,1894950.0,473737.5,2,0,TODO: đặt tên nhóm 2
C04500,37,6,5710200.0,951700.0,2,3,TODO: đặt tên nhóm 2
C04501,104,4,4858200.0,1214550.0,1,3,TODO: đặt tên nhóm 1
C04502,65,5,5316000.0,1063200.0,2,3,TODO: đặt tên nhóm 2
C04503,9,5,4204350.0,840870.0,2,3,TODO: đặt tên nhóm 2
C04504,14,5,7174000.0,1434800.0,3,3,TODO: đặt tên nhóm 3
C04505,34,7,7104700.0,1014957.1428571428,2,3,TODO: đặt tên nhóm 2
C04506,29,3,512000.0,170666.66666666666,2,0,TODO: đặt tên nhóm 2
C04507,277,1,2302000.0,2302000.0,3,1,TODO: đặt tên nhóm 3
C04508,39,4,2644400.0,661100.0,2,0,TODO: đặt tên nhóm 2
C04509,2,5,3011200.0,602240.0,2,3,TODO: đặt tên nhóm 2
C04510,160,4,4445900.0,1111475.0,1,3,TODO: đặt tên nhóm 1
C04511,57,2,904000.0,452000.0,2,0,TODO: đặt tên nhóm 2
C04512,58,2,1134000.0,567000.0,2,0,TODO: đặt tên nhóm 2
C04513,106,4,3392000.0,848000.0,1,3,TODO: đặt tên nhóm 1
C04514,38,5,5257400.0,1051480.0,2,3,TODO: đặt tên nhóm 2
C04515,192,2,3898000.0,1949000.0,3,1,TODO: đặt tên nhóm 3
C04516,73,3,1993700.0,664566.6666666666,2,0,TODO: đặt tên nhóm 2
C04517,14,2,979000.0,489500.0,2,0,TODO: đặt tên nhóm 2
C04518,1,3,1130850.0,376950.0,2,0,TODO: đặt tên nhóm 2
C04519,16,4,6852000.0,1713000.0,3,1,TODO: đặt tên nhóm 3
C04520,41,3,3090600.0,1030200.0,2,0,TODO: đặt tên nhóm 2
C04521,33,5,4566850.0,913370.0,2,3,TODO: đặt tên nhóm 2
C04522,46,4,6004750.0,1501187.5,3,1,TODO: đặt tên nhóm 3
C04523,86,2,1126350.0,563175.0,1,0,TODO: đặt tên nhóm 1
C04524,5,8,6460200.0,807525.0,2,3,TODO: đặt tên nhóm 2
C04525,85,1,1044900.0,1044900.0,1,0,TODO: đặt tên nhóm 1
C04526,12,5,3307650.0,661530.0,2,3,TODO: đặt tên nhóm 2
C04527,18,6,5080200.0,846700.0,2,3,TODO: đặt tên nhóm 2
C04528,7,6,4156700.0,692783.3333333334,2,3,TODO: đặt tên nhóm 2
C04529,94,4,8600800.0,2150200.0,3,1,TODO: đặt tên nhóm 3
C04530,53,2,576650.0,288325.0,2,0,TODO: đặt tên nhóm 2
C04531,67,5,4641650.0,928330.0,2,3,TODO: đặt tên nhóm 2
C04532,2,8,14248000.0,1781000.0,3,2,TODO: đặt tên nhóm 3
C04533,5,5,8628100.0,1725620.0,3,1,TODO: đặt tên nhóm 3
C04534,86,2,5669000.0,2834500.0,3,1,TODO: đặt tên nhóm 3
C04535,128,9,10001150.0,1111238.888888889,3,1,TODO: đặt tên nhóm 3
C04536,16,3,1132000.0,377333.3333333333,2,0,TODO: đặt tên nhóm 2
C04537,15,3,3855300.0,1285100.0,2,0,TODO: đặt tên nhóm 2
C04538,167,1,474000.0,474000.0,1,0,TODO: đặt tên nhóm 1
C04539,34,5,3733350.0,746670.0,2,3,TODO: đặt tên nhóm 2
C04540,103,2,6177612.066498362,3088806.033249181,3,1,TODO: đặt tên nhóm 3
C04541,2,7,4341350.0,620192.8571428572,2,3,TODO: đặt tên nhóm 2
C04542,8,5,5245500.0,1049100.0,2,3,TODO: đặt tên nhóm 2
C04543,137,1,621000.0,621000.0,1,0,TODO: đặt tên nhóm 1
C04544,46,3,4398400.0,1466133.3333333333,3,1,TODO: đặt tên nhóm 3
C04545,26,6,4430350.0,738391.6666666666,2,3,TODO: đặt tên nhóm 2
C04546,48,3,4576000.0,1525333.3333333333,3,1,TODO: đặt tên nhóm 3
C04547,176,5,6349850.0,1269970.0,1,3,TODO: đặt tên nhóm 1
C04548,104,2,2941200.0,1470600.0,3,0,TODO: đặt tên nhóm 3
C04549,9,4,2424550.0,606137.5,2,0,TODO: đặt tên nhóm 2
C04550,163,4,2695200.0,673800.0,1,0,TODO: đặt tên nhóm 1
C04551,60,5,5720450.0,1144090.0,2,3,TODO: đặt tên nhóm 2
C04552,10,6,4302400.0,717066.6666666666,2,3,TODO: đặt tên nhóm 2
C04553,3,4,5118000.0,1279500.0,2,2,TODO: đặt tên nhóm 2
C04554,107,3,2099200.0,699733.3333333334,1,0,TODO: đặt tên nhóm 1
C04555,160,4,5229300.0,1307325.0,1,1,TODO: đặt tên nhóm 1
C04556,32,5,8664000.0,1732800.0,3,1,TODO: đặt tên nhóm 3
C04557,4,8,9363150.0,1170393.75,0,2,TODO: đặt tên nhóm 0
C04558,20,4,4240300.0,1060075.0,2,3,TODO: đặt tên nhóm 2
C04559,126,6,8104050.0,1350675.0,3,1,TODO: đặt tên nhóm 3
C04560,35,3,2018350.0,672783.3333333334,2,0,TODO: đặt tên nhóm 2
C04562,130,1,149400.0,149400.0,1,0,TODO: đặt tên nhóm 1
C04563,69,5,5885850.0,1177170.0,2,3,TODO: đặt tên nhóm 2
C04564,20,5,14620268.0,2924053.6,3,1,TODO: đặt tên nhóm 3
C04565,12,8,9183334.0,1147916.75,2,2,TODO: đặt tên nhóm 2
C04566,3,4,1825850.0,456462.5,2,0,TODO: đặt tên nhóm 2
C04567,165,2,3843000.0,1921500.0,3,1,TODO: đặt tên nhóm 3
C04568,102,3,1474450.0,491483.3333333333,1,0,TODO: đặt tên nhóm 1
C04569,9,3,614500.0,204833.33333333334,2,0,TODO: đặt tên nhóm 2
C04570,34,3,2839000.0,946333.3333333334,2,0,TODO: đặt tên nhóm 2
C04571,29,2,1377000.0,688500.0,2,0,TODO: đặt tên nhóm 2
C04572,56,4,13535031.0,3383757.75,3,1,TODO: đặt tên nhóm 3
C04573,10,7,16392904.0,2341843.4285714286,3,1,TODO: đặt tên nhóm 3
C04574,39,2,2991700.0,1495850.0,3,0,TODO: đặt tên nhóm 3
C04575,18,5,5218450.0,1043690.0,2,3,TODO: đặt tên nhóm 2
C04576,49,4,6051501.0,1512875.25,3,1,TODO: đặt tên nhóm 3
C04577,1,3,1095000.0,365000.0,2,0,TODO: đặt tên nhóm 2
C04578,10,4,2133000.0,533250.0,2,0,TODO: đặt tên nhóm 2
C04579,59,4,4366400.0,1091600.0,2,3,TODO: đặt tên nhóm 2
C04580,84,5,1449350.0,289870.0,2,3,TODO: đặt tên nhóm 2
C04581,2,3,5210900.0,1736966.6666666667,3,1,TODO: đặt tên nhóm 3
C04582,74,2,5165000.0,2582500.0,3,1,TODO: đặt tên nhóm 3
C04583,14,3,2642000.0,880666.6666666666,2,0,TODO: đặt tên nhóm 2
C04584,55,2,1245000.0,622500.0,2,0,TODO: đặt tên nhóm 2
C04585,14,8,15494000.0,1936750.0,3,2,TODO: đặt tên nhóm 3
C04586,47,2,3244600.0,1622300.0,3,1,TODO: đặt tên nhóm 3
C04587,127,3,3033450.0,1011150.0,1,0,TODO: đặt tên nhóm 1
C04588,295,2,1965800.0,982900.0,1,0,TODO: đặt tên nhóm 1
C04589,48,7,9834400.0,1404914.2857142857,3,2,TODO: đặt tên nhóm 3
C04590,86,1,855100.0,855100.0,1,0,TODO: đặt tên nhóm 1
C04591,74,3,1720800.0,573600.0,2,0,TODO: đặt tên nhóm 2
C04592,103,6,7051150.0,1175191.6666666667,3,3,TODO: đặt tên nhóm 3
C04593,34,2,395000.0,197500.0,2,0,TODO: đặt tên nhóm 2
C04594,256,1,1307200.0,1307200.0,1,1,TODO: đặt tên nhóm 1
C04595,74,3,5150650.0,1716883.3333333333,3,1,TODO: đặt tên nhóm 3
C04596,41,4,2012000.0,503000.0,2,0,TODO: đặt tên nhóm 2
C04597,93,4,8638000.0,2159500.0,3,1,TODO: đặt tên nhóm 3
C04598,6,7,11710150.0,1672878.5714285714,3,2,TODO: đặt tên nhóm 3
C04599,61,7,11216000.0,1602285.7142857143,3,1,TODO: đặt tên nhóm 3
C04600,7,7,6524571.172459178,932081.5960655968,2,3,TODO: đặt tên nhóm 2
C04601,119,2,2152000.0,1076000.0,1,0,TODO: đặt tên nhóm 1
C04602,3,6,9476100.0,1579350.0,3,2,TODO: đặt tên nhóm 3
C04603,16,3,1887250.0,629083.3333333334,2,0,TODO: đặt tên nhóm 2
C04604,141,1,774900.0,774900.0,1,0,TODO: đặt tên nhóm 1
C04605,13,2,900000.0,450000.0,2,0,TODO: đặt tên nhóm 2
C04606,170,2,1925400.0,962700.0,1,0,TODO: đặt tên nhóm 1
C04607,75,4,4130200.0,1032550.0,2,3,TODO: đặt tên nhóm 2
C04608,80,8,14900934.0,1862616.75,3,1,TODO: đặt tên nhóm 3
C04609,217,3,2402950.0,800983.3333333334,1,0,TODO: đặt tên nhóm 1
C04610,3,12,13292300.0,1107691.6666666667,0,2,TODO: đặt tên nhóm 0
C04611,181,4,3623400.0,905850.0,1,3,TODO: đặt tên nhóm 1
C04612,95,2,2102000.0,1051000.0,1,0,TODO: đặt tên nhóm 1
C04613,95,4,4091700.0,1022925.0,1,3,TODO: đặt tên nhóm 1
C04614,62,4,6014850.0,1503712.5,3,1,TODO: đặt tên nhóm 3
C04615,231,1,129200.0,129200.0,1,0,TODO: đặt tên nhóm 1
C04616,19,4,4723200.0,1180800.0,2,3,TODO: đặt tên nhóm 2
C04617,109,6,10275300.0,1712550.0,3,1,TODO: đặt tên nhóm 3
C04618,5,6,5440900.0,906816.6666666666,2,3,TODO: đặt tên nhóm 2
C04619,30,5,2051000.0,410200.0,2,3,TODO: đặt tên nhóm 2
C04620,72,4,945950.0,236487.5,2,0,TODO: đặt tên nhóm 2
C04621,37,6,5190150.0,865025.0,2,3,TODO: đặt tên nhóm 2
C04622,11,4,5624300.0,1406075.0,3,2,TODO: đặt tên nhóm 3
C04623,163,2,1303550.0,651775.0,1,0,TODO: đặt tên nhóm 1
C04624,28,9,10704350.0,1189372.2222222222,0,2,TODO: đặt tên nhóm 0
C04625,56,4,2604650.0,651162.5,2,0,TODO: đặt tên nhóm 2
C04626,20,7,5105150.0,729307.1428571428,2,3,TODO: đặt tên nhóm 2
C04627,120,2,906900.0,453450.0,1,0,TODO: đặt tên nhóm 1
C04628,21,3,908700.0,302900.0,2,0,TODO: đặt tên nhóm 2
C04629,57,6,9124320.0,1520720.0,3,1,TODO: đặt tên nhóm 3
C04630,141,3,2320000.0,773333.3333333334,1,0,TODO: đặt tên nhóm 1
C04631,78,6,16036436.0,2672739.3333333335,3,1,TODO: đặt tên nhóm 3
C04632,151,2,1220800.0,610400.0,1,0,TODO: đặt tên nhóm 1
C04633,89,3,1570800.0,523600.0,1,0,TODO: đặt tên nhóm 1
C04634,26,3,1865000.0,621666.6666666666,2,0,TODO: đặt tên nhóm 2
C04635,3,5,3523800.0,704760.0,2,3,TODO: đặt tên nhóm 2
C04636,14,4,2499250.0,624812.5,2,0,TODO: đặt tên nhóm 2
C04637,22,5,16719965.0,3343993.0,3,1,TODO: đặt tên nhóm 3
C04638,63,3,959950.0,319983.3333333333,2,0,TODO: đặt tên nhóm 2
C04639,10,5,6373900.0,1274780.0,2,3,TODO: đặt tên nhóm 2
C04640,34,6,3725950.0,620991.6666666666,2,3,TODO: đặt tên nhóm 2
C04641,40,1,932000.0,932000.0,2,0,TODO: đặt tên nhóm 2
C04642,41,6,5421450.0,903575.0,2,3,TODO: đặt tên nhóm 2
C04643,11,2,1055000.0,527500.0,2,0,TODO: đặt tên nhóm 2
C04644,65,3,1563000.0,521000.0,2,0,TODO: đặt tên nhóm 2
C04645,54,4,7476150.0,1869037.5,3,1,TODO: đặt tên nhóm 3
C04646,93,4,2002150.0,500537.5,1,0,TODO: đặt tên nhóm 1
C04647,183,1,366700.0,366700.0,1,0,TODO: đặt tên nhóm 1
C04648,46,5,4056650.0,811330.0,2,3,TODO: đặt tên nhóm 2
C04649,23,7,11080200.0,1582885.7142857143,3,2,TODO: đặt tên nhóm 3
C04650,186,2,1594000.0,797000.0,1,0,TODO: đặt tên nhóm 1
C04651,22,9,3347250.0,371916.6666666667,2,2,TODO: đặt tên nhóm 2
C04652,83,6,5228800.0,871466.6666666666,2,3,TODO: đặt tên nhóm 2
C04653,46,5,3764200.0,752840.0,2,3,TODO: đặt tên nhóm 2
C04654,63,4,1004850.0,251212.5,2,0,TODO: đặt tên nhóm 2
C04655,42,6,5878900.0,979816.6666666666,2,3,TODO: đặt tên nhóm 2
C04656,15,4,4605600.0,1151400.0,2,3,TODO: đặt tên nhóm 2
C04657,208,2,15724710.0,7862355.0,3,1,TODO: đặt tên nhóm 3
C04658,1,6,3014600.0,502433.3333333333,2,3,TODO: đặt tên nhóm 2
C04659,1,4,3894750.0,973687.5,2,3,TODO: đặt tên nhóm 2
C04660,44,4,4284900.0,1071225.0,2,3,TODO: đặt tên nhóm 2
C04661,112,5,6731800.0,1346360.0,3,3,TODO: đặt tên nhóm 3
C04662,31,7,5530150.0,790021.4285714285,2,3,TODO: đặt tên nhóm 2
C04663,159,5,5922900.0,1184580.0,1,3,TODO: đặt tên nhóm 1
C04664,72,3,4414000.0,1471333.3333333333,3,1,TODO: đặt tên nhóm 3
C04665,71,3,3036900.0,1012300.0,2,0,TODO: đặt tên nhóm 2
C04666,7,5,3401850.0,680370.0,2,3,TODO: đặt tên nhóm 2
C04667,124,1,950300.0,950300.0,1,0,TODO: đặt tên nhóm 1
C04668,94,7,5004250.0,714892.8571428572,2,3,TODO: đặt tên nhóm 2
C04669,115,5,6718250.0,1343650.0,3,3,TODO: đặt tên nhóm 3
C04670,82,4,1265350.0,316337.5,2,0,TODO: đặt tên nhóm 2
C04671,111,4,5498500.0,1374625.0,3,1,TODO: đặt tên nhóm 3
C04672,21,5,8490400.0,1698080.0,3,1,TODO: đặt tên nhóm 3
C04673,48,2,1390650.0,695325.0,2,0,TODO: đặt tên nhóm 2
C04675,50,5,4021100.0,804220.0,2,3,TODO: đặt tên nhóm 2
C04676,166,4,6967650.0,1741912.5,3,1,TODO: đặt tên nhóm 3
C04677,68,6,3480850.0,580141.6666666666,2,3,TODO: đặt tên nhóm 2
C04678,45,4,5113000.0,1278250.0,3,3,TODO: đặt tên nhóm 3
C04679,252,1,174000.0,174000.0,1,0,TODO: đặt tên nhóm 1
C04680,2,8,3696900.0,462112.5,2,2,TODO: đặt tên nhóm 2
C04681,59,6,4522600.0,753766.6666666666,2,3,TODO: đặt tên nhóm 2
C04682,53,5,2794000.0,558800.0,2,3,TODO: đặt tên nhóm 2
C04683,146,3,2424200.0,808066.6666666666,1,0,TODO: đặt tên nhóm 1
C04684,123,1,2457000.0,2457000.0,3,1,TODO: đặt tên nhóm 3
C04685,181,2,4052846.0,2026423.0,3,1,TODO: đặt tên nhóm 3
C04686,50,6,8119350.0,1353225.0,3,3,TODO: đặt tên nhóm 3
C04687,200,4,2584400.0,646100.0,1,0,TODO: đặt tên nhóm 1
C04688,45,5,7281950.0,1456390.0,3,3,TODO: đặt tên nhóm 3
C04689,61,1,742000.0,742000.0,2,0,TODO: đặt tên nhóm 2
C04690,3,5,5865950.0,1173190.0,2,3,TODO: đặt tên nhóm 2
C04691,59,4,3553200.0,888300.0,2,3,TODO: đặt tên nhóm 2
C04692,24,3,2762500.0,920833.3333333334,2,0,TODO: đặt tên nhóm 2
C04693,3,3,2870900.0,956966.6666666666,2,0,TODO: đặt tên nhóm 2
C04694,113,7,4525850.0,646550.0,1,3,TODO: đặt tên nhóm 1
C04695,69,2,3489000.0,1744500.0,3,1,TODO: đặt tên nhóm 3
C04696,250,2,968050.0,484025.0,1,0,TODO: đặt tên nhóm 1
C04697,58,3,3623200.0,1207733.3333333333,2,0,TODO: đặt tên nhóm 2
C04698,59,8,9548400.0,1193550.0,3,2,TODO: đặt tên nhóm 3
C04699,35,4,2483100.0,620775.0,2,0,TODO: đặt tên nhóm 2
C04700,14,5,3065800.0,613160.0,2,3,TODO: đặt tên nhóm 2
C04701,56,2,1153050.0,576525.0,2,0,TODO: đặt tên nhóm 2
C04702,133,5,2007050.0,401410.0,1,3,TODO: đặt tên nhóm 1
C04703,59,5,4571550.0,914310.0,2,3,TODO: đặt tên nhóm 2
C04704,83,5,4872100.0,974420.0,2,3,TODO: đặt tên nhóm 2
C04705,88,4,1531450.0,382862.5,1,0,TODO: đặt tên nhóm 1
C04706,104,3,1045800.0,348600.0,1,0,TODO: đặt tên nhóm 1
C04707,36,3,3892900.0,1297633.3333333333,2,0,TODO: đặt tên nhóm 2
C04708,15,7,4024500.0,574928.5714285715,2,3,TODO: đặt tên nhóm 2
C04709,137,3,1182350.0,394116.6666666667,1,0,TODO: đặt tên nhóm 1
C04710,81,3,1535000.0,511666.6666666667,2,0,TODO: đặt tên nhóm 2
C04711,17,8,4292900.0,536612.5,2,2,TODO: đặt tên nhóm 2
C04712,23,4,1248750.0,312187.5,2,0,TODO: đặt tên nhóm 2
C04713,50,4,6568050.0,1642012.5,3,1,TODO: đặt tên nhóm 3
C04714,65,5,13994842.0,2798968.4,3,1,TODO: đặt tên nhóm 3
C04715,65,4,2761100.0,690275.0,2,0,TODO: đặt tên nhóm 2
C04716,62,5,2055600.0,411120.0,2,3,TODO: đặt tên nhóm 2
C04717,6,7,5030650.0,718664.2857142857,2,3,TODO: đặt tên nhóm 2
C04718,18,5,4537500.0,907500.0,2,3,TODO: đặt tên nhóm 2
C04720,27,4,4144400.0,1036100.0,2,3,TODO: đặt tên nhóm 2
C04721,171,3,4403250.0,1467750.0,1,1,TODO: đặt tên nhóm 1
C04722,102,4,2731050.0,682762.5,1,0,TODO: đặt tên nhóm 1
C04723,26,6,5666550.0,944425.0,2,3,TODO: đặt tên nhóm 2
C04724,125,6,15381750.0,2563625.0,3,1,TODO: đặt tên nhóm 3
C04725,21,2,1131600.0,565800.0,2,0,TODO: đặt tên nhóm 2
C04726,94,3,1767050.0,589016.6666666666,1,0,TODO: đặt tên nhóm 1
C04727,29,2,2366300.0,1183150.0,2,0,TODO: đặt tên nhóm 2
C04728,153,6,8922450.0,1487075.0,3,1,TODO: đặt tên nhóm 3
C04729,157,1,1622000.0,1622000.0,1,1,TODO: đặt tên nhóm 1
C04730,61,6,4982950.0,830491.6666666666,2,3,TODO: đặt tên nhóm 2
C04731,24,6,1849050.0,308175.0,2,3,TODO: đặt tên nhóm 2
C04732,13,2,1809400.0,904700.0,2,0,TODO: đặt tên nhóm 2
C04733,22,5,5165000.0,1033000.0,2,3,TODO: đặt tên nhóm 2
C04734,62,9,10137350.0,1126372.2222222222,0,2,TODO: đặt tên nhóm 0
C04735,29,6,1252350.0,208725.0,2,3,TODO: đặt tên nhóm 2
C04736,5,4,5367900.0,1341975.0,2,2,TODO: đặt tên nhóm 2
C04738,5,4,4551100.0,1137775.0,2,3,TODO: đặt tên nhóm 2
C04739,26,3,1254700.0,418233.3333333333,2,0,TODO: đặt tên nhóm 2
C04740,73,2,1129600.0,564800.0,2,0,TODO: đặt tên nhóm 2
C04741,44,2,2236000.0,1118000.0,2,0,TODO: đặt tên nhóm 2
C04742,51,3,2103000.0,701000.0,2,0,TODO: đặt tên nhóm 2
C04743,59,5,6515000.0,1303000.0,3,3,TODO: đặt tên nhóm 3
C04744,13,10,11405299.0,1140529.9,0,2,TODO: đặt tên nhóm 0
C04745,47,3,2687000.0,895666.6666666666,2,0,TODO: đặt tên nhóm 2
C04746,56,4,2064250.0,516062.5,2,0,TODO: đặt tên nhóm 2
C04747,31,4,3155400.0,788850.0,2,3,TODO: đặt tên nhóm 2
C04748,14,1,3282000.0,3282000.0,3,1,TODO: đặt tên nhóm 3
C04749,62,4,5348300.0,1337075.0,3,1,TODO: đặt tên nhóm 3
C04750,74,2,1950400.0,975200.0,2,0,TODO: đặt tên nhóm 2
C04751,8,6,4673350.0,778891.6666666666,2,3,TODO: đặt tên nhóm 2
C04752,27,6,8109100.0,1351516.6666666667,3,3,TODO: đặt tên nhóm 3
C04753,161,2,1197000.0,598500.0,1,0,TODO: đặt tên nhóm 1
C04754,90,3,1554000.0,518000.0,1,0,TODO: đặt tên nhóm 1
C04755,110,2,1770000.0,885000.0,1,0,TODO: đặt tên nhóm 1
C04756,163,2,2185000.0,1092500.0,1,0,TODO: đặt tên nhóm 1
C04757,44,3,2343450.0,781150.0,2,0,TODO: đặt tên nhóm 2
C04758,149,2,1232150.0,616075.0,1,0,TODO: đặt tên nhóm 1
C04759,14,2,2769082.0,1384541.0,2,0,TODO: đặt tên nhóm 2
C04760,38,1,993000.0,993000.0,2,0,TODO: đặt tên nhóm 2
C04761,27,4,2911200.0,727800.0,2,3,TODO: đặt tên nhóm 2
C04763,227,1,1558800.0,1558800.0,1,1,TODO: đặt tên nhóm 1
C04764,71,1,824500.0,824500.0,2,0,TODO: đặt tên nhóm 2
C04765,98,7,4455000.0,636428.5714285715,2,3,TODO: đặt tên nhóm 2
C04766,160,4,3222500.0,805625.0,1,0,TODO: đặt tên nhóm 1
C04767,16,7,2492000.0,356000.0,2,2,TODO: đặt tên nhóm 2
C04768,32,2,5250000.0,2625000.0,3,1,TODO: đặt tên nhóm 3
C04769,135,5,3948700.0,789740.0,1,3,TODO: đặt tên nhóm 1
C04770,18,4,3414350.0,853587.5,2,3,TODO: đặt tên nhóm 2
C04771,40,6,6524700.0,1087450.0,2,3,TODO: đặt tên nhóm 2
C04772,73,4,3480700.0,870175.0,2,3,TODO: đặt tên nhóm 2
C04773,2,11,5754700.0,523154.54545454547,2,2,TODO: đặt tên nhóm 2
C04774,44,4,2899900.0,724975.0,2,3,TODO: đặt tên nhóm 2
C04775,22,7,9245400.0,1320771.4285714286,3,2,TODO: đặt tên nhóm 3
C04776,62,6,5731250.0,955208.3333333334,2,3,TODO: đặt tên nhóm 2
C04777,33,3,2605000.0,868333.3333333334,2,0,TODO: đặt tên nhóm 2
C04778,77,10,7329050.0,732905.0,2,2,TODO: đặt tên nhóm 2
C04779,71,2,335100.0,167550.0,2,0,TODO: đặt tên nhóm 2
C04780,21,2,3608000.0,1804000.0,3,1,TODO: đặt tên nhóm 3
C04781,23,3,2664200.0,888066.6666666666,2,0,TODO: đặt tên nhóm 2
C04782,176,3,11068760.0,3689586.6666666665,3,1,TODO: đặt tên nhóm 3
C04783,2,4,5307000.0,1326750.0,2,2,TODO: đặt tên nhóm 2
C04784,35,5,6050750.0,1210150.0,2,3,TODO: đặt tên nhóm 2
C04785,73,3,2792600.0,930866.6666666666,2,0,TODO: đặt tên nhóm 2
C04786,89,1,5012000.0,5012000.0,3,1,TODO: đặt tên nhóm 3
C04787,8,7,5275400.0,753628.5714285715,2,3,TODO: đặt tên nhóm 2
C04788,70,5,8608150.0,1721630.0,3,1,TODO: đặt tên nhóm 3
C04789,9,7,9897900.0,1413985.7142857143,3,2,TODO: đặt tên nhóm 3
C04790,52,4,4421350.0,1105337.5,2,3,TODO: đặt tên nhóm 2
C04791,102,1,1762900.0,1762900.0,3,1,TODO: đặt tên nhóm 3
C04792,268,1,597000.0,597000.0,1,0,TODO: đặt tên nhóm 1
C04793,208,3,3065000.0,1021666.6666666666,1,0,TODO: đặt tên nhóm 1
C04794,83,3,850400.0,283466.6666666667,1,0,TODO: đặt tên nhóm 1
C04795,64,3,3399100.0,1133033.3333333333,2,0,TODO: đặt tên nhóm 2
C04796,51,11,22767366.0,2069760.5454545454,0,2,TODO: đặt tên nhóm 0
C04797,108,2,353000.0,176500.0,1,0,TODO: đặt tên nhóm 1
C04798,22,1,529000.0,529000.0,2,0,TODO: đặt tên nhóm 2
C04799,21,5,7607700.0,1521540.0,3,3,TODO: đặt tên nhóm 3
C04800,59,4,703200.0,175800.0,2,0,TODO: đặt tên nhóm 2
C04801,30,5,10344000.0,2068800.0,3,1,TODO: đặt tên nhóm 3
C04802,36,4,5429900.0,1357475.0,3,2,TODO: đặt tên nhóm 3
C04803,24,6,4395700.0,732616.6666666666,2,3,TODO: đặt tên nhóm 2
C04804,147,1,3296875.0,3296875.0,3,1,TODO: đặt tên nhóm 3
C04805,137,1,141950.0,141950.0,1,0,TODO: đặt tên nhóm 1
C04806,116,3,3266000.0,1088666.6666666667,1,0,TODO: đặt tên nhóm 1
C04807,113,5,6586400.0,1317280.0,3,3,TODO: đặt tên nhóm 3
C04808,14,7,4575300.0,653614.2857142857,2,3,TODO: đặt tên nhóm 2
C04809,23,5,6612300.0,1322460.0,3,3,TODO: đặt tên nhóm 3
C04811,1,7,6999450.0,999921.4285714285,2,3,TODO: đặt tên nhóm 2
C04812,4,2,3954344.0,1977172.0,3,1,TODO: đặt tên nhóm 3
C04813,217,2,1308000.0,654000.0,1,0,TODO: đặt tên nhóm 1
C04814,23,5,3390000.0,678000.0,2,3,TODO: đặt tên nhóm 2
C04815,57,6,6156850.0,1026141.6666666666,2,3,TODO: đặt tên nhóm 2
C04816,101,2,643000.0,321500.0,1,0,TODO: đặt tên nhóm 1
C04817,45,3,1366000.0,455333.3333333333,2,0,TODO: đặt tên nhóm 2
C04818,87,5,4906000.0,981200.0,2,3,TODO: đặt tên nhóm 2
C04819,199,1,407700.0,407700.0,1,0,TODO: đặt tên nhóm 1
C04820,37,6,6128975.0,1021495.8333333334,2,3,TODO: đặt tên nhóm 2
C04821,140,4,5753250.0,1438312.5,3,1,TODO: đặt tên nhóm 3
C04822,149,3,968000.0,322666.6666666667,1,0,TODO: đặt tên nhóm 1
C04823,51,6,6822950.0,1137158.3333333333,2,3,TODO: đặt tên nhóm 2
C04824,62,3,3727300.0,1242433.3333333333,2,0,TODO: đặt tên nhóm 2
C04825,54,3,3013100.0,1004366.6666666666,2,0,TODO: đặt tên nhóm 2
C04826,70,4,3552400.0,888100.0,2,3,TODO: đặt tên nhóm 2
C04827,224,1,1047000.0,1047000.0,1,0,TODO: đặt tên nhóm 1
C04828,72,5,3191350.0,638270.0,2,3,TODO: đặt tên nhóm 2
C04829,72,4,1834000.0,458500.0,2,0,TODO: đặt tên nhóm 2
C04830,78,4,4653551.5862426795,1163387.8965606699,2,3,TODO: đặt tên nhóm 2
C04831,247,2,751300.0,375650.0,1,0,TODO: đặt tên nhóm 1
C04832,4,5,5441100.0,1088220.0,2,3,TODO: đặt tên nhóm 2
C04833,37,6,3919750.0,653291.6666666666,2,3,TODO: đặt tên nhóm 2
C04834,112,5,6321100.0,1264220.0,3,3,TODO: đặt tên nhóm 3
C04835,237,2,1331900.0,665950.0,1,0,TODO: đặt tên nhóm 1
C04836,272,1,543000.0,543000.0,1,0,TODO: đặt tên nhóm 1
C04837,187,1,163400.0,163400.0,1,0,TODO: đặt tên nhóm 1
C04838,199,5,2159800.0,431960.0,1,0,TODO: đặt tên nhóm 1
C04839,12,5,2210400.0,442080.0,2,3,TODO: đặt tên nhóm 2
C04840,113,2,1113850.0,556925.0,1,0,TODO: đặt tên nhóm 1
C04841,87,7,4604550.0,657792.8571428572,2,3,TODO: đặt tên nhóm 2
C04842,140,4,3344600.0,836150.0,1,3,TODO: đặt tên nhóm 1
C04843,55,4,1044550.0,261137.5,2,0,TODO: đặt tên nhóm 2
C04844,64,4,6995100.0,1748775.0,3,1,TODO: đặt tên nhóm 3
C04845,51,5,9448400.0,1889680.0,3,1,TODO: đặt tên nhóm 3
C04846,51,4,2349000.0,587250.0,2,0,TODO: đặt tên nhóm 2
C04847,5,5,9730000.0,1946000.0,3,1,TODO: đặt tên nhóm 3
C04848,23,5,3085200.0,617040.0,2,3,TODO: đặt tên nhóm 2
C04849,29,7,3519800.0,502828.5714285714,2,2,TODO: đặt tên nhóm 2
C04850,8,2,685600.0,342800.0,2,0,TODO: đặt tên nhóm 2
C04851,45,5,3445300.0,689060.0,2,3,TODO: đặt tên nhóm 2
C04852,50,4,6433750.0,1608437.5,3,1,TODO: đặt tên nhóm 3
C04853,22,4,2486050.0,621512.5,2,0,TODO: đặt tên nhóm 2
C04854,85,2,2290000.0,1145000.0,1,0,TODO: đặt tên nhóm 1
C04855,43,7,6671250.0,953035.7142857143,2,3,TODO: đặt tên nhóm 2
C04856,207,2,5216000.0,2608000.0,3,1,TODO: đặt tên nhóm 3
C04857,76,5,16215404.0,3243080.8,3,1,TODO: đặt tên nhóm 3
C04858,17,4,1613800.0,403450.0,2,0,TODO: đặt tên nhóm 2
C04859,148,3,5660150.0,1886716.6666666667,3,1,TODO: đặt tên nhóm 3
C04860,201,2,1297600.0,648800.0,1,0,TODO: đặt tên nhóm 1
C04861,6,4,2821400.0,705350.0,2,3,TODO: đặt tên nhóm 2
C04862,5,4,5372000.0,1343000.0,2,2,TODO: đặt tên nhóm 2
C04863,30,3,1550400.0,516800.0,2,0,TODO: đặt tên nhóm 2
C04864,207,3,3114000.0,1038000.0,1,0,TODO: đặt tên nhóm 1
C04865,23,4,4771400.0,1192850.0,2,3,TODO: đặt tên nhóm 2
C04866,51,3,5350850.0,1783616.6666666667,3,1,TODO: đặt tên nhóm 3
C04867,51,4,3011200.0,752800.0,2,3,TODO: đặt tên nhóm 2
C04868,77,3,1822000.0,607333.3333333334,2,0,TODO: đặt tên nhóm 2
C04869,7,7,10125354.0,1446479.142857143,3,2,TODO: đặt tên nhóm 3
C04870,21,4,10519000.0,2629750.0,3,1,TODO: đặt tên nhóm 3
C04871,33,6,5519200.0,919866.6666666666,2,3,TODO: đặt tên nhóm 2
C04872,73,4,1090500.0,272625.0,2,0,TODO: đặt tên nhóm 2
C04873,25,7,7263600.0,1037657.1428571428,2,3,TODO: đặt tên nhóm 2
C04874,63,1,2406000.0,2406000.0,3,1,TODO: đặt tên nhóm 3
C04875,107,3,2735800.0,911933.3333333334,1,0,TODO: đặt tên nhóm 1
C04876,99,6,3595250.0,599208.3333333334,1,3,TODO: đặt tên nhóm 1
C04877,69,7,9763200.0,1394742.857142857,3,1,TODO: đặt tên nhóm 3
C04878,221,2,3395700.0,1697850.0,1,1,TODO: đặt tên nhóm 1
C04879,41,6,5657400.0,942900.0,2,3,TODO: đặt tên nhóm 2
C04880,55,6,4778400.0,796400.0,2,3,TODO: đặt tên nhóm 2
C04881,98,3,4316000.0,1438666.6666666667,3,1,TODO: đặt tên nhóm 3
C04882,23,5,6402250.0,1280450.0,3,3,TODO: đặt tên nhóm 3
C04883,48,5,6609950.0,1321990.0,3,3,TODO: đặt tên nhóm 3
C04884,83,3,1283200.0,427733.3333333333,1,0,TODO: đặt tên nhóm 1
C04885,9,4,5348700.0,1337175.0,2,2,TODO: đặt tên nhóm 2
C04886,99,6,5567300.0,927883.3333333334,2,3,TODO: đặt tên nhóm 2
C04887,20,2,297650.0,148825.0,2,0,TODO: đặt tên nhóm 2
C04888,38,5,4130650.0,826130.0,2,3,TODO: đặt tên nhóm 2
C04889,102,4,7765300.0,1941325.0,3,1,TODO: đặt tên nhóm 3
C04890,51,4,1865600.0,466400.0,2,0,TODO: đặt tên nhóm 2
C04891,58,3,594700.0,198233.33333333334,2,0,TODO: đặt tên nhóm 2
C04892,64,2,3496000.0,1748000.0,3,1,TODO: đặt tên nhóm 3
C04893,94,6,5019250.0,836541.6666666666,2,3,TODO: đặt tên nhóm 2
C04894,25,4,2048000.0,512000.0,2,0,TODO: đặt tên nhóm 2
C04895,65,3,4328950.0,1442983.3333333333,3,1,TODO: đặt tên nhóm 3
C04896,185,2,568000.0,284000.0,1,0,TODO: đặt tên nhóm 1
C04897,161,4,10993902.0,2748475.5,3,1,TODO: đặt tên nhóm 3
C04898,40,6,3990150.0,665025.0,2,3,TODO: đặt tên nhóm 2
C04899,58,5,12837050.0,2567410.0,3,1,TODO: đặt tên nhóm 3
C04900,157,2,463000.0,231500.0,1,0,TODO: đặt tên nhóm 1
C04901,48,4,2512000.0,628000.0,2,0,TODO: đặt tên nhóm 2
C04902,56,5,5743300.0,1148660.0,2,3,TODO: đặt tên nhóm 2
C04903,5,2,601000.0,300500.0,2,0,TODO: đặt tên nhóm 2
C04904,17,2,1594000.0,797000.0,2,0,TODO: đặt tên nhóm 2
C04905,33,5,8053800.0,1610760.0,3,3,TODO: đặt tên nhóm 3
C04906,48,7,5288300.0,755471.4285714285,2,3,TODO: đặt tên nhóm 2
C04907,140,3,4607000.0,1535666.6666666667,3,1,TODO: đặt tên nhóm 3
C04908,54,2,938850.0,469425.0,2,0,TODO: đặt tên nhóm 2
C04909,3,8,9540000.0,1192500.0,0,2,TODO: đặt tên nhóm 0
C04910,11,4,3936500.0,984125.0,2,3,TODO: đặt tên nhóm 2
C04911,34,1,1143000.0,1143000.0,2,2,TODO: đặt tên nhóm 2
C04912,21,6,6938600.0,1156433.3333333333,2,3,TODO: đặt tên nhóm 2
C04913,34,6,5343100.0,890516.6666666666,2,3,TODO: đặt tên nhóm 2
C04914,98,2,353450.0,176725.0,1,0,TODO: đặt tên nhóm 1
C04915,151,3,5029600.0,1676533.3333333333,3,1,TODO: đặt tên nhóm 3
C04916,8,2,892800.0,446400.0,2,0,TODO: đặt tên nhóm 2
C04917,117,4,4188900.0,1047225.0,1,3,TODO: đặt tên nhóm 1
C04918,39,5,9805063.0,1961012.6,3,1,TODO: đặt tên nhóm 3
C04919,67,4,2543000.0,635750.0,2,0,TODO: đặt tên nhóm 2
C04920,222,4,5604000.0,1401000.0,1,1,TODO: đặt tên nhóm 1
C04921,78,7,18001400.0,2571628.5714285714,3,1,TODO: đặt tên nhóm 3
C04922,77,5,27857407.0,5571481.4,3,1,TODO: đặt tên nhóm 3
C04923,129,4,4114150.0,1028537.5,1,3,TODO: đặt tên nhóm 1
C04924,55,3,4671400.0,1557133.3333333333,3,1,TODO: đặt tên nhóm 3
C04925,84,2,2049000.0,1024500.0,1,0,TODO: đặt tên nhóm 1
C04926,4,4,4019400.0,1004850.0,2,3,TODO: đặt tên nhóm 2
C04927,133,2,1891000.0,945500.0,1,0,TODO: đặt tên nhóm 1
C04928,36,1,955700.0,955700.0,2,0,TODO: đặt tên nhóm 2
C04929,296,2,2631000.0,1315500.0,1,0,TODO: đặt tên nhóm 1
C04930,34,3,6160600.0,2053533.3333333333,3,1,TODO: đặt tên nhóm 3
C04931,124,5,5258300.0,1051660.0,1,3,TODO: đặt tên nhóm 1
C04932,117,3,5945600.0,1981866.6666666667,3,1,TODO: đặt tên nhóm 3
C04933,20,5,3954043.0,790808.6,2,3,TODO: đặt tên nhóm 2
C04934,21,4,2239300.0,559825.0,2,0,TODO: đặt tên nhóm 2
C04935,152,5,5219450.0,1043890.0,1,3,TODO: đặt tên nhóm 1
C04936,100,3,4694350.0,1564783.3333333333,3,1,TODO: đặt tên nhóm 3
C04937,16,7,4829100.0,689871.4285714285,2,3,TODO: đặt tên nhóm 2
C04939,102,7,17780197.0,2540028.1428571427,3,1,TODO: đặt tên nhóm 3
C04940,30,3,18388465.0,6129488.333333333,3,1,TODO: đặt tên nhóm 3
C04941,58,2,17457257.0,8728628.5,3,1,TODO: đặt tên nhóm 3
C04942,29,1,526000.0,526000.0,2,0,TODO: đặt tên nhóm 2
C04943,141,4,5243650.0,1310912.5,1,1,TODO: đặt tên nhóm 1
C04944,89,3,6189300.0,2063100.0,3,1,TODO: đặt tên nhóm 3
C04945,15,4,3622500.0,905625.0,2,3,TODO: đặt tên nhóm 2
C04946,4,5,5159700.0,1031940.0,2,3,TODO: đặt tên nhóm 2
C04947,81,2,2514600.0,1257300.0,2,0,TODO: đặt tên nhóm 2
C04948,204,3,1346200.0,448733.3333333333,1,0,TODO: đặt tên nhóm 1
C04949,9,3,2935800.0,978600.0,2,0,TODO: đặt tên nhóm 2
C04950,27,8,22041851.0,2755231.375,3,1,TODO: đặt tên nhóm 3
C04951,2,6,8911300.0,1485216.6666666667,3,2,TODO: đặt tên nhóm 3
C04952,20,3,24415351.0,8138450.333333333,3,1,TODO: đặt tên nhóm 3
C04953,14,9,7727200.0,858577.7777777778,2,2,TODO: đặt tên nhóm 2
C04954,61,2,1939300.0,969650.0,2,0,TODO: đặt tên nhóm 2
C04955,67,6,2453500.0,408916.6666666667,2,3,TODO: đặt tên nhóm 2
C04956,3,6,4503500.0,750583.3333333334,2,3,TODO: đặt tên nhóm 2
C04957,68,6,10924591.661201734,1820765.2768669557,3,1,TODO: đặt tên nhóm 3
C04958,49,6,8911446.0,1485241.0,3,1,TODO: đặt tên nhóm 3
C04959,122,2,919000.0,459500.0,1,0,TODO: đặt tên nhóm 1
C04960,148,1,260000.0,260000.0,1,0,TODO: đặt tên nhóm 1
C04961,162,5,4418700.0,883740.0,1,3,TODO: đặt tên nhóm 1
C04962,48,5,5299500.0,1059900.0,2,3,TODO: đặt tên nhóm 2
C04963,42,3,4446200.0,1482066.6666666667,3,1,TODO: đặt tên nhóm 3
C04964,153,2,6931800.0,3465900.0,3,1,TODO: đặt tên nhóm 3
C04965,104,3,5145600.0,1715200.0,3,1,TODO: đặt tên nhóm 3
C04966,65,4,3810950.0,952737.5,2,3,TODO: đặt tên nhóm 2
C04967,88,2,6101900.0,3050950.0,3,1,TODO: đặt tên nhóm 3
C04968,54,4,2072200.0,518050.0,2,0,TODO: đặt tên nhóm 2
C04969,133,2,1610800.0,805400.0,1,0,TODO: đặt tên nhóm 1
C04970,62,2,318000.0,159000.0,2,0,TODO: đặt tên nhóm 2
C04971,69,5,5472650.0,1094530.0,2,3,TODO: đặt tên nhóm 2
C04972,127,2,19175575.01471688,9587787.50735844,3,1,TODO: đặt tên nhóm 3
C04973,91,4,5328900.0,1332225.0,3,1,TODO: đặt tên nhóm 3
C04974,59,4,2315500.0,578875.0,2,0,TODO: đặt tên nhóm 2
C04975,74,2,1834700.0,917350.0,2,0,TODO: đặt tên nhóm 2
C04976,4,6,6271750.0,1045291.6666666666,2,3,TODO: đặt tên nhóm 2
C04977,12,6,3870100.0,645016.6666666666,2,3,TODO: đặt tên nhóm 2
C04978,46,7,5167750.0,738250.0,2,3,TODO: đặt tên nhóm 2
C04979,93,7,7246000.0,1035142.8571428572,2,3,TODO: đặt tên nhóm 2
C04980,88,8,7775450.0,971931.25,2,3,TODO: đặt tên nhóm 2
C04981,37,4,4160000.0,1040000.0,2,3,TODO: đặt tên nhóm 2
C04982,133,5,6381100.0,1276220.0,1,3,TODO: đặt tên nhóm 1
C04983,14,7,4823100.0,689014.2857142857,2,3,TODO: đặt tên nhóm 2
C04984,81,5,5136900.0,1027380.0,2,3,TODO: đặt tên nhóm 2
C04985,101,4,1825400.0,456350.0,1,0,TODO: đặt tên nhóm 1
C04986,32,3,5755200.0,1918400.0,3,1,TODO: đặt tên nhóm 3
C04987,49,4,3090100.0,772525.0,2,3,TODO: đặt tên nhóm 2
C04988,89,1,162000.0,162000.0,1,0,TODO: đặt tên nhóm 1
C04989,34,4,1843000.0,460750.0,2,0,TODO: đặt tên nhóm 2
C04990,124,2,5801000.0,2900500.0,3,1,TODO: đặt tên nhóm 3
C04991,4,3,1608800.0,536266.6666666666,2,0,TODO: đặt tên nhóm 2
C04992,14,2,2603950.0,1301975.0,2,0,TODO: đặt tên nhóm 2
C04993,243,1,137700.0,137700.0,1,0,TODO: đặt tên nhóm 1
C04994,42,1,173700.0,173700.0,2,0,TODO: đặt tên nhóm 2
C04995,68,5,8383000.0,1676600.0,3,1,TODO: đặt tên nhóm 3
C04996,26,8,6890600.0,861325.0,2,3,TODO: đặt tên nhóm 2
C04997,118,4,4030300.0,1007575.0,1,3,TODO: đặt tên nhóm 1
C04998,61,3,1283000.0,427666.6666666667,2,0,TODO: đặt tên nhóm 2
C04999,81,4,3118250.0,779562.5,2,3,TODO: đặt tên nhóm 2
C05000,18,7,2723500.0,389071.4285714286,2,2,TODO: đặt tên nhóm 2
C05001,36,3,3383900.0,1127966.6666666667,2,0,TODO: đặt tên nhóm 2
C05002,11,3,1072800.0,357600.0,2,0,TODO: đặt tên nhóm 2
C05003,45,3,2137400.0,712466.6666666666,2,0,TODO: đặt tên nhóm 2
C05004,119,2,1774000.0,887000.0,1,0,TODO: đặt tên nhóm 1
C05005,4,5,4617000.0,923400.0,2,3,TODO: đặt tên nhóm 2
C05006,4,7,4685900.0,669414.2857142857,2,3,TODO: đặt tên nhóm 2
C05007,162,1,504000.0,504000.0,1,0,TODO: đặt tên nhóm 1
C05008,45,1,482000.0,482000.0,2,0,TODO: đặt tên nhóm 2
C05009,53,3,2514500.0,838166.6666666666,2,0,TODO: đặt tên nhóm 2
C05010,57,3,2694000.0,898000.0,2,0,TODO: đặt tên nhóm 2
C05011,258,1,2460000.0,2460000.0,3,1,TODO: đặt tên nhóm 3
C05012,276,1,1344600.0,1344600.0,1,1,TODO: đặt tên nhóm 1
C05013,39,5,6138500.0,1227700.0,2,3,TODO: đặt tên nhóm 2
C05014,3,8,9054000.0,1131750.0,2,2,TODO: đặt tên nhóm 2
C05015,19,4,3891950.0,972987.5,2,3,TODO: đặt tên nhóm 2
C05016,192,3,5241300.0,1747100.0,1,1,TODO: đặt tên nhóm 1
C05017,79,3,1405000.0,468333.3333333333,2,0,TODO: đặt tên nhóm 2
C05019,154,6,4725600.0,787600.0,1,3,TODO: đặt tên nhóm 1
C05020,49,3,5223000.0,1741000.0,3,1,TODO: đặt tên nhóm 3
C05021,43,7,8913450.0,1273350.0,3,2,TODO: đặt tên nhóm 3
C05022,22,4,4802000.0,1200500.0,2,3,TODO: đặt tên nhóm 2
C05023,19,4,2310500.0,577625.0,2,0,TODO: đặt tên nhóm 2
C05024,33,4,1967000.0,491750.0,2,0,TODO: đặt tên nhóm 2
C05025,213,3,1248600.0,416200.0,1,0,TODO: đặt tên nhóm 1
C05026,129,4,5029250.0,1257312.5,1,3,TODO: đặt tên nhóm 1
C05027,4,3,651000.0,217000.0,2,0,TODO: đặt tên nhóm 2
C05028,62,8,6494200.0,811775.0,2,3,TODO: đặt tên nhóm 2
C05029,81,3,1620300.0,540100.0,2,0,TODO: đặt tên nhóm 2
C05030,152,1,788800.0,788800.0,1,0,TODO: đặt tên nhóm 1
C05031,18,6,6302450.0,1050408.3333333333,2,3,TODO: đặt tên nhóm 2
C05032,9,5,6274950.0,1254990.0,2,3,TODO: đặt tên nhóm 2
C05033,111,3,3704250.0,1234750.0,1,0,TODO: đặt tên nhóm 1
C05034,19,5,3347000.0,669400.0,2,3,TODO: đặt tên nhóm 2
C05035,118,4,3079850.0,769962.5,1,3,TODO: đặt tên nhóm 1
C05036,51,3,2199300.0,733100.0,2,0,TODO: đặt tên nhóm 2
C05037,177,2,2421150.0,1210575.0,1,0,TODO: đặt tên nhóm 1
C05038,36,5,3972400.0,794480.0,2,3,TODO: đặt tên nhóm 2
C05039,98,7,5711200.0,815885.7142857143,2,3,TODO: đặt tên nhóm 2
C05040,60,2,329950.0,164975.0,2,0,TODO: đặt tên nhóm 2
C05041,48,3,2533700.0,844566.6666666666,2,0,TODO: đặt tên nhóm 2
C05042,67,5,5584700.0,1116940.0,2,3,TODO: đặt tên nhóm 2
C05043,1,1,172000.0,172000.0,2,0,TODO: đặt tên nhóm 2
C05044,80,5,3866900.0,773380.0,2,3,TODO: đặt tên nhóm 2
C05045,49,1,1514000.0,1514000.0,3,1,TODO: đặt tên nhóm 3
C05046,5,7,4125200.0,589314.2857142857,2,3,TODO: đặt tên nhóm 2
C05047,127,5,4560000.0,912000.0,1,3,TODO: đặt tên nhóm 1
C05048,3,4,2835550.0,708887.5,2,3,TODO: đặt tên nhóm 2
C05049,17,8,4162550.0,520318.75,2,2,TODO: đặt tên nhóm 2
C05050,33,7,11967400.0,1709628.5714285714,3,2,TODO: đặt tên nhóm 3
C05051,75,3,5596992.0,1865664.0,3,1,TODO: đặt tên nhóm 3
C05052,86,2,2303700.0,1151850.0,1,0,TODO: đặt tên nhóm 1
C05053,15,4,2446050.0,611512.5,2,0,TODO: đặt tên nhóm 2
C05055,55,5,4518050.0,903610.0,2,3,TODO: đặt tên nhóm 2
C05056,62,2,344700.0,172350.0,2,0,TODO: đặt tên nhóm 2
C05057,37,3,6638150.0,2212716.6666666665,3,1,TODO: đặt tên nhóm 3
C05058,5,8,11364750.0,1420593.75,0,2,TODO: đặt tên nhóm 0
C05059,153,4,1843500.0,460875.0,1,0,TODO: đặt tên nhóm 1
C05060,19,7,5470700.0,781528.5714285715,2,3,TODO: đặt tên nhóm 2
C05061,87,3,1967000.0,655666.6666666666,1,0,TODO: đặt tên nhóm 1
C05062,65,5,10528150.0,2105630.0,3,1,TODO: đặt tên nhóm 3
C05063,11,8,8732950.0,1091618.75,2,2,TODO: đặt tên nhóm 2
C05064,132,2,936450.0,468225.0,1,0,TODO: đặt tên nhóm 1
C05065,59,2,1931150.0,965575.0,2,0,TODO: đặt tên nhóm 2
C05066,122,2,1228550.0,614275.0,1,0,TODO: đặt tên nhóm 1
C05067,9,2,5518800.0,2759400.0,3,1,TODO: đặt tên nhóm 3
C05068,40,4,7029200.0,1757300.0,3,1,TODO: đặt tên nhóm 3
C05069,17,5,5632100.0,1126420.0,2,3,TODO: đặt tên nhóm 2
C05070,219,3,981850.0,327283.3333333333,1,0,TODO: đặt tên nhóm 1
C05071,7,3,2345600.0,781866.6666666666,2,0,TODO: đặt tên nhóm 2
C05072,224,3,5161800.0,1720600.0,1,1,TODO: đặt tên nhóm 1
C05073,48,3,3082050.0,1027350.0,2,0,TODO: đặt tên nhóm 2
C05074,1,3,3156710.0,1052236.6666666667,2,0,TODO: đặt tên nhóm 2
C05075,6,8,7846700.0,980837.5,2,2,TODO: đặt tên nhóm 2
C05076,68,4,2544000.0,636000.0,2,0,TODO: đặt tên nhóm 2
C05077,41,3,1892650.0,630883.3333333334,2,0,TODO: đặt tên nhóm 2
C05078,2,4,4307600.0,1076900.0,2,3,TODO: đặt tên nhóm 2
C05079,8,1,201000.0,201000.0,2,0,TODO: đặt tên nhóm 2
C05080,6,2,442000.0,221000.0,2,0,TODO: đặt tên nhóm 2
C05081,14,6,13247266.0,2207877.6666666665,3,1,TODO: đặt tên nhóm 3
C05082,140,4,5761282.0,1440320.5,3,1,TODO: đặt tên nhóm 3
C05083,20,11,11311300.0,1028300.0,0,2,TODO: đặt tên nhóm 0
C05084,30,6,12245900.0,2040983.3333333333,3,1,TODO: đặt tên nhóm 3
C05085,36,6,5088500.0,848083.3333333334,2,3,TODO: đặt tên nhóm 2
C05086,285,1,7208966.0,7208966.0,3,1,TODO: đặt tên nhóm 3
C05087,279,2,833000.0,416500.0,1,0,TODO: đặt tên nhóm 1
C05088,100,4,1363750.0,340937.5,1,0,TODO: đặt tên nhóm 1
C05089,91,4,2444550.0,611137.5,1,0,TODO: đặt tên nhóm 1
C05090,89,3,3788400.0,1262800.0,3,0,TODO: đặt tên nhóm 3
C05091,169,3,5366250.0,1788750.0,3,1,TODO: đặt tên nhóm 3
C05092,51,6,3824700.0,637450.0,2,3,TODO: đặt tên nhóm 2
C05093,49,5,2404150.0,480830.0,2,3,TODO: đặt tên nhóm 2
C05094,5,5,3046950.0,609390.0,2,3,TODO: đặt tên nhóm 2
C05095,71,6,6031300.0,1005216.6666666666,2,3,TODO: đặt tên nhóm 2
C05096,36,7,5597900.0,799700.0,2,3,TODO: đặt tên nhóm 2
C05097,63,2,1212000.0,606000.0,2,0,TODO: đặt tên nhóm 2
C05098,75,5,6413900.0,1282780.0,3,3,TODO: đặt tên nhóm 3
C05099,129,7,4632350.0,661764.2857142857,1,3,TODO: đặt tên nhóm 1
C05100,72,3,3694050.0,1231350.0,2,0,TODO: đặt tên nhóm 2
C05101,2,5,3909600.0,781920.0,2,3,TODO: đặt tên nhóm 2
C05102,108,3,1662900.0,554300.0,1,0,TODO: đặt tên nhóm 1
C05103,17,8,9700300.0,1212537.5,3,2,TODO: đặt tên nhóm 3
C05104,87,4,2450000.0,612500.0,2,0,TODO: đặt tên nhóm 2
C05105,256,1,410000.0,410000.0,1,0,TODO: đặt tên nhóm 1
C05106,68,2,3049100.0,1524550.0,3,0,TODO: đặt tên nhóm 3
C05107,13,5,8273000.0,1654600.0,3,1,TODO: đặt tên nhóm 3
C05108,23,6,2186850.0,364475.0,2,3,TODO: đặt tên nhóm 2
C05109,91,1,440800.0,440800.0,1,0,TODO: đặt tên nhóm 1
C05110,89,5,5090600.0,1018120.0,2,3,TODO: đặt tên nhóm 2
C05111,37,5,4275000.0,855000.0,2,3,TODO: đặt tên nhóm 2
C05112,170,1,525000.0,525000.0,1,0,TODO: đặt tên nhóm 1
C05113,13,5,4220950.0,844190.0,2,3,TODO: đặt tên nhóm 2
C05114,10,3,7560100.0,2520033.3333333335,3,1,TODO: đặt tên nhóm 3
C05115,10,6,7720550.0,1286758.3333333333,3,3,TODO: đặt tên nhóm 3
C05117,260,1,396000.0,396000.0,1,0,TODO: đặt tên nhóm 1
C05118,1,5,3363000.0,672600.0,2,3,TODO: đặt tên nhóm 2
C05119,134,6,7440700.0,1240116.6666666667,3,3,TODO: đặt tên nhóm 3
C05120,47,5,6122000.0,1224400.0,2,3,TODO: đặt tên nhóm 2
C05121,26,6,15235200.0,2539200.0,3,1,TODO: đặt tên nhóm 3
C05122,87,7,9162200.0,1308885.7142857143,3,1,TODO: đặt tên nhóm 3
C05123,11,2,1377000.0,688500.0,2,0,TODO: đặt tên nhóm 2
C05124,20,6,5628900.0,938150.0,2,3,TODO: đặt tên nhóm 2
C05125,92,5,5802000.0,1160400.0,3,3,TODO: đặt tên nhóm 3
C05126,14,2,4121000.0,2060500.0,3,1,TODO: đặt tên nhóm 3
C05127,22,3,5244200.0,1748066.6666666667,3,1,TODO: đặt tên nhóm 3
C05128,74,2,517000.0,258500.0,2,0,TODO: đặt tên nhóm 2
C05129,82,4,3114650.0,778662.5,2,3,TODO: đặt tên nhóm 2
C05130,88,4,6814600.0,1703650.0,3,1,TODO: đặt tên nhóm 3
C05131,84,3,7903000.0,2634333.3333333335,3,1,TODO: đặt tên nhóm 3
C05132,107,2,789000.0,394500.0,1,0,TODO: đặt tên nhóm 1
C05133,52,3,3318400.0,1106133.3333333333,2,0,TODO: đặt tên nhóm 2
C05134,154,2,328000.0,164000.0,1,0,TODO: đặt tên nhóm 1
C05135,88,4,5076800.0,1269200.0,3,3,TODO: đặt tên nhóm 3
C05136,71,3,1417000.0,472333.3333333333,2,0,TODO: đặt tên nhóm 2
C05137,33,5,6701400.0,1340280.0,3,3,TODO: đặt tên nhóm 3
C05138,4,1,645150.0,645150.0,2,0,TODO: đặt tên nhóm 2
C05139,123,5,7133400.0,1426680.0,3,3,TODO: đặt tên nhóm 3
C05140,20,2,1293000.0,646500.0,2,0,TODO: đặt tên nhóm 2
C05141,10,7,9558800.0,1365542.857142857,3,2,TODO: đặt tên nhóm 3
C05142,36,3,1965800.0,655266.6666666666,2,0,TODO: đặt tên nhóm 2
C05143,148,4,5359400.0,1339850.0,1,1,TODO: đặt tên nhóm 1
C05144,8,2,2475000.0,1237500.0,2,0,TODO: đặt tên nhóm 2
C05145,59,7,9523300.0,1360471.4285714286,3,1,TODO: đặt tên nhóm 3
C05146,39,3,1926950.0,642316.6666666666,2,0,TODO: đặt tên nhóm 2
C05147,94,3,8160550.0,2720183.3333333335,3,1,TODO: đặt tên nhóm 3
C05148,300,2,1757250.0,878625.0,1,0,TODO: đặt tên nhóm 1
C05149,215,4,4254900.0,1063725.0,1,3,TODO: đặt tên nhóm 1
C05150,78,6,4508900.0,751483.3333333334,2,3,TODO: đặt tên nhóm 2
C05151,15,5,18286675.89162453,3657335.1783249057,3,1,TODO: đặt tên nhóm 3
C05152,188,4,1035400.0,258850.0,1,0,TODO: đặt tên nhóm 1
C05153,128,3,4245000.0,1415000.0,1,1,TODO: đặt tên nhóm 1
C05154,10,4,5245000.0,1311250.0,2,2,TODO: đặt tên nhóm 2
C05155,97,2,3802000.0,1901000.0,3,1,TODO: đặt tên nhóm 3
C05156,94,2,2457100.0,1228550.0,1,0,TODO: đặt tên nhóm 1
C05157,96,1,761000.0,761000.0,1,0,TODO: đặt tên nhóm 1
C05158,115,3,2115000.0,705000.0,1,0,TODO: đặt tên nhóm 1
C05159,55,3,1418800.0,472933.3333333333,2,0,TODO: đặt tên nhóm 2
C05160,53,1,664000.0,664000.0,2,0,TODO: đặt tên nhóm 2
C05161,39,7,10037200.0,1433885.7142857143,3,2,TODO: đặt tên nhóm 3
C05163,67,1,168000.0,168000.0,2,0,TODO: đặt tên nhóm 2
C05164,42,8,21768776.0,2721097.0,3,1,TODO: đặt tên nhóm 3
C05165,155,2,2420000.0,1210000.0,1,0,TODO: đặt tên nhóm 1
C05166,94,2,2030000.0,1015000.0,1,0,TODO: đặt tên nhóm 1
C05167,70,8,5651450.0,706431.25,2,3,TODO: đặt tên nhóm 2
C05168,40,3,1380400.0,460133.3333333333,2,0,TODO: đặt tên nhóm 2
C05169,188,6,3082050.0,513675.0,1,3,TODO: đặt tên nhóm 1
C05170,43,4,8883000.0,2220750.0,3,1,TODO: đặt tên nhóm 3
C05171,112,3,2666400.0,888800.0,1,0,TODO: đặt tên nhóm 1
C05172,28,7,4691864.0,670266.2857142857,2,3,TODO: đặt tên nhóm 2
C05173,8,5,5044200.0,1008840.0,2,3,TODO: đặt tên nhóm 2
C05174,44,5,8442300.0,1688460.0,3,1,TODO: đặt tên nhóm 3
C05175,51,3,2399600.0,799866.6666666666,2,0,TODO: đặt tên nhóm 2
C05176,58,4,5866000.0,1466500.0,3,1,TODO: đặt tên nhóm 3
C05177,115,3,2140550.0,713516.6666666666,1,0,TODO: đặt tên nhóm 1
C05178,106,1,776000.0,776000.0,1,0,TODO: đặt tên nhóm 1
C05179,12,6,5093000.0,848833.3333333334,2,3,TODO: đặt tên nhóm 2
C05180,93,8,4628950.0,578618.75,2,1,TODO: đặt tên nhóm 2
C05181,208,2,715800.0,357900.0,1,0,TODO: đặt tên nhóm 1
C05182,93,2,1584150.0,792075.0,1,0,TODO: đặt tên nhóm 1
C05183,53,6,5762300.0,960383.3333333334,2,3,TODO: đặt tên nhóm 2
C05184,13,5,7302900.0,1460580.0,3,3,TODO: đặt tên nhóm 3
C05185,31,5,4534100.0,906820.0,2,3,TODO: đặt tên nhóm 2
C05186,84,4,2913050.0,728262.5,2,3,TODO: đặt tên nhóm 2
C05187,66,7,5592000.0,798857.1428571428,2,3,TODO: đặt tên nhóm 2
C05188,24,3,1718600.0,572866.6666666666,2,0,TODO: đặt tên nhóm 2
C05189,129,2,374400.0,187200.0,1,0,TODO: đặt tên nhóm 1
C05190,216,2,3103100.0,1551550.0,1,1,TODO: đặt tên nhóm 1
C05191,60,6,7682950.0,1280491.6666666667,3,3,TODO: đặt tên nhóm 3
C05192,72,3,1600000.0,533333.3333333334,2,0,TODO: đặt tên nhóm 2
C05193,27,3,2301150.0,767050.0,2,0,TODO: đặt tên nhóm 2
C05194,54,3,5444000.0,1814666.6666666667,3,1,TODO: đặt tên nhóm 3
C05195,5,3,1150000.0,383333.3333333333,2,0,TODO: đặt tên nhóm 2
C05196,8,5,5425050.0,1085010.0,2,3,TODO: đặt tên nhóm 2
C05197,16,4,3247400.0,811850.0,2,3,TODO: đặt tên nhóm 2
C05198,146,4,3475600.0,868900.0,1,3,TODO: đặt tên nhóm 1
C05199,57,5,6821950.0,1364390.0,3,3,TODO: đặt tên nhóm 3
C05200,31,9,9333400.0,1037044.4444444445,0,2,TODO: đặt tên nhóm 0
C05201,179,4,2432000.0,608000.0,1,0,TODO: đặt tên nhóm 1
C05202,107,6,5140200.0,856700.0,1,3,TODO: đặt tên nhóm 1
C05203,70,5,7741922.0,1548384.4,3,3,TODO: đặt tên nhóm 3
C05204,41,8,7474700.0,934337.5,2,3,TODO: đặt tên nhóm 2
C05205,81,3,1971400.0,657133.3333333334,2,0,TODO: đặt tên nhóm 2
C05206,18,4,6210200.0,1552550.0,3,2,TODO: đặt tên nhóm 3
C05207,100,5,2520350.0,504070.0,1,3,TODO: đặt tên nhóm 1
C05208,20,4,1939750.0,484937.5,2,0,TODO: đặt tên nhóm 2
C05209,7,3,1383800.0,461266.6666666667,2,0,TODO: đặt tên nhóm 2
C05210,5,7,9676300.0,1382328.5714285714,3,2,TODO: đặt tên nhóm 3
C05211,9,4,17215057.0,4303764.25,3,1,TODO: đặt tên nhóm 3
C05212,166,3,1291050.0,430350.0,1,0,TODO: đặt tên nhóm 1
C05213,143,3,2422700.0,807566.6666666666,1,0,TODO: đặt tên nhóm 1
C05214,117,3,7730000.0,2576666.6666666665,3,1,TODO: đặt tên nhóm 3
C05215,33,5,2543800.0,508760.0,2,3,TODO: đặt tên nhóm 2
C05216,64,4,4251900.0,1062975.0,2,3,TODO: đặt tên nhóm 2
C05217,122,1,1061100.0,1061100.0,1,0,TODO: đặt tên nhóm 1
C05218,63,3,3192800.0,1064266.6666666667,2,0,TODO: đặt tên nhóm 2
C05219,148,3,1770350.0,590116.6666666666,1,0,TODO: đặt tên nhóm 1
C05220,40,4,2094600.0,523650.0,2,0,TODO: đặt tên nhóm 2
C05221,68,6,3228650.0,538108.3333333334,2,3,TODO: đặt tên nhóm 2
C05222,15,5,7411950.0,1482390.0,3,3,TODO: đặt tên nhóm 3
C05223,72,6,6660700.0,1110116.6666666667,2,3,TODO: đặt tên nhóm 2
C05224,121,4,3549700.0,887425.0,1,3,TODO: đặt tên nhóm 1
C05225,65,4,2299000.0,574750.0,2,0,TODO: đặt tên nhóm 2
C05226,53,1,2649000.0,2649000.0,3,1,TODO: đặt tên nhóm 3
C05227,47,4,2017450.0,504362.5,2,0,TODO: đặt tên nhóm 2
C05228,62,1,365400.0,365400.0,2,0,TODO: đặt tên nhóm 2
C05229,20,6,4388500.0,731416.6666666666,2,3,TODO: đặt tên nhóm 2
C05230,6,4,2619750.0,654937.5,2,0,TODO: đặt tên nhóm 2
C05231,10,5,2520250.0,504050.0,2,3,TODO: đặt tên nhóm 2
C05232,38,3,1725000.0,575000.0,2,0,TODO: đặt tên nhóm 2
C05233,3,5,2855050.0,571010.0,2,3,TODO: đặt tên nhóm 2
C05234,114,5,6580300.0,1316060.0,3,3,TODO: đặt tên nhóm 3
C05235,92,4,1825450.0,456362.5,1,0,TODO: đặt tên nhóm 1
C05236,29,6,3609700.0,601616.6666666666,2,3,TODO: đặt tên nhóm 2
C05237,101,3,4213000.0,1404333.3333333333,3,1,TODO: đặt tên nhóm 3
C05238,49,7,4590450.0,655778.5714285715,2,3,TODO: đặt tên nhóm 2
C05239,16,4,4368500.0,1092125.0,2,3,TODO: đặt tên nhóm 2
C05240,152,4,1256600.0,314150.0,1,0,TODO: đặt tên nhóm 1
C05241,67,5,5431600.0,1086320.0,2,3,TODO: đặt tên nhóm 2
C05242,66,5,4682800.0,936560.0,2,3,TODO: đặt tên nhóm 2
C05243,188,3,1148400.0,382800.0,1,0,TODO: đặt tên nhóm 1
C05244,53,7,11930650.0,1704378.5714285714,3,1,TODO: đặt tên nhóm 3
C05245,105,7,5794950.0,827850.0,2,3,TODO: đặt tên nhóm 2
C05246,245,3,3970050.0,1323350.0,1,0,TODO: đặt tên nhóm 1
C05247,62,3,1530350.0,510116.6666666667,2,0,TODO: đặt tên nhóm 2
C05248,121,4,3596300.0,899075.0,1,3,TODO: đặt tên nhóm 1
C05249,194,1,893350.0,893350.0,1,0,TODO: đặt tên nhóm 1
C05250,48,6,28958455.38601224,4826409.23100204,3,1,TODO: đặt tên nhóm 3
C05251,39,3,2883600.0,961200.0,2,0,TODO: đặt tên nhóm 2
C05252,2,5,8777900.0,1755580.0,3,1,TODO: đặt tên nhóm 3
C05253,25,6,6605350.0,1100891.6666666667,2,3,TODO: đặt tên nhóm 2
C05254,56,3,6617600.0,2205866.6666666665,3,1,TODO: đặt tên nhóm 3
C05255,78,5,7403000.0,1480600.0,3,3,TODO: đặt tên nhóm 3
C05256,26,1,887000.0,887000.0,2,0,TODO: đặt tên nhóm 2
C05257,64,4,2821400.0,705350.0,2,3,TODO: đặt tên nhóm 2
C05258,130,1,195000.0,195000.0,1,0,TODO: đặt tên nhóm 1
C05259,69,2,1085950.0,542975.0,2,0,TODO: đặt tên nhóm 2
C05260,75,2,289000.0,144500.0,1,0,TODO: đặt tên nhóm 1
C05261,74,5,6223700.0,1244740.0,3,3,TODO: đặt tên nhóm 3
C05262,25,6,3604200.0,600700.0,2,3,TODO: đặt tên nhóm 2
C05263,51,7,5263450.0,751921.4285714285,2,3,TODO: đặt tên nhóm 2
C05264,7,5,10184032.0,2036806.4,3,1,TODO: đặt tên nhóm 3
C05265,27,2,467000.0,233500.0,2,0,TODO: đặt tên nhóm 2
C05266,12,6,4271250.0,711875.0,2,3,TODO: đặt tên nhóm 2
C05267,13,3,1703400.0,567800.0,2,0,TODO: đặt tên nhóm 2
C05268,101,3,1581000.0,527000.0,1,0,TODO: đặt tên nhóm 1
C05269,7,1,595850.0,595850.0,2,0,TODO: đặt tên nhóm 2
C05270,29,4,3052250.0,763062.5,2,3,TODO: đặt tên nhóm 2
C05271,25,5,5740724.0,1148144.8,2,3,TODO: đặt tên nhóm 2
C05272,50,2,768000.0,384000.0,2,0,TODO: đặt tên nhóm 2
C05273,74,1,175100.0,175100.0,1,0,TODO: đặt tên nhóm 1
C05274,27,5,1938100.0,387620.0,2,3,TODO: đặt tên nhóm 2
C05275,41,5,3976100.0,795220.0,2,3,TODO: đặt tên nhóm 2
C05276,5,8,10707405.43444838,1338425.6793060475,0,2,TODO: đặt tên nhóm 0
C05277,165,1,816000.0,816000.0,1,0,TODO: đặt tên nhóm 1
C05278,38,4,3164500.0,791125.0,2,3,TODO: đặt tên nhóm 2
C05279,115,2,2036800.0,1018400.0,1,0,TODO: đặt tên nhóm 1
C05280,146,1,780900.0,780900.0,1,0,TODO: đặt tên nhóm 1
C05281,108,3,1697750.0,565916.6666666666,1,0,TODO: đặt tên nhóm 1
C05282,1,5,2614150.0,522830.0,2,3,TODO: đặt tên nhóm 2
C05283,12,2,3183200.0,1591600.0,3,1,TODO: đặt tên nhóm 3
C05284,20,7,5202500.0,743214.2857142857,2,3,TODO: đặt tên nhóm 2
C05285,129,4,1679000.0,419750.0,1,0,TODO: đặt tên nhóm 1
C05286,10,8,8853550.0,1106693.75,2,2,TODO: đặt tên nhóm 2
C05287,122,1,306000.0,306000.0,1,0,TODO: đặt tên nhóm 1
C05288,75,2,1341000.0,670500.0,2,0,TODO: đặt tên nhóm 2
C05289,7,4,2249650.0,562412.5,2,0,TODO: đặt tên nhóm 2
C05290,104,4,4553650.0,1138412.5,1,3,TODO: đặt tên nhóm 1
C05291,109,1,916750.0,916750.0,1,0,TODO: đặt tên nhóm 1
C05292,82,1,480600.0,480600.0,1,0,TODO: đặt tên nhóm 1
C05293,76,2,730700.0,365350.0,1,0,TODO: đặt tên nhóm 1
C05294,47,3,1879000.0,626333.3333333334,2,0,TODO: đặt tên nhóm 2
C05295,150,4,1633900.0,408475.0,1,0,TODO: đặt tên nhóm 1
C05296,90,4,1971300.0,492825.0,1,0,TODO: đặt tên nhóm 1
C05297,106,4,3557000.0,889250.0,1,3,TODO: đặt tên nhóm 1
C05298,46,2,460000.0,230000.0,2,0,TODO: đặt tên nhóm 2
C05299,119,3,981400.0,327133.3333333333,1,0,TODO: đặt tên nhóm 1
C05300,38,8,10499000.0,1312375.0,3,2,TODO: đặt tên nhóm 3
C05301,69,3,2196600.0,732200.0,2,0,TODO: đặt tên nhóm 2
C05302,27,2,1771000.0,885500.0,2,0,TODO: đặt tên nhóm 2
C05303,61,3,1683950.0,561316.6666666666,2,0,TODO: đặt tên nhóm 2
C05304,72,7,5377400.0,768200.0,2,3,TODO: đặt tên nhóm 2
C05305,68,6,3840600.0,640100.0,2,3,TODO: đặt tên nhóm 2
C05306,91,5,5560400.0,1112080.0,2,3,TODO: đặt tên nhóm 2
C05307,169,4,2992450.0,748112.5,1,0,TODO: đặt tên nhóm 1
C05308,156,3,4709800.0,1569933.3333333333,1,1,TODO: đặt tên nhóm 1
C05309,117,7,9422950.0,1346135.7142857143,3,1,TODO: đặt tên nhóm 3
C05311,67,4,3943300.0,985825.0,2,3,TODO: đặt tên nhóm 2
C05312,36,7,8487450.0,1212492.857142857,3,2,TODO: đặt tên nhóm 3
C05313,22,2,968000.0,484000.0,2,0,TODO: đặt tên nhóm 2
C05314,98,2,247000.0,123500.0,1,0,TODO: đặt tên nhóm 1
C05315,48,5,5861150.0,1172230.0,2,3,TODO: đặt tên nhóm 2
C05316,48,1,1835400.0,1835400.0,3,1,TODO: đặt tên nhóm 3
C05317,54,7,5921800.0,845971.4285714285,2,3,TODO: đặt tên nhóm 2
C05318,63,2,1152000.0,576000.0,2,0,TODO: đặt tên nhóm 2
C05319,8,6,5047000.0,841166.6666666666,2,3,TODO: đặt tên nhóm 2
C05320,46,3,1460150.0,486716.6666666667,2,0,TODO: đặt tên nhóm 2
C05321,247,1,2331000.0,2331000.0,3,1,TODO: đặt tên nhóm 3
C05322,80,2,2289800.0,1144900.0,2,0,TODO: đặt tên nhóm 2
C05323,41,3,2383000.0,794333.3333333334,2,0,TODO: đặt tên nhóm 2
C05324,66,2,19840638.0,9920319.0,3,1,TODO: đặt tên nhóm 3
C05325,18,5,5500150.0,1100030.0,2,3,TODO: đặt tên nhóm 2
C05326,192,2,1371300.0,685650.0,1,0,TODO: đặt tên nhóm 1
C05327,30,6,4357050.0,726175.0,2,3,TODO: đặt tên nhóm 2
C05328,15,6,5277400.0,879566.6666666666,2,3,TODO: đặt tên nhóm 2
C05329,60,3,3054650.0,1018216.6666666666,2,0,TODO: đặt tên nhóm 2
C05331,195,3,5810800.0,1936933.3333333333,3,1,TODO: đặt tên nhóm 3
C05332,39,8,10108450.0,1263556.25,3,2,TODO: đặt tên nhóm 3
C05333,25,1,757150.0,757150.0,2,0,TODO: đặt tên nhóm 2
C05334,184,3,1047450.0,349150.0,1,0,TODO: đặt tên nhóm 1
C05335,141,2,2955009.0,1477504.5,1,0,TODO: đặt tên nhóm 1
C05336,164,2,1855000.0,927500.0,1,0,TODO: đặt tên nhóm 1
C05338,16,3,1147600.0,382533.3333333333,2,0,TODO: đặt tên nhóm 2
C05339,12,5,5612900.0,1122580.0,2,3,TODO: đặt tên nhóm 2
C05340,67,5,4787750.0,957550.0,2,3,TODO: đặt tên nhóm 2
C05341,184,3,4658000.0,1552666.6666666667,1,1,TODO: đặt tên nhóm 1
C05342,165,4,1767000.0,441750.0,1,0,TODO: đặt tên nhóm 1
C05343,81,2,1757800.0,878900.0,1,0,TODO: đặt tên nhóm 1
C05344,34,2,1693000.0,846500.0,2,0,TODO: đặt tên nhóm 2
C05345,34,4,3873200.0,968300.0,2,3,TODO: đặt tên nhóm 2
C05346,1,3,3536600.0,1178866.6666666667,2,0,TODO: đặt tên nhóm 2
C05347,1,2,3487000.0,1743500.0,3,1,TODO: đặt tên nhóm 3
C05348,19,2,6488000.0,3244000.0,3,1,TODO: đặt tên nhóm 3
C05349,31,6,12573751.0,2095625.1666666667,3,1,TODO: đặt tên nhóm 3
C05350,34,5,4886150.0,977230.0,2,3,TODO: đặt tên nhóm 2
C05351,80,7,8101800.0,1157400.0,3,3,TODO: đặt tên nhóm 3
C05352,34,8,3893200.0,486650.0,2,2,TODO: đặt tên nhóm 2
C05353,16,8,8829200.0,1103650.0,2,2,TODO: đặt tên nhóm 2
C05354,43,5,2871400.0,574280.0,2,3,TODO: đặt tên nhóm 2
C05355,41,11,9292050.0,844731.8181818182,0,2,TODO: đặt tên nhóm 0
C05356,42,3,3188650.0,1062883.3333333333,2,0,TODO: đặt tên nhóm 2
C05357,3,6,5881400.0,980233.3333333334,2,3,TODO: đặt tên nhóm 2
C05358,148,3,2054450.0,684816.6666666666,1,0,TODO: đặt tên nhóm 1
C05359,12,7,5535650.0,790807.1428571428,2,3,TODO: đặt tên nhóm 2
C05360,94,5,8379350.0,1675870.0,3,1,TODO: đặt tên nhóm 3
C05361,3,6,8863000.0,1477166.6666666667,3,2,TODO: đặt tên nhóm 3
C05362,55,7,3975300.0,567900.0,2,3,TODO: đặt tên nhóm 2
C05363,125,3,1728700.0,576233.3333333334,1,0,TODO: đặt tên nhóm 1
C05364,41,3,2574400.0,858133.3333333334,2,0,TODO: đặt tên nhóm 2
C05365,10,4,4757400.0,1189350.0,2,3,TODO: đặt tên nhóm 2
C05366,241,3,2876117.0,958705.6666666666,1,0,TODO: đặt tên nhóm 1
C05367,14,5,3892500.0,778500.0,2,3,TODO: đặt tên nhóm 2
C05369,68,3,3107700.0,1035900.0,2,0,TODO: đặt tên nhóm 2
C05370,134,4,3108900.0,777225.0,1,0,TODO: đặt tên nhóm 1
C05371,55,4,3024000.0,756000.0,2,3,TODO: đặt tên nhóm 2
C05372,6,7,9642600.0,1377514.2857142857,3,2,TODO: đặt tên nhóm 3
C05373,118,2,2608000.0,1304000.0,1,0,TODO: đặt tên nhóm 1
C05374,69,4,2688500.0,672125.0,2,0,TODO: đặt tên nhóm 2
C05375,93,3,5278000.0,1759333.3333333333,3,1,TODO: đặt tên nhóm 3
C05376,88,2,1392600.0,696300.0,1,0,TODO: đặt tên nhóm 1
C05377,180,1,188000.0,188000.0,1,0,TODO: đặt tên nhóm 1
C05378,195,1,1177200.0,1177200.0,1,0,TODO: đặt tên nhóm 1
C05379,59,3,2807600.0,935866.6666666666,2,0,TODO: đặt tên nhóm 2
C05380,13,4,1580400.0,395100.0,2,0,TODO: đặt tên nhóm 2
C05381,27,2,2708700.0,1354350.0,2,0,TODO: đặt tên nhóm 2
C05382,49,3,3155200.0,1051733.3333333333,2,0,TODO: đặt tên nhóm 2
C05383,90,3,5795300.0,1931766.6666666667,3,1,TODO: đặt tên nhóm 3
C05384,89,1,130900.0,130900.0,1,0,TODO: đặt tên nhóm 1
C05385,147,2,612500.0,306250.0,1,0,TODO: đặt tên nhóm 1
C05386,79,5,3456300.0,691260.0,2,3,TODO: đặt tên nhóm 2
C05387,34,2,2439000.0,1219500.0,2,0,TODO: đặt tên nhóm 2
C05388,155,5,5213150.0,1042630.0,1,3,TODO: đặt tên nhóm 1
C05389,142,5,2109750.0,421950.0,1,3,TODO: đặt tên nhóm 1
C05390,1,2,2478000.0,1239000.0,2,0,TODO: đặt tên nhóm 2
C05391,199,2,4646900.0,2323450.0,3,1,TODO: đặt tên nhóm 3
C05392,19,4,1988800.0,497200.0,2,0,TODO: đặt tên nhóm 2
C05393,133,2,853000.0,426500.0,1,0,TODO: đặt tên nhóm 1
C05394,19,5,6061300.0,1212260.0,2,3,TODO: đặt tên nhóm 2
C05395,71,3,1355700.0,451900.0,2,0,TODO: đặt tên nhóm 2
C05396,102,3,1164900.0,388300.0,1,0,TODO: đặt tên nhóm 1
C05397,23,1,1884000.0,1884000.0,3,1,TODO: đặt tên nhóm 3
C05398,65,6,7052900.0,1175483.3333333333,3,3,TODO: đặt tên nhóm 3
C05399,32,1,4420000.0,4420000.0,3,1,TODO: đặt tên nhóm 3
C05400,10,3,5045550.0,1681850.0,3,1,TODO: đặt tên nhóm 3
C05401,12,2,836000.0,418000.0,2,0,TODO: đặt tên nhóm 2
C05402,229,5,4324350.0,864870.0,1,3,TODO: đặt tên nhóm 1
C05403,88,3,3296400.0,1098800.0,2,0,TODO: đặt tên nhóm 2
C05404,145,2,963850.0,481925.0,1,0,TODO: đặt tên nhóm 1
C05405,30,3,1371800.0,457266.6666666667,2,0,TODO: đặt tên nhóm 2
C05406,124,2,466600.0,233300.0,1,0,TODO: đặt tên nhóm 1
C05407,174,3,1007900.0,335966.6666666667,1,0,TODO: đặt tên nhóm 1
C05408,50,5,2546600.0,509320.0,2,3,TODO: đặt tên nhóm 2
C05409,3,7,10193500.0,1456214.2857142857,3,2,TODO: đặt tên nhóm 3
C05410,2,3,2676400.0,892133.3333333334,2,0,TODO: đặt tên nhóm 2
C05411,28,6,2884500.0,480750.0,2,3,TODO: đặt tên nhóm 2
C05412,224,3,1039900.0,346633.3333333333,1,0,TODO: đặt tên nhóm 1
C05413,111,3,2429850.0,809950.0,1,0,TODO: đặt tên nhóm 1
C05414,82,2,1088150.0,544075.0,1,0,TODO: đặt tên nhóm 1
C05415,38,4,17388722.0,4347180.5,3,1,TODO: đặt tên nhóm 3
C05416,253,1,600000.0,600000.0,1,0,TODO: đặt tên nhóm 1
C05417,134,2,3236300.0,1618150.0,3,1,TODO: đặt tên nhóm 3
C05418,83,2,20992035.0,10496017.5,3,1,TODO: đặt tên nhóm 3
C05419,12,3,2378100.0,792700.0,2,0,TODO: đặt tên nhóm 2
C05420,53,4,2770700.0,692675.0,2,0,TODO: đặt tên nhóm 2
C05421,18,3,1066000.0,355333.3333333333,2,0,TODO: đặt tên nhóm 2
C05422,37,5,2079700.0,415940.0,2,3,TODO: đặt tên nhóm 2
C05424,21,2,1294000.0,647000.0,2,0,TODO: đặt tên nhóm 2
C05425,215,2,2292100.0,1146050.0,1,0,TODO: đặt tên nhóm 1
C05426,128,3,1884700.0,628233.3333333334,1,0,TODO: đặt tên nhóm 1
C05427,11,7,4494100.0,642014.2857142857,2,3,TODO: đặt tên nhóm 2
C05428,63,2,984900.0,492450.0,2,0,TODO: đặt tên nhóm 2
C05429,41,2,2383650.0,1191825.0,2,0,TODO: đặt tên nhóm 2
C05430,50,5,15416288.0,3083257.6,3,1,TODO: đặt tên nhóm 3
C05431,166,1,675450.0,675450.0,1,0,TODO: đặt tên nhóm 1
C05432,208,2,1302300.0,651150.0,1,0,TODO: đặt tên nhóm 1
C05433,180,3,5338000.0,1779333.3333333333,3,1,TODO: đặt tên nhóm 3
C05434,100,2,1405100.0,702550.0,1,0,TODO: đặt tên nhóm 1
C05435,39,3,4205700.0,1401900.0,3,2,TODO: đặt tên nhóm 3
C05436,108,1,790000.0,790000.0,1,0,TODO: đặt tên nhóm 1
C05437,73,3,5313000.0,1771000.0,3,1,TODO: đặt tên nhóm 3
C05438,59,2,3777600.0,1888800.0,3,1,TODO: đặt tên nhóm 3
C05439,125,3,2303250.0,767750.0,1,0,TODO: đặt tên nhóm 1
C05440,50,9,4589000.0,509888.8888888889,2,2,TODO: đặt tên nhóm 2
C05442,7,3,627600.0,209200.0,2,0,TODO: đặt tên nhóm 2
C05443,43,4,19195501.0,4798875.25,3,1,TODO: đặt tên nhóm 3
C05444,124,3,3068300.0,1022766.6666666666,1,0,TODO: đặt tên nhóm 1
C05445,63,6,4870700.0,811783.3333333334,2,3,TODO: đặt tên nhóm 2
C05446,25,3,515100.0,171700.0,2,0,TODO: đặt tên nhóm 2
C05447,64,4,3311400.0,827850.0,2,3,TODO: đặt tên nhóm 2
C05448,48,8,8212700.0,1026587.5,2,2,TODO: đặt tên nhóm 2
C05449,69,7,14190400.0,2027200.0,3,1,TODO: đặt tên nhóm 3
C05450,149,2,884900.0,442450.0,1,0,TODO: đặt tên nhóm 1
C05451,5,4,5616500.0,1404125.0,3,2,TODO: đặt tên nhóm 3
C05452,298,1,163800.0,163800.0,1,0,TODO: đặt tên nhóm 1
C05453,140,3,2289850.0,763283.3333333334,1,0,TODO: đặt tên nhóm 1
C05454,31,6,3310950.0,551825.0,2,3,TODO: đặt tên nhóm 2
C05455,6,4,4279350.0,1069837.5,2,3,TODO: đặt tên nhóm 2
C05456,135,3,1400500.0,466833.3333333333,1,0,TODO: đặt tên nhóm 1
C05457,4,5,3076000.0,615200.0,2,3,TODO: đặt tên nhóm 2
C05458,44,2,448600.0,224300.0,2,0,TODO: đặt tên nhóm 2
C05459,22,1,452000.0,452000.0,2,0,TODO: đặt tên nhóm 2
C05460,109,5,1600100.0,320020.0,1,3,TODO: đặt tên nhóm 1
C05461,24,5,6035750.0,1207150.0,2,3,TODO: đặt tên nhóm 2
C05462,59,3,3818350.0,1272783.3333333333,2,0,TODO: đặt tên nhóm 2
C05463,37,4,4584800.0,1146200.0,2,3,TODO: đặt tên nhóm 2
C05464,185,4,1288800.0,322200.0,1,0,TODO: đặt tên nhóm 1
C05465,46,4,2649100.0,662275.0,2,0,TODO: đặt tên nhóm 2
C05466,49,2,1650000.0,825000.0,2,0,TODO: đặt tên nhóm 2
C05467,79,2,1244500.0,622250.0,1,0,TODO: đặt tên nhóm 1
C05468,54,7,7285550.0,1040792.8571428572,2,3,TODO: đặt tên nhóm 2
C05469,74,3,4234200.0,1411400.0,3,1,TODO: đặt tên nhóm 3
C05470,51,6,6009950.0,1001658.3333333334,2,3,TODO: đặt tên nhóm 2
C05471,186,1,489000.0,489000.0,1,0,TODO: đặt tên nhóm 1
C05472,5,5,10209250.0,2041850.0,3,1,TODO: đặt tên nhóm 3
C05473,88,3,2638200.0,879400.0,1,0,TODO: đặt tên nhóm 1
C05474,46,4,4269650.0,1067412.5,2,3,TODO: đặt tên nhóm 2
C05475,101,2,2863150.0,1431575.0,3,0,TODO: đặt tên nhóm 3
C05476,49,6,4479900.0,746650.0,2,3,TODO: đặt tên nhóm 2
C05477,117,5,12207267.0,2441453.4,3,1,TODO: đặt tên nhóm 3
C05478,38,3,3196000.0,1065333.3333333333,2,0,TODO: đặt tên nhóm 2
C05479,153,1,304000.0,304000.0,1,0,TODO: đặt tên nhóm 1
C05480,5,6,9944250.0,1657375.0,3,2,TODO: đặt tên nhóm 3
C05482,61,3,1279200.0,426400.0,2,0,TODO: đặt tên nhóm 2
C05483,23,4,1840600.0,460150.0,2,0,TODO: đặt tên nhóm 2
C05484,33,5,7789550.0,1557910.0,3,3,TODO: đặt tên nhóm 3
C05485,27,3,2561050.0,853683.3333333334,2,0,TODO: đặt tên nhóm 2
C05486,156,3,2816800.0,938933.3333333334,1,0,TODO: đặt tên nhóm 1
C05487,4,2,747650.0,373825.0,2,0,TODO: đặt tên nhóm 2
C05488,223,1,346000.0,346000.0,1,0,TODO: đặt tên nhóm 1
C05489,110,5,3693650.0,738730.0,1,3,TODO: đặt tên nhóm 1
C05490,33,6,8723550.0,1453925.0,3,2,TODO: đặt tên nhóm 3
C05491,146,3,4703000.0,1567666.6666666667,3,1,TODO: đặt tên nhóm 3
C05492,22,3,2343600.0,781200.0,2,0,TODO: đặt tên nhóm 2
C05493,237,2,2280400.0,1140200.0,1,0,TODO: đặt tên nhóm 1
C05494,25,6,4445000.0,740833.3333333334,2,3,TODO: đặt tên nhóm 2
C05495,4,8,8062500.0,1007812.5,2,2,TODO: đặt tên nhóm 2
C05496,198,4,3943800.0,985950.0,1,3,TODO: đặt tên nhóm 1
C05497,170,2,872700.0,436350.0,1,0,TODO: đặt tên nhóm 1
C05498,183,3,2026600.0,675533.3333333334,1,0,TODO: đặt tên nhóm 1
C05499,195,1,170000.0,170000.0,1,0,TODO: đặt tên nhóm 1
C05500,49,3,1680700.0,560233.3333333334,2,0,TODO: đặt tên nhóm 2
C05501,57,7,4864700.0,694957.1428571428,2,3,TODO: đặt tên nhóm 2
C05502,8,4,1617700.0,404425.0,2,0,TODO: đặt tên nhóm 2
C05503,129,3,1869950.0,623316.6666666666,1,0,TODO: đặt tên nhóm 1
C05504,45,2,4805100.0,2402550.0,3,1,TODO: đặt tên nhóm 3
C05505,30,4,3422500.0,855625.0,2,3,TODO: đặt tên nhóm 2
C05507,186,3,2527300.0,842433.3333333334,1,0,TODO: đặt tên nhóm 1
C05508,22,2,2100000.0,1050000.0,2,0,TODO: đặt tên nhóm 2
C05509,274,1,158000.0,158000.0,1,0,TODO: đặt tên nhóm 1
C05510,1,6,25647888.0,4274648.0,3,1,TODO: đặt tên nhóm 3
C05511,49,2,2338000.0,1169000.0,2,0,TODO: đặt tên nhóm 2
C05512,77,3,2161600.0,720533.3333333334,2,0,TODO: đặt tên nhóm 2
C05513,80,4,2532700.0,633175.0,2,0,TODO: đặt tên nhóm 2
C05514,48,5,2986900.0,597380.0,2,3,TODO: đặt tên nhóm 2
C05516,158,1,194000.0,194000.0,1,0,TODO: đặt tên nhóm 1
C05517,43,5,2885000.0,577000.0,2,3,TODO: đặt tên nhóm 2
C05518,32,4,4722050.0,1180512.5,2,3,TODO: đặt tên nhóm 2
C05519,44,9,8745850.0,971761.1111111111,2,2,TODO: đặt tên nhóm 2
C05520,35,5,2775800.0,555160.0,2,3,TODO: đặt tên nhóm 2
C05521,162,2,2026350.0,1013175.0,1,0,TODO: đặt tên nhóm 1
C05522,64,3,1230350.0,410116.6666666667,2,0,TODO: đặt tên nhóm 2
C05523,6,4,3849050.0,962262.5,2,3,TODO: đặt tên nhóm 2
C05524,28,5,11155483.0,2231096.6,3,1,TODO: đặt tên nhóm 3
C05525,194,1,3060000.0,3060000.0,3,1,TODO: đặt tên nhóm 3
C05526,25,4,5206000.0,1301500.0,2,2,TODO: đặt tên nhóm 2
C05527,88,2,2450000.0,1225000.0,1,0,TODO: đặt tên nhóm 1
C05528,86,4,4081250.0,1020312.5,2,3,TODO: đặt tên nhóm 2
C05529,130,3,2103000.0,701000.0,1,0,TODO: đặt tên nhóm 1
C05530,262,1,320000.0,320000.0,1,0,TODO: đặt tên nhóm 1
C05531,20,4,5537400.0,1384350.0,3,2,TODO: đặt tên nhóm 3
C05532,95,3,2096800.0,698933.3333333334,1,0,TODO: đặt tên nhóm 1
C05533,30,5,2862350.0,572470.0,2,3,TODO: đặt tên nhóm 2
C05534,108,3,1886000.0,628666.6666666666,1,0,TODO: đặt tên nhóm 1
C05535,53,3,3967000.0,1322333.3333333333,3,0,TODO: đặt tên nhóm 3
C05536,152,4,3371000.0,842750.0,1,3,TODO: đặt tên nhóm 1
C05537,54,5,2320450.0,464090.0,2,3,TODO: đặt tên nhóm 2
C05538,41,6,5863363.0,977227.1666666666,2,3,TODO: đặt tên nhóm 2
C05539,112,5,2370850.0,474170.0,1,3,TODO: đặt tên nhóm 1
C05540,146,5,4249000.0,849800.0,1,3,TODO: đặt tên nhóm 1
C05541,26,2,1236950.0,618475.0,2,0,TODO: đặt tên nhóm 2
C05542,38,4,1422600.0,355650.0,2,0,TODO: đặt tên nhóm 2
C05543,46,6,5251500.0,875250.0,2,3,TODO: đặt tên nhóm 2
C05544,149,3,1394900.0,464966.6666666667,1,0,TODO: đặt tên nhóm 1
C05545,33,6,6860600.0,1143433.3333333333,2,3,TODO: đặt tên nhóm 2
C05546,57,7,5780250.0,825750.0,2,3,TODO: đặt tên nhóm 2
C05547,13,5,3318400.0,663680.0,2,3,TODO: đặt tên nhóm 2
C05548,67,3,2569000.0,856333.3333333334,2,0,TODO: đặt tên nhóm 2
C05549,30,3,501000.0,167000.0,2,0,TODO: đặt tên nhóm 2
C05550,23,5,17510467.0,3502093.4,3,1,TODO: đặt tên nhóm 3
C05551,8,2,803000.0,401500.0,2,0,TODO: đặt tên nhóm 2
C05552,141,1,199000.0,199000.0,1,0,TODO: đặt tên nhóm 1
C05553,128,3,1163350.0,387783.3333333333,1,0,TODO: đặt tên nhóm 1
C05554,240,3,1325250.0,441750.0,1,0,TODO: đặt tên nhóm 1
C05555,123,1,684000.0,684000.0,1,0,TODO: đặt tên nhóm 1
C05556,6,2,2251000.0,1125500.0,2,0,TODO: đặt tên nhóm 2
C05557,145,4,5046300.0,1261575.0,1,1,TODO: đặt tên nhóm 1
C05558,62,1,986100.0,986100.0,2,0,TODO: đặt tên nhóm 2
C05559,261,1,2134350.0,2134350.0,3,1,TODO: đặt tên nhóm 3
C05560,244,1,783000.0,783000.0,1,0,TODO: đặt tên nhóm 1
C05561,134,4,3913400.0,978350.0,1,3,TODO: đặt tên nhóm 1
C05562,6,5,2895250.0,579050.0,2,3,TODO: đặt tên nhóm 2
C05563,11,4,2569200.0,642300.0,2,0,TODO: đặt tên nhóm 2
C05564,7,4,5409000.0,1352250.0,3,2,TODO: đặt tên nhóm 3
C05565,74,3,3091550.0,1030516.6666666666,2,0,TODO: đặt tên nhóm 2
C05566,270,1,1894000.0,1894000.0,1,1,TODO: đặt tên nhóm 1
C05567,192,2,641000.0,320500.0,1,0,TODO: đặt tên nhóm 1
C05568,167,3,4967200.0,1655733.3333333333,3,1,TODO: đặt tên nhóm 3
C05569,88,6,7249000.0,1208166.6666666667,3,3,TODO: đặt tên nhóm 3
C05570,14,7,2380800.0,340114.28571428574,2,2,TODO: đặt tên nhóm 2
C05571,10,7,20741408.0,2963058.285714286,3,1,TODO: đặt tên nhóm 3
C05572,152,3,1644000.0,548000.0,1,0,TODO: đặt tên nhóm 1
C05573,159,3,927000.0,309000.0,1,0,TODO: đặt tên nhóm 1
C05574,27,5,3323100.0,664620.0,2,3,TODO: đặt tên nhóm 2
C05575,140,2,2289700.0,1144850.0,1,0,TODO: đặt tên nhóm 1
C05577,63,2,1154300.0,577150.0,2,0,TODO: đặt tên nhóm 2
C05578,152,4,4598600.0,1149650.0,1,3,TODO: đặt tên nhóm 1
C05579,47,4,2308500.0,577125.0,2,0,TODO: đặt tên nhóm 2
C05580,40,1,334000.0,334000.0,2,0,TODO: đặt tên nhóm 2
C05581,17,8,6147350.0,768418.75,2,3,TODO: đặt tên nhóm 2
C05582,4,2,1443300.0,721650.0,2,0,TODO: đặt tên nhóm 2
C05583,33,4,2560600.0,640150.0,2,0,TODO: đặt tên nhóm 2
C05584,82,5,3888800.0,777760.0,2,3,TODO: đặt tên nhóm 2
C05585,30,3,2891000.0,963666.6666666666,2,0,TODO: đặt tên nhóm 2
C05586,56,2,686000.0,343000.0,2,0,TODO: đặt tên nhóm 2
C05587,12,6,15930583.0,2655097.1666666665,3,1,TODO: đặt tên nhóm 3
C05588,9,5,1496350.0,299270.0,2,3,TODO: đặt tên nhóm 2
C05589,12,7,6735500.0,962214.2857142857,2,3,TODO: đặt tên nhóm 2
C05590,8,5,4033000.0,806600.0,2,3,TODO: đặt tên nhóm 2
C05591,148,2,968050.0,484025.0,1,0,TODO: đặt tên nhóm 1
C05592,121,1,1466000.0,1466000.0,1,1,TODO: đặt tên nhóm 1
C05593,37,3,2280000.0,760000.0,2,0,TODO: đặt tên nhóm 2
C05594,257,1,2463000.0,2463000.0,3,1,TODO: đặt tên nhóm 3
C05595,280,2,2999200.0,1499600.0,1,0,TODO: đặt tên nhóm 1
C05596,121,7,8648100.0,1235442.857142857,3,1,TODO: đặt tên nhóm 3
C05597,44,2,5065250.0,2532625.0,3,1,TODO: đặt tên nhóm 3
C05598,70,4,4659000.0,1164750.0,2,3,TODO: đặt tên nhóm 2
C05599,150,5,10577600.0,2115520.0,3,1,TODO: đặt tên nhóm 3
C05600,76,3,1645900.0,548633.3333333334,2,0,TODO: đặt tên nhóm 2
C05601,47,5,3874250.0,774850.0,2,3,TODO: đặt tên nhóm 2
C05602,54,1,158000.0,158000.0,2,0,TODO: đặt tên nhóm 2
C05603,73,3,1968800.0,656266.6666666666,2,0,TODO: đặt tên nhóm 2
C05604,170,1,2889722.675320835,2889722.675320835,3,1,TODO: đặt tên nhóm 3
C05605,47,3,495000.0,165000.0,2,0,TODO: đặt tên nhóm 2
C05606,121,4,4074000.0,1018500.0,1,3,TODO: đặt tên nhóm 1
C05607,47,5,6985100.0,1397020.0,3,3,TODO: đặt tên nhóm 3
C05608,136,3,3229000.0,1076333.3333333333,1,0,TODO: đặt tên nhóm 1
C05609,97,5,4752500.0,950500.0,2,3,TODO: đặt tên nhóm 2
C05610,26,5,5180000.0,1036000.0,2,3,TODO: đặt tên nhóm 2
C05611,29,2,3498000.0,1749000.0,3,1,TODO: đặt tên nhóm 3
C05612,305,1,744000.0,744000.0,1,0,TODO: đặt tên nhóm 1
C05613,6,3,4382000.0,1460666.6666666667,3,2,TODO: đặt tên nhóm 3
C05614,59,3,2965850.0,988616.6666666666,2,0,TODO: đặt tên nhóm 2
C05615,111,2,1074000.0,537000.0,1,0,TODO: đặt tên nhóm 1
C05617,5,4,7935196.0,1983799.0,3,1,TODO: đặt tên nhóm 3
C05618,73,4,1902750.0,475687.5,2,0,TODO: đặt tên nhóm 2
C05619,37,3,2509600.0,836533.3333333334,2,0,TODO: đặt tên nhóm 2
C05620,70,2,1717000.0,858500.0,2,0,TODO: đặt tên nhóm 2
C05621,31,2,5725000.0,2862500.0,3,1,TODO: đặt tên nhóm 3
C05622,74,4,4276000.0,1069000.0,2,3,TODO: đặt tên nhóm 2
C05623,218,1,288000.0,288000.0,1,0,TODO: đặt tên nhóm 1
C05624,310,1,264600.0,264600.0,1,0,TODO: đặt tên nhóm 1
C05625,141,2,878000.0,439000.0,1,0,TODO: đặt tên nhóm 1
C05626,103,3,2424100.0,808033.3333333334,1,0,TODO: đặt tên nhóm 1
C05627,111,3,782000.0,260666.66666666666,1,0,TODO: đặt tên nhóm 1
C05628,152,3,1971000.0,657000.0,1,0,TODO: đặt tên nhóm 1
C05629,37,1,1096000.0,1096000.0,2,2,TODO: đặt tên nhóm 2
C05630,6,3,3981700.0,1327233.3333333333,2,0,TODO: đặt tên nhóm 2
C05631,18,7,13983705.0,1997672.142857143,3,1,TODO: đặt tên nhóm 3
C05632,13,4,4171100.0,1042775.0,2,3,TODO: đặt tên nhóm 2
C05634,191,1,294000.0,294000.0,1,0,TODO: đặt tên nhóm 1
C05635,53,2,1956150.0,978075.0,2,0,TODO: đặt tên nhóm 2
C05636,56,4,6584000.0,1646000.0,3,1,TODO: đặt tên nhóm 3
C05637,91,2,1328300.0,664150.0,1,0,TODO: đặt tên nhóm 1
C05638,191,1,153900.0,153900.0,1,0,TODO: đặt tên nhóm 1
C05639,262,3,847000.0,282333.3333333333,1,0,TODO: đặt tên nhóm 1
C05640,12,4,1894800.0,473700.0,2,0,TODO: đặt tên nhóm 2
C05641,31,3,5483100.0,1827700.0,3,1,TODO: đặt tên nhóm 3
C05642,5,6,7456600.0,1242766.6666666667,2,3,TODO: đặt tên nhóm 2
C05643,60,4,2162600.0,540650.0,2,0,TODO: đặt tên nhóm 2
C05644,6,6,3281250.0,546875.0,2,3,TODO: đặt tên nhóm 2
C05645,218,1,2517000.0,2517000.0,3,1,TODO: đặt tên nhóm 3
C05646,8,3,6383000.0,2127666.6666666665,3,1,TODO: đặt tên nhóm 3
C05647,7,4,2311800.0,577950.0,2,0,TODO: đặt tên nhóm 2
C05648,155,4,5523100.0,1380775.0,1,1,TODO: đặt tên nhóm 1
C05649,8,9,13585974.0,1509552.6666666667,0,2,TODO: đặt tên nhóm 0
C05650,30,7,6381700.0,911671.4285714285,2,3,TODO: đặt tên nhóm 2
C05651,47,5,3704700.0,740940.0,2,3,TODO: đặt tên nhóm 2
C05652,46,5,4412700.0,882540.0,2,3,TODO: đặt tên nhóm 2
C05653,96,2,1196050.0,598025.0,1,0,TODO: đặt tên nhóm 1
C05654,289,1,432000.0,432000.0,1,0,TODO: đặt tên nhóm 1
C05655,26,5,7332100.0,1466420.0,3,3,TODO: đặt tên nhóm 3
C05656,64,5,4780600.0,956120.0,2,3,TODO: đặt tên nhóm 2
C05657,145,2,491000.0,245500.0,1,0,TODO: đặt tên nhóm 1
C05658,12,2,976000.0,488000.0,2,0,TODO: đặt tên nhóm 2
C05659,26,2,2423000.0,1211500.0,2,0,TODO: đặt tên nhóm 2
C05660,154,1,733400.0,733400.0,1,0,TODO: đặt tên nhóm 1
C05661,97,4,2541000.0,635250.0,1,0,TODO: đặt tên nhóm 1
C05662,8,3,5140000.0,1713333.3333333333,3,1,TODO: đặt tên nhóm 3
C05663,18,4,5950000.0,1487500.0,3,2,TODO: đặt tên nhóm 3
C05664,66,3,5353950.0,1784650.0,3,1,TODO: đặt tên nhóm 3
C05665,17,6,11032000.0,1838666.6666666667,3,1,TODO: đặt tên nhóm 3
C05666,15,8,7741100.0,967637.5,2,2,TODO: đặt tên nhóm 2
C05667,107,4,3642600.0,910650.0,1,3,TODO: đặt tên nhóm 1
C05668,140,3,1772300.0,590766.6666666666,1,0,TODO: đặt tên nhóm 1
C05669,140,2,3974800.0,1987400.0,3,1,TODO: đặt tên nhóm 3
C05670,49,6,3962050.0,660341.6666666666,2,3,TODO: đặt tên nhóm 2
C05671,139,3,2153000.0,717666.6666666666,1,0,TODO: đặt tên nhóm 1
C05672,75,4,3915000.0,978750.0,2,3,TODO: đặt tên nhóm 2
C05673,65,6,4544900.0,757483.3333333334,2,3,TODO: đặt tên nhóm 2
C05675,30,6,2604900.0,434150.0,2,3,TODO: đặt tên nhóm 2
C05676,41,1,642000.0,642000.0,2,0,TODO: đặt tên nhóm 2
C05677,55,5,3271850.0,654370.0,2,3,TODO: đặt tên nhóm 2
C05678,8,5,5490400.0,1098080.0,2,3,TODO: đặt tên nhóm 2
C05679,43,3,1181000.0,393666.6666666667,2,0,TODO: đặt tên nhóm 2
C05680,62,5,3060250.0,612050.0,2,3,TODO: đặt tên nhóm 2
C05682,27,3,1122200.0,374066.6666666667,2,0,TODO: đặt tên nhóm 2
C05683,2,2,3598700.0,1799350.0,3,1,TODO: đặt tên nhóm 3
C05684,135,1,464100.0,464100.0,1,0,TODO: đặt tên nhóm 1
C05685,73,9,7778850.0,864316.6666666666,2,3,TODO: đặt tên nhóm 2
C05687,114,2,2713000.0,1356500.0,1,0,TODO: đặt tên nhóm 1
C05688,65,5,3087450.0,617490.0,2,3,TODO: đặt tên nhóm 2
C05689,83,4,1892300.0,473075.0,2,0,TODO: đặt tên nhóm 2
C05690,55,4,3351000.0,837750.0,2,3,TODO: đặt tên nhóm 2
C05691,72,3,2141800.0,713933.3333333334,2,0,TODO: đặt tên nhóm 2
C05692,26,9,10647450.0,1183050.0,0,2,TODO: đặt tên nhóm 0
C05693,108,7,9017300.0,1288185.7142857143,3,1,TODO: đặt tên nhóm 3
C05694,9,6,3741700.0,623616.6666666666,2,3,TODO: đặt tên nhóm 2
C05695,22,8,4724800.0,590600.0,2,2,TODO: đặt tên nhóm 2
C05696,1,8,5843400.0,730425.0,2,3,TODO: đặt tên nhóm 2
C05697,132,2,1163400.0,581700.0,1,0,TODO: đặt tên nhóm 1
C05698,6,4,2169600.0,542400.0,2,0,TODO: đặt tên nhóm 2
C05699,71,4,2511250.0,627812.5,2,0,TODO: đặt tên nhóm 2
C05700,10,7,7063750.0,1009107.1428571428,2,3,TODO: đặt tên nhóm 2
C05701,289,1,561000.0,561000.0,1,0,TODO: đặt tên nhóm 1
C05702,223,2,1449850.0,724925.0,1,0,TODO: đặt tên nhóm 1
C05703,35,2,1224800.0,612400.0,2,0,TODO: đặt tên nhóm 2
C05704,78,2,1740000.0,870000.0,2,0,TODO: đặt tên nhóm 2
C05705,111,5,5318750.0,1063750.0,1,3,TODO: đặt tên nhóm 1
C05706,35,4,4598400.0,1149600.0,2,3,TODO: đặt tên nhóm 2
C05707,58,4,1834000.0,458500.0,2,0,TODO: đặt tên nhóm 2
C05708,38,3,6808350.0,2269450.0,3,1,TODO: đặt tên nhóm 3
C05709,80,4,5631000.0,1407750.0,3,1,TODO: đặt tên nhóm 3
C05710,68,3,1680700.0,560233.3333333334,2,0,TODO: đặt tên nhóm 2
C05711,42,10,11390500.0,1139050.0,0,2,TODO: đặt tên nhóm 0
C05712,26,2,3146450.0,1573225.0,3,0,TODO: đặt tên nhóm 3
C05713,15,5,6174800.0,1234960.0,2,3,TODO: đặt tên nhóm 2
C05714,57,1,186000.0,186000.0,2,0,TODO: đặt tên nhóm 2
C05715,306,1,950000.0,950000.0,1,0,TODO: đặt tên nhóm 1
C05716,27,4,2402050.0,600512.5,2,0,TODO: đặt tên nhóm 2
C05717,134,2,1105700.0,552850.0,1,0,TODO: đặt tên nhóm 1
C05718,12,3,1419750.0,473250.0,2,0,TODO: đặt tên nhóm 2
C05719,301,1,390000.0,390000.0,1,0,TODO: đặt tên nhóm 1
C05720,93,2,1386000.0,693000.0,1,0,TODO: đặt tên nhóm 1
C05721,249,2,2237800.0,1118900.0,1,0,TODO: đặt tên nhóm 1
C05722,62,1,475200.0,475200.0,2,0,TODO: đặt tên nhóm 2
C05723,21,3,4324000.0,1441333.3333333333,3,2,TODO: đặt tên nhóm 3
C05724,75,2,895500.0,447750.0,2,0,TODO: đặt tên nhóm 2
C05725,101,4,2983300.0,745825.0,1,3,TODO: đặt tên nhóm 1
C05726,45,4,13301452.92999948,3325363.23249987,3,1,TODO: đặt tên nhóm 3
C05727,98,4,4021500.0,1005375.0,1,3,TODO: đặt tên nhóm 1
C05728,109,3,964200.0,321400.0,1,0,TODO: đặt tên nhóm 1
C05729,33,3,3958100.0,1319366.6666666667,2,2,TODO: đặt tên nhóm 2
C05730,67,5,7271900.0,1454380.0,3,3,TODO: đặt tên nhóm 3
C05731,3,5,6705050.0,1341010.0,3,3,TODO: đặt tên nhóm 3
C05732,228,2,5561250.0,2780625.0,3,1,TODO: đặt tên nhóm 3
C05733,18,3,4564000.0,1521333.3333333333,3,2,TODO: đặt tên nhóm 3
C05734,169,2,559950.0,279975.0,1,0,TODO: đặt tên nhóm 1
C05735,6,5,4653144.0,930628.8,2,3,TODO: đặt tên nhóm 2
C05736,257,2,2383950.0,1191975.0,1,0,TODO: đặt tên nhóm 1
C05737,155,3,1987000.0,662333.3333333334,1,0,TODO: đặt tên nhóm 1
C05738,116,3,2289000.0,763000.0,1,0,TODO: đặt tên nhóm 1
C05739,239,1,153000.0,153000.0,1,0,TODO: đặt tên nhóm 1
C05740,259,4,1901950.0,475487.5,1,0,TODO: đặt tên nhóm 1
C05741,1,4,2520150.0,630037.5,2,0,TODO: đặt tên nhóm 2
C05742,108,2,2011550.0,1005775.0,1,0,TODO: đặt tên nhóm 1
C05743,1,2,937800.0,468900.0,2,0,TODO: đặt tên nhóm 2
C05744,31,6,6150850.0,1025141.6666666666,2,3,TODO: đặt tên nhóm 2
C05745,17,6,5171000.0,861833.3333333334,2,3,TODO: đặt tên nhóm 2
C05746,37,5,2250550.0,450110.0,2,3,TODO: đặt tên nhóm 2
C05747,219,4,3449350.0,862337.5,1,0,TODO: đặt tên nhóm 1
C05748,23,3,2918000.0,972666.6666666666,2,0,TODO: đặt tên nhóm 2
C05749,35,3,3955200.0,1318400.0,2,2,TODO: đặt tên nhóm 2
C05750,58,6,4658200.0,776366.6666666666,2,3,TODO: đặt tên nhóm 2
C05751,43,7,3917650.0,559664.2857142857,2,3,TODO: đặt tên nhóm 2
C05752,74,3,2651700.0,883900.0,2,0,TODO: đặt tên nhóm 2
C05753,18,4,3558000.0,889500.0,2,3,TODO: đặt tên nhóm 2
C05754,148,2,646500.0,323250.0,1,0,TODO: đặt tên nhóm 1
C05755,34,4,4437000.0,1109250.0,2,3,TODO: đặt tên nhóm 2
C05757,65,2,1584850.0,792425.0,2,0,TODO: đặt tên nhóm 2
C05758,38,4,3365050.0,841262.5,2,3,TODO: đặt tên nhóm 2
C05759,1,4,3986200.0,996550.0,2,3,TODO: đặt tên nhóm 2
C05760,26,4,5908050.0,1477012.5,3,2,TODO: đặt tên nhóm 3
C05761,65,4,3024500.0,756125.0,2,3,TODO: đặt tên nhóm 2
C05762,24,5,3414000.0,682800.0,2,3,TODO: đặt tên nhóm 2
C05763,143,3,2161000.0,720333.3333333334,1,0,TODO: đặt tên nhóm 1
C05764,52,3,2590000.0,863333.3333333334,2,0,TODO: đặt tên nhóm 2
C05765,20,8,17887200.0,2235900.0,3,1,TODO: đặt tên nhóm 3
C05766,28,5,4254100.0,850820.0,2,3,TODO: đặt tên nhóm 2
C05768,14,7,6832600.0,976085.7142857143,2,3,TODO: đặt tên nhóm 2
C05769,209,2,1767900.0,883950.0,1,0,TODO: đặt tên nhóm 1
C05770,121,5,5303800.0,1060760.0,1,3,TODO: đặt tên nhóm 1
C05771,246,2,4521000.0,2260500.0,3,1,TODO: đặt tên nhóm 3
C05772,158,4,4186000.0,1046500.0,1,3,TODO: đặt tên nhóm 1
C05773,111,6,3353000.0,558833.3333333334,1,3,TODO: đặt tên nhóm 1
C05774,47,5,6666400.0,1333280.0,3,3,TODO: đặt tên nhóm 3
C05775,67,6,5769000.0,961500.0,2,3,TODO: đặt tên nhóm 2
C05776,79,6,3936650.0,656108.3333333334,2,3,TODO: đặt tên nhóm 2
C05777,63,4,6444800.0,1611200.0,3,1,TODO: đặt tên nhóm 3
C05778,60,4,1923650.0,480912.5,2,0,TODO: đặt tên nhóm 2
C05779,166,4,2935600.0,733900.0,1,0,TODO: đặt tên nhóm 1
C05780,56,3,3003100.0,1001033.3333333334,2,0,TODO: đặt tên nhóm 2
C05781,79,4,8728000.0,2182000.0,3,1,TODO: đặt tên nhóm 3
C05782,10,2,1367800.0,683900.0,2,0,TODO: đặt tên nhóm 2
C05783,52,4,2246300.0,561575.0,2,0,TODO: đặt tên nhóm 2
C05784,14,5,5983050.0,1196610.0,2,3,TODO: đặt tên nhóm 2
C05785,5,4,6253100.0,1563275.0,3,1,TODO: đặt tên nhóm 3
C05787,44,4,6200200.0,1550050.0,3,1,TODO: đặt tên nhóm 3
C05788,121,3,848900.0,282966.6666666667,1,0,TODO: đặt tên nhóm 1
C05789,111,6,7925000.0,1320833.3333333333,3,3,TODO: đặt tên nhóm 3
C05790,56,6,5825000.0,970833.3333333334,2,3,TODO: đặt tên nhóm 2
C05791,31,4,5245000.0,1311250.0,3,2,TODO: đặt tên nhóm 3
C05792,125,2,1926000.0,963000.0,1,0,TODO: đặt tên nhóm 1
C05793,46,5,4273000.0,854600.0,2,3,TODO: đặt tên nhóm 2
C05794,126,6,3716300.0,619383.3333333334,1,3,TODO: đặt tên nhóm 1
C05795,30,3,1016100.0,338700.0,2,0,TODO: đặt tên nhóm 2
C05796,53,5,3960800.0,792160.0,2,3,TODO: đặt tên nhóm 2
C05797,32,5,5907250.0,1181450.0,2,3,TODO: đặt tên nhóm 2
C05798,251,3,2948200.0,982733.3333333334,1,0,TODO: đặt tên nhóm 1
C05799,22,4,5040000.0,1260000.0,2,2,TODO: đặt tên nhóm 2
C05800,32,4,8080900.0,2020225.0,3,1,TODO: đặt tên nhóm 3
C05801,20,7,12508400.0,1786914.2857142857,3,2,TODO: đặt tên nhóm 3
C05802,84,2,1210000.0,605000.0,1,0,TODO: đặt tên nhóm 1
C05803,23,2,846450.0,423225.0,2,0,TODO: đặt tên nhóm 2
C05804,107,3,4279000.0,1426333.3333333333,3,1,TODO: đặt tên nhóm 3
C05806,39,4,3403800.0,850950.0,2,3,TODO: đặt tên nhóm 2
C05807,13,4,2213000.0,553250.0,2,0,TODO: đặt tên nhóm 2
C05808,55,4,2476000.0,619000.0,2,0,TODO: đặt tên nhóm 2
C05809,184,1,2797200.0,2797200.0,3,1,TODO: đặt tên nhóm 3
C05810,133,1,726300.0,726300.0,1,0,TODO: đặt tên nhóm 1
C05811,199,2,965800.0,482900.0,1,0,TODO: đặt tên nhóm 1
C05812,34,6,5415700.0,902616.6666666666,2,3,TODO: đặt tên nhóm 2
C05813,76,2,1002000.0,501000.0,2,0,TODO: đặt tên nhóm 2
C05814,124,2,1323400.0,661700.0,1,0,TODO: đặt tên nhóm 1
C05815,11,6,5749900.0,958316.6666666666,2,3,TODO: đặt tên nhóm 2
C05816,184,2,1065100.0,532550.0,1,0,TODO: đặt tên nhóm 1
C05817,59,2,362000.0,181000.0,2,0,TODO: đặt tên nhóm 2
C05818,20,4,693000.0,173250.0,2,0,TODO: đặt tên nhóm 2
C05819,31,6,6492800.0,1082133.3333333333,2,3,TODO: đặt tên nhóm 2
C05820,26,5,3510100.0,702020.0,2,3,TODO: đặt tên nhóm 2
C05821,16,4,1238150.0,309537.5,2,0,TODO: đặt tên nhóm 2
C05822,92,3,5408000.0,1802666.6666666667,3,1,TODO: đặt tên nhóm 3
C05823,144,2,305200.0,152600.0,1,0,TODO: đặt tên nhóm 1
C05824,65,4,3721700.0,930425.0,2,3,TODO: đặt tên nhóm 2
C05825,20,5,6197700.0,1239540.0,2,3,TODO: đặt tên nhóm 2
C05826,16,5,2288500.0,457700.0,2,3,TODO: đặt tên nhóm 2
C05827,137,5,5611300.0,1122260.0,1,3,TODO: đặt tên nhóm 1
C05828,30,5,7446750.0,1489350.0,3,3,TODO: đặt tên nhóm 3
C05829,24,2,1060000.0,530000.0,2,0,TODO: đặt tên nhóm 2
C05830,31,3,1306400.0,435466.6666666667,2,0,TODO: đặt tên nhóm 2
C05832,174,3,3486500.0,1162166.6666666667,1,0,TODO: đặt tên nhóm 1
C05833,10,4,4013950.0,1003487.5,2,3,TODO: đặt tên nhóm 2
C05834,27,3,4051600.0,1350533.3333333333,3,2,TODO: đặt tên nhóm 3
C05835,147,4,1440600.0,360150.0,1,0,TODO: đặt tên nhóm 1
C05836,29,6,3898750.0,649791.6666666666,2,3,TODO: đặt tên nhóm 2
C05837,157,5,2158000.0,431600.0,1,3,TODO: đặt tên nhóm 1
C05838,120,2,1062900.0,531450.0,1,0,TODO: đặt tên nhóm 1
C05840,22,3,2717650.0,905883.3333333334,2,0,TODO: đặt tên nhóm 2
C05841,105,2,752000.0,376000.0,1,0,TODO: đặt tên nhóm 1
C05842,98,4,1562200.0,390550.0,1,0,TODO: đặt tên nhóm 1
C05843,11,5,4159200.0,831840.0,2,3,TODO: đặt tên nhóm 2
C05844,56,3,4191400.0,1397133.3333333333,3,0,TODO: đặt tên nhóm 3
C05845,117,3,3199000.0,1066333.3333333333,1,0,TODO: đặt tên nhóm 1
C05846,13,4,3332950.0,833237.5,2,3,TODO: đặt tên nhóm 2
C05848,33,3,2231500.0,743833.3333333334,2,0,TODO: đặt tên nhóm 2
C05849,45,5,26595210.0,5319042.0,3,1,TODO: đặt tên nhóm 3
C05850,39,3,2206000.0,735333.3333333334,2,0,TODO: đặt tên nhóm 2
C05851,39,3,2579400.0,859800.0,2,0,TODO: đặt tên nhóm 2
C05852,53,4,1624000.0,406000.0,2,0,TODO: đặt tên nhóm 2
C05853,35,3,3035200.0,1011733.3333333334,2,0,TODO: đặt tên nhóm 2
C05854,68,3,2213350.0,737783.3333333334,2,0,TODO: đặt tên nhóm 2
C05855,82,2,2403900.0,1201950.0,2,0,TODO: đặt tên nhóm 2
C05856,7,2,2753600.0,1376800.0,2,0,TODO: đặt tên nhóm 2
C05857,56,5,8041100.0,1608220.0,3,3,TODO: đặt tên nhóm 3
C05858,239,2,562000.0,281000.0,1,0,TODO: đặt tên nhóm 1
C05859,20,3,2187500.0,729166.6666666666,2,0,TODO: đặt tên nhóm 2
C05860,86,3,3282400.0,1094133.3333333333,2,0,TODO: đặt tên nhóm 2
C05861,8,6,6248950.0,1041491.6666666666,2,3,TODO: đặt tên nhóm 2
C05862,1,3,9114250.0,3038083.3333333335,3,1,TODO: đặt tên nhóm 3
C05863,25,6,8670100.0,1445016.6666666667,3,2,TODO: đặt tên nhóm 3
C05864,88,2,252450.0,126225.0,1,0,TODO: đặt tên nhóm 1
C05865,61,9,4495850.0,499538.8888888889,2,2,TODO: đặt tên nhóm 2
C05866,24,7,3815150.0,545021.4285714285,2,2,TODO: đặt tên nhóm 2
C05867,135,2,1048900.0,524450.0,1,0,TODO: đặt tên nhóm 1
C05868,23,5,4222450.0,844490.0,2,3,TODO: đặt tên nhóm 2
C05869,77,4,5288300.0,1322075.0,3,1,TODO: đặt tên nhóm 3
C05871,17,5,2515600.0,503120.0,2,3,TODO: đặt tên nhóm 2
C05872,177,1,282600.0,282600.0,1,0,TODO: đặt tên nhóm 1
C05873,138,1,200000.0,200000.0,1,0,TODO: đặt tên nhóm 1
C05874,48,4,2302000.0,575500.0,2,0,TODO: đặt tên nhóm 2
C05875,34,8,6474400.0,809300.0,2,3,TODO: đặt tên nhóm 2
C05876,45,4,5724450.0,1431112.5,3,2,TODO: đặt tên nhóm 3
C05877,132,2,3087300.0,1543650.0,1,1,TODO: đặt tên nhóm 1
C05878,41,4,1839950.0,459987.5,2,0,TODO: đặt tên nhóm 2
C05879,31,5,4279500.0,855900.0,2,3,TODO: đặt tên nhóm 2
C05880,19,3,818600.0,272866.6666666667,2,0,TODO: đặt tên nhóm 2
C05881,62,6,6447000.0,1074500.0,2,3,TODO: đặt tên nhóm 2
C05882,9,5,22880612.0,4576122.4,3,1,TODO: đặt tên nhóm 3
C05883,85,5,3667300.0,733460.0,2,3,TODO: đặt tên nhóm 2
C05884,17,3,2811050.0,937016.6666666666,2,0,TODO: đặt tên nhóm 2
C05885,30,4,2980200.0,745050.0,2,3,TODO: đặt tên nhóm 2
C05886,281,1,177650.0,177650.0,1,0,TODO: đặt tên nhóm 1
C05887,20,2,2856600.0,1428300.0,3,0,TODO: đặt tên nhóm 3
C05888,269,1,165300.0,165300.0,1,0,TODO: đặt tên nhóm 1
C05889,98,3,1426000.0,475333.3333333333,1,0,TODO: đặt tên nhóm 1
C05890,166,2,2933600.0,1466800.0,1,0,TODO: đặt tên nhóm 1
C05892,181,1,567000.0,567000.0,1,0,TODO: đặt tên nhóm 1
C05893,22,2,3260900.0,1630450.0,3,1,TODO: đặt tên nhóm 3
C05894,22,3,2119450.0,706483.3333333334,2,0,TODO: đặt tên nhóm 2
C05895,94,4,4878800.0,1219700.0,3,3,TODO: đặt tên nhóm 3
C05896,33,3,2373300.0,791100.0,2,0,TODO: đặt tên nhóm 2
C05897,130,5,7307000.0,1461400.0,3,3,TODO: đặt tên nhóm 3
C05898,154,2,1841400.0,920700.0,1,0,TODO: đặt tên nhóm 1
C05899,291,2,1320100.0,660050.0,1,0,TODO: đặt tên nhóm 1
C05900,47,4,1738600.0,434650.0,2,0,TODO: đặt tên nhóm 2
C05901,17,5,2288350.0,457670.0,2,3,TODO: đặt tên nhóm 2
C05902,51,3,4644100.0,1548033.3333333333,3,1,TODO: đặt tên nhóm 3
C05903,1,5,6958000.0,1391600.0,3,3,TODO: đặt tên nhóm 3
C05905,35,6,3624800.0,604133.3333333334,2,3,TODO: đặt tên nhóm 2
C05906,38,7,6339850.0,905692.8571428572,2,3,TODO: đặt tên nhóm 2
C05907,15,1,703000.0,703000.0,2,0,TODO: đặt tên nhóm 2
C05908,70,1,156750.0,156750.0,1,0,TODO: đặt tên nhóm 1
C05910,61,3,5928000.0,1976000.0,3,1,TODO: đặt tên nhóm 3
C05911,131,4,3205850.0,801462.5,1,3,TODO: đặt tên nhóm 1
C05913,44,3,1079900.0,359966.6666666667,2,0,TODO: đặt tên nhóm 2
C05914,61,5,3594200.0,718840.0,2,3,TODO: đặt tên nhóm 2
C05915,95,4,3050200.0,762550.0,1,3,TODO: đặt tên nhóm 1
C05916,92,4,3008600.0,752150.0,1,3,TODO: đặt tên nhóm 1
C05917,64,8,5468900.0,683612.5,2,3,TODO: đặt tên nhóm 2
C05918,22,6,9153300.0,1525550.0,3,2,TODO: đặt tên nhóm 3
C05919,49,6,10139700.0,1689950.0,3,1,TODO: đặt tên nhóm 3
C05920,98,2,613800.0,306900.0,1,0,TODO: đặt tên nhóm 1
C05921,9,2,3593100.0,1796550.0,3,1,TODO: đặt tên nhóm 3
C05922,139,2,848100.0,424050.0,1,0,TODO: đặt tên nhóm 1
C05923,247,2,1420500.0,710250.0,1,0,TODO: đặt tên nhóm 1
C05924,167,4,3063450.0,765862.5,1,0,TODO: đặt tên nhóm 1
C05925,79,5,3868350.0,773670.0,2,3,TODO: đặt tên nhóm 2
C05926,84,3,891500.0,297166.6666666667,1,0,TODO: đặt tên nhóm 1
C05927,21,7,4458500.0,636928.5714285715,2,3,TODO: đặt tên nhóm 2
C05928,31,6,5491950.0,915325.0,2,3,TODO: đặt tên nhóm 2
C05929,112,3,1957800.0,652600.0,1,0,TODO: đặt tên nhóm 1
C05930,30,8,14099000.0,1762375.0,3,2,TODO: đặt tên nhóm 3
C05931,51,3,1486450.0,495483.3333333333,2,0,TODO: đặt tên nhóm 2
C05932,21,6,5998550.0,999758.3333333334,2,3,TODO: đặt tên nhóm 2
C05933,28,5,5597150.0,1119430.0,2,3,TODO: đặt tên nhóm 2
C05934,147,4,5893050.0,1473262.5,3,1,TODO: đặt tên nhóm 3
C05935,248,1,378000.0,378000.0,1,0,TODO: đặt tên nhóm 1
C05936,85,3,3079500.0,1026500.0,2,0,TODO: đặt tên nhóm 2
C05937,210,1,131000.0,131000.0,1,0,TODO: đặt tên nhóm 1
C05938,298,1,781200.0,781200.0,1,0,TODO: đặt tên nhóm 1
C05939,281,1,758000.0,758000.0,1,0,TODO: đặt tên nhóm 1
C05940,186,2,3714000.0,1857000.0,1,1,TODO: đặt tên nhóm 1
C05941,32,6,6548800.0,1091466.6666666667,2,3,TODO: đặt tên nhóm 2
C05942,33,7,6663300.0,951900.0,2,3,TODO: đặt tên nhóm 2
C05943,107,2,1689000.0,844500.0,1,0,TODO: đặt tên nhóm 1
C05944,132,3,1524300.0,508100.0,1,0,TODO: đặt tên nhóm 1
C05945,185,2,1988000.0,994000.0,1,0,TODO: đặt tên nhóm 1
C05946,179,1,313500.0,313500.0,1,0,TODO: đặt tên nhóm 1
C05947,166,4,5588650.0,1397162.5,1,1,TODO: đặt tên nhóm 1
C05948,58,5,2847000.0,569400.0,2,3,TODO: đặt tên nhóm 2
C05949,2,7,9492150.0,1356021.4285714286,3,2,TODO: đặt tên nhóm 3
C05950,104,2,3791450.0,1895725.0,3,1,TODO: đặt tên nhóm 3
C05951,96,3,1283000.0,427666.6666666667,1,0,TODO: đặt tên nhóm 1
C05952,7,4,1469350.0,367337.5,2,0,TODO: đặt tên nhóm 2
C05953,110,3,839600.0,279866.6666666667,1,0,TODO: đặt tên nhóm 1
C05954,115,3,15589256.0,5196418.666666667,3,1,TODO: đặt tên nhóm 3
C05955,23,3,1918600.0,639533.3333333334,2,0,TODO: đặt tên nhóm 2
C05956,14,6,8868900.0,1478150.0,3,2,TODO: đặt tên nhóm 3
C05957,18,4,8127000.0,2031750.0,3,1,TODO: đặt tên nhóm 3
C05958,25,2,894150.0,447075.0,2,0,TODO: đặt tên nhóm 2
C05959,18,4,2255200.0,563800.0,2,0,TODO: đặt tên nhóm 2
C05960,162,4,9316000.0,2329000.0,3,1,TODO: đặt tên nhóm 3
C05961,56,3,3455000.0,1151666.6666666667,2,0,TODO: đặt tên nhóm 2
C05962,18,7,4712850.0,673264.2857142857,2,3,TODO: đặt tên nhóm 2
C05963,242,2,2794000.0,1397000.0,1,0,TODO: đặt tên nhóm 1
C05964,120,3,1880700.0,626900.0,1,0,TODO: đặt tên nhóm 1
C05965,29,7,5171550.0,738792.8571428572,2,3,TODO: đặt tên nhóm 2
C05966,134,1,181000.0,181000.0,1,0,TODO: đặt tên nhóm 1
C05967,52,3,1847000.0,615666.6666666666,2,0,TODO: đặt tên nhóm 2
C05968,88,6,7538700.0,1256450.0,3,3,TODO: đặt tên nhóm 3
C05969,64,2,4045700.0,2022850.0,3,1,TODO: đặt tên nhóm 3
C05970,74,3,3058900.0,1019633.3333333334,2,0,TODO: đặt tên nhóm 2
C05971,133,1,698250.0,698250.0,1,0,TODO: đặt tên nhóm 1
C05972,155,2,2287000.0,1143500.0,1,0,TODO: đặt tên nhóm 1
C05973,69,2,3103500.0,1551750.0,3,0,TODO: đặt tên nhóm 3
C05974,28,6,7205950.0,1200991.6666666667,2,3,TODO: đặt tên nhóm 2
C05975,35,3,498050.0,166016.66666666666,2,0,TODO: đặt tên nhóm 2
C05976,40,6,7588100.0,1264683.3333333333,3,3,TODO: đặt tên nhóm 3
C05977,63,3,5885100.0,1961700.0,3,1,TODO: đặt tên nhóm 3
C05978,211,1,789000.0,789000.0,1,0,TODO: đặt tên nhóm 1
C05979,11,9,12445150.0,1382794.4444444445,0,2,TODO: đặt tên nhóm 0
C05980,2,3,3905950.0,1301983.3333333333,2,0,TODO: đặt tên nhóm 2
C05981,42,7,6285200.0,897885.7142857143,2,3,TODO: đặt tên nhóm 2
C05982,150,2,1389000.0,694500.0,1,0,TODO: đặt tên nhóm 1
C05983,57,7,6792000.0,970285.7142857143,2,3,TODO: đặt tên nhóm 2
C05984,48,7,20852923.0,2978989.0,3,1,TODO: đặt tên nhóm 3
C05985,55,3,2333200.0,777733.3333333334,2,0,TODO: đặt tên nhóm 2
C05986,169,2,602700.0,301350.0,1,0,TODO: đặt tên nhóm 1
C05987,22,5,4940400.0,988080.0,2,3,TODO: đặt tên nhóm 2
C05988,203,2,2185750.0,1092875.0,1,0,TODO: đặt tên nhóm 1
C05989,123,2,2706000.0,1353000.0,1,0,TODO: đặt tên nhóm 1
C05990,69,3,5018000.0,1672666.6666666667,3,1,TODO: đặt tên nhóm 3
C05991,40,6,8430250.0,1405041.6666666667,3,3,TODO: đặt tên nhóm 3
C05992,107,4,2711600.0,677900.0,1,0,TODO: đặt tên nhóm 1
C05993,219,2,2645800.0,1322900.0,1,0,TODO: đặt tên nhóm 1
C05994,92,3,2296000.0,765333.3333333334,1,0,TODO: đặt tên nhóm 1
C05995,287,1,1068450.0,1068450.0,1,0,TODO: đặt tên nhóm 1
C05996,14,2,1246950.0,623475.0,2,0,TODO: đặt tên nhóm 2
C05997,42,2,1406200.0,703100.0,2,0,TODO: đặt tên nhóm 2
C05998,109,2,1823000.0,911500.0,1,0,TODO: đặt tên nhóm 1
C05999,41,5,4815800.0,963160.0,2,3,TODO: đặt tên nhóm 2
C06000,37,3,1174000.0,391333.3333333333,2,0,TODO: đặt tên nhóm 2
C06001,221,1,1124000.0,1124000.0,1,0,TODO: đặt tên nhóm 1
C06002,6,2,3302000.0,1651000.0,3,1,TODO: đặt tên nhóm 3
C06003,67,4,1238600.0,309650.0,2,0,TODO: đặt tên nhóm 2
C06004,230,2,938300.0,469150.0,1,0,TODO: đặt tên nhóm 1
C06005,41,2,1203650.0,601825.0,2,0,TODO: đặt tên nhóm 2
C06006,58,7,4563200.0,651885.7142857143,2,3,TODO: đặt tên nhóm 2
C06007,50,3,3210600.0,1070200.0,2,0,TODO: đặt tên nhóm 2
C06008,42,5,2774550.0,554910.0,2,3,TODO: đặt tên nhóm 2
C06009,140,3,2137700.0,712566.6666666666,1,0,TODO: đặt tên nhóm 1
C06010,190,2,413300.0,206650.0,1,0,TODO: đặt tên nhóm 1
C06011,61,6,4936700.0,822783.3333333334,2,3,TODO: đặt tên nhóm 2
C06012,5,2,1638000.0,819000.0,2,0,TODO: đặt tên nhóm 2
C06013,238,2,3792400.0,1896200.0,1,1,TODO: đặt tên nhóm 1
C06014,7,6,6183550.0,1030591.6666666666,2,3,TODO: đặt tên nhóm 2
C06015,2,6,4779650.0,796608.3333333334,2,3,TODO: đặt tên nhóm 2
C06016,15,1,144000.0,144000.0,2,0,TODO: đặt tên nhóm 2
C06018,45,2,961000.0,480500.0,2,0,TODO: đặt tên nhóm 2
C06019,15,2,11888691.0,5944345.5,3,1,TODO: đặt tên nhóm 3
C06020,132,4,3919000.0,979750.0,1,3,TODO: đặt tên nhóm 1
C06021,25,3,3447000.0,1149000.0,2,0,TODO: đặt tên nhóm 2
C06022,12,1,4025000.0,4025000.0,3,1,TODO: đặt tên nhóm 3
C06023,109,5,5548000.0,1109600.0,1,3,TODO: đặt tên nhóm 1
C06024,165,1,174000.0,174000.0,1,0,TODO: đặt tên nhóm 1
C06025,198,3,4597439.0,1532479.6666666667,1,1,TODO: đặt tên nhóm 1
C06026,79,3,2593550.0,864516.6666666666,2,0,TODO: đặt tên nhóm 2
C06027,71,4,4237800.0,1059450.0,2,3,TODO: đặt tên nhóm 2
C06028,3,8,8369700.0,1046212.5,2,2,TODO: đặt tên nhóm 2
C06029,295,1,1708000.0,1708000.0,1,1,TODO: đặt tên nhóm 1
C06030,86,3,1466700.0,488900.0,1,0,TODO: đặt tên nhóm 1
C06031,22,7,8059000.0,1151285.7142857143,2,2,TODO: đặt tên nhóm 2
C06032,120,4,6123250.0,1530812.5,3,1,TODO: đặt tên nhóm 3
C06033,22,4,2085350.0,521337.5,2,0,TODO: đặt tên nhóm 2
C06034,17,3,1200400.0,400133.3333333333,2,0,TODO: đặt tên nhóm 2
C06035,56,6,9898900.0,1649816.6666666667,3,1,TODO: đặt tên nhóm 3
C06036,67,2,1381750.0,690875.0,2,0,TODO: đặt tên nhóm 2
C06037,8,3,6660800.0,2220266.6666666665,3,1,TODO: đặt tên nhóm 3
C06038,122,1,149000.0,149000.0,1,0,TODO: đặt tên nhóm 1
C06039,65,2,3004000.0,1502000.0,3,0,TODO: đặt tên nhóm 3
C06040,263,3,2601000.0,867000.0,1,0,TODO: đặt tên nhóm 1
C06041,53,1,3486000.0,3486000.0,3,1,TODO: đặt tên nhóm 3
C06042,19,3,4690000.0,1563333.3333333333,3,1,TODO: đặt tên nhóm 3
C06043,97,4,5597000.0,1399250.0,3,1,TODO: đặt tên nhóm 3
C06044,5,4,2629700.0,657425.0,2,0,TODO: đặt tên nhóm 2
C06045,65,8,3710350.0,463793.75,2,2,TODO: đặt tên nhóm 2
C06046,83,6,5599500.0,933250.0,2,3,TODO: đặt tên nhóm 2
C06047,28,5,4598500.0,919700.0,2,3,TODO: đặt tên nhóm 2
C06048,6,4,2651550.0,662887.5,2,0,TODO: đặt tên nhóm 2
C06049,61,4,3180000.0,795000.0,2,3,TODO: đặt tên nhóm 2
C06050,20,9,8786900.0,976322.2222222222,2,2,TODO: đặt tên nhóm 2
C06051,36,4,1553800.0,388450.0,2,0,TODO: đặt tên nhóm 2
C06052,10,3,2798137.0,932712.3333333334,2,0,TODO: đặt tên nhóm 2
C06054,22,5,4466450.0,893290.0,2,3,TODO: đặt tên nhóm 2
C06055,50,2,722100.0,361050.0,2,0,TODO: đặt tên nhóm 2
C06056,4,6,4956600.0,826100.0,2,3,TODO: đặt tên nhóm 2
C06057,31,9,4169100.0,463233.3333333333,2,2,TODO: đặt tên nhóm 2
C06058,61,2,3596000.0,1798000.0,3,1,TODO: đặt tên nhóm 3
C06059,158,4,2168500.0,542125.0,1,0,TODO: đặt tên nhóm 1
C06060,219,2,3599300.0,1799650.0,1,1,TODO: đặt tên nhóm 1
C06061,129,7,7575600.0,1082228.5714285714,1,3,TODO: đặt tên nhóm 1
C06062,44,2,6383000.0,3191500.0,3,1,TODO: đặt tên nhóm 3
C06063,251,1,2486000.0,2486000.0,3,1,TODO: đặt tên nhóm 3
C06064,35,6,11640750.0,1940125.0,3,1,TODO: đặt tên nhóm 3
C06065,171,2,3243600.0,1621800.0,1,1,TODO: đặt tên nhóm 1
C06066,156,3,1084050.0,361350.0,1,0,TODO: đặt tên nhóm 1
C06067,167,4,11568385.0,2892096.25,3,1,TODO: đặt tên nhóm 3
C06068,266,2,1053600.0,526800.0,1,0,TODO: đặt tên nhóm 1
C06069,44,2,489000.0,244500.0,2,0,TODO: đặt tên nhóm 2
C06070,71,4,2916500.0,729125.0,2,3,TODO: đặt tên nhóm 2
C06071,211,1,2961000.0,2961000.0,3,1,TODO: đặt tên nhóm 3
C06072,96,5,6224300.0,1244860.0,3,3,TODO: đặt tên nhóm 3
C06073,82,5,6242550.0,1248510.0,3,3,TODO: đặt tên nhóm 3
C06074,244,2,959000.0,479500.0,1,0,TODO: đặt tên nhóm 1
C06075,21,5,9278500.0,1855700.0,3,1,TODO: đặt tên nhóm 3
C06076,305,2,2431000.0,1215500.0,1,0,TODO: đặt tên nhóm 1
C06077,13,3,2784400.0,928133.3333333334,2,0,TODO: đặt tên nhóm 2
C06078,4,4,3626750.0,906687.5,2,3,TODO: đặt tên nhóm 2
C06079,24,6,3647700.0,607950.0,2,3,TODO: đặt tên nhóm 2
C06080,199,3,3944650.0,1314883.3333333333,1,0,TODO: đặt tên nhóm 1
C06081,170,2,1294000.0,647000.0,1,0,TODO: đặt tên nhóm 1
C06082,52,3,1647200.0,549066.6666666666,2,0,TODO: đặt tên nhóm 2
C06083,67,7,9548700.0,1364100.0,3,1,TODO: đặt tên nhóm 3
C06084,22,1,531000.0,531000.0,2,0,TODO: đặt tên nhóm 2
C06085,30,4,6754800.0,1688700.0,3,1,TODO: đặt tên nhóm 3
C06086,157,2,2397400.0,1198700.0,1,0,TODO: đặt tên nhóm 1
C06087,156,4,1771000.0,442750.0,1,0,TODO: đặt tên nhóm 1
C06088,67,4,6153950.0,1538487.5,3,1,TODO: đặt tên nhóm 3
C06089,145,3,6430450.0,2143483.3333333335,3,1,TODO: đặt tên nhóm 3
C06090,187,1,2272000.0,2272000.0,3,1,TODO: đặt tên nhóm 3
C06091,21,5,6101200.0,1220240.0,2,3,TODO: đặt tên nhóm 2
C06092,10,3,1815900.0,605300.0,2,0,TODO: đặt tên nhóm 2
C06093,55,4,2274700.0,568675.0,2,0,TODO: đặt tên nhóm 2
C06094,29,3,3137000.0,1045666.6666666666,2,0,TODO: đặt tên nhóm 2
C06095,98,5,3136700.0,627340.0,1,3,TODO: đặt tên nhóm 1
C06096,25,4,8125700.0,2031425.0,3,1,TODO: đặt tên nhóm 3
C06097,13,6,4405100.0,734183.3333333334,2,3,TODO: đặt tên nhóm 2
C06098,68,5,5054700.0,1010940.0,2,3,TODO: đặt tên nhóm 2
C06099,94,4,4312200.0,1078050.0,2,3,TODO: đặt tên nhóm 2
C06100,41,1,944300.0,944300.0,2,0,TODO: đặt tên nhóm 2
C06101,109,3,2885900.0,961966.6666666666,1,0,TODO: đặt tên nhóm 1
C06102,307,1,2071000.0,2071000.0,3,1,TODO: đặt tên nhóm 3
C06103,243,2,4450800.0,2225400.0,3,1,TODO: đặt tên nhóm 3
C06104,25,5,6210750.0,1242150.0,2,3,TODO: đặt tên nhóm 2
C06105,206,2,2662000.0,1331000.0,1,0,TODO: đặt tên nhóm 1
C06106,14,2,1691000.0,845500.0,2,0,TODO: đặt tên nhóm 2
C06107,45,2,2405050.0,1202525.0,2,0,TODO: đặt tên nhóm 2
C06108,149,4,4025800.0,1006450.0,1,3,TODO: đặt tên nhóm 1
C06109,52,7,7223000.0,1031857.1428571428,2,3,TODO: đặt tên nhóm 2
C06110,34,1,498000.0,498000.0,2,0,TODO: đặt tên nhóm 2
C06111,144,3,5464000.0,1821333.3333333333,3,1,TODO: đặt tên nhóm 3
C06112,184,1,970000.0,970000.0,1,0,TODO: đặt tên nhóm 1
C06113,39,2,1694600.0,847300.0,2,0,TODO: đặt tên nhóm 2
C06114,11,6,5944400.0,990733.3333333334,2,3,TODO: đặt tên nhóm 2
C06115,61,4,2648400.0,662100.0,2,0,TODO: đặt tên nhóm 2
C06116,230,2,905200.0,452600.0,1,0,TODO: đặt tên nhóm 1
C06117,30,2,2805400.0,1402700.0,3,0,TODO: đặt tên nhóm 3
C06118,83,3,3410100.0,1136700.0,2,0,TODO: đặt tên nhóm 2
C06119,173,2,1924000.0,962000.0,1,0,TODO: đặt tên nhóm 1
C06121,98,4,607600.0,151900.0,1,0,TODO: đặt tên nhóm 1
C06122,174,4,5374450.0,1343612.5,1,1,TODO: đặt tên nhóm 1
C06123,11,4,4612600.0,1153150.0,2,3,TODO: đặt tên nhóm 2
C06124,99,3,2306750.0,768916.6666666666,1,0,TODO: đặt tên nhóm 1
C06125,19,2,890600.0,445300.0,2,0,TODO: đặt tên nhóm 2
C06126,26,6,4877400.0,812900.0,2,3,TODO: đặt tên nhóm 2
C06127,185,4,2692500.0,673125.0,1,0,TODO: đặt tên nhóm 1
C06128,36,2,1802000.0,901000.0,2,0,TODO: đặt tên nhóm 2
C06129,48,2,3720000.0,1860000.0,3,1,TODO: đặt tên nhóm 3
C06130,47,8,4114500.0,514312.5,2,2,TODO: đặt tên nhóm 2
C06131,38,3,2693700.0,897900.0,2,0,TODO: đặt tên nhóm 2
C06132,12,7,8107400.0,1158200.0,2,2,TODO: đặt tên nhóm 2
C06133,73,2,3976500.0,1988250.0,3,1,TODO: đặt tên nhóm 3
C06134,72,3,1613400.0,537800.0,2,0,TODO: đặt tên nhóm 2
C06135,35,2,2711000.0,1355500.0,2,0,TODO: đặt tên nhóm 2
C06136,164,1,154000.0,154000.0,1,0,TODO: đặt tên nhóm 1
C06138,27,2,2261950.0,1130975.0,2,0,TODO: đặt tên nhóm 2
C06139,55,2,1356000.0,678000.0,2,0,TODO: đặt tên nhóm 2
C06140,161,2,1580000.0,790000.0,1,0,TODO: đặt tên nhóm 1
C06141,158,3,597550.0,199183.33333333334,1,0,TODO: đặt tên nhóm 1
C06142,28,6,4918200.0,819700.0,2,3,TODO: đặt tên nhóm 2
C06143,4,4,4679050.0,1169762.5,2,3,TODO: đặt tên nhóm 2
C06144,190,2,3458000.0,1729000.0,1,1,TODO: đặt tên nhóm 1
C06145,111,2,2710650.0,1355325.0,1,0,TODO: đặt tên nhóm 1
C06146,19,4,3027250.0,756812.5,2,3,TODO: đặt tên nhóm 2
C06147,9,4,5181800.0,1295450.0,2,2,TODO: đặt tên nhóm 2
C06148,61,4,3244150.0,811037.5,2,3,TODO: đặt tên nhóm 2
C06149,4,5,3684250.0,736850.0,2,3,TODO: đặt tên nhóm 2
C06150,87,3,3479600.0,1159866.6666666667,2,0,TODO: đặt tên nhóm 2
C06151,7,4,4319700.0,1079925.0,2,3,TODO: đặt tên nhóm 2
C06152,23,8,7999600.0,999950.0,2,2,TODO: đặt tên nhóm 2
C06153,255,1,752000.0,752000.0,1,0,TODO: đặt tên nhóm 1
C06154,44,4,6316400.0,1579100.0,3,1,TODO: đặt tên nhóm 3
C06155,128,7,3141200.0,448742.85714285716,1,3,TODO: đặt tên nhóm 1
C06156,182,2,1665350.0,832675.0,1,0,TODO: đặt tên nhóm 1
C06157,45,5,3815250.0,763050.0,2,3,TODO: đặt tên nhóm 2
C06158,97,2,1248300.0,624150.0,1,0,TODO: đặt tên nhóm 1
C06159,228,2,680000.0,340000.0,1,0,TODO: đặt tên nhóm 1
C06160,70,3,3396200.0,1132066.6666666667,2,0,TODO: đặt tên nhóm 2
C06161,308,1,386000.0,386000.0,1,0,TODO: đặt tên nhóm 1
C06162,140,5,8071250.0,1614250.0,3,1,TODO: đặt tên nhóm 3
C06163,70,6,4993250.0,832208.3333333334,2,3,TODO: đặt tên nhóm 2
C06164,18,2,1028700.0,514350.0,2,0,TODO: đặt tên nhóm 2
C06165,4,7,5218500.0,745500.0,2,3,TODO: đặt tên nhóm 2
C06166,126,4,2492650.0,623162.5,1,0,TODO: đặt tên nhóm 1
C06167,57,5,4154050.0,830810.0,2,3,TODO: đặt tên nhóm 2
C06168,89,3,722950.0,240983.33333333334,1,0,TODO: đặt tên nhóm 1
C06169,40,5,4569650.0,913930.0,2,3,TODO: đặt tên nhóm 2
C06170,23,8,3170200.0,396275.0,2,2,TODO: đặt tên nhóm 2
C06171,13,2,2991800.0,1495900.0,3,0,TODO: đặt tên nhóm 3
C06172,47,6,6634907.0,1105817.8333333333,2,3,TODO: đặt tên nhóm 2
C06173,32,5,6962600.0,1392520.0,3,3,TODO: đặt tên nhóm 3
C06174,108,3,879000.0,293000.0,1,0,TODO: đặt tên nhóm 1
C06175,69,4,3167150.0,791787.5,2,3,TODO: đặt tên nhóm 2
C06176,147,3,787700.0,262566.6666666667,1,0,TODO: đặt tên nhóm 1
C06177,143,2,2490000.0,1245000.0,1,0,TODO: đặt tên nhóm 1
C06178,5,2,455000.0,227500.0,2,0,TODO: đặt tên nhóm 2
C06179,76,4,2128700.0,532175.0,2,0,TODO: đặt tên nhóm 2
C06180,5,3,2948500.0,982833.3333333334,2,0,TODO: đặt tên nhóm 2
C06181,8,2,4732000.0,2366000.0,3,1,TODO: đặt tên nhóm 3
C06182,51,1,962100.0,962100.0,2,0,TODO: đặt tên nhóm 2
C06183,287,1,183350.0,183350.0,1,0,TODO: đặt tên nhóm 1
C06184,181,1,600000.0,600000.0,1,0,TODO: đặt tên nhóm 1
C06185,75,5,5891100.0,1178220.0,3,3,TODO: đặt tên nhóm 3
C06186,35,4,6503100.0,1625775.0,3,1,TODO: đặt tên nhóm 3
C06187,127,6,3821450.0,636908.3333333334,1,3,TODO: đặt tên nhóm 1
C06188,19,3,4149100.0,1383033.3333333333,3,2,TODO: đặt tên nhóm 3
C06189,87,3,1540150.0,513383.3333333333,1,0,TODO: đặt tên nhóm 1
C06190,256,2,2274000.0,1137000.0,1,0,TODO: đặt tên nhóm 1
C06191,20,5,5804500.0,1160900.0,2,3,TODO: đặt tên nhóm 2
C06192,60,5,7471000.0,1494200.0,3,3,TODO: đặt tên nhóm 3
C06193,18,3,1610000.0,536666.6666666666,2,0,TODO: đặt tên nhóm 2
C06194,4,3,3631000.0,1210333.3333333333,2,0,TODO: đặt tên nhóm 2
C06195,13,5,4398100.0,879620.0,2,3,TODO: đặt tên nhóm 2
C06196,49,3,1788250.0,596083.3333333334,2,0,TODO: đặt tên nhóm 2
C06197,1,7,10120450.0,1445778.5714285714,3,2,TODO: đặt tên nhóm 3
C06198,3,5,4133600.0,826720.0,2,3,TODO: đặt tên nhóm 2
C06199,80,5,4742300.0,948460.0,2,3,TODO: đặt tên nhóm 2
C06200,258,1,771000.0,771000.0,1,0,TODO: đặt tên nhóm 1
C06201,78,2,1202400.0,601200.0,1,0,TODO: đặt tên nhóm 1
C06202,43,5,5925300.0,1185060.0,2,3,TODO: đặt tên nhóm 2
C06203,68,4,1356100.0,339025.0,2,0,TODO: đặt tên nhóm 2
C06204,111,1,486000.0,486000.0,1,0,TODO: đặt tên nhóm 1
C06205,62,5,14152914.446059234,2830582.889211847,3,1,TODO: đặt tên nhóm 3
C06206,92,4,6496400.0,1624100.0,3,1,TODO: đặt tên nhóm 3
C06207,142,6,10708000.0,1784666.6666666667,3,1,TODO: đặt tên nhóm 3
C06208,18,4,2775050.0,693762.5,2,0,TODO: đặt tên nhóm 2
C06209,76,3,3505150.0,1168383.3333333333,2,0,TODO: đặt tên nhóm 2
C06210,102,1,148750.0,148750.0,1,0,TODO: đặt tên nhóm 1
C06211,6,8,4537900.0,567237.5,2,2,TODO: đặt tên nhóm 2
C06212,43,4,4993550.0,1248387.5,2,3,TODO: đặt tên nhóm 2
C06213,1,6,2934500.0,489083.3333333333,2,3,TODO: đặt tên nhóm 2
C06214,10,9,7328100.0,814233.3333333334,2,2,TODO: đặt tên nhóm 2
C06215,14,1,525000.0,525000.0,2,0,TODO: đặt tên nhóm 2
C06216,103,3,3636900.0,1212300.0,1,0,TODO: đặt tên nhóm 1
C06217,75,4,8763700.0,2190925.0,3,1,TODO: đặt tên nhóm 3
C06218,124,2,3651042.0,1825521.0,3,1,TODO: đặt tên nhóm 3
C06219,7,6,7651200.0,1275200.0,3,3,TODO: đặt tên nhóm 3
C06220,120,3,2122300.0,707433.3333333334,1,0,TODO: đặt tên nhóm 1
C06221,125,2,2051200.0,1025600.0,1,0,TODO: đặt tên nhóm 1
C06222,35,5,4106600.0,821320.0,2,3,TODO: đặt tên nhóm 2
C06223,8,4,7324800.0,1831200.0,3,1,TODO: đặt tên nhóm 3
C06224,26,3,1213000.0,404333.3333333333,2,0,TODO: đặt tên nhóm 2
C06225,56,4,4584000.0,1146000.0,2,3,TODO: đặt tên nhóm 2
C06226,38,4,3080900.0,770225.0,2,3,TODO: đặt tên nhóm 2
C06227,11,3,4510047.0,1503349.0,3,2,TODO: đặt tên nhóm 3
C06228,175,1,721000.0,721000.0,1,0,TODO: đặt tên nhóm 1
C06229,90,3,3010050.0,1003350.0,1,0,TODO: đặt tên nhóm 1
C06230,29,1,1058000.0,1058000.0,2,2,TODO: đặt tên nhóm 2
C06231,136,3,1187000.0,395666.6666666667,1,0,TODO: đặt tên nhóm 1
C06232,88,2,2066000.0,1033000.0,1,0,TODO: đặt tên nhóm 1
C06233,42,6,5575650.0,929275.0,2,3,TODO: đặt tên nhóm 2
C06234,31,4,5466150.0,1366537.5,3,2,TODO: đặt tên nhóm 3
C06235,129,2,2423000.0,1211500.0,1,0,TODO: đặt tên nhóm 1
C06236,109,3,3547000.0,1182333.3333333333,1,0,TODO: đặt tên nhóm 1
C06237,3,6,6267750.0,1044625.0,2,3,TODO: đặt tên nhóm 2
C06238,122,2,1375000.0,687500.0,1,0,TODO: đặt tên nhóm 1
C06239,127,2,4177550.0,2088775.0,3,1,TODO: đặt tên nhóm 3
C06240,87,1,176000.0,176000.0,1,0,TODO: đặt tên nhóm 1
C06241,3,3,477300.0,159100.0,2,0,TODO: đặt tên nhóm 2
C06242,30,5,6283200.0,1256640.0,2,3,TODO: đặt tên nhóm 2
C06243,109,3,4304900.0,1434966.6666666667,3,1,TODO: đặt tên nhóm 3
C06244,201,2,495350.0,247675.0,1,0,TODO: đặt tên nhóm 1
C06245,36,6,3433700.0,572283.3333333334,2,3,TODO: đặt tên nhóm 2
C06246,84,1,182000.0,182000.0,1,0,TODO: đặt tên nhóm 1
C06247,62,2,2036850.0,1018425.0,2,0,TODO: đặt tên nhóm 2
C06248,139,2,889950.0,444975.0,1,0,TODO: đặt tên nhóm 1
C06249,6,3,2458700.0,819566.6666666666,2,0,TODO: đặt tên nhóm 2
C06250,8,4,2090000.0,522500.0,2,0,TODO: đặt tên nhóm 2
C06251,39,4,9394300.0,2348575.0,3,1,TODO: đặt tên nhóm 3
C06252,195,1,144000.0,144000.0,1,0,TODO: đặt tên nhóm 1
C06253,74,3,1903000.0,634333.3333333334,2,0,TODO: đặt tên nhóm 2
C06254,11,6,10206000.0,1701000.0,3,2,TODO: đặt tên nhóm 3
C06255,19,1,131750.0,131750.0,2,0,TODO: đặt tên nhóm 2
C06256,80,2,304000.0,152000.0,1,0,TODO: đặt tên nhóm 1
C06257,71,4,2244050.0,561012.5,2,0,TODO: đặt tên nhóm 2
C06258,31,5,2370500.0,474100.0,2,3,TODO: đặt tên nhóm 2
C06259,21,3,2559850.0,853283.3333333334,2,0,TODO: đặt tên nhóm 2
C06260,7,6,5767200.0,961200.0,2,3,TODO: đặt tên nhóm 2
C06261,42,2,331000.0,165500.0,2,0,TODO: đặt tên nhóm 2
C06262,204,2,2458600.0,1229300.0,1,0,TODO: đặt tên nhóm 1
C06263,24,3,2125000.0,708333.3333333334,2,0,TODO: đặt tên nhóm 2
C06264,23,6,11374600.0,1895766.6666666667,3,1,TODO: đặt tên nhóm 3
C06265,48,3,2138550.0,712850.0,2,0,TODO: đặt tên nhóm 2
C06266,28,5,9914600.0,1982920.0,3,1,TODO: đặt tên nhóm 3
C06267,34,6,3363050.0,560508.3333333334,2,3,TODO: đặt tên nhóm 2
C06268,201,2,495000.0,247500.0,1,0,TODO: đặt tên nhóm 1
C06269,22,4,10345450.0,2586362.5,3,1,TODO: đặt tên nhóm 3
C06270,13,6,3631600.0,605266.6666666666,2,3,TODO: đặt tên nhóm 2
C06271,22,3,1663200.0,554400.0,2,0,TODO: đặt tên nhóm 2
C06272,45,8,6940950.0,867618.75,2,3,TODO: đặt tên nhóm 2
C06273,59,6,6095450.0,1015908.3333333334,2,3,TODO: đặt tên nhóm 2
C06274,102,6,3096850.0,516141.6666666667,1,3,TODO: đặt tên nhóm 1
C06275,25,5,18579227.0,3715845.4,3,1,TODO: đặt tên nhóm 3
C06276,46,2,785600.0,392800.0,2,0,TODO: đặt tên nhóm 2
C06277,89,2,650800.0,325400.0,1,0,TODO: đặt tên nhóm 1
C06278,29,3,3647600.0,1215866.6666666667,2,0,TODO: đặt tên nhóm 2
C06279,136,5,2198300.0,439660.0,1,3,TODO: đặt tên nhóm 1
C06280,254,1,2350300.0,2350300.0,3,1,TODO: đặt tên nhóm 3
C06281,43,4,2999400.0,749850.0,2,3,TODO: đặt tên nhóm 2
C06282,55,5,5387950.0,1077590.0,2,3,TODO: đặt tên nhóm 2
C06283,181,1,1582000.0,1582000.0,1,1,TODO: đặt tên nhóm 1
C06284,135,3,987000.0,329000.0,1,0,TODO: đặt tên nhóm 1
C06285,125,1,825000.0,825000.0,1,0,TODO: đặt tên nhóm 1
C06286,91,3,5335400.0,1778466.6666666667,3,1,TODO: đặt tên nhóm 3
C06287,11,3,2286900.0,762300.0,2,0,TODO: đặt tên nhóm 2
C06288,44,5,1472450.0,294490.0,2,3,TODO: đặt tên nhóm 2
C06289,21,9,5275550.0,586172.2222222222,2,2,TODO: đặt tên nhóm 2
C06290,30,4,3701000.0,925250.0,2,3,TODO: đặt tên nhóm 2
C06291,162,1,3715000.0,3715000.0,3,1,TODO: đặt tên nhóm 3
C06292,43,4,2462000.0,615500.0,2,0,TODO: đặt tên nhóm 2
C06293,13,3,5572000.0,1857333.3333333333,3,1,TODO: đặt tên nhóm 3
C06295,117,2,3961000.0,1980500.0,3,1,TODO: đặt tên nhóm 3
C06296,206,2,5663000.0,2831500.0,3,1,TODO: đặt tên nhóm 3
C06297,53,5,3859600.0,771920.0,2,3,TODO: đặt tên nhóm 2
C06298,9,5,10535250.0,2107050.0,3,1,TODO: đặt tên nhóm 3
C06299,105,4,5399000.0,1349750.0,3,1,TODO: đặt tên nhóm 3
C06300,25,3,1645300.0,548433.3333333334,2,0,TODO: đặt tên nhóm 2
C06301,13,6,3596450.0,599408.3333333334,2,3,TODO: đặt tên nhóm 2
C06302,115,2,1914250.0,957125.0,1,0,TODO: đặt tên nhóm 1
C06303,77,6,31835341.0,5305890.166666667,3,1,TODO: đặt tên nhóm 3
C06304,5,1,710000.0,710000.0,2,0,TODO: đặt tên nhóm 2
C06305,6,3,3014000.0,1004666.6666666666,2,0,TODO: đặt tên nhóm 2
C06306,26,6,3815700.0,635950.0,2,3,TODO: đặt tên nhóm 2
C06307,33,1,736250.0,736250.0,2,0,TODO: đặt tên nhóm 2
C06308,60,7,25657987.0,3665426.714285714,3,1,TODO: đặt tên nhóm 3
C06309,19,4,1775100.0,443775.0,2,0,TODO: đặt tên nhóm 2
C06310,82,6,4917900.0,819650.0,2,3,TODO: đặt tên nhóm 2
C06311,176,3,2909000.0,969666.6666666666,1,0,TODO: đặt tên nhóm 1
C06312,20,3,6149400.0,2049800.0,3,1,TODO: đặt tên nhóm 3
C06313,95,5,3706200.0,741240.0,2,3,TODO: đặt tên nhóm 2
C06314,8,8,8841050.0,1105131.25,2,2,TODO: đặt tên nhóm 2
C06315,15,7,7934800.0,1133542.857142857,2,2,TODO: đặt tên nhóm 2
C06316,14,4,4215300.0,1053825.0,2,3,TODO: đặt tên nhóm 2
C06317,146,2,1158000.0,579000.0,1,0,TODO: đặt tên nhóm 1
C06318,202,3,2733650.0,911216.6666666666,1,0,TODO: đặt tên nhóm 1
C06319,86,5,6504200.0,1300840.0,3,3,TODO: đặt tên nhóm 3
C06320,23,2,1687900.0,843950.0,2,0,TODO: đặt tên nhóm 2
C06321,25,1,11892901.0,11892901.0,3,1,TODO: đặt tên nhóm 3
C06322,32,4,5673800.0,1418450.0,3,2,TODO: đặt tên nhóm 3
C06323,3,4,1716300.0,429075.0,2,0,TODO: đặt tên nhóm 2
C06324,10,4,7696050.0,1924012.5,3,1,TODO: đặt tên nhóm 3
C06325,112,2,1139600.0,569800.0,1,0,TODO: đặt tên nhóm 1
C06326,9,7,4526550.0,646650.0,2,3,TODO: đặt tên nhóm 2
C06328,62,2,523000.0,261500.0,2,0,TODO: đặt tên nhóm 2
C06329,20,4,2801900.0,700475.0,2,3,TODO: đặt tên nhóm 2
C06330,8,6,8232750.0,1372125.0,3,3,TODO: đặt tên nhóm 3
C06331,87,3,4037150.0,1345716.6666666667,3,0,TODO: đặt tên nhóm 3
C06332,122,2,3032650.0,1516325.0,3,0,TODO: đặt tên nhóm 3
C06333,117,3,4259000.0,1419666.6666666667,3,1,TODO: đặt tên nhóm 3
C06334,30,8,4175950.0,521993.75,2,2,TODO: đặt tên nhóm 2
C06335,39,4,3143000.0,785750.0,2,3,TODO: đặt tên nhóm 2
C06336,90,2,1669000.0,834500.0,1,0,TODO: đặt tên nhóm 1
C06337,14,6,6042900.0,1007150.0,2,3,TODO: đặt tên nhóm 2
C06338,228,2,326000.0,163000.0,1,0,TODO: đặt tên nhóm 1
C06339,78,3,4053000.0,1351000.0,3,0,TODO: đặt tên nhóm 3
C06341,20,5,2774600.0,554920.0,2,3,TODO: đặt tên nhóm 2
C06342,131,2,1108000.0,554000.0,1,0,TODO: đặt tên nhóm 1
C06343,153,2,1109950.0,554975.0,1,0,TODO: đặt tên nhóm 1
C06344,41,2,5274000.0,2637000.0,3,1,TODO: đặt tên nhóm 3
C06345,26,4,1411000.0,352750.0,2,0,TODO: đặt tên nhóm 2
C06346,45,5,4406600.0,881320.0,2,3,TODO: đặt tên nhóm 2
C06347,103,5,16609313.0,3321862.6,3,1,TODO: đặt tên nhóm 3
C06348,47,4,9886976.0,2471744.0,3,1,TODO: đặt tên nhóm 3
C06349,43,3,4378150.0,1459383.3333333333,3,2,TODO: đặt tên nhóm 3
C06350,70,2,1169000.0,584500.0,2,0,TODO: đặt tên nhóm 2
C06352,8,1,944000.0,944000.0,2,0,TODO: đặt tên nhóm 2
C06353,95,1,932000.0,932000.0,1,0,TODO: đặt tên nhóm 1
C06354,13,4,2626750.0,656687.5,2,0,TODO: đặt tên nhóm 2
C06355,6,7,2200700.0,314385.71428571426,2,2,TODO: đặt tên nhóm 2
C06356,103,1,1390600.0,1390600.0,1,1,TODO: đặt tên nhóm 1
C06357,4,5,7065050.0,1413010.0,3,3,TODO: đặt tên nhóm 3
C06358,18,9,5644500.0,627166.6666666666,2,2,TODO: đặt tên nhóm 2
C06359,48,2,2686000.0,1343000.0,2,0,TODO: đặt tên nhóm 2
C06360,56,1,1590000.0,1590000.0,3,1,TODO: đặt tên nhóm 3
C06361,72,3,8081200.0,2693733.3333333335,3,1,TODO: đặt tên nhóm 3
C06362,48,5,7396350.0,1479270.0,3,3,TODO: đặt tên nhóm 3
C06363,146,2,2538000.0,1269000.0,1,0,TODO: đặt tên nhóm 1
C06364,162,4,5795700.0,1448925.0,1,1,TODO: đặt tên nhóm 1
C06365,23,4,3347900.0,836975.0,2,3,TODO: đặt tên nhóm 2
C06366,124,2,1234450.0,617225.0,1,0,TODO: đặt tên nhóm 1
C06367,146,5,3883900.0,776780.0,1,3,TODO: đặt tên nhóm 1
C06368,143,1,950000.0,950000.0,1,0,TODO: đặt tên nhóm 1
C06369,20,6,3247450.0,541241.6666666666,2,3,TODO: đặt tên nhóm 2
C06370,41,4,1945200.0,486300.0,2,0,TODO: đặt tên nhóm 2
C06371,130,2,3191000.0,1595500.0,3,1,TODO: đặt tên nhóm 3
C06372,41,5,3473300.0,694660.0,2,3,TODO: đặt tên nhóm 2
C06373,67,4,868000.0,217000.0,2,0,TODO: đặt tên nhóm 2
C06374,54,2,4407000.0,2203500.0,3,1,TODO: đặt tên nhóm 3
C06375,25,5,4238200.0,847640.0,2,3,TODO: đặt tên nhóm 2
C06376,48,3,4679150.0,1559716.6666666667,3,1,TODO: đặt tên nhóm 3
C06378,16,3,1469050.0,489683.3333333333,2,0,TODO: đặt tên nhóm 2
C06379,306,1,660250.0,660250.0,1,0,TODO: đặt tên nhóm 1
C06380,11,7,7645500.0,1092214.2857142857,2,3,TODO: đặt tên nhóm 2
C06382,17,3,2105900.0,701966.6666666666,2,0,TODO: đặt tên nhóm 2
C06383,55,4,4175000.0,1043750.0,2,3,TODO: đặt tên nhóm 2
C06384,24,4,5946500.0,1486625.0,3,2,TODO: đặt tên nhóm 3
C06385,44,3,1279850.0,426616.6666666667,2,0,TODO: đặt tên nhóm 2
C06386,30,4,4785100.0,1196275.0,2,3,TODO: đặt tên nhóm 2
C06387,220,2,5596000.0,2798000.0,3,1,TODO: đặt tên nhóm 3
C06388,108,9,9794250.0,1088250.0,3,1,TODO: đặt tên nhóm 3
C06389,68,1,3551100.0,3551100.0,3,1,TODO: đặt tên nhóm 3
C06390,1,2,706000.0,353000.0,2,0,TODO: đặt tên nhóm 2
C06391,43,2,1002000.0,501000.0,2,0,TODO: đặt tên nhóm 2
C06392,29,4,1390000.0,347500.0,2,0,TODO: đặt tên nhóm 2
C06394,13,6,11967425.0,1994570.8333333333,3,1,TODO: đặt tên nhóm 3
C06395,286,1,3063000.0,3063000.0,3,1,TODO: đặt tên nhóm 3
C06396,35,6,5181400.0,863566.6666666666,2,3,TODO: đặt tên nhóm 2
C06397,162,1,149000.0,149000.0,1,0,TODO: đặt tên nhóm 1
C06398,9,1,570000.0,570000.0,2,0,TODO: đặt tên nhóm 2
C06399,180,3,1834100.0,611366.6666666666,1,0,TODO: đặt tên nhóm 1
C06400,34,1,160000.0,160000.0,2,0,TODO: đặt tên nhóm 2
C06401,79,4,3192650.0,798162.5,2,3,TODO: đặt tên nhóm 2
C06402,17,4,2831000.0,707750.0,2,3,TODO: đặt tên nhóm 2
C06403,57,5,6869500.0,1373900.0,3,3,TODO: đặt tên nhóm 3
C06404,143,1,1642000.0,1642000.0,1,1,TODO: đặt tên nhóm 1
C06405,81,2,3998000.0,1999000.0,3,1,TODO: đặt tên nhóm 3
C06406,3,6,3224650.0,537441.6666666666,2,3,TODO: đặt tên nhóm 2
C06407,19,1,572000.0,572000.0,2,0,TODO: đặt tên nhóm 2
C06408,55,2,1099000.0,549500.0,2,0,TODO: đặt tên nhóm 2
C06409,12,5,3050550.0,610110.0,2,3,TODO: đặt tên nhóm 2
C06410,109,6,3883500.0,647250.0,1,3,TODO: đặt tên nhóm 1
C06411,65,3,4887000.0,1629000.0,3,1,TODO: đặt tên nhóm 3
C06412,83,3,2417950.0,805983.3333333334,2,0,TODO: đặt tên nhóm 2
C06413,167,2,1015000.0,507500.0,1,0,TODO: đặt tên nhóm 1
C06414,295,1,143450.0,143450.0,1,0,TODO: đặt tên nhóm 1
C06415,12,4,1770000.0,442500.0,2,0,TODO: đặt tên nhóm 2
C06416,19,6,6754650.0,1125775.0,2,3,TODO: đặt tên nhóm 2
C06417,44,6,8856150.0,1476025.0,3,2,TODO: đặt tên nhóm 3
C06418,11,4,4242800.0,1060700.0,2,3,TODO: đặt tên nhóm 2
C06419,10,6,3595450.0,599241.6666666666,2,3,TODO: đặt tên nhóm 2
C06420,69,2,3911000.0,1955500.0,3,1,TODO: đặt tên nhóm 3
C06421,29,3,3264250.0,1088083.3333333333,2,0,TODO: đặt tên nhóm 2
C06422,50,5,7461200.0,1492240.0,3,3,TODO: đặt tên nhóm 3
C06423,26,4,4689050.0,1172262.5,2,3,TODO: đặt tên nhóm 2
C06424,70,3,1668000.0,556000.0,2,0,TODO: đặt tên nhóm 2
C06425,209,1,708050.0,708050.0,1,0,TODO: đặt tên nhóm 1
C06426,89,3,1904900.0,634966.6666666666,1,0,TODO: đặt tên nhóm 1
C06427,29,6,5975550.0,995925.0,2,3,TODO: đặt tên nhóm 2
C06428,74,2,3097050.0,1548525.0,3,0,TODO: đặt tên nhóm 3
C06429,23,4,5198500.0,1299625.0,2,2,TODO: đặt tên nhóm 2
C06430,101,2,3437250.0,1718625.0,3,1,TODO: đặt tên nhóm 3
C06431,99,2,4726500.0,2363250.0,3,1,TODO: đặt tên nhóm 3
C06432,24,4,15456676.0,3864169.0,3,1,TODO: đặt tên nhóm 3
C06433,189,2,6043300.0,3021650.0,3,1,TODO: đặt tên nhóm 3
C06435,38,2,351000.0,175500.0,2,0,TODO: đặt tên nhóm 2
C06436,12,3,2406600.0,802200.0,2,0,TODO: đặt tên nhóm 2
C06437,78,2,880300.0,440150.0,1,0,TODO: đặt tên nhóm 1
C06438,62,6,3223000.0,537166.6666666666,2,3,TODO: đặt tên nhóm 2
C06439,2,5,8621500.0,1724300.0,3,1,TODO: đặt tên nhóm 3
C06440,134,3,3722600.0,1240866.6666666667,1,0,TODO: đặt tên nhóm 1
C06441,9,4,2062900.0,515725.0,2,0,TODO: đặt tên nhóm 2
C06442,232,2,3345700.0,1672850.0,1,1,TODO: đặt tên nhóm 1
C06443,21,2,1425000.0,712500.0,2,0,TODO: đặt tên nhóm 2
C06444,16,8,9116500.0,1139562.5,2,2,TODO: đặt tên nhóm 2
C06445,72,6,8070780.0,1345130.0,3,3,TODO: đặt tên nhóm 3
C06446,18,4,14762317.0,3690579.25,3,1,TODO: đặt tên nhóm 3
C06447,131,3,1315200.0,438400.0,1,0,TODO: đặt tên nhóm 1
C06448,136,3,1927150.0,642383.3333333334,1,0,TODO: đặt tên nhóm 1
C06449,22,5,13139900.0,2627980.0,3,1,TODO: đặt tên nhóm 3
C06450,3,5,3329300.0,665860.0,2,3,TODO: đặt tên nhóm 2
C06451,34,4,1765950.0,441487.5,2,0,TODO: đặt tên nhóm 2
C06452,17,3,5235100.0,1745033.3333333333,3,1,TODO: đặt tên nhóm 3
C06453,212,4,12072573.0,3018143.25,3,1,TODO: đặt tên nhóm 3
C06454,38,3,2293650.0,764550.0,2,0,TODO: đặt tên nhóm 2
C06455,134,2,2922000.0,1461000.0,1,0,TODO: đặt tên nhóm 1
C06456,152,4,4128400.0,1032100.0,1,3,TODO: đặt tên nhóm 1
C06457,5,4,4369000.0,1092250.0,2,3,TODO: đặt tên nhóm 2
C06458,42,4,2433900.0,608475.0,2,0,TODO: đặt tên nhóm 2
C06459,137,3,1789200.0,596400.0,1,0,TODO: đặt tên nhóm 1
C06460,159,3,486000.0,162000.0,1,0,TODO: đặt tên nhóm 1
C06461,197,1,326000.0,326000.0,1,0,TODO: đặt tên nhóm 1
C06463,74,7,3940550.0,562935.7142857143,2,3,TODO: đặt tên nhóm 2
C06464,103,1,136800.0,136800.0,1,0,TODO: đặt tên nhóm 1
C06465,44,5,6551900.0,1310380.0,3,3,TODO: đặt tên nhóm 3
C06466,105,3,2903000.0,967666.6666666666,1,0,TODO: đặt tên nhóm 1
C06467,183,1,368000.0,368000.0,1,0,TODO: đặt tên nhóm 1
C06468,128,6,2411300.0,401883.3333333333,1,3,TODO: đặt tên nhóm 1
C06469,60,5,6986650.0,1397330.0,3,3,TODO: đặt tên nhóm 3
C06470,137,2,1006800.0,503400.0,1,0,TODO: đặt tên nhóm 1
C06471,53,5,3732400.0,746480.0,2,3,TODO: đặt tên nhóm 2
C06472,34,3,3181000.0,1060333.3333333333,2,0,TODO: đặt tên nhóm 2
C06473,33,2,641700.0,320850.0,2,0,TODO: đặt tên nhóm 2
C06474,80,5,4662500.0,932500.0,2,3,TODO: đặt tên nhóm 2
C06475,11,6,9459000.0,1576500.0,3,2,TODO: đặt tên nhóm 3
C06476,16,5,2568000.0,513600.0,2,3,TODO: đặt tên nhóm 2
C06477,78,4,2394250.0,598562.5,2,0,TODO: đặt tên nhóm 2
C06479,61,4,3130050.0,782512.5,2,3,TODO: đặt tên nhóm 2
C06480,150,6,4097100.0,682850.0,1,3,TODO: đặt tên nhóm 1
C06481,16,4,978600.0,244650.0,2,0,TODO: đặt tên nhóm 2
C06482,65,6,2899450.0,483241.6666666667,2,3,TODO: đặt tên nhóm 2
C06483,179,2,2346200.0,1173100.0,1,0,TODO: đặt tên nhóm 1
C06484,96,4,3544550.0,886137.5,1,3,TODO: đặt tên nhóm 1
C06485,75,6,6851200.0,1141866.6666666667,3,3,TODO: đặt tên nhóm 3
C06486,5,6,4611050.0,768508.3333333334,2,3,TODO: đặt tên nhóm 2
C06487,91,4,4890900.0,1222725.0,3,3,TODO: đặt tên nhóm 3
C06488,16,3,4113200.0,1371066.6666666667,2,2,TODO: đặt tên nhóm 2
C06489,135,3,3115100.0,1038366.6666666666,1,0,TODO: đặt tên nhóm 1
C06490,11,2,930000.0,465000.0,2,0,TODO: đặt tên nhóm 2
C06491,190,2,4094000.0,2047000.0,3,1,TODO: đặt tên nhóm 3
C06492,224,1,1590000.0,1590000.0,1,1,TODO: đặt tên nhóm 1
C06493,263,1,719100.0,719100.0,1,0,TODO: đặt tên nhóm 1
C06494,192,3,4596000.0,1532000.0,1,1,TODO: đặt tên nhóm 1
C06495,119,4,2781400.0,695350.0,1,0,TODO: đặt tên nhóm 1
C06496,152,4,2437150.0,609287.5,1,0,TODO: đặt tên nhóm 1
C06497,65,3,1825000.0,608333.3333333334,2,0,TODO: đặt tên nhóm 2
C06498,47,2,865800.0,432900.0,2,0,TODO: đặt tên nhóm 2
C06499,80,4,1651000.0,412750.0,2,0,TODO: đặt tên nhóm 2
C06501,238,1,892050.0,892050.0,1,0,TODO: đặt tên nhóm 1
C06502,170,2,1285650.0,642825.0,1,0,TODO: đặt tên nhóm 1
C06503,157,3,2747400.0,915800.0,1,0,TODO: đặt tên nhóm 1
C06504,11,3,3979000.0,1326333.3333333333,2,2,TODO: đặt tên nhóm 2
C06505,100,3,487000.0,162333.33333333334,1,0,TODO: đặt tên nhóm 1
C06506,99,5,2395650.0,479130.0,1,3,TODO: đặt tên nhóm 1
C06507,84,3,2428550.0,809516.6666666666,2,0,TODO: đặt tên nhóm 2
C06509,132,6,10963200.0,1827200.0,3,1,TODO: đặt tên nhóm 3
C06510,55,4,8338500.0,2084625.0,3,1,TODO: đặt tên nhóm 3
C06511,45,4,3437100.0,859275.0,2,3,TODO: đặt tên nhóm 2
C06512,66,5,5563150.0,1112630.0,2,3,TODO: đặt tên nhóm 2
C06513,115,2,3448200.0,1724100.0,3,1,TODO: đặt tên nhóm 3
C06514,7,4,4921600.0,1230400.0,2,3,TODO: đặt tên nhóm 2
C06515,13,6,6442000.0,1073666.6666666667,2,3,TODO: đặt tên nhóm 2
C06516,54,5,4519650.0,903930.0,2,3,TODO: đặt tên nhóm 2
C06517,3,5,6552400.0,1310480.0,2,3,TODO: đặt tên nhóm 2
C06518,122,2,1049900.0,524950.0,1,0,TODO: đặt tên nhóm 1
C06519,32,3,1473950.0,491316.6666666667,2,0,TODO: đặt tên nhóm 2
C06520,257,2,1543000.0,771500.0,1,0,TODO: đặt tên nhóm 1
C06521,86,2,806000.0,403000.0,1,0,TODO: đặt tên nhóm 1
C06522,126,2,265350.0,132675.0,1,0,TODO: đặt tên nhóm 1
C06523,66,4,4863000.0,1215750.0,2,3,TODO: đặt tên nhóm 2
C06524,185,2,2165050.0,1082525.0,1,0,TODO: đặt tên nhóm 1
C06525,2,3,6547000.0,2182333.3333333335,3,1,TODO: đặt tên nhóm 3
C06526,136,2,1117000.0,558500.0,1,0,TODO: đặt tên nhóm 1
C06527,8,3,2647900.0,882633.3333333334,2,0,TODO: đặt tên nhóm 2
C06528,68,3,4212850.0,1404283.3333333333,3,1,TODO: đặt tên nhóm 3
C06529,60,4,1945900.0,486475.0,2,0,TODO: đặt tên nhóm 2
C06530,143,1,158000.0,158000.0,1,0,TODO: đặt tên nhóm 1
C06531,35,1,1164000.0,1164000.0,2,2,TODO: đặt tên nhóm 2
C06532,112,5,8162350.0,1632470.0,3,1,TODO: đặt tên nhóm 3
C06533,172,1,3158750.0,3158750.0,3,1,TODO: đặt tên nhóm 3
C06534,23,7,9737500.0,1391071.4285714286,3,2,TODO: đặt tên nhóm 3
C06535,38,5,3553100.0,710620.0,2,3,TODO: đặt tên nhóm 2
C06536,121,4,3606050.0,901512.5,1,3,TODO: đặt tên nhóm 1
C06537,139,4,3174450.0,793612.5,1,0,TODO: đặt tên nhóm 1
C06538,152,2,1067700.0,533850.0,1,0,TODO: đặt tên nhóm 1
C06539,4,5,5368800.0,1073760.0,2,3,TODO: đặt tên nhóm 2
C06540,103,6,8328250.0,1388041.6666666667,3,3,TODO: đặt tên nhóm 3
C06542,45,3,1282950.0,427650.0,2,0,TODO: đặt tên nhóm 2
C06543,124,3,2417700.0,805900.0,1,0,TODO: đặt tên nhóm 1
C06544,7,5,6764700.0,1352940.0,3,3,TODO: đặt tên nhóm 3
C06545,85,4,1352250.0,338062.5,1,0,TODO: đặt tên nhóm 1
C06546,93,2,1633000.0,816500.0,1,0,TODO: đặt tên nhóm 1
C06547,254,3,5200400.0,1733466.6666666667,1,1,TODO: đặt tên nhóm 1
C06548,183,2,2182000.0,1091000.0,1,0,TODO: đặt tên nhóm 1
C06549,43,4,5680300.0,1420075.0,3,2,TODO: đặt tên nhóm 3
C06550,8,8,6115700.0,764462.5,2,3,TODO: đặt tên nhóm 2
C06551,42,7,6042550.0,863221.4285714285,2,3,TODO: đặt tên nhóm 2
C06552,14,4,7151300.0,1787825.0,3,1,TODO: đặt tên nhóm 3
C06553,125,4,2027400.0,506850.0,1,0,TODO: đặt tên nhóm 1
C06554,103,2,1501550.0,750775.0,1,0,TODO: đặt tên nhóm 1
C06555,27,5,2787000.0,557400.0,2,3,TODO: đặt tên nhóm 2
C06556,45,3,657800.0,219266.66666666666,2,0,TODO: đặt tên nhóm 2
C06557,31,2,3581600.0,1790800.0,3,1,TODO: đặt tên nhóm 3
C06558,187,3,5720050.0,1906683.3333333333,3,1,TODO: đặt tên nhóm 3
C06559,79,5,5850650.0,1170130.0,3,3,TODO: đặt tên nhóm 3
C06560,155,4,3031200.0,757800.0,1,0,TODO: đặt tên nhóm 1
C06561,40,4,6962400.0,1740600.0,3,1,TODO: đặt tên nhóm 3
C06562,161,3,916900.0,305633.3333333333,1,0,TODO: đặt tên nhóm 1
C06563,24,5,6287350.0,1257470.0,2,3,TODO: đặt tên nhóm 2
C06564,62,4,10250720.0,2562680.0,3,1,TODO: đặt tên nhóm 3
C06565,40,3,478850.0,159616.66666666666,2,0,TODO: đặt tên nhóm 2
C06567,193,3,5760000.0,1920000.0,3,1,TODO: đặt tên nhóm 3
C06568,173,4,3692200.0,923050.0,1,3,TODO: đặt tên nhóm 1
C06569,226,1,700000.0,700000.0,1,0,TODO: đặt tên nhóm 1
C06570,33,3,2161950.0,720650.0,2,0,TODO: đặt tên nhóm 2
C06571,5,6,7063850.0,1177308.3333333333,2,3,TODO: đặt tên nhóm 2
C06572,9,3,5843100.0,1947700.0,3,1,TODO: đặt tên nhóm 3
C06573,111,3,7021200.0,2340400.0,3,1,TODO: đặt tên nhóm 3
C06574,60,4,7711500.0,1927875.0,3,1,TODO: đặt tên nhóm 3
C06575,134,2,802250.0,401125.0,1,0,TODO: đặt tên nhóm 1
C06576,1,6,2148000.0,358000.0,2,3,TODO: đặt tên nhóm 2
C06577,40,4,9276750.0,2319187.5,3,1,TODO: đặt tên nhóm 3
C06578,100,3,3268200.0,1089400.0,1,0,TODO: đặt tên nhóm 1
C06579,74,6,8510000.0,1418333.3333333333,3,3,TODO: đặt tên nhóm 3
C06580,77,4,7566100.0,1891525.0,3,1,TODO: đặt tên nhóm 3
C06581,121,3,1548600.0,516200.0,1,0,TODO: đặt tên nhóm 1
C06582,41,2,400500.0,200250.0,2,0,TODO: đặt tên nhóm 2
C06584,252,1,654000.0,654000.0,1,0,TODO: đặt tên nhóm 1
C06585,57,2,1735800.0,867900.0,2,0,TODO: đặt tên nhóm 2
C06586,37,7,3842700.0,548957.1428571428,2,3,TODO: đặt tên nhóm 2
C06587,76,4,4514000.0,1128500.0,2,3,TODO: đặt tên nhóm 2
C06588,6,7,3565750.0,509392.85714285716,2,2,TODO: đặt tên nhóm 2
C06589,33,9,11632000.0,1292444.4444444445,0,2,TODO: đặt tên nhóm 0
C06590,27,6,9844913.0,1640818.8333333333,3,2,TODO: đặt tên nhóm 3
C06591,66,5,2224600.0,444920.0,2,3,TODO: đặt tên nhóm 2
C06592,113,3,5036763.0,1678921.0,3,1,TODO: đặt tên nhóm 3
C06593,85,6,3159250.0,526541.6666666666,2,3,TODO: đặt tên nhóm 2
C06594,39,3,1896700.0,632233.3333333334,2,0,TODO: đặt tên nhóm 2
C06595,39,4,2942550.0,735637.5,2,3,TODO: đặt tên nhóm 2
C06596,61,4,4746650.0,1186662.5,2,3,TODO: đặt tên nhóm 2
C06597,42,1,845000.0,845000.0,2,0,TODO: đặt tên nhóm 2
C06598,47,2,942000.0,471000.0,2,0,TODO: đặt tên nhóm 2
C06599,115,1,1930000.0,1930000.0,3,1,TODO: đặt tên nhóm 3
C06600,47,2,1107000.0,553500.0,2,0,TODO: đặt tên nhóm 2
C06601,45,1,2097600.0,2097600.0,3,1,TODO: đặt tên nhóm 3
C06602,242,1,2841000.0,2841000.0,3,1,TODO: đặt tên nhóm 3
C06603,105,3,1293000.0,431000.0,1,0,TODO: đặt tên nhóm 1
C06604,18,5,5626000.0,1125200.0,2,3,TODO: đặt tên nhóm 2
C06605,21,2,1116000.0,558000.0,2,0,TODO: đặt tên nhóm 2
C06606,71,4,4847000.0,1211750.0,2,3,TODO: đặt tên nhóm 2
C06608,126,2,1376000.0,688000.0,1,0,TODO: đặt tên nhóm 1
C06609,53,4,3557100.0,889275.0,2,3,TODO: đặt tên nhóm 2
C06610,43,5,6838350.0,1367670.0,3,3,TODO: đặt tên nhóm 3
C06611,30,3,5090550.0,1696850.0,3,1,TODO: đặt tên nhóm 3
C06612,61,4,7718358.0,1929589.5,3,1,TODO: đặt tên nhóm 3
C06613,67,5,3900500.0,780100.0,2,3,TODO: đặt tên nhóm 2
C06614,33,4,2980250.0,745062.5,2,3,TODO: đặt tên nhóm 2
C06615,23,5,5712800.0,1142560.0,2,3,TODO: đặt tên nhóm 2
C06616,6,7,7564900.0,1080700.0,2,3,TODO: đặt tên nhóm 2
C06617,37,3,1006000.0,335333.3333333333,2,0,TODO: đặt tên nhóm 2
C06618,233,1,1380000.0,1380000.0,1,1,TODO: đặt tên nhóm 1
C06619,103,2,514000.0,257000.0,1,0,TODO: đặt tên nhóm 1
C06620,47,8,5106700.0,638337.5,2,2,TODO: đặt tên nhóm 2
C06621,251,1,135850.0,135850.0,1,0,TODO: đặt tên nhóm 1
C06622,69,2,564250.0,282125.0,2,0,TODO: đặt tên nhóm 2
C06623,33,6,5786800.0,964466.6666666666,2,3,TODO: đặt tên nhóm 2
C06624,143,1,3892000.0,3892000.0,3,1,TODO: đặt tên nhóm 3
C06625,207,3,8849000.0,2949666.6666666665,3,1,TODO: đặt tên nhóm 3
C06626,51,4,3361900.0,840475.0,2,3,TODO: đặt tên nhóm 2
C06627,21,3,4982500.0,1660833.3333333333,3,1,TODO: đặt tên nhóm 3
C06628,62,4,3022550.0,755637.5,2,3,TODO: đặt tên nhóm 2
C06629,225,2,2062000.0,1031000.0,1,0,TODO: đặt tên nhóm 1
C06630,31,4,7598500.0,1899625.0,3,1,TODO: đặt tên nhóm 3
C06631,16,3,1816200.0,605400.0,2,0,TODO: đặt tên nhóm 2
C06632,49,3,1115000.0,371666.6666666667,2,0,TODO: đặt tên nhóm 2
C06633,69,4,2134900.0,533725.0,2,0,TODO: đặt tên nhóm 2
C06634,31,2,2342000.0,1171000.0,2,0,TODO: đặt tên nhóm 2
C06635,193,2,3876000.0,1938000.0,3,1,TODO: đặt tên nhóm 3
C06636,163,2,320000.0,160000.0,1,0,TODO: đặt tên nhóm 1
C06637,3,7,6189000.0,884142.8571428572,2,3,TODO: đặt tên nhóm 2
C06638,15,5,3792900.0,758580.0,2,3,TODO: đặt tên nhóm 2
C06639,39,2,2940000.0,1470000.0,3,0,TODO: đặt tên nhóm 3
C06640,134,2,2823400.0,1411700.0,1,0,TODO: đặt tên nhóm 1
C06641,141,2,1692000.0,846000.0,1,0,TODO: đặt tên nhóm 1
C06643,25,1,814300.0,814300.0,2,0,TODO: đặt tên nhóm 2
C06644,294,2,2409600.0,1204800.0,1,0,TODO: đặt tên nhóm 1
C06645,47,3,2110750.0,703583.3333333334,2,0,TODO: đặt tên nhóm 2
C06646,120,3,466400.0,155466.66666666666,1,0,TODO: đặt tên nhóm 1
C06647,92,2,2260000.0,1130000.0,1,0,TODO: đặt tên nhóm 1
C06648,34,2,594500.0,297250.0,2,0,TODO: đặt tên nhóm 2
C06649,33,3,2020200.0,673400.0,2,0,TODO: đặt tên nhóm 2
C06651,20,2,502000.0,251000.0,2,0,TODO: đặt tên nhóm 2
C06652,19,4,4141300.0,1035325.0,2,3,TODO: đặt tên nhóm 2
C06653,56,5,2312100.0,462420.0,2,3,TODO: đặt tên nhóm 2
C06654,153,1,730000.0,730000.0,1,0,TODO: đặt tên nhóm 1
C06655,107,1,2373000.0,2373000.0,3,1,TODO: đặt tên nhóm 3
C06656,23,4,3556000.0,889000.0,2,3,TODO: đặt tên nhóm 2
C06659,226,2,3084466.0,1542233.0,1,1,TODO: đặt tên nhóm 1
C06660,103,5,6229184.0,1245836.8,3,3,TODO: đặt tên nhóm 3
C06661,49,4,3890650.0,972662.5,2,3,TODO: đặt tên nhóm 2
C06663,6,2,690000.0,345000.0,2,0,TODO: đặt tên nhóm 2
C06664,10,5,5391150.0,1078230.0,2,3,TODO: đặt tên nhóm 2
C06665,153,1,168000.0,168000.0,1,0,TODO: đặt tên nhóm 1
C06666,26,5,4373800.0,874760.0,2,3,TODO: đặt tên nhóm 2
C06667,12,4,3117550.0,779387.5,2,3,TODO: đặt tên nhóm 2
C06668,39,6,7919600.0,1319933.3333333333,3,3,TODO: đặt tên nhóm 3
C06669,103,3,1245950.0,415316.6666666667,1,0,TODO: đặt tên nhóm 1
C06670,103,2,2987000.0,1493500.0,3,0,TODO: đặt tên nhóm 3
C06671,12,3,5228000.0,1742666.6666666667,3,1,TODO: đặt tên nhóm 3
C06672,22,6,8101400.0,1350233.3333333333,3,3,TODO: đặt tên nhóm 3
C06673,9,3,3273900.0,1091300.0,2,0,TODO: đặt tên nhóm 2
C06674,36,4,3396950.0,849237.5,2,3,TODO: đặt tên nhóm 2
C06675,51,1,2541000.0,2541000.0,3,1,TODO: đặt tên nhóm 3
C06676,58,5,5257000.0,1051400.0,2,3,TODO: đặt tên nhóm 2
C06677,51,4,1123700.0,280925.0,2,0,TODO: đặt tên nhóm 2
C06678,70,3,4529700.0,1509900.0,3,1,TODO: đặt tên nhóm 3
C06679,244,2,995000.0,497500.0,1,0,TODO: đặt tên nhóm 1
C06680,58,4,657450.0,164362.5,2,0,TODO: đặt tên nhóm 2
C06681,9,7,6202600.0,886085.7142857143,2,3,TODO: đặt tên nhóm 2
C06682,290,1,468350.0,468350.0,1,0,TODO: đặt tên nhóm 1
C06683,146,2,21153577.0,10576788.5,3,1,TODO: đặt tên nhóm 3
C06684,26,3,2200100.0,733366.6666666666,2,0,TODO: đặt tên nhóm 2
C06685,240,3,2059000.0,686333.3333333334,1,0,TODO: đặt tên nhóm 1
C06687,14,5,7191000.0,1438200.0,3,3,TODO: đặt tên nhóm 3
C06688,101,1,133000.0,133000.0,1,0,TODO: đặt tên nhóm 1
C06690,28,1,1283500.0,1283500.0,2,2,TODO: đặt tên nhóm 2
C06691,5,3,1324200.0,441400.0,2,0,TODO: đặt tên nhóm 2
C06692,30,6,9963900.0,1660650.0,3,2,TODO: đặt tên nhóm 3
C06693,146,2,503000.0,251500.0,1,0,TODO: đặt tên nhóm 1
C06694,121,3,1704300.0,568100.0,1,0,TODO: đặt tên nhóm 1
C06695,131,3,1802400.0,600800.0,1,0,TODO: đặt tên nhóm 1
C06696,139,1,800000.0,800000.0,1,0,TODO: đặt tên nhóm 1
C06697,67,4,2667900.0,666975.0,2,0,TODO: đặt tên nhóm 2
C06698,255,1,2133000.0,2133000.0,3,1,TODO: đặt tên nhóm 3
C06699,239,1,903450.0,903450.0,1,0,TODO: đặt tên nhóm 1
C06700,31,2,2919700.0,1459850.0,3,0,TODO: đặt tên nhóm 3
C06701,131,2,1012850.0,506425.0,1,0,TODO: đặt tên nhóm 1
C06703,41,4,2740000.0,685000.0,2,0,TODO: đặt tên nhóm 2
C06704,85,5,3455751.0,691150.2,2,3,TODO: đặt tên nhóm 2
C06705,52,3,1792450.0,597483.3333333334,2,0,TODO: đặt tên nhóm 2
C06706,49,4,3240400.0,810100.0,2,3,TODO: đặt tên nhóm 2
C06707,92,2,1541000.0,770500.0,1,0,TODO: đặt tên nhóm 1
C06708,3,5,6009900.0,1201980.0,2,3,TODO: đặt tên nhóm 2
C06709,171,1,1497200.0,1497200.0,1,1,TODO: đặt tên nhóm 1
C06710,34,3,1982000.0,660666.6666666666,2,0,TODO: đặt tên nhóm 2
C06712,6,4,1252400.0,313100.0,2,0,TODO: đặt tên nhóm 2
C06713,151,6,4418600.0,736433.3333333334,1,3,TODO: đặt tên nhóm 1
C06714,308,1,2093800.0,2093800.0,3,1,TODO: đặt tên nhóm 3
C06715,28,4,5293800.0,1323450.0,3,2,TODO: đặt tên nhóm 3
C06716,33,3,5607300.0,1869100.0,3,1,TODO: đặt tên nhóm 3
C06717,64,4,1798000.0,449500.0,2,0,TODO: đặt tên nhóm 2
C06718,146,2,695300.0,347650.0,1,0,TODO: đặt tên nhóm 1
C06719,54,7,7237500.0,1033928.5714285715,2,3,TODO: đặt tên nhóm 2
C06720,183,1,852300.0,852300.0,1,0,TODO: đặt tên nhóm 1
C06721,307,1,1405800.0,1405800.0,1,1,TODO: đặt tên nhóm 1
C06722,24,5,2449350.0,489870.0,2,3,TODO: đặt tên nhóm 2
C06723,48,3,2748000.0,916000.0,2,0,TODO: đặt tên nhóm 2
C06724,32,4,6812567.0,1703141.75,3,1,TODO: đặt tên nhóm 3
C06725,92,3,1419950.0,473316.6666666667,1,0,TODO: đặt tên nhóm 1
C06726,91,8,7274800.0,909350.0,2,3,TODO: đặt tên nhóm 2
C06727,72,5,4507000.0,901400.0,2,3,TODO: đặt tên nhóm 2
C06728,121,2,1134400.0,567200.0,1,0,TODO: đặt tên nhóm 1
C06729,177,2,2449000.0,1224500.0,1,0,TODO: đặt tên nhóm 1
C06731,39,1,153900.0,153900.0,2,0,TODO: đặt tên nhóm 2
C06733,8,2,2668100.0,1334050.0,2,0,TODO: đặt tên nhóm 2
C06734,208,1,3785000.0,3785000.0,3,1,TODO: đặt tên nhóm 3
C06735,246,2,879400.0,439700.0,1,0,TODO: đặt tên nhóm 1
C06736,8,3,1113750.0,371250.0,2,0,TODO: đặt tên nhóm 2
C06737,154,2,2321417.0,1160708.5,1,0,TODO: đặt tên nhóm 1
C06738,69,2,319250.0,159625.0,2,0,TODO: đặt tên nhóm 2
C06739,127,4,3826000.0,956500.0,1,3,TODO: đặt tên nhóm 1
C06740,6,2,2773000.0,1386500.0,2,0,TODO: đặt tên nhóm 2
C06741,168,2,2411450.0,1205725.0,1,0,TODO: đặt tên nhóm 1
C06742,24,5,4002150.0,800430.0,2,3,TODO: đặt tên nhóm 2
C06743,173,3,19929596.0,6643198.666666667,3,1,TODO: đặt tên nhóm 3
C06744,282,2,1492200.0,746100.0,1,0,TODO: đặt tên nhóm 1
C06745,146,5,5619450.0,1123890.0,1,3,TODO: đặt tên nhóm 1
C06746,149,4,6311548.0,1577887.0,3,1,TODO: đặt tên nhóm 3
C06747,259,2,2175550.0,1087775.0,1,0,TODO: đặt tên nhóm 1
C06748,223,2,2045700.0,1022850.0,1,0,TODO: đặt tên nhóm 1
C06749,54,5,7646900.0,1529380.0,3,3,TODO: đặt tên nhóm 3
C06750,86,9,8379000.0,931000.0,2,3,TODO: đặt tên nhóm 2
C06751,51,2,877000.0,438500.0,2,0,TODO: đặt tên nhóm 2
C06752,113,2,1959000.0,979500.0,1,0,TODO: đặt tên nhóm 1
C06753,66,5,3578100.0,715620.0,2,3,TODO: đặt tên nhóm 2
C06754,32,5,6080800.0,1216160.0,2,3,TODO: đặt tên nhóm 2
C06755,42,4,3451950.0,862987.5,2,3,TODO: đặt tên nhóm 2
C06756,112,3,4633900.0,1544633.3333333333,3,1,TODO: đặt tên nhóm 3
C06757,39,2,1686700.0,843350.0,2,0,TODO: đặt tên nhóm 2
C06758,225,4,5362600.0,1340650.0,1,1,TODO: đặt tên nhóm 1
C06759,228,2,3019000.0,1509500.0,1,0,TODO: đặt tên nhóm 1
C06760,55,5,3269350.0,653870.0,2,3,TODO: đặt tên nhóm 2
C06761,174,1,425000.0,425000.0,1,0,TODO: đặt tên nhóm 1
C06762,66,2,523500.0,261750.0,2,0,TODO: đặt tên nhóm 2
C06763,26,5,7424000.0,1484800.0,3,3,TODO: đặt tên nhóm 3
C06764,256,3,956100.0,318700.0,1,0,TODO: đặt tên nhóm 1
C06765,117,3,3477400.0,1159133.3333333333,1,0,TODO: đặt tên nhóm 1
C06766,69,2,689000.0,344500.0,2,0,TODO: đặt tên nhóm 2
C06767,15,6,6833700.0,1138950.0,2,3,TODO: đặt tên nhóm 2
C06768,108,1,561850.0,561850.0,1,0,TODO: đặt tên nhóm 1
C06769,126,6,9361700.0,1560283.3333333333,3,1,TODO: đặt tên nhóm 3
C06770,92,4,2679350.0,669837.5,1,0,TODO: đặt tên nhóm 1
C06771,19,3,2255000.0,751666.6666666666,2,0,TODO: đặt tên nhóm 2
C06772,187,1,1808000.0,1808000.0,1,1,TODO: đặt tên nhóm 1
C06773,168,3,1977000.0,659000.0,1,0,TODO: đặt tên nhóm 1
C06774,13,3,946000.0,315333.3333333333,2,0,TODO: đặt tên nhóm 2
C06775,55,2,1312000.0,656000.0,2,0,TODO: đặt tên nhóm 2
C06776,148,1,722000.0,722000.0,1,0,TODO: đặt tên nhóm 1
C06777,15,6,6878700.0,1146450.0,2,3,TODO: đặt tên nhóm 2
C06778,142,4,4519700.0,1129925.0,1,3,TODO: đặt tên nhóm 1
C06779,9,5,5117450.0,1023490.0,2,3,TODO: đặt tên nhóm 2
C06780,101,3,4375650.0,1458550.0,3,1,TODO: đặt tên nhóm 3
C06781,150,1,630900.0,630900.0,1,0,TODO: đặt tên nhóm 1
C06782,29,2,912400.0,456200.0,2,0,TODO: đặt tên nhóm 2
C06783,278,1,344000.0,344000.0,1,0,TODO: đặt tên nhóm 1
C06784,74,2,2417000.0,1208500.0,2,0,TODO: đặt tên nhóm 2
C06785,18,4,1798600.0,449650.0,2,0,TODO: đặt tên nhóm 2
C06786,154,2,419450.0,209725.0,1,0,TODO: đặt tên nhóm 1
C06787,85,2,1766900.0,883450.0,1,0,TODO: đặt tên nhóm 1
C06788,64,3,2886550.0,962183.3333333334,2,0,TODO: đặt tên nhóm 2
C06789,290,1,470250.0,470250.0,1,0,TODO: đặt tên nhóm 1
C06790,22,4,2996600.0,749150.0,2,3,TODO: đặt tên nhóm 2
C06791,228,2,2392500.0,1196250.0,1,0,TODO: đặt tên nhóm 1
C06792,26,2,1035000.0,517500.0,2,0,TODO: đặt tên nhóm 2
C06793,145,2,1421000.0,710500.0,1,0,TODO: đặt tên nhóm 1
C06794,120,2,4462600.0,2231300.0,3,1,TODO: đặt tên nhóm 3
C06795,5,3,2875600.0,958533.3333333334,2,0,TODO: đặt tên nhóm 2
C06796,23,5,2195200.0,439040.0,2,3,TODO: đặt tên nhóm 2
C06797,137,3,3432100.0,1144033.3333333333,1,0,TODO: đặt tên nhóm 1
C06798,20,7,9856623.0,1408089.0,3,2,TODO: đặt tên nhóm 3
C06799,54,3,1289450.0,429816.6666666667,2,0,TODO: đặt tên nhóm 2
C06800,230,4,7051700.0,1762925.0,3,1,TODO: đặt tên nhóm 3
C06801,7,3,958600.0,319533.3333333333,2,0,TODO: đặt tên nhóm 2
C06803,56,2,3266500.0,1633250.0,3,1,TODO: đặt tên nhóm 3
C06804,40,5,26093359.0,5218671.8,3,1,TODO: đặt tên nhóm 3
C06805,20,6,8739600.0,1456600.0,3,2,TODO: đặt tên nhóm 3
C06806,113,4,5612500.0,1403125.0,3,1,TODO: đặt tên nhóm 3
C06807,48,4,1705500.0,426375.0,2,0,TODO: đặt tên nhóm 2
C06808,120,3,2504500.0,834833.3333333334,1,0,TODO: đặt tên nhóm 1
C06809,32,3,1391700.0,463900.0,2,0,TODO: đặt tên nhóm 2
C06810,184,2,2822700.0,1411350.0,1,0,TODO: đặt tên nhóm 1
C06811,96,1,2162000.0,2162000.0,3,1,TODO: đặt tên nhóm 3
C06812,161,5,6217050.0,1243410.0,1,3,TODO: đặt tên nhóm 1
C06813,199,1,1962700.0,1962700.0,1,1,TODO: đặt tên nhóm 1
C06814,22,5,2167500.0,433500.0,2,3,TODO: đặt tên nhóm 2
C06815,54,3,1815250.0,605083.3333333334,2,0,TODO: đặt tên nhóm 2
C06816,46,5,4301300.0,860260.0,2,3,TODO: đặt tên nhóm 2
C06817,20,5,5771200.0,1154240.0,2,3,TODO: đặt tên nhóm 2
C06818,21,7,11362627.0,1623232.4285714286,3,2,TODO: đặt tên nhóm 3
C06819,133,3,2267900.0,755966.6666666666,1,0,TODO: đặt tên nhóm 1
C06820,2,5,2095650.0,419130.0,2,3,TODO: đặt tên nhóm 2
C06821,23,4,3759350.0,939837.5,2,3,TODO: đặt tên nhóm 2
C06822,261,1,1949400.0,1949400.0,1,1,TODO: đặt tên nhóm 1
C06823,34,6,6704400.0,1117400.0,2,3,TODO: đặt tên nhóm 2
C06824,2,12,9359350.0,779945.8333333334,0,2,TODO: đặt tên nhóm 0
C06825,62,4,2155900.0,538975.0,2,0,TODO: đặt tên nhóm 2
C06826,54,5,7153000.0,1430600.0,3,3,TODO: đặt tên nhóm 3
C06827,13,5,3687950.0,737590.0,2,3,TODO: đặt tên nhóm 2
C06828,5,3,1377000.0,459000.0,2,0,TODO: đặt tên nhóm 2
C06829,77,4,4322000.0,1080500.0,2,3,TODO: đặt tên nhóm 2
C06830,53,3,1259450.0,419816.6666666667,2,0,TODO: đặt tên nhóm 2
C06831,156,1,783700.0,783700.0,1,0,TODO: đặt tên nhóm 1
C06832,105,4,3658200.0,914550.0,1,3,TODO: đặt tên nhóm 1
C06833,21,5,3086900.0,617380.0,2,3,TODO: đặt tên nhóm 2
C06834,95,1,326400.0,326400.0,1,0,TODO: đặt tên nhóm 1
C06835,61,2,1475400.0,737700.0,2,0,TODO: đặt tên nhóm 2
C06836,48,7,9038150.0,1291164.2857142857,3,2,TODO: đặt tên nhóm 3
C06837,25,3,4816000.0,1605333.3333333333,3,1,TODO: đặt tên nhóm 3
C06838,127,5,4982400.0,996480.0,1,3,TODO: đặt tên nhóm 1
C06839,92,6,8491350.0,1415225.0,3,1,TODO: đặt tên nhóm 3
C06840,104,3,6513000.0,2171000.0,3,1,TODO: đặt tên nhóm 3
C06841,9,3,11318711.0,3772903.6666666665,3,1,TODO: đặt tên nhóm 3
C06842,6,3,841000.0,280333.3333333333,2,0,TODO: đặt tên nhóm 2
C06843,241,1,4176000.0,4176000.0,3,1,TODO: đặt tên nhóm 3
C06844,149,4,5942000.0,1485500.0,3,1,TODO: đặt tên nhóm 3
C06845,167,2,1822000.0,911000.0,1,0,TODO: đặt tên nhóm 1
C06846,39,4,5740800.0,1435200.0,3,2,TODO: đặt tên nhóm 3
C06847,301,1,524400.0,524400.0,1,0,TODO: đặt tên nhóm 1
C06848,41,4,2309850.0,577462.5,2,0,TODO: đặt tên nhóm 2
C06849,43,7,8045600.0,1149371.4285714286,2,2,TODO: đặt tên nhóm 2
C06850,123,4,1853700.0,463425.0,1,0,TODO: đặt tên nhóm 1
C06851,60,3,600300.0,200100.0,2,0,TODO: đặt tên nhóm 2
C06852,27,3,3932900.0,1310966.6666666667,2,2,TODO: đặt tên nhóm 2
C06853,59,4,2012850.0,503212.5,2,0,TODO: đặt tên nhóm 2
C06854,13,5,2794500.0,558900.0,2,3,TODO: đặt tên nhóm 2
C06855,222,1,626400.0,626400.0,1,0,TODO: đặt tên nhóm 1
C06856,151,2,424150.0,212075.0,1,0,TODO: đặt tên nhóm 1
C06857,40,8,16281283.0,2035160.375,3,1,TODO: đặt tên nhóm 3
C06858,10,3,1763900.0,587966.6666666666,2,0,TODO: đặt tên nhóm 2
C06859,101,1,1071000.0,1071000.0,1,0,TODO: đặt tên nhóm 1
C06860,2,4,5833450.0,1458362.5,3,2,TODO: đặt tên nhóm 3
C06861,29,4,5051950.0,1262987.5,2,2,TODO: đặt tên nhóm 2
C06862,43,4,2620700.0,655175.0,2,0,TODO: đặt tên nhóm 2
C06863,78,5,10139900.0,2027980.0,3,1,TODO: đặt tên nhóm 3
C06864,106,1,991000.0,991000.0,1,0,TODO: đặt tên nhóm 1
C06865,90,1,1442100.0,1442100.0,3,1,TODO: đặt tên nhóm 3
C06866,106,2,2171500.0,1085750.0,1,0,TODO: đặt tên nhóm 1
C06867,120,1,309600.0,309600.0,1,0,TODO: đặt tên nhóm 1
C06868,94,10,4559800.0,455980.0,2,1,TODO: đặt tên nhóm 2
C06869,199,1,266000.0,266000.0,1,0,TODO: đặt tên nhóm 1
C06870,139,2,1825300.0,912650.0,1,0,TODO: đặt tên nhóm 1
C06871,3,4,3722800.0,930700.0,2,3,TODO: đặt tên nhóm 2
C06872,82,2,685000.0,342500.0,1,0,TODO: đặt tên nhóm 1
C06873,59,6,6468938.0,1078156.3333333333,2,3,TODO: đặt tên nhóm 2
C06874,136,4,5867000.0,1466750.0,3,1,TODO: đặt tên nhóm 3
C06875,4,5,2922550.0,584510.0,2,3,TODO: đặt tên nhóm 2
C06876,177,1,919700.0,919700.0,1,0,TODO: đặt tên nhóm 1
C06877,89,4,4649100.0,1162275.0,2,3,TODO: đặt tên nhóm 2
C06878,34,3,972250.0,324083.3333333333,2,0,TODO: đặt tên nhóm 2
C06879,124,3,3534700.0,1178233.3333333333,1,0,TODO: đặt tên nhóm 1
C06880,137,3,3440400.0,1146800.0,1,0,TODO: đặt tên nhóm 1
C06881,7,2,346000.0,173000.0,2,0,TODO: đặt tên nhóm 2
C06882,57,5,6104000.0,1220800.0,3,3,TODO: đặt tên nhóm 3
C06883,311,1,243000.0,243000.0,1,0,TODO: đặt tên nhóm 1
C06884,102,2,2657000.0,1328500.0,1,0,TODO: đặt tên nhóm 1
C06885,104,3,2152300.0,717433.3333333334,1,0,TODO: đặt tên nhóm 1
C06886,52,5,6598100.0,1319620.0,3,3,TODO: đặt tên nhóm 3
C06887,56,2,2011200.0,1005600.0,2,0,TODO: đặt tên nhóm 2
C06888,26,6,6873550.0,1145591.6666666667,2,3,TODO: đặt tên nhóm 2
C06889,115,4,1305450.0,326362.5,1,0,TODO: đặt tên nhóm 1
C06890,65,2,2680150.0,1340075.0,3,0,TODO: đặt tên nhóm 3
C06891,220,1,374300.0,374300.0,1,0,TODO: đặt tên nhóm 1
C06892,180,3,4336000.0,1445333.3333333333,1,1,TODO: đặt tên nhóm 1
C06893,92,2,1586500.0,793250.0,1,0,TODO: đặt tên nhóm 1
C06894,56,4,3859700.0,964925.0,2,3,TODO: đặt tên nhóm 2
C06895,15,6,2883800.0,480633.3333333333,2,3,TODO: đặt tên nhóm 2
C06896,62,2,4722000.0,2361000.0,3,1,TODO: đặt tên nhóm 3
C06897,122,1,1836000.0,1836000.0,3,1,TODO: đặt tên nhóm 3
C06898,37,7,4725250.0,675035.7142857143,2,3,TODO: đặt tên nhóm 2
C06899,1,2,2076300.0,1038150.0,2,0,TODO: đặt tên nhóm 2
C06900,54,3,2815300.0,938433.3333333334,2,0,TODO: đặt tên nhóm 2
C06901,97,2,1975050.0,987525.0,1,0,TODO: đặt tên nhóm 1
C06902,49,3,1635500.0,545166.6666666666,2,0,TODO: đặt tên nhóm 2
C06903,34,5,7902350.0,1580470.0,3,3,TODO: đặt tên nhóm 3
C06904,80,5,4869700.0,973940.0,2,3,TODO: đặt tên nhóm 2
C06905,181,3,3011700.0,1003900.0,1,0,TODO: đặt tên nhóm 1
C06906,35,6,4138250.0,689708.3333333334,2,3,TODO: đặt tên nhóm 2
C06907,78,3,1360250.0,453416.6666666667,2,0,TODO: đặt tên nhóm 2
C06908,97,4,2290350.0,572587.5,1,0,TODO: đặt tên nhóm 1
C06909,97,4,2552200.0,638050.0,1,0,TODO: đặt tên nhóm 1
C06910,58,3,2512000.0,837333.3333333334,2,0,TODO: đặt tên nhóm 2
C06911,251,2,5499700.0,2749850.0,3,1,TODO: đặt tên nhóm 3
C06912,29,4,2483700.0,620925.0,2,0,TODO: đặt tên nhóm 2
C06913,94,2,1493650.0,746825.0,1,0,TODO: đặt tên nhóm 1
C06914,6,8,11293950.0,1411743.75,0,2,TODO: đặt tên nhóm 0
C06915,122,2,1413000.0,706500.0,1,0,TODO: đặt tên nhóm 1
C06916,27,4,6666350.0,1666587.5,3,1,TODO: đặt tên nhóm 3
C06917,44,2,2860450.0,1430225.0,3,0,TODO: đặt tên nhóm 3
C06918,292,1,1086000.0,1086000.0,1,0,TODO: đặt tên nhóm 1
C06919,17,2,550950.0,275475.0,2,0,TODO: đặt tên nhóm 2
C06920,54,5,2681400.0,536280.0,2,3,TODO: đặt tên nhóm 2
C06921,32,6,4396250.0,732708.3333333334,2,3,TODO: đặt tên nhóm 2
C06922,13,6,10098400.0,1683066.6666666667,3,2,TODO: đặt tên nhóm 3
C06923,157,6,6574200.0,1095700.0,1,3,TODO: đặt tên nhóm 1
C06924,189,4,2256500.0,564125.0,1,0,TODO: đặt tên nhóm 1
C06925,133,2,1779000.0,889500.0,1,0,TODO: đặt tên nhóm 1
C06926,227,2,1472600.0,736300.0,1,0,TODO: đặt tên nhóm 1
C06927,24,3,1449000.0,483000.0,2,0,TODO: đặt tên nhóm 2
C06928,72,1,944000.0,944000.0,2,0,TODO: đặt tên nhóm 2
C06929,47,3,3972400.0,1324133.3333333333,3,0,TODO: đặt tên nhóm 3
C06930,207,2,1816000.0,908000.0,1,0,TODO: đặt tên nhóm 1
C06931,78,5,3890900.0,778180.0,2,3,TODO: đặt tên nhóm 2
C06932,59,3,3565000.0,1188333.3333333333,2,0,TODO: đặt tên nhóm 2
C06933,97,1,185250.0,185250.0,1,0,TODO: đặt tên nhóm 1
C06934,55,4,2768500.0,692125.0,2,0,TODO: đặt tên nhóm 2
C06935,126,1,160650.0,160650.0,1,0,TODO: đặt tên nhóm 1
C06936,135,2,4728000.0,2364000.0,3,1,TODO: đặt tên nhóm 3
C06937,57,1,915000.0,915000.0,2,0,TODO: đặt tên nhóm 2
C06938,35,3,3143200.0,1047733.3333333334,2,0,TODO: đặt tên nhóm 2
C06939,234,2,4876000.0,2438000.0,3,1,TODO: đặt tên nhóm 3
C06940,74,4,5671350.0,1417837.5,3,1,TODO: đặt tên nhóm 3
C06941,17,1,380000.0,380000.0,2,0,TODO: đặt tên nhóm 2
C06942,45,2,2498000.0,1249000.0,2,0,TODO: đặt tên nhóm 2
C06943,14,5,3584750.0,716950.0,2,3,TODO: đặt tên nhóm 2
C06944,260,2,1272000.0,636000.0,1,0,TODO: đặt tên nhóm 1
C06945,143,4,4064350.0,1016087.5,1,3,TODO: đặt tên nhóm 1
C06946,56,1,171900.0,171900.0,2,0,TODO: đặt tên nhóm 2
C06947,10,5,5472350.0,1094470.0,2,3,TODO: đặt tên nhóm 2
C06948,115,3,1079000.0,359666.6666666667,1,0,TODO: đặt tên nhóm 1
C06949,56,4,7242850.0,1810712.5,3,1,TODO: đặt tên nhóm 3
C06950,26,5,5769600.0,1153920.0,2,3,TODO: đặt tên nhóm 2
C06951,107,2,2528000.0,1264000.0,1,0,TODO: đặt tên nhóm 1
C06952,2,2,930800.0,465400.0,2,0,TODO: đặt tên nhóm 2
C06954,175,3,3872850.0,1290950.0,1,0,TODO: đặt tên nhóm 1
C06955,288,1,686000.0,686000.0,1,0,TODO: đặt tên nhóm 1
C06956,263,3,1436350.0,478783.3333333333,1,0,TODO: đặt tên nhóm 1
C06957,235,2,1476000.0,738000.0,1,0,TODO: đặt tên nhóm 1
C06958,47,5,6429400.0,1285880.0,3,3,TODO: đặt tên nhóm 3
C06959,214,1,1164700.0,1164700.0,1,0,TODO: đặt tên nhóm 1
C06960,138,2,3236400.0,1618200.0,3,1,TODO: đặt tên nhóm 3
C06961,40,2,2614400.0,1307200.0,2,0,TODO: đặt tên nhóm 2
C06962,12,2,289800.0,144900.0,2,0,TODO: đặt tên nhóm 2
C06963,5,4,3631200.0,907800.0,2,3,TODO: đặt tên nhóm 2
C06964,41,2,2187000.0,1093500.0,2,0,TODO: đặt tên nhóm 2
C06965,47,6,3875850.0,645975.0,2,3,TODO: đặt tên nhóm 2
C06967,238,3,3787150.0,1262383.3333333333,1,0,TODO: đặt tên nhóm 1
C06968,178,1,3320000.0,3320000.0,3,1,TODO: đặt tên nhóm 3
C06969,116,1,999000.0,999000.0,1,0,TODO: đặt tên nhóm 1
C06970,273,1,277400.0,277400.0,1,0,TODO: đặt tên nhóm 1
C06971,170,2,1425000.0,712500.0,1,0,TODO: đặt tên nhóm 1
C06972,69,3,825000.0,275000.0,2,0,TODO: đặt tên nhóm 2
C06973,42,2,1776500.0,888250.0,2,0,TODO: đặt tên nhóm 2
C06974,81,4,1889700.0,472425.0,2,0,TODO: đặt tên nhóm 2
C06975,108,2,3331000.0,1665500.0,3,1,TODO: đặt tên nhóm 3
C06976,250,2,344450.0,172225.0,1,0,TODO: đặt tên nhóm 1
C06977,8,5,1717750.0,343550.0,2,3,TODO: đặt tên nhóm 2
C06978,73,6,7419300.0,1236550.0,3,3,TODO: đặt tên nhóm 3
C06979,40,2,332000.0,166000.0,2,0,TODO: đặt tên nhóm 2
C06980,8,4,1409500.0,352375.0,2,0,TODO: đặt tên nhóm 2
C06981,2,3,2365050.0,788350.0,2,0,TODO: đặt tên nhóm 2
C06982,65,1,619650.0,619650.0,2,0,TODO: đặt tên nhóm 2
C06983,211,3,3099000.0,1033000.0,1,0,TODO: đặt tên nhóm 1
C06984,128,4,4542000.0,1135500.0,1,3,TODO: đặt tên nhóm 1
C06985,49,4,2258000.0,564500.0,2,0,TODO: đặt tên nhóm 2
C06986,47,4,1538600.0,384650.0,2,0,TODO: đặt tên nhóm 2
C06987,9,3,4479900.0,1493300.0,3,2,TODO: đặt tên nhóm 3
C06988,186,3,742950.0,247650.0,1,0,TODO: đặt tên nhóm 1
C06989,22,5,6639900.0,1327980.0,3,3,TODO: đặt tên nhóm 3
C06990,256,2,4772000.0,2386000.0,3,1,TODO: đặt tên nhóm 3
C06991,68,1,640050.0,640050.0,2,0,TODO: đặt tên nhóm 2
C06992,16,6,6195100.0,1032516.6666666666,2,3,TODO: đặt tên nhóm 2
C06993,14,2,5993550.0,2996775.0,3,1,TODO: đặt tên nhóm 3
C06994,2,3,458000.0,152666.66666666666,2,0,TODO: đặt tên nhóm 2
C06995,157,1,323000.0,323000.0,1,0,TODO: đặt tên nhóm 1
C06996,61,3,2525100.0,841700.0,2,0,TODO: đặt tên nhóm 2
C06997,217,5,8739900.0,1747980.0,3,1,TODO: đặt tên nhóm 3
C07000,16,4,3486550.0,871637.5,2,3,TODO: đặt tên nhóm 2
C07001,175,2,1241400.0,620700.0,1,0,TODO: đặt tên nhóm 1
C07002,55,2,357450.0,178725.0,2,0,TODO: đặt tên nhóm 2
C07003,74,5,3224900.0,644980.0,2,3,TODO: đặt tên nhóm 2
C07004,183,3,2013600.0,671200.0,1,0,TODO: đặt tên nhóm 1
C07005,6,4,3566450.0,891612.5,2,3,TODO: đặt tên nhóm 2
C07006,81,5,3665900.0,733180.0,2,3,TODO: đặt tên nhóm 2
C07007,269,1,1353750.0,1353750.0,1,1,TODO: đặt tên nhóm 1
C07008,139,2,956400.0,478200.0,1,0,TODO: đặt tên nhóm 1
C07009,186,3,1076000.0,358666.6666666667,1,0,TODO: đặt tên nhóm 1
C07010,34,3,2477550.0,825850.0,2,0,TODO: đặt tên nhóm 2
C07011,114,3,5613150.0,1871050.0,3,1,TODO: đặt tên nhóm 3
C07012,3,3,1668250.0,556083.3333333334,2,0,TODO: đặt tên nhóm 2
C07013,78,1,291600.0,291600.0,1,0,TODO: đặt tên nhóm 1
C07014,44,5,1862750.0,372550.0,2,3,TODO: đặt tên nhóm 2
C07015,107,1,203000.0,203000.0,1,0,TODO: đặt tên nhóm 1
C07016,18,2,4675099.0,2337549.5,3,1,TODO: đặt tên nhóm 3
C07017,39,5,15479467.0,3095893.4,3,1,TODO: đặt tên nhóm 3
C07019,120,4,5586750.0,1396687.5,3,1,TODO: đặt tên nhóm 3
C07020,113,5,5777000.0,1155400.0,1,3,TODO: đặt tên nhóm 1
C07021,284,3,13448182.0,4482727.333333333,3,1,TODO: đặt tên nhóm 3
C07022,13,2,3024700.0,1512350.0,3,0,TODO: đặt tên nhóm 3
C07023,303,1,988000.0,988000.0,1,0,TODO: đặt tên nhóm 1
C07024,25,3,2353000.0,784333.3333333334,2,0,TODO: đặt tên nhóm 2
C07025,44,6,1437100.0,239516.66666666666,2,3,TODO: đặt tên nhóm 2
C07026,134,3,2762800.0,920933.3333333334,1,0,TODO: đặt tên nhóm 1
C07027,10,1,1071000.0,1071000.0,2,2,TODO: đặt tên nhóm 2
C07028,80,5,3924600.0,784920.0,2,3,TODO: đặt tên nhóm 2
C07029,51,2,3195000.0,1597500.0,3,1,TODO: đặt tên nhóm 3
C07030,281,1,152950.0,152950.0,1,0,TODO: đặt tên nhóm 1
C07031,210,3,3382000.0,1127333.3333333333,1,0,TODO: đặt tên nhóm 1
C07032,103,2,1028400.0,514200.0,1,0,TODO: đặt tên nhóm 1
C07033,66,5,3904200.0,780840.0,2,3,TODO: đặt tên nhóm 2
C07034,135,4,3347450.0,836862.5,1,3,TODO: đặt tên nhóm 1
C07035,26,2,1967000.0,983500.0,2,0,TODO: đặt tên nhóm 2
C07036,179,2,759800.0,379900.0,1,0,TODO: đặt tên nhóm 1
C07037,115,4,5109100.0,1277275.0,3,3,TODO: đặt tên nhóm 3
C07038,30,6,5849950.0,974991.6666666666,2,3,TODO: đặt tên nhóm 2
C07039,2,2,1048800.0,524400.0,2,0,TODO: đặt tên nhóm 2
C07040,98,5,5247200.0,1049440.0,2,3,TODO: đặt tên nhóm 2
C07041,77,2,4985550.0,2492775.0,3,1,TODO: đặt tên nhóm 3
C07042,14,4,2479200.0,619800.0,2,0,TODO: đặt tên nhóm 2
C07043,132,2,6970600.0,3485300.0,3,1,TODO: đặt tên nhóm 3
C07044,13,3,3951100.0,1317033.3333333333,2,2,TODO: đặt tên nhóm 2
C07045,68,6,3929250.0,654875.0,2,3,TODO: đặt tên nhóm 2
C07046,111,2,673000.0,336500.0,1,0,TODO: đặt tên nhóm 1
C07047,173,4,5586900.0,1396725.0,1,1,TODO: đặt tên nhóm 1
C07048,10,5,3094000.0,618800.0,2,3,TODO: đặt tên nhóm 2
C07049,126,1,289000.0,289000.0,1,0,TODO: đặt tên nhóm 1
C07050,143,4,4018900.0,1004725.0,1,3,TODO: đặt tên nhóm 1
C07052,39,1,161000.0,161000.0,2,0,TODO: đặt tên nhóm 2
C07053,69,2,1057000.0,528500.0,2,0,TODO: đặt tên nhóm 2
C07054,19,3,1357000.0,452333.3333333333,2,0,TODO: đặt tên nhóm 2
C07055,63,5,19394489.56669987,3878897.913339974,3,1,TODO: đặt tên nhóm 3
C07056,51,3,1696450.0,565483.3333333334,2,0,TODO: đặt tên nhóm 2
C07057,25,2,937000.0,468500.0,2,0,TODO: đặt tên nhóm 2
C07058,43,5,7766950.0,1553390.0,3,3,TODO: đặt tên nhóm 3
C07059,68,2,478950.0,239475.0,2,0,TODO: đặt tên nhóm 2
C07060,179,1,3084000.0,3084000.0,3,1,TODO: đặt tên nhóm 3
C07061,53,5,5101250.0,1020250.0,2,3,TODO: đặt tên nhóm 2
C07062,68,3,2535300.0,845100.0,2,0,TODO: đặt tên nhóm 2
C07063,51,3,12707034.17598361,4235678.058661203,3,1,TODO: đặt tên nhóm 3
C07065,102,4,5329000.0,1332250.0,3,1,TODO: đặt tên nhóm 3
C07066,249,2,985000.0,492500.0,1,0,TODO: đặt tên nhóm 1
C07067,247,2,1220550.0,610275.0,1,0,TODO: đặt tên nhóm 1
C07068,4,5,6047950.0,1209590.0,2,3,TODO: đặt tên nhóm 2
C07069,189,1,3026700.0,3026700.0,3,1,TODO: đặt tên nhóm 3
C07070,11,2,1120000.0,560000.0,2,0,TODO: đặt tên nhóm 2
C07071,198,1,790000.0,790000.0,1,0,TODO: đặt tên nhóm 1
C07072,10,8,11285050.0,1410631.25,3,2,TODO: đặt tên nhóm 3
C07073,134,1,1064950.0,1064950.0,1,0,TODO: đặt tên nhóm 1
C07074,5,8,5953400.0,744175.0,2,3,TODO: đặt tên nhóm 2
C07075,143,1,179550.0,179550.0,1,0,TODO: đặt tên nhóm 1
C07076,56,5,2932600.0,586520.0,2,3,TODO: đặt tên nhóm 2
C07077,222,2,1330000.0,665000.0,1,0,TODO: đặt tên nhóm 1
C07078,206,2,2104000.0,1052000.0,1,0,TODO: đặt tên nhóm 1
C07079,175,5,3563550.0,712710.0,1,3,TODO: đặt tên nhóm 1
C07080,4,4,2258000.0,564500.0,2,0,TODO: đặt tên nhóm 2
C07081,179,2,2373600.0,1186800.0,1,0,TODO: đặt tên nhóm 1
C07082,247,1,166000.0,166000.0,1,0,TODO: đặt tên nhóm 1
C07083,93,3,6525000.0,2175000.0,3,1,TODO: đặt tên nhóm 3
C07084,75,3,2876550.0,958850.0,2,0,TODO: đặt tên nhóm 2
C07085,28,3,9105000.0,3035000.0,3,1,TODO: đặt tên nhóm 3
C07086,266,2,334300.0,167150.0,1,0,TODO: đặt tên nhóm 1
C07087,32,3,1988600.0,662866.6666666666,2,0,TODO: đặt tên nhóm 2
C07088,107,4,4199800.0,1049950.0,1,3,TODO: đặt tên nhóm 1
C07089,201,2,476000.0,238000.0,1,0,TODO: đặt tên nhóm 1
C07090,250,1,716550.0,716550.0,1,0,TODO: đặt tên nhóm 1
C07091,11,3,977100.0,325700.0,2,0,TODO: đặt tên nhóm 2
C07092,298,1,196000.0,196000.0,1,0,TODO: đặt tên nhóm 1
C07093,27,6,3861400.0,643566.6666666666,2,3,TODO: đặt tên nhóm 2
C07094,255,2,3705600.0,1852800.0,1,1,TODO: đặt tên nhóm 1
C07095,66,3,3947000.0,1315666.6666666667,3,0,TODO: đặt tên nhóm 3
C07096,33,4,5603500.0,1400875.0,3,2,TODO: đặt tên nhóm 3
C07097,256,2,664750.0,332375.0,1,0,TODO: đặt tên nhóm 1
C07098,57,4,3558550.0,889637.5,2,3,TODO: đặt tên nhóm 2
C07099,24,3,1116400.0,372133.3333333333,2,0,TODO: đặt tên nhóm 2
C07100,24,3,18661807.0,6220602.333333333,3,1,TODO: đặt tên nhóm 3
C07101,55,8,12757709.0,1594713.625,3,1,TODO: đặt tên nhóm 3
C07102,181,1,909000.0,909000.0,1,0,TODO: đặt tên nhóm 1
C07103,156,2,1038000.0,519000.0,1,0,TODO: đặt tên nhóm 1
C07104,5,6,4334200.0,722366.6666666666,2,3,TODO: đặt tên nhóm 2
C07105,134,2,1005800.0,502900.0,1,0,TODO: đặt tên nhóm 1
C07106,100,3,6081100.0,2027033.3333333333,3,1,TODO: đặt tên nhóm 3
C07107,16,4,3485550.0,871387.5,2,3,TODO: đặt tên nhóm 2
C07108,50,2,1798000.0,899000.0,2,0,TODO: đặt tên nhóm 2
C07109,80,1,1335000.0,1335000.0,1,1,TODO: đặt tên nhóm 1
C07110,40,6,12476900.0,2079483.3333333333,3,1,TODO: đặt tên nhóm 3
C07111,83,3,1239350.0,413116.6666666667,1,0,TODO: đặt tên nhóm 1
C07112,49,3,1964250.0,654750.0,2,0,TODO: đặt tên nhóm 2
C07113,50,2,1888000.0,944000.0,2,0,TODO: đặt tên nhóm 2
C07114,284,1,350000.0,350000.0,1,0,TODO: đặt tên nhóm 1
C07115,47,3,4374000.0,1458000.0,3,1,TODO: đặt tên nhóm 3
C07116,20,2,1249900.0,624950.0,2,0,TODO: đặt tên nhóm 2
C07117,215,1,2197800.0,2197800.0,3,1,TODO: đặt tên nhóm 3
C07118,61,5,4486900.0,897380.0,2,3,TODO: đặt tên nhóm 2
C07119,46,4,5161750.0,1290437.5,3,3,TODO: đặt tên nhóm 3
C07120,23,4,3421500.0,855375.0,2,3,TODO: đặt tên nhóm 2
C07121,252,3,4206200.0,1402066.6666666667,1,1,TODO: đặt tên nhóm 1
C07122,33,2,1973000.0,986500.0,2,0,TODO: đặt tên nhóm 2
C07123,248,1,1301400.0,1301400.0,1,1,TODO: đặt tên nhóm 1
C07124,110,3,2365750.0,788583.3333333334,1,0,TODO: đặt tên nhóm 1
C07125,12,4,4270400.0,1067600.0,2,3,TODO: đặt tên nhóm 2
C07126,104,8,10024350.0,1253043.75,3,1,TODO: đặt tên nhóm 3
C07127,25,3,2703400.0,901133.3333333334,2,0,TODO: đặt tên nhóm 2
C07128,171,2,1464550.0,732275.0,1,0,TODO: đặt tên nhóm 1
C07129,66,3,1489800.0,496600.0,2,0,TODO: đặt tên nhóm 2
C07130,140,2,4588500.0,2294250.0,3,1,TODO: đặt tên nhóm 3
C07131,66,1,514000.0,514000.0,2,0,TODO: đặt tên nhóm 2
C07132,190,5,4106600.0,821320.0,1,3,TODO: đặt tên nhóm 1
C07133,58,5,4511200.0,902240.0,2,3,TODO: đặt tên nhóm 2
C07134,96,3,2933300.0,977766.6666666666,1,0,TODO: đặt tên nhóm 1
C07135,57,3,4433250.0,1477750.0,3,1,TODO: đặt tên nhóm 3
C07136,55,6,2483550.0,413925.0,2,3,TODO: đặt tên nhóm 2
C07138,259,1,845000.0,845000.0,1,0,TODO: đặt tên nhóm 1
C07139,153,2,1123200.0,561600.0,1,0,TODO: đặt tên nhóm 1
C07141,1,1,180000.0,180000.0,2,0,TODO: đặt tên nhóm 2
C07142,195,1,769000.0,769000.0,1,0,TODO: đặt tên nhóm 1
C07143,88,3,4312200.0,1437400.0,3,1,TODO: đặt tên nhóm 3
C07144,36,7,6363300.0,909042.8571428572,2,3,TODO: đặt tên nhóm 2
C07145,36,2,1745800.0,872900.0,2,0,TODO: đặt tên nhóm 2
C07146,82,4,4119300.0,1029825.0,2,3,TODO: đặt tên nhóm 2
C07147,25,2,488300.0,244150.0,2,0,TODO: đặt tên nhóm 2
C07148,129,2,2212200.0,1106100.0,1,0,TODO: đặt tên nhóm 1
C07149,41,3,3345850.0,1115283.3333333333,2,0,TODO: đặt tên nhóm 2
C07150,147,1,477850.0,477850.0,1,0,TODO: đặt tên nhóm 1
C07151,159,4,3825850.0,956462.5,1,3,TODO: đặt tên nhóm 1
C07153,18,8,9885600.0,1235700.0,3,2,TODO: đặt tên nhóm 3
C07154,68,4,13546676.0,3386669.0,3,1,TODO: đặt tên nhóm 3
C07155,145,3,2949400.0,983133.3333333334,1,0,TODO: đặt tên nhóm 1
C07156,133,4,12653465.0,3163366.25,3,1,TODO: đặt tên nhóm 3
C07157,2,1,774000.0,774000.0,2,0,TODO: đặt tên nhóm 2
C07158,33,3,3279800.0,1093266.6666666667,2,0,TODO: đặt tên nhóm 2
C07159,188,4,4238750.0,1059687.5,1,3,TODO: đặt tên nhóm 1
C07160,44,2,1978850.0,989425.0,2,0,TODO: đặt tên nhóm 2
C07161,25,5,20539925.0,4107985.0,3,1,TODO: đặt tên nhóm 3
C07162,96,2,1576400.0,788200.0,1,0,TODO: đặt tên nhóm 1
C07163,186,1,694450.0,694450.0,1,0,TODO: đặt tên nhóm 1
C07164,102,7,6001350.0,857335.7142857143,2,3,TODO: đặt tên nhóm 2
C07165,119,5,7723900.0,1544780.0,3,1,TODO: đặt tên nhóm 3
C07166,68,6,6142850.0,1023808.3333333334,2,3,TODO: đặt tên nhóm 2
C07167,273,1,865000.0,865000.0,1,0,TODO: đặt tên nhóm 1
C07168,26,3,3672200.0,1224066.6666666667,2,0,TODO: đặt tên nhóm 2
C07169,46,4,5558200.0,1389550.0,3,2,TODO: đặt tên nhóm 3
C07170,63,3,1859000.0,619666.6666666666,2,0,TODO: đặt tên nhóm 2
C07171,25,3,1813000.0,604333.3333333334,2,0,TODO: đặt tên nhóm 2
C07172,121,3,1576000.0,525333.3333333334,1,0,TODO: đặt tên nhóm 1
C07173,248,1,204000.0,204000.0,1,0,TODO: đặt tên nhóm 1
C07174,161,3,1933400.0,644466.6666666666,1,0,TODO: đặt tên nhóm 1
C07175,57,4,4480700.0,1120175.0,2,3,TODO: đặt tên nhóm 2
C07176,14,4,4411000.0,1102750.0,2,3,TODO: đặt tên nhóm 2
C07177,130,2,850400.0,425200.0,1,0,TODO: đặt tên nhóm 1
C07179,111,2,14575857.0,7287928.5,3,1,TODO: đặt tên nhóm 3
C07180,12,4,4145000.0,1036250.0,2,3,TODO: đặt tên nhóm 2
C07181,17,4,2319350.0,579837.5,2,0,TODO: đặt tên nhóm 2
C07182,237,1,1736000.0,1736000.0,1,1,TODO: đặt tên nhóm 1
C07183,58,2,824900.0,412450.0,2,0,TODO: đặt tên nhóm 2
C07184,29,3,3099600.0,1033200.0,2,0,TODO: đặt tên nhóm 2
C07186,18,6,8447400.0,1407900.0,3,2,TODO: đặt tên nhóm 3
C07187,68,2,1309750.0,654875.0,2,0,TODO: đặt tên nhóm 2
C07188,48,5,3552850.0,710570.0,2,3,TODO: đặt tên nhóm 2
C07189,73,4,7308000.0,1827000.0,3,1,TODO: đặt tên nhóm 3
C07190,57,3,1104000.0,368000.0,2,0,TODO: đặt tên nhóm 2
C07191,55,2,1755600.0,877800.0,2,0,TODO: đặt tên nhóm 2
C07192,12,4,6164000.0,1541000.0,3,2,TODO: đặt tên nhóm 3
C07193,82,4,829900.0,207475.0,2,0,TODO: đặt tên nhóm 2
C07194,57,4,6660550.0,1665137.5,3,1,TODO: đặt tên nhóm 3
C07195,121,4,4826200.0,1206550.0,1,3,TODO: đặt tên nhóm 1
C07196,76,2,2309700.0,1154850.0,2,0,TODO: đặt tên nhóm 2
C07197,104,4,5554000.0,1388500.0,3,1,TODO: đặt tên nhóm 3
C07198,54,2,1284900.0,642450.0,2,0,TODO: đặt tên nhóm 2
C07199,44,4,3297200.0,824300.0,2,3,TODO: đặt tên nhóm 2
C07200,89,3,5052550.0,1684183.3333333333,3,1,TODO: đặt tên nhóm 3
C07201,12,7,5990400.0,855771.4285714285,2,3,TODO: đặt tên nhóm 2
C07202,117,3,5719000.0,1906333.3333333333,3,1,TODO: đặt tên nhóm 3
C07203,237,1,1936000.0,1936000.0,1,1,TODO: đặt tên nhóm 1
C07204,53,3,2432400.0,810800.0,2,0,TODO: đặt tên nhóm 2
C07205,8,4,2740150.0,685037.5,2,0,TODO: đặt tên nhóm 2
C07206,164,3,3938100.0,1312700.0,1,0,TODO: đặt tên nhóm 1
C07207,14,4,3748800.0,937200.0,2,3,TODO: đặt tên nhóm 2
C07208,139,5,2322400.0,464480.0,1,3,TODO: đặt tên nhóm 1
C07209,129,2,1618700.0,809350.0,1,0,TODO: đặt tên nhóm 1
C07210,19,2,3615000.0,1807500.0,3,1,TODO: đặt tên nhóm 3
C07211,127,2,1245000.0,622500.0,1,0,TODO: đặt tên nhóm 1
C07212,27,3,2975400.0,991800.0,2,0,TODO: đặt tên nhóm 2
C07213,57,4,4630000.0,1157500.0,2,3,TODO: đặt tên nhóm 2
C07214,39,2,975000.0,487500.0,2,0,TODO: đặt tên nhóm 2
C07215,26,2,2440950.0,1220475.0,2,0,TODO: đặt tên nhóm 2
C07216,62,2,2110900.0,1055450.0,2,0,TODO: đặt tên nhóm 2
C07217,147,2,1348900.0,674450.0,1,0,TODO: đặt tên nhóm 1
C07218,200,2,1262000.0,631000.0,1,0,TODO: đặt tên nhóm 1
C07219,3,2,3600600.0,1800300.0,3,1,TODO: đặt tên nhóm 3
C07220,10,2,692300.0,346150.0,2,0,TODO: đặt tên nhóm 2
C07221,76,5,13621836.411123848,2724367.2822247697,3,1,TODO: đặt tên nhóm 3
C07222,83,1,340000.0,340000.0,1,0,TODO: đặt tên nhóm 1
C07223,118,4,7102800.0,1775700.0,3,1,TODO: đặt tên nhóm 3
C07224,17,3,776250.0,258750.0,2,0,TODO: đặt tên nhóm 2
C07225,29,5,2910300.0,582060.0,2,3,TODO: đặt tên nhóm 2
C07226,14,5,2736800.0,547360.0,2,3,TODO: đặt tên nhóm 2
C07227,60,4,3173350.0,793337.5,2,3,TODO: đặt tên nhóm 2
C07228,1,1,694000.0,694000.0,2,0,TODO: đặt tên nhóm 2
C07229,175,1,1642000.0,1642000.0,1,1,TODO: đặt tên nhóm 1
C07230,49,4,4923150.0,1230787.5,2,3,TODO: đặt tên nhóm 2
C07231,23,3,1416250.0,472083.3333333333,2,0,TODO: đặt tên nhóm 2
C07232,24,5,6432068.0,1286413.6,3,3,TODO: đặt tên nhóm 3
C07233,283,1,154800.0,154800.0,1,0,TODO: đặt tên nhóm 1
C07234,73,3,3264000.0,1088000.0,2,0,TODO: đặt tên nhóm 2
C07235,70,3,1490250.0,496750.0,2,0,TODO: đặt tên nhóm 2
C07236,82,4,3756000.0,939000.0,2,3,TODO: đặt tên nhóm 2
C07237,24,3,1774900.0,591633.3333333334,2,0,TODO: đặt tên nhóm 2
C07238,51,3,7587700.0,2529233.3333333335,3,1,TODO: đặt tên nhóm 3
C07239,38,4,3184450.0,796112.5,2,3,TODO: đặt tên nhóm 2
C07240,22,2,795450.0,397725.0,2,0,TODO: đặt tên nhóm 2
C07241,165,2,2278000.0,1139000.0,1,0,TODO: đặt tên nhóm 1
C07242,46,1,785400.0,785400.0,2,0,TODO: đặt tên nhóm 2
C07243,84,1,2988000.0,2988000.0,3,1,TODO: đặt tên nhóm 3
C07244,17,2,943200.0,471600.0,2,0,TODO: đặt tên nhóm 2
C07245,58,1,151050.0,151050.0,2,0,TODO: đặt tên nhóm 2
C07246,50,5,4080000.0,816000.0,2,3,TODO: đặt tên nhóm 2
C07247,124,2,678000.0,339000.0,1,0,TODO: đặt tên nhóm 1
C07248,46,5,7100200.0,1420040.0,3,3,TODO: đặt tên nhóm 3
C07249,284,1,1832000.0,1832000.0,1,1,TODO: đặt tên nhóm 1
C07251,46,2,3296000.0,1648000.0,3,1,TODO: đặt tên nhóm 3
C07252,22,7,6795850.0,970835.7142857143,2,3,TODO: đặt tên nhóm 2
C07253,116,4,6441900.0,1610475.0,3,1,TODO: đặt tên nhóm 3
C07254,177,2,1628650.0,814325.0,1,0,TODO: đặt tên nhóm 1
C07255,8,4,3298050.0,824512.5,2,3,TODO: đặt tên nhóm 2
C07256,84,2,5531850.0,2765925.0,3,1,TODO: đặt tên nhóm 3
C07257,25,5,4899850.0,979970.0,2,3,TODO: đặt tên nhóm 2
C07258,16,4,3392000.0,848000.0,2,3,TODO: đặt tên nhóm 2
C07259,54,2,1311700.0,655850.0,2,0,TODO: đặt tên nhóm 2
C07260,51,5,7708471.0,1541694.2,3,3,TODO: đặt tên nhóm 3
C07261,12,2,2314000.0,1157000.0,2,0,TODO: đặt tên nhóm 2
C07262,15,5,5719900.0,1143980.0,2,3,TODO: đặt tên nhóm 2
C07263,17,7,4631250.0,661607.1428571428,2,3,TODO: đặt tên nhóm 2
C07264,69,5,3869850.0,773970.0,2,3,TODO: đặt tên nhóm 2
C07265,65,3,758200.0,252733.33333333334,2,0,TODO: đặt tên nhóm 2
C07266,33,3,3262900.0,1087633.3333333333,2,0,TODO: đặt tên nhóm 2
C07267,122,2,966000.0,483000.0,1,0,TODO: đặt tên nhóm 1
C07268,100,2,1322000.0,661000.0,1,0,TODO: đặt tên nhóm 1
C07269,94,4,4951800.0,1237950.0,3,3,TODO: đặt tên nhóm 3
C07270,174,3,1310950.0,436983.3333333333,1,0,TODO: đặt tên nhóm 1
C07271,92,6,6910400.0,1151733.3333333333,3,3,TODO: đặt tên nhóm 3
C07272,102,3,1222550.0,407516.6666666667,1,0,TODO: đặt tên nhóm 1
C07273,304,1,332000.0,332000.0,1,0,TODO: đặt tên nhóm 1
C07274,136,5,11914200.0,2382840.0,3,1,TODO: đặt tên nhóm 3
C07275,47,1,2379000.0,2379000.0,3,1,TODO: đặt tên nhóm 3
C07276,124,1,856000.0,856000.0,1,0,TODO: đặt tên nhóm 1
C07277,85,9,6931200.0,770133.3333333334,2,3,TODO: đặt tên nhóm 2
C07278,83,3,1990800.0,663600.0,2,0,TODO: đặt tên nhóm 2
C07279,186,4,6871200.0,1717800.0,3,1,TODO: đặt tên nhóm 3
C07280,104,2,4296400.0,2148200.0,3,1,TODO: đặt tên nhóm 3
C07281,136,6,9704900.0,1617483.3333333333,3,1,TODO: đặt tên nhóm 3
C07282,3,4,2918500.0,729625.0,2,3,TODO: đặt tên nhóm 2
C07283,63,2,2825300.0,1412650.0,3,0,TODO: đặt tên nhóm 3
C07284,107,1,179000.0,179000.0,1,0,TODO: đặt tên nhóm 1
C07285,134,4,2153750.0,538437.5,1,0,TODO: đặt tên nhóm 1
C07286,55,6,4576450.0,762741.6666666666,2,3,TODO: đặt tên nhóm 2
C07287,182,1,438900.0,438900.0,1,0,TODO: đặt tên nhóm 1
C07289,100,3,3241900.0,1080633.3333333333,1,0,TODO: đặt tên nhóm 1
C07290,138,2,975550.0,487775.0,1,0,TODO: đặt tên nhóm 1
C07292,57,3,1258900.0,419633.3333333333,2,0,TODO: đặt tên nhóm 2
C07293,122,5,4196100.0,839220.0,1,3,TODO: đặt tên nhóm 1
C07294,36,6,4786450.0,797741.6666666666,2,3,TODO: đặt tên nhóm 2
C07295,16,4,3187550.0,796887.5,2,3,TODO: đặt tên nhóm 2
C07296,76,4,5478750.0,1369687.5,3,1,TODO: đặt tên nhóm 3
C07297,26,5,6677000.0,1335400.0,3,3,TODO: đặt tên nhóm 3
C07298,247,1,5255000.0,5255000.0,3,1,TODO: đặt tên nhóm 3
C07299,264,1,167000.0,167000.0,1,0,TODO: đặt tên nhóm 1
C07300,35,4,1938750.0,484687.5,2,0,TODO: đặt tên nhóm 2
C07301,53,3,3807900.0,1269300.0,2,0,TODO: đặt tên nhóm 2
C07302,32,3,3921200.0,1307066.6666666667,2,2,TODO: đặt tên nhóm 2
C07303,58,2,1113000.0,556500.0,2,0,TODO: đặt tên nhóm 2
C07304,29,2,4025800.0,2012900.0,3,1,TODO: đặt tên nhóm 3
C07305,13,2,2144000.0,1072000.0,2,0,TODO: đặt tên nhóm 2
C07306,53,1,688500.0,688500.0,2,0,TODO: đặt tên nhóm 2
C07308,42,3,1168500.0,389500.0,2,0,TODO: đặt tên nhóm 2
C07309,238,2,2404450.0,1202225.0,1,0,TODO: đặt tên nhóm 1
C07310,2,3,1116750.0,372250.0,2,0,TODO: đặt tên nhóm 2
C07311,27,3,4040800.0,1346933.3333333333,2,2,TODO: đặt tên nhóm 2
C07312,49,7,7542500.0,1077500.0,2,3,TODO: đặt tên nhóm 2
C07313,17,5,3820050.0,764010.0,2,3,TODO: đặt tên nhóm 2
C07314,217,1,1125000.0,1125000.0,1,0,TODO: đặt tên nhóm 1
C07315,64,5,2722300.0,544460.0,2,3,TODO: đặt tên nhóm 2
C07316,22,5,2185350.0,437070.0,2,3,TODO: đặt tên nhóm 2
C07317,42,3,2934000.0,978000.0,2,0,TODO: đặt tên nhóm 2
C07318,13,5,2999300.0,599860.0,2,3,TODO: đặt tên nhóm 2
C07319,39,4,3853150.0,963287.5,2,3,TODO: đặt tên nhóm 2
C07320,106,3,4153350.0,1384450.0,3,0,TODO: đặt tên nhóm 3
C07321,55,3,927400.0,309133.3333333333,2,0,TODO: đặt tên nhóm 2
C07322,1,3,5323400.0,1774466.6666666667,3,1,TODO: đặt tên nhóm 3
C07323,2,1,316000.0,316000.0,2,0,TODO: đặt tên nhóm 2
C07325,17,4,4197900.0,1049475.0,2,3,TODO: đặt tên nhóm 2
C07326,10,4,5024981.0,1256245.25,2,2,TODO: đặt tên nhóm 2
C07327,26,3,14729100.810927393,4909700.270309131,3,1,TODO: đặt tên nhóm 3
C07328,14,5,3391850.0,678370.0,2,3,TODO: đặt tên nhóm 2
C07329,223,1,151050.0,151050.0,1,0,TODO: đặt tên nhóm 1
C07330,224,5,1836250.0,367250.0,1,0,TODO: đặt tên nhóm 1
C07331,52,2,332000.0,166000.0,2,0,TODO: đặt tên nhóm 2
C07332,112,4,5177500.0,1294375.0,3,1,TODO: đặt tên nhóm 3
C07333,103,4,6384917.0,1596229.25,3,1,TODO: đặt tên nhóm 3
C07334,10,3,1006000.0,335333.3333333333,2,0,TODO: đặt tên nhóm 2
C07336,128,4,5735800.0,1433950.0,3,1,TODO: đặt tên nhóm 3
C07337,32,3,6494800.0,2164933.3333333335,3,1,TODO: đặt tên nhóm 3
C07338,60,7,5970250.0,852892.8571428572,2,3,TODO: đặt tên nhóm 2
C07339,17,4,4997000.0,1249250.0,2,2,TODO: đặt tên nhóm 2
C07340,13,4,4052100.0,1013025.0,2,3,TODO: đặt tên nhóm 2
C07341,63,5,4997400.0,999480.0,2,3,TODO: đặt tên nhóm 2
C07342,92,4,5474000.0,1368500.0,3,1,TODO: đặt tên nhóm 3
C07343,259,2,2365200.0,1182600.0,1,0,TODO: đặt tên nhóm 1
C07344,110,2,1645000.0,822500.0,1,0,TODO: đặt tên nhóm 1
C07345,158,4,3185600.0,796400.0,1,0,TODO: đặt tên nhóm 1
C07346,89,2,1899300.0,949650.0,1,0,TODO: đặt tên nhóm 1
C07347,109,5,2569500.0,513900.0,1,3,TODO: đặt tên nhóm 1
C07348,115,3,3962800.0,1320933.3333333333,1,0,TODO: đặt tên nhóm 1
C07349,143,3,3958400.0,1319466.6666666667,1,0,TODO: đặt tên nhóm 1
C07350,277,1,158650.0,158650.0,1,0,TODO: đặt tên nhóm 1
C07351,15,5,5982050.0,1196410.0,2,3,TODO: đặt tên nhóm 2
C07352,26,8,16365908.0,2045738.5,3,1,TODO: đặt tên nhóm 3
C07353,3,2,964300.0,482150.0,2,0,TODO: đặt tên nhóm 2
C07354,19,3,2764550.0,921516.6666666666,2,0,TODO: đặt tên nhóm 2
C07355,60,6,10817000.0,1802833.3333333333,3,1,TODO: đặt tên nhóm 3
C07356,89,2,1613200.0,806600.0,1,0,TODO: đặt tên nhóm 1
C07357,247,2,585200.0,292600.0,1,0,TODO: đặt tên nhóm 1
C07358,40,4,7280750.0,1820187.5,3,1,TODO: đặt tên nhóm 3
C07359,28,6,12944650.0,2157441.6666666665,3,1,TODO: đặt tên nhóm 3
C07360,177,3,2619300.0,873100.0,1,0,TODO: đặt tên nhóm 1
C07361,78,4,4310800.0,1077700.0,2,3,TODO: đặt tên nhóm 2
C07362,47,4,2252100.0,563025.0,2,0,TODO: đặt tên nhóm 2
C07363,152,4,819750.0,204937.5,1,0,TODO: đặt tên nhóm 1
C07364,72,6,4530900.0,755150.0,2,3,TODO: đặt tên nhóm 2
C07365,17,7,7139300.0,1019900.0,2,3,TODO: đặt tên nhóm 2
C07366,32,6,5444250.0,907375.0,2,3,TODO: đặt tên nhóm 2
C07367,40,3,1784550.0,594850.0,2,0,TODO: đặt tên nhóm 2
C07368,21,5,6777750.0,1355550.0,3,3,TODO: đặt tên nhóm 3
C07369,2,1,958000.0,958000.0,2,0,TODO: đặt tên nhóm 2
C07370,46,3,3383900.0,1127966.6666666667,2,0,TODO: đặt tên nhóm 2
C07371,276,3,2184000.0,728000.0,1,0,TODO: đặt tên nhóm 1
C07372,60,2,3335000.0,1667500.0,3,1,TODO: đặt tên nhóm 3
C07373,17,4,3083950.0,770987.5,2,3,TODO: đặt tên nhóm 2
C07374,106,4,3793000.0,948250.0,1,3,TODO: đặt tên nhóm 1
C07375,108,2,2381950.0,1190975.0,1,0,TODO: đặt tên nhóm 1
C07376,79,6,3238400.0,539733.3333333334,2,3,TODO: đặt tên nhóm 2
C07377,7,1,364800.0,364800.0,2,0,TODO: đặt tên nhóm 2
C07378,78,3,2209200.0,736400.0,2,0,TODO: đặt tên nhóm 2
C07379,110,5,3441500.0,688300.0,1,3,TODO: đặt tên nhóm 1
C07380,43,3,3741400.0,1247133.3333333333,2,0,TODO: đặt tên nhóm 2
C07381,32,4,4039600.0,1009900.0,2,3,TODO: đặt tên nhóm 2
C07382,27,4,4931000.0,1232750.0,2,3,TODO: đặt tên nhóm 2
C07383,72,5,4128050.0,825610.0,2,3,TODO: đặt tên nhóm 2
C07384,90,3,3069900.0,1023300.0,1,0,TODO: đặt tên nhóm 1
C07385,3,1,181000.0,181000.0,2,0,TODO: đặt tên nhóm 2
C07386,95,4,3413450.0,853362.5,1,3,TODO: đặt tên nhóm 1
C07387,24,6,4570500.0,761750.0,2,3,TODO: đặt tên nhóm 2
C07388,136,2,545500.0,272750.0,1,0,TODO: đặt tên nhóm 1
C07389,62,8,15610357.318047587,1951294.6647559484,3,1,TODO: đặt tên nhóm 3
C07390,56,3,2841750.0,947250.0,2,0,TODO: đặt tên nhóm 2
C07391,198,1,1065050.0,1065050.0,1,0,TODO: đặt tên nhóm 1
C07392,225,3,1631100.0,543700.0,1,0,TODO: đặt tên nhóm 1
C07393,62,3,2499000.0,833000.0,2,0,TODO: đặt tên nhóm 2
C07394,20,5,8994164.0,1798832.8,3,1,TODO: đặt tên nhóm 3
C07395,145,2,649000.0,324500.0,1,0,TODO: đặt tên nhóm 1
C07396,24,2,1842900.0,921450.0,2,0,TODO: đặt tên nhóm 2
C07397,114,3,2966500.0,988833.3333333334,1,0,TODO: đặt tên nhóm 1
C07398,132,3,1846300.0,615433.3333333334,1,0,TODO: đặt tên nhóm 1
C07399,145,1,181450.0,181450.0,1,0,TODO: đặt tên nhóm 1
C07400,81,4,2703000.0,675750.0,2,0,TODO: đặt tên nhóm 2
C07401,199,4,5328700.0,1332175.0,1,1,TODO: đặt tên nhóm 1
C07403,193,1,2910000.0,2910000.0,3,1,TODO: đặt tên nhóm 3
C07404,19,5,3657100.0,731420.0,2,3,TODO: đặt tên nhóm 2
C07405,218,2,3342300.0,1671150.0,1,1,TODO: đặt tên nhóm 1
C07406,24,5,27755811.324262496,5551162.2648525,3,1,TODO: đặt tên nhóm 3
C07407,142,1,1647300.0,1647300.0,1,1,TODO: đặt tên nhóm 1
C07408,141,3,2231550.0,743850.0,1,0,TODO: đặt tên nhóm 1
C07409,181,1,773000.0,773000.0,1,0,TODO: đặt tên nhóm 1
C07410,59,5,8188000.0,1637600.0,3,1,TODO: đặt tên nhóm 3
C07411,105,5,5688600.0,1137720.0,1,3,TODO: đặt tên nhóm 1
C07412,30,1,738150.0,738150.0,2,0,TODO: đặt tên nhóm 2
C07413,37,2,1591000.0,795500.0,2,0,TODO: đặt tên nhóm 2
C07414,58,3,1742300.0,580766.6666666666,2,0,TODO: đặt tên nhóm 2
C07415,4,4,7401000.0,1850250.0,3,1,TODO: đặt tên nhóm 3
C07416,166,2,3598500.0,1799250.0,3,1,TODO: đặt tên nhóm 3
C07417,102,4,3405600.0,851400.0,1,3,TODO: đặt tên nhóm 1
C07418,3,2,2069400.0,1034700.0,2,0,TODO: đặt tên nhóm 2
C07419,9,4,2454800.0,613700.0,2,0,TODO: đặt tên nhóm 2
C07420,29,4,6429350.0,1607337.5,3,1,TODO: đặt tên nhóm 3
C07421,293,1,3292000.0,3292000.0,3,1,TODO: đặt tên nhóm 3
C07422,236,2,4314000.0,2157000.0,3,1,TODO: đặt tên nhóm 3
C07423,32,4,1631150.0,407787.5,2,0,TODO: đặt tên nhóm 2
C07424,161,3,1000750.0,333583.3333333333,1,0,TODO: đặt tên nhóm 1
C07425,51,4,2498250.0,624562.5,2,0,TODO: đặt tên nhóm 2
C07426,85,3,2509450.0,836483.3333333334,2,0,TODO: đặt tên nhóm 2
C07427,66,3,1199000.0,399666.6666666667,2,0,TODO: đặt tên nhóm 2
C07428,53,3,2021000.0,673666.6666666666,2,0,TODO: đặt tên nhóm 2
C07429,38,8,2580000.0,322500.0,2,2,TODO: đặt tên nhóm 2
C07430,80,2,1956500.0,978250.0,2,0,TODO: đặt tên nhóm 2
C07431,122,4,4093800.0,1023450.0,1,3,TODO: đặt tên nhóm 1
C07432,29,3,827100.0,275700.0,2,0,TODO: đặt tên nhóm 2
C07433,14,3,3117450.0,1039150.0,2,0,TODO: đặt tên nhóm 2
C07434,49,5,5039800.0,1007960.0,2,3,TODO: đặt tên nhóm 2
C07435,4,2,553700.0,276850.0,2,0,TODO: đặt tên nhóm 2
C07436,123,4,5584600.0,1396150.0,3,1,TODO: đặt tên nhóm 3
C07437,109,5,5117350.0,1023470.0,1,3,TODO: đặt tên nhóm 1
C07438,207,3,2988600.0,996200.0,1,0,TODO: đặt tên nhóm 1
C07439,22,3,2122000.0,707333.3333333334,2,0,TODO: đặt tên nhóm 2
C07440,5,6,4540450.0,756741.6666666666,2,3,TODO: đặt tên nhóm 2
C07441,6,2,5024250.0,2512125.0,3,1,TODO: đặt tên nhóm 3
C07442,42,2,6737450.0,3368725.0,3,1,TODO: đặt tên nhóm 3
C07443,93,4,1599250.0,399812.5,1,0,TODO: đặt tên nhóm 1
C07444,50,6,5933300.0,988883.3333333334,2,3,TODO: đặt tên nhóm 2
C07445,68,1,142200.0,142200.0,2,0,TODO: đặt tên nhóm 2
C07446,31,2,1020850.0,510425.0,2,0,TODO: đặt tên nhóm 2
C07447,15,4,5550000.0,1387500.0,3,2,TODO: đặt tên nhóm 3
C07448,88,2,1448000.0,724000.0,1,0,TODO: đặt tên nhóm 1
C07450,189,5,3496850.0,699370.0,1,3,TODO: đặt tên nhóm 1
C07451,7,4,4292000.0,1073000.0,2,3,TODO: đặt tên nhóm 2
C07452,3,4,2017100.0,504275.0,2,0,TODO: đặt tên nhóm 2
C07453,281,1,193000.0,193000.0,1,0,TODO: đặt tên nhóm 1
C07454,107,2,285750.0,142875.0,1,0,TODO: đặt tên nhóm 1
C07455,27,4,2412050.0,603012.5,2,0,TODO: đặt tên nhóm 2
C07456,102,5,2940650.0,588130.0,1,3,TODO: đặt tên nhóm 1
C07457,31,6,8689559.0,1448259.8333333333,3,2,TODO: đặt tên nhóm 3
C07458,115,5,3310200.0,662040.0,1,3,TODO: đặt tên nhóm 1
C07459,18,3,3241800.0,1080600.0,2,0,TODO: đặt tên nhóm 2
C07460,95,4,2645300.0,661325.0,1,0,TODO: đặt tên nhóm 1
C07461,45,2,2085250.0,1042625.0,2,0,TODO: đặt tên nhóm 2
C07462,246,2,5233000.0,2616500.0,3,1,TODO: đặt tên nhóm 3
C07463,108,4,7631100.0,1907775.0,3,1,TODO: đặt tên nhóm 3
C07464,165,4,1635900.0,408975.0,1,0,TODO: đặt tên nhóm 1
C07465,164,5,3594000.0,718800.0,1,3,TODO: đặt tên nhóm 1
C07466,43,3,1115500.0,371833.3333333333,2,0,TODO: đặt tên nhóm 2
C07467,242,2,1153450.0,576725.0,1,0,TODO: đặt tên nhóm 1
C07468,2,3,4244000.0,1414666.6666666667,3,2,TODO: đặt tên nhóm 3
C07469,108,6,3761800.0,626966.6666666666,1,3,TODO: đặt tên nhóm 1
C07470,41,3,1706450.0,568816.6666666666,2,0,TODO: đặt tên nhóm 2
C07472,121,2,1218600.0,609300.0,1,0,TODO: đặt tên nhóm 1
C07473,18,4,4860400.0,1215100.0,2,3,TODO: đặt tên nhóm 2
C07474,141,4,17535474.0,4383868.5,3,1,TODO: đặt tên nhóm 3
C07476,26,5,5268400.0,1053680.0,2,3,TODO: đặt tên nhóm 2
C07477,56,2,7020263.404467834,3510131.702233917,3,1,TODO: đặt tên nhóm 3
C07478,19,3,2793350.0,931116.6666666666,2,0,TODO: đặt tên nhóm 2
C07479,92,4,2974000.0,743500.0,1,3,TODO: đặt tên nhóm 1
C07480,9,2,2736000.0,1368000.0,2,0,TODO: đặt tên nhóm 2
C07481,64,3,2754000.0,918000.0,2,0,TODO: đặt tên nhóm 2
C07482,263,1,171950.0,171950.0,1,0,TODO: đặt tên nhóm 1
C07483,103,2,2953200.0,1476600.0,3,0,TODO: đặt tên nhóm 3
C07484,61,4,3643200.0,910800.0,2,3,TODO: đặt tên nhóm 2
C07485,81,3,4521650.0,1507216.6666666667,3,1,TODO: đặt tên nhóm 3
C07486,80,4,6094650.0,1523662.5,3,1,TODO: đặt tên nhóm 3
C07487,150,3,6314200.0,2104733.3333333335,3,1,TODO: đặt tên nhóm 3
C07488,53,4,3539750.0,884937.5,2,3,TODO: đặt tên nhóm 2
C07489,102,1,162000.0,162000.0,1,0,TODO: đặt tên nhóm 1
C07491,81,1,1321334.0,1321334.0,1,1,TODO: đặt tên nhóm 1
C07492,20,6,1563900.0,260650.0,2,3,TODO: đặt tên nhóm 2
C07493,36,4,2826850.0,706712.5,2,3,TODO: đặt tên nhóm 2
C07494,15,4,5423800.0,1355950.0,3,2,TODO: đặt tên nhóm 3
C07495,128,1,465000.0,465000.0,1,0,TODO: đặt tên nhóm 1
C07496,68,6,3877750.0,646291.6666666666,2,3,TODO: đặt tên nhóm 2
C07497,209,3,841000.0,280333.3333333333,1,0,TODO: đặt tên nhóm 1
C07498,167,3,5403700.0,1801233.3333333333,3,1,TODO: đặt tên nhóm 3
C07500,47,2,783700.0,391850.0,2,0,TODO: đặt tên nhóm 2
C07501,91,2,1288100.0,644050.0,1,0,TODO: đặt tên nhóm 1
C07502,14,6,3127150.0,521191.6666666667,2,3,TODO: đặt tên nhóm 2
C07504,34,4,11109317.0,2777329.25,3,1,TODO: đặt tên nhóm 3
C07505,28,2,3578000.0,1789000.0,3,1,TODO: đặt tên nhóm 3
C07506,94,7,16464615.0,2352087.8571428573,3,1,TODO: đặt tên nhóm 3
C07507,29,4,3484850.0,871212.5,2,3,TODO: đặt tên nhóm 2
C07508,152,2,3224000.0,1612000.0,1,1,TODO: đặt tên nhóm 1
C07509,121,4,5292600.0,1323150.0,3,1,TODO: đặt tên nhóm 3
C07510,93,1,1010000.0,1010000.0,1,0,TODO: đặt tên nhóm 1
C07511,108,1,1091000.0,1091000.0,1,0,TODO: đặt tên nhóm 1
C07512,81,2,1042200.0,521100.0,1,0,TODO: đặt tên nhóm 1
C07513,34,5,3479100.0,695820.0,2,3,TODO: đặt tên nhóm 2
C07514,143,5,17186956.0,3437391.2,3,1,TODO: đặt tên nhóm 3
C07515,279,1,1080000.0,1080000.0,1,0,TODO: đặt tên nhóm 1
C07516,113,4,2018750.0,504687.5,1,0,TODO: đặt tên nhóm 1
C07517,161,1,550000.0,550000.0,1,0,TODO: đặt tên nhóm 1
C07518,28,5,8935700.0,1787140.0,3,1,TODO: đặt tên nhóm 3
C07519,4,5,6918000.0,1383600.0,3,3,TODO: đặt tên nhóm 3
C07520,66,3,5961000.0,1987000.0,3,1,TODO: đặt tên nhóm 3
C07522,61,4,1930300.0,482575.0,2,0,TODO: đặt tên nhóm 2
C07523,93,5,5692800.0,1138560.0,2,3,TODO: đặt tên nhóm 2
C07524,12,3,2919000.0,973000.0,2,0,TODO: đặt tên nhóm 2
C07525,166,5,2852650.0,570530.0,1,3,TODO: đặt tên nhóm 1
C07526,18,4,2418850.0,604712.5,2,0,TODO: đặt tên nhóm 2
C07527,12,6,6004200.0,1000700.0,2,3,TODO: đặt tên nhóm 2
C07528,195,3,467300.0,155766.66666666666,1,0,TODO: đặt tên nhóm 1
C07529,33,1,360000.0,360000.0,2,0,TODO: đặt tên nhóm 2
C07530,130,2,655900.0,327950.0,1,0,TODO: đặt tên nhóm 1
C07531,156,4,6446200.0,1611550.0,3,1,TODO: đặt tên nhóm 3
C07532,12,2,551350.0,275675.0,2,0,TODO: đặt tên nhóm 2
C07533,234,1,130900.0,130900.0,1,0,TODO: đặt tên nhóm 1
C07534,106,2,2526000.0,1263000.0,1,0,TODO: đặt tên nhóm 1
C07535,80,3,3992000.0,1330666.6666666667,3,0,TODO: đặt tên nhóm 3
C07536,246,2,2180000.0,1090000.0,1,0,TODO: đặt tên nhóm 1
C07537,27,2,2703800.0,1351900.0,2,0,TODO: đặt tên nhóm 2
C07538,226,3,6973800.0,2324600.0,3,1,TODO: đặt tên nhóm 3
C07539,62,2,1875300.0,937650.0,2,0,TODO: đặt tên nhóm 2
C07540,177,1,165000.0,165000.0,1,0,TODO: đặt tên nhóm 1
C07541,127,4,2313000.0,578250.0,1,0,TODO: đặt tên nhóm 1
C07542,178,2,676800.0,338400.0,1,0,TODO: đặt tên nhóm 1
C07543,145,1,1702000.0,1702000.0,1,1,TODO: đặt tên nhóm 1
C07544,2,4,1350000.0,337500.0,2,0,TODO: đặt tên nhóm 2
C07545,20,4,4674800.0,1168700.0,2,3,TODO: đặt tên nhóm 2
C07546,19,2,577650.0,288825.0,2,0,TODO: đặt tên nhóm 2
C07547,50,2,813000.0,406500.0,2,0,TODO: đặt tên nhóm 2
C07548,5,4,3476250.0,869062.5,2,3,TODO: đặt tên nhóm 2
C07549,79,3,3258000.0,1086000.0,2,0,TODO: đặt tên nhóm 2
C07550,27,2,1594000.0,797000.0,2,0,TODO: đặt tên nhóm 2
C07551,80,2,1873800.0,936900.0,2,0,TODO: đặt tên nhóm 2
C07552,271,3,1563000.0,521000.0,1,0,TODO: đặt tên nhóm 1
C07553,92,3,2618400.0,872800.0,1,0,TODO: đặt tên nhóm 1
C07554,16,4,2172400.0,543100.0,2,0,TODO: đặt tên nhóm 2
C07555,25,4,2153400.0,538350.0,2,0,TODO: đặt tên nhóm 2
C07556,25,3,1890900.0,630300.0,2,0,TODO: đặt tên nhóm 2
C07557,37,2,863550.0,431775.0,2,0,TODO: đặt tên nhóm 2
C07558,11,1,175000.0,175000.0,2,0,TODO: đặt tên nhóm 2
C07559,6,4,5455100.0,1363775.0,3,2,TODO: đặt tên nhóm 3
C07560,83,5,3032200.0,606440.0,2,3,TODO: đặt tên nhóm 2
C07561,290,1,379950.0,379950.0,1,0,TODO: đặt tên nhóm 1
C07562,144,3,4388500.0,1462833.3333333333,1,1,TODO: đặt tên nhóm 1
C07564,202,3,1512000.0,504000.0,1,0,TODO: đặt tên nhóm 1
C07565,104,3,3720650.0,1240216.6666666667,1,0,TODO: đặt tên nhóm 1
C07566,113,3,2209600.0,736533.3333333334,1,0,TODO: đặt tên nhóm 1
C07567,162,2,998000.0,499000.0,1,0,TODO: đặt tên nhóm 1
C07568,39,2,978000.0,489000.0,2,0,TODO: đặt tên nhóm 2
C07569,30,2,867350.0,433675.0,2,0,TODO: đặt tên nhóm 2
C07570,230,3,2786000.0,928666.6666666666,1,0,TODO: đặt tên nhóm 1
C07571,3,4,4423300.0,1105825.0,2,3,TODO: đặt tên nhóm 2
C07572,136,4,2877650.0,719412.5,1,0,TODO: đặt tên nhóm 1
C07573,119,2,1717000.0,858500.0,1,0,TODO: đặt tên nhóm 1
C07574,229,2,992000.0,496000.0,1,0,TODO: đặt tên nhóm 1
C07575,16,4,2065100.0,516275.0,2,0,TODO: đặt tên nhóm 2
C07577,56,7,10069650.0,1438521.4285714286,3,1,TODO: đặt tên nhóm 3
C07578,15,7,3700000.0,528571.4285714285,2,2,TODO: đặt tên nhóm 2
C07579,20,5,8033150.0,1606630.0,3,3,TODO: đặt tên nhóm 3
C07580,99,2,4248400.0,2124200.0,3,1,TODO: đặt tên nhóm 3
C07582,23,2,5366000.0,2683000.0,3,1,TODO: đặt tên nhóm 3
C07584,3,5,3268800.0,653760.0,2,3,TODO: đặt tên nhóm 2
C07585,15,4,2034750.0,508687.5,2,0,TODO: đặt tên nhóm 2
C07586,8,2,851200.0,425600.0,2,0,TODO: đặt tên nhóm 2
C07587,122,2,1700000.0,850000.0,1,0,TODO: đặt tên nhóm 1
C07588,274,1,640000.0,640000.0,1,0,TODO: đặt tên nhóm 1
C07589,16,3,2591400.0,863800.0,2,0,TODO: đặt tên nhóm 2
C07590,12,3,1623000.0,541000.0,2,0,TODO: đặt tên nhóm 2
C07591,84,2,2143700.0,1071850.0,1,0,TODO: đặt tên nhóm 1
C07592,43,4,6007000.0,1501750.0,3,1,TODO: đặt tên nhóm 3
C07593,107,3,1573900.0,524633.3333333334,1,0,TODO: đặt tên nhóm 1
C07594,251,1,2044400.0,2044400.0,1,1,TODO: đặt tên nhóm 1
C07595,144,1,1383200.0,1383200.0,1,1,TODO: đặt tên nhóm 1
C07596,147,1,1492000.0,1492000.0,1,1,TODO: đặt tên nhóm 1
C07597,20,1,2436000.0,2436000.0,3,1,TODO: đặt tên nhóm 3
C07598,244,3,5112000.0,1704000.0,1,1,TODO: đặt tên nhóm 1
C07600,12,6,4129450.0,688241.6666666666,2,3,TODO: đặt tên nhóm 2
C07601,88,3,4138800.0,1379600.0,3,0,TODO: đặt tên nhóm 3
C07602,4,6,4850850.0,808475.0,2,3,TODO: đặt tên nhóm 2
C07603,94,2,1773800.0,886900.0,1,0,TODO: đặt tên nhóm 1
C07604,28,5,2411500.0,482300.0,2,3,TODO: đặt tên nhóm 2
C07605,84,6,3258800.0,543133.3333333334,2,3,TODO: đặt tên nhóm 2
C07606,79,2,323000.0,161500.0,1,0,TODO: đặt tên nhóm 1
C07607,142,3,2912000.0,970666.6666666666,1,0,TODO: đặt tên nhóm 1
C07608,194,2,1864000.0,932000.0,1,0,TODO: đặt tên nhóm 1
C07609,12,4,6602650.0,1650662.5,3,1,TODO: đặt tên nhóm 3
C07610,133,1,151000.0,151000.0,1,0,TODO: đặt tên nhóm 1
C07611,271,1,847400.0,847400.0,1,0,TODO: đặt tên nhóm 1
C07612,42,2,1973100.0,986550.0,2,0,TODO: đặt tên nhóm 2
C07613,169,1,2048200.0,2048200.0,3,1,TODO: đặt tên nhóm 3
C07614,44,1,1047000.0,1047000.0,2,0,TODO: đặt tên nhóm 2
C07615,9,5,3267600.0,653520.0,2,3,TODO: đặt tên nhóm 2
C07616,172,3,3298000.0,1099333.3333333333,1,0,TODO: đặt tên nhóm 1
C07617,41,6,5131950.0,855325.0,2,3,TODO: đặt tên nhóm 2
C07618,135,4,2016500.0,504125.0,1,0,TODO: đặt tên nhóm 1
C07619,29,4,3292950.0,823237.5,2,3,TODO: đặt tên nhóm 2
C07620,35,2,977000.0,488500.0,2,0,TODO: đặt tên nhóm 2
C07621,52,5,3927750.0,785550.0,2,3,TODO: đặt tên nhóm 2
C07622,59,4,867500.0,216875.0,2,0,TODO: đặt tên nhóm 2
C07623,9,5,3419950.0,683990.0,2,3,TODO: đặt tên nhóm 2
C07624,158,3,2850900.0,950300.0,1,0,TODO: đặt tên nhóm 1
C07625,38,4,7133150.0,1783287.5,3,1,TODO: đặt tên nhóm 3
C07626,21,4,7411400.0,1852850.0,3,1,TODO: đặt tên nhóm 3
C07627,10,3,6362000.0,2120666.6666666665,3,1,TODO: đặt tên nhóm 3
C07628,279,1,184000.0,184000.0,1,0,TODO: đặt tên nhóm 1
C07629,60,2,958900.0,479450.0,2,0,TODO: đặt tên nhóm 2
C07630,20,2,4336200.0,2168100.0,3,1,TODO: đặt tên nhóm 3
C07631,120,3,2239250.0,746416.6666666666,1,0,TODO: đặt tên nhóm 1
C07632,6,6,9014750.0,1502458.3333333333,3,2,TODO: đặt tên nhóm 3
C07633,14,4,4524750.0,1131187.5,2,3,TODO: đặt tên nhóm 2
C07634,46,2,2489900.0,1244950.0,2,0,TODO: đặt tên nhóm 2
C07635,46,3,4297000.0,1432333.3333333333,3,2,TODO: đặt tên nhóm 3
C07636,31,5,9290000.0,1858000.0,3,1,TODO: đặt tên nhóm 3
C07637,88,3,2128800.0,709600.0,1,0,TODO: đặt tên nhóm 1
C07638,15,5,4018400.0,803680.0,2,3,TODO: đặt tên nhóm 2
C07639,11,5,2556200.0,511240.0,2,3,TODO: đặt tên nhóm 2
C07640,11,3,3895900.0,1298633.3333333333,2,0,TODO: đặt tên nhóm 2
C07641,11,3,5693200.0,1897733.3333333333,3,1,TODO: đặt tên nhóm 3
C07642,57,4,5732300.0,1433075.0,3,1,TODO: đặt tên nhóm 3
C07643,88,2,712000.0,356000.0,1,0,TODO: đặt tên nhóm 1
C07644,18,5,4064400.0,812880.0,2,3,TODO: đặt tên nhóm 2
C07645,216,3,1161750.0,387250.0,1,0,TODO: đặt tên nhóm 1
C07646,167,1,138000.0,138000.0,1,0,TODO: đặt tên nhóm 1
C07647,129,3,4577000.0,1525666.6666666667,3,1,TODO: đặt tên nhóm 3
C07648,64,3,6100750.0,2033583.3333333333,3,1,TODO: đặt tên nhóm 3
C07649,91,3,2813200.0,937733.3333333334,1,0,TODO: đặt tên nhóm 1
C07650,55,6,5224800.0,870800.0,2,3,TODO: đặt tên nhóm 2
C07651,119,3,2100400.0,700133.3333333334,1,0,TODO: đặt tên nhóm 1
C07652,142,1,280800.0,280800.0,1,0,TODO: đặt tên nhóm 1
C07653,33,1,478800.0,478800.0,2,0,TODO: đặt tên nhóm 2
C07655,17,6,12062750.0,2010458.3333333333,3,1,TODO: đặt tên nhóm 3
C07656,116,4,3697900.0,924475.0,1,3,TODO: đặt tên nhóm 1
C07657,49,4,6142100.0,1535525.0,3,1,TODO: đặt tên nhóm 3
C07658,167,1,170050.0,170050.0,1,0,TODO: đặt tên nhóm 1
C07659,135,4,1398400.0,349600.0,1,0,TODO: đặt tên nhóm 1
C07660,59,3,2008900.0,669633.3333333334,2,0,TODO: đặt tên nhóm 2
C07661,116,4,3687500.0,921875.0,1,3,TODO: đặt tên nhóm 1
C07662,39,3,6761700.0,2253900.0,3,1,TODO: đặt tên nhóm 3
C07663,117,4,5627350.0,1406837.5,3,1,TODO: đặt tên nhóm 3
C07664,39,4,2694900.0,673725.0,2,0,TODO: đặt tên nhóm 2
C07665,51,2,2073400.0,1036700.0,2,0,TODO: đặt tên nhóm 2
C07667,216,2,1322000.0,661000.0,1,0,TODO: đặt tên nhóm 1
C07668,11,6,10439000.0,1739833.3333333333,3,1,TODO: đặt tên nhóm 3
C07669,20,2,1587600.0,793800.0,2,0,TODO: đặt tên nhóm 2
C07670,18,5,1701500.0,340300.0,2,3,TODO: đặt tên nhóm 2
C07671,213,1,3519750.0,3519750.0,3,1,TODO: đặt tên nhóm 3
C07673,11,4,5276200.0,1319050.0,2,2,TODO: đặt tên nhóm 2
C07674,17,4,4922600.0,1230650.0,2,3,TODO: đặt tên nhóm 2
C07675,222,2,691600.0,345800.0,1,0,TODO: đặt tên nhóm 1
C07676,132,2,560500.0,280250.0,1,0,TODO: đặt tên nhóm 1
C07677,23,5,4154900.0,830980.0,2,3,TODO: đặt tên nhóm 2
C07678,24,5,4875650.0,975130.0,2,3,TODO: đặt tên nhóm 2
C07679,47,3,1365000.0,455000.0,2,0,TODO: đặt tên nhóm 2
C07680,62,5,2437050.0,487410.0,2,3,TODO: đặt tên nhóm 2
C07681,4,7,4259150.0,608450.0,2,3,TODO: đặt tên nhóm 2
C07682,10,3,4928800.0,1642933.3333333333,3,1,TODO: đặt tên nhóm 3
C07683,86,2,912000.0,456000.0,1,0,TODO: đặt tên nhóm 1
C07684,43,3,621200.0,207066.66666666666,2,0,TODO: đặt tên nhóm 2
C07685,122,2,5707750.0,2853875.0,3,1,TODO: đặt tên nhóm 3
C07686,129,2,3525900.0,1762950.0,3,1,TODO: đặt tên nhóm 3
C07687,167,5,4807950.0,961590.0,1,3,TODO: đặt tên nhóm 1
C07688,76,3,3944700.0,1314900.0,3,0,TODO: đặt tên nhóm 3
C07689,223,2,1399000.0,699500.0,1,0,TODO: đặt tên nhóm 1
C07690,32,5,4483700.0,896740.0,2,3,TODO: đặt tên nhóm 2
C07691,115,3,972000.0,324000.0,1,0,TODO: đặt tên nhóm 1
C07692,32,4,3384300.0,846075.0,2,3,TODO: đặt tên nhóm 2
C07693,237,3,5671450.0,1890483.3333333333,3,1,TODO: đặt tên nhóm 3
C07694,20,7,2647150.0,378164.28571428574,2,2,TODO: đặt tên nhóm 2
C07695,197,3,2382800.0,794266.6666666666,1,0,TODO: đặt tên nhóm 1
C07696,8,3,2581700.0,860566.6666666666,2,0,TODO: đặt tên nhóm 2
C07697,112,3,611800.0,203933.33333333334,1,0,TODO: đặt tên nhóm 1
C07698,12,3,1924250.0,641416.6666666666,2,0,TODO: đặt tên nhóm 2
C07699,50,2,1805700.0,902850.0,2,0,TODO: đặt tên nhóm 2
C07700,20,5,8715500.0,1743100.0,3,1,TODO: đặt tên nhóm 3
C07701,42,3,10460787.0,3486929.0,3,1,TODO: đặt tên nhóm 3
C07702,37,6,5108150.0,851358.3333333334,2,3,TODO: đặt tên nhóm 2
C07703,34,4,2499500.0,624875.0,2,0,TODO: đặt tên nhóm 2
C07704,303,1,3862393.158091434,3862393.158091434,3,1,TODO: đặt tên nhóm 3
C07705,28,4,2607450.0,651862.5,2,0,TODO: đặt tên nhóm 2
C07706,87,1,962000.0,962000.0,1,0,TODO: đặt tên nhóm 1
C07708,1,5,2791250.0,558250.0,2,3,TODO: đặt tên nhóm 2
C07709,162,1,284000.0,284000.0,1,0,TODO: đặt tên nhóm 1
C07710,54,2,490000.0,245000.0,2,0,TODO: đặt tên nhóm 2
C07712,15,1,1914000.0,1914000.0,3,1,TODO: đặt tên nhóm 3
C07713,284,2,1064350.0,532175.0,1,0,TODO: đặt tên nhóm 1
C07714,13,5,8893200.0,1778640.0,3,1,TODO: đặt tên nhóm 3
C07715,107,3,2296400.0,765466.6666666666,1,0,TODO: đặt tên nhóm 1
C07716,89,3,1600700.0,533566.6666666666,1,0,TODO: đặt tên nhóm 1
C07717,165,1,1027000.0,1027000.0,1,0,TODO: đặt tên nhóm 1
C07718,12,4,2022850.0,505712.5,2,0,TODO: đặt tên nhóm 2
C07719,103,2,1402350.0,701175.0,1,0,TODO: đặt tên nhóm 1
C07720,41,6,10362456.0,1727076.0,3,1,TODO: đặt tên nhóm 3
C07721,60,6,5122800.0,853800.0,2,3,TODO: đặt tên nhóm 2
C07722,74,3,3630650.0,1210216.6666666667,2,0,TODO: đặt tên nhóm 2
C07723,82,1,2556000.0,2556000.0,3,1,TODO: đặt tên nhóm 3
C07724,171,2,629900.0,314950.0,1,0,TODO: đặt tên nhóm 1
C07725,21,5,3309300.0,661860.0,2,3,TODO: đặt tên nhóm 2
C07726,259,1,4598500.0,4598500.0,3,1,TODO: đặt tên nhóm 3
C07727,46,4,2395900.0,598975.0,2,0,TODO: đặt tên nhóm 2
C07728,257,1,3591000.0,3591000.0,3,1,TODO: đặt tên nhóm 3
C07729,93,2,1309400.0,654700.0,1,0,TODO: đặt tên nhóm 1
C07730,114,2,8342994.0,4171497.0,3,1,TODO: đặt tên nhóm 3
C07731,123,3,1986100.0,662033.3333333334,1,0,TODO: đặt tên nhóm 1
C07732,207,1,1133000.0,1133000.0,1,0,TODO: đặt tên nhóm 1
C07733,135,3,1646400.0,548800.0,1,0,TODO: đặt tên nhóm 1
C07734,9,3,1060050.0,353350.0,2,0,TODO: đặt tên nhóm 2
C07735,135,2,3760000.0,1880000.0,3,1,TODO: đặt tên nhóm 3
C07736,108,4,2789800.0,697450.0,1,0,TODO: đặt tên nhóm 1
C07737,78,2,332100.0,166050.0,1,0,TODO: đặt tên nhóm 1
C07738,76,2,1080400.0,540200.0,2,0,TODO: đặt tên nhóm 2
C07739,17,7,7055400.0,1007914.2857142857,2,3,TODO: đặt tên nhóm 2
C07740,131,1,140400.0,140400.0,1,0,TODO: đặt tên nhóm 1
C07741,93,2,2616800.0,1308400.0,1,0,TODO: đặt tên nhóm 1
C07742,3,6,5588600.0,931433.3333333334,2,3,TODO: đặt tên nhóm 2
C07743,163,2,1243000.0,621500.0,1,0,TODO: đặt tên nhóm 1
C07744,15,7,4665700.0,666528.5714285715,2,3,TODO: đặt tên nhóm 2
C07745,167,5,3825850.0,765170.0,1,3,TODO: đặt tên nhóm 1
C07746,35,3,1483200.0,494400.0,2,0,TODO: đặt tên nhóm 2
C07747,148,2,2149000.0,1074500.0,1,0,TODO: đặt tên nhóm 1
C07748,34,5,1219100.0,243820.0,2,3,TODO: đặt tên nhóm 2
C07749,33,5,1853000.0,370600.0,2,3,TODO: đặt tên nhóm 2
C07750,104,4,3350500.0,837625.0,1,3,TODO: đặt tên nhóm 1
C07751,170,3,1117000.0,372333.3333333333,1,0,TODO: đặt tên nhóm 1
C07753,42,6,9433800.0,1572300.0,3,1,TODO: đặt tên nhóm 3
C07754,88,7,4830400.0,690057.1428571428,2,3,TODO: đặt tên nhóm 2
C07755,15,1,161500.0,161500.0,2,0,TODO: đặt tên nhóm 2
C07756,244,2,1747750.0,873875.0,1,0,TODO: đặt tên nhóm 1
C07757,96,1,707750.0,707750.0,1,0,TODO: đặt tên nhóm 1
C07758,71,3,2316000.0,772000.0,2,0,TODO: đặt tên nhóm 2
C07759,75,4,4244050.0,1061012.5,2,3,TODO: đặt tên nhóm 2
C07760,43,4,3548000.0,887000.0,2,3,TODO: đặt tên nhóm 2
C07761,22,2,969000.0,484500.0,2,0,TODO: đặt tên nhóm 2
C07762,40,1,1237000.0,1237000.0,2,2,TODO: đặt tên nhóm 2
C07763,262,1,432000.0,432000.0,1,0,TODO: đặt tên nhóm 1
C07764,12,4,5030700.0,1257675.0,2,2,TODO: đặt tên nhóm 2
C07766,20,4,1919500.0,479875.0,2,0,TODO: đặt tên nhóm 2
C07767,60,5,4445300.0,889060.0,2,3,TODO: đặt tên nhóm 2
C07768,85,4,2684750.0,671187.5,2,0,TODO: đặt tên nhóm 2
C07769,74,5,3870500.0,774100.0,2,3,TODO: đặt tên nhóm 2
C07770,22,3,1534200.0,511400.0,2,0,TODO: đặt tên nhóm 2
C07771,12,2,3693200.0,1846600.0,3,1,TODO: đặt tên nhóm 3
C07772,23,2,630200.0,315100.0,2,0,TODO: đặt tên nhóm 2
C07773,102,4,3374300.0,843575.0,1,3,TODO: đặt tên nhóm 1
C07775,11,5,5187400.0,1037480.0,2,3,TODO: đặt tên nhóm 2
C07776,87,2,1146000.0,573000.0,1,0,TODO: đặt tên nhóm 1
C07777,89,4,2609000.0,652250.0,1,0,TODO: đặt tên nhóm 1
C07778,138,4,2426000.0,606500.0,1,0,TODO: đặt tên nhóm 1
C07779,19,5,7733500.0,1546700.0,3,3,TODO: đặt tên nhóm 3
C07780,2,6,8214000.0,1369000.0,3,3,TODO: đặt tên nhóm 3
C07781,52,1,434000.0,434000.0,2,0,TODO: đặt tên nhóm 2
C07782,290,1,194000.0,194000.0,1,0,TODO: đặt tên nhóm 1
C07783,57,3,6525700.0,2175233.3333333335,3,1,TODO: đặt tên nhóm 3
C07784,57,3,9245628.0,3081876.0,3,1,TODO: đặt tên nhóm 3
C07785,65,4,1485100.0,371275.0,2,0,TODO: đặt tên nhóm 2
C07786,4,6,3807400.0,634566.6666666666,2,3,TODO: đặt tên nhóm 2
C07787,104,5,7282150.0,1456430.0,3,3,TODO: đặt tên nhóm 3
C07788,238,3,3709500.0,1236500.0,1,0,TODO: đặt tên nhóm 1
C07789,222,1,182000.0,182000.0,1,0,TODO: đặt tên nhóm 1
C07790,9,6,13573500.0,2262250.0,3,1,TODO: đặt tên nhóm 3
C07791,55,3,2501900.0,833966.6666666666,2,0,TODO: đặt tên nhóm 2
C07792,96,5,3643700.0,728740.0,1,3,TODO: đặt tên nhóm 1
C07793,124,3,1455000.0,485000.0,1,0,TODO: đặt tên nhóm 1
C07794,37,5,9093718.0,1818743.6,3,1,TODO: đặt tên nhóm 3
C07795,100,3,1261450.0,420483.3333333333,1,0,TODO: đặt tên nhóm 1
C07796,27,1,171000.0,171000.0,2,0,TODO: đặt tên nhóm 2
C07797,3,2,2350000.0,1175000.0,2,0,TODO: đặt tên nhóm 2
C07798,173,2,2101150.0,1050575.0,1,0,TODO: đặt tên nhóm 1
C07799,180,4,8679000.0,2169750.0,3,1,TODO: đặt tên nhóm 3
C07800,17,2,830500.0,415250.0,2,0,TODO: đặt tên nhóm 2
C07801,19,3,1862400.0,620800.0,2,0,TODO: đặt tên nhóm 2
C07802,103,1,155700.0,155700.0,1,0,TODO: đặt tên nhóm 1
C07803,105,2,1848000.0,924000.0,1,0,TODO: đặt tên nhóm 1
C07804,280,2,807000.0,403500.0,1,0,TODO: đặt tên nhóm 1
C07805,152,2,1103000.0,551500.0,1,0,TODO: đặt tên nhóm 1
C07806,8,5,2585800.0,517160.0,2,3,TODO: đặt tên nhóm 2
C07807,43,3,2147300.0,715766.6666666666,2,0,TODO: đặt tên nhóm 2
C07808,6,3,2746250.0,915416.6666666666,2,0,TODO: đặt tên nhóm 2
C07809,33,5,13005950.0,2601190.0,3,1,TODO: đặt tên nhóm 3
C07810,48,3,2586750.0,862250.0,2,0,TODO: đặt tên nhóm 2
C07811,81,3,1778800.0,592933.3333333334,2,0,TODO: đặt tên nhóm 2
C07812,16,2,1847100.0,923550.0,2,0,TODO: đặt tên nhóm 2
C07813,168,5,2908300.0,581660.0,1,0,TODO: đặt tên nhóm 1
C07815,28,4,1883350.0,470837.5,2,0,TODO: đặt tên nhóm 2
C07816,49,2,3858500.0,1929250.0,3,1,TODO: đặt tên nhóm 3
C07817,178,2,6696000.0,3348000.0,3,1,TODO: đặt tên nhóm 3
C07818,6,3,2898300.0,966100.0,2,0,TODO: đặt tên nhóm 2
C07819,143,2,2164000.0,1082000.0,1,0,TODO: đặt tên nhóm 1
C07820,44,2,2392000.0,1196000.0,2,0,TODO: đặt tên nhóm 2
C07821,51,3,1722200.0,574066.6666666666,2,0,TODO: đặt tên nhóm 2
C07822,57,1,621000.0,621000.0,2,0,TODO: đặt tên nhóm 2
C07823,200,2,1071800.0,535900.0,1,0,TODO: đặt tên nhóm 1
C07824,42,2,985300.0,492650.0,2,0,TODO: đặt tên nhóm 2
C07825,45,5,4704700.0,940940.0,2,3,TODO: đặt tên nhóm 2
C07826,1,2,1126000.0,563000.0,2,0,TODO: đặt tên nhóm 2
C07827,7,1,159600.0,159600.0,2,0,TODO: đặt tên nhóm 2
C07828,19,5,3137750.0,627550.0,2,3,TODO: đặt tên nhóm 2
C07829,108,3,3889000.0,1296333.3333333333,1,0,TODO: đặt tên nhóm 1
C07830,1,2,1050000.0,525000.0,2,0,TODO: đặt tên nhóm 2
C07831,36,6,4922800.0,820466.6666666666,2,3,TODO: đặt tên nhóm 2
C07832,5,4,3991450.0,997862.5,2,3,TODO: đặt tên nhóm 2
C07833,39,3,2377000.0,792333.3333333334,2,0,TODO: đặt tên nhóm 2
C07834,20,4,931050.0,232762.5,2,0,TODO: đặt tên nhóm 2
C07835,35,2,1576600.0,788300.0,2,0,TODO: đặt tên nhóm 2
C07836,62,5,12882000.0,2576400.0,3,1,TODO: đặt tên nhóm 3
C07837,13,7,11620000.0,1660000.0,3,2,TODO: đặt tên nhóm 3
C07838,31,3,4669300.0,1556433.3333333333,3,1,TODO: đặt tên nhóm 3
C07839,91,1,856000.0,856000.0,1,0,TODO: đặt tên nhóm 1
C07840,34,4,1929800.0,482450.0,2,0,TODO: đặt tên nhóm 2
C07841,54,5,1708350.0,341670.0,2,3,TODO: đặt tên nhóm 2
C07842,48,4,2844100.0,711025.0,2,3,TODO: đặt tên nhóm 2
C07843,29,3,1587000.0,529000.0,2,0,TODO: đặt tên nhóm 2
C07844,16,9,9196150.0,1021794.4444444445,0,2,TODO: đặt tên nhóm 0
C07845,50,3,2540150.0,846716.6666666666,2,0,TODO: đặt tên nhóm 2
C07846,141,3,2303100.0,767700.0,1,0,TODO: đặt tên nhóm 1
C07848,16,4,5985050.0,1496262.5,3,2,TODO: đặt tên nhóm 3
C07849,118,3,1322000.0,440666.6666666667,1,0,TODO: đặt tên nhóm 1
C07850,114,3,4462800.0,1487600.0,3,1,TODO: đặt tên nhóm 3
C07851,109,2,2322000.0,1161000.0,1,0,TODO: đặt tên nhóm 1
C07852,47,3,3137500.0,1045833.3333333334,2,0,TODO: đặt tên nhóm 2
C07853,87,2,594000.0,297000.0,1,0,TODO: đặt tên nhóm 1
C07854,182,3,1334100.0,444700.0,1,0,TODO: đặt tên nhóm 1
C07855,78,2,1512100.0,756050.0,2,0,TODO: đặt tên nhóm 2
C07856,15,3,2734200.0,911400.0,2,0,TODO: đặt tên nhóm 2
C07857,56,5,7246150.0,1449230.0,3,3,TODO: đặt tên nhóm 3
C07858,48,5,3896700.0,779340.0,2,3,TODO: đặt tên nhóm 2
C07859,232,2,1843700.0,921850.0,1,0,TODO: đặt tên nhóm 1
C07860,25,4,2944450.0,736112.5,2,3,TODO: đặt tên nhóm 2
C07861,42,3,1993450.0,664483.3333333334,2,0,TODO: đặt tên nhóm 2
C07862,153,2,519000.0,259500.0,1,0,TODO: đặt tên nhóm 1
C07863,53,4,3047500.0,761875.0,2,3,TODO: đặt tên nhóm 2
C07864,10,6,5372250.0,895375.0,2,3,TODO: đặt tên nhóm 2
C07865,82,5,7355700.0,1471140.0,3,3,TODO: đặt tên nhóm 3
C07866,60,2,1414000.0,707000.0,2,0,TODO: đặt tên nhóm 2
C07867,103,4,1771700.0,442925.0,1,0,TODO: đặt tên nhóm 1
C07868,7,6,9795650.0,1632608.3333333333,3,2,TODO: đặt tên nhóm 3
C07870,199,3,1648800.0,549600.0,1,0,TODO: đặt tên nhóm 1
C07871,193,4,4325050.0,1081262.5,1,3,TODO: đặt tên nhóm 1
C07872,206,1,412000.0,412000.0,1,0,TODO: đặt tên nhóm 1
C07873,210,2,999400.0,499700.0,1,0,TODO: đặt tên nhóm 1
C07875,97,1,1057400.0,1057400.0,1,0,TODO: đặt tên nhóm 1
C07877,21,5,4047050.0,809410.0,2,3,TODO: đặt tên nhóm 2
C07878,191,3,1958700.0,652900.0,1,0,TODO: đặt tên nhóm 1
C07879,195,2,757000.0,378500.0,1,0,TODO: đặt tên nhóm 1
C07880,10,3,1245200.0,415066.6666666667,2,0,TODO: đặt tên nhóm 2
C07882,13,3,1901000.0,633666.6666666666,2,0,TODO: đặt tên nhóm 2
C07883,212,2,1891800.0,945900.0,1,0,TODO: đặt tên nhóm 1
C07884,138,3,2594000.0,864666.6666666666,1,0,TODO: đặt tên nhóm 1
C07885,55,3,3985450.0,1328483.3333333333,3,0,TODO: đặt tên nhóm 3
C07886,222,1,415150.0,415150.0,1,0,TODO: đặt tên nhóm 1
C07887,113,3,2860150.0,953383.3333333334,1,0,TODO: đặt tên nhóm 1
C07888,158,1,679000.0,679000.0,1,0,TODO: đặt tên nhóm 1
C07889,152,5,3782100.0,756420.0,1,3,TODO: đặt tên nhóm 1
C07890,108,2,1084650.0,542325.0,1,0,TODO: đặt tên nhóm 1
C07891,116,3,3173600.0,1057866.6666666667,1,0,TODO: đặt tên nhóm 1
C07892,14,5,2063000.0,412600.0,2,3,TODO: đặt tên nhóm 2
C07893,80,4,7239200.0,1809800.0,3,1,TODO: đặt tên nhóm 3
C07894,75,3,4952600.0,1650866.6666666667,3,1,TODO: đặt tên nhóm 3
C07895,229,1,172000.0,172000.0,1,0,TODO: đặt tên nhóm 1
C07896,122,1,506350.0,506350.0,1,0,TODO: đặt tên nhóm 1
C07898,72,2,3691400.0,1845700.0,3,1,TODO: đặt tên nhóm 3
C07899,48,4,5086750.0,1271687.5,3,3,TODO: đặt tên nhóm 3
C07900,66,5,2969700.0,593940.0,2,3,TODO: đặt tên nhóm 2
C07901,185,2,2870350.0,1435175.0,1,0,TODO: đặt tên nhóm 1
C07902,22,2,1632000.0,816000.0,2,0,TODO: đặt tên nhóm 2
C07903,12,6,11473200.0,1912200.0,3,1,TODO: đặt tên nhóm 3
C07904,187,2,657250.0,328625.0,1,0,TODO: đặt tên nhóm 1
C07905,18,3,1582800.0,527600.0,2,0,TODO: đặt tên nhóm 2
C07906,9,5,2192300.0,438460.0,2,3,TODO: đặt tên nhóm 2
C07908,37,2,2049300.0,1024650.0,2,0,TODO: đặt tên nhóm 2
C07909,29,3,8527600.0,2842533.3333333335,3,1,TODO: đặt tên nhóm 3
C07911,93,2,848750.0,424375.0,1,0,TODO: đặt tên nhóm 1
C07912,42,4,2821900.0,705475.0,2,3,TODO: đặt tên nhóm 2
C07913,157,4,2166000.0,541500.0,1,0,TODO: đặt tên nhóm 1
C07914,22,5,1574250.0,314850.0,2,3,TODO: đặt tên nhóm 2
C07915,54,5,1517000.0,303400.0,2,3,TODO: đặt tên nhóm 2
C07916,44,2,4825500.0,2412750.0,3,1,TODO: đặt tên nhóm 3
C07917,56,4,3881050.0,970262.5,2,3,TODO: đặt tên nhóm 2
C07918,109,3,975000.0,325000.0,1,0,TODO: đặt tên nhóm 1
C07919,116,5,5621800.0,1124360.0,1,3,TODO: đặt tên nhóm 1
C07920,42,3,5066576.0,1688858.6666666667,3,1,TODO: đặt tên nhóm 3
C07921,46,6,4662400.0,777066.6666666666,2,3,TODO: đặt tên nhóm 2
C07922,227,1,760000.0,760000.0,1,0,TODO: đặt tên nhóm 1
C07923,3,9,9493600.0,1054844.4444444445,0,2,TODO: đặt tên nhóm 0
C07924,8,3,1742200.0,580733.3333333334,2,0,TODO: đặt tên nhóm 2
C07925,54,3,2694700.0,898233.3333333334,2,0,TODO: đặt tên nhóm 2
C07926,76,3,1961300.0,653766.6666666666,2,0,TODO: đặt tên nhóm 2
C07927,23,4,1289550.0,322387.5,2,0,TODO: đặt tên nhóm 2
C07928,8,5,5402600.0,1080520.0,2,3,TODO: đặt tên nhóm 2
C07929,12,4,6490200.0,1622550.0,3,1,TODO: đặt tên nhóm 3
C07930,43,5,4023500.0,804700.0,2,3,TODO: đặt tên nhóm 2
C07931,140,4,3802900.0,950725.0,1,3,TODO: đặt tên nhóm 1
C07932,104,2,700150.0,350075.0,1,0,TODO: đặt tên nhóm 1
C07933,12,6,4822500.0,803750.0,2,3,TODO: đặt tên nhóm 2
C07934,162,2,22604633.0,11302316.5,3,1,TODO: đặt tên nhóm 3
C07935,109,3,1218000.0,406000.0,1,0,TODO: đặt tên nhóm 1
C07936,205,1,512000.0,512000.0,1,0,TODO: đặt tên nhóm 1
C07937,50,4,5574400.0,1393600.0,3,1,TODO: đặt tên nhóm 3
C07938,91,3,6144778.0,2048259.3333333333,3,1,TODO: đặt tên nhóm 3
C07939,55,3,2193500.0,731166.6666666666,2,0,TODO: đặt tên nhóm 2
C07941,51,3,1440700.0,480233.3333333333,2,0,TODO: đặt tên nhóm 2
C07942,95,3,5430250.0,1810083.3333333333,3,1,TODO: đặt tên nhóm 3
C07943,125,1,857000.0,857000.0,1,0,TODO: đặt tên nhóm 1
C07944,40,2,1627000.0,813500.0,2,0,TODO: đặt tên nhóm 2
C07946,160,2,896000.0,448000.0,1,0,TODO: đặt tên nhóm 1
C07947,133,2,3566000.0,1783000.0,3,1,TODO: đặt tên nhóm 3
C07948,115,5,10212600.0,2042520.0,3,1,TODO: đặt tên nhóm 3
C07949,55,8,6540150.0,817518.75,2,3,TODO: đặt tên nhóm 2
C07950,91,4,6900777.0,1725194.25,3,1,TODO: đặt tên nhóm 3
C07951,1,4,7091000.0,1772750.0,3,1,TODO: đặt tên nhóm 3
C07952,50,5,4207750.0,841550.0,2,3,TODO: đặt tên nhóm 2
C07953,59,3,1654400.0,551466.6666666666,2,0,TODO: đặt tên nhóm 2
C07954,71,1,671000.0,671000.0,2,0,TODO: đặt tên nhóm 2
C07955,165,2,707500.0,353750.0,1,0,TODO: đặt tên nhóm 1
C07956,42,5,2311750.0,462350.0,2,3,TODO: đặt tên nhóm 2
C07957,74,2,2898700.0,1449350.0,3,0,TODO: đặt tên nhóm 3
C07958,242,1,2160300.0,2160300.0,3,1,TODO: đặt tên nhóm 3
C07959,26,2,902600.0,451300.0,2,0,TODO: đặt tên nhóm 2
C07960,175,2,4112600.0,2056300.0,3,1,TODO: đặt tên nhóm 3
C07961,166,3,2839550.0,946516.6666666666,1,0,TODO: đặt tên nhóm 1
C07962,236,3,3955700.0,1318566.6666666667,1,0,TODO: đặt tên nhóm 1
C07963,85,2,2352000.0,1176000.0,1,0,TODO: đặt tên nhóm 1
C07964,22,2,963000.0,481500.0,2,0,TODO: đặt tên nhóm 2
C07965,157,1,727000.0,727000.0,1,0,TODO: đặt tên nhóm 1
C07966,169,4,2430000.0,607500.0,1,0,TODO: đặt tên nhóm 1
C07967,33,2,303850.0,151925.0,2,0,TODO: đặt tên nhóm 2
C07968,158,3,3700800.0,1233600.0,1,0,TODO: đặt tên nhóm 1
C07969,56,4,1641750.0,410437.5,2,0,TODO: đặt tên nhóm 2
C07970,68,3,936050.0,312016.6666666667,2,0,TODO: đặt tên nhóm 2
C07971,14,4,20495953.0,5123988.25,3,1,TODO: đặt tên nhóm 3
C07972,23,1,19153566.0,19153566.0,3,1,TODO: đặt tên nhóm 3
C07973,36,2,3787000.0,1893500.0,3,1,TODO: đặt tên nhóm 3
C07974,98,1,870200.0,870200.0,1,0,TODO: đặt tên nhóm 1
C07975,96,3,2831000.0,943666.6666666666,1,0,TODO: đặt tên nhóm 1
C07976,32,7,7510800.0,1072971.4285714286,2,3,TODO: đặt tên nhóm 2
C07977,101,4,1456400.0,364100.0,1,0,TODO: đặt tên nhóm 1
C07978,276,1,358000.0,358000.0,1,0,TODO: đặt tên nhóm 1
C07979,196,1,173700.0,173700.0,1,0,TODO: đặt tên nhóm 1
C07980,41,8,5590550.0,698818.75,2,2,TODO: đặt tên nhóm 2
C07981,5,6,3708650.0,618108.3333333334,2,3,TODO: đặt tên nhóm 2
C07982,16,6,3770200.0,628366.6666666666,2,3,TODO: đặt tên nhóm 2
C07983,75,3,2518400.0,839466.6666666666,2,0,TODO: đặt tên nhóm 2
C07984,295,1,627000.0,627000.0,1,0,TODO: đặt tên nhóm 1
C07985,5,3,2995100.0,998366.6666666666,2,0,TODO: đặt tên nhóm 2
C07986,42,5,9916000.0,1983200.0,3,1,TODO: đặt tên nhóm 3
C07987,55,4,3029000.0,757250.0,2,3,TODO: đặt tên nhóm 2
C07988,117,3,1218900.0,406300.0,1,0,TODO: đặt tên nhóm 1
C07989,80,3,2304600.0,768200.0,2,0,TODO: đặt tên nhóm 2
C07990,246,1,867000.0,867000.0,1,0,TODO: đặt tên nhóm 1
C07991,20,3,3207550.0,1069183.3333333333,2,0,TODO: đặt tên nhóm 2
C07992,66,2,3263250.0,1631625.0,3,1,TODO: đặt tên nhóm 3
C07993,34,3,5379000.0,1793000.0,3,1,TODO: đặt tên nhóm 3
C07994,114,2,2108000.0,1054000.0,1,0,TODO: đặt tên nhóm 1
C07995,280,2,3420000.0,1710000.0,1,1,TODO: đặt tên nhóm 1
C07996,121,3,1532300.0,510766.6666666667,1,0,TODO: đặt tên nhóm 1
C07997,142,1,1116000.0,1116000.0,1,0,TODO: đặt tên nhóm 1
C07999,50,3,6036750.0,2012250.0,3,1,TODO: đặt tên nhóm 3
C08000,34,2,3357900.0,1678950.0,3,1,TODO: đặt tên nhóm 3
