customer_id,age,gender,city,tenure_months,support_tickets,churn
C00001,47,Nữ,Hà Nội,15,1,0
C00002,32,Nam,Đà Nẵng,20,2,0
C00003,38,Nam,Cần Thơ,54,1,0
C00004,60,Nam,TP HCM,37,2,0
C00005,23,Nữ,TP HCM,39,0,0
C00006,37,Nữ,Cần Thơ,43,1,0
C00007,62,Nữ,Cần Thơ,10,1,0
C00008,43,Nam,Hải Phòng,4,2,0
C00009,18,Nữ,Hải Phòng,4,1,0
C00010,49,Nữ,Hà Nội,33,1,0
C00011,67,Nam,Hải Phòng,4,1,0
C00012,70,Nữ,Hải Phòng,40,2,0
C00013,46,Nam,Hải Phòng,21,1,0
C00014,18,Nam,TP HCM,27,0,0
C00015,43,Nữ,Hà Nội,59,1,0
C00016,54,Nam,Đà Nẵng,44,0,0
C00017,29,Nữ,Hải Phòng,52,1,0
C00018,37,Nữ,Đà Nẵng,21,1,0
C00019,33,Nữ,Đà Nẵng,18,1,0
C00020,18,Nam,TP HCM,5,2,0
C00021,69,Nam,TP HCM,51,1,0
C00022,63,Nam,Hải Phòng,16,2,0
C00023,29,Nam,Đà Nẵng,26,0,0
C00024,35,Nữ,Đà Nẵng,21,4,0
C00025,49,Nam,TP HCM,38,1,0
C00026,43,Nam,Hà Nội,26,2,0
C00027,29,Nam,TP HCM,58,3,0
C00028,57,Nam,Hà Nội,7,1,0
C00029,54,Nữ,TP HCM,21,1,0
C00030,21,Nữ,TP HCM,25,0,0
C00031,64,Nữ,Cần Thơ,37,1,0
C00032,28,Nữ,Hà Nội,54,0,0
C00033,28,Nữ,Hà Nội,59,0,0
C00034,36,Nữ,Hà Nội,50,1,0
C00035,18,Nữ,TP HCM,56,0,0
C00036,56,Nữ,TP HCM,54,1,0
C00037,35,Nam,TP HCM,3,0,0
C00038,61,Nữ,Hải Phòng,41,1,0
C00039,56,Nam,Đà Nẵng,41,3,0
C00040,21,Nữ,Hà Nội,6,3,0
C00041,61,Nữ,Hải Phòng,22,1,0
C00042,24,Nữ,TP HCM,11,1,0
C00043,53,Nam,Đà Nẵng,55,4,0
C00044,28,Nữ,Cần Thơ,53,0,0
C00045,37,Nam,TP HCM,43,3,0
C00046,18,Nữ,TP HCM,4,1,0
C00047,26,Nữ,Hà Nội,32,4,0
C00048,51,Nữ,Hải Phòng,50,1,0
C00049,18,Nữ,Cần Thơ,46,0,0
C00050,34,Nữ,TP HCM,53,2,0
C00051,50,Nữ,Hà Nội,23,2,0
C00052,26,Nữ,Hà Nội,48,3,0
C00053,31,Nam,TP HCM,60,1,0
C00054,67,Nam,TP HCM,54,1,0
C00055,59,Nam,Hà Nội,53,1,0
C00056,47,Nam,Hà Nội,58,1,0
C00057,42,Nữ,Đà Nẵng,21,0,0
C00058,60,Nam,TP HCM,36,1,0
C00059,25,Nam,TP HCM,14,2,0
C00060,45,Nữ,Hà Nội,26,4,0
C00061,31,Nữ,TP HCM,39,0,0
C00062,40,Nữ,TP HCM,38,2,0
C00063,40,Nam,TP HCM,55,3,0
C00064,45,Nữ,Hà Nội,38,2,0
C00065,66,Nam,Hà Nội,7,2,0
C00066,61,Nữ,Đà Nẵng,9,1,0
C00067,31,Nữ,Đà Nẵng,22,2,0
C00068,20,Nam,TP HCM,56,1,0
C00069,70,Nam,Hải Phòng,56,0,0
C00070,43,Nam,Đà Nẵng,45,0,0
C00071,44,Nam,TP HCM,43,3,0
C00072,18,Nữ,Hải Phòng,14,1,0
C00073,45,Nam,TP HCM,32,0,0
C00074,65,Nữ,Hà Nội,37,2,0
C00075,63,Nam,Đà Nẵng,36,2,0
C00076,51,Nam,Hải Phòng,34,1,0
C00077,37,Nam,TP HCM,18,2,0
C00078,26,Nam,Đà Nẵng,40,3,0
C00079,65,Nữ,Hà Nội,45,4,0
C00080,46,Nữ,Hà Nội,52,2,0
C00081,58,Nam,Hà Nội,2,1,0
C00082,33,Nữ,Cần Thơ,14,0,0
C00083,24,Nữ,Hải Phòng,14,3,0
C00084,30,Nam,TP HCM,41,0,0
C00085,66,Nữ,Đà Nẵng,23,1,0
C00086,68,Nữ,TP HCM,46,3,0
C00087,66,Nữ,Cần Thơ,25,0,0
C00088,19,Nam,Cần Thơ,6,0,0
C00089,46,Nam,TP HCM,40,1,0
C00090,26,Nam,Hà Nội,37,0,0
C00091,26,Nam,TP HCM,35,2,0
C00092,65,Nam,Cần Thơ,36,0,0
C00093,49,Nữ,TP HCM,14,0,0
C00094,70,Nam,Hà Nội,49,1,0
C00095,47,Nam,Cần Thơ,44,4,0
C00096,24,Nam,TP HCM,22,1,0
C00097,45,Nam,Đà Nẵng,31,0,0
C00098,45,Nữ,Hà Nội,32,2,0
C00099,51,Nữ,Hà Nội,42,3,0
C00100,49,Nữ,Đà Nẵng,24,4,0
C00101,68,Nữ,Đà Nẵng,5,0,0
C00102,19,Nam,TP HCM,5,1,0
C00103,67,Nữ,TP HCM,16,1,0
C00104,24,Nam,TP HCM,45,2,0
C00105,38,Nữ,Hà Nội,23,2,0
C00106,29,Nam,Hà Nội,20,0,0
C00107,67,Nữ,Hà Nội,40,4,0
C00108,65,Nam,Đà Nẵng,44,1,0
C00109,19,Nữ,Hải Phòng,57,1,0
C00110,35,Nam,Hà Nội,9,1,0
C00111,24,Nam,Hà Nội,51,2,0
C00112,26,Nam,TP HCM,5,1,0
C00113,39,Nam,TP HCM,18,1,0
C00114,34,Nam,Cần Thơ,23,0,0
C00115,65,Nữ,Đà Nẵng,27,0,0
C00116,26,Nam,TP HCM,24,0,0
C00117,49,Nữ,Cần Thơ,57,0,0
C00118,58,Nữ,Cần Thơ,8,1,0
C00119,42,Nam,Hà Nội,33,2,0
C00120,52,Nam,TP HCM,19,2,0
C00121,18,Nam,TP HCM,40,1,0
C00122,50,Nam,TP HCM,29,2,0
C00123,55,Nam,Hải Phòng,44,1,0
C00124,68,Nam,TP HCM,9,1,0
C00125,38,Nữ,TP HCM,17,0,0
C00126,26,Nam,Hà Nội,1,0,0
C00127,30,Nữ,Cần Thơ,47,2,0
C00128,37,Nam,Hà Nội,20,1,0
C00129,19,Nam,TP HCM,2,2,0
C00130,41,Nam,Hà Nội,3,0,0
C00131,18,Nam,Cần Thơ,27,0,0
C00132,47,Nam,Hà Nội,12,1,0
C00133,29,Nữ,TP HCM,13,1,0
C00134,23,Nữ,TP HCM,27,1,0
C00135,37,Nữ,Đà Nẵng,36,1,0
C00136,45,Nữ,TP HCM,20,0,0
C00137,38,Nam,Đà Nẵng,34,0,0
C00138,36,Nữ,TP HCM,17,0,0
C00139,47,Nữ,TP HCM,60,0,0
C00140,30,Nữ,Đà Nẵng,17,3,0
C00141,55,Nữ,Hải Phòng,13,2,0
C00142,24,Nam,Cần Thơ,23,4,0
C00143,38,Nam,TP HCM,51,3,0
C00144,60,Nữ,Đà Nẵng,15,0,0
C00145,36,Nữ,Đà Nẵng,16,1,0
C00146,26,Nữ,Cần Thơ,60,0,0
C00147,54,Nam,Cần Thơ,41,1,0
C00148,49,Nam,Hải Phòng,32,0,0
C00149,52,Nam,Cần Thơ,39,3,0
C00150,47,Nam,Đà Nẵng,18,3,0
C00151,19,Nữ,Cần Thơ,3,2,0
C00152,66,Nữ,Hải Phòng,27,0,0
C00153,20,Nam,TP HCM,32,3,0
C00154,67,Nữ,Hải Phòng,43,2,0
C00155,57,Nam,Đà Nẵng,56,3,0
C00156,58,Nam,TP HCM,2,2,0
C00157,60,Nữ,Đà Nẵng,53,0,0
C00158,68,Nam,Đà Nẵng,52,1,0
C00159,22,Nam,TP HCM,56,0,0
C00160,38,Nam,Hải Phòng,42,2,0
C00161,34,Nữ,TP HCM,8,0,0
C00162,60,Nam,TP HCM,2,1,0
C00163,58,Nữ,Đà Nẵng,30,2,0
C00164,35,Nam,Hà Nội,7,2,0
C00165,57,Nam,TP HCM,52,1,0
C00166,21,Nữ,TP HCM,41,3,0
C00167,28,Nam,Cần Thơ,7,1,0
C00168,65,Nữ,TP HCM,59,1,0
C00169,51,Nữ,Hải Phòng,50,1,0
C00170,31,Nữ,Đà Nẵng,35,0,0
C00171,24,Nữ,Cần Thơ,47,0,0
C00172,56,Nam,Hải Phòng,36,2,0
C00173,26,Nữ,Hà Nội,53,1,0
C00174,22,Nam,Hà Nội,46,2,0
C00175,66,Nữ,Hà Nội,60,1,0
C00176,45,Nữ,Đà Nẵng,55,1,0
C00177,44,Nam,TP HCM,4,0,0
C00178,53,Nam,Đà Nẵng,22,2,0
C00179,46,Nam,TP HCM,19,0,0
C00180,57,Nam,Hà Nội,37,1,0
C00181,29,Nữ,Hà Nội,37,0,0
C00182,54,Nam,Cần Thơ,43,0,0
C00183,66,Nữ,Đà Nẵng,38,0,0
C00184,53,Nữ,Hà Nội,59,2,0
C00185,65,Nữ,TP HCM,38,1,0
C00186,51,Nam,Đà Nẵng,59,2,0
C00187,25,Nam,Hà Nội,22,1,0
C00188,30,Nữ,Đà Nẵng,22,3,0
C00189,18,Nữ,Hà Nội,16,2,0
C00190,60,Nữ,Hà Nội,49,3,0
C00191,40,Nam,TP HCM,6,0,0
C00192,40,Nữ,Hà Nội,31,0,0
C00193,41,Nữ,Đà Nẵng,12,0,0
C00194,33,Nữ,Hà Nội,43,3,0
C00195,22,Nam,Hà Nội,2,1,0
C00196,47,Nữ,TP HCM,5,5,0
C00197,62,Nam,Hà Nội,1,1,0
C00198,25,Nữ,TP HCM,16,2,0
C00199,32,Nam,Cần Thơ,43,0,0
C00200,24,Nam,TP HCM,57,2,0
C00201,69,Nữ,TP HCM,29,0,0
C00202,44,Nam,TP HCM,17,0,0
C00203,43,Nữ,Hà Nội,22,4,0
C00204,67,Nam,TP HCM,54,1,0
C00205,43,Nam,TP HCM,31,2,0
C00206,27,Nam,Hà Nội,46,1,0
C00207,40,Nam,TP HCM,36,2,0
C00208,33,Nam,TP HCM,9,3,0
C00209,47,Nam,Hà Nội,49,0,0
C00210,59,Nam,TP HCM,46,0,0
C00211,23,Nam,Cần Thơ,16,1,0
C00212,43,Nữ,Cần Thơ,18,0,0
C00213,54,Nam,TP HCM,16,3,0
C00214,46,Nữ,TP HCM,32,1,0
C00215,64,Nữ,TP HCM,20,1,0
C00216,36,Nam,Đà Nẵng,18,0,0
C00217,68,Nữ,Cần Thơ,22,2,0
C00218,64,Nữ,Hà Nội,32,2,0
C00219,22,Nam,TP HCM,22,2,0
C00220,56,Nữ,Hải Phòng,13,1,0
C00221,65,Nữ,Cần Thơ,25,1,0
C00222,35,Nam,Hà Nội,53,0,0
C00223,63,Nam,TP HCM,6,0,0
C00224,35,Nữ,Hải Phòng,47,2,0
C00225,41,Nam,TP HCM,1,1,0
C00226,58,Nam,Hà Nội,41,1,0
C00227,44,Nữ,Hà Nội,15,0,0
C00228,37,Nữ,TP HCM,3,3,0
C00229,70,Nữ,Hà Nội,37,3,0
C00230,28,Nữ,TP HCM,56,0,0
C00231,34,Nam,TP HCM,29,4,1
C00232,21,Nam,Cần Thơ,28,0,0
C00233,21,Nam,Cần Thơ,8,0,0
C00234,55,Nữ,Đà Nẵng,41,3,0
C00235,61,Nam,TP HCM,30,1,0
C00236,50,Nam,Hà Nội,32,1,0
C00237,42,Nữ,Hà Nội,57,0,0
C00238,35,Nữ,TP HCM,14,1,0
C00239,53,Nam,Cần Thơ,25,0,0
C00240,53,Nữ,Cần Thơ,4,0,0
C00241,18,Nam,Cần Thơ,21,3,0
C00242,45,Nam,TP HCM,52,1,0
C00243,62,Nữ,TP HCM,40,1,0
C00244,25,Nam,Hải Phòng,55,3,0
C00245,27,Nữ,Hà Nội,47,0,0
C00246,35,Nam,Cần Thơ,13,3,0
C00247,45,Nam,Đà Nẵng,50,1,0
C00248,24,Nữ,TP HCM,3,0,0
C00249,33,Nữ,Hà Nội,26,2,0
C00250,33,Nam,Hải Phòng,57,0,0
C00251,43,Nữ,TP HCM,2,2,0
C00252,19,Nam,Hà Nội,8,3,0
C00253,60,Nữ,Hải Phòng,8,3,1
C00254,19,Nữ,Hải Phòng,33,4,0
C00255,46,Nam,Hà Nội,36,2,0
C00256,70,Nam,Đà Nẵng,36,2,0
C00257,20,Nữ,TP HCM,60,0,0
C00258,23,Nữ,Đà Nẵng,39,4,0
C00259,21,Nữ,Hà Nội,47,1,0
C00260,47,Nam,TP HCM,37,4,0
C00261,48,Nữ,Đà Nẵng,49,4,0
C00262,33,Nam,Đà Nẵng,25,1,0
C00263,50,Nữ,Cần Thơ,58,2,0
C00264,69,Nữ,Đà Nẵng,57,0,0
C00265,66,Nam,TP HCM,57,0,0
C00266,26,Nam,Đà Nẵng,41,1,0
C00267,68,Nam,Hà Nội,6,1,0
C00268,32,Nam,Hà Nội,48,1,0
C00269,66,Nam,Hà Nội,16,2,0
C00270,70,Nam,Hải Phòng,33,0,0
C00271,19,Nam,Hà Nội,60,1,0
C00272,46,Nữ,Hà Nội,4,0,0
C00273,40,Nữ,TP HCM,5,1,0
C00274,46,Nữ,Hải Phòng,43,1,0
C00275,40,Nữ,Đà Nẵng,36,0,0
C00276,41,Nam,TP HCM,15,1,0
C00277,64,Nữ,TP HCM,37,0,0
C00278,18,Nữ,TP HCM,54,1,0
C00279,66,Nam,Hà Nội,4,1,0
C00280,44,Nam,Hà Nội,18,3,0
C00281,50,Nam,TP HCM,23,3,0
C00282,55,Nữ,Hà Nội,24,1,0
C00283,44,Nữ,Hà Nội,24,1,0
C00284,19,Nam,TP HCM,27,1,0
C00285,33,Nam,TP HCM,8,1,0
C00286,47,Nam,Hải Phòng,38,2,1
C00287,54,Nam,Đà Nẵng,38,1,0
C00288,57,Nữ,Hà Nội,31,0,0
C00289,24,Nam,TP HCM,30,0,0
C00290,43,Nữ,Đà Nẵng,26,0,0
C00291,62,Nữ,Cần Thơ,36,1,0
C00292,22,Nam,Hải Phòng,30,0,0
C00293,31,Nữ,Cần Thơ,44,1,0
C00294,36,Nữ,Cần Thơ,14,1,0
C00295,42,Nam,Hải Phòng,56,2,0
C00296,48,Nam,Hà Nội,58,1,0
C00297,44,Nam,TP HCM,42,2,0
C00298,25,Nam,Hải Phòng,8,2,0
C00299,62,Nữ,Hà Nội,31,2,0
C00300,31,Nam,Đà Nẵng,58,2,0
C00301,29,Nữ,Hà Nội,55,0,0
C00302,20,Nam,Hà Nội,2,0,0
C00303,37,Nam,Hải Phòng,5,0,0
C00304,24,Nữ,TP HCM,28,1,0
C00305,54,Nam,Hà Nội,6,0,0
C00306,36,Nữ,Hà Nội,26,0,1
C00307,52,Nam,TP HCM,13,0,0
C00308,19,Nữ,TP HCM,13,0,0
C00309,63,Nữ,Cần Thơ,58,2,0
C00310,43,Nam,TP HCM,55,2,0
C00311,29,Nữ,Đà Nẵng,26,0,0
C00312,32,Nam,TP HCM,35,3,0
C00313,44,Nam,Hải Phòng,42,1,0
C00314,68,Nam,TP HCM,25,1,0
C00315,25,Nam,Hải Phòng,38,2,0
C00316,30,Nam,TP HCM,59,1,0
C00317,23,Nam,Hải Phòng,7,1,0
C00318,22,Nam,Hải Phòng,10,1,0
C00319,25,Nam,Cần Thơ,30,1,0
C00320,44,Nữ,Cần Thơ,36,2,0
C00321,23,Nam,Hà Nội,29,0,0
C00322,67,Nữ,TP HCM,52,1,0
C00323,66,Nữ,Hà Nội,31,2,0
C00324,43,Nam,TP HCM,19,1,0
C00325,46,Nữ,Đà Nẵng,16,2,0
C00326,32,Nam,TP HCM,57,1,0
C00327,67,Nữ,TP HCM,4,1,0
C00328,24,Nữ,Đà Nẵng,21,0,0
C00329,34,Nam,Hải Phòng,40,1,0
C00330,64,Nam,TP HCM,9,2,0
C00331,50,Nữ,TP HCM,24,0,0
C00332,68,Nam,TP HCM,35,1,0
C00333,49,Nam,Đà Nẵng,50,3,0
C00334,30,Nữ,Cần Thơ,55,3,0
C00335,69,Nam,TP HCM,37,0,0
C00336,21,Nam,Hà Nội,34,2,0
C00337,45,Nữ,Hải Phòng,49,2,0
C00338,30,Nam,Hà Nội,60,0,0
C00339,34,Nữ,Đà Nẵng,60,4,0
C00340,32,Nữ,TP HCM,29,0,0
C00341,48,Nữ,TP HCM,10,1,0
C00342,70,Nữ,TP HCM,34,0,0
C00343,54,Nam,TP HCM,42,1,0
C00344,33,Nữ,TP HCM,56,1,0
C00345,69,Nữ,TP HCM,54,1,0
C00346,25,Nữ,Đà Nẵng,60,3,0
C00347,37,Nam,Hà Nội,59,1,0
C00348,40,Nữ,TP HCM,19,1,0
C00349,66,Nữ,TP HCM,40,0,0
C00350,18,Nữ,Hà Nội,17,0,0
C00351,54,Nam,TP HCM,58,1,0
C00352,59,Nữ,TP HCM,34,0,0
C00353,43,Nam,Hà Nội,46,0,0
C00354,56,Nam,Đà Nẵng,6,0,0
C00355,66,Nữ,TP HCM,27,0,0
C00356,60,Nam,TP HCM,30,3,0
C00357,21,Nữ,TP HCM,5,0,0
C00358,31,Nữ,Hải Phòng,6,0,0
C00359,64,Nam,Hà Nội,27,0,0
C00360,56,Nữ,Hải Phòng,16,0,0
C00361,34,Nam,Hà Nội,13,1,0
C00362,61,Nữ,Hải Phòng,11,1,0
C00363,43,Nam,Hà Nội,23,0,0
C00364,62,Nữ,TP HCM,16,0,0
C00365,68,Nữ,Hà Nội,35,3,0
C00366,50,Nam,Hà Nội,7,0,0
C00367,62,Nam,Đà Nẵng,52,1,0
C00368,20,Nữ,Cần Thơ,56,1,0
C00369,25,Nữ,Hải Phòng,54,2,0
C00370,56,Nữ,TP HCM,35,0,0
C00371,64,Nữ,TP HCM,14,0,0
C00372,36,Nam,Cần Thơ,8,0,0
C00373,47,Nữ,Hà Nội,50,2,0
C00374,22,Nam,TP HCM,34,1,1
C00375,48,Nữ,TP HCM,6,2,0
C00376,40,Nam,Hải Phòng,36,0,0
C00377,32,Nam,Đà Nẵng,31,0,0
C00378,36,Nam,TP HCM,46,0,0
C00379,53,Nam,TP HCM,31,1,0
C00380,49,Nam,Hà Nội,58,2,0
C00381,40,Nam,Đà Nẵng,59,0,1
C00382,25,Nữ,Hà Nội,36,1,0
C00383,68,Nam,TP HCM,58,2,0
C00384,67,Nữ,Đà Nẵng,30,2,0
C00385,49,Nữ,Hà Nội,47,1,0
C00386,67,Nam,Hà Nội,3,0,0
C00387,42,Nam,TP HCM,9,1,0
C00388,49,Nam,TP HCM,53,3,0
C00389,50,Nam,Đà Nẵng,9,0,0
C00390,56,Nam,Hà Nội,52,3,0
C00391,26,Nam,TP HCM,27,1,0
C00392,31,Nữ,TP HCM,15,1,0
C00393,24,Nam,Hải Phòng,25,1,0
C00394,32,Nữ,Hà Nội,47,1,0
C00395,21,Nữ,TP HCM,27,0,0
C00396,36,Nữ,TP HCM,29,5,0
C00397,22,Nữ,TP HCM,19,1,0
C00398,24,Nữ,TP HCM,2,4,0
C00399,21,Nam,TP HCM,38,2,0
C00400,70,Nam,Hà Nội,11,1,0
C00401,65,Nam,TP HCM,48,3,0
C00402,61,Nữ,Hà Nội,46,1,0
C00403,31,Nữ,Đà Nẵng,30,1,0
C00404,19,Nam,Hà Nội,21,3,0
C00405,70,Nữ,TP HCM,18,1,0
C00406,45,Nữ,Hà Nội,2,1,0
C00407,22,Nam,Hà Nội,17,1,0
C00408,39,Nữ,Đà Nẵng,26,1,0
C00409,57,Nữ,Hà Nội,17,2,0
C00410,70,Nữ,Hà Nội,12,1,0
C00411,20,Nam,TP HCM,39,1,0
C00412,50,Nam,Cần Thơ,29,2,0
C00413,43,Nam,TP HCM,7,1,0
C00414,63,Nam,TP HCM,40,0,0
C00415,31,Nữ,Hải Phòng,58,0,0
C00416,47,Nữ,TP HCM,25,1,0
C00417,54,Nữ,TP HCM,17,0,0
C00418,64,Nam,Cần Thơ,48,2,0
C00419,35,Nam,TP HCM,41,1,0
C00420,68,Nữ,Hà Nội,18,2,0
C00421,31,Nữ,TP HCM,53,3,0
C00422,49,Nữ,Cần Thơ,23,3,0
C00423,49,Nam,TP HCM,18,0,0
C00424,57,Nữ,Hải Phòng,34,1,0
C00425,45,Nữ,Hà Nội,10,3,1
C00426,70,Nữ,TP HCM,39,2,0
C00427,63,Nam,Cần Thơ,25,1,0
C00428,47,Nữ,Hà Nội,60,1,0
C00429,62,Nam,Đà Nẵng,1,0,0
C00430,49,Nữ,TP HCM,50,0,0
C00431,45,Nam,Đà Nẵng,4,1,0
C00432,23,Nam,Đà Nẵng,39,2,1
C00433,56,Nam,TP HCM,34,2,0
C00434,43,Nam,Đà Nẵng,49,2,0
C00435,58,Nam,Hà Nội,22,1,0
C00436,69,Nam,Hà Nội,25,2,0
C00437,20,Nữ,TP HCM,12,2,0
C00438,24,Nam,Đà Nẵng,12,1,1
C00439,60,Nữ,Cần Thơ,32,2,0
C00440,53,Nữ,TP HCM,54,1,0
C00441,64,Nữ,Hải Phòng,26,1,0
C00442,39,Nữ,Hải Phòng,35,0,0
C00443,42,Nữ,Hà Nội,13,0,0
C00444,19,Nam,Hải Phòng,31,3,0
C00445,65,Nam,TP HCM,29,3,0
C00446,52,Nam,Hà Nội,2,0,0
C00447,43,Nam,Hà Nội,2,0,0
C00448,32,Nữ,Hà Nội,5,1,0
C00449,24,Nam,Hà Nội,49,2,0
C00450,49,Nữ,Hải Phòng,57,0,0
C00451,65,Nữ,Hà Nội,25,1,0
C00452,35,Nữ,TP HCM,19,1,0
C00453,70,Nam,TP HCM,10,3,0
C00454,53,Nữ,Cần Thơ,41,0,0
C00455,44,Nam,Cần Thơ,39,2,1
C00456,18,Nam,Hà Nội,17,4,0
C00457,39,Nam,Cần Thơ,46,1,0
C00458,65,Nữ,Hải Phòng,44,0,0
C00459,42,Nam,TP HCM,55,0,0
C00460,26,Nữ,TP HCM,52,2,0
C00461,61,Nữ,TP HCM,17,1,0
C00462,50,Nữ,Cần Thơ,2,2,0
C00463,44,Nữ,TP HCM,52,0,0
C00464,51,Nữ,Hà Nội,33,1,0
C00465,45,Nữ,Đà Nẵng,57,3,0
C00466,45,Nữ,Hải Phòng,30,1,0
C00467,68,Nam,Hải Phòng,60,0,0
C00468,29,Nam,TP HCM,15,0,0
C00469,67,Nữ,Đà Nẵng,14,1,0
C00470,30,Nam,TP HCM,52,1,0
C00471,68,Nữ,Cần Thơ,10,1,0
C00472,58,Nữ,TP HCM,17,2,0
C00473,60,Nữ,Hà Nội,40,0,0
C00474,52,Nam,TP HCM,15,0,0
C00475,21,Nữ,TP HCM,53,3,0
C00476,64,Nữ,TP HCM,35,1,0
C00477,69,Nữ,Đà Nẵng,9,1,0
C00478,70,Nam,Đà Nẵng,44,1,0
C00479,42,Nam,Đà Nẵng,16,0,0
C00480,61,Nam,TP HCM,38,4,1
C00481,40,Nữ,Hải Phòng,24,2,0
C00482,55,Nam,Hà Nội,45,0,0
C00483,53,Nữ,Đà Nẵng,40,3,0
C00484,45,Nam,Đà Nẵng,49,1,0
C00485,58,Nam,TP HCM,53,2,0
C00486,41,Nam,Cần Thơ,10,5,1
C00487,64,Nữ,Hải Phòng,7,0,0
C00488,26,Nữ,Cần Thơ,28,0,0
C00489,48,Nữ,Đà Nẵng,23,3,0
C00490,65,Nữ,Hải Phòng,23,2,0
C00491,64,Nam,Hà Nội,23,4,0
C00492,52,Nữ,Đà Nẵng,14,2,1
C00493,44,Nam,TP HCM,56,2,0
C00494,57,Nữ,TP HCM,16,3,0
C00495,57,Nữ,TP HCM,53,2,0
C00496,26,Nữ,TP HCM,5,0,0
C00497,52,Nữ,Hà Nội,32,3,0
C00498,64,Nữ,TP HCM,15,2,0
C00499,64,Nam,Hải Phòng,13,2,0
C00500,22,Nữ,Hà Nội,14,0,0
C00501,39,Nữ,TP HCM,51,1,0
C00502,24,Nữ,Hà Nội,49,1,0
C00503,26,Nam,Hà Nội,32,2,0
C00504,52,Nam,TP HCM,13,0,0
C00505,69,Nam,TP HCM,52,0,0
C00506,50,Nam,Hà Nội,60,3,0
C00507,44,Nam,Đà Nẵng,41,2,0
C00508,55,Nam,Hải Phòng,27,1,0
C00509,45,Nam,TP HCM,52,2,0
C00510,67,Nữ,Đà Nẵng,57,2,0
C00511,26,Nam,Hà Nội,11,2,0
C00512,50,Nam,Hải Phòng,57,3,0
C00513,33,Nam,TP HCM,29,0,0
C00514,37,Nam,Cần Thơ,30,2,0
C00515,66,Nữ,Hải Phòng,2,1,0
C00516,62,Nữ,Hà Nội,18,4,0
C00517,53,Nữ,Cần Thơ,49,2,0
C00518,36,Nữ,TP HCM,30,1,0
C00519,22,Nữ,Hà Nội,13,2,0
C00520,36,Nữ,Hải Phòng,29,0,0
C00521,24,Nam,Cần Thơ,13,1,0
C00522,24,Nữ,Hà Nội,34,0,0
C00523,39,Nam,Đà Nẵng,58,2,0
C00524,51,Nữ,Đà Nẵng,26,0,1
C00525,25,Nam,TP HCM,22,1,0
C00526,55,Nam,Hà Nội,48,4,0
C00527,68,Nam,Hà Nội,42,1,0
C00528,64,Nam,TP HCM,20,3,0
C00529,26,Nữ,TP HCM,44,2,0
C00530,46,Nam,Hà Nội,5,3,1
C00531,67,Nam,Hà Nội,3,0,0
C00532,33,Nữ,Hà Nội,16,1,0
C00533,68,Nam,Hải Phòng,43,1,0
C00534,68,Nữ,TP HCM,26,1,0
C00535,57,Nam,Hải Phòng,45,2,0
C00536,51,Nam,TP HCM,53,3,0
C00537,64,Nam,TP HCM,36,0,0
C00538,40,Nữ,Hải Phòng,35,3,0
C00539,37,Nữ,Hà Nội,54,2,0
C00540,29,Nữ,TP HCM,46,2,0
C00541,69,Nam,Hà Nội,42,3,0
C00542,37,Nữ,TP HCM,15,1,1
C00543,38,Nữ,Hà Nội,12,1,0
C00544,59,Nam,Hà Nội,51,0,0
C00545,28,Nam,Hà Nội,36,2,0
C00546,49,Nữ,Hải Phòng,7,1,0
C00547,26,Nam,Hà Nội,21,2,0
C00548,65,Nữ,TP HCM,27,0,0
C00549,39,Nữ,Đà Nẵng,43,2,0
C00550,59,Nữ,Hà Nội,43,1,0
C00551,31,Nữ,TP HCM,7,2,0
C00552,40,Nam,Đà Nẵng,10,1,0
C00553,60,Nam,Hà Nội,38,2,0
C00554,21,Nữ,Hà Nội,43,0,0
C00555,40,Nam,Hà Nội,36,1,0
C00556,55,Nam,Hà Nội,25,3,0
C00557,37,Nam,Cần Thơ,17,2,1
C00558,48,Nữ,Hà Nội,36,0,0
C00559,56,Nữ,Hà Nội,23,3,1
C00560,68,Nam,TP HCM,25,0,0
C00561,39,Nữ,Hà Nội,23,3,0
C00562,46,Nam,Hải Phòng,46,0,0
C00563,20,Nam,TP HCM,52,2,0
C00564,30,Nữ,Đà Nẵng,1,0,0
C00565,69,Nam,Hà Nội,17,1,1
C00566,26,Nam,Đà Nẵng,32,1,0
C00567,36,Nam,Cần Thơ,18,3,0
C00568,48,Nam,Hà Nội,18,1,0
C00569,37,Nữ,Đà Nẵng,10,2,0
C00570,48,Nữ,Hà Nội,15,0,0
C00571,36,Nữ,Hà Nội,7,1,0
C00572,64,Nữ,Đà Nẵng,53,1,0
C00573,51,Nam,TP HCM,29,1,0
C00574,57,Nữ,Hà Nội,18,0,0
C00575,33,Nữ,Hà Nội,57,2,0
C00576,52,Nam,Đà Nẵng,30,0,0
C00577,54,Nữ,TP HCM,28,1,0
C00578,68,Nam,Hải Phòng,28,1,0
C00579,56,Nữ,TP HCM,34,0,0
C00580,66,Nữ,Cần Thơ,45,0,0
C00581,40,Nữ,TP HCM,30,0,0
C00582,64,Nữ,Hà Nội,13,1,0
C00583,67,Nam,TP HCM,46,1,0
C00584,55,Nam,TP HCM,23,2,0
C00585,24,Nữ,Cần Thơ,12,2,0
C00586,62,Nam,Cần Thơ,8,1,0
C00587,61,Nam,Hà Nội,55,3,0
C00588,43,Nữ,Cần Thơ,43,1,0
C00589,40,Nam,Hà Nội,54,1,0
C00590,68,Nữ,Đà Nẵng,57,1,0
C00591,21,Nam,Cần Thơ,36,4,0
C00592,43,Nam,TP HCM,56,2,1
C00593,38,Nam,Hà Nội,16,3,1
C00594,30,Nữ,TP HCM,38,1,0
C00595,64,Nữ,TP HCM,4,0,0
C00596,26,Nữ,TP HCM,18,0,0
C00597,68,Nam,Cần Thơ,29,1,0
C00598,49,Nam,TP HCM,58,1,0
C00599,48,Nữ,TP HCM,25,2,0
C00600,63,Nam,TP HCM,43,1,0
C00601,18,Nam,TP HCM,1,1,0
C00602,29,Nam,Hà Nội,42,0,1
C00603,26,Nữ,TP HCM,41,1,0
C00604,67,Nam,Đà Nẵng,12,2,0
C00605,55,Nam,Hà Nội,6,0,0
C00606,60,Nam,Hà Nội,43,1,0
C00607,27,Nam,Hà Nội,8,1,1
C00608,64,Nữ,TP HCM,21,2,0
C00609,27,Nam,Cần Thơ,10,4,1
C00610,47,Nữ,Hà Nội,39,3,1
C00611,42,Nam,TP HCM,55,1,0
C00612,22,Nam,Hà Nội,29,3,0
C00613,38,Nữ,Hà Nội,1,0,0
C00614,65,Nam,Hà Nội,59,3,0
C00615,68,Nữ,Hà Nội,56,1,0
C00616,30,Nam,Đà Nẵng,17,0,0
C00617,43,Nữ,Hà Nội,7,3,0
C00618,22,Nam,Đà Nẵng,21,0,0
C00619,48,Nữ,Hà Nội,8,0,0
C00620,58,Nữ,Đà Nẵng,17,0,0
C00621,67,Nam,Đà Nẵng,11,0,0
C00622,23,Nam,TP HCM,22,0,0
C00623,49,Nữ,Đà Nẵng,12,0,0
C00624,46,Nữ,TP HCM,7,1,0
C00625,54,Nữ,Hà Nội,43,2,0
C00626,48,Nữ,Đà Nẵng,49,3,0
C00627,31,Nam,Hà Nội,53,0,0
C00628,59,Nữ,TP HCM,5,2,0
C00629,59,Nam,TP HCM,47,3,0
C00630,34,Nam,Đà Nẵng,44,1,0
C00631,29,Nam,Hà Nội,32,1,0
C00632,61,Nam,Hải Phòng,33,0,0
C00633,20,Nữ,Hải Phòng,2,0,0
C00634,55,Nam,Cần Thơ,49,3,0
C00635,31,Nữ,Hải Phòng,47,3,0
C00636,18,Nữ,Hà Nội,43,1,0
C00637,52,Nam,Hải Phòng,19,1,0
C00638,52,Nam,Cần Thơ,6,0,0
C00639,70,Nam,Đà Nẵng,48,2,0
C00640,66,Nam,Hà Nội,35,3,0
C00641,36,Nữ,Hà Nội,60,1,0
C00642,39,Nam,TP HCM,36,3,0
C00643,51,Nam,Đà Nẵng,19,3,0
C00644,24,Nữ,TP HCM,27,1,0
C00645,56,Nữ,Hà Nội,26,1,0
C00646,32,Nữ,Hà Nội,17,2,0
C00647,39,Nam,Hà Nội,27,2,1
C00648,47,Nữ,TP HCM,17,0,0
C00649,67,Nữ,Cần Thơ,24,4,1
C00650,30,Nam,Hải Phòng,54,2,0
C00651,33,Nam,Hải Phòng,30,2,0
C00652,18,Nữ,Đà Nẵng,32,1,0
C00653,19,Nam,TP HCM,49,2,0
C00654,41,Nam,Hải Phòng,15,1,0
C00655,32,Nữ,TP HCM,26,2,0
C00656,58,Nữ,TP HCM,5,2,0
C00657,64,Nữ,TP HCM,3,1,0
C00658,27,Nữ,Đà Nẵng,21,2,0
C00659,59,Nam,Hải Phòng,42,1,0
C00660,27,Nữ,TP HCM,7,2,1
C00661,63,Nữ,Cần Thơ,34,0,0
C00662,33,Nam,TP HCM,27,1,0
C00663,40,Nữ,TP HCM,22,3,0
C00664,57,Nam,TP HCM,25,2,1
C00665,66,Nam,Hà Nội,41,0,0
C00666,42,Nam,Hà Nội,21,0,0
C00667,42,Nam,TP HCM,4,2,1
C00668,26,Nữ,TP HCM,48,2,0
C00669,58,Nữ,TP HCM,13,0,0
C00670,31,Nam,Đà Nẵng,14,2,0
C00671,32,Nữ,Đà Nẵng,56,2,0
C00672,59,Nam,TP HCM,16,3,0
C00673,38,Nữ,Đà Nẵng,28,0,0
C00674,48,Nữ,Hà Nội,60,3,0
C00675,23,Nam,TP HCM,13,1,0
C00676,19,Nữ,TP HCM,48,2,0
C00677,22,Nam,Hà Nội,32,2,0
C00678,54,Nam,TP HCM,26,0,0
C00679,36,Nam,Cần Thơ,24,1,0
C00680,35,Nam,TP HCM,50,1,0
C00681,50,Nữ,Hà Nội,23,1,0
C00682,21,Nam,TP HCM,32,1,0
C00683,53,Nam,Hà Nội,8,0,0
C00684,59,Nữ,Đà Nẵng,33,1,0
C00685,33,Nữ,Hà Nội,13,1,1
C00686,63,Nam,Đà Nẵng,6,0,0
C00687,56,Nam,Hà Nội,45,1,0
C00688,26,Nữ,Hải Phòng,3,1,1
C00689,48,Nam,Hải Phòng,40,1,0
C00690,57,Nữ,TP HCM,26,1,0
C00691,65,Nam,Hà Nội,12,1,0
C00692,20,Nam,TP HCM,38,2,0
C00693,24,Nam,TP HCM,39,1,0
C00694,39,Nữ,TP HCM,35,2,0
C00695,31,Nam,Hải Phòng,14,1,0
C00696,24,Nữ,Hải Phòng,20,3,0
C00697,37,Nam,TP HCM,46,1,0
C00698,70,Nữ,Hà Nội,10,0,0
C00699,18,Nữ,Hà Nội,46,2,0
C00700,49,Nữ,Hà Nội,2,0,0
C00701,47,Nữ,Cần Thơ,37,1,0
C00702,55,Nữ,Cần Thơ,37,0,0
C00703,24,Nữ,TP HCM,48,2,0
C00704,67,Nữ,TP HCM,50,2,0
C00705,46,Nam,Hà Nội,25,0,0
C00706,56,Nam,Hà Nội,42,1,1
C00707,19,Nam,Hà Nội,39,2,0
C00708,46,Nam,Hà Nội,9,1,0
C00709,57,Nam,TP HCM,27,0,0
C00710,33,Nam,Đà Nẵng,38,0,0
C00711,62,Nữ,TP HCM,25,0,0
C00712,47,Nam,Hà Nội,24,1,0
C00713,47,Nam,TP HCM,18,1,0
C00714,23,Nữ,Hải Phòng,34,0,0
C00715,55,Nam,Hà Nội,32,2,0
C00716,60,Nam,TP HCM,1,0,1
C00717,62,Nam,Hà Nội,22,2,0
C00718,50,Nữ,Cần Thơ,26,1,0
C00719,23,Nam,Hà Nội,46,0,0
C00720,69,Nam,Đà Nẵng,52,1,0
C00721,60,Nam,Hải Phòng,39,3,0
C00722,65,Nữ,TP HCM,22,2,0
C00723,54,Nữ,TP HCM,18,1,0
C00724,47,Nữ,TP HCM,26,0,0
C00725,64,Nam,Đà Nẵng,22,2,0
C00726,60,Nữ,TP HCM,60,4,1
C00727,66,Nam,Cần Thơ,43,1,0
C00728,48,Nam,Hà Nội,26,0,0
C00729,30,Nam,Đà Nẵng,22,1,0
C00730,32,Nam,Hà Nội,40,1,0
C00731,39,Nữ,TP HCM,16,2,0
C00732,29,Nam,Cần Thơ,44,1,0
C00733,24,Nam,Cần Thơ,10,1,0
C00734,22,Nữ,Đà Nẵng,10,1,0
C00735,44,Nam,Hà Nội,12,5,0
C00736,32,Nữ,Hà Nội,51,0,0
C00737,60,Nữ,Hà Nội,58,1,0
C00738,31,Nam,TP HCM,52,1,0
C00739,52,Nam,Hải Phòng,43,1,0
C00740,65,Nữ,Hà Nội,54,1,0
C00741,23,Nữ,Hải Phòng,4,1,0
C00742,65,Nữ,Hà Nội,35,4,1
C00743,52,Nam,Hải Phòng,17,3,0
C00744,65,Nữ,TP HCM,13,0,1
C00745,67,Nam,TP HCM,28,1,0
C00746,29,Nam,Cần Thơ,40,0,0
C00747,24,Nam,Đà Nẵng,27,2,0
C00748,51,Nữ,Hà Nội,18,2,0
C00749,69,Nam,Hải Phòng,2,2,0
C00750,70,Nam,Hải Phòng,43,1,0
C00751,66,Nam,Hà Nội,34,1,0
C00752,32,Nữ,TP HCM,48,0,0
C00753,40,Nữ,Đà Nẵng,37,3,0
C00754,27,Nữ,Cần Thơ,10,2,0
C00755,57,Nữ,Hà Nội,35,1,0
C00756,21,Nam,Đà Nẵng,54,1,1
C00757,43,Nam,Hà Nội,56,0,0
C00758,33,Nam,Hải Phòng,14,1,0
C00759,49,Nữ,TP HCM,20,2,0
C00760,26,Nam,TP HCM,1,1,1
C00761,39,Nữ,Cần Thơ,50,0,0
C00762,43,Nữ,Cần Thơ,32,3,0
C00763,22,Nam,TP HCM,13,0,0
C00764,55,Nam,Hải Phòng,47,1,1
C00765,49,Nam,TP HCM,8,2,1
C00766,53,Nam,Đà Nẵng,41,1,1
C00767,33,Nữ,Hà Nội,59,0,0
C00768,25,Nam,Cần Thơ,8,1,1
C00769,57,Nữ,Đà Nẵng,54,1,0
C00770,23,Nam,Hải Phòng,27,2,0
C00771,54,Nam,Hải Phòng,21,1,1
C00772,44,Nam,Đà Nẵng,48,1,0
C00773,58,Nam,TP HCM,3,0,0
C00774,30,Nữ,Hà Nội,54,0,0
C00775,62,Nam,TP HCM,26,1,0
C00776,38,Nam,Đà Nẵng,54,1,0
C00777,35,Nam,Hà Nội,26,0,0
C00778,51,Nam,TP HCM,25,0,0
C00779,24,Nam,Cần Thơ,55,0,0
C00780,52,Nữ,TP HCM,58,0,0
C00781,39,Nam,TP HCM,39,1,1
C00782,58,Nam,Cần Thơ,27,4,1
C00783,26,Nữ,Đà Nẵng,55,0,0
C00784,64,Nam,TP HCM,30,0,0
C00785,55,Nam,TP HCM,5,3,0
C00786,43,Nữ,Đà Nẵng,32,3,0
C00787,62,Nam,Đà Nẵng,53,1,0
C00788,36,Nam,Cần Thơ,4,0,0
C00789,53,Nam,Đà Nẵng,21,0,0
C00790,58,Nam,TP HCM,49,1,0
C00791,41,Nữ,TP HCM,14,1,0
C00792,27,Nam,Hải Phòng,56,1,0
C00793,47,Nam,TP HCM,44,0,0
C00794,30,Nam,TP HCM,33,0,1
C00795,44,Nam,Hải Phòng,43,1,0
C00796,33,Nam,Đà Nẵng,31,4,0
C00797,25,Nam,Hà Nội,34,2,0
C00798,56,Nam,Hà Nội,5,1,0
C00799,42,Nữ,Cần Thơ,44,0,0
C00800,52,Nữ,TP HCM,23,2,0
C00801,59,Nam,TP HCM,11,0,1
C00802,59,Nữ,TP HCM,12,1,1
C00803,31,Nam,TP HCM,16,1,0
C00804,57,Nữ,Hà Nội,52,1,0
C00805,61,Nữ,Hà Nội,39,0,0
C00806,37,Nữ,Hà Nội,31,0,0
C00807,67,Nam,Hà Nội,6,2,1
C00808,60,Nữ,Đà Nẵng,31,0,0
C00809,64,Nam,Đà Nẵng,39,1,0
C00810,31,Nam,Cần Thơ,8,2,0
C00811,30,Nữ,Hải Phòng,32,1,0
C00812,27,Nam,Hà Nội,33,2,0
C00813,25,Nam,TP HCM,49,2,0
C00814,51,Nữ,Hà Nội,8,2,0
C00815,53,Nam,Đà Nẵng,56,0,0
C00816,64,Nữ,TP HCM,28,2,0
C00817,50,Nam,Hà Nội,37,2,0
C00818,56,Nữ,Hà Nội,47,0,0
C00819,69,Nam,TP HCM,50,0,0
C00820,61,Nam,TP HCM,31,3,0
C00821,55,Nam,TP HCM,44,1,0
C00822,43,Nữ,TP HCM,18,2,1
C00823,63,Nam,Cần Thơ,24,2,0
C00824,25,Nữ,Cần Thơ,32,1,0
C00825,43,Nữ,Hà Nội,44,0,0
C00826,55,Nữ,Hà Nội,14,1,0
C00827,49,Nam,Hà Nội,8,0,0
C00828,53,Nam,Hà Nội,47,2,0
C00829,39,Nam,Cần Thơ,45,1,0
C00830,31,Nữ,Hải Phòng,53,2,0
C00831,57,Nam,TP HCM,43,1,1
C00832,29,Nữ,Hải Phòng,46,2,0
C00833,57,Nữ,Hà Nội,23,2,0
C00834,18,Nữ,TP HCM,9,0,0
C00835,34,Nữ,Đà Nẵng,43,0,0
C00836,28,Nam,TP HCM,11,0,0
C00837,21,Nam,TP HCM,8,3,0
C00838,50,Nam,Cần Thơ,24,3,0
C00839,61,Nữ,Hà Nội,40,2,0
C00840,53,Nam,Đà Nẵng,6,1,0
C00841,62,Nữ,Hải Phòng,27,1,0
C00842,20,Nữ,TP HCM,59,2,0
C00843,68,Nữ,TP HCM,16,1,1
C00844,33,Nam,Đà Nẵng,46,3,0
C00845,47,Nam,TP HCM,29,0,0
C00846,57,Nam,TP HCM,45,0,0
C00847,34,Nữ,TP HCM,32,2,0
C00848,32,Nữ,Đà Nẵng,8,0,1
C00849,70,Nam,Hải Phòng,14,1,1
C00850,46,Nam,Hải Phòng,2,3,0
C00851,54,Nữ,Hà Nội,16,3,0
C00852,66,Nữ,Đà Nẵng,23,1,0
C00853,37,Nữ,TP HCM,58,1,0
C00854,65,Nữ,Hà Nội,58,2,0
C00855,69,Nữ,Hà Nội,11,1,0
C00856,53,Nữ,TP HCM,57,2,0
C00857,25,Nữ,TP HCM,37,2,0
C00858,38,Nam,Cần Thơ,3,1,0
C00859,41,Nam,TP HCM,45,1,0
C00860,49,Nam,Đà Nẵng,13,1,0
C00861,30,Nữ,Đà Nẵng,30,2,1
C00862,57,Nam,Cần Thơ,29,2,0
C00863,49,Nam,Đà Nẵng,35,3,0
C00864,55,Nữ,Hà Nội,6,1,0
C00865,33,Nữ,Hà Nội,22,1,0
C00866,21,Nam,Hải Phòng,17,2,1
C00867,40,Nữ,Hải Phòng,6,1,0
C00868,27,Nữ,Cần Thơ,2,3,0
C00869,59,Nam,Hải Phòng,18,0,0
C00870,22,Nữ,Hà Nội,6,5,0
C00871,52,Nam,Đà Nẵng,4,1,0
C00872,46,Nam,Hà Nội,32,3,0
C00873,20,Nữ,Hải Phòng,27,0,0
C00874,46,Nữ,Cần Thơ,30,0,0
C00875,51,Nữ,Hà Nội,3,1,0
C00876,44,Nam,Hải Phòng,50,3,0
C00877,32,Nam,TP HCM,56,1,0
C00878,43,Nữ,Hải Phòng,57,0,0
C00879,53,Nam,TP HCM,29,0,0
C00880,23,Nam,Hà Nội,10,1,1
C00881,47,Nữ,TP HCM,24,1,0
C00882,28,Nữ,TP HCM,16,1,0
C00883,60,Nữ,Đà Nẵng,16,3,1
C00884,29,Nữ,Cần Thơ,16,1,0
C00885,29,Nữ,Đà Nẵng,23,0,0
C00886,40,Nam,Cần Thơ,33,1,0
C00887,40,Nữ,TP HCM,31,0,0
C00888,64,Nữ,Cần Thơ,25,3,0
C00889,21,Nam,Hải Phòng,29,0,0
C00890,70,Nữ,TP HCM,21,0,0
C00891,20,Nữ,Hải Phòng,50,1,0
C00892,26,Nam,TP HCM,49,0,1
C00893,22,Nữ,Hà Nội,27,1,1
C00894,39,Nữ,TP HCM,57,0,0
C00895,32,Nữ,Hà Nội,18,0,0
C00896,62,Nữ,Hải Phòng,36,3,0
C00897,20,Nữ,Cần Thơ,37,2,0
C00898,67,Nữ,TP HCM,25,1,0
C00899,42,Nữ,TP HCM,21,0,0
C00900,32,Nam,Hà Nội,53,2,0
C00901,58,Nam,TP HCM,54,0,0
C00902,32,Nữ,Hà Nội,15,1,0
C00903,56,Nữ,Hải Phòng,33,3,0
C00904,38,Nam,Hải Phòng,47,1,0
C00905,23,Nữ,Đà Nẵng,7,1,0
C00906,70,Nữ,Hà Nội,20,2,0
C00907,46,Nam,Đà Nẵng,13,0,0
C00908,62,Nam,TP HCM,41,1,0
C00909,63,Nam,Đà Nẵng,51,1,0
C00910,52,Nữ,Hà Nội,14,2,1
C00911,41,Nữ,Hải Phòng,35,1,1
C00912,45,Nữ,Cần Thơ,39,2,0
C00913,69,Nữ,Hà Nội,50,1,0
C00914,43,Nữ,Hà Nội,1,0,1
C00915,26,Nam,Hà Nội,46,1,0
C00916,39,Nữ,TP HCM,40,0,0
C00917,54,Nữ,TP HCM,16,2,1
C00918,50,Nam,TP HCM,10,0,0
C00919,67,Nam,Đà Nẵng,6,0,0
C00920,70,Nữ,Cần Thơ,20,0,1
C00921,41,Nam,Hải Phòng,47,1,0
C00922,66,Nam,TP HCM,55,4,0
C00923,57,Nam,Đà Nẵng,32,1,0
C00924,41,Nam,Hải Phòng,20,2,0
C00925,24,Nam,Cần Thơ,32,1,1
C00926,19,Nam,TP HCM,9,1,0
C00927,51,Nữ,TP HCM,54,1,0
C00928,59,Nữ,Hà Nội,36,1,0
C00929,28,Nữ,Cần Thơ,53,2,0
C00930,31,Nam,Hà Nội,29,0,0
C00931,41,Nam,TP HCM,2,2,0
C00932,69,Nữ,Hải Phòng,36,0,0
C00933,66,Nữ,TP HCM,49,0,1
C00934,48,Nữ,Cần Thơ,45,2,0
C00935,34,Nữ,Hà Nội,53,1,0
C00936,61,Nữ,Cần Thơ,49,0,0
C00937,24,Nam,Hải Phòng,34,1,0
C00938,26,Nữ,TP HCM,17,1,0
C00939,65,Nam,Hải Phòng,53,3,0
C00940,69,Nam,Hà Nội,10,1,0
C00941,47,Nam,TP HCM,51,1,0
C00942,44,Nữ,Hà Nội,9,1,0
C00943,18,Nam,Hà Nội,42,3,0
C00944,37,Nam,Hà Nội,25,0,0
C00945,25,Nữ,Đà Nẵng,26,0,0
C00946,46,Nam,TP HCM,43,2,0
C00947,19,Nam,Cần Thơ,7,2,0
C00948,42,Nam,Hải Phòng,42,0,1
C00949,42,Nam,Hà Nội,42,0,1
C00950,42,Nam,TP HCM,60,2,0
C00951,27,Nữ,Cần Thơ,28,3,0
C00952,65,Nam,Hà Nội,50,3,1
C00953,26,Nữ,Hà Nội,40,0,0
C00954,32,Nam,TP HCM,19,1,0
C00955,46,Nữ,Hà Nội,32,1,1
C00956,42,Nam,Đà Nẵng,26,2,0
C00957,41,Nữ,TP HCM,20,2,0
C00958,38,Nam,Hà Nội,24,1,0
C00959,28,Nữ,Hà Nội,13,0,0
C00960,18,Nữ,Hà Nội,29,1,0
C00961,61,Nữ,Hà Nội,57,0,1
C00962,20,Nữ,Hà Nội,52,1,0
C00963,20,Nữ,Cần Thơ,37,1,0
C00964,66,Nam,Đà Nẵng,11,3,1
C00965,42,Nam,TP HCM,51,1,0
C00966,57,Nữ,Hà Nội,26,0,0
C00967,33,Nữ,Hà Nội,41,1,0
C00968,59,Nam,Đà Nẵng,37,1,1
C00969,58,Nam,Đà Nẵng,15,1,0
C00970,37,Nam,TP HCM,7,2,0
C00971,38,Nữ,Cần Thơ,59,2,0
C00972,19,Nam,Hà Nội,44,1,0
C00973,26,Nam,TP HCM,60,1,0
C00974,47,Nữ,TP HCM,10,0,0
C00975,54,Nam,Cần Thơ,49,0,0
C00976,46,Nam,TP HCM,59,0,0
C00977,28,Nam,Hà Nội,6,3,0
C00978,23,Nam,TP HCM,33,1,0
C00979,67,Nam,Đà Nẵng,46,1,0
C00980,43,Nữ,Hà Nội,41,3,0
C00981,38,Nam,TP HCM,5,0,0
C00982,18,Nam,TP HCM,22,0,0
C00983,59,Nữ,Cần Thơ,16,1,1
C00984,62,Nam,Cần Thơ,52,2,0
C00985,57,Nữ,Đà Nẵng,7,1,1
C00986,44,Nam,TP HCM,18,2,0
C00987,56,Nữ,Đà Nẵng,8,0,0
C00988,40,Nữ,TP HCM,8,1,1
C00989,64,Nữ,TP HCM,60,3,0
C00990,22,Nam,TP HCM,30,1,0
C00991,19,Nữ,Hải Phòng,26,1,0
C00992,58,Nữ,Hà Nội,48,0,0
C00993,30,Nữ,Đà Nẵng,26,3,0
C00994,27,Nam,Hải Phòng,40,2,1
C00995,60,Nữ,Đà Nẵng,3,2,1
C00996,51,Nam,Hà Nội,18,1,1
C00997,64,Nam,Hà Nội,23,1,0
C00998,30,Nam,Hà Nội,17,1,0
C00999,26,Nam,Đà Nẵng,11,1,0
C01000,46,Nữ,Hải Phòng,14,2,0
C01001,26,Nữ,TP HCM,51,3,0
C01002,58,Nam,TP HCM,58,1,0
C01003,39,Nữ,Hải Phòng,19,0,1
C01004,67,Nữ,Hà Nội,5,1,0
C01005,60,Nam,Cần Thơ,5,3,0
C01006,64,Nữ,TP HCM,23,0,0
C01007,20,Nữ,Cần Thơ,19,3,0
C01008,53,Nữ,TP HCM,29,3,0
C01009,59,Nữ,TP HCM,45,1,1
C01010,37,Nam,Hà Nội,5,1,0
C01011,50,Nam,Cần Thơ,10,0,0
C01012,59,Nữ,TP HCM,28,1,1
C01013,30,Nữ,Hà Nội,46,0,0
C01014,49,Nữ,TP HCM,56,1,1
C01015,25,Nam,Hà Nội,55,2,0
C01016,70,Nam,Hải Phòng,6,1,0
C01017,50,Nữ,Đà Nẵng,25,1,1
C01018,32,Nam,TP HCM,57,1,1
C01019,66,Nam,TP HCM,20,0,0
C01020,41,Nữ,Hà Nội,19,1,0
C01021,23,Nữ,TP HCM,10,2,0
C01022,62,Nữ,Hải Phòng,41,1,0
C01023,43,Nam,Hà Nội,49,1,0
C01024,34,Nữ,TP HCM,19,3,1
C01025,65,Nam,Hà Nội,32,0,0
C01026,32,Nữ,Hải Phòng,18,1,0
C01027,64,Nam,Đà Nẵng,35,1,1
C01028,55,Nam,Hà Nội,50,1,0
C01029,52,Nam,TP HCM,22,1,1
C01030,52,Nữ,Hải Phòng,56,0,0
C01031,70,Nam,Hải Phòng,53,2,0
C01032,32,Nữ,TP HCM,19,5,0
C01033,38,Nam,TP HCM,13,0,0
C01034,53,Nữ,Đà Nẵng,16,0,1
C01035,18,Nam,TP HCM,60,1,0
C01036,69,Nữ,Hà Nội,26,2,1
C01037,59,Nam,TP HCM,1,1,0
C01038,64,Nam,Cần Thơ,2,0,0
C01039,65,Nam,Hải Phòng,56,1,0
C01040,36,Nam,TP HCM,9,3,0
C01041,69,Nam,Đà Nẵng,18,0,0
C01042,26,Nữ,Hà Nội,54,1,0
C01043,47,Nam,TP HCM,54,2,0
C01044,69,Nữ,Hà Nội,41,0,0
C01045,35,Nam,Hải Phòng,16,1,0
C01046,48,Nữ,Hà Nội,43,1,0
C01047,49,Nam,Hà Nội,50,1,0
C01048,23,Nữ,TP HCM,57,0,0
C01049,38,Nữ,TP HCM,4,2,0
C01050,61,Nữ,Đà Nẵng,24,0,1
C01051,57,Nữ,Hà Nội,4,2,0
C01052,66,Nữ,TP HCM,49,1,0
C01053,50,Nam,Hà Nội,53,2,0
C01054,57,Nam,Hà Nội,11,1,1
C01055,27,Nam,Cần Thơ,52,3,0
C01056,51,Nam,Hà Nội,12,2,0
C01057,41,Nam,Hải Phòng,21,3,0
C01058,20,Nam,Hải Phòng,19,2,0
C01059,63,Nam,Hà Nội,50,2,0
C01060,50,Nữ,Hà Nội,21,0,0
C01061,52,Nam,Cần Thơ,9,1,0
C01062,63,Nữ,TP HCM,56,0,0
C01063,68,Nữ,Hà Nội,49,0,0
C01064,64,Nam,TP HCM,18,0,1
C01065,32,Nam,Hà Nội,53,2,0
C01066,62,Nữ,Hà Nội,51,2,0
C01067,44,Nữ,Đà Nẵng,10,2,0
C01068,38,Nữ,Hải Phòng,7,2,0
C01069,53,Nam,Đà Nẵng,55,3,0
C01070,62,Nam,Hải Phòng,30,0,0
C01071,18,Nam,Hà Nội,43,2,0
C01072,40,Nữ,TP HCM,55,0,0
C01073,18,Nam,Hải Phòng,24,1,0
C01074,25,Nam,Cần Thơ,42,1,1
C01075,32,Nam,Hà Nội,33,0,0
C01076,44,Nam,TP HCM,16,1,0
C01077,35,Nữ,TP HCM,22,4,0
C01078,59,Nam,Đà Nẵng,35,2,0
C01079,68,Nữ,TP HCM,34,2,0
C01080,45,Nam,TP HCM,11,2,0
C01081,33,Nữ,TP HCM,5,2,0
C01082,60,Nam,TP HCM,25,3,1
C01083,24,Nam,TP HCM,14,1,0
C01084,36,Nam,Đà Nẵng,33,1,0
C01085,21,Nam,Đà Nẵng,19,0,0
C01086,25,Nữ,Hà Nội,25,2,1
C01087,69,Nam,TP HCM,32,2,1
C01088,61,Nam,Cần Thơ,11,0,0
C01089,29,Nam,Hải Phòng,29,1,0
C01090,38,Nữ,TP HCM,46,0,0
C01091,61,Nữ,TP HCM,5,3,1
C01092,64,Nữ,Đà Nẵng,59,1,0
C01093,62,Nữ,Hà Nội,41,1,0
C01094,25,Nữ,TP HCM,25,1,0
C01095,19,Nữ,Hà Nội,20,1,0
C01096,57,Nữ,Hà Nội,49,2,0
C01097,56,Nam,TP HCM,10,2,0
C01098,48,Nữ,Cần Thơ,58,2,0
C01099,57,Nữ,TP HCM,36,0,0
C01100,59,Nữ,Đà Nẵng,45,1,0
C01101,62,Nữ,Hà Nội,7,2,0
C01102,42,Nam,TP HCM,8,4,0
C01103,44,Nữ,Hà Nội,52,4,0
C01104,41,Nữ,TP HCM,18,1,1
C01105,19,Nữ,Hà Nội,18,1,0
C01106,67,Nữ,Đà Nẵng,51,0,0
C01107,70,Nữ,TP HCM,30,1,0
C01108,63,Nữ,Hà Nội,28,3,1
C01109,59,Nam,Hải Phòng,36,2,0
C01110,64,Nam,TP HCM,37,0,1
C01111,57,Nam,TP HCM,29,1,0
C01112,21,Nam,Đà Nẵng,31,2,0
C01113,29,Nữ,Hà Nội,16,1,0
C01114,68,Nam,Cần Thơ,49,2,0
C01115,61,Nam,Hà Nội,15,0,0
C01116,35,Nữ,TP HCM,13,1,0
C01117,44,Nữ,Hải Phòng,50,2,0
C01118,69,Nam,TP HCM,47,1,0
C01119,19,Nữ,Hà Nội,45,2,0
C01120,67,Nữ,Hà Nội,32,1,1
C01121,51,Nữ,Hà Nội,48,2,0
C01122,61,Nữ,Hải Phòng,10,0,1
C01123,22,Nam,TP HCM,9,1,0
C01124,18,Nam,Hải Phòng,31,2,0
C01125,55,Nữ,Đà Nẵng,42,2,0
C01126,29,Nam,TP HCM,33,3,0
C01127,52,Nam,Đà Nẵng,10,2,1
C01128,32,Nữ,TP HCM,54,0,0
C01129,30,Nữ,TP HCM,59,1,1
C01130,29,Nữ,Hải Phòng,42,4,0
C01131,64,Nữ,TP HCM,15,1,1
C01132,39,Nữ,TP HCM,57,3,0
C01133,22,Nữ,Đà Nẵng,13,2,1
C01134,55,Nữ,TP HCM,39,0,0
C01135,55,Nam,Hải Phòng,40,0,0
C01136,22,Nữ,Hà Nội,36,2,0
C01137,65,Nam,Cần Thơ,39,0,0
C01138,50,Nữ,TP HCM,5,1,0
C01139,58,Nam,Hà Nội,52,0,0
C01140,41,Nam,TP HCM,52,2,0
C01141,50,Nam,Hà Nội,47,0,0
C01142,53,Nữ,TP HCM,10,3,0
C01143,23,Nữ,Hà Nội,42,1,0
C01144,26,Nam,Đà Nẵng,29,2,1
C01145,39,Nam,TP HCM,36,1,0
C01146,68,Nữ,Đà Nẵng,4,1,1
C01147,65,Nam,Hà Nội,41,2,0
C01148,51,Nữ,Hà Nội,53,0,0
C01149,51,Nam,Hà Nội,36,3,0
C01150,20,Nữ,Đà Nẵng,38,2,0
C01151,25,Nam,Hải Phòng,1,1,1
C01152,34,Nam,Cần Thơ,5,1,0
C01153,61,Nữ,Hà Nội,9,1,0
C01154,60,Nam,TP HCM,26,4,0
C01155,54,Nữ,TP HCM,8,2,0
C01156,43,Nữ,Đà Nẵng,54,2,0
C01157,30,Nữ,Cần Thơ,45,1,1
C01158,37,Nam,Hải Phòng,47,0,0
C01159,48,Nam,Hải Phòng,25,1,0
C01160,50,Nam,TP HCM,60,2,1
C01161,68,Nữ,Hà Nội,46,2,0
C01162,29,Nữ,TP HCM,7,2,0
C01163,30,Nam,Hà Nội,21,0,1
C01164,69,Nam,Hà Nội,2,1,0
C01165,29,Nữ,TP HCM,37,0,0
C01166,20,Nam,TP HCM,57,0,0
C01167,40,Nữ,Đà Nẵng,15,0,0
C01168,67,Nam,TP HCM,44,1,0
C01169,68,Nữ,TP HCM,55,0,0
C01170,29,Nam,Hà Nội,56,0,0
C01171,55,Nam,Hà Nội,46,1,1
C01172,22,Nam,TP HCM,45,0,0
C01173,39,Nữ,Đà Nẵng,9,6,1
C01174,66,Nữ,Hà Nội,21,1,1
C01175,67,Nữ,Cần Thơ,29,1,0
C01176,66,Nữ,Cần Thơ,6,2,0
C01177,26,Nữ,Hà Nội,60,1,0
C01178,37,Nữ,TP HCM,32,1,0
C01179,33,Nam,Đà Nẵng,7,3,1
C01180,30,Nam,Hải Phòng,57,2,0
C01181,21,Nữ,Hải Phòng,49,0,0
C01182,44,Nam,Hà Nội,34,3,1
C01183,44,Nữ,Cần Thơ,11,1,1
C01184,69,Nam,Đà Nẵng,50,0,0
C01185,38,Nam,Hà Nội,52,2,0
C01186,45,Nữ,TP HCM,59,3,0
C01187,53,Nam,Đà Nẵng,20,1,0
C01188,67,Nam,TP HCM,14,1,0
C01189,58,Nam,Hà Nội,39,0,0
C01190,37,Nữ,Hải Phòng,48,1,0
C01191,50,Nữ,Hải Phòng,28,0,0
C01192,42,Nữ,Hải Phòng,39,1,0
C01193,61,Nam,TP HCM,57,2,0
C01194,56,Nam,TP HCM,12,0,0
C01195,47,Nam,Hải Phòng,37,1,0
C01196,33,Nữ,Hà Nội,46,0,1
C01197,24,Nữ,Hà Nội,58,0,0
C01198,69,Nam,TP HCM,60,2,0
C01199,18,Nam,Hà Nội,29,0,0
C01200,45,Nữ,Đà Nẵng,46,2,0
C01201,67,Nam,TP HCM,8,0,0
C01202,56,Nữ,TP HCM,42,1,1
C01203,40,Nam,Hải Phòng,16,3,1
C01204,60,Nữ,Hà Nội,54,2,0
C01205,52,Nữ,Hà Nội,27,0,0
C01206,24,Nữ,TP HCM,14,1,0
C01207,67,Nữ,Hà Nội,50,0,0
C01208,47,Nam,Đà Nẵng,44,1,0
C01209,29,Nam,TP HCM,13,4,1
C01210,58,Nữ,Đà Nẵng,30,1,0
C01211,51,Nữ,Hà Nội,57,0,0
C01212,58,Nữ,Hà Nội,36,1,1
C01213,37,Nữ,Hà Nội,14,0,0
C01214,70,Nam,Hà Nội,6,3,1
C01215,30,Nam,Hải Phòng,44,0,0
C01216,60,Nữ,Hà Nội,3,2,0
C01217,37,Nữ,Hà Nội,14,1,1
C01218,21,Nữ,Hà Nội,29,3,1
C01219,44,Nam,Hà Nội,29,2,0
C01220,25,Nam,Hải Phòng,53,2,0
C01221,48,Nam,Hà Nội,10,1,0
C01222,27,Nam,Đà Nẵng,14,1,0
C01223,29,Nữ,Cần Thơ,41,2,0
C01224,36,Nữ,Đà Nẵng,58,3,0
C01225,41,Nữ,TP HCM,42,0,0
C01226,41,Nữ,Hải Phòng,23,1,1
C01227,60,Nam,Hải Phòng,43,0,0
C01228,70,Nam,TP HCM,17,1,0
C01229,41,Nữ,Hải Phòng,35,1,0
C01230,26,Nam,Đà Nẵng,16,2,1
C01231,26,Nữ,Cần Thơ,44,0,0
C01232,65,Nam,Hải Phòng,38,0,0
C01233,55,Nam,Hà Nội,4,2,0
C01234,56,Nữ,TP HCM,19,3,0
C01235,51,Nam,TP HCM,39,2,1
C01236,37,Nam,Hà Nội,20,1,0
C01237,47,Nam,TP HCM,19,0,1
C01238,46,Nữ,TP HCM,4,1,0
C01239,41,Nam,Hải Phòng,38,1,0
C01240,52,Nữ,Hải Phòng,45,2,0
C01241,22,Nữ,Hà Nội,7,0,1
C01242,30,Nữ,TP HCM,23,2,0
C01243,53,Nữ,Hà Nội,25,1,0
C01244,48,Nữ,TP HCM,6,1,0
C01245,40,Nam,Hà Nội,48,0,0
C01246,44,Nam,TP HCM,42,1,1
C01247,42,Nam,Hà Nội,4,1,0
C01248,55,Nữ,Hà Nội,52,0,0
C01249,28,Nam,TP HCM,39,3,0
C01250,30,Nam,Đà Nẵng,6,1,1
C01251,19,Nam,Hà Nội,2,1,0
C01252,30,Nam,Hải Phòng,6,1,0
C01253,34,Nam,Đà Nẵng,40,1,1
C01254,24,Nữ,Cần Thơ,41,3,1
C01255,37,Nữ,Hà Nội,5,1,0
C01256,38,Nữ,TP HCM,56,1,0
C01257,38,Nữ,Hà Nội,3,1,0
C01258,45,Nữ,Hải Phòng,34,2,1
C01259,46,Nam,Đà Nẵng,56,0,0
C01260,60,Nam,Hải Phòng,54,1,0
C01261,36,Nữ,Đà Nẵng,43,2,0
C01262,31,Nữ,Hà Nội,24,1,0
C01263,63,Nữ,Cần Thơ,6,2,0
C01264,38,Nam,Hà Nội,7,0,0
C01265,18,Nam,Hà Nội,22,1,0
C01266,66,Nữ,Hải Phòng,15,3,0
C01267,48,Nam,Hà Nội,19,2,0
C01268,36,Nữ,TP HCM,33,2,1
C01269,66,Nữ,Hải Phòng,6,1,0
C01270,31,Nam,Hà Nội,12,1,1
C01271,24,Nữ,Hà Nội,21,2,0
C01272,32,Nam,Hà Nội,3,3,1
C01273,48,Nam,TP HCM,40,2,0
C01274,62,Nữ,Hà Nội,7,0,1
C01275,46,Nữ,TP HCM,54,0,0
C01276,55,Nữ,Hà Nội,7,1,1
C01277,52,Nữ,Hà Nội,49,2,0
C01278,23,Nam,Hải Phòng,57,0,0
C01279,68,Nữ,Hà Nội,17,0,0
C01280,53,Nữ,Hà Nội,54,0,0
C01281,50,Nữ,TP HCM,33,2,0
C01282,28,Nữ,Hà Nội,47,2,0
C01283,68,Nam,Hà Nội,26,0,0
C01284,26,Nam,TP HCM,58,0,0
C01285,66,Nam,Đà Nẵng,56,1,0
C01286,36,Nam,Hà Nội,33,2,0
C01287,46,Nam,Hà Nội,40,2,1
C01288,28,Nam,TP HCM,48,1,0
C01289,45,Nữ,Hà Nội,31,3,1
C01290,24,Nam,Hà Nội,58,2,0
C01291,67,Nữ,TP HCM,38,1,0
C01292,27,Nữ,TP HCM,60,0,0
C01293,66,Nữ,TP HCM,25,0,0
C01294,47,Nữ,Đà Nẵng,10,1,0
C01295,59,Nam,Đà Nẵng,15,2,0
C01296,48,Nữ,TP HCM,46,1,1
C01297,61,Nữ,TP HCM,56,2,0
C01298,39,Nam,Đà Nẵng,6,1,0
C01299,28,Nữ,Hà Nội,55,4,1
C01300,40,Nữ,TP HCM,4,2,0
C01301,36,Nữ,TP HCM,48,1,0
C01302,45,Nam,Đà Nẵng,51,1,0
C01303,49,Nam,Hải Phòng,45,3,0
C01304,46,Nữ,TP HCM,59,0,0
C01305,35,Nữ,Hà Nội,9,0,0
C01306,50,Nam,Hà Nội,35,2,1
C01307,36,Nam,Hà Nội,46,1,0
C01308,21,Nam,Đà Nẵng,11,1,1
C01309,22,Nam,Đà Nẵng,10,2,1
C01310,41,Nữ,Cần Thơ,49,2,1
C01311,39,Nữ,Hải Phòng,50,2,0
C01312,54,Nam,Đà Nẵng,42,1,0
C01313,60,Nam,TP HCM,21,1,0
C01314,46,Nữ,Hà Nội,56,2,0
C01315,70,Nam,Hải Phòng,10,1,0
C01316,52,Nam,Hà Nội,54,0,0
C01317,55,Nam,TP HCM,50,1,0
C01318,47,Nam,Hải Phòng,50,1,0
C01319,26,Nữ,Hà Nội,4,3,1
C01320,29,Nữ,TP HCM,55,0,0
C01321,67,Nữ,Cần Thơ,4,2,0
C01322,29,Nữ,Hà Nội,35,0,0
C01323,46,Nam,Hà Nội,7,2,0
C01324,39,Nữ,TP HCM,54,0,0
C01325,21,Nữ,Hà Nội,15,1,0
C01326,66,Nam,TP HCM,47,0,0
C01327,63,Nữ,Cần Thơ,50,2,0
C01328,59,Nam,Hà Nội,7,4,1
C01329,69,Nam,Cần Thơ,55,1,1
C01330,67,Nam,TP HCM,33,3,1
C01331,55,Nam,Đà Nẵng,5,2,0
C01332,36,Nữ,Hải Phòng,40,0,1
C01333,64,Nữ,Đà Nẵng,30,2,1
C01334,25,Nam,Hà Nội,53,0,0
C01335,29,Nữ,TP HCM,2,1,1
C01336,65,Nữ,Hà Nội,7,1,0
C01337,69,Nam,TP HCM,36,2,1
C01338,26,Nam,Hà Nội,18,1,1
C01339,28,Nữ,TP HCM,56,1,1
C01340,26,Nam,Đà Nẵng,2,2,0
C01341,67,Nam,Hà Nội,34,0,0
C01342,46,Nữ,Hà Nội,48,1,0
C01343,35,Nam,TP HCM,39,3,0
C01344,51,Nữ,Cần Thơ,53,2,0
C01345,60,Nữ,TP HCM,36,1,0
C01346,21,Nữ,Hà Nội,25,2,0
C01347,56,Nam,TP HCM,22,2,0
C01348,38,Nữ,Hà Nội,45,1,0
C01349,49,Nam,Cần Thơ,19,1,1
C01350,33,Nữ,Hải Phòng,57,1,1
C01351,36,Nam,TP HCM,10,3,1
C01352,18,Nam,Hà Nội,24,2,1
C01353,61,Nam,TP HCM,24,0,0
C01354,31,Nam,Cần Thơ,2,0,0
C01355,64,Nữ,Cần Thơ,57,2,0
C01356,42,Nữ,Hải Phòng,12,2,0
C01357,45,Nữ,Đà Nẵng,7,2,0
C01358,18,Nữ,TP HCM,9,2,1
C01359,35,Nam,Đà Nẵng,44,0,0
C01360,68,Nam,Đà Nẵng,26,0,0
C01361,48,Nữ,Hà Nội,31,2,0
C01362,37,Nữ,TP HCM,2,1,0
C01363,45,Nữ,Hải Phòng,9,0,1
C01364,69,Nam,Hà Nội,29,3,1
C01365,52,Nữ,Hà Nội,41,3,0
C01366,21,Nam,TP HCM,32,2,1
C01367,40,Nữ,TP HCM,43,0,0
C01368,54,Nam,Cần Thơ,6,1,0
C01369,43,Nam,TP HCM,4,2,0
C01370,20,Nam,Đà Nẵng,21,0,0
C01371,61,Nam,Cần Thơ,55,0,0
C01372,46,Nữ,Đà Nẵng,10,0,1
C01373,34,Nam,Đà Nẵng,6,1,1
C01374,39,Nam,Hải Phòng,41,1,0
C01375,39,Nam,Hải Phòng,51,2,0
C01376,32,Nữ,Hà Nội,58,0,0
C01377,59,Nam,Hà Nội,45,2,0
C01378,60,Nữ,Cần Thơ,50,1,0
C01379,62,Nữ,Hà Nội,32,1,0
C01380,70,Nam,Hải Phòng,15,0,0
C01381,65,Nam,TP HCM,10,1,0
C01382,26,Nam,TP HCM,43,2,0
C01383,49,Nam,TP HCM,12,3,1
C01384,64,Nữ,TP HCM,46,0,0
C01385,58,Nữ,TP HCM,23,2,0
C01386,66,Nữ,Hà Nội,2,2,0
C01387,36,Nam,TP HCM,7,1,0
C01388,63,Nam,TP HCM,42,0,1
C01389,33,Nam,TP HCM,20,0,1
C01390,66,Nam,TP HCM,21,1,0
C01391,19,Nam,Hà Nội,52,3,0
C01392,35,Nam,Cần Thơ,29,1,0
C01393,18,Nữ,Đà Nẵng,35,0,1
C01394,53,Nam,Đà Nẵng,39,2,0
C01395,26,Nam,Hà Nội,11,1,0
C01396,61,Nữ,TP HCM,50,1,1
C01397,43,Nữ,TP HCM,18,0,0
C01398,40,Nam,Đà Nẵng,51,1,0
C01399,44,Nữ,Hà Nội,1,1,1
C01400,42,Nam,Hải Phòng,33,2,1
C01401,68,Nữ,Đà Nẵng,2,1,0
C01402,19,Nam,Đà Nẵng,20,2,1
C01403,67,Nam,TP HCM,18,0,0
C01404,20,Nam,TP HCM,5,1,1
C01405,30,Nữ,TP HCM,47,1,0
C01406,46,Nữ,TP HCM,6,3,1
C01407,37,Nữ,Hà Nội,5,2,0
C01408,58,Nữ,Cần Thơ,14,0,0
C01409,39,Nam,Cần Thơ,8,0,0
C01410,31,Nam,Cần Thơ,58,2,1
C01411,30,Nam,TP HCM,45,0,0
C01412,30,Nam,Hà Nội,43,1,0
C01413,55,Nam,Hà Nội,55,0,1
C01414,34,Nam,TP HCM,25,2,1
C01415,18,Nữ,TP HCM,56,3,1
C01416,38,Nữ,Đà Nẵng,7,0,0
C01417,67,Nữ,Hà Nội,16,1,0
C01418,62,Nữ,TP HCM,43,0,0
C01419,49,Nam,Hà Nội,3,2,0
C01420,37,Nam,Đà Nẵng,42,1,0
C01421,55,Nam,Hải Phòng,56,2,1
C01422,64,Nam,TP HCM,18,0,1
C01423,61,Nữ,Hải Phòng,60,3,0
C01424,24,Nữ,TP HCM,34,0,0
C01425,34,Nam,Hà Nội,9,0,1
C01426,48,Nam,TP HCM,14,1,1
C01427,36,Nam,Hà Nội,30,0,0
C01428,68,Nam,Hà Nội,57,1,0
C01429,42,Nam,TP HCM,19,2,1
C01430,34,Nam,Đà Nẵng,26,0,0
C01431,43,Nam,TP HCM,8,0,0
C01432,30,Nam,Hà Nội,25,3,0
C01433,68,Nam,TP HCM,29,0,0
C01434,24,Nữ,Cần Thơ,46,0,0
C01435,70,Nữ,TP HCM,51,2,1
C01436,27,Nam,Đà Nẵng,44,1,0
C01437,47,Nữ,Hải Phòng,15,2,0
C01438,43,Nữ,TP HCM,37,0,0
C01439,60,Nữ,Hà Nội,12,1,0
C01440,43,Nam,Hải Phòng,46,2,1
C01441,40,Nữ,TP HCM,5,1,1
C01442,47,Nam,Hải Phòng,42,3,1
C01443,38,Nữ,Hà Nội,25,2,0
C01444,68,Nữ,TP HCM,25,1,0
C01445,30,Nữ,Hà Nội,28,0,0
C01446,27,Nam,Hải Phòng,60,2,0
C01447,61,Nữ,Cần Thơ,58,1,0
C01448,50,Nữ,Cần Thơ,6,2,0
C01449,57,Nam,Hải Phòng,4,0,0
C01450,32,Nam,TP HCM,10,2,0
C01451,36,Nữ,Đà Nẵng,40,3,0
C01452,52,Nữ,TP HCM,16,0,0
C01453,41,Nam,Hà Nội,60,2,0
C01454,60,Nam,TP HCM,6,0,0
C01455,37,Nữ,TP HCM,9,0,0
C01456,23,Nữ,TP HCM,6,2,1
C01457,35,Nam,Hải Phòng,47,3,0
C01458,54,Nam,Hải Phòng,50,2,0
C01459,49,Nữ,Hà Nội,10,1,0
C01460,42,Nữ,Hà Nội,60,4,0
C01461,37,Nữ,Hà Nội,44,0,0
C01462,29,Nam,TP HCM,31,1,0
C01463,67,Nữ,TP HCM,53,2,1
C01464,55,Nữ,Hà Nội,37,2,0
C01465,33,Nữ,Đà Nẵng,35,1,0
C01466,54,Nữ,Hà Nội,16,2,0
C01467,53,Nam,Hải Phòng,60,0,0
C01468,53,Nữ,TP HCM,27,0,0
C01469,59,Nam,TP HCM,19,0,0
C01470,27,Nam,TP HCM,40,1,0
C01471,68,Nữ,Đà Nẵng,32,2,0
C01472,24,Nam,Hà Nội,13,2,0
C01473,31,Nam,TP HCM,2,1,0
C01474,19,Nam,Hà Nội,50,0,0
C01475,31,Nữ,TP HCM,48,1,1
C01476,47,Nam,Hà Nội,23,0,1
C01477,46,Nữ,TP HCM,46,2,0
C01478,33,Nam,Hà Nội,6,0,1
C01479,33,Nữ,Cần Thơ,1,1,1
C01480,65,Nữ,Hải Phòng,6,3,1
C01481,48,Nữ,TP HCM,24,0,0
C01482,38,Nữ,Hải Phòng,56,1,1
C01483,35,Nam,TP HCM,40,3,0
C01484,44,Nam,Cần Thơ,40,2,0
C01485,28,Nữ,Hà Nội,2,2,1
C01486,55,Nữ,TP HCM,45,4,0
C01487,58,Nữ,TP HCM,56,2,0
C01488,40,Nữ,Đà Nẵng,5,1,0
C01489,67,Nữ,Hà Nội,48,0,0
C01490,52,Nam,Cần Thơ,13,2,0
C01491,31,Nam,Hải Phòng,38,0,0
C01492,47,Nữ,TP HCM,59,0,0
C01493,62,Nam,Hà Nội,28,1,0
C01494,53,Nữ,Hà Nội,25,1,1
C01495,41,Nam,Hà Nội,10,2,1
C01496,30,Nam,TP HCM,2,2,0
C01497,31,Nữ,Hà Nội,59,0,0
C01498,67,Nam,Hải Phòng,51,1,0
C01499,64,Nam,Hà Nội,25,2,0
C01500,66,Nam,Cần Thơ,37,2,0
C01501,52,Nữ,Hà Nội,50,3,0
C01502,56,Nữ,Cần Thơ,2,3,1
C01503,60,Nữ,Hà Nội,15,0,0
C01504,18,Nam,Hà Nội,38,2,0
C01505,54,Nữ,Đà Nẵng,37,0,0
C01506,22,Nam,TP HCM,49,3,0
C01507,67,Nữ,Hà Nội,42,0,0
C01508,38,Nam,Hà Nội,47,2,1
C01509,59,Nữ,TP HCM,23,0,0
C01510,68,Nữ,TP HCM,45,0,0
C01511,28,Nam,Cần Thơ,20,1,0
C01512,32,Nữ,TP HCM,30,1,0
C01513,54,Nữ,TP HCM,60,0,0
C01514,45,Nam,Hà Nội,49,0,0
C01515,32,Nam,TP HCM,5,1,0
C01516,68,Nữ,TP HCM,48,2,0
C01517,27,Nam,Hà Nội,35,3,0
C01518,40,Nữ,TP HCM,25,2,1
C01519,24,Nam,Đà Nẵng,15,0,0
C01520,33,Nữ,Hà Nội,52,2,0
C01521,51,Nữ,Cần Thơ,56,2,0
C01522,24,Nữ,TP HCM,55,1,0
C01523,70,Nữ,TP HCM,45,1,0
C01524,44,Nữ,TP HCM,20,2,0
C01525,19,Nam,Hà Nội,50,1,0
C01526,69,Nam,Hải Phòng,32,3,0
C01527,45,Nữ,Đà Nẵng,13,0,0
C01528,61,Nữ,TP HCM,5,2,1
C01529,62,Nữ,TP HCM,57,2,0
C01530,38,Nữ,Hải Phòng,6,4,1
C01531,53,Nữ,Hải Phòng,58,3,0
C01532,41,Nữ,Hải Phòng,18,2,1
C01533,59,Nữ,TP HCM,11,0,0
C01534,42,Nữ,Đà Nẵng,1,0,1
C01535,63,Nam,Hà Nội,45,3,0
C01536,55,Nam,TP HCM,6,0,0
C01537,68,Nam,TP HCM,23,0,0
C01538,59,Nữ,TP HCM,39,2,0
C01539,32,Nam,Hà Nội,19,0,0
C01540,38,Nam,Hà Nội,44,0,0
C01541,53,Nam,Đà Nẵng,57,0,0
C01542,52,Nam,Hải Phòng,31,1,0
C01543,68,Nữ,Cần Thơ,18,2,0
C01544,36,Nam,TP HCM,17,1,1
C01545,57,Nam,Đà Nẵng,24,0,0
C01546,45,Nam,Hà Nội,19,1,0
C01547,18,Nữ,Hải Phòng,36,1,0
C01548,22,Nam,TP HCM,9,1,0
C01549,54,Nam,Hà Nội,43,0,0
C01550,50,Nam,TP HCM,41,0,0
C01551,61,Nam,Hà Nội,52,1,0
C01552,64,Nữ,TP HCM,34,0,0
C01553,36,Nữ,Đà Nẵng,18,2,0
C01554,67,Nữ,Hà Nội,54,2,0
C01555,69,Nữ,Hải Phòng,39,0,0
C01556,58,Nữ,Hải Phòng,41,1,0
C01557,56,Nam,Hà Nội,6,1,0
C01558,63,Nam,Đà Nẵng,18,0,0
C01559,39,Nam,TP HCM,18,0,0
C01560,66,Nữ,Cần Thơ,45,2,0
C01561,22,Nam,TP HCM,42,1,1
C01562,50,Nữ,Đà Nẵng,43,1,0
C01563,23,Nữ,Hà Nội,51,0,0
C01564,68,Nữ,Hà Nội,49,1,0
C01565,28,Nữ,Cần Thơ,10,0,0
C01566,25,Nam,Hải Phòng,44,1,0
C01567,70,Nam,Hà Nội,46,0,0
C01568,52,Nữ,Hà Nội,26,1,1
C01569,24,Nữ,TP HCM,14,1,0
C01570,52,Nữ,Đà Nẵng,14,3,0
C01571,65,Nam,Hà Nội,30,0,0
C01572,36,Nam,Hải Phòng,40,2,0
C01573,55,Nữ,Hà Nội,43,3,1
C01574,42,Nam,Đà Nẵng,16,1,1
C01575,18,Nam,TP HCM,43,0,0
C01576,45,Nam,TP HCM,19,1,1
C01577,40,Nữ,Hà Nội,46,1,0
C01578,39,Nữ,TP HCM,9,1,0
C01579,66,Nữ,Cần Thơ,55,0,0
C01580,60,Nam,TP HCM,11,0,0
C01581,57,Nữ,Đà Nẵng,34,3,0
C01582,24,Nam,Hà Nội,21,1,1
C01583,66,Nữ,Cần Thơ,17,3,1
C01584,43,Nam,TP HCM,27,0,0
C01585,33,Nam,Hải Phòng,11,3,1
C01586,54,Nữ,Hải Phòng,35,2,0
C01587,28,Nữ,Hà Nội,5,1,0
C01588,45,Nữ,Hải Phòng,13,0,0
C01589,44,Nam,Hà Nội,38,0,0
C01590,37,Nữ,Hà Nội,1,0,0
C01591,42,Nữ,Đà Nẵng,17,4,1
C01592,70,Nữ,Hải Phòng,24,2,0
C01593,51,Nữ,Cần Thơ,49,0,0
C01594,31,Nữ,TP HCM,56,2,0
C01595,53,Nữ,Hà Nội,29,1,0
C01596,50,Nam,Hà Nội,51,3,0
C01597,49,Nữ,Hà Nội,7,5,1
C01598,27,Nữ,Hải Phòng,44,0,0
C01599,32,Nữ,TP HCM,7,0,0
C01600,69,Nam,TP HCM,28,1,0
C01601,47,Nam,Hải Phòng,14,1,1
C01602,40,Nữ,TP HCM,36,1,0
C01603,60,Nữ,Hải Phòng,23,1,0
C01604,25,Nam,Hà Nội,16,1,0
C01605,48,Nữ,Hà Nội,8,1,1
C01606,63,Nữ,TP HCM,53,0,0
C01607,57,Nam,Hà Nội,54,1,0
C01608,23,Nam,TP HCM,35,1,0
C01609,27,Nam,TP HCM,39,0,0
C01610,25,Nữ,Hải Phòng,19,3,1
C01611,48,Nam,TP HCM,1,1,0
C01612,63,Nam,Hà Nội,51,1,0
C01613,63,Nam,Hải Phòng,16,1,0
C01614,54,Nữ,Hà Nội,14,1,0
C01615,61,Nữ,Đà Nẵng,16,1,1
C01616,27,Nam,Đà Nẵng,17,4,0
C01617,65,Nam,Hà Nội,12,1,0
C01618,50,Nam,TP HCM,50,1,0
C01619,48,Nam,Hải Phòng,37,0,0
C01620,21,Nữ,Hà Nội,53,2,0
C01621,54,Nam,Cần Thơ,29,2,1
C01622,43,Nam,Cần Thơ,29,1,0
C01623,62,Nữ,TP HCM,54,0,0
C01624,41,Nữ,Cần Thơ,36,1,0
C01625,51,Nữ,TP HCM,1,1,1
C01626,50,Nam,Cần Thơ,1,1,1
C01627,49,Nam,Hải Phòng,5,1,0
C01628,31,Nữ,TP HCM,12,1,0
C01629,22,Nữ,Hải Phòng,33,0,0
C01630,21,Nam,TP HCM,53,0,1
C01631,50,Nữ,Đà Nẵng,22,1,0
C01632,28,Nam,Hải Phòng,13,1,1
C01633,42,Nữ,TP HCM,23,1,0
C01634,48,Nam,Hà Nội,22,2,0
C01635,39,Nữ,Hải Phòng,57,2,1
C01636,26,Nữ,Đà Nẵng,54,1,0
C01637,50,Nam,TP HCM,58,0,0
C01638,20,Nữ,TP HCM,24,0,0
C01639,55,Nam,Hải Phòng,26,0,0
C01640,29,Nam,Cần Thơ,19,1,0
C01641,22,Nữ,TP HCM,50,1,0
C01642,29,Nam,Hà Nội,5,4,0
C01643,62,Nam,Cần Thơ,27,1,0
C01644,30,Nam,TP HCM,10,2,0
C01645,34,Nam,Hà Nội,42,0,0
C01646,32,Nữ,TP HCM,39,1,1
C01647,53,Nam,TP HCM,51,1,1
C01648,30,Nam,TP HCM,55,0,0
C01649,23,Nữ,Đà Nẵng,28,0,0
C01650,24,Nữ,TP HCM,4,1,1
C01651,40,Nam,TP HCM,59,1,0
C01652,57,Nam,TP HCM,43,1,0
C01653,26,Nữ,TP HCM,35,3,0
C01654,54,Nam,Hải Phòng,24,0,0
C01655,65,Nam,Hà Nội,12,2,0
C01656,66,Nữ,Hà Nội,19,2,0
C01657,63,Nữ,TP HCM,55,1,0
C01658,25,Nam,Cần Thơ,10,1,0
C01659,36,Nam,Đà Nẵng,49,1,0
C01660,29,Nữ,Hà Nội,3,0,1
C01661,41,Nữ,Hà Nội,40,2,0
C01662,30,Nam,Đà Nẵng,15,1,0
C01663,42,Nữ,Hải Phòng,16,2,0
C01664,22,Nam,Cần Thơ,28,2,1
C01665,28,Nữ,Hà Nội,35,0,0
C01666,70,Nam,Cần Thơ,6,1,0
C01667,41,Nữ,Đà Nẵng,22,0,0
C01668,54,Nam,Đà Nẵng,53,3,0
C01669,62,Nam,TP HCM,33,2,0
C01670,53,Nữ,Hà Nội,56,2,0
C01671,53,Nữ,Cần Thơ,29,1,0
C01672,44,Nữ,TP HCM,50,2,0
C01673,40,Nữ,TP HCM,17,1,0
C01674,47,Nữ,TP HCM,23,1,1
C01675,64,Nữ,Hải Phòng,2,2,1
C01676,30,Nam,Hà Nội,56,1,0
C01677,21,Nam,Hải Phòng,15,0,1
C01678,28,Nữ,Hải Phòng,31,2,0
C01679,44,Nữ,TP HCM,54,0,0
C01680,25,Nam,TP HCM,26,0,0
C01681,18,Nữ,TP HCM,15,1,0
C01682,33,Nam,TP HCM,8,1,1
C01683,22,Nam,Hà Nội,51,1,0
C01684,60,Nữ,Hà Nội,8,0,1
C01685,63,Nam,Hà Nội,44,2,0
C01686,58,Nữ,Đà Nẵng,50,2,0
C01687,63,Nữ,Hà Nội,24,1,1
C01688,29,Nữ,Đà Nẵng,40,1,0
C01689,69,Nữ,Hà Nội,52,1,0
C01690,19,Nữ,TP HCM,21,1,1
C01691,41,Nam,Cần Thơ,49,2,1
C01692,27,Nữ,TP HCM,36,1,0
C01693,46,Nam,Hà Nội,10,2,0
C01694,26,Nam,Hải Phòng,16,2,0
C01695,27,Nữ,Hải Phòng,27,0,1
C01696,38,Nam,TP HCM,18,0,0
C01697,21,Nam,TP HCM,4,1,1
C01698,42,Nữ,TP HCM,32,0,0
C01699,37,Nữ,Đà Nẵng,59,0,0
C01700,66,Nam,Hà Nội,31,1,0
C01701,63,Nữ,TP HCM,3,1,1
C01702,22,Nam,Hà Nội,33,1,0
C01703,30,Nữ,TP HCM,46,4,0
C01704,46,Nam,TP HCM,35,1,0
C01705,64,Nam,Cần Thơ,34,0,0
C01706,41,Nam,Hà Nội,4,2,0
C01707,36,Nữ,Hà Nội,55,2,0
C01708,64,Nam,TP HCM,59,1,0
C01709,31,Nam,Cần Thơ,49,0,0
C01710,54,Nữ,Hà Nội,42,0,0
C01711,42,Nam,Hà Nội,18,2,0
C01712,61,Nữ,Cần Thơ,33,3,0
C01713,18,Nữ,Hải Phòng,1,2,1
C01714,44,Nữ,TP HCM,27,1,0
C01715,68,Nữ,Cần Thơ,38,0,0
C01716,65,Nữ,TP HCM,39,1,0
C01717,51,Nam,TP HCM,40,0,1
C01718,62,Nữ,Cần Thơ,37,0,0
C01719,44,Nam,Đà Nẵng,4,1,1
C01720,37,Nữ,Hà Nội,20,1,1
C01721,66,Nam,Hà Nội,55,3,1
C01722,34,Nam,Hải Phòng,18,2,1
C01723,47,Nữ,Đà Nẵng,27,0,0
C01724,62,Nam,TP HCM,38,2,0
C01725,69,Nữ,Hà Nội,51,1,0
C01726,59,Nam,Hà Nội,28,0,0
C01727,60,Nam,Cần Thơ,22,1,1
C01728,32,Nữ,Hà Nội,58,0,0
C01729,40,Nữ,Hà Nội,45,0,0
C01730,21,Nữ,TP HCM,27,0,0
C01731,43,Nam,Cần Thơ,16,1,0
C01732,58,Nữ,Hà Nội,52,1,0
C01733,34,Nữ,Hà Nội,10,2,1
C01734,33,Nam,TP HCM,3,1,0
C01735,31,Nam,Hải Phòng,42,2,0
C01736,60,Nữ,TP HCM,48,2,0
C01737,64,Nam,Hà Nội,21,1,0
C01738,31,Nữ,Hải Phòng,60,1,0
C01739,39,Nữ,TP HCM,3,0,0
C01740,22,Nam,TP HCM,30,1,0
C01741,67,Nam,Cần Thơ,29,4,0
C01742,44,Nam,Hải Phòng,27,2,0
C01743,36,Nam,Hà Nội,47,1,0
C01744,50,Nam,Hà Nội,32,0,0
C01745,54,Nam,TP HCM,24,2,1
C01746,29,Nữ,Hà Nội,26,3,1
C01747,28,Nữ,Hà Nội,3,0,0
C01748,32,Nam,Hà Nội,22,3,1
C01749,48,Nam,TP HCM,55,1,0
C01750,58,Nam,TP HCM,18,0,1
C01751,57,Nữ,Đà Nẵng,7,1,1
C01752,44,Nữ,Hà Nội,32,2,0
C01753,35,Nữ,TP HCM,15,0,0
C01754,40,Nữ,Hà Nội,39,0,0
C01755,49,Nữ,TP HCM,38,0,1
C01756,53,Nam,Đà Nẵng,57,2,0
C01757,25,Nam,TP HCM,21,2,0
C01758,25,Nam,Hà Nội,19,2,1
C01759,43,Nam,Hà Nội,43,0,0
C01760,48,Nam,Hải Phòng,37,0,1
C01761,41,Nữ,TP HCM,58,0,0
C01762,55,Nữ,TP HCM,13,3,1
C01763,59,Nữ,Cần Thơ,55,0,0
C01764,49,Nam,TP HCM,30,1,0
C01765,34,Nam,Hà Nội,52,0,0
C01766,70,Nam,TP HCM,14,1,1
C01767,21,Nữ,Hà Nội,43,1,0
C01768,63,Nữ,Cần Thơ,54,1,0
C01769,31,Nữ,Đà Nẵng,23,2,1
C01770,35,Nữ,TP HCM,23,0,0
C01771,35,Nữ,Hải Phòng,47,1,0
C01772,34,Nữ,Đà Nẵng,44,2,0
C01773,20,Nam,TP HCM,18,2,0
C01774,18,Nam,Hà Nội,42,1,0
C01775,40,Nam,TP HCM,22,1,1
C01776,64,Nam,TP HCM,57,3,1
C01777,57,Nam,TP HCM,48,0,0
C01778,66,Nữ,Đà Nẵng,52,2,0
C01779,35,Nam,TP HCM,5,0,1
C01780,29,Nam,Hà Nội,41,2,0
C01781,56,Nữ,Hà Nội,18,3,1
C01782,25,Nữ,TP HCM,37,0,1
C01783,63,Nữ,Hải Phòng,1,1,0
C01784,54,Nữ,TP HCM,57,1,0
C01785,54,Nữ,Đà Nẵng,46,0,0
C01786,28,Nam,Hà Nội,25,1,1
C01787,34,Nam,TP HCM,29,1,0
C01788,44,Nữ,Hà Nội,10,2,1
C01789,28,Nữ,TP HCM,53,2,0
C01790,52,Nam,Hải Phòng,1,4,0
C01791,38,Nữ,TP HCM,13,2,1
C01792,55,Nữ,Đà Nẵng,22,2,0
C01793,59,Nam,Hà Nội,15,1,1
C01794,61,Nữ,Hà Nội,29,1,0
C01795,21,Nam,TP HCM,53,1,0
C01796,31,Nam,TP HCM,11,1,0
C01797,48,Nam,TP HCM,15,3,0
C01798,31,Nữ,Hải Phòng,12,1,1
C01799,22,Nữ,Hà Nội,1,1,0
C01800,61,Nữ,Hà Nội,6,1,1
C01801,49,Nam,Hà Nội,33,2,1
C01802,46,Nam,TP HCM,47,1,0
C01803,56,Nam,Hà Nội,60,4,0
C01804,68,Nữ,Cần Thơ,31,1,1
C01805,27,Nam,Hà Nội,7,3,0
C01806,62,Nữ,Hà Nội,53,0,0
C01807,24,Nữ,Hải Phòng,8,1,0
C01808,30,Nam,TP HCM,52,0,0
C01809,57,Nam,Hà Nội,12,0,0
C01810,56,Nam,Hà Nội,24,3,0
C01811,64,Nữ,TP HCM,31,4,1
C01812,42,Nam,Đà Nẵng,9,1,0
C01813,21,Nam,Hải Phòng,30,0,0
C01814,58,Nam,Cần Thơ,29,1,1
C01815,67,Nữ,TP HCM,34,2,0
C01816,42,Nữ,Hà Nội,40,3,0
C01817,53,Nữ,Hải Phòng,56,1,1
C01818,42,Nam,TP HCM,12,0,1
C01819,22,Nam,TP HCM,31,1,1
C01820,63,Nữ,Hà Nội,47,1,1
C01821,24,Nữ,Cần Thơ,52,1,0
C01822,64,Nữ,Hà Nội,24,3,1
C01823,39,Nam,Hà Nội,39,0,0
C01824,29,Nam,TP HCM,39,0,0
C01825,69,Nam,Hà Nội,58,2,0
C01826,19,Nữ,Hà Nội,2,0,0
C01827,39,Nam,TP HCM,14,4,0
C01828,44,Nam,Cần Thơ,58,0,0
C01829,21,Nam,Hà Nội,8,1,1
C01830,45,Nam,Hải Phòng,27,1,1
C01831,28,Nữ,Đà Nẵng,19,2,1
C01832,34,Nam,Hải Phòng,48,1,1
C01833,39,Nam,TP HCM,5,1,0
C01834,55,Nam,Hà Nội,22,2,0
C01835,60,Nữ,Đà Nẵng,12,0,1
C01836,35,Nam,TP HCM,24,1,0
C01837,26,Nam,Hà Nội,51,5,1
C01838,38,Nữ,Hà Nội,44,1,0
C01839,43,Nữ,Đà Nẵng,50,1,0
C01840,34,Nữ,Cần Thơ,1,1,0
C01841,32,Nam,Hà Nội,51,1,1
C01842,26,Nam,Hải Phòng,39,4,1
C01843,27,Nữ,TP HCM,41,0,0
C01844,23,Nữ,TP HCM,5,2,0
C01845,41,Nữ,Hà Nội,18,0,0
C01846,45,Nữ,TP HCM,16,1,0
C01847,48,Nữ,Hà Nội,37,0,0
C01848,23,Nam,Đà Nẵng,55,0,1
C01849,46,Nữ,Cần Thơ,29,2,0
C01850,68,Nữ,Hải Phòng,60,1,0
C01851,70,Nam,Cần Thơ,45,1,0
C01852,37,Nam,Hà Nội,12,3,1
C01853,55,Nữ,TP HCM,19,2,1
C01854,42,Nữ,Hà Nội,58,1,0
C01855,22,Nữ,Hà Nội,44,0,0
C01856,27,Nam,Hà Nội,48,0,0
C01857,57,Nữ,TP HCM,37,2,0
C01858,29,Nữ,Hà Nội,36,0,1
C01859,59,Nữ,Hải Phòng,54,0,0
C01860,22,Nam,Hà Nội,31,2,1
C01861,59,Nam,Cần Thơ,38,1,0
C01862,20,Nam,Hà Nội,42,3,0
C01863,36,Nữ,TP HCM,18,3,0
C01864,58,Nữ,Cần Thơ,49,2,0
C01865,29,Nam,Đà Nẵng,43,4,1
C01866,27,Nữ,Hà Nội,40,1,0
C01867,33,Nữ,Cần Thơ,36,3,1
C01868,39,Nam,Hải Phòng,8,0,0
C01869,21,Nam,TP HCM,26,2,0
C01870,59,Nữ,Đà Nẵng,60,1,1
C01871,46,Nữ,Đà Nẵng,17,0,1
C01872,59,Nữ,TP HCM,31,0,0
C01873,31,Nữ,Hà Nội,44,1,0
C01874,64,Nữ,Đà Nẵng,46,0,0
C01875,60,Nam,Hà Nội,8,0,0
C01876,46,Nam,TP HCM,19,2,0
C01877,59,Nam,Cần Thơ,35,2,0
C01878,32,Nam,TP HCM,3,0,1
C01879,25,Nữ,Hà Nội,59,2,0
C01880,46,Nữ,TP HCM,24,1,0
C01881,59,Nam,TP HCM,40,4,0
C01882,63,Nữ,Cần Thơ,52,0,0
C01883,18,Nữ,Hải Phòng,41,1,0
C01884,55,Nữ,Hà Nội,12,2,1
C01885,34,Nam,Hải Phòng,21,1,1
C01886,34,Nam,TP HCM,45,1,0
C01887,63,Nam,Hà Nội,29,0,0
C01888,70,Nam,Hà Nội,20,4,0
C01889,47,Nữ,Hà Nội,3,0,0
C01890,19,Nữ,Hà Nội,41,2,0
C01891,47,Nữ,Hà Nội,44,0,1
C01892,69,Nữ,Đà Nẵng,6,0,1
C01893,43,Nữ,TP HCM,54,3,0
C01894,27,Nữ,Cần Thơ,59,6,1
C01895,34,Nữ,TP HCM,21,1,0
C01896,27,Nữ,Đà Nẵng,56,1,1
C01897,64,Nữ,Hà Nội,7,1,1
C01898,33,Nam,Hà Nội,34,0,1
C01899,60,Nam,Cần Thơ,25,0,0
C01900,24,Nam,TP HCM,35,0,0
C01901,64,Nữ,TP HCM,6,1,1
C01902,55,Nữ,TP HCM,15,2,0
C01903,29,Nữ,TP HCM,44,1,1
C01904,63,Nam,TP HCM,20,3,0
C01905,47,Nữ,TP HCM,44,2,1
C01906,23,Nam,TP HCM,28,1,0
C01907,52,Nam,Hà Nội,13,0,0
C01908,38,Nữ,Hà Nội,50,1,0
C01909,52,Nam,Cần Thơ,13,2,0
C01910,66,Nam,TP HCM,31,0,0
C01911,60,Nữ,TP HCM,31,0,0
C01912,66,Nữ,Hải Phòng,54,1,0
C01913,45,Nữ,TP HCM,19,3,0
C01914,59,Nam,Cần Thơ,43,1,0
C01915,69,Nữ,Hà Nội,51,2,0
C01916,32,Nam,TP HCM,15,0,0
C01917,37,Nam,TP HCM,46,2,0
C01918,41,Nam,Hải Phòng,8,1,0
C01919,69,Nữ,TP HCM,38,0,0
C01920,28,Nữ,TP HCM,40,0,0
C01921,54,Nam,TP HCM,13,2,0
C01922,49,Nam,TP HCM,54,2,1
C01923,37,Nữ,TP HCM,40,3,0
C01924,44,Nữ,Hà Nội,33,0,0
C01925,67,Nam,Hà Nội,28,2,1
C01926,51,Nữ,Hà Nội,32,2,0
C01927,37,Nữ,Hà Nội,34,0,0
C01928,24,Nam,TP HCM,12,1,1
C01929,64,Nữ,Đà Nẵng,20,0,0
C01930,67,Nữ,TP HCM,34,2,0
C01931,23,Nữ,TP HCM,42,1,0
C01932,59,Nam,Hà Nội,30,0,0
C01933,25,Nam,TP HCM,32,2,0
C01934,70,Nữ,Hà Nội,43,2,0
C01935,65,Nam,Đà Nẵng,28,2,1
C01936,31,Nam,Đà Nẵng,36,1,0
C01937,50,Nam,TP HCM,38,5,0
C01938,35,Nữ,Đà Nẵng,36,2,0
C01939,69,Nữ,Hà Nội,37,3,0
C01940,61,Nữ,Hà Nội,55,0,0
C01941,64,Nam,Đà Nẵng,50,1,0
C01942,68,Nam,Hải Phòng,40,0,0
C01943,22,Nam,Đà Nẵng,42,0,0
C01944,25,Nam,Hà Nội,38,3,0
C01945,52,Nam,Hà Nội,33,0,0
C01946,56,Nam,TP HCM,16,0,0
C01947,35,Nam,Cần Thơ,41,1,0
C01948,65,Nam,Hà Nội,56,2,0
C01949,22,Nam,TP HCM,60,3,0
C01950,55,Nữ,Đà Nẵng,53,0,0
C01951,28,Nữ,Đà Nẵng,11,0,0
C01952,26,Nữ,TP HCM,35,1,0
C01953,51,Nữ,Đà Nẵng,48,2,0
C01954,30,Nữ,TP HCM,23,1,0
C01955,25,Nữ,Cần Thơ,26,0,0
C01956,49,Nữ,Đà Nẵng,54,1,1
C01957,58,Nam,Đà Nẵng,5,1,0
C01958,56,Nữ,TP HCM,20,4,0
C01959,24,Nữ,Hải Phòng,47,3,0
C01960,28,Nam,TP HCM,49,1,0
C01961,57,Nữ,TP HCM,44,0,0
C01962,58,Nam,TP HCM,25,1,0
C01963,59,Nam,TP HCM,36,1,0
C01964,59,Nam,TP HCM,7,1,0
C01965,46,Nữ,TP HCM,5,0,0
C01966,47,Nam,Hà Nội,4,3,1
C01967,35,Nữ,TP HCM,9,1,0
C01968,45,Nam,Hà Nội,47,2,0
C01969,53,Nam,Đà Nẵng,12,1,0
C01970,31,Nữ,TP HCM,15,3,0
C01971,64,Nam,Đà Nẵng,5,3,1
C01972,69,Nữ,Đà Nẵng,7,0,1
C01973,49,Nam,Hà Nội,10,1,1
C01974,26,Nam,TP HCM,56,0,0
C01975,48,Nữ,TP HCM,18,1,1
C01976,20,Nữ,Hải Phòng,20,1,1
C01977,22,Nữ,TP HCM,25,0,0
C01978,62,Nữ,TP HCM,24,2,0
C01979,41,Nam,Hải Phòng,20,3,0
C01980,20,Nam,Đà Nẵng,51,1,0
C01981,47,Nữ,Hà Nội,58,1,1
C01982,21,Nữ,Hà Nội,46,1,0
C01983,67,Nam,Hà Nội,1,0,1
C01984,55,Nam,Hà Nội,30,1,0
C01985,30,Nam,Cần Thơ,45,1,0
C01986,53,Nam,Hà Nội,57,0,0
C01987,64,Nam,Đà Nẵng,55,1,0
C01988,46,Nam,Hải Phòng,28,2,0
C01989,66,Nam,Hà Nội,50,2,0
C01990,63,Nữ,Đà Nẵng,13,2,0
C01991,41,Nữ,Hải Phòng,21,1,0
C01992,31,Nam,Cần Thơ,27,0,0
C01993,68,Nữ,Cần Thơ,54,2,1
C01994,54,Nam,Đà Nẵng,31,1,1
C01995,25,Nam,Đà Nẵng,50,2,0
C01996,45,Nữ,TP HCM,4,3,0
C01997,61,Nữ,Đà Nẵng,10,2,1
C01998,62,Nam,TP HCM,4,0,0
C01999,58,Nam,Hà Nội,32,3,0
C02000,43,Nữ,Cần Thơ,1,1,0
C02001,55,Nam,Hà Nội,21,0,0
C02002,43,Nữ,Cần Thơ,39,2,0
C02003,43,Nam,Cần Thơ,52,0,0
C02004,50,Nam,TP HCM,12,1,1
C02005,18,Nam,Đà Nẵng,34,1,1
C02006,35,Nam,Cần Thơ,58,0,0
C02007,25,Nam,Hà Nội,42,1,0
C02008,20,Nam,Hải Phòng,26,1,1
C02009,61,Nam,Hà Nội,52,1,0
C02010,24,Nam,Hải Phòng,40,3,0
C02011,58,Nam,Hải Phòng,11,0,1
C02012,59,Nữ,TP HCM,56,3,0
C02013,21,Nữ,Hải Phòng,39,2,0
C02014,40,Nữ,TP HCM,1,3,1
C02015,44,Nam,TP HCM,35,2,0
C02016,47,Nam,Đà Nẵng,50,3,0
C02017,28,Nam,Cần Thơ,59,1,0
C02018,41,Nam,Hà Nội,12,0,0
C02019,57,Nữ,Hải Phòng,13,3,1
C02020,54,Nam,Hà Nội,45,0,0
C02021,52,Nữ,Hải Phòng,20,3,1
C02022,38,Nữ,Hà Nội,40,0,0
C02023,37,Nữ,Hà Nội,55,1,0
C02024,53,Nam,TP HCM,26,0,1
C02025,37,Nữ,Đà Nẵng,1,1,0
C02026,26,Nữ,Đà Nẵng,34,2,1
C02027,45,Nam,Đà Nẵng,29,0,0
C02028,46,Nam,Hà Nội,3,3,1
C02029,58,Nam,Hải Phòng,26,2,0
C02030,52,Nữ,Hà Nội,30,0,1
C02031,49,Nam,TP HCM,13,1,1
C02032,31,Nữ,Hà Nội,39,0,0
C02033,62,Nữ,Hải Phòng,2,1,1
C02034,40,Nam,Hải Phòng,33,0,0
C02035,50,Nữ,Hà Nội,11,0,0
C02036,18,Nữ,TP HCM,36,1,1
C02037,31,Nam,TP HCM,46,1,0
C02038,52,Nam,TP HCM,50,2,0
C02039,54,Nam,TP HCM,12,0,0
C02040,36,Nam,TP HCM,16,0,1
C02041,25,Nam,Đà Nẵng,50,1,0
C02042,63,Nữ,TP HCM,7,0,0
C02043,19,Nữ,Hà Nội,43,0,1
C02044,35,Nam,Hải Phòng,31,0,0
C02045,31,Nam,TP HCM,10,1,0
C02046,22,Nam,Đà Nẵng,56,1,0
C02047,45,Nam,TP HCM,9,0,0
C02048,25,Nam,Cần Thơ,11,3,0
C02049,22,Nam,Hải Phòng,44,0,0
C02050,55,Nam,TP HCM,41,1,0
C02051,21,Nam,Hà Nội,15,1,0
C02052,69,Nữ,Đà Nẵng,26,0,1
C02053,57,Nữ,Hải Phòng,36,1,1
C02054,20,Nữ,TP HCM,48,3,0
C02055,53,Nữ,Hà Nội,1,2,1
C02056,38,Nữ,Cần Thơ,19,1,0
C02057,65,Nam,TP HCM,55,3,0
C02058,49,Nam,Hải Phòng,14,0,1
C02059,69,Nam,TP HCM,4,3,1
C02060,69,Nam,TP HCM,45,2,1
C02061,49,Nữ,Đà Nẵng,58,1,0
C02062,51,Nữ,TP HCM,2,1,0
C02063,34,Nam,Đà Nẵng,31,3,1
C02064,45,Nữ,TP HCM,59,1,0
C02065,51,Nữ,Hà Nội,8,0,1
C02066,54,Nữ,Hà Nội,20,1,0
C02067,28,Nữ,Cần Thơ,28,1,0
C02068,65,Nữ,Hải Phòng,33,0,0
C02069,69,Nữ,Hà Nội,4,0,0
C02070,56,Nữ,Đà Nẵng,10,3,1
C02071,27,Nam,Hà Nội,23,0,0
C02072,35,Nữ,TP HCM,18,1,1
C02073,23,Nữ,Đà Nẵng,42,1,1
C02074,28,Nam,Hải Phòng,5,0,1
C02075,38,Nam,TP HCM,4,0,1
C02076,23,Nam,Đà Nẵng,17,0,1
C02077,36,Nữ,Hà Nội,30,0,0
C02078,29,Nữ,Cần Thơ,31,1,0
C02079,41,Nữ,Đà Nẵng,45,1,0
C02080,27,Nam,TP HCM,41,1,0
C02081,21,Nam,TP HCM,20,0,1
C02082,51,Nữ,Đà Nẵng,31,1,0
C02083,49,Nam,Hà Nội,10,1,1
C02084,55,Nam,Hà Nội,9,1,0
C02085,64,Nữ,TP HCM,27,1,0
C02086,69,Nữ,Cần Thơ,20,1,0
C02087,60,Nam,Cần Thơ,15,1,0
C02088,55,Nam,TP HCM,39,0,0
C02089,67,Nam,Hải Phòng,7,1,0
C02090,70,Nữ,Đà Nẵng,37,0,0
C02091,19,Nam,Hải Phòng,36,0,0
C02092,68,Nam,Hà Nội,5,1,0
C02093,44,Nam,Hà Nội,48,0,0
C02094,43,Nam,Đà Nẵng,60,1,0
C02095,60,Nữ,Hải Phòng,16,1,1
C02096,31,Nam,TP HCM,9,2,1
C02097,32,Nam,Cần Thơ,29,2,0
C02098,56,Nam,Cần Thơ,48,0,0
C02099,34,Nữ,Cần Thơ,50,2,0
C02100,46,Nữ,TP HCM,5,2,1
C02101,22,Nữ,TP HCM,58,2,0
C02102,62,Nữ,Cần Thơ,37,1,0
C02103,41,Nữ,TP HCM,28,1,0
C02104,40,Nam,Đà Nẵng,57,0,0
C02105,25,Nữ,TP HCM,23,0,0
C02106,48,Nam,Hải Phòng,28,2,1
C02107,24,Nữ,TP HCM,5,1,0
C02108,27,Nữ,Hà Nội,20,1,0
C02109,56,Nữ,TP HCM,23,0,0
C02110,33,Nam,TP HCM,34,2,1
C02111,19,Nam,Cần Thơ,33,0,0
C02112,67,Nam,Đà Nẵng,2,2,0
C02113,69,Nữ,Hà Nội,8,1,0
C02114,20,Nữ,Hải Phòng,33,2,0
C02115,51,Nam,TP HCM,11,0,0
C02116,19,Nữ,Cần Thơ,35,4,0
C02117,53,Nam,Cần Thơ,8,0,1
C02118,52,Nam,Hà Nội,35,2,0
C02119,39,Nam,TP HCM,15,0,1
C02120,39,Nam,Hải Phòng,12,2,0
C02121,45,Nữ,Hải Phòng,15,1,0
C02122,56,Nữ,Hà Nội,39,2,0
C02123,26,Nữ,TP HCM,3,0,1
C02124,48,Nữ,Hải Phòng,26,0,0
C02125,33,Nam,TP HCM,34,3,1
C02126,65,Nữ,TP HCM,59,0,0
C02127,45,Nam,TP HCM,3,1,0
C02128,57,Nam,TP HCM,52,0,0
C02129,18,Nữ,Hải Phòng,20,0,1
C02130,65,Nữ,Hải Phòng,44,3,0
C02131,39,Nữ,TP HCM,56,5,1
C02132,39,Nam,TP HCM,55,0,0
C02133,68,Nữ,Hà Nội,7,1,1
C02134,42,Nam,Hải Phòng,54,0,1
C02135,70,Nam,Hà Nội,8,0,0
C02136,41,Nam,Hà Nội,57,1,0
C02137,18,Nữ,TP HCM,1,1,0
C02138,30,Nam,TP HCM,54,1,0
C02139,46,Nữ,TP HCM,22,2,1
C02140,18,Nữ,TP HCM,24,1,0
C02141,46,Nam,TP HCM,36,1,1
C02142,68,Nữ,Cần Thơ,9,2,1
C02143,61,Nam,TP HCM,19,0,0
C02144,65,Nam,Hà Nội,22,1,0
C02145,30,Nam,TP HCM,5,2,0
C02146,19,Nữ,Hà Nội,59,3,0
C02147,66,Nữ,TP HCM,55,2,1
C02148,64,Nam,TP HCM,21,1,0
C02149,36,Nữ,TP HCM,36,3,0
C02150,54,Nữ,TP HCM,4,2,1
C02151,67,Nam,Đà Nẵng,7,2,1
C02152,33,Nam,TP HCM,52,6,1
C02153,22,Nam,Hải Phòng,8,4,1
C02154,45,Nữ,Hải Phòng,11,2,1
C02155,53,Nữ,TP HCM,14,0,1
C02156,49,Nam,Đà Nẵng,16,0,1
C02157,26,Nam,Hà Nội,2,1,1
C02158,67,Nữ,TP HCM,43,1,1
C02159,59,Nữ,TP HCM,14,1,0
C02160,23,Nam,Đà Nẵng,16,1,0
C02161,51,Nữ,TP HCM,43,1,0
C02162,42,Nam,Hà Nội,6,1,1
C02163,28,Nam,TP HCM,24,1,0
C02164,23,Nữ,TP HCM,51,2,1
C02165,26,Nữ,TP HCM,18,3,1
C02166,49,Nam,Hà Nội,6,2,1
C02167,40,Nữ,Hà Nội,19,1,0
C02168,35,Nam,TP HCM,45,1,0
C02169,31,Nữ,TP HCM,19,2,0
C02170,28,Nam,Đà Nẵng,15,3,0
C02171,25,Nữ,Hà Nội,33,1,0
C02172,51,Nữ,Hải Phòng,26,4,1
C02173,24,Nữ,Cần Thơ,53,3,0
C02174,56,Nữ,Hải Phòng,13,1,0
C02175,43,Nam,TP HCM,32,0,0
C02176,41,Nữ,Cần Thơ,26,1,0
C02177,26,Nam,Hà Nội,37,2,1
C02178,34,Nam,Đà Nẵng,11,1,1
C02179,27,Nam,Hà Nội,22,0,0
C02180,38,Nam,TP HCM,51,3,0
C02181,67,Nam,Hà Nội,59,1,0
C02182,52,Nam,Đà Nẵng,26,5,0
C02183,35,Nữ,Hà Nội,54,2,1
C02184,66,Nam,TP HCM,15,0,0
C02185,63,Nam,TP HCM,37,1,0
C02186,52,Nam,Hà Nội,6,5,1
C02187,52,Nam,Hải Phòng,2,2,1
C02188,46,Nam,Cần Thơ,42,0,1
C02189,47,Nữ,Hải Phòng,38,0,0
C02190,69,Nữ,TP HCM,2,1,1
C02191,29,Nam,Hà Nội,13,1,1
C02192,56,Nam,Hà Nội,17,6,0
C02193,34,Nam,Hà Nội,15,2,0
C02194,54,Nam,TP HCM,47,1,0
C02195,68,Nam,TP HCM,57,1,0
C02196,37,Nữ,Đà Nẵng,14,1,1
C02197,62,Nữ,Hà Nội,15,0,0
C02198,61,Nam,TP HCM,6,1,0
C02199,18,Nữ,Hà Nội,27,0,1
C02200,31,Nữ,Hải Phòng,25,2,1
C02201,69,Nam,TP HCM,13,1,0
C02202,58,Nữ,TP HCM,52,3,0
C02203,34,Nam,TP HCM,50,0,0
C02204,37,Nam,TP HCM,37,1,1
C02205,51,Nữ,Cần Thơ,55,0,0
C02206,30,Nữ,TP HCM,25,0,0
C02207,70,Nữ,TP HCM,40,1,0
C02208,37,Nữ,Cần Thơ,60,2,0
C02209,63,Nữ,Đà Nẵng,33,2,0
C02210,37,Nam,Hà Nội,35,3,0
C02211,38,Nữ,TP HCM,54,2,0
C02212,24,Nữ,Hà Nội,23,2,0
C02213,18,Nam,Hải Phòng,27,2,1
C02214,49,Nam,Hà Nội,4,2,0
C02215,53,Nữ,Đà Nẵng,46,2,1
C02216,27,Nữ,Đà Nẵng,44,1,0
C02217,21,Nam,Hải Phòng,33,1,0
C02218,34,Nữ,Hà Nội,55,1,1
C02219,33,Nữ,Hà Nội,9,1,1
C02220,31,Nữ,Cần Thơ,59,1,0
C02221,22,Nữ,TP HCM,16,2,0
C02222,49,Nam,TP HCM,31,2,0
C02223,64,Nam,Hải Phòng,52,1,0
C02224,40,Nam,TP HCM,24,0,0
C02225,31,Nữ,Đà Nẵng,26,2,0
C02226,52,Nam,Hà Nội,34,2,0
C02227,27,Nữ,Hà Nội,12,1,1
C02228,38,Nữ,Hải Phòng,56,2,0
C02229,47,Nữ,TP HCM,32,2,0
C02230,65,Nam,TP HCM,55,1,0
C02231,22,Nam,TP HCM,15,0,0
C02232,52,Nam,TP HCM,48,1,0
C02233,34,Nữ,Hà Nội,27,1,0
C02234,61,Nữ,Cần Thơ,39,0,0
C02235,51,Nam,TP HCM,17,1,0
C02236,34,Nam,Hà Nội,40,1,0
C02237,53,Nữ,TP HCM,52,4,0
C02238,48,Nam,Hà Nội,18,0,0
C02239,66,Nam,Hà Nội,45,0,0
C02240,33,Nam,Hà Nội,36,2,1
C02241,70,Nam,TP HCM,37,3,0
C02242,41,Nữ,TP HCM,15,1,0
C02243,26,Nam,Hà Nội,46,0,0
C02244,29,Nữ,Hà Nội,4,1,0
C02245,47,Nam,Đà Nẵng,22,2,1
C02246,44,Nam,TP HCM,10,0,0
C02247,19,Nữ,TP HCM,45,0,0
C02248,48,Nam,Hà Nội,13,2,1
C02249,63,Nữ,TP HCM,30,0,0
C02250,19,Nam,Hà Nội,18,1,0
C02251,35,Nam,TP HCM,34,2,1
C02252,51,Nam,Cần Thơ,33,2,0
C02253,66,Nữ,Đà Nẵng,37,2,0
C02254,27,Nữ,TP HCM,49,2,0
C02255,25,Nữ,TP HCM,35,1,0
C02256,29,Nữ,Hà Nội,28,0,0
C02257,31,Nam,Hà Nội,4,2,1
C02258,47,Nữ,Đà Nẵng,11,3,1
C02259,27,Nữ,TP HCM,32,0,0
C02260,35,Nam,TP HCM,6,1,1
C02261,36,Nam,Đà Nẵng,1,0,1
C02262,28,Nữ,TP HCM,31,0,0
C02263,41,Nam,Hà Nội,37,1,0
C02264,45,Nữ,Đà Nẵng,50,1,0
C02265,38,Nam,TP HCM,58,2,0
C02266,31,Nam,Cần Thơ,12,1,0
C02267,52,Nữ,TP HCM,20,2,0
C02268,31,Nữ,Hà Nội,52,0,0
C02269,44,Nam,TP HCM,43,1,0
C02270,34,Nam,TP HCM,1,0,0
C02271,20,Nữ,Hà Nội,44,0,0
C02272,40,Nam,Hải Phòng,6,5,1
C02273,56,Nam,Hà Nội,32,0,0
C02274,51,Nam,Đà Nẵng,6,3,0
C02275,60,Nữ,Hà Nội,26,2,1
C02276,27,Nữ,Hải Phòng,31,2,0
C02277,21,Nữ,Hải Phòng,43,0,0
C02278,34,Nam,TP HCM,22,1,1
C02279,65,Nam,Hải Phòng,7,3,1
C02280,48,Nữ,TP HCM,30,0,0
C02281,35,Nữ,Hà Nội,25,2,1
C02282,33,Nam,TP HCM,23,1,1
C02283,32,Nữ,TP HCM,24,2,0
C02284,24,Nam,Đà Nẵng,54,0,0
C02285,61,Nam,TP HCM,35,0,0
C02286,65,Nam,TP HCM,6,4,1
C02287,57,Nữ,TP HCM,46,2,1
C02288,36,Nữ,TP HCM,58,2,1
C02289,49,Nam,TP HCM,11,1,0
C02290,22,Nữ,TP HCM,37,1,0
C02291,54,Nữ,TP HCM,52,2,0
C02292,18,Nữ,TP HCM,8,1,0
C02293,69,Nam,Cần Thơ,44,2,0
C02294,20,Nữ,Đà Nẵng,40,1,0
C02295,48,Nam,Hà Nội,30,1,0
C02296,62,Nam,Hà Nội,15,0,1
C02297,25,Nữ,Cần Thơ,6,0,0
C02298,51,Nữ,TP HCM,46,2,0
C02299,26,Nữ,TP HCM,25,0,0
C02300,58,Nữ,Hải Phòng,14,3,0
C02301,36,Nữ,Hà Nội,49,0,0
C02302,42,Nữ,Đà Nẵng,22,1,1
C02303,19,Nam,Hải Phòng,36,0,0
C02304,67,Nam,TP HCM,44,1,0
C02305,65,Nữ,Đà Nẵng,13,1,0
C02306,45,Nữ,Hà Nội,47,0,0
C02307,67,Nữ,Hải Phòng,50,2,0
C02308,29,Nam,Cần Thơ,14,3,1
C02309,37,Nam,Đà Nẵng,16,1,0
C02310,63,Nữ,Hà Nội,21,0,0
C02311,67,Nam,TP HCM,8,2,1
C02312,37,Nữ,Hà Nội,27,4,1
C02313,57,Nam,Cần Thơ,21,1,1
C02314,57,Nữ,Hải Phòng,8,1,0
C02315,23,Nữ,Đà Nẵng,2,1,1
C02316,24,Nữ,TP HCM,25,2,0
C02317,50,Nam,Hải Phòng,46,1,0
C02318,18,Nữ,Hải Phòng,56,0,0
C02319,37,Nam,Đà Nẵng,25,0,0
C02320,65,Nam,Hà Nội,16,0,0
C02321,60,Nam,Cần Thơ,47,2,0
C02322,32,Nữ,Hà Nội,44,1,1
C02323,63,Nữ,Cần Thơ,12,1,1
C02324,28,Nữ,TP HCM,56,2,0
C02325,49,Nữ,Hà Nội,49,1,0
C02326,67,Nam,Hà Nội,23,0,0
C02327,22,Nữ,TP HCM,59,1,0
C02328,59,Nữ,TP HCM,8,2,1
C02329,27,Nữ,TP HCM,39,2,1
C02330,67,Nữ,TP HCM,28,3,1
C02331,24,Nữ,Đà Nẵng,60,1,0
C02332,30,Nữ,Cần Thơ,60,0,0
C02333,49,Nam,Hà Nội,18,3,0
C02334,57,Nam,Đà Nẵng,43,2,0
C02335,30,Nam,Cần Thơ,45,0,0
C02336,56,Nữ,TP HCM,32,1,0
C02337,55,Nữ,TP HCM,24,0,1
C02338,36,Nam,TP HCM,18,1,0
C02339,43,Nam,Hà Nội,45,1,0
C02340,39,Nam,TP HCM,59,3,0
C02341,40,Nữ,Hà Nội,45,1,0
C02342,59,Nam,Hà Nội,30,0,0
C02343,18,Nữ,TP HCM,3,1,1
C02344,32,Nữ,Hà Nội,2,1,0
C02345,67,Nữ,Hà Nội,59,1,0
C02346,56,Nam,Hà Nội,46,0,0
C02347,42,Nam,Hải Phòng,55,2,0
C02348,29,Nam,Hà Nội,23,2,1
C02349,57,Nam,Hà Nội,19,1,0
C02350,59,Nam,TP HCM,32,2,1
C02351,54,Nam,Hải Phòng,15,2,1
C02352,41,Nam,TP HCM,54,2,1
C02353,39,Nam,TP HCM,1,2,0
C02354,22,Nữ,TP HCM,54,1,0
C02355,45,Nữ,Hà Nội,41,2,0
C02356,59,Nữ,TP HCM,25,4,1
C02357,49,Nam,TP HCM,54,0,1
C02358,44,Nam,Hải Phòng,39,2,0
C02359,22,Nam,Hà Nội,60,0,0
C02360,53,Nam,Hải Phòng,29,2,1
C02361,38,Nữ,TP HCM,40,1,1
C02362,26,Nữ,Cần Thơ,33,0,0
C02363,34,Nam,TP HCM,57,2,1
C02364,38,Nam,Hải Phòng,42,1,0
C02365,47,Nam,TP HCM,22,2,1
C02366,42,Nữ,TP HCM,8,0,0
C02367,31,Nữ,Hà Nội,41,0,0
C02368,69,Nam,Đà Nẵng,40,1,0
C02369,41,Nam,Cần Thơ,47,1,0
C02370,43,Nam,Đà Nẵng,43,1,0
C02371,49,Nam,Hà Nội,42,2,1
C02372,64,Nữ,Đà Nẵng,5,0,1
C02373,48,Nữ,Đà Nẵng,25,0,0
C02374,24,Nam,Hà Nội,11,1,1
C02375,36,Nữ,Cần Thơ,53,2,1
C02376,44,Nữ,Hà Nội,40,1,0
C02377,33,Nam,Đà Nẵng,50,1,1
C02378,48,Nam,Cần Thơ,20,1,1
C02379,25,Nữ,TP HCM,33,1,1
C02380,30,Nam,Hà Nội,12,0,0
C02381,47,Nữ,Hải Phòng,41,2,1
C02382,35,Nam,Hải Phòng,58,2,0
C02383,33,Nữ,Đà Nẵng,38,2,0
C02384,40,Nam,Hải Phòng,8,0,0
C02385,68,Nam,Hải Phòng,45,0,0
C02386,24,Nam,TP HCM,40,2,1
C02387,21,Nam,Đà Nẵng,58,0,0
C02388,36,Nam,Cần Thơ,35,3,1
C02389,54,Nam,Đà Nẵng,13,2,0
C02390,51,Nam,TP HCM,47,0,1
C02391,24,Nam,Hà Nội,33,1,0
C02392,25,Nữ,Đà Nẵng,10,1,0
C02393,28,Nam,Đà Nẵng,28,3,1
C02394,37,Nữ,TP HCM,30,2,1
C02395,35,Nữ,Hà Nội,51,1,0
C02396,50,Nam,TP HCM,8,2,1
C02397,21,Nam,Hà Nội,12,1,1
C02398,64,Nữ,Đà Nẵng,26,0,1
C02399,55,Nam,TP HCM,29,2,1
C02400,67,Nữ,Cần Thơ,38,3,0
C02401,68,Nữ,Cần Thơ,40,0,0
C02402,39,Nữ,TP HCM,20,0,0
C02403,66,Nữ,TP HCM,51,3,0
C02404,50,Nam,Cần Thơ,48,1,0
C02405,21,Nam,Hải Phòng,49,2,0
C02406,22,Nam,Cần Thơ,59,0,0
C02407,64,Nữ,Hà Nội,14,2,0
C02408,40,Nữ,TP HCM,13,2,1
C02409,30,Nữ,TP HCM,10,0,1
C02410,56,Nữ,Hải Phòng,18,1,1
C02411,46,Nam,Cần Thơ,55,0,1
C02412,28,Nữ,Cần Thơ,24,3,0
C02413,30,Nữ,Hà Nội,25,1,0
C02414,63,Nữ,Cần Thơ,30,0,0
C02415,49,Nữ,Hà Nội,35,0,0
C02416,68,Nữ,TP HCM,33,2,0
C02417,66,Nam,Hà Nội,8,0,1
C02418,63,Nữ,Cần Thơ,45,0,0
C02419,65,Nam,TP HCM,32,3,0
C02420,41,Nam,Hà Nội,24,2,1
C02421,31,Nữ,Hà Nội,29,0,0
C02422,25,Nữ,Cần Thơ,47,2,0
C02423,38,Nữ,Hà Nội,17,2,1
C02424,55,Nữ,Hà Nội,23,1,0
C02425,43,Nữ,Cần Thơ,6,0,0
C02426,57,Nữ,Đà Nẵng,27,1,0
C02427,70,Nữ,Đà Nẵng,8,0,0
C02428,47,Nam,Hà Nội,20,2,0
C02429,48,Nữ,TP HCM,25,1,1
C02430,68,Nam,Hà Nội,46,1,1
C02431,52,Nam,Đà Nẵng,18,2,0
C02432,53,Nam,TP HCM,23,1,0
C02433,24,Nữ,TP HCM,44,0,0
C02434,48,Nam,Đà Nẵng,46,0,0
C02435,43,Nam,Cần Thơ,43,1,1
C02436,53,Nữ,Hà Nội,25,2,1
C02437,26,Nữ,Hà Nội,24,4,1
C02438,33,Nữ,Hà Nội,47,2,0
C02439,31,Nam,Hà Nội,5,0,0
C02440,32,Nữ,Đà Nẵng,55,1,0
C02441,26,Nam,Hà Nội,44,1,0
C02442,58,Nữ,TP HCM,18,0,1
C02443,67,Nữ,Đà Nẵng,8,2,1
C02444,47,Nam,TP HCM,13,0,0
C02445,30,Nam,TP HCM,38,4,0
C02446,28,Nam,Đà Nẵng,55,0,1
C02447,60,Nữ,Hải Phòng,2,1,1
C02448,44,Nam,Cần Thơ,32,0,1
C02449,44,Nữ,Hà Nội,12,2,0
C02450,50,Nam,TP HCM,9,1,0
C02451,70,Nam,Hà Nội,58,0,0
C02452,70,Nữ,Đà Nẵng,5,0,0
C02453,19,Nam,Hà Nội,6,1,0
C02454,64,Nữ,Hà Nội,9,1,0
C02455,41,Nam,TP HCM,3,2,0
C02456,38,Nữ,Hà Nội,1,1,0
C02457,24,Nữ,Hà Nội,39,1,0
C02458,31,Nữ,Hà Nội,59,0,0
C02459,34,Nữ,Cần Thơ,14,0,0
C02460,59,Nam,Hải Phòng,36,1,1
C02461,61,Nữ,TP HCM,1,0,0
C02462,47,Nam,TP HCM,37,1,0
C02463,31,Nam,TP HCM,30,0,0
C02464,36,Nam,TP HCM,47,1,0
C02465,21,Nữ,TP HCM,33,2,1
C02466,69,Nam,Cần Thơ,43,1,0
C02467,53,Nữ,TP HCM,14,2,0
C02468,26,Nam,Hà Nội,30,3,0
C02469,18,Nam,Hà Nội,1,0,0
C02470,52,Nam,Hà Nội,36,2,0
C02471,38,Nữ,TP HCM,60,1,0
C02472,57,Nữ,Cần Thơ,20,1,0
C02473,36,Nữ,TP HCM,14,1,0
C02474,20,Nữ,TP HCM,42,2,1
C02475,55,Nam,Đà Nẵng,42,1,0
C02476,26,Nữ,TP HCM,59,0,0
C02477,30,Nam,Đà Nẵng,45,1,0
C02478,64,Nữ,TP HCM,20,2,1
C02479,65,Nam,Hải Phòng,29,0,0
C02480,22,Nam,Hà Nội,10,2,1
C02481,35,Nam,Hà Nội,58,1,0
C02482,60,Nam,Đà Nẵng,42,1,1
C02483,53,Nam,TP HCM,24,4,0
C02484,33,Nữ,Hà Nội,60,1,1
C02485,54,Nam,Đà Nẵng,50,0,0
C02486,43,Nam,TP HCM,45,3,1
C02487,59,Nam,Hải Phòng,1,5,1
C02488,45,Nữ,Hải Phòng,13,2,1
C02489,47,Nam,Hà Nội,7,3,1
C02490,63,Nữ,Hải Phòng,3,1,0
C02491,53,Nữ,TP HCM,56,1,0
C02492,37,Nam,Cần Thơ,55,2,0
C02493,66,Nữ,Cần Thơ,27,1,0
C02494,28,Nữ,Hà Nội,43,2,1
C02495,56,Nữ,Hà Nội,9,1,1
C02496,48,Nam,TP HCM,43,1,0
C02497,66,Nữ,Hà Nội,35,1,0
C02498,60,Nữ,Hà Nội,1,1,0
C02499,67,Nữ,Hà Nội,38,0,1
C02500,33,Nam,Hà Nội,51,2,0
C02501,49,Nam,Đà Nẵng,3,2,1
C02502,70,Nữ,TP HCM,25,1,0
C02503,49,Nam,Đà Nẵng,3,4,1
C02504,26,Nam,Đà Nẵng,8,1,0
C02505,33,Nam,TP HCM,37,0,0
C02506,30,Nữ,Hải Phòng,16,1,1
C02507,36,Nam,TP HCM,18,4,1
C02508,62,Nam,Hải Phòng,6,0,0
C02509,39,Nữ,Hà Nội,56,1,0
C02510,51,Nam,TP HCM,33,4,0
C02511,59,Nam,TP HCM,22,1,0
C02512,49,Nữ,Cần Thơ,18,0,0
C02513,54,Nam,Hà Nội,24,1,0
C02514,47,Nữ,Cần Thơ,12,2,1
C02515,32,Nữ,Hà Nội,30,2,0
C02516,24,Nữ,TP HCM,4,0,1
C02517,22,Nữ,TP HCM,45,1,1
C02518,32,Nam,TP HCM,36,1,1
C02519,56,Nữ,TP HCM,11,2,0
C02520,59,Nam,Đà Nẵng,31,0,0
C02521,30,Nữ,Cần Thơ,5,0,0
C02522,34,Nam,TP HCM,22,0,0
C02523,38,Nam,Đà Nẵng,46,0,0
C02524,32,Nam,Hà Nội,15,3,1
C02525,36,Nữ,Đà Nẵng,15,1,1
C02526,24,Nữ,Hải Phòng,25,0,1
C02527,25,Nam,Đà Nẵng,42,2,0
C02528,32,Nữ,Hải Phòng,15,2,1
C02529,41,Nam,TP HCM,9,2,1
C02530,56,Nữ,Cần Thơ,12,2,1
C02531,33,Nữ,TP HCM,49,1,0
C02532,61,Nam,Cần Thơ,31,0,0
C02533,36,Nam,TP HCM,10,1,0
C02534,53,Nam,Đà Nẵng,33,2,1
C02535,42,Nữ,Hà Nội,43,1,0
C02536,70,Nam,TP HCM,1,1,0
C02537,52,Nữ,TP HCM,43,0,0
C02538,27,Nam,TP HCM,55,0,0
C02539,63,Nam,Hà Nội,9,0,0
C02540,34,Nam,TP HCM,21,2,0
C02541,46,Nữ,TP HCM,30,1,0
C02542,26,Nữ,Hà Nội,44,1,0
C02543,26,Nữ,Hà Nội,51,0,0
C02544,23,Nữ,TP HCM,50,0,0
C02545,32,Nữ,TP HCM,28,3,1
C02546,48,Nam,Hải Phòng,1,1,1
C02547,51,Nữ,Hà Nội,36,3,0
C02548,59,Nữ,TP HCM,48,0,0
C02549,69,Nữ,Hà Nội,41,0,0
C02550,45,Nữ,Hà Nội,4,0,0
C02551,42,Nữ,Hải Phòng,30,0,0
C02552,33,Nam,Hà Nội,25,2,0
C02553,66,Nữ,Hà Nội,18,1,1
C02554,58,Nam,Hà Nội,7,1,0
C02555,67,Nam,TP HCM,32,1,0
C02556,24,Nữ,TP HCM,43,0,0
C02557,33,Nam,Hà Nội,11,2,0
C02558,68,Nữ,TP HCM,20,1,1
C02559,45,Nam,Đà Nẵng,10,2,1
C02560,35,Nam,TP HCM,11,1,0
C02561,64,Nữ,TP HCM,29,0,0
C02562,19,Nam,Cần Thơ,58,1,1
C02563,52,Nữ,TP HCM,50,0,0
C02564,54,Nữ,Cần Thơ,9,0,0
C02565,49,Nữ,Hà Nội,55,1,0
C02566,36,Nam,TP HCM,43,0,1
C02567,45,Nữ,TP HCM,50,0,1
C02568,61,Nữ,Hải Phòng,7,1,0
C02569,58,Nam,Cần Thơ,10,2,1
C02570,69,Nữ,TP HCM,40,2,1
C02571,25,Nữ,TP HCM,30,2,1
C02572,24,Nữ,TP HCM,53,0,0
C02573,63,Nam,Cần Thơ,2,1,1
C02574,21,Nam,Đà Nẵng,35,1,0
C02575,60,Nữ,Đà Nẵng,1,0,0
C02576,69,Nam,Đà Nẵng,48,1,0
C02577,35,Nữ,Hà Nội,38,2,0
C02578,59,Nam,Hà Nội,48,0,0
C02579,65,Nữ,TP HCM,21,0,0
C02580,68,Nam,Hải Phòng,49,1,0
C02581,51,Nữ,Đà Nẵng,45,2,0
C02582,68,Nam,Hà Nội,22,0,0
C02583,21,Nam,Hải Phòng,34,0,0
C02584,33,Nữ,Hải Phòng,26,2,0
C02585,36,Nam,TP HCM,14,1,1
C02586,61,Nam,Đà Nẵng,40,0,0
C02587,43,Nam,Hà Nội,29,3,1
C02588,39,Nữ,Cần Thơ,54,2,0
C02589,23,Nam,Hà Nội,35,1,0
C02590,66,Nữ,Hà Nội,56,2,1
C02591,58,Nam,TP HCM,24,2,1
C02592,35,Nữ,Hà Nội,11,0,0
C02593,21,Nam,Đà Nẵng,53,3,0
C02594,20,Nam,TP HCM,11,1,1
C02595,22,Nam,TP HCM,28,0,0
C02596,67,Nam,Cần Thơ,60,4,1
C02597,38,Nữ,Hà Nội,40,2,1
C02598,40,Nữ,Đà Nẵng,34,4,0
C02599,64,Nữ,Hà Nội,54,2,0
C02600,46,Nữ,Hà Nội,12,0,0
C02601,57,Nam,TP HCM,3,0,0
C02602,39,Nữ,Hà Nội,20,0,0
C02603,30,Nữ,TP HCM,40,1,0
C02604,52,Nữ,Đà Nẵng,35,1,0
C02605,46,Nam,Hà Nội,3,1,0
C02606,25,Nữ,Cần Thơ,41,0,0
C02607,51,Nam,Hà Nội,20,2,1
C02608,55,Nam,Hà Nội,27,2,1
C02609,66,Nam,TP HCM,6,1,0
C02610,44,Nam,TP HCM,30,0,0
C02611,35,Nam,TP HCM,21,1,0
C02612,20,Nam,Đà Nẵng,55,0,0
C02613,28,Nam,Hà Nội,20,3,0
C02614,27,Nữ,TP HCM,28,2,0
C02615,57,Nữ,TP HCM,22,2,0
C02616,58,Nữ,Hà Nội,44,1,0
C02617,37,Nam,Cần Thơ,11,0,0
C02618,62,Nữ,TP HCM,1,3,0
C02619,25,Nữ,Hải Phòng,34,0,0
C02620,24,Nữ,TP HCM,26,2,1
C02621,40,Nam,TP HCM,37,2,0
C02622,26,Nam,TP HCM,21,1,1
C02623,67,Nữ,Đà Nẵng,42,1,0
C02624,44,Nam,Đà Nẵng,32,2,1
C02625,48,Nam,Hà Nội,52,0,0
C02626,30,Nữ,Cần Thơ,41,1,1
C02627,38,Nam,TP HCM,57,1,0
C02628,53,Nam,Hà Nội,41,3,0
C02629,61,Nữ,Hải Phòng,30,1,0
C02630,57,Nam,Hà Nội,5,0,1
C02631,18,Nữ,TP HCM,7,3,1
C02632,32,Nam,Hà Nội,13,1,0
C02633,41,Nam,Hà Nội,44,1,0
C02634,25,Nữ,Hải Phòng,21,1,0
C02635,60,Nữ,Hà Nội,35,2,0
C02636,70,Nam,TP HCM,13,1,1
C02637,26,Nữ,Cần Thơ,36,0,0
C02638,28,Nam,TP HCM,53,0,0
C02639,47,Nam,Cần Thơ,22,2,1
C02640,29,Nữ,Hà Nội,7,0,1
C02641,43,Nữ,TP HCM,58,1,1
C02642,47,Nam,TP HCM,17,0,0
C02643,21,Nam,Hà Nội,26,1,0
C02644,40,Nam,TP HCM,4,3,0
C02645,39,Nữ,Đà Nẵng,20,0,1
C02646,25,Nữ,Hà Nội,30,0,1
C02647,35,Nam,Cần Thơ,55,0,0
C02648,47,Nữ,Hà Nội,16,2,0
C02649,52,Nam,TP HCM,43,2,0
C02650,48,Nam,TP HCM,20,1,1
C02651,30,Nam,TP HCM,54,3,1
C02652,36,Nam,TP HCM,51,1,0
C02653,29,Nữ,Hải Phòng,4,0,0
C02654,51,Nam,Hải Phòng,2,2,0
C02655,40,Nữ,Hà Nội,13,1,0
C02656,30,Nam,Hải Phòng,52,1,0
C02657,68,Nữ,Đà Nẵng,9,0,0
C02658,39,Nam,Hà Nội,19,2,1
C02659,48,Nữ,Hà Nội,28,1,1
C02660,48,Nữ,Hà Nội,53,2,0
C02661,29,Nữ,TP HCM,25,0,0
C02662,49,Nữ,TP HCM,9,4,1
C02663,39,Nữ,Hà Nội,18,0,0
C02664,31,Nữ,Đà Nẵng,29,0,0
C02665,40,Nữ,Hà Nội,14,0,1
C02666,40,Nữ,Cần Thơ,1,0,0
C02667,36,Nữ,Hải Phòng,40,2,0
C02668,55,Nữ,Cần Thơ,56,1,0
C02669,62,Nữ,TP HCM,50,2,0
C02670,28,Nữ,TP HCM,40,0,0
C02671,18,Nữ,Hải Phòng,59,1,0
C02672,61,Nữ,Cần Thơ,29,1,0
C02673,34,Nữ,Hà Nội,50,0,0
C02674,59,Nam,TP HCM,9,0,1
C02675,21,Nam,Hà Nội,34,2,0
C02676,51,Nam,TP HCM,27,1,1
C02677,57,Nam,Cần Thơ,39,1,1
C02678,68,Nam,Hà Nội,31,1,1
C02679,24,Nam,Đà Nẵng,34,1,0
C02680,54,Nam,Cần Thơ,36,2,0
C02681,44,Nữ,TP HCM,4,1,1
C02682,18,Nam,Hà Nội,33,0,0
C02683,70,Nam,TP HCM,24,0,0
C02684,59,Nữ,Cần Thơ,24,1,0
C02685,47,Nữ,Hà Nội,56,1,0
C02686,45,Nữ,Cần Thơ,9,1,1
C02687,20,Nam,TP HCM,59,1,0
C02688,52,Nữ,Hà Nội,35,1,0
C02689,68,Nam,Cần Thơ,11,1,0
C02690,49,Nữ,Cần Thơ,55,0,0
C02691,19,Nữ,Cần Thơ,12,1,0
C02692,42,Nữ,Hà Nội,31,0,0
C02693,19,Nam,TP HCM,20,2,0
C02694,65,Nữ,Đà Nẵng,17,0,0
C02695,24,Nam,TP HCM,24,1,0
C02696,56,Nữ,Hải Phòng,35,1,0
C02697,44,Nữ,TP HCM,53,0,0
C02698,58,Nam,Hải Phòng,35,1,0
C02699,35,Nam,Đà Nẵng,5,0,1
C02700,34,Nữ,Cần Thơ,34,2,1
C02701,55,Nam,Hà Nội,49,0,0
C02702,29,Nam,Hà Nội,8,0,0
C02703,64,Nam,Cần Thơ,26,2,1
C02704,32,Nữ,TP HCM,3,1,0
C02705,46,Nam,Đà Nẵng,57,3,0
C02706,64,Nữ,TP HCM,48,0,0
C02707,52,Nữ,Hải Phòng,24,0,1
C02708,35,Nam,Hà Nội,29,1,0
C02709,20,Nam,Cần Thơ,56,1,0
C02710,22,Nữ,TP HCM,56,0,0
C02711,28,Nữ,TP HCM,14,1,1
C02712,26,Nữ,Hà Nội,5,3,1
C02713,29,Nữ,TP HCM,58,0,0
C02714,19,Nam,Hà Nội,56,1,0
C02715,43,Nam,TP HCM,59,2,1
C02716,27,Nữ,Hà Nội,42,2,1
C02717,29,Nữ,Hà Nội,20,1,0
C02718,40,Nữ,TP HCM,37,1,0
C02719,60,Nữ,Cần Thơ,43,1,1
C02720,63,Nam,Đà Nẵng,2,0,0
C02721,64,Nữ,Hải Phòng,26,1,0
C02722,47,Nam,TP HCM,7,1,1
C02723,70,Nam,Hải Phòng,7,1,0
C02724,20,Nam,TP HCM,14,0,0
C02725,67,Nữ,TP HCM,10,0,0
C02726,53,Nữ,Hà Nội,34,1,0
C02727,60,Nam,Hà Nội,10,1,1
C02728,46,Nữ,Hà Nội,39,0,1
C02729,31,Nữ,Đà Nẵng,19,1,0
C02730,60,Nam,Hải Phòng,18,0,1
C02731,65,Nam,Đà Nẵng,41,0,1
C02732,29,Nữ,Hà Nội,37,0,0
C02733,18,Nam,Hà Nội,21,0,0
C02734,37,Nam,TP HCM,17,0,0
C02735,36,Nữ,Hà Nội,6,0,0
C02736,39,Nam,Hà Nội,46,1,0
C02737,50,Nam,TP HCM,20,2,1
C02738,57,Nam,Hải Phòng,25,1,1
C02739,40,Nữ,TP HCM,6,1,0
C02740,42,Nam,Hà Nội,11,1,0
C02741,69,Nữ,TP HCM,2,1,1
C02742,34,Nam,TP HCM,25,0,0
C02743,68,Nam,Hải Phòng,57,1,0
C02744,62,Nam,Hà Nội,19,1,0
C02745,35,Nữ,TP HCM,48,1,0
C02746,63,Nữ,Đà Nẵng,33,0,0
C02747,45,Nữ,Hà Nội,19,2,0
C02748,54,Nữ,TP HCM,16,1,0
C02749,48,Nam,TP HCM,24,0,0
C02750,59,Nam,TP HCM,25,1,0
C02751,59,Nữ,Hà Nội,3,1,0
C02752,63,Nam,TP HCM,40,2,0
C02753,52,Nữ,Cần Thơ,44,2,0
C02754,46,Nữ,Đà Nẵng,23,1,0
C02755,28,Nữ,Hải Phòng,5,4,1
C02756,43,Nam,Đà Nẵng,3,1,1
C02757,48,Nam,Cần Thơ,20,1,0
C02758,23,Nam,Hải Phòng,20,0,0
C02759,49,Nam,Hải Phòng,57,0,0
C02760,67,Nữ,TP HCM,21,0,0
C02761,32,Nam,Hà Nội,7,3,0
C02762,25,Nam,Đà Nẵng,7,2,0
C02763,48,Nữ,Cần Thơ,5,2,0
C02764,47,Nam,TP HCM,49,2,0
C02765,56,Nam,Hà Nội,39,0,0
C02766,30,Nam,TP HCM,7,3,1
C02767,62,Nam,TP HCM,60,0,1
C02768,38,Nữ,TP HCM,26,1,0
C02769,40,Nữ,TP HCM,21,1,0
C02770,42,Nữ,Hà Nội,53,1,0
C02771,34,Nam,Đà Nẵng,17,0,0
C02772,46,Nữ,TP HCM,60,1,0
C02773,47,Nữ,Hải Phòng,11,0,1
C02774,53,Nữ,Hà Nội,49,0,0
C02775,29,Nữ,TP HCM,5,2,0
C02776,38,Nữ,Đà Nẵng,49,5,0
C02777,66,Nữ,TP HCM,35,4,0
C02778,26,Nữ,Hải Phòng,18,2,0
C02779,62,Nam,TP HCM,47,3,0
C02780,22,Nam,Hải Phòng,4,0,1
C02781,33,Nam,Hà Nội,42,0,0
C02782,61,Nữ,TP HCM,34,5,1
C02783,18,Nữ,Hà Nội,37,2,0
C02784,55,Nữ,Cần Thơ,44,1,0
C02785,25,Nữ,Hà Nội,50,1,1
C02786,28,Nam,Hải Phòng,46,2,0
C02787,42,Nữ,Hải Phòng,45,3,0
C02788,33,Nữ,TP HCM,13,1,0
C02789,42,Nữ,TP HCM,19,0,0
C02790,30,Nam,TP HCM,36,1,0
C02791,43,Nữ,Đà Nẵng,33,1,0
C02792,21,Nam,Hà Nội,35,0,0
C02793,64,Nữ,TP HCM,6,2,0
C02794,21,Nữ,Hà Nội,18,2,1
C02795,61,Nam,TP HCM,9,1,1
C02796,43,Nữ,TP HCM,16,2,0
C02797,25,Nam,Hà Nội,47,3,0
C02798,26,Nữ,Hà Nội,17,2,1
C02799,53,Nữ,Hà Nội,45,1,0
C02800,60,Nữ,TP HCM,50,1,0
C02801,39,Nam,Hải Phòng,17,3,1
C02802,62,Nam,Hà Nội,15,1,1
C02803,57,Nữ,Hà Nội,23,2,1
C02804,29,Nữ,TP HCM,27,1,0
C02805,49,Nữ,TP HCM,19,0,1
C02806,65,Nữ,TP HCM,46,4,0
C02807,68,Nữ,Hà Nội,10,2,0
C02808,29,Nam,Hà Nội,53,2,0
C02809,50,Nữ,TP HCM,44,0,0
C02810,64,Nữ,TP HCM,23,1,0
C02811,44,Nữ,Hải Phòng,60,1,0
C02812,53,Nam,Hải Phòng,55,2,0
C02813,38,Nữ,Hải Phòng,15,2,0
C02814,68,Nữ,Hà Nội,5,2,1
C02815,27,Nữ,Hà Nội,56,2,0
C02816,55,Nam,Đà Nẵng,55,0,0
C02817,32,Nam,Hà Nội,6,3,1
C02818,50,Nữ,TP HCM,15,2,1
C02819,30,Nữ,Hà Nội,20,0,0
C02820,39,Nam,Hải Phòng,41,1,1
C02821,45,Nữ,Cần Thơ,29,2,0
C02822,23,Nam,Hà Nội,18,1,0
C02823,27,Nam,Cần Thơ,54,0,0
C02824,20,Nam,Đà Nẵng,34,2,1
C02825,40,Nam,TP HCM,26,1,1
C02826,26,Nữ,Hà Nội,3,2,0
C02827,49,Nam,Hà Nội,14,2,1
C02828,25,Nam,TP HCM,48,2,0
C02829,21,Nam,TP HCM,23,3,0
C02830,67,Nữ,Cần Thơ,5,0,1
C02831,33,Nam,Cần Thơ,59,1,0
C02832,31,Nữ,TP HCM,6,2,0
C02833,19,Nam,TP HCM,44,2,0
C02834,46,Nữ,TP HCM,7,0,0
C02835,30,Nữ,Hà Nội,37,4,0
C02836,23,Nam,Cần Thơ,25,1,0
C02837,49,Nam,Hà Nội,12,5,1
C02838,69,Nữ,Hà Nội,30,1,1
C02839,62,Nam,Cần Thơ,34,0,0
C02840,58,Nữ,Đà Nẵng,27,0,0
C02841,26,Nữ,TP HCM,42,2,0
C02842,51,Nam,TP HCM,17,2,1
C02843,54,Nam,Đà Nẵng,36,1,0
C02844,45,Nữ,Đà Nẵng,13,1,0
C02845,68,Nữ,TP HCM,4,1,1
C02846,30,Nam,Hà Nội,36,0,0
C02847,55,Nữ,TP HCM,57,2,1
C02848,48,Nam,Hải Phòng,26,0,0
C02849,31,Nam,TP HCM,24,2,0
C02850,37,Nam,TP HCM,14,1,1
C02851,58,Nam,Đà Nẵng,49,1,0
C02852,39,Nữ,Hải Phòng,8,3,1
C02853,45,Nữ,TP HCM,22,3,1
C02854,61,Nam,Đà Nẵng,6,2,0
C02855,60,Nữ,Cần Thơ,27,2,0
C02856,18,Nam,TP HCM,48,2,1
C02857,18,Nam,TP HCM,20,0,1
C02858,48,Nữ,TP HCM,18,1,1
C02859,62,Nam,Cần Thơ,54,1,0
C02860,45,Nữ,Hà Nội,29,2,0
C02861,28,Nam,Hà Nội,44,1,0
C02862,39,Nữ,TP HCM,40,1,0
C02863,45,Nam,TP HCM,35,0,0
C02864,69,Nữ,TP HCM,10,4,1
C02865,31,Nữ,TP HCM,53,2,0
C02866,34,Nữ,TP HCM,48,1,0
C02867,39,Nam,Hải Phòng,49,0,0
C02868,31,Nữ,Hải Phòng,15,1,0
C02869,43,Nam,TP HCM,25,0,0
C02870,62,Nam,TP HCM,19,2,1
C02871,47,Nam,TP HCM,9,1,1
C02872,56,Nữ,Hà Nội,25,1,1
C02873,19,Nữ,Đà Nẵng,15,0,1
C02874,69,Nam,TP HCM,50,1,0
C02875,63,Nữ,Hà Nội,13,0,1
C02876,60,Nữ,Hà Nội,6,0,0
C02877,53,Nữ,TP HCM,19,0,1
C02878,64,Nữ,Hà Nội,13,0,0
C02879,26,Nam,Hải Phòng,1,3,0
C02880,66,Nữ,Hải Phòng,46,1,0
C02881,59,Nam,Hải Phòng,47,1,1
C02882,52,Nữ,Hà Nội,53,0,0
C02883,19,Nữ,TP HCM,19,1,0
C02884,63,Nam,Cần Thơ,33,0,0
C02885,66,Nữ,Cần Thơ,47,2,0
C02886,45,Nữ,Hải Phòng,5,2,1
C02887,69,Nam,TP HCM,55,2,0
C02888,56,Nam,Đà Nẵng,13,1,1
C02889,40,Nữ,Hà Nội,16,1,1
C02890,28,Nữ,TP HCM,56,1,0
C02891,35,Nữ,Hải Phòng,10,1,0
C02892,56,Nữ,Hải Phòng,52,1,0
C02893,65,Nữ,Hà Nội,26,1,1
C02894,65,Nữ,TP HCM,58,1,0
C02895,23,Nữ,Hà Nội,54,1,0
C02896,62,Nữ,Đà Nẵng,26,0,0
C02897,22,Nữ,Cần Thơ,22,2,1
C02898,44,Nam,Hà Nội,55,0,0
C02899,23,Nữ,Hà Nội,9,2,0
C02900,32,Nữ,TP HCM,28,3,0
C02901,56,Nữ,Hà Nội,44,2,0
C02902,33,Nam,Cần Thơ,42,2,0
C02903,33,Nam,TP HCM,40,2,1
C02904,36,Nữ,TP HCM,24,0,0
C02905,61,Nữ,Đà Nẵng,21,1,1
C02906,26,Nữ,Cần Thơ,8,1,0
C02907,33,Nữ,Cần Thơ,38,2,0
C02908,47,Nữ,Hải Phòng,34,0,0
C02909,52,Nữ,Hà Nội,8,0,0
C02910,38,Nam,Đà Nẵng,10,1,0
C02911,20,Nam,TP HCM,8,1,0
C02912,39,Nữ,Đà Nẵng,42,0,0
C02913,44,Nam,Hà Nội,10,1,1
C02914,56,Nữ,TP HCM,53,0,0
C02915,42,Nữ,TP HCM,19,2,0
C02916,51,Nam,TP HCM,56,2,0
C02917,29,Nữ,TP HCM,12,2,0
C02918,53,Nam,Cần Thơ,33,3,1
C02919,70,Nữ,Hà Nội,29,1,1
C02920,36,Nam,Cần Thơ,15,1,0
C02921,50,Nữ,Hà Nội,27,0,1
C02922,39,Nam,TP HCM,29,1,0
C02923,60,Nữ,TP HCM,28,2,1
C02924,55,Nữ,Cần Thơ,25,2,0
C02925,33,Nữ,Cần Thơ,53,1,0
C02926,25,Nữ,Hà Nội,17,2,1
C02927,33,Nữ,Cần Thơ,53,0,0
C02928,63,Nam,Hải Phòng,15,2,0
C02929,34,Nữ,Đà Nẵng,10,3,1
C02930,59,Nữ,Hà Nội,16,2,0
C02931,37,Nam,Đà Nẵng,40,1,0
C02932,43,Nam,Cần Thơ,39,1,0
C02933,49,Nữ,Đà Nẵng,1,0,1
C02934,37,Nam,Cần Thơ,20,1,1
C02935,41,Nữ,TP HCM,58,1,0
C02936,29,Nam,Hải Phòng,23,1,0
C02937,46,Nữ,Cần Thơ,55,0,0
C02938,31,Nữ,Hà Nội,16,1,0
C02939,40,Nữ,TP HCM,1,1,1
C02940,24,Nam,Hà Nội,18,2,0
C02941,47,Nam,TP HCM,42,0,1
C02942,66,Nữ,TP HCM,53,1,0
C02943,60,Nữ,TP HCM,58,1,1
C02944,66,Nữ,Cần Thơ,24,1,0
C02945,22,Nam,TP HCM,44,3,1
C02946,63,Nam,Hải Phòng,45,2,1
C02947,27,Nữ,TP HCM,37,1,0
C02948,30,Nữ,Hải Phòng,58,0,0
C02949,20,Nam,Hà Nội,1,3,1
C02950,51,Nam,Đà Nẵng,15,0,0
C02951,56,Nam,TP HCM,53,1,0
C02952,63,Nữ,Đà Nẵng,30,1,0
C02953,50,Nữ,TP HCM,40,0,0
C02954,34,Nữ,TP HCM,3,2,1
C02955,67,Nữ,TP HCM,52,0,0
C02956,43,Nam,Đà Nẵng,30,0,0
C02957,43,Nữ,TP HCM,44,0,1
C02958,18,Nữ,Hải Phòng,38,0,0
C02959,70,Nam,TP HCM,26,2,1
C02960,26,Nữ,TP HCM,27,4,1
C02961,55,Nữ,Hải Phòng,14,1,0
C02962,64,Nữ,TP HCM,59,0,0
C02963,38,Nam,Hà Nội,1,1,0
C02964,29,Nữ,TP HCM,11,1,0
C02965,47,Nữ,Hà Nội,2,1,0
C02966,25,Nữ,Đà Nẵng,21,3,0
C02967,18,Nam,Hà Nội,15,2,0
C02968,19,Nữ,Cần Thơ,2,0,1
C02969,61,Nữ,Đà Nẵng,1,0,0
C02970,21,Nữ,TP HCM,60,1,1
C02971,54,Nam,TP HCM,43,0,1
C02972,20,Nữ,Đà Nẵng,6,1,0
C02973,27,Nữ,Đà Nẵng,34,0,0
C02974,49,Nam,TP HCM,2,4,1
C02975,19,Nam,Cần Thơ,16,2,1
C02976,63,Nam,Hà Nội,59,2,0
C02977,66,Nữ,TP HCM,7,1,0
C02978,60,Nữ,TP HCM,54,0,1
C02979,18,Nam,Hà Nội,37,4,1
C02980,51,Nữ,TP HCM,15,2,1
C02981,18,Nam,TP HCM,52,0,0
C02982,65,Nữ,Hà Nội,52,2,0
C02983,22,Nam,Đà Nẵng,34,1,0
C02984,47,Nam,Đà Nẵng,17,0,0
C02985,66,Nam,Hải Phòng,55,1,1
C02986,57,Nam,Cần Thơ,2,2,0
C02987,54,Nam,Hà Nội,29,0,0
C02988,49,Nữ,Hà Nội,59,1,0
C02989,21,Nam,Cần Thơ,46,1,0
C02990,46,Nam,Hà Nội,10,2,0
C02991,34,Nữ,Cần Thơ,29,0,0
C02992,19,Nam,Hà Nội,6,1,1
C02993,63,Nữ,Hà Nội,5,1,0
C02994,48,Nữ,TP HCM,3,0,0
C02995,37,Nam,TP HCM,20,0,0
C02996,54,Nữ,TP HCM,14,2,1
C02997,39,Nữ,TP HCM,49,0,0
C02998,44,Nam,Đà Nẵng,23,0,0
C02999,70,Nữ,Cần Thơ,56,4,1
C03000,61,Nam,TP HCM,17,0,0
C03001,29,Nam,TP HCM,60,2,0
C03002,58,Nam,TP HCM,36,1,1
C03003,38,Nữ,Hải Phòng,8,1,1
C03004,33,Nam,Hải Phòng,59,1,0
C03005,51,Nam,TP HCM,14,2,0
C03006,47,Nam,TP HCM,20,1,0
C03007,35,Nữ,Hải Phòng,12,2,0
C03008,69,Nam,TP HCM,45,2,1
C03009,42,Nam,TP HCM,24,0,0
C03010,36,Nữ,Hải Phòng,40,2,1
C03011,46,Nam,Hà Nội,23,1,0
C03012,56,Nam,Cần Thơ,50,2,0
C03013,49,Nữ,Hà Nội,50,0,0
C03014,68,Nữ,TP HCM,14,1,0
C03015,31,Nam,Đà Nẵng,46,0,0
C03016,28,Nam,TP HCM,25,1,0
C03017,52,Nam,TP HCM,57,1,0
C03018,28,Nam,Đà Nẵng,8,0,0
C03019,21,Nam,TP HCM,13,1,0
C03020,24,Nữ,TP HCM,46,0,0
C03021,36,Nữ,TP HCM,26,2,0
C03022,67,Nữ,Cần Thơ,2,0,0
C03023,54,Nam,TP HCM,21,1,0
C03024,37,Nữ,TP HCM,30,0,0
C03025,43,Nam,Hà Nội,26,2,1
C03026,30,Nam,Cần Thơ,8,1,0
C03027,25,Nam,Hải Phòng,39,0,0
C03028,30,Nữ,TP HCM,41,2,0
C03029,55,Nam,Đà Nẵng,20,0,0
C03030,58,Nữ,Hà Nội,20,3,0
C03031,30,Nam,TP HCM,36,0,0
C03032,50,Nam,Đà Nẵng,37,1,1
C03033,23,Nữ,TP HCM,1,0,0
C03034,61,Nam,Đà Nẵng,31,0,1
C03035,43,Nữ,TP HCM,18,2,1
C03036,24,Nữ,TP HCM,18,1,1
C03037,29,Nam,Cần Thơ,34,1,0
C03038,35,Nam,Đà Nẵng,26,1,1
C03039,52,Nam,Đà Nẵng,32,1,0
C03040,36,Nữ,Hải Phòng,36,1,0
C03041,49,Nam,TP HCM,25,1,1
C03042,45,Nam,TP HCM,16,1,0
C03043,42,Nữ,Hà Nội,35,1,0
C03044,44,Nam,Hải Phòng,51,5,0
C03045,27,Nữ,TP HCM,19,2,0
C03046,24,Nam,Hà Nội,2,1,1
C03047,25,Nam,Hà Nội,13,0,1
C03048,70,Nữ,TP HCM,35,0,0
C03049,62,Nam,Hải Phòng,1,2,1
C03050,50,Nữ,TP HCM,23,2,1
C03051,54,Nữ,Hà Nội,15,2,0
C03052,48,Nữ,Hà Nội,10,1,1
C03053,39,Nữ,Đà Nẵng,22,0,0
C03054,46,Nam,Đà Nẵng,33,0,1
C03055,42,Nam,TP HCM,54,2,0
C03056,33,Nam,TP HCM,48,0,0
C03057,32,Nam,TP HCM,11,0,0
C03058,53,Nữ,Cần Thơ,38,2,0
C03059,52,Nữ,Cần Thơ,16,0,1
C03060,66,Nữ,Cần Thơ,54,0,0
C03061,31,Nam,TP HCM,54,0,0
C03062,42,Nam,TP HCM,52,1,0
C03063,70,Nữ,Hà Nội,46,3,0
C03064,47,Nữ,Đà Nẵng,12,3,1
C03065,20,Nam,Đà Nẵng,42,1,0
C03066,30,Nam,Hải Phòng,4,3,1
C03067,60,Nữ,Cần Thơ,49,1,0
C03068,57,Nữ,TP HCM,2,1,0
C03069,36,Nam,Cần Thơ,9,0,0
C03070,62,Nam,Hà Nội,20,1,1
C03071,34,Nam,TP HCM,15,1,0
C03072,44,Nữ,Đà Nẵng,35,1,0
C03073,56,Nữ,TP HCM,13,0,1
C03074,24,Nam,TP HCM,1,0,0
C03075,33,Nữ,TP HCM,30,2,1
C03076,57,Nữ,Đà Nẵng,37,0,0
C03077,36,Nữ,Hà Nội,27,0,0
C03078,26,Nam,Đà Nẵng,40,2,0
C03079,41,Nữ,Hà Nội,7,2,1
C03080,70,Nữ,Đà Nẵng,11,2,0
C03081,23,Nam,Hà Nội,45,2,1
C03082,25,Nam,TP HCM,14,0,1
C03083,55,Nữ,TP HCM,34,1,1
C03084,66,Nam,Hà Nội,51,0,0
C03085,46,Nữ,Hà Nội,59,0,0
C03086,33,Nữ,Hà Nội,14,0,0
C03087,42,Nữ,TP HCM,20,0,1
C03088,20,Nam,TP HCM,6,0,1
C03089,67,Nam,TP HCM,25,2,0
C03090,55,Nam,TP HCM,1,0,1
C03091,37,Nam,Hà Nội,57,1,1
C03092,46,Nam,Hà Nội,15,2,1
C03093,22,Nam,TP HCM,58,1,1
C03094,44,Nam,TP HCM,38,2,0
C03095,64,Nam,Hà Nội,22,1,1
C03096,32,Nam,Cần Thơ,29,1,0
C03097,21,Nam,Đà Nẵng,57,3,1
C03098,39,Nữ,TP HCM,5,0,0
C03099,46,Nữ,Hải Phòng,53,2,0
C03100,60,Nữ,TP HCM,24,0,0
C03101,36,Nữ,Hà Nội,3,0,0
C03102,43,Nam,TP HCM,13,0,1
C03103,45,Nam,Hà Nội,42,0,0
C03104,65,Nam,Đà Nẵng,2,1,1
C03105,37,Nam,TP HCM,17,1,1
C03106,41,Nam,Hà Nội,31,1,1
C03107,18,Nữ,Cần Thơ,51,2,0
C03108,38,Nữ,Hà Nội,57,1,0
C03109,62,Nam,TP HCM,24,1,1
C03110,66,Nam,TP HCM,29,2,0
C03111,30,Nam,Hải Phòng,33,2,0
C03112,66,Nam,Cần Thơ,47,1,0
C03113,41,Nữ,TP HCM,14,3,1
C03114,44,Nam,Đà Nẵng,24,0,1
C03115,57,Nữ,Cần Thơ,23,2,1
C03116,47,Nam,Hà Nội,60,1,0
C03117,50,Nữ,Cần Thơ,31,2,1
C03118,46,Nữ,Đà Nẵng,12,2,1
C03119,62,Nữ,Hà Nội,5,0,1
C03120,42,Nam,TP HCM,31,1,0
C03121,35,Nam,Cần Thơ,23,1,1
C03122,24,Nam,Hải Phòng,48,2,0
C03123,38,Nữ,Hà Nội,16,3,1
C03124,69,Nữ,Hải Phòng,35,1,0
C03125,45,Nam,Hà Nội,38,2,1
C03126,48,Nam,Hải Phòng,54,1,1
C03127,51,Nam,TP HCM,49,1,0
C03128,49,Nữ,Đà Nẵng,34,2,0
C03129,58,Nam,Hà Nội,56,0,1
C03130,69,Nam,Cần Thơ,33,0,0
C03131,66,Nữ,TP HCM,28,3,1
C03132,31,Nữ,TP HCM,34,2,0
C03133,23,Nam,TP HCM,45,0,1
C03134,53,Nam,Hà Nội,58,1,0
C03135,40,Nữ,TP HCM,39,1,0
C03136,66,Nữ,TP HCM,39,2,1
C03137,45,Nam,Đà Nẵng,7,2,0
C03138,19,Nữ,TP HCM,18,1,0
C03139,49,Nam,Hà Nội,10,2,1
C03140,34,Nữ,TP HCM,4,2,1
C03141,69,Nam,Đà Nẵng,54,3,0
C03142,22,Nam,Hải Phòng,45,0,0
C03143,43,Nữ,TP HCM,57,1,0
C03144,53,Nữ,Hải Phòng,20,2,1
C03145,38,Nam,Hà Nội,27,0,1
C03146,35,Nữ,Hà Nội,11,2,0
C03147,39,Nam,Hà Nội,40,2,1
C03148,57,Nam,Hải Phòng,57,3,0
C03149,26,Nữ,TP HCM,23,2,1
C03150,49,Nam,Cần Thơ,57,3,0
C03151,45,Nam,Hà Nội,44,0,0
C03152,70,Nam,Hải Phòng,8,1,0
C03153,48,Nữ,Hà Nội,54,3,0
C03154,58,Nữ,Đà Nẵng,55,1,0
C03155,19,Nam,Đà Nẵng,17,1,0
C03156,68,Nam,TP HCM,29,0,0
C03157,53,Nữ,Hải Phòng,55,2,0
C03158,47,Nam,TP HCM,19,3,0
C03159,18,Nam,TP HCM,48,2,0
C03160,18,Nam,Đà Nẵng,47,1,1
C03161,63,Nữ,TP HCM,12,1,0
C03162,24,Nữ,TP HCM,47,0,0
C03163,28,Nam,Hà Nội,15,2,1
C03164,49,Nữ,TP HCM,18,1,1
C03165,35,Nam,Hải Phòng,32,2,1
C03166,51,Nam,Đà Nẵng,7,2,1
C03167,29,Nam,Hải Phòng,52,1,0
C03168,31,Nữ,Hải Phòng,22,2,1
C03169,39,Nam,Đà Nẵng,59,3,0
C03170,66,Nữ,TP HCM,46,0,0
C03171,38,Nam,TP HCM,8,1,1
C03172,60,Nam,TP HCM,33,1,0
C03173,55,Nam,Cần Thơ,19,0,0
C03174,42,Nữ,Hà Nội,41,0,0
C03175,69,Nữ,Hà Nội,50,1,0
C03176,34,Nữ,Cần Thơ,22,1,0
C03177,69,Nữ,Hà Nội,15,1,1
C03178,57,Nam,TP HCM,28,2,1
C03179,55,Nam,Hà Nội,39,2,1
C03180,54,Nữ,Đà Nẵng,46,4,1
C03181,44,Nam,TP HCM,43,2,0
C03182,66,Nam,TP HCM,14,2,1
C03183,59,Nam,TP HCM,3,2,0
C03184,29,Nữ,Hải Phòng,33,0,1
C03185,65,Nữ,Đà Nẵng,17,0,1
C03186,53,Nữ,Đà Nẵng,23,2,0
C03187,27,Nam,Hà Nội,17,1,1
C03188,66,Nam,Hà Nội,53,2,0
C03189,54,Nam,TP HCM,28,1,1
C03190,24,Nữ,Hải Phòng,25,2,1
C03191,46,Nữ,Hà Nội,55,2,0
C03192,19,Nam,Hà Nội,25,2,1
C03193,50,Nữ,TP HCM,20,1,0
C03194,33,Nữ,TP HCM,12,2,1
C03195,68,Nam,Đà Nẵng,16,2,1
C03196,58,Nữ,Hải Phòng,44,0,0
C03197,65,Nữ,TP HCM,2,1,0
C03198,18,Nữ,Hà Nội,37,0,0
C03199,60,Nữ,TP HCM,56,2,0
C03200,29,Nữ,Hà Nội,38,2,0
C03201,70,Nữ,Hải Phòng,19,2,0
C03202,33,Nam,Cần Thơ,25,2,0
C03203,50,Nam,Hà Nội,9,1,0
C03204,61,Nam,TP HCM,23,1,0
C03205,26,Nam,TP HCM,25,2,0
C03206,62,Nữ,Hà Nội,5,2,0
C03207,52,Nam,TP HCM,40,1,1
C03208,39,Nữ,Cần Thơ,58,1,0
C03209,28,Nữ,Hà Nội,30,5,1
C03210,33,Nữ,Hà Nội,28,3,1
C03211,64,Nữ,Hải Phòng,3,3,1
C03212,32,Nữ,TP HCM,42,1,0
C03213,28,Nam,Đà Nẵng,2,0,0
C03214,38,Nam,Đà Nẵng,26,2,0
C03215,40,Nam,TP HCM,49,1,1
C03216,57,Nam,TP HCM,49,3,1
C03217,44,Nữ,Hà Nội,22,1,0
C03218,59,Nam,TP HCM,3,1,0
C03219,42,Nam,Hà Nội,23,3,0
C03220,59,Nữ,TP HCM,36,0,0
C03221,67,Nam,TP HCM,7,1,1
C03222,63,Nam,Đà Nẵng,27,0,0
C03223,66,Nam,Hải Phòng,21,1,0
C03224,21,Nữ,Hải Phòng,15,1,1
C03225,34,Nam,TP HCM,37,1,0
C03226,50,Nam,TP HCM,2,1,0
C03227,42,Nam,Hà Nội,37,0,0
C03228,48,Nữ,Hà Nội,43,1,0
C03229,57,Nữ,Cần Thơ,45,1,0
C03230,37,Nam,TP HCM,29,1,1
C03231,48,Nam,Đà Nẵng,36,1,1
C03232,59,Nam,TP HCM,50,1,0
C03233,67,Nam,Đà Nẵng,42,1,0
C03234,41,Nữ,Hải Phòng,25,2,1
C03235,50,Nữ,Hải Phòng,52,1,0
C03236,59,Nam,Đà Nẵng,35,0,1
C03237,44,Nam,Hà Nội,6,1,1
C03238,36,Nam,Cần Thơ,29,1,1
C03239,68,Nam,TP HCM,38,1,1
C03240,56,Nam,Hải Phòng,41,0,1
C03241,34,Nữ,Hải Phòng,36,1,0
C03242,42,Nam,TP HCM,15,0,1
C03243,47,Nữ,TP HCM,24,2,1
C03244,23,Nam,TP HCM,45,1,0
C03245,25,Nam,Hà Nội,23,1,1
C03246,51,Nữ,TP HCM,20,0,0
C03247,32,Nữ,TP HCM,8,4,0
C03248,32,Nam,TP HCM,10,1,0
C03249,49,Nam,Cần Thơ,11,3,1
C03250,54,Nam,Hà Nội,49,1,1
C03251,37,Nữ,Đà Nẵng,19,1,0
C03252,20,Nữ,Hà Nội,58,0,0
C03253,32,Nam,Đà Nẵng,2,1,1
C03254,26,Nam,TP HCM,40,0,0
C03255,69,Nữ,Đà Nẵng,17,0,0
C03256,56,Nữ,TP HCM,53,2,0
C03257,43,Nam,TP HCM,31,1,0
C03258,18,Nữ,Hải Phòng,35,2,1
C03259,33,Nữ,Hà Nội,6,2,1
C03260,35,Nam,Cần Thơ,33,1,0
C03261,18,Nữ,Hà Nội,58,2,0
C03262,29,Nam,Hải Phòng,30,2,0
C03263,42,Nữ,TP HCM,21,0,0
C03264,39,Nữ,Hà Nội,44,2,0
C03265,67,Nữ,TP HCM,38,0,1
C03266,26,Nam,Hà Nội,51,2,1
C03267,27,Nữ,Hà Nội,19,1,0
C03268,46,Nam,Cần Thơ,31,2,0
C03269,53,Nam,TP HCM,26,3,1
C03270,50,Nam,Hà Nội,15,4,1
C03271,60,Nam,TP HCM,11,2,1
C03272,40,Nam,TP HCM,13,1,1
C03273,48,Nữ,Hà Nội,54,1,0
C03274,26,Nam,Đà Nẵng,3,2,1
C03275,30,Nam,Cần Thơ,28,0,0
C03276,65,Nữ,TP HCM,51,1,0
C03277,47,Nữ,Đà Nẵng,48,1,1
C03278,34,Nam,Hà Nội,11,2,1
C03279,37,Nữ,Hà Nội,50,0,0
C03280,43,Nam,Hải Phòng,28,0,0
C03281,20,Nam,TP HCM,29,2,0
C03282,40,Nữ,TP HCM,16,0,0
C03283,50,Nữ,Hà Nội,7,0,0
C03284,33,Nữ,Hà Nội,31,0,0
C03285,65,Nữ,TP HCM,1,2,1
C03286,46,Nữ,TP HCM,19,0,1
C03287,51,Nam,TP HCM,59,2,1
C03288,20,Nam,Hà Nội,22,1,1
C03289,39,Nữ,TP HCM,57,0,0
C03290,51,Nữ,TP HCM,30,0,0
C03291,41,Nữ,Hà Nội,7,0,0
C03292,42,Nữ,Hà Nội,6,4,1
C03293,61,Nam,Hải Phòng,26,3,0
C03294,70,Nam,Hà Nội,42,2,0
C03295,46,Nữ,Hà Nội,44,2,1
C03296,58,Nam,Hà Nội,42,0,0
C03297,58,Nam,TP HCM,24,3,0
C03298,31,Nam,Hà Nội,47,1,0
C03299,27,Nam,TP HCM,1,1,1
C03300,23,Nam,Đà Nẵng,17,0,0
C03301,50,Nam,Hà Nội,8,1,0
C03302,34,Nữ,TP HCM,44,0,0
C03303,40,Nam,TP HCM,41,0,0
C03304,33,Nam,Hà Nội,13,0,1
C03305,60,Nam,Hà Nội,60,0,0
C03306,70,Nam,TP HCM,35,2,0
C03307,59,Nam,Đà Nẵng,18,1,0
C03308,29,Nam,TP HCM,37,2,0
C03309,60,Nữ,Hà Nội,42,0,0
C03310,49,Nữ,Cần Thơ,21,2,0
C03311,19,Nữ,Hà Nội,27,2,1
C03312,32,Nam,Hà Nội,14,0,0
C03313,69,Nam,Cần Thơ,18,0,0
C03314,23,Nữ,Hải Phòng,25,2,1
C03315,32,Nữ,TP HCM,33,2,0
C03316,54,Nam,TP HCM,55,0,0
C03317,19,Nữ,Hà Nội,57,1,0
C03318,44,Nữ,TP HCM,38,1,0
C03319,54,Nam,TP HCM,12,1,0
C03320,30,Nữ,TP HCM,30,3,0
C03321,18,Nam,Đà Nẵng,1,1,0
C03322,32,Nữ,TP HCM,60,2,0
C03323,53,Nam,Hà Nội,26,0,0
C03324,19,Nam,Hà Nội,8,2,1
C03325,42,Nữ,Hải Phòng,10,0,0
C03326,63,Nam,Cần Thơ,26,2,1
C03327,66,Nam,Đà Nẵng,48,0,0
C03328,63,Nữ,Đà Nẵng,58,1,0
C03329,65,Nam,TP HCM,17,3,1
C03330,70,Nam,TP HCM,39,0,0
C03331,28,Nam,Cần Thơ,27,0,0
C03332,21,Nam,Đà Nẵng,28,0,0
C03333,43,Nữ,Hải Phòng,25,1,1
C03334,50,Nam,TP HCM,46,0,0
C03335,21,Nữ,TP HCM,13,1,1
C03336,46,Nam,Hải Phòng,35,1,1
C03337,40,Nam,Hà Nội,41,1,0
C03338,64,Nữ,Hải Phòng,38,1,0
C03339,18,Nữ,TP HCM,57,0,0
C03340,36,Nữ,Hà Nội,59,3,0
C03341,52,Nam,Đà Nẵng,60,1,0
C03342,56,Nam,TP HCM,39,0,1
C03343,27,Nam,Hà Nội,47,0,0
C03344,25,Nam,Hà Nội,59,0,0
C03345,39,Nam,Hà Nội,34,0,1
C03346,28,Nam,TP HCM,12,1,0
C03347,39,Nam,Hà Nội,36,1,1
C03348,64,Nữ,Hà Nội,50,1,0
C03349,50,Nữ,TP HCM,29,1,0
C03350,18,Nữ,TP HCM,45,0,1
C03351,20,Nam,Cần Thơ,23,0,0
C03352,33,Nữ,TP HCM,14,1,1
C03353,70,Nam,Cần Thơ,19,2,0
C03354,56,Nữ,TP HCM,36,1,0
C03355,42,Nam,Hà Nội,10,1,1
C03356,28,Nữ,Cần Thơ,25,1,0
C03357,36,Nữ,Cần Thơ,29,0,0
C03358,53,Nam,Hải Phòng,2,1,0
C03359,57,Nam,Đà Nẵng,38,1,0
C03360,32,Nữ,TP HCM,53,1,0
C03361,33,Nữ,TP HCM,31,4,1
C03362,24,Nữ,Hà Nội,50,1,0
C03363,49,Nam,Hà Nội,41,2,0
C03364,47,Nam,Hà Nội,34,2,0
C03365,47,Nam,Đà Nẵng,17,0,0
C03366,59,Nam,Cần Thơ,41,0,0
C03367,48,Nam,TP HCM,54,2,0
C03368,58,Nam,Hà Nội,16,1,1
C03369,45,Nữ,Đà Nẵng,15,2,1
C03370,37,Nữ,TP HCM,28,1,0
C03371,62,Nữ,Hải Phòng,52,0,0
C03372,53,Nữ,TP HCM,15,0,0
C03373,61,Nam,Hải Phòng,39,1,0
C03374,31,Nam,TP HCM,46,1,0
C03375,69,Nam,TP HCM,33,2,0
C03376,56,Nam,Đà Nẵng,7,0,0
C03377,43,Nam,Hải Phòng,46,0,0
C03378,67,Nam,TP HCM,24,1,1
C03379,25,Nữ,TP HCM,19,2,1
C03380,49,Nữ,Hải Phòng,33,0,0
C03381,23,Nam,Đà Nẵng,36,2,1
C03382,63,Nam,TP HCM,45,1,0
C03383,29,Nữ,Hà Nội,50,0,0
C03384,47,Nam,Đà Nẵng,1,1,0
C03385,70,Nam,Cần Thơ,26,0,0
C03386,20,Nam,Hà Nội,53,0,0
C03387,67,Nữ,TP HCM,8,1,1
C03388,22,Nữ,Hà Nội,4,4,1
C03389,20,Nam,Cần Thơ,7,0,0
C03390,42,Nam,Đà Nẵng,19,2,0
C03391,45,Nữ,Cần Thơ,15,2,1
C03392,48,Nam,Hải Phòng,37,2,0
C03393,31,Nữ,TP HCM,17,2,0
C03394,45,Nam,TP HCM,35,2,0
C03395,70,Nữ,TP HCM,55,1,0
C03396,33,Nam,Hà Nội,46,1,0
C03397,38,Nữ,Đà Nẵng,18,0,1
C03398,21,Nam,TP HCM,32,2,0
C03399,28,Nam,TP HCM,45,1,0
C03400,60,Nữ,TP HCM,49,3,0
C03401,59,Nam,Đà Nẵng,13,1,0
C03402,55,Nữ,Cần Thơ,18,2,0
C03403,44,Nữ,Hà Nội,22,1,0
C03404,56,Nam,Hà Nội,8,1,0
C03405,31,Nam,Hà Nội,37,0,0
C03406,64,Nam,Cần Thơ,15,2,1
C03407,62,Nữ,Đà Nẵng,44,1,1
C03408,30,Nữ,Hải Phòng,17,0,0
C03409,38,Nữ,Cần Thơ,41,1,0
C03410,24,Nữ,Đà Nẵng,38,3,1
C03411,38,Nam,TP HCM,31,1,1
C03412,35,Nam,Hà Nội,32,3,1
C03413,27,Nữ,Hải Phòng,16,1,1
C03414,44,Nam,TP HCM,33,1,0
C03415,38,Nữ,Hà Nội,51,1,0
C03416,46,Nữ,Cần Thơ,48,0,0
C03417,48,Nữ,TP HCM,7,1,1
C03418,28,Nữ,Đà Nẵng,7,1,1
C03419,38,Nữ,TP HCM,40,2,0
C03420,59,Nam,Hải Phòng,29,2,0
C03421,40,Nữ,TP HCM,6,3,0
C03422,64,Nữ,Hải Phòng,6,1,0
C03423,68,Nữ,Hải Phòng,14,0,1
C03424,36,Nữ,Đà Nẵng,46,3,1
C03425,50,Nữ,TP HCM,45,2,1
C03426,67,Nam,Đà Nẵng,49,2,0
C03427,59,Nữ,Đà Nẵng,41,2,0
C03428,49,Nữ,TP HCM,15,1,1
C03429,54,Nam,Hà Nội,25,1,0
C03430,32,Nam,Hải Phòng,6,1,0
C03431,37,Nam,Đà Nẵng,22,0,0
C03432,64,Nam,TP HCM,39,2,0
C03433,48,Nữ,Cần Thơ,46,0,0
C03434,41,Nữ,Hà Nội,45,1,0
C03435,28,Nam,Cần Thơ,26,3,0
C03436,68,Nam,TP HCM,13,1,0
C03437,50,Nữ,TP HCM,27,3,1
C03438,64,Nữ,TP HCM,19,1,0
C03439,26,Nữ,Hải Phòng,48,0,1
C03440,39,Nam,TP HCM,33,1,0
C03441,50,Nữ,TP HCM,36,2,0
C03442,42,Nam,Hà Nội,7,4,0
C03443,29,Nữ,Hà Nội,4,2,1
C03444,59,Nam,TP HCM,41,1,0
C03445,65,Nữ,TP HCM,37,0,0
C03446,41,Nữ,Hà Nội,30,2,0
C03447,56,Nữ,Cần Thơ,14,0,1
C03448,51,Nam,Hải Phòng,4,2,1
C03449,67,Nữ,Hà Nội,51,1,1
C03450,29,Nữ,TP HCM,7,0,1
C03451,49,Nam,TP HCM,39,1,0
C03452,43,Nữ,Hà Nội,28,2,1
C03453,45,Nam,TP HCM,10,0,0
C03454,48,Nam,Cần Thơ,42,2,0
C03455,31,Nữ,Hải Phòng,31,0,0
C03456,23,Nam,Hà Nội,4,1,1
C03457,19,Nữ,Hà Nội,32,2,0
C03458,53,Nữ,Hà Nội,27,0,0
C03459,24,Nữ,Hà Nội,31,2,1
C03460,30,Nam,TP HCM,23,1,1
C03461,52,Nữ,Hà Nội,30,0,0
C03462,34,Nam,TP HCM,46,4,0
C03463,58,Nữ,Hải Phòng,33,2,0
C03464,52,Nam,TP HCM,50,1,1
C03465,47,Nữ,TP HCM,32,2,1
C03466,60,Nữ,TP HCM,15,0,0
C03467,61,Nam,Hải Phòng,58,0,0
C03468,36,Nữ,Đà Nẵng,39,0,0
C03469,39,Nữ,Đà Nẵng,30,1,0
C03470,44,Nam,TP HCM,6,2,0
C03471,67,Nữ,Cần Thơ,54,1,1
C03472,43,Nữ,Cần Thơ,20,2,0
C03473,39,Nam,TP HCM,16,1,0
C03474,24,Nam,Đà Nẵng,5,5,0
C03475,20,Nam,TP HCM,44,0,1
C03476,69,Nam,TP HCM,37,2,1
C03477,56,Nữ,Cần Thơ,9,1,1
C03478,30,Nam,Hải Phòng,59,1,0
C03479,54,Nam,TP HCM,40,1,1
C03480,21,Nữ,Đà Nẵng,59,0,0
C03481,48,Nữ,TP HCM,50,2,0
C03482,54,Nam,Cần Thơ,49,4,1
C03483,55,Nữ,Hà Nội,6,0,1
C03484,65,Nữ,Hải Phòng,44,1,0
C03485,51,Nam,Hà Nội,5,4,1
C03486,58,Nữ,Hải Phòng,40,2,0
C03487,51,Nam,Cần Thơ,27,1,1
C03488,70,Nữ,TP HCM,45,1,1
C03489,52,Nữ,TP HCM,55,0,0
C03490,26,Nữ,TP HCM,39,2,0
C03491,27,Nữ,TP HCM,12,1,1
C03492,18,Nữ,Hải Phòng,57,2,0
C03493,26,Nam,TP HCM,21,2,0
C03494,39,Nữ,TP HCM,3,1,0
C03495,38,Nam,Cần Thơ,21,0,0
C03496,38,Nữ,Hà Nội,38,2,0
C03497,62,Nam,Đà Nẵng,46,2,0
C03498,54,Nam,Hà Nội,15,0,1
C03499,65,Nam,Cần Thơ,1,1,1
C03500,38,Nữ,TP HCM,59,0,0
C03501,27,Nữ,TP HCM,14,1,1
C03502,37,Nữ,TP HCM,42,0,0
C03503,35,Nam,Cần Thơ,22,0,1
C03504,42,Nam,TP HCM,34,1,1
C03505,43,Nam,Hà Nội,26,2,1
C03506,32,Nam,Cần Thơ,23,1,0
C03507,24,Nam,Cần Thơ,42,0,0
C03508,24,Nữ,Hà Nội,2,2,1
C03509,69,Nữ,Hải Phòng,5,1,0
C03510,62,Nam,Hải Phòng,21,2,1
C03511,70,Nữ,Đà Nẵng,25,0,1
C03512,40,Nam,TP HCM,31,2,1
C03513,26,Nam,Hà Nội,34,2,0
C03514,30,Nam,Cần Thơ,16,2,0
C03515,28,Nữ,TP HCM,42,2,0
C03516,18,Nam,TP HCM,21,0,1
C03517,64,Nam,Hà Nội,5,1,1
C03518,40,Nam,TP HCM,30,2,0
C03519,69,Nữ,TP HCM,59,1,0
C03520,47,Nữ,Hà Nội,18,0,0
C03521,49,Nam,Hà Nội,27,1,0
C03522,51,Nữ,TP HCM,37,2,0
C03523,48,Nam,TP HCM,3,1,0
C03524,20,Nữ,Hải Phòng,29,2,1
C03525,41,Nam,Hải Phòng,5,2,0
C03526,37,Nữ,Đà Nẵng,37,0,0
C03527,25,Nữ,TP HCM,60,2,0
C03528,21,Nam,Hà Nội,9,1,1
C03529,70,Nữ,Hải Phòng,40,0,1
C03530,29,Nam,Cần Thơ,8,1,1
C03531,51,Nữ,Hà Nội,37,1,0
C03532,49,Nữ,TP HCM,1,2,0
C03533,40,Nữ,Hà Nội,25,1,0
C03534,62,Nam,TP HCM,3,2,1
C03535,38,Nữ,Hà Nội,5,0,1
C03536,57,Nữ,TP HCM,38,2,1
C03537,59,Nam,Đà Nẵng,55,3,0
C03538,49,Nữ,Hà Nội,33,0,0
C03539,65,Nam,TP HCM,55,1,0
C03540,70,Nam,TP HCM,32,0,0
C03541,61,Nam,Cần Thơ,8,2,1
C03542,32,Nam,Đà Nẵng,30,1,1
C03543,21,Nam,TP HCM,52,0,0
C03544,61,Nam,TP HCM,41,3,0
C03545,62,Nữ,Cần Thơ,19,3,1
C03546,35,Nữ,TP HCM,29,2,1
C03547,37,Nữ,Hà Nội,19,0,0
C03548,62,Nam,Hà Nội,43,0,0
C03549,36,Nam,Hà Nội,28,1,1
C03550,69,Nữ,TP HCM,34,0,1
C03551,58,Nữ,TP HCM,16,3,0
C03552,61,Nữ,Hải Phòng,42,1,1
C03553,18,Nữ,Hải Phòng,27,0,1
C03554,68,Nam,TP HCM,30,3,0
C03555,55,Nam,Cần Thơ,31,0,0
C03556,50,Nữ,Cần Thơ,30,1,0
C03557,39,Nam,Hà Nội,29,0,0
C03558,41,Nam,TP HCM,48,0,0
C03559,22,Nam,Hải Phòng,11,2,0
C03560,67,Nữ,Cần Thơ,13,1,0
C03561,49,Nam,Hà Nội,56,3,1
C03562,27,Nam,Đà Nẵng,48,1,0
C03563,34,Nam,TP HCM,30,3,0
C03564,37,Nam,Hà Nội,2,3,1
C03565,23,Nam,TP HCM,4,4,1
C03566,24,Nữ,Hà Nội,10,1,0
C03567,22,Nữ,Cần Thơ,27,1,0
C03568,34,Nữ,TP HCM,60,2,1
C03569,68,Nữ,Đà Nẵng,8,1,0
C03570,59,Nam,Cần Thơ,29,2,0
C03571,25,Nữ,Hà Nội,27,3,1
C03572,52,Nữ,Hải Phòng,23,1,1
C03573,63,Nam,Hà Nội,4,4,0
C03574,59,Nữ,Cần Thơ,13,1,0
C03575,69,Nữ,Hải Phòng,38,1,0
C03576,63,Nam,TP HCM,56,1,1
C03577,57,Nam,Đà Nẵng,4,0,0
C03578,57,Nam,Cần Thơ,52,2,0
C03579,65,Nam,Đà Nẵng,28,0,0
C03580,27,Nam,TP HCM,32,1,0
C03581,52,Nam,Đà Nẵng,26,0,0
C03582,44,Nam,Hải Phòng,34,2,0
C03583,52,Nam,TP HCM,36,2,1
C03584,56,Nam,TP HCM,42,0,0
C03585,18,Nam,TP HCM,32,1,1
C03586,45,Nữ,Hà Nội,13,2,1
C03587,24,Nữ,Hà Nội,22,1,0
C03588,55,Nam,Hà Nội,10,2,1
C03589,60,Nữ,TP HCM,44,2,0
C03590,42,Nam,TP HCM,23,2,1
C03591,30,Nam,TP HCM,22,2,1
C03592,65,Nữ,Đà Nẵng,36,1,1
C03593,58,Nam,Hà Nội,48,2,0
C03594,69,Nữ,Đà Nẵng,32,1,1
C03595,41,Nam,Đà Nẵng,40,0,1
C03596,45,Nữ,Hà Nội,25,0,0
C03597,18,Nam,Cần Thơ,47,1,1
C03598,23,Nữ,TP HCM,20,3,1
C03599,49,Nam,Hải Phòng,53,0,0
C03600,41,Nữ,Hà Nội,57,1,0
C03601,23,Nữ,Hà Nội,2,0,0
C03602,40,Nữ,Cần Thơ,50,2,1
C03603,64,Nữ,Cần Thơ,31,2,0
C03604,52,Nam,Hà Nội,30,2,1
C03605,32,Nữ,TP HCM,60,1,0
C03606,19,Nam,Hà Nội,49,2,0
C03607,66,Nữ,Hải Phòng,51,1,0
C03608,46,Nam,Hà Nội,21,0,0
C03609,65,Nam,Hà Nội,16,1,1
C03610,54,Nam,Hà Nội,32,0,0
C03611,57,Nữ,Hà Nội,55,0,0
C03612,21,Nam,Cần Thơ,14,0,1
C03613,54,Nam,Đà Nẵng,40,0,0
C03614,53,Nam,TP HCM,55,1,0
C03615,25,Nam,Hà Nội,44,0,0
C03616,35,Nam,Hà Nội,60,2,0
C03617,25,Nữ,TP HCM,7,0,0
C03618,41,Nam,TP HCM,23,1,1
C03619,33,Nam,Hà Nội,30,0,0
C03620,30,Nam,Hà Nội,4,1,0
C03621,39,Nữ,Hải Phòng,60,4,1
C03622,19,Nữ,Hải Phòng,58,1,1
C03623,31,Nữ,TP HCM,2,0,0
C03624,27,Nam,Hải Phòng,30,0,0
C03625,29,Nữ,Hà Nội,19,0,0
C03626,28,Nữ,Hải Phòng,52,2,0
C03627,38,Nam,TP HCM,2,1,1
C03628,60,Nam,Hà Nội,8,2,1
C03629,43,Nữ,Cần Thơ,48,3,1
C03630,58,Nữ,Đà Nẵng,24,3,1
C03631,45,Nữ,TP HCM,14,1,1
C03632,24,Nam,TP HCM,8,0,1
C03633,58,Nam,Cần Thơ,16,1,0
C03634,36,Nam,TP HCM,39,1,1
C03635,36,Nữ,Hà Nội,1,0,0
C03636,25,Nữ,Hải Phòng,20,2,0
C03637,63,Nữ,Hà Nội,23,0,1
C03638,19,Nam,Hải Phòng,18,1,0
C03639,26,Nữ,Hải Phòng,23,1,1
C03640,53,Nữ,Hải Phòng,8,0,1
C03641,18,Nữ,TP HCM,42,0,0
C03642,32,Nam,Hà Nội,49,2,0
C03643,68,Nữ,Cần Thơ,53,1,0
C03644,47,Nữ,Hải Phòng,13,1,0
C03645,25,Nam,TP HCM,37,0,0
C03646,67,Nam,Hải Phòng,43,1,0
C03647,36,Nữ,Hải Phòng,58,0,1
C03648,27,Nữ,Hà Nội,30,1,0
C03649,47,Nữ,TP HCM,41,0,0
C03650,57,Nữ,TP HCM,49,0,0
C03651,53,Nam,TP HCM,30,1,0
C03652,26,Nam,Hải Phòng,49,2,1
C03653,25,Nữ,Hà Nội,16,0,1
C03654,20,Nam,TP HCM,59,1,1
C03655,70,Nam,TP HCM,48,2,0
C03656,40,Nữ,Hà Nội,23,1,0
C03657,54,Nam,Hà Nội,41,0,0
C03658,23,Nữ,Đà Nẵng,9,4,1
C03659,66,Nam,Hà Nội,49,1,0
C03660,33,Nữ,Hải Phòng,22,2,0
C03661,23,Nữ,Hà Nội,1,2,1
C03662,57,Nữ,Hà Nội,7,0,0
C03663,67,Nam,Hải Phòng,51,1,0
C03664,47,Nữ,Đà Nẵng,3,0,1
C03665,53,Nam,Hà Nội,18,1,1
C03666,25,Nam,Đà Nẵng,17,0,1
C03667,47,Nam,Cần Thơ,1,0,0
C03668,39,Nữ,Hà Nội,3,0,0
C03669,56,Nữ,TP HCM,21,0,0
C03670,24,Nữ,Hà Nội,57,3,1
C03671,33,Nữ,Hà Nội,41,2,0
C03672,25,Nữ,Hà Nội,26,0,0
C03673,37,Nữ,Hà Nội,56,2,0
C03674,55,Nữ,Hải Phòng,13,1,0
C03675,54,Nữ,Hà Nội,23,1,0
C03676,42,Nam,Hà Nội,47,2,0
C03677,66,Nữ,Hải Phòng,46,1,0
C03678,70,Nữ,Hà Nội,13,1,1
C03679,55,Nam,Đà Nẵng,3,2,1
C03680,67,Nữ,TP HCM,52,1,1
C03681,53,Nam,Đà Nẵng,13,0,0
C03682,56,Nữ,Hải Phòng,27,0,1
C03683,47,Nữ,Cần Thơ,21,0,0
C03684,37,Nữ,TP HCM,27,2,0
C03685,43,Nữ,Cần Thơ,41,0,1
C03686,27,Nam,TP HCM,55,1,0
C03687,33,Nữ,TP HCM,4,1,0
C03688,39,Nam,TP HCM,44,0,0
C03689,41,Nữ,Đà Nẵng,57,2,0
C03690,51,Nữ,Hải Phòng,4,3,1
C03691,70,Nữ,Hải Phòng,25,1,1
C03692,29,Nữ,Hà Nội,60,1,0
C03693,31,Nữ,TP HCM,51,0,0
C03694,66,Nam,Đà Nẵng,11,1,1
C03695,36,Nam,TP HCM,16,1,1
C03696,34,Nữ,TP HCM,45,2,0
C03697,19,Nữ,TP HCM,21,0,1
C03698,64,Nữ,Hà Nội,5,0,1
C03699,38,Nam,TP HCM,31,0,0
C03700,57,Nam,Hải Phòng,48,4,1
C03701,50,Nam,TP HCM,54,2,0
C03702,21,Nam,Cần Thơ,46,1,0
C03703,25,Nữ,TP HCM,12,1,0
C03704,47,Nữ,TP HCM,58,0,1
C03705,58,Nữ,TP HCM,12,0,1
C03706,65,Nam,Hà Nội,17,1,0
C03707,56,Nam,Hà Nội,59,3,0
C03708,19,Nữ,TP HCM,24,0,0
C03709,42,Nam,TP HCM,51,2,0
C03710,70,Nữ,TP HCM,52,0,0
C03711,57,Nam,Hà Nội,40,3,1
C03712,56,Nam,Hà Nội,2,1,1
C03713,56,Nam,Hà Nội,45,4,0
C03714,45,Nam,TP HCM,37,1,0
C03715,55,Nam,TP HCM,51,1,0
C03716,58,Nam,TP HCM,13,1,1
C03717,31,Nữ,TP HCM,20,2,1
C03718,44,Nữ,Hải Phòng,9,2,1
C03719,47,Nam,TP HCM,45,1,0
C03720,45,Nam,Hà Nội,21,3,1
C03721,43,Nam,Hà Nội,18,4,0
C03722,41,Nam,TP HCM,18,0,0
C03723,64,Nữ,Hà Nội,54,2,1
C03724,43,Nam,Đà Nẵng,58,1,0
C03725,31,Nữ,Hà Nội,56,1,0
C03726,70,Nam,Hà Nội,24,1,0
C03727,69,Nữ,Hải Phòng,23,1,1
C03728,57,Nữ,Đà Nẵng,39,2,0
C03729,58,Nữ,Hà Nội,18,2,1
C03730,46,Nữ,Đà Nẵng,5,1,0
C03731,57,Nam,Đà Nẵng,47,4,0
C03732,67,Nữ,TP HCM,59,3,0
C03733,42,Nữ,TP HCM,54,2,0
C03734,53,Nam,Hà Nội,23,0,1
C03735,46,Nam,Hà Nội,32,3,1
C03736,40,Nam,Hà Nội,8,1,1
C03737,70,Nữ,Hà Nội,9,0,0
C03738,59,Nam,TP HCM,41,1,0
C03739,53,Nữ,TP HCM,15,2,0
C03740,29,Nam,Đà Nẵng,34,1,1
C03741,61,Nam,TP HCM,3,2,0
C03742,53,Nữ,Hà Nội,25,1,1
C03743,57,Nam,Cần Thơ,15,1,1
C03744,19,Nữ,Đà Nẵng,11,1,1
C03745,48,Nam,Hà Nội,31,1,0
C03746,37,Nữ,Đà Nẵng,40,3,1
C03747,25,Nam,Đà Nẵng,54,0,0
C03748,51,Nam,TP HCM,1,1,0
C03749,25,Nam,TP HCM,40,1,0
C03750,24,Nữ,TP HCM,7,0,0
C03751,53,Nữ,Hà Nội,30,0,0
C03752,26,Nữ,Hà Nội,57,0,0
C03753,18,Nữ,Hà Nội,58,2,0
C03754,48,Nam,Cần Thơ,2,2,0
C03755,31,Nữ,Cần Thơ,13,1,0
C03756,60,Nữ,Hà Nội,60,1,0
C03757,54,Nữ,TP HCM,27,2,0
C03758,48,Nam,Cần Thơ,45,0,0
C03759,26,Nữ,TP HCM,56,0,0
C03760,45,Nam,Cần Thơ,19,0,0
C03761,66,Nữ,TP HCM,56,2,0
C03762,53,Nữ,Cần Thơ,9,2,1
C03763,21,Nữ,Hà Nội,4,0,0
C03764,40,Nam,Hải Phòng,28,0,1
C03765,61,Nữ,Hà Nội,20,4,1
C03766,64,Nữ,Hà Nội,15,0,1
C03767,70,Nữ,TP HCM,10,5,1
C03768,39,Nữ,TP HCM,15,1,0
C03769,55,Nữ,Cần Thơ,7,0,0
C03770,21,Nữ,Cần Thơ,15,3,1
C03771,53,Nam,TP HCM,38,2,0
C03772,69,Nữ,TP HCM,49,1,1
C03773,67,Nữ,TP HCM,11,0,0
C03774,40,Nam,Cần Thơ,42,3,1
C03775,39,Nam,TP HCM,59,1,0
C03776,32,Nam,Hà Nội,49,1,0
C03777,38,Nữ,Cần Thơ,22,2,0
C03778,32,Nữ,TP HCM,37,2,1
C03779,69,Nam,Hải Phòng,32,3,1
C03780,57,Nam,Hải Phòng,38,2,1
C03781,37,Nữ,Đà Nẵng,18,0,1
C03782,70,Nam,Cần Thơ,5,4,1
C03783,51,Nữ,Hà Nội,31,0,0
C03784,40,Nữ,TP HCM,15,1,0
C03785,33,Nam,Hải Phòng,10,2,1
C03786,40,Nam,Hà Nội,54,4,0
C03787,69,Nữ,Hà Nội,31,1,0
C03788,52,Nữ,Cần Thơ,2,3,1
C03789,66,Nam,TP HCM,13,2,1
C03790,57,Nữ,Cần Thơ,57,0,0
C03791,60,Nam,TP HCM,46,0,0
C03792,41,Nam,TP HCM,30,1,1
C03793,51,Nam,Hà Nội,43,4,1
C03794,59,Nam,Hà Nội,2,1,1
C03795,65,Nữ,TP HCM,40,3,0
C03796,68,Nữ,Hà Nội,21,1,0
C03797,61,Nữ,TP HCM,13,2,0
C03798,59,Nữ,Hà Nội,3,1,1
C03799,48,Nam,TP HCM,9,0,0
C03800,23,Nữ,Hải Phòng,20,2,0
C03801,41,Nữ,Đà Nẵng,8,2,1
C03802,31,Nam,Cần Thơ,33,2,1
C03803,66,Nữ,Cần Thơ,30,0,0
C03804,48,Nữ,Hải Phòng,8,2,0
C03805,41,Nam,Đà Nẵng,40,1,0
C03806,41,Nữ,Cần Thơ,40,0,0
C03807,38,Nam,Đà Nẵng,36,1,0
C03808,51,Nữ,TP HCM,43,0,0
C03809,21,Nam,Hà Nội,50,2,0
C03810,42,Nữ,Hà Nội,35,1,1
C03811,64,Nữ,TP HCM,34,1,0
C03812,61,Nữ,Cần Thơ,1,3,1
C03813,29,Nữ,TP HCM,12,3,0
C03814,56,Nam,Hà Nội,40,0,0
C03815,62,Nữ,TP HCM,44,1,0
C03816,25,Nữ,Hà Nội,37,1,0
C03817,41,Nam,Đà Nẵng,37,1,0
C03818,54,Nữ,TP HCM,20,0,0
C03819,30,Nam,Hà Nội,54,0,0
C03820,59,Nữ,Đà Nẵng,44,1,0
C03821,50,Nam,Hà Nội,31,0,0
C03822,30,Nam,Đà Nẵng,6,1,0
C03823,37,Nam,TP HCM,19,0,1
C03824,26,Nam,Hà Nội,32,0,1
C03825,26,Nữ,TP HCM,30,0,0
C03826,19,Nam,Hà Nội,48,2,0
C03827,70,Nam,Cần Thơ,4,0,1
C03828,66,Nữ,Hà Nội,18,0,1
C03829,49,Nữ,Hải Phòng,56,0,0
C03830,35,Nam,Cần Thơ,3,1,0
C03831,44,Nam,TP HCM,11,2,0
C03832,41,Nam,Hải Phòng,60,1,0
C03833,69,Nữ,Đà Nẵng,23,1,1
C03834,59,Nữ,TP HCM,4,0,0
C03835,43,Nam,TP HCM,26,1,1
C03836,44,Nữ,TP HCM,53,0,0
C03837,43,Nữ,Hà Nội,54,1,0
C03838,55,Nam,Cần Thơ,8,1,1
C03839,34,Nữ,TP HCM,16,4,1
C03840,57,Nam,Cần Thơ,35,0,0
C03841,50,Nam,TP HCM,16,0,0
C03842,29,Nữ,Đà Nẵng,20,2,0
C03843,43,Nữ,Hà Nội,49,2,1
C03844,25,Nữ,TP HCM,47,2,0
C03845,18,Nam,Cần Thơ,30,1,1
C03846,19,Nữ,TP HCM,42,0,1
C03847,54,Nam,Đà Nẵng,24,3,1
C03848,48,Nữ,Hải Phòng,49,1,1
C03849,43,Nữ,Hà Nội,55,2,0
C03850,40,Nam,Hải Phòng,53,2,1
C03851,34,Nữ,Hà Nội,7,0,0
C03852,31,Nam,TP HCM,36,1,0
C03853,57,Nữ,TP HCM,58,3,1
C03854,49,Nữ,Hà Nội,20,1,1
C03855,60,Nữ,TP HCM,18,1,0
C03856,69,Nam,Hải Phòng,25,2,1
C03857,28,Nam,TP HCM,7,0,1
C03858,18,Nam,Cần Thơ,10,1,0
C03859,19,Nữ,Hải Phòng,1,2,1
C03860,60,Nam,TP HCM,22,2,0
C03861,43,Nam,TP HCM,14,1,0
C03862,55,Nữ,Đà Nẵng,14,1,1
C03863,69,Nữ,Cần Thơ,54,1,0
C03864,57,Nữ,Hà Nội,48,0,0
C03865,44,Nữ,Hải Phòng,20,2,1
C03866,27,Nam,TP HCM,2,1,0
C03867,35,Nữ,TP HCM,56,0,0
C03868,65,Nam,TP HCM,15,1,1
C03869,43,Nữ,Đà Nẵng,16,1,1
C03870,53,Nam,Cần Thơ,4,1,1
C03871,48,Nữ,TP HCM,22,2,0
C03872,70,Nam,Đà Nẵng,14,2,0
C03873,55,Nam,Hà Nội,27,0,0
C03874,39,Nữ,Hà Nội,45,2,0
C03875,67,Nữ,Hà Nội,4,1,1
C03876,26,Nam,Hà Nội,39,1,1
C03877,50,Nữ,Hà Nội,13,1,0
C03878,70,Nam,Hà Nội,50,1,0
C03879,39,Nam,Hà Nội,58,0,0
C03880,62,Nữ,Hà Nội,46,1,1
C03881,27,Nam,Đà Nẵng,19,1,0
C03882,32,Nam,Đà Nẵng,36,1,1
C03883,68,Nữ,TP HCM,58,1,0
C03884,26,Nam,Hà Nội,48,0,0
C03885,59,Nữ,Hà Nội,54,0,1
C03886,45,Nam,TP HCM,50,3,0
C03887,68,Nam,TP HCM,56,0,0
C03888,64,Nam,Hà Nội,53,0,1
C03889,40,Nam,Hải Phòng,22,1,0
C03890,28,Nam,TP HCM,47,0,0
C03891,37,Nam,Hải Phòng,42,1,0
C03892,65,Nam,Hà Nội,14,1,0
C03893,48,Nữ,Cần Thơ,51,2,1
C03894,46,Nữ,TP HCM,60,1,1
C03895,45,Nữ,Đà Nẵng,23,2,0
C03896,23,Nam,Hà Nội,59,0,0
C03897,40,Nữ,Hà Nội,30,1,0
C03898,44,Nam,Hải Phòng,24,2,0
C03899,49,Nữ,Hải Phòng,23,3,1
C03900,52,Nữ,TP HCM,6,1,1
C03901,18,Nam,TP HCM,49,1,1
C03902,46,Nam,TP HCM,27,0,0
C03903,62,Nữ,Đà Nẵng,52,2,0
C03904,35,Nam,Cần Thơ,36,2,0
C03905,51,Nữ,TP HCM,18,1,0
C03906,41,Nữ,Hải Phòng,6,1,1
C03907,22,Nữ,TP HCM,22,0,1
C03908,33,Nam,Hải Phòng,18,0,1
C03909,62,Nữ,TP HCM,56,1,1
C03910,50,Nam,TP HCM,17,1,1
C03911,67,Nữ,TP HCM,4,1,1
C03912,38,Nữ,Cần Thơ,60,3,0
C03913,47,Nữ,Cần Thơ,43,1,0
C03914,23,Nam,TP HCM,35,2,0
C03915,57,Nữ,TP HCM,46,1,1
C03916,61,Nam,Hà Nội,5,0,1
C03917,65,Nam,Cần Thơ,18,1,1
C03918,45,Nữ,TP HCM,55,1,0
C03919,49,Nam,Cần Thơ,17,0,0
C03920,24,Nữ,Đà Nẵng,7,0,1
C03921,53,Nam,Cần Thơ,37,0,0
C03922,54,Nữ,TP HCM,16,2,0
C03923,52,Nữ,Hà Nội,4,2,0
C03924,63,Nam,TP HCM,46,0,0
C03925,66,Nữ,Hà Nội,22,1,1
C03926,30,Nam,TP HCM,40,1,0
C03927,32,Nữ,TP HCM,54,1,0
C03928,58,Nữ,Đà Nẵng,52,1,1
C03929,46,Nam,Hà Nội,34,1,0
C03930,62,Nam,TP HCM,1,1,0
C03931,62,Nam,TP HCM,52,0,0
C03932,58,Nam,Cần Thơ,20,0,1
C03933,21,Nữ,TP HCM,13,1,1
C03934,48,Nữ,Hà Nội,3,0,1
C03935,67,Nam,Hà Nội,24,1,0
C03936,20,Nữ,Hà Nội,29,0,0
C03937,58,Nam,TP HCM,23,0,0
C03938,52,Nam,Hải Phòng,6,2,1
C03939,27,Nam,TP HCM,43,5,0
C03940,51,Nữ,TP HCM,9,1,1
C03941,29,Nam,Hà Nội,47,2,1
C03942,40,Nam,Cần Thơ,23,1,0
C03943,45,Nam,TP HCM,1,0,1
C03944,44,Nam,Đà Nẵng,48,0,0
C03945,27,Nữ,Hà Nội,50,1,0
C03946,45,Nữ,Đà Nẵng,16,4,0
C03947,31,Nữ,Hà Nội,2,1,0
C03948,26,Nữ,Cần Thơ,58,1,0
C03949,30,Nam,TP HCM,7,1,1
C03950,66,Nam,Hà Nội,11,1,0
C03951,69,Nam,TP HCM,5,1,0
C03952,59,Nam,Hà Nội,22,0,0
C03953,52,Nam,TP HCM,47,1,0
C03954,54,Nam,Đà Nẵng,14,0,0
C03955,26,Nam,Hà Nội,27,0,0
C03956,57,Nam,Hà Nội,38,3,1
C03957,22,Nữ,Đà Nẵng,55,0,1
C03958,69,Nữ,Hà Nội,46,1,1
C03959,43,Nữ,TP HCM,28,0,1
C03960,49,Nữ,Hà Nội,60,2,0
C03961,58,Nam,Đà Nẵng,26,0,0
C03962,53,Nam,TP HCM,54,0,0
C03963,24,Nữ,Cần Thơ,36,2,0
C03964,66,Nữ,Cần Thơ,3,0,0
C03965,25,Nam,Hà Nội,43,2,1
C03966,69,Nữ,TP HCM,21,1,1
C03967,67,Nam,TP HCM,22,2,1
C03968,24,Nam,Hà Nội,3,3,1
C03969,40,Nam,TP HCM,36,0,0
C03970,52,Nữ,Hà Nội,1,3,1
C03971,43,Nam,Đà Nẵng,23,1,0
C03972,58,Nữ,Hà Nội,11,1,1
C03973,65,Nữ,TP HCM,50,5,1
C03974,21,Nữ,TP HCM,6,2,1
C03975,32,Nữ,TP HCM,40,0,0
C03976,45,Nữ,Hà Nội,36,2,0
C03977,66,Nam,Hải Phòng,21,0,0
C03978,19,Nữ,Hà Nội,55,1,0
C03979,58,Nữ,Đà Nẵng,13,0,0
C03980,66,Nữ,Hải Phòng,36,0,1
C03981,35,Nam,TP HCM,19,0,0
C03982,60,Nữ,Đà Nẵng,42,1,0
C03983,59,Nữ,Đà Nẵng,19,3,0
C03984,63,Nam,Hà Nội,16,0,0
C03985,67,Nam,Đà Nẵng,53,1,0
C03986,62,Nam,TP HCM,7,2,0
C03987,65,Nam,Hải Phòng,18,1,0
C03988,20,Nam,Hải Phòng,7,1,1
C03989,54,Nữ,TP HCM,43,1,1
C03990,49,Nữ,Hải Phòng,50,0,0
C03991,60,Nữ,Hà Nội,32,0,0
C03992,61,Nữ,Hà Nội,20,1,0
C03993,68,Nam,Hà Nội,23,3,0
C03994,18,Nam,Đà Nẵng,8,0,0
C03995,30,Nam,Cần Thơ,45,2,1
C03996,42,Nam,Hà Nội,55,0,0
C03997,39,Nữ,Hải Phòng,35,1,1
C03998,31,Nữ,Đà Nẵng,13,0,0
C03999,20,Nữ,Hà Nội,6,3,1
C04000,30,Nữ,Hà Nội,19,1,0
C04001,66,Nam,Hải Phòng,3,3,0
C04002,56,Nữ,TP HCM,28,4,1
C04003,52,Nam,Hải Phòng,25,1,1
C04004,19,Nam,Cần Thơ,11,0,1
C04005,34,Nữ,Cần Thơ,52,1,0
C04006,62,Nữ,TP HCM,40,0,0
C04007,69,Nữ,Hải Phòng,56,0,1
C04008,43,Nam,TP HCM,35,1,0
C04009,69,Nữ,Đà Nẵng,58,0,1
C04010,68,Nữ,TP HCM,12,1,1
C04011,36,Nam,Hà Nội,30,3,1
C04012,24,Nữ,TP HCM,46,0,0
C04013,59,Nam,Cần Thơ,54,2,0
C04014,54,Nam,Hà Nội,60,2,0
C04015,66,Nữ,Hà Nội,1,1,1
C04016,68,Nữ,TP HCM,42,1,0
C04017,23,Nam,Đà Nẵng,12,3,1
C04018,46,Nữ,Hà Nội,31,1,0
C04019,62,Nam,Đà Nẵng,40,1,0
C04020,58,Nữ,Hà Nội,28,1,0
C04021,67,Nữ,Cần Thơ,7,1,1
C04022,23,Nữ,Hà Nội,3,0,1
C04023,47,Nam,TP HCM,35,0,0
C04024,41,Nam,TP HCM,9,1,0
C04025,65,Nữ,Hải Phòng,16,2,0
C04026,43,Nữ,TP HCM,46,3,1
C04027,52,Nam,Hà Nội,45,1,0
C04028,43,Nam,Hà Nội,8,1,1
C04029,54,Nam,Cần Thơ,26,1,0
C04030,21,Nữ,TP HCM,10,0,0
C04031,42,Nữ,TP HCM,43,0,0
C04032,68,Nam,TP HCM,51,0,0
C04033,51,Nữ,Đà Nẵng,22,3,1
C04034,50,Nam,Đà Nẵng,40,1,0
C04035,18,Nam,TP HCM,33,2,0
C04036,62,Nữ,Đà Nẵng,55,1,0
C04037,46,Nam,Cần Thơ,17,3,1
C04038,50,Nam,Đà Nẵng,7,3,0
C04039,31,Nữ,Hà Nội,47,2,0
C04040,70,Nữ,Hà Nội,11,1,0
C04041,62,Nữ,Hà Nội,25,4,0
C04042,22,Nam,TP HCM,51,1,0
C04043,39,Nữ,TP HCM,40,1,1
C04044,32,Nữ,TP HCM,28,1,1
C04045,58,Nam,Hà Nội,15,1,0
C04046,62,Nam,Hà Nội,12,0,0
C04047,22,Nam,TP HCM,32,0,0
C04048,62,Nữ,Hải Phòng,19,1,1
C04049,32,Nữ,TP HCM,10,0,0
C04050,28,Nam,TP HCM,11,1,1
C04051,32,Nam,Cần Thơ,34,1,0
C04052,65,Nam,Đà Nẵng,49,2,0
C04053,41,Nam,Cần Thơ,38,2,1
C04054,27,Nam,Đà Nẵng,15,2,0
C04055,42,Nam,TP HCM,18,1,1
C04056,56,Nam,Đà Nẵng,28,2,1
C04057,19,Nữ,Hà Nội,3,1,1
C04058,62,Nữ,Cần Thơ,20,1,1
C04059,52,Nữ,Đà Nẵng,21,0,1
C04060,59,Nữ,TP HCM,56,2,1
C04061,51,Nam,TP HCM,30,2,0
C04062,23,Nữ,Hà Nội,54,2,0
C04063,65,Nam,Hải Phòng,37,0,0
C04064,29,Nữ,TP HCM,17,3,1
C04065,54,Nữ,TP HCM,12,1,0
C04066,51,Nam,Cần Thơ,30,1,0
C04067,56,Nữ,Hải Phòng,30,1,1
C04068,28,Nam,TP HCM,19,2,0
C04069,68,Nữ,TP HCM,51,0,0
C04070,30,Nam,TP HCM,2,1,0
C04071,61,Nữ,Hải Phòng,44,0,0
C04072,34,Nữ,TP HCM,50,2,1
C04073,32,Nam,Hải Phòng,44,4,1
C04074,60,Nữ,TP HCM,27,3,0
C04075,63,Nữ,Đà Nẵng,37,2,1
C04076,23,Nam,TP HCM,4,0,0
C04077,69,Nam,TP HCM,31,5,1
C04078,30,Nữ,Hải Phòng,41,0,0
C04079,30,Nữ,Đà Nẵng,23,0,0
C04080,48,Nam,Hà Nội,60,0,0
C04081,50,Nam,TP HCM,30,0,0
C04082,67,Nam,TP HCM,25,2,1
C04083,49,Nữ,TP HCM,30,0,1
C04084,56,Nam,Hà Nội,10,0,0
C04085,25,Nữ,Cần Thơ,22,1,0
C04086,25,Nữ,Đà Nẵng,10,3,1
C04087,67,Nữ,Đà Nẵng,37,1,0
C04088,64,Nữ,TP HCM,34,0,0
C04089,18,Nữ,Cần Thơ,37,0,0
C04090,55,Nữ,Hải Phòng,30,1,0
C04091,63,Nữ,Hà Nội,6,1,0
C04092,29,Nam,Cần Thơ,31,0,0
C04093,64,Nữ,TP HCM,27,1,1
C04094,69,Nữ,Hải Phòng,29,1,0
C04095,48,Nam,Cần Thơ,40,1,0
C04096,64,Nữ,Đà Nẵng,32,2,0
C04097,27,Nữ,Hà Nội,46,2,0
C04098,66,Nữ,Hải Phòng,24,1,1
C04099,68,Nam,Hải Phòng,54,1,0
C04100,56,Nữ,Hải Phòng,58,1,0
C04101,68,Nam,Đà Nẵng,28,4,0
C04102,59,Nữ,TP HCM,30,1,0
C04103,34,Nữ,Hải Phòng,31,0,1
C04104,22,Nữ,TP HCM,25,0,1
C04105,18,Nữ,Cần Thơ,38,2,1
C04106,42,Nữ,Đà Nẵng,14,2,0
C04107,48,Nam,Hải Phòng,6,2,1
C04108,22,Nam,Hà Nội,44,2,0
C04109,64,Nam,TP HCM,45,3,1
C04110,55,Nữ,TP HCM,27,2,1
C04111,49,Nữ,TP HCM,18,2,0
C04112,39,Nam,Đà Nẵng,57,3,0
C04113,38,Nam,Hà Nội,11,2,1
C04114,43,Nam,Hà Nội,5,2,1
C04115,49,Nam,TP HCM,39,1,0
C04116,58,Nam,TP HCM,35,1,1
C04117,48,Nữ,Đà Nẵng,23,3,1
C04118,58,Nữ,Hà Nội,59,0,0
C04119,40,Nam,TP HCM,23,2,1
C04120,33,Nam,TP HCM,27,1,1
C04121,56,Nữ,Cần Thơ,41,2,0
C04122,65,Nữ,Hà Nội,22,1,1
C04123,50,Nữ,Cần Thơ,4,0,1
C04124,27,Nữ,TP HCM,58,4,1
C04125,47,Nam,Cần Thơ,51,1,1
C04126,60,Nam,Hà Nội,40,1,1
C04127,38,Nam,Hà Nội,39,1,1
C04128,28,Nam,Đà Nẵng,5,1,1
C04129,40,Nữ,TP HCM,37,1,1
C04130,70,Nữ,TP HCM,43,1,1
C04131,68,Nam,Hà Nội,1,1,1
C04132,30,Nam,TP HCM,59,2,1
C04133,52,Nam,Hà Nội,58,1,0
C04134,70,Nữ,Đà Nẵng,33,1,0
C04135,26,Nam,Hà Nội,27,1,1
C04136,34,Nam,Đà Nẵng,11,1,1
C04137,70,Nam,Hải Phòng,9,0,0
C04138,21,Nam,Hà Nội,8,1,0
C04139,20,Nữ,Hà Nội,15,1,1
C04140,24,Nữ,Đà Nẵng,20,1,1
C04141,51,Nam,Hải Phòng,43,2,0
C04142,50,Nam,Hà Nội,52,1,0
C04143,21,Nữ,Hà Nội,14,4,1
C04144,25,Nam,Đà Nẵng,34,2,1
C04145,47,Nữ,Cần Thơ,7,2,0
C04146,46,Nam,TP HCM,41,1,0
C04147,43,Nam,Hà Nội,60,1,1
C04148,22,Nam,Hà Nội,14,0,0
C04149,45,Nữ,TP HCM,29,2,0
C04150,20,Nữ,Hải Phòng,52,0,0
C04151,28,Nam,Đà Nẵng,12,1,0
C04152,54,Nữ,Hà Nội,59,0,0
C04153,53,Nam,Hà Nội,19,1,1
C04154,22,Nữ,Hà Nội,35,1,0
C04155,38,Nữ,Hà Nội,36,1,1
C04156,34,Nam,Hà Nội,36,1,0
C04157,36,Nữ,Hà Nội,35,1,1
C04158,42,Nữ,TP HCM,49,0,0
C04159,21,Nữ,Đà Nẵng,32,0,0
C04160,64,Nam,Hà Nội,3,0,1
C04161,29,Nữ,TP HCM,42,0,0
C04162,29,Nữ,Hà Nội,7,2,0
C04163,22,Nam,TP HCM,23,1,0
C04164,52,Nữ,Hà Nội,47,2,0
C04165,63,Nam,Đà Nẵng,7,2,0
C04166,63,Nữ,Cần Thơ,12,1,0
C04167,67,Nữ,Đà Nẵng,51,1,0
C04168,31,Nữ,Đà Nẵng,11,1,1
C04169,21,Nữ,Đà Nẵng,4,0,0
C04170,58,Nữ,TP HCM,30,1,0
C04171,42,Nam,Hải Phòng,22,4,0
C04172,37,Nam,TP HCM,42,2,0
C04173,46,Nam,Đà Nẵng,23,3,1
C04174,46,Nữ,Cần Thơ,38,0,0
C04175,29,Nữ,TP HCM,18,2,1
C04176,25,Nữ,TP HCM,56,0,0
C04177,40,Nam,Hà Nội,24,2,1
C04178,55,Nữ,TP HCM,4,1,1
C04179,34,Nữ,TP HCM,37,2,0
C04180,63,Nữ,TP HCM,31,1,1
C04181,57,Nữ,Đà Nẵng,23,1,0
C04182,27,Nữ,TP HCM,47,1,1
C04183,30,Nữ,TP HCM,6,1,0
C04184,67,Nam,Hải Phòng,5,1,0
C04185,54,Nam,Cần Thơ,25,3,0
C04186,59,Nữ,TP HCM,27,3,0
C04187,18,Nam,Hà Nội,19,1,0
C04188,64,Nữ,TP HCM,50,3,0
C04189,57,Nam,Đà Nẵng,38,2,0
C04190,33,Nam,Hải Phòng,42,0,0
C04191,36,Nữ,TP HCM,52,3,1
C04192,43,Nam,Đà Nẵng,50,2,0
C04193,70,Nam,TP HCM,40,2,1
C04194,52,Nữ,TP HCM,21,2,1
C04195,56,Nữ,Cần Thơ,44,2,0
C04196,60,Nam,TP HCM,30,1,0
C04197,45,Nữ,TP HCM,47,0,1
C04198,58,Nam,Hà Nội,55,2,0
C04199,50,Nữ,Hà Nội,2,2,0
C04200,52,Nam,TP HCM,12,1,1
C04201,19,Nữ,Hải Phòng,58,1,0
C04202,22,Nam,Hà Nội,50,0,0
C04203,41,Nam,Hải Phòng,27,0,1
C04204,19,Nữ,TP HCM,6,1,0
C04205,35,Nữ,Đà Nẵng,48,1,0
C04206,70,Nam,Đà Nẵng,56,0,0
C04207,70,Nữ,Hà Nội,24,0,0
C04208,59,Nữ,TP HCM,43,1,0
C04209,54,Nữ,Hà Nội,11,0,0
C04210,61,Nam,TP HCM,14,0,0
C04211,26,Nữ,Cần Thơ,36,1,1
C04212,29,Nam,TP HCM,43,1,0
C04213,47,Nam,Hà Nội,16,4,1
C04214,65,Nam,TP HCM,41,4,1
C04215,32,Nữ,TP HCM,1,1,0
C04216,30,Nam,Hải Phòng,3,0,1
C04217,32,Nam,Hải Phòng,31,1,1
C04218,26,Nam,Đà Nẵng,5,1,0
C04219,45,Nam,Cần Thơ,31,1,1
C04220,21,Nam,Hải Phòng,53,2,1
C04221,68,Nữ,Đà Nẵng,45,2,1
C04222,33,Nữ,TP HCM,10,0,0
C04223,63,Nữ,TP HCM,59,2,0
C04224,49,Nữ,TP HCM,57,0,1
C04225,39,Nam,Hải Phòng,54,0,0
C04226,64,Nữ,Hà Nội,2,1,1
C04227,40,Nữ,TP HCM,45,2,0
C04228,59,Nữ,Hà Nội,11,2,0
C04229,34,Nữ,TP HCM,33,1,0
C04230,27,Nam,Cần Thơ,40,2,0
C04231,19,Nữ,Cần Thơ,18,1,0
C04232,34,Nữ,TP HCM,13,2,1
C04233,68,Nữ,Hà Nội,45,0,1
C04234,27,Nữ,Cần Thơ,60,3,1
C04235,57,Nữ,Hà Nội,32,0,0
C04236,61,Nữ,Cần Thơ,53,1,0
C04237,44,Nam,Hải Phòng,11,1,0
C04238,24,Nam,Hà Nội,38,0,1
C04239,64,Nam,Hà Nội,18,1,0
C04240,54,Nam,Hà Nội,14,1,1
C04241,62,Nữ,TP HCM,27,1,1
C04242,69,Nam,TP HCM,16,1,1
C04243,66,Nữ,TP HCM,41,0,1
C04244,47,Nam,Hà Nội,45,0,1
C04245,44,Nữ,TP HCM,26,1,0
C04246,33,Nam,TP HCM,5,2,1
C04247,19,Nữ,Cần Thơ,6,1,1
C04248,47,Nam,Hải Phòng,16,0,0
C04249,47,Nữ,TP HCM,59,0,1
C04250,41,Nam,TP HCM,12,2,1
C04251,70,Nữ,TP HCM,11,0,0
C04252,22,Nam,Cần Thơ,34,1,0
C04253,24,Nam,Đà Nẵng,17,2,0
C04254,39,Nam,Hà Nội,6,0,0
C04255,20,Nữ,Cần Thơ,30,2,1
C04256,42,Nữ,Hải Phòng,2,1,0
C04257,44,Nữ,TP HCM,40,0,1
C04258,26,Nam,Hà Nội,19,1,0
C04259,57,Nữ,TP HCM,47,1,0
C04260,65,Nữ,Đà Nẵng,37,1,0
C04261,66,Nam,Hà Nội,57,1,0
C04262,37,Nữ,Cần Thơ,27,1,0
C04263,56,Nữ,Hà Nội,8,2,1
C04264,62,Nam,Hà Nội,7,1,0
C04265,59,Nam,Cần Thơ,12,1,1
C04266,70,Nữ,TP HCM,49,2,1
C04267,29,Nữ,Cần Thơ,18,1,0
C04268,66,Nam,Hải Phòng,34,0,0
C04269,54,Nam,TP HCM,42,0,0
C04270,19,Nữ,Cần Thơ,2,0,1
C04271,60,Nam,TP HCM,22,2,0
C04272,30,Nữ,Hà Nội,9,3,1
C04273,51,Nam,Hà Nội,21,2,1
C04274,27,Nữ,TP HCM,35,0,0
C04275,70,Nữ,Hà Nội,47,0,0
C04276,51,Nữ,Cần Thơ,49,1,0
C04277,27,Nam,Hải Phòng,36,1,0
C04278,58,Nữ,TP HCM,10,2,1
C04279,23,Nam,TP HCM,34,1,1
C04280,22,Nam,Hà Nội,7,3,1
C04281,32,Nữ,TP HCM,54,2,0
C04282,69,Nam,Đà Nẵng,29,1,0
C04283,41,Nam,Hà Nội,6,1,1
C04284,70,Nam,Hà Nội,55,3,1
C04285,20,Nữ,Hà Nội,6,0,0
C04286,65,Nữ,Hải Phòng,34,2,1
C04287,49,Nam,Hà Nội,14,2,1
C04288,55,Nam,TP HCM,34,2,1
C04289,52,Nam,Hà Nội,10,5,1
C04290,68,Nam,Hà Nội,28,0,0
C04291,45,Nam,Hà Nội,52,1,0
C04292,59,Nam,Đà Nẵng,25,1,1
C04293,38,Nữ,TP HCM,34,3,1
C04294,29,Nam,TP HCM,23,1,1
C04295,29,Nam,Hải Phòng,13,0,1
C04296,52,Nữ,Đà Nẵng,50,2,1
C04297,38,Nữ,Hà Nội,49,1,0
C04298,46,Nữ,TP HCM,26,1,0
C04299,66,Nữ,Cần Thơ,60,2,0
C04300,57,Nữ,TP HCM,42,2,0
C04301,45,Nữ,Đà Nẵng,40,0,0
C04302,29,Nam,TP HCM,38,1,1
C04303,44,Nam,Đà Nẵng,45,1,0
C04304,18,Nam,Hải Phòng,29,1,0
C04305,45,Nam,TP HCM,13,3,1
C04306,24,Nữ,Cần Thơ,43,0,0
C04307,69,Nữ,TP HCM,39,0,0
C04308,27,Nam,TP HCM,9,4,1
C04309,50,Nam,TP HCM,26,2,1
C04310,31,Nữ,TP HCM,35,1,1
C04311,19,Nam,TP HCM,35,0,0
C04312,58,Nữ,Hà Nội,12,0,1
C04313,42,Nam,TP HCM,34,1,0
C04314,66,Nữ,Đà Nẵng,49,4,1
C04315,33,Nam,Hà Nội,18,1,1
C04316,54,Nam,TP HCM,57,1,0
C04317,52,Nữ,Đà Nẵng,37,2,0
C04318,37,Nữ,Hà Nội,55,4,1
C04319,26,Nam,Hà Nội,53,1,0
C04320,62,Nam,Hà Nội,55,1,0
C04321,23,Nam,TP HCM,33,0,0
C04322,70,Nữ,Hải Phòng,54,2,1
C04323,62,Nữ,Hà Nội,32,2,0
C04324,31,Nữ,Hải Phòng,10,3,0
C04325,40,Nữ,Hà Nội,34,4,1
C04326,47,Nam,TP HCM,50,0,0
C04327,32,Nam,Đà Nẵng,55,0,0
C04328,33,Nam,Cần Thơ,34,1,1
C04329,24,Nam,Đà Nẵng,15,0,1
C04330,21,Nữ,Cần Thơ,31,1,1
C04331,38,Nữ,TP HCM,26,2,0
C04332,24,Nữ,TP HCM,8,1,1
C04333,65,Nữ,Cần Thơ,43,1,0
C04334,58,Nữ,Hà Nội,47,3,0
C04335,44,Nữ,TP HCM,10,2,0
C04336,39,Nữ,Hà Nội,16,0,1
C04337,66,Nữ,TP HCM,11,0,0
C04338,63,Nam,Hà Nội,29,0,1
C04339,20,Nữ,Hà Nội,38,1,1
C04340,63,Nam,Cần Thơ,3,0,0
C04341,41,Nam,Hà Nội,55,1,0
C04342,55,Nam,Đà Nẵng,37,0,0
C04343,44,Nam,TP HCM,31,1,0
C04344,55,Nữ,Hải Phòng,36,2,0
C04345,18,Nữ,Cần Thơ,31,1,0
C04346,19,Nữ,TP HCM,3,1,1
C04347,25,Nữ,Hải Phòng,34,2,0
C04348,53,Nam,TP HCM,1,2,0
C04349,54,Nam,Hà Nội,18,0,0
C04350,39,Nam,TP HCM,9,0,1
C04351,55,Nữ,TP HCM,27,0,0
C04352,33,Nam,Hà Nội,27,0,0
C04353,51,Nam,TP HCM,25,2,0
C04354,46,Nữ,Hà Nội,34,0,0
C04355,43,Nam,Đà Nẵng,14,0,1
C04356,66,Nữ,Hà Nội,56,0,0
C04357,38,Nữ,TP HCM,8,1,0
C04358,31,Nam,TP HCM,19,2,1
C04359,66,Nữ,TP HCM,55,0,1
C04360,46,Nữ,TP HCM,2,1,0
C04361,32,Nam,Hải Phòng,33,3,1
C04362,68,Nam,Hà Nội,25,0,0
C04363,18,Nữ,Hà Nội,2,3,1
C04364,30,Nữ,Hà Nội,42,0,0
C04365,21,Nữ,Đà Nẵng,17,1,1
C04366,39,Nữ,Hải Phòng,5,0,0
C04367,53,Nữ,TP HCM,13,4,0
C04368,48,Nữ,Hà Nội,32,0,0
C04369,27,Nam,Cần Thơ,1,1,1
C04370,53,Nam,Hà Nội,27,0,0
C04371,41,Nam,Hà Nội,19,4,1
C04372,33,Nữ,TP HCM,31,2,1
C04373,43,Nam,Hải Phòng,17,2,1
C04374,23,Nữ,TP HCM,48,1,0
C04375,60,Nữ,TP HCM,34,1,1
C04376,41,Nam,Hà Nội,5,0,1
C04377,63,Nữ,Hà Nội,1,0,1
C04378,49,Nam,TP HCM,43,1,0
C04379,22,Nữ,Đà Nẵng,20,1,1
C04380,57,Nam,TP HCM,23,0,0
C04381,57,Nữ,Hà Nội,20,0,0
C04382,36,Nam,TP HCM,8,3,1
C04383,23,Nam,Hà Nội,60,3,0
C04384,53,Nam,Cần Thơ,36,1,0
C04385,27,Nữ,Hà Nội,40,2,1
C04386,64,Nữ,Đà Nẵng,33,2,1
C04387,32,Nam,Cần Thơ,49,0,0
C04388,57,Nam,TP HCM,40,1,1
C04389,62,Nam,Đà Nẵng,11,1,0
C04390,45,Nữ,Hà Nội,26,3,1
C04391,53,Nam,Cần Thơ,50,3,0
C04392,65,Nữ,TP HCM,51,1,0
C04393,32,Nam,Cần Thơ,9,1,0
C04394,55,Nam,TP HCM,57,1,0
C04395,53,Nam,Hà Nội,12,1,0
C04396,59,Nữ,Đà Nẵng,43,1,1
C04397,30,Nữ,Đà Nẵng,29,4,0
C04398,69,Nam,Hà Nội,42,2,0
C04399,52,Nữ,Đà Nẵng,45,0,0
C04400,23,Nam,Đà Nẵng,40,2,0
C04401,59,Nữ,Cần Thơ,55,0,0
C04402,59,Nam,Hà Nội,60,1,0
C04403,62,Nữ,Hải Phòng,54,1,0
C04404,64,Nữ,TP HCM,13,0,1
C04405,50,Nữ,Hải Phòng,46,0,0
C04406,49,Nữ,Hà Nội,29,0,1
C04407,25,Nữ,Hải Phòng,53,0,0
C04408,67,Nữ,Hải Phòng,55,2,0
C04409,65,Nam,TP HCM,4,3,0
C04410,56,Nữ,Hà Nội,45,0,0
C04411,64,Nữ,Hà Nội,60,1,1
C04412,57,Nam,Hà Nội,43,0,0
C04413,24,Nam,Cần Thơ,2,0,0
C04414,23,Nữ,Hà Nội,31,0,1
C04415,46,Nam,TP HCM,26,2,1
C04416,60,Nữ,Hà Nội,22,0,1
C04417,54,Nam,Đà Nẵng,51,1,0
C04418,26,Nam,Hà Nội,25,0,0
C04419,69,Nữ,Hà Nội,18,1,1
C04420,54,Nam,TP HCM,42,1,0
C04421,56,Nữ,Hà Nội,4,2,1
C04422,41,Nữ,Hải Phòng,54,0,0
C04423,69,Nam,TP HCM,56,1,0
C04424,56,Nữ,TP HCM,38,0,0
C04425,42,Nữ,TP HCM,17,2,1
C04426,59,Nam,TP HCM,15,0,1
C04427,63,Nữ,Hà Nội,42,1,0
C04428,28,Nữ,Đà Nẵng,24,1,0
C04429,38,Nam,TP HCM,12,1,0
C04430,36,Nam,Hải Phòng,57,1,0
C04431,38,Nam,TP HCM,42,2,1
C04432,53,Nữ,Hà Nội,20,1,0
C04433,25,Nữ,Đà Nẵng,12,2,1
C04434,68,Nam,Đà Nẵng,15,0,0
C04435,62,Nữ,Đà Nẵng,24,0,0
C04436,46,Nam,TP HCM,33,1,1
C04437,60,Nam,Cần Thơ,54,1,0
C04438,65,Nam,TP HCM,22,2,0
C04439,58,Nam,TP HCM,16,3,0
C04440,48,Nữ,TP HCM,24,0,0
C04441,24,Nam,Hải Phòng,54,0,0
C04442,50,Nữ,Cần Thơ,51,1,0
C04443,30,Nữ,Hà Nội,57,3,1
C04444,45,Nam,TP HCM,10,0,0
C04445,30,Nữ,Hà Nội,17,2,1
C04446,51,Nữ,Đà Nẵng,23,1,0
C04447,60,Nữ,Hà Nội,1,1,1
C04448,35,Nữ,Hà Nội,13,0,0
C04449,44,Nữ,TP HCM,55,1,0
C04450,68,Nam,Hà Nội,58,0,0
C04451,25,Nam,Hải Phòng,2,1,1
C04452,34,Nữ,Hà Nội,45,1,0
C04453,51,Nữ,Hà Nội,32,1,0
C04454,27,Nam,Đà Nẵng,60,1,1
C04455,22,Nam,Đà Nẵng,44,2,1
C04456,55,Nữ,Hà Nội,23,1,0
C04457,52,Nam,Cần Thơ,51,1,0
C04458,63,Nữ,Hà Nội,33,0,0
C04459,20,Nữ,TP HCM,25,1,0
C04460,63,Nam,TP HCM,47,0,0
C04461,55,Nam,TP HCM,4,2,0
C04462,54,Nữ,Hà Nội,20,2,1
C04463,43,Nam,Hà Nội,42,2,1
C04464,25,Nữ,Hà Nội,6,2,1
C04465,24,Nữ,Hải Phòng,34,0,0
C04466,67,Nữ,Hà Nội,52,1,0
C04467,28,Nữ,Hà Nội,26,3,0
C04468,46,Nữ,Cần Thơ,45,2,0
C04469,33,Nam,Hải Phòng,33,2,1
C04470,32,Nữ,Cần Thơ,25,2,1
C04471,52,Nam,Đà Nẵng,14,2,0
C04472,34,Nữ,Cần Thơ,50,3,1
C04473,52,Nam,TP HCM,14,0,1
C04474,57,Nữ,Cần Thơ,5,1,1
C04475,42,Nữ,Hà Nội,33,1,1
C04476,63,Nam,TP HCM,59,0,0
C04477,31,Nữ,TP HCM,37,1,1
C04478,42,Nữ,Đà Nẵng,49,1,0
C04479,23,Nam,TP HCM,47,0,0
C04480,61,Nữ,Đà Nẵng,34,1,0
C04481,53,Nữ,Cần Thơ,28,1,0
C04482,51,Nữ,TP HCM,21,1,1
C04483,29,Nam,Hải Phòng,21,2,1
C04484,19,Nữ,Đà Nẵng,3,0,1
C04485,22,Nữ,TP HCM,36,2,0
C04486,27,Nam,Hà Nội,13,0,0
C04487,63,Nam,TP HCM,45,1,1
C04488,36,Nữ,Hà Nội,35,1,1
C04489,59,Nam,TP HCM,10,0,0
C04490,67,Nam,Hà Nội,31,3,1
C04491,53,Nam,TP HCM,48,1,0
C04492,65,Nam,Đà Nẵng,29,0,1
C04493,30,Nam,Cần Thơ,24,1,0
C04494,56,Nam,Hà Nội,28,2,0
C04495,37,Nam,TP HCM,17,0,1
C04496,36,Nữ,TP HCM,37,3,1
C04497,24,Nữ,Hà Nội,47,0,0
C04498,67,Nam,Đà Nẵng,47,0,0
C04499,52,Nữ,Hà Nội,6,0,0
C04500,46,Nữ,TP HCM,22,3,1
C04501,62,Nam,Hà Nội,35,3,1
C04502,37,Nam,Hải Phòng,26,1,1
C04503,69,Nam,Hà Nội,19,1,0
C04504,25,Nữ,Đà Nẵng,16,2,1
C04505,18,Nam,Hà Nội,43,1,0
C04506,45,Nữ,Cần Thơ,40,1,0
C04507,39,Nữ,Hải Phòng,16,3,0
C04508,64,Nam,Hà Nội,8,0,0
C04509,56,Nam,Hà Nội,2,1,1
C04510,21,Nam,TP HCM,16,0,0
C04511,25,Nam,TP HCM,29,1,0
C04512,38,Nữ,TP HCM,7,2,0
C04513,41,Nam,Hà Nội,43,2,0
C04514,69,Nữ,Hà Nội,16,2,1
C04515,65,Nam,Hà Nội,43,2,1
C04516,52,Nam,Hải Phòng,11,1,0
C04517,38,Nam,Đà Nẵng,29,0,1
C04518,35,Nam,Đà Nẵng,3,0,1
C04519,35,Nữ,Đà Nẵng,13,1,1
C04520,32,Nam,Cần Thơ,51,0,0
C04521,26,Nữ,TP HCM,59,0,0
C04522,46,Nữ,Hải Phòng,21,1,0
C04523,63,Nữ,Hà Nội,47,1,0
C04524,57,Nữ,TP HCM,26,0,0
C04525,21,Nam,TP HCM,46,0,1
C04526,52,Nam,TP HCM,52,4,1
C04527,58,Nữ,Cần Thơ,22,3,1
C04528,33,Nữ,Hà Nội,35,0,0
C04529,35,Nam,Cần Thơ,46,0,0
C04530,64,Nam,Hải Phòng,26,1,0
C04531,37,Nam,TP HCM,17,1,0
C04532,66,Nam,TP HCM,53,2,1
C04533,46,Nam,Hà Nội,20,1,1
C04534,65,Nữ,Hà Nội,24,2,0
C04535,32,Nữ,Hải Phòng,34,1,0
C04536,20,Nữ,TP HCM,23,2,0
C04537,62,Nam,Hà Nội,12,2,1
C04538,60,Nam,Hà Nội,29,1,0
C04539,30,Nam,Cần Thơ,33,1,0
C04540,30,Nữ,TP HCM,15,2,1
C04541,67,Nữ,TP HCM,13,0,0
C04542,18,Nữ,Cần Thơ,16,1,1
C04543,20,Nam,Hải Phòng,34,3,0
C04544,70,Nữ,Hà Nội,18,1,1
C04545,50,Nữ,Đà Nẵng,49,0,0
C04546,44,Nam,TP HCM,59,2,0
C04547,31,Nam,TP HCM,25,1,1
C04548,40,Nam,TP HCM,7,2,1
C04549,29,Nữ,Hải Phòng,4,2,0
C04550,44,Nữ,TP HCM,40,0,0
C04551,58,Nữ,Hà Nội,15,0,0
C04552,37,Nữ,TP HCM,27,0,1
C04553,67,Nữ,Đà Nẵng,33,3,1
C04554,22,Nữ,TP HCM,54,2,0
C04555,51,Nữ,Hà Nội,36,2,1
C04556,30,Nam,Cần Thơ,41,3,0
C04557,33,Nữ,TP HCM,13,0,0
C04558,36,Nữ,Đà Nẵng,4,2,0
C04559,63,Nam,Cần Thơ,28,1,1
C04560,22,Nữ,Cần Thơ,10,2,1
C04561,66,Nữ,Hải Phòng,57,0,0
C04562,26,Nam,Hải Phòng,59,0,0
C04563,51,Nam,Hải Phòng,6,0,0
C04564,57,Nữ,Cần Thơ,38,0,1
C04565,53,Nữ,TP HCM,46,3,0
C04566,54,Nữ,TP HCM,51,0,0
C04567,52,Nữ,TP HCM,26,0,0
C04568,28,Nam,TP HCM,21,0,0
C04569,28,Nữ,Đà Nẵng,14,2,1
C04570,23,Nam,TP HCM,12,2,1
C04571,37,Nữ,Đà Nẵng,40,2,1
C04572,51,Nam,TP HCM,13,5,1
C04573,28,Nam,TP HCM,35,2,0
C04574,65,Nữ,TP HCM,45,0,0
C04575,39,Nữ,TP HCM,15,0,0
C04576,50,Nữ,Đà Nẵng,29,0,0
C04577,58,Nữ,Hải Phòng,49,1,0
C04578,36,Nữ,Hà Nội,54,0,1
C04579,55,Nữ,TP HCM,40,2,1
C04580,24,Nữ,TP HCM,41,1,0
C04581,26,Nữ,Cần Thơ,8,1,1
C04582,28,Nam,Cần Thơ,11,0,1
C04583,58,Nữ,Hà Nội,48,1,1
C04584,33,Nữ,TP HCM,3,2,1
C04585,49,Nữ,Hà Nội,17,0,0
C04586,41,Nam,Cần Thơ,29,1,0
C04587,54,Nữ,TP HCM,38,0,1
C04588,19,Nữ,Hà Nội,39,1,0
C04589,20,Nữ,Đà Nẵng,35,1,0
C04590,25,Nữ,Hà Nội,46,0,1
C04591,23,Nữ,TP HCM,2,0,0
C04592,35,Nữ,Hà Nội,8,1,0
C04593,56,Nam,Hải Phòng,5,1,0
C04594,69,Nam,Đà Nẵng,58,0,0
C04595,26,Nữ,Cần Thơ,8,1,1
C04596,39,Nam,TP HCM,59,1,0
C04597,30,Nam,Cần Thơ,54,1,1
C04598,41,Nam,Hà Nội,15,0,0
C04599,48,Nữ,Hải Phòng,47,0,0
C04600,41,Nữ,TP HCM,24,2,1
C04601,53,Nam,TP HCM,6,0,1
C04602,35,Nữ,Hải Phòng,6,0,1
C04603,55,Nữ,Hải Phòng,48,3,1
C04604,69,Nữ,Đà Nẵng,51,1,0
C04605,21,Nam,Hà Nội,11,0,0
C04606,63,Nữ,TP HCM,50,1,1
C04607,22,Nam,Hà Nội,36,1,0
C04608,26,Nam,TP HCM,18,1,0
C04609,19,Nữ,TP HCM,26,1,0
C04610,33,Nữ,Đà Nẵng,23,0,0
C04611,70,Nam,Hà Nội,47,0,0
C04612,37,Nam,Hải Phòng,23,2,0
C04613,19,Nữ,Hà Nội,29,2,0
C04614,43,Nữ,TP HCM,37,1,1
C04615,49,Nữ,TP HCM,45,3,1
C04616,37,Nữ,TP HCM,40,2,0
C04617,70,Nữ,TP HCM,8,0,0
C04618,18,Nữ,Cần Thơ,36,1,0
C04619,36,Nữ,TP HCM,60,0,0
C04620,19,Nữ,TP HCM,20,2,1
C04621,60,Nam,TP HCM,2,0,1
C04622,60,Nữ,TP HCM,55,1,0
C04623,45,Nữ,Hà Nội,7,3,1
C04624,50,Nam,Hải Phòng,44,0,0
C04625,56,Nam,Hà Nội,18,1,0
C04626,33,Nữ,Hà Nội,37,2,0
C04627,35,Nam,Đà Nẵng,54,1,0
C04628,34,Nam,TP HCM,55,0,1
C04629,34,Nam,Hải Phòng,9,1,1
C04630,62,Nam,Hải Phòng,54,0,1
C04631,20,Nam,TP HCM,20,0,1
C04632,20,Nam,Hà Nội,55,2,0
C04633,27,Nữ,Đà Nẵng,46,0,0
C04634,49,Nam,Cần Thơ,56,2,1
C04635,69,Nữ,TP HCM,32,2,1
C04636,62,Nữ,Hà Nội,33,1,0
C04637,37,Nữ,Đà Nẵng,29,2,1
C04638,65,Nam,Hà Nội,21,1,0
C04639,53,Nam,Hà Nội,23,1,1
C04640,47,Nam,TP HCM,17,3,0
C04641,70,Nữ,Hải Phòng,39,1,1
C04642,20,Nam,Đà Nẵng,37,4,1
C04643,47,Nam,Đà Nẵng,48,0,0
C04644,67,Nữ,Đà Nẵng,56,1,0
C04645,70,Nam,TP HCM,38,1,0
C04646,28,Nữ,Hải Phòng,36,0,1
C04647,38,Nữ,TP HCM,17,0,1
C04648,47,Nam,Hà Nội,21,1,1
C04649,60,Nữ,TP HCM,9,1,0
C04650,48,Nam,TP HCM,2,1,1
C04651,21,Nam,Hà Nội,44,0,0
C04652,43,Nam,TP HCM,1,1,1
C04653,22,Nữ,TP HCM,12,2,0
C04654,38,Nữ,Đà Nẵng,16,0,1
C04655,64,Nam,Hà Nội,28,0,0
C04656,25,Nữ,Hải Phòng,25,2,1
C04657,53,Nữ,Hà Nội,60,3,1
C04658,61,Nam,TP HCM,40,1,0
C04659,21,Nam,TP HCM,54,1,0
C04660,26,Nữ,TP HCM,57,1,0
C04661,59,Nam,Cần Thơ,50,0,0
C04662,31,Nữ,Hải Phòng,29,0,0
C04663,19,Nam,Hải Phòng,39,1,0
C04664,65,Nam,TP HCM,14,0,1
C04665,50,Nữ,TP HCM,22,1,0
C04666,32,Nữ,Hà Nội,2,0,0
C04667,22,Nữ,TP HCM,4,0,0
C04668,46,Nữ,TP HCM,35,0,0
C04669,29,Nữ,Hải Phòng,2,2,1
C04670,39,Nam,Hải Phòng,31,1,1
C04671,50,Nam,Hà Nội,8,1,1
C04672,70,Nữ,Đà Nẵng,20,1,1
C04673,50,Nữ,Hải Phòng,29,3,1
C04674,18,Nam,TP HCM,2,2,1
C04675,65,Nam,Hà Nội,45,1,1
C04676,37,Nam,Đà Nẵng,30,1,1
C04677,20,Nam,Hải Phòng,36,0,0
C04678,25,Nam,Cần Thơ,45,1,0
C04679,65,Nữ,Hà Nội,48,0,0
C04680,32,Nữ,Đà Nẵng,60,2,0
C04681,58,Nam,Cần Thơ,24,3,0
C04682,54,Nam,Hải Phòng,4,4,1
C04683,35,Nam,Đà Nẵng,6,2,1
C04684,63,Nữ,Hải Phòng,20,1,0
C04685,20,Nam,Đà Nẵng,43,1,0
C04686,36,Nữ,Cần Thơ,18,3,0
C04687,30,Nữ,Hải Phòng,48,1,0
C04688,23,Nữ,TP HCM,17,0,0
C04689,27,Nam,Cần Thơ,1,0,1
C04690,36,Nam,Cần Thơ,18,1,1
C04691,25,Nữ,TP HCM,24,2,0
C04692,48,Nữ,Cần Thơ,51,5,1
C04693,46,Nữ,TP HCM,53,1,0
C04694,69,Nam,TP HCM,16,2,0
C04695,46,Nam,TP HCM,44,0,0
C04696,36,Nữ,Hải Phòng,56,0,0
C04697,37,Nữ,TP HCM,54,1,0
C04698,49,Nam,Hà Nội,58,2,0
C04699,25,Nam,TP HCM,38,3,1
C04700,60,Nữ,Hà Nội,13,0,0
C04701,37,Nữ,Hà Nội,27,0,0
C04702,57,Nữ,Đà Nẵng,34,1,0
C04703,55,Nữ,TP HCM,18,2,1
C04704,39,Nam,Hà Nội,11,0,0
C04705,47,Nam,TP HCM,47,2,1
C04706,30,Nữ,TP HCM,32,2,1
C04707,70,Nam,TP HCM,14,2,1
C04708,29,Nam,TP HCM,10,3,0
C04709,41,Nữ,TP HCM,48,2,1
C04710,32,Nam,TP HCM,43,0,0
C04711,70,Nam,Hà Nội,4,3,0
C04712,61,Nữ,Hải Phòng,38,2,0
C04713,20,Nữ,Hà Nội,33,1,1
C04714,28,Nam,Hà Nội,13,1,0
C04715,27,Nữ,Hà Nội,20,1,1
C04716,31,Nam,Cần Thơ,2,1,0
C04717,70,Nữ,TP HCM,51,2,0
C04718,19,Nữ,Cần Thơ,11,1,0
C04719,24,Nam,TP HCM,46,0,1
C04720,37,Nam,Hải Phòng,45,3,1
C04721,30,Nam,Cần Thơ,11,2,1
C04722,51,Nam,Hà Nội,13,2,0
C04723,64,Nam,Hải Phòng,25,0,0
C04724,54,Nữ,Hải Phòng,42,1,0
C04725,44,Nữ,TP HCM,42,1,1
C04726,38,Nữ,Cần Thơ,52,2,1
C04727,24,Nữ,TP HCM,48,1,0
C04728,23,Nam,Hải Phòng,17,0,0
C04729,38,Nam,TP HCM,30,3,1
C04730,26,Nữ,TP HCM,22,0,0
C04731,38,Nam,TP HCM,35,2,0
C04732,62,Nam,TP HCM,52,0,0
C04733,46,Nam,Hải Phòng,2,2,1
C04734,63,Nam,TP HCM,45,2,0
C04735,35,Nam,Hà Nội,56,1,0
C04736,62,Nữ,Hải Phòng,25,1,1
C04737,37,Nữ,TP HCM,13,1,1
C04738,21,Nữ,Cần Thơ,60,0,0
C04739,33,Nữ,Hà Nội,10,2,0
C04740,53,Nữ,Hải Phòng,31,1,0
C04741,27,Nữ,TP HCM,43,1,1
C04742,29,Nam,Cần Thơ,43,5,1
C04743,51,Nữ,Hải Phòng,51,1,1
C04744,49,Nam,Hà Nội,53,3,1
C04745,46,Nam,Đà Nẵng,55,1,0
C04746,38,Nữ,Hải Phòng,40,1,0
C04747,37,Nam,Đà Nẵng,27,2,0
C04748,47,Nam,TP HCM,41,0,1
C04749,35,Nam,Hà Nội,50,2,1
C04750,18,Nam,TP HCM,39,1,0
C04751,20,Nữ,Hải Phòng,20,1,0
C04752,70,Nữ,TP HCM,55,2,1
C04753,63,Nữ,TP HCM,3,2,1
C04754,50,Nữ,TP HCM,36,1,0
C04755,29,Nam,Hà Nội,38,0,1
C04756,60,Nữ,Hà Nội,1,1,0
C04757,53,Nữ,Hải Phòng,36,1,1
C04758,22,Nam,Hải Phòng,19,2,1
C04759,35,Nữ,TP HCM,46,0,0
C04760,26,Nữ,TP HCM,29,1,1
C04761,58,Nữ,TP HCM,28,0,0
C04762,50,Nữ,Đà Nẵng,34,1,0
C04763,66,Nam,TP HCM,12,1,0
C04764,38,Nam,Hà Nội,39,0,1
C04765,48,Nữ,Hà Nội,31,2,0
C04766,56,Nam,Hà Nội,13,1,1
C04767,28,Nữ,Đà Nẵng,22,2,0
C04768,62,Nam,TP HCM,21,1,1
C04769,43,Nữ,TP HCM,54,1,0
C04770,67,Nữ,TP HCM,53,4,0
C04771,51,Nam,Hà Nội,43,0,0
C04772,43,Nữ,Hải Phòng,21,1,0
C04773,66,Nữ,Hà Nội,15,2,0
C04774,70,Nữ,Đà Nẵng,45,0,1
C04775,54,Nữ,Hải Phòng,14,0,0
C04776,45,Nam,Đà Nẵng,7,5,1
C04777,61,Nữ,Hải Phòng,1,3,1
C04778,27,Nữ,Đà Nẵng,35,2,0
C04779,47,Nam,Đà Nẵng,36,2,1
C04780,38,Nữ,Hà Nội,28,2,1
C04781,41,Nam,Đà Nẵng,7,2,1
C04782,25,Nữ,TP HCM,40,0,0
C04783,37,Nam,TP HCM,11,1,1
C04784,70,Nam,TP HCM,20,2,0
C04785,52,Nam,Hà Nội,48,0,0
C04786,64,Nam,Hà Nội,15,1,0
C04787,65,Nữ,Hải Phòng,15,0,0
C04788,52,Nam,TP HCM,25,1,1
C04789,35,Nam,Hà Nội,2,0,1
C04790,51,Nữ,Cần Thơ,57,1,0
C04791,30,Nữ,TP HCM,4,2,1
C04792,57,Nam,TP HCM,4,1,1
C04793,33,Nữ,TP HCM,46,3,1
C04794,30,Nữ,Hà Nội,11,0,0
C04795,43,Nam,Hà Nội,25,0,0
C04796,37,Nam,TP HCM,10,1,0
C04797,63,Nữ,TP HCM,53,2,0
C04798,47,Nam,TP HCM,20,1,1
C04799,59,Nữ,Đà Nẵng,35,3,1
C04800,35,Nữ,Hải Phòng,1,0,0
C04801,49,Nam,TP HCM,43,0,0
C04802,33,Nữ,TP HCM,10,1,1
C04803,31,Nữ,Đà Nẵng,31,1,0
C04804,24,Nam,Hải Phòng,22,0,0
C04805,37,Nữ,Đà Nẵng,5,0,0
C04806,18,Nam,TP HCM,26,3,1
C04807,41,Nữ,Cần Thơ,5,0,0
C04808,49,Nữ,TP HCM,15,1,1
C04809,51,Nữ,Hà Nội,6,0,1
C04810,49,Nam,TP HCM,60,2,1
C04811,46,Nữ,Đà Nẵng,60,3,0
C04812,65,Nam,Cần Thơ,39,1,0
C04813,31,Nam,Hà Nội,6,1,0
C04814,25,Nữ,Hà Nội,39,3,1
C04815,48,Nữ,Hà Nội,43,0,1
C04816,37,Nam,Hà Nội,30,1,1
C04817,41,Nữ,Hà Nội,42,1,0
C04818,64,Nam,TP HCM,36,1,0
C04819,37,Nam,Hà Nội,38,2,1
C04820,44,Nữ,Hà Nội,43,2,0
C04821,32,Nữ,TP HCM,5,0,0
C04822,27,Nam,Hải Phòng,11,4,1
C04823,63,Nữ,Hải Phòng,9,1,1
C04824,46,Nữ,TP HCM,11,2,1
C04825,42,Nữ,Đà Nẵng,56,1,0
C04826,63,Nam,TP HCM,36,1,0
C04827,62,Nữ,TP HCM,29,1,1
C04828,22,Nam,TP HCM,23,2,1
C04829,59,Nam,Hà Nội,41,1,1
C04830,59,Nam,Hà Nội,31,1,1
C04831,35,Nam,TP HCM,37,2,1
C04832,37,Nam,Hải Phòng,38,0,0
C04833,67,Nữ,Hà Nội,19,0,0
C04834,23,Nam,Đà Nẵng,29,0,0
C04835,49,Nữ,Đà Nẵng,59,1,0
C04836,27,Nữ,Cần Thơ,11,2,1
C04837,52,Nam,TP HCM,21,2,1
C04838,23,Nữ,Hà Nội,32,2,1
C04839,26,Nam,Đà Nẵng,47,0,0
C04840,56,Nam,TP HCM,45,1,0
C04841,36,Nữ,TP HCM,35,0,1
C04842,31,Nữ,Hà Nội,52,0,0
C04843,37,Nam,TP HCM,24,2,0
C04844,51,Nữ,TP HCM,51,1,0
C04845,18,Nam,TP HCM,45,3,1
C04846,48,Nam,Hải Phòng,49,0,0
C04847,25,Nữ,Hải Phòng,7,1,0
C04848,34,Nam,Hải Phòng,13,1,1
C04849,69,Nam,TP HCM,45,0,0
C04850,53,Nữ,Đà Nẵng,4,0,1
C04851,65,Nam,Hà Nội,8,0,0
C04852,55,Nam,Đà Nẵng,11,3,0
C04853,67,Nữ,TP HCM,2,0,0
C04854,23,Nữ,TP HCM,12,0,0
C04855,61,Nam,Hải Phòng,8,0,0
C04856,57,Nữ,Hà Nội,17,0,1
C04857,53,Nam,Hải Phòng,30,0,0
C04858,27,Nữ,TP HCM,27,0,0
C04859,61,Nữ,TP HCM,17,0,0
C04860,53,Nữ,TP HCM,18,2,1
C04861,49,Nam,TP HCM,48,1,0
C04862,41,Nữ,TP HCM,1,1,1
C04863,63,Nam,Đà Nẵng,15,1,1
C04864,45,Nữ,TP HCM,47,1,0
C04865,55,Nữ,Hải Phòng,59,1,1
C04866,41,Nữ,Cần Thơ,7,0,0
C04867,40,Nam,Hải Phòng,49,1,1
C04868,33,Nữ,Đà Nẵng,16,2,1
C04869,23,Nữ,TP HCM,43,1,0
C04870,55,Nam,Hà Nội,59,0,1
C04871,47,Nữ,TP HCM,42,0,0
C04872,41,Nam,TP HCM,19,1,0
C04873,63,Nam,Hải Phòng,35,2,1
C04874,37,Nữ,TP HCM,54,4,0
C04875,61,Nam,Đà Nẵng,46,0,0
C04876,63,Nam,TP HCM,14,4,1
C04877,63,Nam,TP HCM,60,0,0
C04878,43,Nữ,Đà Nẵng,57,1,0
C04879,55,Nam,Cần Thơ,12,1,1
C04880,25,Nữ,TP HCM,11,0,1
C04881,40,Nữ,TP HCM,53,0,0
C04882,22,Nữ,Hải Phòng,34,6,1
C04883,29,Nam,Cần Thơ,10,1,0
C04884,19,Nữ,Đà Nẵng,18,0,0
C04885,47,Nam,TP HCM,54,0,0
C04886,47,Nữ,TP HCM,17,0,0
C04887,26,Nữ,Hải Phòng,41,0,0
C04888,68,Nữ,TP HCM,31,2,0
C04889,56,Nam,TP HCM,28,2,0
C04890,69,Nam,Hải Phòng,14,1,0
C04891,59,Nữ,TP HCM,51,1,0
C04892,41,Nam,Hải Phòng,53,1,0
C04893,56,Nam,Đà Nẵng,39,3,1
C04894,62,Nữ,Hải Phòng,30,3,1
C04895,23,Nữ,Đà Nẵng,56,2,0
C04896,58,Nữ,Hà Nội,44,1,0
C04897,38,Nữ,Hà Nội,39,0,0
C04898,22,Nam,Hà Nội,4,2,1
C04899,20,Nữ,TP HCM,46,2,1
C04900,47,Nữ,Hải Phòng,25,3,1
C04901,53,Nữ,Hà Nội,53,2,0
C04902,43,Nữ,Hải Phòng,46,0,0
C04903,66,Nam,TP HCM,22,0,0
C04904,32,Nam,TP HCM,51,3,0
C04905,33,Nữ,TP HCM,57,0,0
C04906,50,Nam,Đà Nẵng,15,1,0
C04907,54,Nữ,Đà Nẵng,44,2,0
C04908,36,Nam,Hà Nội,57,2,0
C04909,70,Nữ,Đà Nẵng,25,1,0
C04910,58,Nam,Cần Thơ,14,0,0
C04911,65,Nam,Hà Nội,57,1,1
C04912,41,Nam,TP HCM,38,0,0
C04913,56,Nữ,TP HCM,37,1,0
C04914,29,Nam,Cần Thơ,38,1,0
C04915,32,Nam,Hà Nội,47,1,0
C04916,51,Nam,TP HCM,58,2,0
C04917,20,Nam,Hà Nội,57,1,0
C04918,69,Nam,Đà Nẵng,30,1,1
C04919,42,Nữ,TP HCM,19,1,1
C04920,63,Nam,TP HCM,48,1,0
C04921,69,Nam,TP HCM,38,0,0
C04922,55,Nữ,Hải Phòng,29,0,0
C04923,37,Nam,Cần Thơ,41,0,0
C04924,52,Nữ,TP HCM,16,4,0
C04925,25,Nam,Hà Nội,37,0,0
C04926,32,Nữ,Đà Nẵng,51,0,0
C04927,35,Nữ,Hà Nội,14,0,1
C04928,43,Nữ,Hà Nội,33,0,0
C04929,19,Nữ,TP HCM,52,1,0
C04930,70,Nữ,TP HCM,28,0,0
C04931,35,Nữ,TP HCM,45,0,0
C04932,63,Nữ,Hà Nội,19,2,0
C04933,58,Nữ,TP HCM,19,1,0
C04934,41,Nữ,Hà Nội,2,2,1
C04935,26,Nữ,Hà Nội,29,1,1
C04936,46,Nam,Đà Nẵng,17,0,0
C04937,31,Nữ,TP HCM,17,1,0
C04938,68,Nữ,Cần Thơ,10,0,0
C04939,65,Nam,Hà Nội,60,0,0
C04940,58,Nam,Hải Phòng,46,0,0
C04941,60,Nam,Hà Nội,20,1,0
C04942,38,Nữ,TP HCM,51,1,1
C04943,18,Nữ,Hà Nội,17,1,1
C04944,42,Nam,Đà Nẵng,59,2,1
C04945,52,Nam,Hải Phòng,28,3,1
C04946,26,Nam,Hà Nội,10,3,1
C04947,22,Nam,TP HCM,17,1,1
C04948,21,Nam,Cần Thơ,16,2,0
C04949,39,Nữ,Đà Nẵng,16,0,1
C04950,55,Nữ,Đà Nẵng,47,2,0
C04951,24,Nam,Cần Thơ,38,1,0
C04952,44,Nam,Cần Thơ,32,2,0
C04953,40,Nam,TP HCM,5,1,1
C04954,69,Nam,Đà Nẵng,24,0,1
C04955,29,Nữ,Hà Nội,28,0,0
C04956,35,Nam,Hà Nội,35,2,1
C04957,66,Nam,Hà Nội,5,1,1
C04958,34,Nữ,Cần Thơ,38,2,1
C04959,60,Nam,Đà Nẵng,32,0,0
C04960,64,Nam,Đà Nẵng,47,2,1
C04961,38,Nam,Cần Thơ,31,1,0
C04962,57,Nam,Cần Thơ,25,1,1
C04963,24,Nam,TP HCM,50,2,0
C04964,25,Nữ,TP HCM,14,2,0
C04965,52,Nữ,Đà Nẵng,41,1,0
C04966,30,Nam,Hà Nội,13,1,0
C04967,34,Nữ,TP HCM,45,0,0
C04968,69,Nữ,TP HCM,33,3,1
C04969,67,Nam,TP HCM,38,1,0
C04970,55,Nữ,Hà Nội,16,2,0
C04971,47,Nam,Hà Nội,54,1,0
C04972,19,Nữ,Hà Nội,42,5,1
C04973,35,Nữ,Đà Nẵng,20,4,1
C04974,35,Nam,Hà Nội,21,1,0
C04975,70,Nam,Hà Nội,50,1,1
C04976,41,Nam,Hải Phòng,57,2,0
C04977,54,Nữ,Hải Phòng,43,1,0
C04978,69,Nam,Hải Phòng,40,0,1
C04979,64,Nam,TP HCM,8,3,1
C04980,47,Nữ,TP HCM,20,0,0
C04981,19,Nam,TP HCM,14,2,1
C04982,20,Nam,Cần Thơ,12,0,0
C04983,22,Nam,Đà Nẵng,56,0,0
C04984,27,Nam,TP HCM,10,1,1
C04985,49,Nữ,Đà Nẵng,49,1,1
C04986,18,Nam,Hà Nội,54,3,0
C04987,66,Nam,TP HCM,40,2,1
C04988,18,Nam,Hải Phòng,14,1,1
C04989,31,Nữ,TP HCM,3,2,1
C04990,45,Nữ,TP HCM,60,1,0
C04991,50,Nữ,TP HCM,36,1,0
C04992,19,Nam,TP HCM,41,1,0
C04993,21,Nữ,Hải Phòng,43,1,1
C04994,21,Nữ,Hải Phòng,55,1,0
C04995,20,Nữ,TP HCM,56,1,1
C04996,56,Nam,Cần Thơ,40,3,1
C04997,38,Nữ,TP HCM,51,0,1
C04998,27,Nữ,TP HCM,42,1,0
C04999,37,Nam,TP HCM,26,0,1
C05000,38,Nữ,TP HCM,52,2,0
C05001,33,Nam,TP HCM,9,1,1
C05002,53,Nữ,TP HCM,29,0,0
C05003,23,Nữ,Đà Nẵng,12,3,1
C05004,22,Nữ,TP HCM,54,2,0
C05005,58,Nam,Đà Nẵng,25,2,0
C05006,62,Nam,TP HCM,9,1,0
C05007,63,Nữ,Hà Nội,19,0,1
C05008,59,Nam,Hà Nội,49,1,0
C05009,62,Nữ,Đà Nẵng,5,1,0
C05010,29,Nam,Cần Thơ,24,2,0
C05011,22,Nam,TP HCM,29,2,0
C05012,25,Nữ,Hà Nội,31,1,0
C05013,26,Nam,TP HCM,59,0,1
C05014,35,Nữ,Đà Nẵng,18,0,0
C05015,19,Nam,Đà Nẵng,23,1,0
C05016,68,Nam,TP HCM,57,0,0
C05017,36,Nam,TP HCM,43,0,0
C05018,54,Nữ,TP HCM,5,1,1
C05019,55,Nữ,TP HCM,20,0,0
C05020,58,Nữ,Đà Nẵng,26,1,1
C05021,54,Nữ,Hải Phòng,49,2,0
C05022,42,Nam,Đà Nẵng,58,0,0
C05023,54,Nữ,Hà Nội,58,2,0
C05024,47,Nữ,Hà Nội,4,2,1
C05025,70,Nam,TP HCM,25,1,0
C05026,70,Nam,Cần Thơ,46,2,0
C05027,58,Nam,Cần Thơ,60,0,0
C05028,40,Nam,TP HCM,52,2,0
C05029,49,Nữ,TP HCM,44,2,1
C05030,25,Nữ,Đà Nẵng,15,1,1
C05031,25,Nữ,Đà Nẵng,27,2,1
C05032,32,Nữ,Hà Nội,55,0,0
C05033,38,Nam,TP HCM,16,1,0
C05034,31,Nam,Đà Nẵng,55,2,0
C05035,27,Nữ,TP HCM,26,1,1
C05036,54,Nam,Hải Phòng,18,2,0
C05037,67,Nam,TP HCM,26,1,1
C05038,47,Nữ,TP HCM,58,0,0
C05039,54,Nữ,Đà Nẵng,16,0,0
C05040,28,Nữ,TP HCM,6,2,0
C05041,42,Nam,Hà Nội,56,1,1
C05042,51,Nam,Hà Nội,31,2,1
C05043,49,Nam,Hải Phòng,10,0,1
C05044,47,Nam,Hải Phòng,41,2,1
C05045,59,Nữ,TP HCM,22,1,1
C05046,56,Nam,Đà Nẵng,36,1,0
C05047,52,Nam,Hà Nội,40,2,0
C05048,58,Nam,Hà Nội,25,0,0
C05049,67,Nam,Cần Thơ,50,3,0
C05050,62,Nữ,Hà Nội,58,1,1
C05051,33,Nam,Hà Nội,50,0,1
C05052,30,Nam,Hải Phòng,43,2,0
C05053,55,Nữ,TP HCM,1,1,0
C05054,50,Nam,TP HCM,8,0,0
C05055,30,Nữ,TP HCM,43,3,1
C05056,43,Nữ,Đà Nẵng,30,1,1
C05057,59,Nam,Hà Nội,28,1,0
C05058,69,Nữ,TP HCM,45,1,0
C05059,46,Nam,TP HCM,50,0,0
C05060,63,Nữ,Đà Nẵng,38,1,0
C05061,34,Nam,Đà Nẵng,39,0,0
C05062,26,Nữ,Hải Phòng,21,0,1
C05063,23,Nam,Đà Nẵng,14,1,0
C05064,36,Nam,Cần Thơ,37,0,1
C05065,22,Nữ,Cần Thơ,43,1,1
C05066,25,Nữ,TP HCM,11,0,1
C05067,64,Nam,Hà Nội,54,0,0
C05068,34,Nam,Đà Nẵng,5,1,1
C05069,20,Nữ,TP HCM,26,0,1
C05070,37,Nam,Cần Thơ,23,1,0
C05071,67,Nam,Hà Nội,31,4,1
C05072,27,Nam,TP HCM,52,1,0
C05073,54,Nam,Hà Nội,49,2,0
C05074,34,Nữ,Hải Phòng,38,3,1
C05075,40,Nam,Đà Nẵng,57,0,0
C05076,52,Nữ,Hà Nội,44,0,0
C05077,27,Nam,Hải Phòng,38,1,0
C05078,55,Nữ,Hải Phòng,50,4,0
C05079,30,Nam,Hà Nội,32,0,1
C05080,63,Nữ,Cần Thơ,31,3,1
C05081,37,Nam,Hà Nội,33,2,1
C05082,38,Nam,Hải Phòng,55,2,0
C05083,55,Nữ,TP HCM,14,0,0
C05084,49,Nam,TP HCM,22,0,1
C05085,32,Nam,TP HCM,43,1,0
C05086,37,Nam,Cần Thơ,25,1,0
C05087,23,Nữ,Cần Thơ,18,1,1
C05088,59,Nam,Đà Nẵng,36,3,1
C05089,52,Nữ,Cần Thơ,58,2,1
C05090,49,Nữ,TP HCM,17,1,1
C05091,53,Nữ,Hà Nội,60,4,0
C05092,22,Nữ,TP HCM,25,1,0
C05093,45,Nam,TP HCM,51,2,0
C05094,52,Nữ,Đà Nẵng,8,0,0
C05095,38,Nam,TP HCM,6,0,1
C05096,40,Nữ,TP HCM,30,1,1
C05097,32,Nữ,TP HCM,14,1,1
C05098,52,Nữ,Hà Nội,38,1,0
C05099,64,Nữ,Đà Nẵng,23,0,0
C05100,64,Nữ,TP HCM,11,1,0
C05101,37,Nam,Hải Phòng,49,0,0
C05102,39,Nữ,Hà Nội,45,1,0
C05103,70,Nam,TP HCM,58,0,1
C05104,68,Nữ,Hà Nội,20,0,0
C05105,49,Nam,Hà Nội,18,1,0
C05106,36,Nữ,Hà Nội,21,2,1
C05107,27,Nam,Hải Phòng,54,1,0
C05108,21,Nam,TP HCM,29,1,0
C05109,43,Nam,Đà Nẵng,44,1,0
C05110,67,Nam,Hà Nội,48,2,0
C05111,39,Nữ,Cần Thơ,13,0,1
C05112,39,Nữ,TP HCM,53,1,0
C05113,62,Nam,TP HCM,4,0,0
C05114,63,Nam,TP HCM,52,1,0
C05115,54,Nam,TP HCM,3,2,0
C05116,38,Nam,TP HCM,35,1,0
C05117,34,Nam,Hà Nội,16,2,1
C05118,22,Nam,Đà Nẵng,1,1,1
C05119,32,Nam,TP HCM,16,1,1
C05120,68,Nam,Hà Nội,40,0,0
C05121,52,Nam,TP HCM,15,0,0
C05122,48,Nam,TP HCM,15,0,0
C05123,40,Nữ,Hà Nội,8,2,1
C05124,34,Nữ,TP HCM,26,1,0
C05125,18,Nữ,Đà Nẵng,37,3,1
C05126,32,Nữ,TP HCM,36,4,1
C05127,41,Nam,TP HCM,47,1,1
C05128,61,Nữ,TP HCM,19,0,1
C05129,21,Nữ,TP HCM,46,4,0
C05130,35,Nữ,Hải Phòng,8,2,1
C05131,37,Nam,TP HCM,55,0,0
C05132,32,Nữ,Cần Thơ,31,1,1
C05133,39,Nữ,Đà Nẵng,60,0,0
C05134,62,Nam,Đà Nẵng,10,0,0
C05135,70,Nữ,Hải Phòng,44,1,0
C05136,34,Nữ,TP HCM,8,1,0
C05137,60,Nam,TP HCM,53,1,0
C05138,28,Nữ,TP HCM,25,1,1
C05139,69,Nữ,TP HCM,9,0,0
C05140,63,Nữ,Hà Nội,47,4,1
C05141,64,Nữ,TP HCM,47,0,0
C05142,58,Nam,TP HCM,16,1,0
C05143,26,Nam,TP HCM,3,3,1
C05144,56,Nữ,Hà Nội,18,1,1
C05145,44,Nam,TP HCM,47,1,0
C05146,63,Nam,Hải Phòng,2,1,0
C05147,46,Nữ,Hải Phòng,49,2,0
C05148,64,Nữ,Cần Thơ,18,2,0
C05149,38,Nam,Hà Nội,30,2,0
C05150,29,Nữ,TP HCM,41,1,0
C05151,37,Nữ,Hà Nội,9,0,1
C05152,53,Nam,Hải Phòng,57,2,1
C05153,27,Nam,TP HCM,17,2,1
C05154,65,Nữ,TP HCM,47,0,0
C05155,42,Nữ,Hà Nội,7,1,0
C05156,52,Nam,Đà Nẵng,18,1,1
C05157,48,Nữ,Hà Nội,55,1,0
C05158,59,Nam,Cần Thơ,27,2,0
C05159,38,Nữ,Hà Nội,10,1,0
C05160,25,Nữ,TP HCM,38,2,0
C05161,25,Nữ,Cần Thơ,56,1,0
C05162,43,Nam,TP HCM,41,2,1
C05163,62,Nữ,TP HCM,32,1,0
C05164,57,Nam,TP HCM,1,2,0
C05165,47,Nam,TP HCM,21,1,0
C05166,24,Nam,Hải Phòng,56,2,1
C05167,58,Nữ,Hà Nội,33,2,0
C05168,29,Nam,TP HCM,43,0,0
C05169,48,Nam,TP HCM,55,2,1
C05170,27,Nam,Đà Nẵng,42,2,1
C05171,39,Nam,Hà Nội,27,2,1
C05172,21,Nữ,Hà Nội,40,1,0
C05173,60,Nam,Cần Thơ,49,1,1
C05174,40,Nam,Hải Phòng,39,1,0
C05175,65,Nam,Đà Nẵng,53,1,0
C05176,54,Nữ,Đà Nẵng,47,0,0
C05177,47,Nữ,TP HCM,50,1,0
C05178,54,Nữ,TP HCM,20,1,1
C05179,65,Nữ,Cần Thơ,27,0,0
C05180,41,Nam,Hà Nội,14,0,0
C05181,41,Nam,TP HCM,11,1,0
C05182,61,Nữ,Cần Thơ,22,2,1
C05183,47,Nữ,Đà Nẵng,11,2,1
C05184,40,Nữ,Cần Thơ,29,6,1
C05185,68,Nam,TP HCM,55,2,1
C05186,56,Nam,TP HCM,14,1,1
C05187,64,Nữ,Hải Phòng,23,0,0
C05188,56,Nam,Hải Phòng,10,1,1
C05189,26,Nam,TP HCM,6,2,1
C05190,38,Nữ,Đà Nẵng,33,0,0
C05191,34,Nữ,TP HCM,5,2,1
C05192,29,Nam,Hà Nội,15,0,0
C05193,29,Nữ,Đà Nẵng,39,0,1
C05194,70,Nam,Hà Nội,41,2,1
C05195,32,Nữ,TP HCM,18,4,1
C05196,55,Nữ,Đà Nẵng,49,0,0
C05197,61,Nam,Hải Phòng,52,3,1
C05198,53,Nam,TP HCM,35,5,1
C05199,24,Nam,Hà Nội,11,1,1
C05200,50,Nam,TP HCM,51,2,0
C05201,22,Nam,Hải Phòng,37,1,0
C05202,44,Nữ,TP HCM,35,4,0
C05203,19,Nam,Cần Thơ,48,2,1
C05204,26,Nam,Hà Nội,53,0,0
C05205,26,Nữ,Hải Phòng,31,1,0
C05206,35,Nữ,Đà Nẵng,20,1,0
C05207,49,Nam,Đà Nẵng,8,0,1
C05208,52,Nam,Cần Thơ,51,0,0
C05209,60,Nữ,Cần Thơ,1,3,0
C05210,22,Nam,Hải Phòng,24,1,0
C05211,47,Nữ,Cần Thơ,40,0,0
C05212,59,Nữ,TP HCM,17,1,1
C05213,66,Nữ,Hà Nội,27,2,0
C05214,35,Nữ,Hà Nội,11,0,0
C05215,57,Nữ,Hà Nội,42,1,0
C05216,37,Nữ,TP HCM,11,1,0
C05217,50,Nam,Cần Thơ,3,3,1
C05218,48,Nữ,TP HCM,21,2,1
C05219,53,Nữ,TP HCM,26,1,1
C05220,21,Nữ,TP HCM,34,1,0
C05221,33,Nam,TP HCM,21,0,0
C05222,25,Nữ,TP HCM,29,1,0
C05223,35,Nam,TP HCM,50,1,0
C05224,69,Nữ,Hải Phòng,24,2,0
C05225,51,Nam,Hà Nội,52,3,1
C05226,70,Nữ,TP HCM,40,0,1
C05227,51,Nữ,Đà Nẵng,45,1,0
C05228,58,Nữ,Hà Nội,46,1,1
C05229,48,Nam,Hải Phòng,47,0,1
C05230,22,Nam,Hà Nội,19,4,1
C05231,29,Nữ,TP HCM,10,2,0
C05232,37,Nữ,TP HCM,42,1,0
C05233,56,Nữ,TP HCM,4,1,0
C05234,52,Nam,Cần Thơ,24,0,1
C05235,30,Nam,Hà Nội,48,3,0
C05236,50,Nữ,Hà Nội,27,1,0
C05237,36,Nam,Hà Nội,42,1,1
C05238,34,Nam,Hà Nội,20,2,0
C05239,51,Nữ,Hà Nội,19,0,0
C05240,33,Nữ,Hải Phòng,43,2,0
C05241,39,Nữ,Hà Nội,46,1,0
C05242,58,Nữ,TP HCM,50,1,1
C05243,51,Nam,Hà Nội,25,0,1
C05244,37,Nam,TP HCM,42,0,0
C05245,38,Nam,Đà Nẵng,12,0,1
C05246,35,Nữ,Hải Phòng,40,0,0
C05247,29,Nữ,TP HCM,45,1,0
C05248,23,Nữ,Đà Nẵng,54,1,0
C05249,20,Nam,Cần Thơ,39,1,0
C05250,29,Nữ,TP HCM,22,1,0
C05251,56,Nữ,Cần Thơ,41,2,0
C05252,63,Nam,Hà Nội,7,1,0
C05253,23,Nam,TP HCM,11,2,1
C05254,22,Nữ,Hà Nội,27,2,1
C05255,41,Nam,Hà Nội,30,2,0
C05256,46,Nữ,Hà Nội,59,0,0
C05257,51,Nam,Hà Nội,44,0,0
C05258,52,Nữ,TP HCM,59,2,1
C05259,24,Nữ,Hà Nội,27,0,0
C05260,45,Nam,Hà Nội,49,3,0
C05261,49,Nữ,Hà Nội,31,1,1
C05262,39,Nữ,Đà Nẵng,1,1,0
C05263,62,Nữ,Cần Thơ,11,1,0
C05264,31,Nam,Hà Nội,32,1,0
C05265,22,Nữ,TP HCM,51,0,0
C05266,48,Nam,Hải Phòng,1,1,1
C05267,37,Nữ,TP HCM,11,2,1
C05268,66,Nữ,Hà Nội,34,0,0
C05269,43,Nam,Hà Nội,11,0,1
C05270,52,Nam,TP HCM,36,0,0
C05271,48,Nữ,Đà Nẵng,31,2,0
C05272,46,Nam,Hà Nội,18,1,1
C05273,63,Nữ,Hải Phòng,46,1,0
C05274,27,Nữ,Cần Thơ,44,1,1
C05275,46,Nữ,Hải Phòng,38,2,0
C05276,19,Nữ,TP HCM,59,3,0
C05277,69,Nam,TP HCM,31,2,1
C05278,49,Nữ,Hà Nội,48,2,0
C05279,60,Nam,TP HCM,21,4,1
C05280,70,Nam,Đà Nẵng,37,4,1
C05281,57,Nam,TP HCM,55,2,0
C05282,47,Nam,Cần Thơ,51,1,1
C05283,58,Nam,Hải Phòng,56,2,0
C05284,51,Nam,Đà Nẵng,29,3,0
C05285,48,Nam,Hà Nội,47,0,0
C05286,24,Nam,Hà Nội,7,1,1
C05287,51,Nữ,TP HCM,33,0,1
C05288,70,Nữ,Hà Nội,4,1,0
C05289,35,Nam,Cần Thơ,33,1,0
C05290,55,Nam,TP HCM,32,0,1
C05291,33,Nam,Hà Nội,54,0,0
C05292,64,Nam,TP HCM,36,0,0
C05293,32,Nam,Đà Nẵng,51,0,0
C05294,41,Nam,Hà Nội,25,0,0
C05295,40,Nam,TP HCM,15,0,0
C05296,62,Nữ,Hà Nội,56,1,0
C05297,38,Nữ,TP HCM,6,1,1
C05298,33,Nữ,Hải Phòng,36,1,0
C05299,29,Nam,Hà Nội,4,0,1
C05300,56,Nữ,Hà Nội,16,1,1
C05301,38,Nữ,Hà Nội,24,0,1
C05302,19,Nữ,TP HCM,56,2,1
C05303,20,Nữ,TP HCM,29,0,0
C05304,27,Nam,TP HCM,21,0,0
C05305,43,Nữ,Hà Nội,1,1,0
C05306,28,Nam,Cần Thơ,46,1,0
C05307,18,Nữ,TP HCM,2,2,0
C05308,56,Nam,Đà Nẵng,49,2,0
C05309,46,Nữ,TP HCM,38,0,1
C05310,52,Nữ,Hà Nội,47,1,0
C05311,63,Nữ,TP HCM,21,2,1
C05312,36,Nữ,Cần Thơ,54,0,0
C05313,61,Nữ,Hà Nội,49,0,1
C05314,38,Nam,TP HCM,46,0,0
C05315,67,Nữ,TP HCM,48,1,0
C05316,32,Nữ,Hà Nội,38,2,1
C05317,69,Nam,Cần Thơ,23,1,0
C05318,31,Nữ,Hà Nội,37,2,1
C05319,56,Nam,TP HCM,54,0,0
C05320,37,Nam,Hải Phòng,21,0,0
C05321,40,Nam,Hà Nội,24,0,1
C05322,21,Nữ,TP HCM,31,0,1
C05323,32,Nữ,Cần Thơ,50,3,0
C05324,21,Nam,TP HCM,2,1,1
C05325,70,Nữ,TP HCM,45,2,1
C05326,38,Nữ,Hà Nội,45,0,1
C05327,38,Nam,Đà Nẵng,1,1,1
C05328,28,Nữ,Hà Nội,20,2,1
C05329,42,Nữ,Cần Thơ,17,2,1
C05330,29,Nữ,Cần Thơ,26,2,1
C05331,54,Nữ,TP HCM,60,0,0
C05332,70,Nữ,TP HCM,14,1,0
C05333,49,Nam,Đà Nẵng,25,2,0
C05334,28,Nam,TP HCM,35,3,1
C05335,58,Nữ,Đà Nẵng,18,1,0
C05336,32,Nữ,TP HCM,27,1,0
C05337,35,Nam,Đà Nẵng,42,2,0
C05338,26,Nam,TP HCM,34,0,0
C05339,49,Nữ,TP HCM,5,0,1
C05340,23,Nữ,TP HCM,25,0,0
C05341,69,Nam,Đà Nẵng,5,2,1
C05342,63,Nam,TP HCM,28,4,1
C05343,26,Nam,Hà Nội,21,2,1
C05344,68,Nữ,Hà Nội,36,0,0
C05345,59,Nam,TP HCM,23,2,0
C05346,23,Nữ,Hải Phòng,49,0,0
C05347,30,Nữ,Hà Nội,45,3,1
C05348,38,Nam,Đà Nẵng,43,2,0
C05349,28,Nam,Hà Nội,18,0,0
C05350,58,Nữ,TP HCM,16,3,1
C05351,50,Nam,Hà Nội,19,2,0
C05352,62,Nữ,Hải Phòng,37,2,0
C05353,60,Nam,Cần Thơ,3,0,0
C05354,58,Nữ,Hải Phòng,17,4,1
C05355,62,Nam,Cần Thơ,46,2,1
C05356,44,Nữ,Đà Nẵng,60,2,0
C05357,66,Nam,TP HCM,11,1,1
C05358,22,Nữ,Hà Nội,27,1,1
C05359,65,Nam,TP HCM,51,0,0
C05360,21,Nam,Cần Thơ,60,2,0
C05361,46,Nữ,Hà Nội,53,3,1
C05362,29,Nam,TP HCM,57,2,0
C05363,21,Nam,Cần Thơ,33,1,1
C05364,38,Nữ,Cần Thơ,55,2,0
C05365,38,Nam,Hải Phòng,55,0,0
C05366,38,Nữ,Đà Nẵng,32,1,0
C05367,26,Nam,TP HCM,56,2,0
C05368,56,Nam,Hà Nội,15,0,0
C05369,53,Nam,Hà Nội,11,1,1
C05370,66,Nữ,TP HCM,12,0,1
C05371,37,Nữ,Đà Nẵng,41,1,0
C05372,44,Nam,Hà Nội,49,0,0
C05373,36,Nam,Cần Thơ,19,1,1
C05374,56,Nam,TP HCM,55,1,0
C05375,57,Nữ,TP HCM,47,2,0
C05376,51,Nữ,Đà Nẵng,41,1,0
C05377,63,Nam,TP HCM,20,1,1
C05378,49,Nữ,TP HCM,7,0,1
C05379,63,Nam,Hải Phòng,9,3,1
C05380,50,Nam,TP HCM,36,1,0
C05381,34,Nữ,Hà Nội,60,0,0
C05382,57,Nam,Hà Nội,56,0,1
C05383,23,Nam,Hà Nội,50,0,0
C05384,55,Nam,Hà Nội,32,0,0
C05385,66,Nam,Hà Nội,50,0,0
C05386,47,Nam,Đà Nẵng,46,4,1
C05387,50,Nữ,Hà Nội,30,2,0
C05388,63,Nữ,TP HCM,44,3,0
C05389,44,Nữ,Cần Thơ,22,1,1
C05390,65,Nữ,Hà Nội,43,2,0
C05391,27,Nam,Hà Nội,35,2,1
C05392,19,Nữ,Cần Thơ,36,4,0
C05393,67,Nam,TP HCM,19,0,0
C05394,19,Nam,Hà Nội,58,3,0
C05395,55,Nam,Hải Phòng,36,1,0
C05396,66,Nam,Cần Thơ,54,2,1
C05397,28,Nữ,Hà Nội,59,0,0
C05398,26,Nữ,Đà Nẵng,11,0,0
C05399,67,Nữ,TP HCM,7,1,1
C05400,42,Nam,Hà Nội,42,1,1
C05401,30,Nam,Hà Nội,27,0,0
C05402,58,Nam,TP HCM,13,3,1
C05403,58,Nam,Hà Nội,60,2,0
C05404,47,Nữ,Hà Nội,23,0,0
C05405,37,Nữ,Hà Nội,1,1,1
C05406,40,Nam,Hà Nội,39,2,1
C05407,28,Nam,Đà Nẵng,51,0,0
C05408,65,Nam,Hải Phòng,48,0,0
C05409,26,Nữ,TP HCM,30,0,0
C05410,29,Nam,Hà Nội,22,0,0
C05411,54,Nữ,Đà Nẵng,14,0,0
C05412,36,Nữ,Cần Thơ,56,0,0
C05413,38,Nữ,TP HCM,9,1,0
C05414,35,Nữ,TP HCM,52,0,0
C05415,41,Nam,TP HCM,17,1,1
C05416,53,Nữ,Đà Nẵng,12,1,1
C05417,28,Nam,TP HCM,50,3,0
C05418,55,Nam,Cần Thơ,35,4,1
C05419,54,Nữ,TP HCM,1,1,0
C05420,24,Nam,TP HCM,25,1,1
C05421,54,Nữ,Cần Thơ,26,0,0
C05422,55,Nam,Hà Nội,5,2,1
C05423,29,Nam,TP HCM,5,0,1
C05424,25,Nam,Hải Phòng,42,1,1
C05425,59,Nữ,TP HCM,40,1,0
C05426,32,Nam,Đà Nẵng,52,2,0
C05427,56,Nam,Hà Nội,25,0,0
C05428,23,Nam,Đà Nẵng,55,0,0
C05429,60,Nữ,TP HCM,12,1,1
C05430,41,Nữ,Hải Phòng,47,0,0
C05431,25,Nam,Đà Nẵng,48,3,0
C05432,53,Nữ,Hà Nội,17,1,1
C05433,19,Nữ,TP HCM,51,2,1
C05434,39,Nữ,Đà Nẵng,20,1,1
C05435,47,Nữ,TP HCM,8,0,1
C05436,44,Nam,Hà Nội,51,0,1
C05437,35,Nam,TP HCM,14,1,1
C05438,53,Nam,Hà Nội,41,0,1
C05439,59,Nam,TP HCM,55,0,1
C05440,45,Nữ,Hà Nội,17,1,0
C05441,32,Nữ,Hà Nội,5,2,1
C05442,20,Nữ,Hà Nội,12,0,1
C05443,57,Nữ,Đà Nẵng,52,3,0
C05444,64,Nam,Đà Nẵng,41,1,0
C05445,19,Nam,Hải Phòng,48,2,1
C05446,24,Nam,Hà Nội,47,0,1
C05447,69,Nữ,Đà Nẵng,50,2,0
C05448,52,Nữ,TP HCM,51,1,0
C05449,21,Nữ,Hà Nội,1,1,1
C05450,26,Nữ,TP HCM,26,2,1
C05451,27,Nữ,Đà Nẵng,38,4,1
C05452,35,Nữ,Hà Nội,58,2,1
C05453,53,Nam,TP HCM,22,1,0
C05454,29,Nữ,Hà Nội,7,0,0
C05455,47,Nam,Hà Nội,16,1,0
C05456,25,Nam,Hà Nội,58,1,0
C05457,51,Nữ,Hà Nội,30,0,0
C05458,31,Nữ,Hải Phòng,33,0,0
C05459,20,Nam,Hà Nội,34,0,1
C05460,69,Nữ,Hà Nội,9,1,1
C05461,29,Nữ,Cần Thơ,34,2,0
C05462,55,Nữ,Cần Thơ,27,1,0
C05463,40,Nam,Cần Thơ,3,3,0
C05464,54,Nam,Hải Phòng,21,1,0
C05465,56,Nữ,Hà Nội,11,0,0
C05466,59,Nữ,TP HCM,40,2,1
C05467,20,Nữ,Hà Nội,42,1,1
C05468,33,Nam,Đà Nẵng,43,0,0
C05469,29,Nữ,TP HCM,3,3,0
C05470,26,Nữ,TP HCM,10,1,0
C05471,32,Nam,Cần Thơ,37,1,0
C05472,43,Nữ,Hà Nội,8,3,1
C05473,68,Nữ,TP HCM,29,0,1
C05474,50,Nữ,Hải Phòng,21,0,0
C05475,65,Nam,TP HCM,12,1,1
C05476,62,Nam,Hà Nội,7,0,1
C05477,47,Nữ,TP HCM,41,0,1
C05478,64,Nữ,TP HCM,37,0,1
C05479,27,Nam,Hà Nội,55,2,1
C05480,63,Nữ,Hà Nội,29,2,1
C05481,33,Nam,Hải Phòng,28,0,0
C05482,61,Nam,TP HCM,2,0,1
C05483,38,Nam,Hải Phòng,31,0,1
C05484,55,Nữ,Đà Nẵng,25,0,0
C05485,32,Nữ,TP HCM,16,0,0
C05486,60,Nam,TP HCM,54,2,1
C05487,64,Nam,TP HCM,38,2,1
C05488,68,Nam,TP HCM,2,2,1
C05489,19,Nam,TP HCM,22,1,0
C05490,58,Nam,Hà Nội,1,1,0
C05491,19,Nam,Hà Nội,49,2,0
C05492,39,Nam,Cần Thơ,43,0,0
C05493,31,Nữ,Hà Nội,50,0,0
C05494,28,Nam,Cần Thơ,21,2,1
C05495,41,Nữ,TP HCM,44,0,0
C05496,51,Nam,Hà Nội,14,2,1
C05497,30,Nam,Hà Nội,39,0,0
C05498,19,Nữ,Hà Nội,47,3,0
C05499,68,Nữ,Cần Thơ,6,1,1
C05500,32,Nam,Hà Nội,44,0,1
C05501,26,Nam,Hà Nội,4,1,0
C05502,37,Nam,Hà Nội,53,0,0
C05503,65,Nữ,Đà Nẵng,25,1,1
C05504,58,Nam,Đà Nẵng,55,3,1
C05505,69,Nữ,TP HCM,43,1,0
C05506,70,Nữ,Đà Nẵng,16,0,0
C05507,64,Nữ,TP HCM,29,0,1
C05508,22,Nữ,TP HCM,26,2,0
C05509,20,Nữ,Hà Nội,8,0,0
C05510,35,Nữ,Hà Nội,1,2,0
C05511,42,Nữ,Hải Phòng,9,2,0
C05512,24,Nam,TP HCM,51,1,0
C05513,45,Nữ,Hà Nội,53,0,0
C05514,31,Nữ,TP HCM,19,1,0
C05515,36,Nam,TP HCM,16,2,1
C05516,32,Nam,Đà Nẵng,3,0,1
C05517,38,Nam,TP HCM,28,1,1
C05518,23,Nam,Hải Phòng,25,0,1
C05519,35,Nữ,TP HCM,29,2,0
C05520,20,Nam,Đà Nẵng,28,1,1
C05521,52,Nam,Đà Nẵng,46,1,0
C05522,45,Nữ,Cần Thơ,5,1,1
C05523,31,Nữ,Hà Nội,43,1,0
C05524,26,Nữ,Hà Nội,48,1,0
C05525,60,Nữ,Hà Nội,18,2,0
C05526,38,Nữ,TP HCM,29,1,0
C05527,35,Nam,Hà Nội,46,1,1
C05528,56,Nữ,TP HCM,23,1,1
C05529,69,Nam,Đà Nẵng,5,2,0
C05530,56,Nữ,TP HCM,45,3,1
C05531,41,Nữ,Hải Phòng,46,0,0
C05532,20,Nữ,Đà Nẵng,54,0,0
C05533,45,Nam,Hà Nội,45,2,0
C05534,56,Nam,TP HCM,3,1,0
C05535,66,Nam,Hà Nội,36,2,0
C05536,51,Nam,TP HCM,25,1,1
C05537,36,Nam,Đà Nẵng,14,1,0
C05538,29,Nữ,Hà Nội,43,1,0
C05539,42,Nữ,Hải Phòng,19,2,1
C05540,57,Nam,TP HCM,14,0,1
C05541,35,Nam,TP HCM,56,2,1
C05542,64,Nữ,TP HCM,46,0,0
C05543,31,Nam,TP HCM,44,3,0
C05544,33,Nam,Đà Nẵng,27,3,0
C05545,68,Nữ,TP HCM,50,2,0
C05546,37,Nữ,Cần Thơ,32,1,0
C05547,23,Nam,Đà Nẵng,9,2,1
C05548,66,Nữ,Hà Nội,34,0,0
C05549,52,Nữ,Đà Nẵng,39,3,1
C05550,62,Nữ,Cần Thơ,26,4,1
C05551,28,Nam,Hải Phòng,56,3,1
C05552,28,Nam,TP HCM,23,3,1
C05553,36,Nữ,TP HCM,10,0,1
C05554,20,Nữ,Cần Thơ,14,2,0
C05555,35,Nam,Hải Phòng,23,0,1
C05556,53,Nữ,TP HCM,57,0,0
C05557,32,Nữ,Hải Phòng,12,1,0
C05558,27,Nữ,Hà Nội,57,0,0
C05559,22,Nam,Hà Nội,41,1,1
C05560,59,Nam,Hà Nội,5,0,1
C05561,24,Nữ,Hải Phòng,35,0,0
C05562,51,Nữ,Hà Nội,46,1,1
C05563,58,Nam,Hà Nội,33,1,0
C05564,28,Nam,Hải Phòng,56,2,0
C05565,49,Nam,Hà Nội,40,0,1
C05566,32,Nam,TP HCM,2,1,1
C05567,37,Nữ,TP HCM,24,4,1
C05568,52,Nữ,TP HCM,50,1,0
C05569,29,Nam,Đà Nẵng,15,1,1
C05570,36,Nữ,Đà Nẵng,8,1,1
C05571,54,Nam,Hải Phòng,6,1,1
C05572,64,Nữ,TP HCM,10,1,0
C05573,69,Nam,Đà Nẵng,3,0,0
C05574,65,Nam,Hải Phòng,29,2,0
C05575,46,Nữ,Đà Nẵng,44,2,1
C05576,70,Nam,TP HCM,49,3,1
C05577,66,Nam,Hà Nội,54,1,0
C05578,67,Nam,TP HCM,6,1,0
C05579,60,Nam,Hà Nội,19,0,0
C05580,55,Nam,Hà Nội,49,0,0
C05581,22,Nữ,TP HCM,7,1,0
C05582,41,Nam,TP HCM,31,0,0
C05583,51,Nam,TP HCM,35,0,1
C05584,41,Nữ,TP HCM,24,2,0
C05585,40,Nữ,TP HCM,59,1,0
C05586,57,Nam,Hà Nội,51,0,0
C05587,29,Nam,TP HCM,5,0,1
C05588,54,Nữ,TP HCM,33,3,0
C05589,69,Nam,Hà Nội,5,2,0
C05590,53,Nữ,TP HCM,41,2,1
C05591,45,Nữ,Hà Nội,36,0,0
C05592,61,Nam,TP HCM,16,1,1
C05593,67,Nam,TP HCM,2,2,1
C05594,44,Nữ,Đà Nẵng,27,3,0
C05595,23,Nam,Hải Phòng,5,0,1
C05596,47,Nữ,Đà Nẵng,36,1,0
C05597,67,Nữ,Hà Nội,32,1,1
C05598,38,Nam,Hải Phòng,32,2,1
C05599,38,Nữ,Hà Nội,59,1,0
C05600,69,Nam,Cần Thơ,53,0,1
C05601,70,Nam,Hà Nội,31,1,0
C05602,38,Nam,Hải Phòng,42,2,0
C05603,60,Nữ,Cần Thơ,42,2,0
C05604,39,Nam,Cần Thơ,33,1,0
C05605,45,Nam,Hải Phòng,58,1,0
C05606,25,Nữ,TP HCM,39,1,0
C05607,27,Nữ,Hà Nội,47,0,1
C05608,49,Nam,Đà Nẵng,49,1,0
C05609,47,Nữ,Hà Nội,26,0,0
C05610,19,Nam,Hà Nội,38,2,1
C05611,43,Nam,TP HCM,30,4,1
C05612,24,Nữ,TP HCM,34,1,0
C05613,53,Nữ,Hà Nội,4,0,1
C05614,21,Nữ,TP HCM,44,1,1
C05615,29,Nữ,Hà Nội,23,0,1
C05616,65,Nam,Cần Thơ,50,1,0
C05617,67,Nam,Cần Thơ,52,1,0
C05618,29,Nữ,Hà Nội,48,1,0
C05619,23,Nam,Đà Nẵng,4,2,1
C05620,69,Nữ,Hải Phòng,42,0,0
C05621,63,Nữ,Hải Phòng,15,0,0
C05622,60,Nam,Hà Nội,35,2,0
C05623,45,Nam,Hải Phòng,8,2,1
C05624,25,Nữ,TP HCM,37,1,1
C05625,52,Nam,Đà Nẵng,13,1,0
C05626,37,Nam,Hải Phòng,38,1,0
C05627,36,Nữ,TP HCM,51,1,1
C05628,21,Nữ,Hà Nội,49,2,0
C05629,43,Nữ,Cần Thơ,36,3,1
C05630,64,Nữ,Hải Phòng,28,0,0
C05631,57,Nam,Cần Thơ,50,1,1
C05632,25,Nam,Hà Nội,60,0,0
C05633,18,Nữ,Hà Nội,2,1,1
C05634,34,Nam,Đà Nẵng,39,2,1
C05635,65,Nữ,Hà Nội,10,1,1
C05636,67,Nam,Hà Nội,39,2,1
C05637,22,Nam,Đà Nẵng,27,0,1
C05638,35,Nam,Đà Nẵng,42,2,1
C05639,26,Nữ,TP HCM,58,1,0
C05640,52,Nam,TP HCM,56,2,0
C05641,24,Nam,Đà Nẵng,40,2,0
C05642,64,Nam,TP HCM,57,0,0
C05643,43,Nữ,Hải Phòng,54,2,1
C05644,22,Nữ,TP HCM,15,4,1
C05645,32,Nam,Đà Nẵng,51,1,0
C05646,57,Nữ,Hải Phòng,23,2,0
C05647,58,Nam,Hải Phòng,34,2,1
C05648,26,Nam,TP HCM,21,0,0
C05649,48,Nữ,Hải Phòng,41,0,0
C05650,37,Nam,Hà Nội,4,2,1
C05651,40,Nam,Hải Phòng,23,1,0
C05652,48,Nữ,TP HCM,6,1,0
C05653,44,Nam,Cần Thơ,38,2,0
C05654,53,Nam,TP HCM,14,0,1
C05655,43,Nam,TP HCM,5,1,1
C05656,61,Nam,TP HCM,53,2,0
C05657,63,Nữ,Hà Nội,40,0,1
C05658,19,Nam,Hà Nội,27,0,1
C05659,51,Nam,Hà Nội,50,0,0
C05660,68,Nữ,Cần Thơ,31,2,0
C05661,57,Nữ,Hà Nội,33,2,0
C05662,47,Nam,Đà Nẵng,50,2,0
C05663,50,Nam,Hà Nội,35,6,1
C05664,19,Nữ,TP HCM,46,2,1
C05665,43,Nam,TP HCM,50,0,0
C05666,46,Nam,Hải Phòng,30,3,1
C05667,69,Nam,TP HCM,3,0,1
C05668,65,Nữ,Hà Nội,51,0,0
C05669,47,Nữ,Đà Nẵng,17,4,0
C05670,31,Nữ,Đà Nẵng,21,3,0
C05671,45,Nam,TP HCM,51,0,1
C05672,42,Nam,TP HCM,58,0,0
C05673,36,Nam,Cần Thơ,42,3,0
C05674,59,Nam,Cần Thơ,30,2,1
C05675,67,Nam,TP HCM,28,1,0
C05676,46,Nam,TP HCM,28,0,1
C05677,68,Nữ,Hà Nội,25,1,0
C05678,31,Nam,Hà Nội,14,0,0
C05679,24,Nữ,Hải Phòng,41,4,1
C05680,52,Nữ,TP HCM,58,0,0
C05681,61,Nam,TP HCM,42,1,0
C05682,61,Nữ,Hà Nội,47,1,1
C05683,37,Nữ,Hà Nội,44,2,0
C05684,31,Nam,Hải Phòng,47,0,0
C05685,48,Nữ,Đà Nẵng,37,0,0
C05686,52,Nữ,Hải Phòng,52,1,0
C05687,24,Nữ,Hà Nội,28,0,0
C05688,45,Nam,TP HCM,59,2,0
C05689,54,Nữ,TP HCM,46,0,0
C05690,43,Nam,Hà Nội,4,0,0
C05691,22,Nam,TP HCM,13,2,0
C05692,60,Nữ,TP HCM,32,2,0
C05693,59,Nam,Hà Nội,11,0,0
C05694,59,Nữ,TP HCM,13,2,1
C05695,18,Nam,TP HCM,57,2,0
C05696,51,Nam,TP HCM,35,1,0
C05697,20,Nữ,Hà Nội,37,3,1
C05698,21,Nam,TP HCM,4,3,1
C05699,19,Nữ,Hải Phòng,49,2,1
C05700,60,Nam,Hải Phòng,36,4,1
C05701,30,Nữ,Hà Nội,56,1,1
C05702,20,Nam,Hà Nội,13,3,0
C05703,35,Nam,TP HCM,23,2,0
C05704,40,Nữ,TP HCM,54,1,1
C05705,25,Nữ,TP HCM,35,1,1
C05706,53,Nam,Đà Nẵng,14,1,1
C05707,19,Nữ,Cần Thơ,54,2,0
C05708,51,Nữ,Đà Nẵng,55,3,0
C05709,19,Nữ,Hà Nội,22,2,1
C05710,70,Nữ,Hải Phòng,55,1,0
C05711,41,Nữ,Cần Thơ,9,2,0
C05712,53,Nam,TP HCM,13,0,1
C05713,24,Nam,Hải Phòng,26,1,0
C05714,56,Nữ,Hải Phòng,51,2,0
C05715,61,Nam,TP HCM,4,2,1
C05716,55,Nam,Hà Nội,32,1,0
C05717,18,Nam,Hà Nội,6,3,1
C05718,24,Nam,Hà Nội,40,1,0
C05719,66,Nữ,TP HCM,59,1,0
C05720,49,Nam,TP HCM,8,2,0
C05721,65,Nữ,Hà Nội,8,2,1
C05722,56,Nữ,Đà Nẵng,28,0,1
C05723,23,Nữ,Hải Phòng,55,1,0
C05724,59,Nam,Hà Nội,29,1,1
C05725,34,Nam,Hà Nội,5,1,1
C05726,19,Nam,Hải Phòng,4,1,0
C05727,57,Nam,TP HCM,18,0,0
C05728,37,Nữ,Hà Nội,53,2,1
C05729,44,Nữ,TP HCM,27,2,1
C05730,25,Nữ,TP HCM,15,0,1
C05731,50,Nữ,TP HCM,43,2,1
C05732,24,Nam,Hà Nội,10,0,0
C05733,68,Nữ,Đà Nẵng,31,0,1
C05734,59,Nam,Hà Nội,56,0,0
C05735,47,Nữ,Hà Nội,8,2,1
C05736,41,Nữ,TP HCM,29,0,0
C05737,22,Nữ,TP HCM,36,2,0
C05738,44,Nam,TP HCM,15,2,1
C05739,34,Nữ,TP HCM,58,3,0
C05740,36,Nữ,Hà Nội,37,2,0
C05741,61,Nữ,TP HCM,33,0,0
C05742,62,Nam,TP HCM,49,0,1
C05743,21,Nam,Hà Nội,2,1,1
C05744,66,Nữ,TP HCM,40,3,0
C05745,29,Nam,TP HCM,20,0,0
C05746,70,Nữ,TP HCM,18,2,0
C05747,20,Nam,Hà Nội,43,1,0
C05748,36,Nam,TP HCM,21,0,1
C05749,70,Nam,Cần Thơ,13,2,0
C05750,26,Nam,Hà Nội,45,1,0
C05751,43,Nam,Hà Nội,53,2,0
C05752,68,Nữ,TP HCM,21,2,0
C05753,39,Nam,Hải Phòng,41,2,1
C05754,56,Nam,Hà Nội,59,2,1
C05755,50,Nữ,TP HCM,56,1,0
C05756,20,Nam,TP HCM,38,0,1
C05757,53,Nam,Hải Phòng,28,1,0
C05758,53,Nữ,TP HCM,19,0,0
C05759,23,Nữ,TP HCM,16,1,0
C05760,55,Nam,TP HCM,26,3,0
C05761,56,Nữ,Hà Nội,43,0,0
C05762,44,Nam,TP HCM,47,3,1
C05763,48,Nam,TP HCM,11,4,0
C05764,21,Nữ,Hà Nội,59,4,1
C05765,58,Nữ,Cần Thơ,24,1,1
C05766,39,Nữ,Cần Thơ,24,2,0
C05767,54,Nam,TP HCM,31,0,1
C05768,34,Nữ,TP HCM,39,1,0
C05769,66,Nam,TP HCM,37,0,1
C05770,59,Nữ,Hà Nội,44,3,1
C05771,34,Nữ,Hà Nội,1,2,1
C05772,18,Nữ,TP HCM,30,3,1
C05773,25,Nữ,Đà Nẵng,2,1,0
C05774,70,Nữ,Cần Thơ,33,0,1
C05775,43,Nam,TP HCM,22,2,1
C05776,53,Nữ,Hà Nội,54,0,0
C05777,63,Nam,TP HCM,20,1,1
C05778,41,Nam,Hà Nội,60,0,0
C05779,21,Nam,Đà Nẵng,47,0,0
C05780,37,Nữ,Đà Nẵng,48,2,0
C05781,63,Nữ,Hà Nội,53,1,0
C05782,47,Nữ,TP HCM,32,2,1
C05783,69,Nam,Hà Nội,27,2,0
C05784,50,Nam,TP HCM,57,4,1
C05785,28,Nam,Hà Nội,19,3,1
C05786,22,Nữ,TP HCM,45,0,1
C05787,31,Nữ,TP HCM,59,3,1
C05788,30,Nam,Đà Nẵng,36,3,1
C05789,66,Nữ,Hà Nội,6,0,1
C05790,32,Nam,TP HCM,20,0,0
C05791,34,Nam,TP HCM,57,1,0
C05792,27,Nữ,TP HCM,55,0,0
C05793,37,Nữ,TP HCM,10,1,0
C05794,23,Nữ,TP HCM,6,2,1
C05795,18,Nam,Đà Nẵng,27,0,1
C05796,63,Nam,Hà Nội,45,2,0
C05797,64,Nữ,TP HCM,19,2,0
C05798,48,Nữ,TP HCM,48,3,1
C05799,55,Nữ,TP HCM,44,1,1
C05800,51,Nam,Hà Nội,48,0,0
C05801,46,Nam,Hà Nội,55,0,0
C05802,18,Nam,Hà Nội,41,1,0
C05803,67,Nam,Đà Nẵng,29,0,1
C05804,44,Nam,Đà Nẵng,12,1,1
C05805,59,Nam,TP HCM,58,0,0
C05806,33,Nữ,Hà Nội,8,0,1
C05807,65,Nam,Hải Phòng,27,3,0
C05808,46,Nam,Cần Thơ,59,0,0
C05809,52,Nam,Cần Thơ,34,1,0
C05810,57,Nam,Hà Nội,7,0,0
C05811,61,Nam,Cần Thơ,17,0,0
C05812,46,Nam,Hải Phòng,23,0,0
C05813,68,Nam,Hà Nội,53,1,0
C05814,67,Nam,Cần Thơ,19,0,0
C05815,47,Nữ,Đà Nẵng,9,3,1
C05816,67,Nam,TP HCM,9,0,1
C05817,70,Nam,TP HCM,32,4,0
C05818,25,Nam,TP HCM,49,3,1
C05819,60,Nữ,Hà Nội,11,1,1
C05820,26,Nam,Hải Phòng,43,1,0
C05821,62,Nam,Cần Thơ,52,0,1
C05822,18,Nam,TP HCM,49,1,1
C05823,53,Nam,TP HCM,24,0,1
C05824,49,Nữ,Hải Phòng,50,1,0
C05825,51,Nam,Hà Nội,28,2,0
C05826,59,Nam,TP HCM,29,2,0
C05827,22,Nam,TP HCM,25,4,0
C05828,48,Nữ,Hà Nội,56,1,0
C05829,41,Nam,TP HCM,51,0,0
C05830,39,Nam,Hà Nội,58,0,0
C05831,37,Nam,Đà Nẵng,20,2,1
C05832,64,Nam,Đà Nẵng,18,0,0
C05833,62,Nam,TP HCM,47,0,0
C05834,69,Nam,Cần Thơ,38,0,0
C05835,44,Nam,TP HCM,22,1,1
C05836,62,Nữ,Cần Thơ,9,0,0
C05837,44,Nữ,TP HCM,17,1,1
C05838,33,Nam,TP HCM,35,0,0
C05839,30,Nữ,Đà Nẵng,44,1,0
C05840,55,Nữ,Đà Nẵng,13,1,1
C05841,68,Nam,Đà Nẵng,12,1,1
C05842,46,Nữ,Hà Nội,55,2,0
C05843,49,Nam,TP HCM,16,0,0
C05844,39,Nữ,Hà Nội,29,0,1
C05845,27,Nữ,TP HCM,9,2,1
C05846,31,Nữ,TP HCM,23,0,0
C05847,45,Nam,TP HCM,10,1,1
C05848,70,Nam,Hà Nội,26,1,0
C05849,54,Nữ,Hà Nội,41,1,1
C05850,33,Nữ,Hải Phòng,2,1,0
C05851,20,Nam,Hà Nội,50,2,0
C05852,33,Nữ,Hà Nội,47,1,0
C05853,69,Nữ,TP HCM,53,1,0
C05854,25,Nam,Hải Phòng,60,3,0
C05855,65,Nam,TP HCM,59,0,0
C05856,57,Nữ,Cần Thơ,50,2,1
C05857,34,Nữ,Hà Nội,18,2,1
C05858,66,Nam,Đà Nẵng,1,0,1
C05859,19,Nữ,Hải Phòng,13,0,0
C05860,69,Nữ,TP HCM,20,1,1
C05861,67,Nữ,Hải Phòng,12,1,1
C05862,27,Nam,Cần Thơ,12,2,0
C05863,54,Nữ,Cần Thơ,41,1,0
C05864,65,Nữ,Hà Nội,15,2,1
C05865,57,Nữ,Cần Thơ,14,3,1
C05866,61,Nam,Đà Nẵng,54,0,0
C05867,31,Nữ,Đà Nẵng,46,0,0
C05868,33,Nữ,Đà Nẵng,26,0,0
C05869,40,Nam,TP HCM,44,0,0
C05870,22,Nữ,TP HCM,51,2,1
C05871,18,Nữ,Hà Nội,40,0,0
C05872,26,Nữ,Hà Nội,37,1,1
C05873,27,Nam,Hà Nội,21,2,0
C05874,24,Nam,Hà Nội,38,2,0
C05875,42,Nữ,Hà Nội,26,0,0
C05876,52,Nữ,Cần Thơ,38,0,0
C05877,68,Nam,TP HCM,45,1,0
C05878,18,Nữ,Hải Phòng,42,0,0
C05879,47,Nữ,Hà Nội,46,3,1
C05880,28,Nam,Cần Thơ,44,0,0
C05881,29,Nam,TP HCM,7,3,1
C05882,18,Nữ,Hà Nội,14,0,1
C05883,51,Nam,Cần Thơ,18,1,0
C05884,64,Nam,Hà Nội,6,0,0
C05885,57,Nữ,Hà Nội,8,1,1
C05886,30,Nam,Đà Nẵng,56,2,1
C05887,23,Nữ,TP HCM,53,1,1
C05888,33,Nữ,TP HCM,9,1,1
C05889,55,Nam,Đà Nẵng,38,2,0
C05890,47,Nam,TP HCM,11,2,0
C05891,64,Nam,Hà Nội,46,1,1
C05892,65,Nữ,Hà Nội,3,2,0
C05893,57,Nam,Hà Nội,12,1,0
C05894,22,Nam,TP HCM,11,1,1
C05895,62,Nam,TP HCM,34,3,0
C05896,42,Nam,Đà Nẵng,22,1,0
C05897,34,Nữ,Hà Nội,48,1,0
C05898,43,Nam,TP HCM,2,1,1
C05899,34,Nữ,Hà Nội,41,0,0
C05900,50,Nam,TP HCM,38,0,0
C05901,42,Nam,TP HCM,51,0,0
C05902,32,Nam,Cần Thơ,35,0,0
C05903,33,Nữ,Đà Nẵng,18,0,1
C05904,66,Nữ,Cần Thơ,60,3,1
C05905,18,Nam,Hải Phòng,46,1,0
C05906,44,Nữ,Hà Nội,3,1,1
C05907,60,Nữ,TP HCM,35,0,1
C05908,35,Nam,Hà Nội,54,0,0
C05909,64,Nữ,Đà Nẵng,3,0,1
C05910,64,Nữ,Cần Thơ,2,1,1
C05911,69,Nữ,Hải Phòng,53,1,1
C05912,44,Nữ,Hà Nội,22,1,1
C05913,51,Nữ,TP HCM,24,1,1
C05914,54,Nam,Hà Nội,17,0,0
C05915,46,Nữ,TP HCM,43,1,0
C05916,45,Nữ,Hà Nội,55,0,0
C05917,60,Nữ,TP HCM,6,2,1
C05918,20,Nữ,TP HCM,34,0,0
C05919,67,Nam,TP HCM,59,1,0
C05920,19,Nữ,Hải Phòng,38,2,0
C05921,43,Nữ,Đà Nẵng,25,1,1
C05922,59,Nam,Cần Thơ,6,1,1
C05923,23,Nữ,Hải Phòng,21,1,0
C05924,22,Nữ,Hà Nội,12,2,0
C05925,56,Nữ,Hà Nội,2,1,0
C05926,37,Nữ,Hải Phòng,12,1,0
C05927,25,Nam,Hải Phòng,49,2,0
C05928,31,Nam,Hà Nội,21,0,0
C05929,66,Nam,Cần Thơ,59,1,0
C05930,66,Nữ,Đà Nẵng,47,1,1
C05931,20,Nam,TP HCM,20,0,0
C05932,54,Nam,TP HCM,36,2,0
C05933,60,Nữ,Cần Thơ,54,1,1
C05934,62,Nữ,TP HCM,60,0,0
C05935,47,Nam,Hải Phòng,23,2,0
C05936,37,Nam,Đà Nẵng,47,0,0
C05937,58,Nam,Đà Nẵng,10,0,0
C05938,26,Nam,TP HCM,17,3,0
C05939,26,Nam,TP HCM,60,3,1
C05940,51,Nam,Hải Phòng,5,1,1
C05941,40,Nữ,TP HCM,23,1,1
C05942,27,Nam,Hải Phòng,9,0,0
C05943,59,Nữ,Hà Nội,17,0,0
C05944,45,Nam,Cần Thơ,10,2,1
C05945,67,Nam,Hà Nội,25,1,1
C05946,23,Nam,TP HCM,11,1,1
C05947,61,Nữ,TP HCM,11,1,1
C05948,49,Nữ,TP HCM,56,3,1
C05949,43,Nam,Hà Nội,10,2,0
C05950,22,Nữ,Đà Nẵng,57,3,0
C05951,26,Nữ,Hà Nội,24,1,0
C05952,51,Nữ,Hà Nội,38,4,0
C05953,42,Nam,Hà Nội,19,2,1
C05954,43,Nam,TP HCM,51,1,1
C05955,54,Nữ,Hà Nội,6,2,1
C05956,54,Nữ,Hà Nội,39,2,0
C05957,48,Nữ,Cần Thơ,28,2,1
C05958,63,Nữ,Hà Nội,35,0,0
C05959,66,Nam,TP HCM,20,1,1
C05960,70,Nam,TP HCM,17,0,0
C05961,43,Nam,Hải Phòng,56,0,0
C05962,44,Nữ,Hà Nội,41,1,0
C05963,70,Nam,Cần Thơ,11,2,1
C05964,65,Nam,Đà Nẵng,27,0,0
C05965,39,Nữ,Cần Thơ,35,1,1
C05966,70,Nữ,Đà Nẵng,2,3,1
C05967,39,Nữ,Đà Nẵng,2,1,0
C05968,47,Nam,TP HCM,45,1,0
C05969,45,Nam,Cần Thơ,6,2,1
C05970,23,Nam,TP HCM,16,2,0
C05971,26,Nữ,TP HCM,55,1,0
C05972,66,Nam,TP HCM,13,0,1
C05973,60,Nam,Hà Nội,13,1,0
C05974,53,Nam,Hà Nội,44,0,0
C05975,26,Nam,Đà Nẵng,22,0,0
C05976,66,Nữ,Cần Thơ,28,0,0
C05977,53,Nam,TP HCM,44,2,1
C05978,24,Nữ,TP HCM,5,6,1
C05979,63,Nữ,TP HCM,50,1,0
C05980,64,Nữ,Hải Phòng,49,0,0
C05981,18,Nữ,Đà Nẵng,3,0,0
C05982,33,Nam,Hà Nội,12,2,1
C05983,47,Nam,Đà Nẵng,26,1,0
C05984,52,Nam,TP HCM,3,0,1
C05985,29,Nam,Hà Nội,24,1,1
C05986,34,Nữ,Hải Phòng,14,1,1
C05987,23,Nữ,Cần Thơ,60,0,0
C05988,22,Nữ,Hà Nội,60,1,0
C05989,37,Nam,Đà Nẵng,28,1,1
C05990,62,Nữ,Hà Nội,60,1,1
C05991,60,Nam,Đà Nẵng,54,0,0
C05992,24,Nam,Cần Thơ,18,0,0
C05993,55,Nam,Đà Nẵng,32,0,0
C05994,59,Nữ,Hà Nội,31,1,1
C05995,21,Nam,Hà Nội,4,1,0
C05996,21,Nữ,TP HCM,49,1,1
C05997,25,Nữ,Hà Nội,46,0,0
C05998,21,Nữ,TP HCM,35,1,1
C05999,35,Nam,Hải Phòng,34,0,0
C06000,36,Nam,Hà Nội,1,1,1
C06001,48,Nữ,Hà Nội,16,1,1
C06002,21,Nữ,Cần Thơ,3,0,0
C06003,18,Nam,TP HCM,13,0,1
C06004,30,Nam,TP HCM,51,1,0
C06005,51,Nữ,Hà Nội,32,3,0
C06006,58,Nam,Cần Thơ,33,1,0
C06007,58,Nam,TP HCM,4,1,1
C06008,34,Nữ,TP HCM,12,1,0
C06009,68,Nam,TP HCM,42,0,0
C06010,30,Nam,TP HCM,19,2,1
C06011,52,Nữ,Hà Nội,58,1,0
C06012,21,Nam,Cần Thơ,22,0,1
C06013,44,Nam,Hà Nội,24,1,1
C06014,22,Nữ,Cần Thơ,38,4,1
C06015,44,Nữ,Hải Phòng,27,2,0
C06016,55,Nam,Hà Nội,24,1,1
C06017,28,Nữ,TP HCM,57,1,0
C06018,22,Nam,TP HCM,43,2,1
C06019,31,Nữ,Đà Nẵng,5,0,1
C06020,46,Nữ,Đà Nẵng,27,0,0
C06021,40,Nữ,TP HCM,55,0,0
C06022,56,Nam,TP HCM,54,4,1
C06023,39,Nam,Hà Nội,16,4,1
C06024,58,Nữ,Hà Nội,26,1,0
C06025,44,Nữ,Đà Nẵng,26,4,1
C06026,57,Nữ,Hải Phòng,60,3,0
C06027,45,Nữ,Hà Nội,31,3,1
C06028,45,Nam,Hà Nội,9,2,1
C06029,30,Nam,TP HCM,60,5,1
C06030,43,Nữ,TP HCM,31,1,1
C06031,35,Nam,Cần Thơ,16,1,0
C06032,52,Nữ,Hải Phòng,34,2,0
C06033,67,Nữ,Hà Nội,55,2,1
C06034,21,Nam,Hải Phòng,30,3,1
C06035,56,Nam,Hải Phòng,38,0,0
C06036,63,Nam,Hà Nội,10,0,1
C06037,21,Nam,Hà Nội,47,1,0
C06038,29,Nữ,Hà Nội,53,0,0
C06039,23,Nữ,Hải Phòng,32,1,1
C06040,20,Nữ,TP HCM,46,1,1
C06041,25,Nữ,TP HCM,17,2,1
C06042,47,Nam,Đà Nẵng,19,2,0
C06043,65,Nữ,TP HCM,6,2,0
C06044,46,Nữ,TP HCM,11,1,0
C06045,21,Nữ,Hà Nội,35,3,0
C06046,69,Nữ,Hải Phòng,26,0,0
C06047,51,Nữ,TP HCM,44,0,0
C06048,39,Nam,Cần Thơ,12,2,1
C06049,41,Nữ,Hải Phòng,42,0,0
C06050,38,Nữ,Hà Nội,28,1,0
C06051,33,Nam,TP HCM,19,0,0
C06052,59,Nữ,Đà Nẵng,28,3,1
C06053,47,Nữ,Hải Phòng,56,1,1
C06054,48,Nam,Đà Nẵng,8,1,1
C06055,65,Nam,Hải Phòng,52,2,0
C06056,57,Nữ,Cần Thơ,3,1,1
C06057,32,Nữ,TP HCM,58,2,0
C06058,20,Nữ,Đà Nẵng,24,1,0
C06059,30,Nữ,Hà Nội,41,0,1
C06060,32,Nam,Hà Nội,60,1,0
C06061,21,Nữ,Đà Nẵng,6,0,0
C06062,41,Nam,TP HCM,51,1,1
C06063,27,Nam,Hà Nội,58,1,1
C06064,64,Nam,TP HCM,2,2,0
C06065,58,Nữ,Cần Thơ,54,3,0
C06066,65,Nam,Hà Nội,15,0,1
C06067,43,Nữ,TP HCM,50,1,0
C06068,48,Nữ,TP HCM,43,2,0
C06069,23,Nam,Hà Nội,7,1,0
C06070,21,Nữ,Đà Nẵng,15,0,0
C06071,53,Nam,Hà Nội,53,2,1
C06072,54,Nam,Hà Nội,10,1,0
C06073,41,Nữ,Đà Nẵng,56,2,0
C06074,63,Nam,Đà Nẵng,12,1,1
C06075,41,Nữ,Hà Nội,9,3,0
C06076,47,Nam,Hà Nội,19,2,1
C06077,26,Nữ,Hà Nội,46,0,0
C06078,35,Nữ,Hà Nội,57,1,1
C06079,52,Nữ,Hà Nội,51,1,0
C06080,49,Nam,TP HCM,40,4,1
C06081,66,Nữ,TP HCM,39,0,0
C06082,69,Nữ,Hà Nội,24,1,0
C06083,69,Nam,TP HCM,1,1,1
C06084,60,Nữ,TP HCM,4,0,0
C06085,52,Nam,TP HCM,12,1,1
C06086,40,Nam,Hà Nội,55,3,1
C06087,23,Nữ,TP HCM,60,2,0
C06088,44,Nữ,Hà Nội,50,1,1
C06089,41,Nữ,TP HCM,2,1,1
C06090,23,Nam,Hà Nội,49,1,0
C06091,43,Nam,Đà Nẵng,33,1,0
C06092,19,Nam,Hà Nội,16,2,1
C06093,69,Nam,Hà Nội,52,2,1
C06094,19,Nam,Hải Phòng,52,1,0
C06095,38,Nam,Đà Nẵng,56,1,0
C06096,31,Nữ,TP HCM,11,2,1
C06097,54,Nữ,Hải Phòng,18,0,0
C06098,48,Nam,TP HCM,19,4,1
C06099,42,Nam,Hải Phòng,23,1,0
C06100,39,Nữ,TP HCM,21,2,0
C06101,58,Nữ,TP HCM,6,2,0
C06102,70,Nam,Hà Nội,43,1,1
C06103,51,Nữ,Cần Thơ,5,1,0
C06104,24,Nữ,Cần Thơ,32,2,1
C06105,62,Nam,Hà Nội,51,1,0
C06106,39,Nam,TP HCM,59,1,0
C06107,58,Nam,Hà Nội,58,0,0
C06108,19,Nam,Hà Nội,25,0,0
C06109,27,Nữ,TP HCM,34,1,0
C06110,57,Nữ,Hà Nội,55,3,1
C06111,38,Nữ,TP HCM,26,2,0
C06112,69,Nam,Cần Thơ,31,0,0
C06113,53,Nữ,Hà Nội,38,0,1
C06114,69,Nữ,Hà Nội,55,1,0
C06115,41,Nữ,TP HCM,28,0,1
C06116,66,Nữ,Cần Thơ,53,0,1
C06117,26,Nữ,Hải Phòng,23,2,1
C06118,57,Nữ,Hà Nội,39,0,1
C06119,47,Nữ,Hà Nội,6,1,1
C06120,19,Nam,Hải Phòng,5,1,1
C06121,69,Nữ,Hà Nội,39,1,0
C06122,25,Nữ,TP HCM,32,1,0
C06123,19,Nữ,Đà Nẵng,36,3,1
C06124,23,Nam,TP HCM,58,0,1
C06125,66,Nam,Hà Nội,33,0,0
C06126,50,Nam,Đà Nẵng,53,0,0
C06127,41,Nữ,TP HCM,49,1,1
C06128,39,Nữ,Hà Nội,16,0,0
C06129,55,Nữ,Cần Thơ,2,2,1
C06130,59,Nam,Cần Thơ,17,1,1
C06131,57,Nữ,Đà Nẵng,18,2,1
C06132,46,Nữ,Cần Thơ,5,1,0
C06133,21,Nữ,TP HCM,51,4,1
C06134,65,Nam,Hải Phòng,48,0,0
C06135,34,Nam,TP HCM,56,0,0
C06136,47,Nữ,Hà Nội,17,1,1
C06137,70,Nữ,Đà Nẵng,44,1,1
C06138,25,Nam,Hải Phòng,2,0,1
C06139,24,Nam,Hà Nội,60,1,0
C06140,60,Nam,Cần Thơ,11,0,1
C06141,64,Nam,Hà Nội,10,3,1
C06142,35,Nữ,Cần Thơ,21,2,1
C06143,22,Nam,TP HCM,34,2,0
C06144,47,Nam,Hải Phòng,25,2,1
C06145,57,Nam,TP HCM,59,2,1
C06146,60,Nữ,Hà Nội,20,0,0
C06147,47,Nữ,TP HCM,46,0,0
C06148,37,Nữ,Đà Nẵng,11,1,1
C06149,54,Nam,Cần Thơ,11,1,1
C06150,43,Nam,Hà Nội,46,1,1
C06151,60,Nữ,Hà Nội,52,1,1
C06152,60,Nữ,Hà Nội,50,3,0
C06153,30,Nam,TP HCM,12,0,1
C06154,31,Nam,TP HCM,12,2,1
C06155,57,Nam,Đà Nẵng,36,1,1
C06156,28,Nam,Đà Nẵng,9,1,1
C06157,18,Nam,Hà Nội,41,1,1
C06158,63,Nam,Đà Nẵng,45,0,1
C06159,52,Nam,TP HCM,3,3,1
C06160,65,Nam,TP HCM,49,0,0
C06161,23,Nam,Hà Nội,3,1,0
C06162,29,Nam,Hà Nội,28,3,1
C06163,61,Nữ,TP HCM,23,2,1
C06164,38,Nữ,Hà Nội,58,0,0
C06165,52,Nữ,Hải Phòng,25,1,0
C06166,30,Nam,Hà Nội,22,2,1
C06167,26,Nữ,Hải Phòng,36,1,1
C06168,48,Nam,Đà Nẵng,43,1,1
C06169,54,Nữ,TP HCM,58,0,0
C06170,35,Nữ,Cần Thơ,56,1,0
C06171,43,Nữ,TP HCM,34,2,0
C06172,25,Nam,Đà Nẵng,6,2,1
C06173,48,Nam,Đà Nẵng,51,1,0
C06174,64,Nam,TP HCM,45,1,0
C06175,22,Nữ,TP HCM,40,2,1
C06176,50,Nữ,Hà Nội,13,1,0
C06177,67,Nữ,Cần Thơ,21,1,0
C06178,27,Nữ,Đà Nẵng,13,0,0
C06179,70,Nam,Hà Nội,2,1,1
C06180,69,Nam,Hà Nội,14,2,1
C06181,53,Nữ,Hà Nội,46,0,0
C06182,62,Nam,Cần Thơ,46,0,1
C06183,66,Nam,TP HCM,14,3,1
C06184,38,Nữ,Hải Phòng,32,0,1
C06185,69,Nữ,Hà Nội,31,3,1
C06186,31,Nam,TP HCM,30,0,1
C06187,50,Nữ,Hải Phòng,46,2,0
C06188,18,Nữ,Đà Nẵng,44,0,1
C06189,48,Nam,Hải Phòng,58,2,0
C06190,45,Nam,TP HCM,1,3,1
C06191,44,Nam,Hà Nội,27,0,0
C06192,31,Nữ,TP HCM,8,0,1
C06193,49,Nam,Hà Nội,37,0,1
C06194,36,Nam,Đà Nẵng,41,0,0
C06195,34,Nữ,Hà Nội,52,0,0
C06196,50,Nữ,Cần Thơ,8,1,0
C06197,59,Nam,TP HCM,50,3,0
C06198,19,Nữ,Hải Phòng,5,0,1
C06199,56,Nữ,Hà Nội,7,0,0
C06200,22,Nữ,TP HCM,10,0,0
C06201,52,Nam,TP HCM,39,4,1
C06202,59,Nữ,Cần Thơ,6,2,1
C06203,40,Nam,Đà Nẵng,17,1,1
C06204,51,Nữ,Cần Thơ,39,0,1
C06205,70,Nữ,Hà Nội,8,3,1
C06206,55,Nữ,Cần Thơ,29,1,0
C06207,30,Nam,Hải Phòng,50,0,0
C06208,29,Nữ,Hà Nội,27,1,1
C06209,54,Nam,Cần Thơ,42,2,0
C06210,64,Nữ,TP HCM,39,1,1
C06211,46,Nữ,Hà Nội,16,1,0
C06212,34,Nam,Hà Nội,53,2,1
C06213,42,Nữ,Cần Thơ,18,1,0
C06214,60,Nữ,TP HCM,27,4,1
C06215,31,Nam,Hà Nội,39,3,1
C06216,46,Nam,TP HCM,45,0,0
C06217,35,Nữ,TP HCM,54,0,0
C06218,37,Nam,Cần Thơ,58,0,0
C06219,43,Nam,Cần Thơ,59,2,0
C06220,59,Nữ,Hà Nội,47,0,0
C06221,50,Nữ,TP HCM,50,1,1
C06222,25,Nam,Đà Nẵng,40,2,1
C06223,24,Nam,Hà Nội,15,1,1
C06224,54,Nữ,Hà Nội,6,1,0
C06225,63,Nữ,Cần Thơ,47,1,0
C06226,65,Nữ,Hà Nội,57,1,0
C06227,30,Nữ,Cần Thơ,54,1,1
C06228,24,Nữ,Đà Nẵng,24,0,1
C06229,52,Nam,Hà Nội,45,1,0
C06230,22,Nam,Cần Thơ,10,2,1
C06231,63,Nữ,Hà Nội,21,2,0
C06232,51,Nam,Hà Nội,57,2,1
C06233,51,Nam,TP HCM,21,2,1
C06234,34,Nữ,Đà Nẵng,1,1,0
C06235,39,Nữ,TP HCM,23,2,1
C06236,70,Nam,Đà Nẵng,56,1,1
C06237,20,Nam,Hà Nội,21,4,0
C06238,57,Nam,TP HCM,23,2,1
C06239,49,Nữ,Đà Nẵng,40,2,1
C06240,64,Nữ,Hải Phòng,46,0,1
C06241,42,Nam,Đà Nẵng,46,4,1
C06242,42,Nữ,TP HCM,25,1,0
C06243,36,Nam,Hải Phòng,31,0,0
C06244,24,Nữ,Hà Nội,10,1,1
C06245,20,Nam,Hải Phòng,35,1,1
C06246,18,Nam,Hà Nội,57,1,0
C06247,69,Nam,TP HCM,49,4,0
C06248,27,Nam,Hà Nội,1,1,1
C06249,27,Nữ,Hải Phòng,17,0,1
C06250,42,Nam,Hà Nội,37,1,0
C06251,49,Nữ,TP HCM,53,1,0
C06252,53,Nam,Hà Nội,46,0,0
C06253,52,Nữ,TP HCM,35,0,1
C06254,68,Nữ,Hà Nội,44,0,0
C06255,44,Nữ,Cần Thơ,54,1,0
C06256,56,Nữ,TP HCM,48,1,0
C06257,58,Nữ,TP HCM,33,1,0
C06258,68,Nam,Hà Nội,39,1,0
C06259,44,Nữ,Hà Nội,13,0,1
C06260,68,Nam,TP HCM,43,1,0
C06261,68,Nam,Hà Nội,2,1,1
C06262,24,Nữ,Đà Nẵng,2,0,0
C06263,41,Nam,Đà Nẵng,16,3,0
C06264,50,Nam,TP HCM,22,1,0
C06265,29,Nam,TP HCM,57,1,1
C06266,21,Nữ,TP HCM,50,3,1
C06267,48,Nữ,TP HCM,57,1,0
C06268,59,Nam,TP HCM,1,3,1
C06269,58,Nam,TP HCM,4,2,1
C06270,42,Nam,Hải Phòng,22,4,0
C06271,59,Nam,Hà Nội,4,1,1
C06272,25,Nam,TP HCM,50,0,0
C06273,67,Nữ,Đà Nẵng,20,2,0
C06274,47,Nữ,Hà Nội,15,0,0
C06275,27,Nữ,Hải Phòng,56,1,0
C06276,21,Nam,Hà Nội,34,2,0
C06277,21,Nam,Cần Thơ,24,1,1
C06278,31,Nam,TP HCM,35,2,0
C06279,38,Nữ,Cần Thơ,26,2,0
C06280,39,Nữ,TP HCM,2,1,0
C06281,57,Nam,Hà Nội,17,2,1
C06282,68,Nữ,Cần Thơ,53,2,0
C06283,52,Nữ,Hà Nội,25,1,1
C06284,68,Nữ,Đà Nẵng,20,0,0
C06285,46,Nam,Hải Phòng,25,2,0
C06286,26,Nữ,TP HCM,57,2,1
C06287,45,Nữ,Đà Nẵng,17,2,0
C06288,58,Nữ,Hà Nội,26,1,0
C06289,40,Nữ,Cần Thơ,1,1,0
C06290,54,Nữ,Cần Thơ,60,1,0
C06291,44,Nữ,TP HCM,55,2,0
C06292,66,Nữ,Hà Nội,33,0,0
C06293,44,Nam,TP HCM,46,1,0
C06294,65,Nữ,Hải Phòng,26,1,1
C06295,70,Nữ,Cần Thơ,27,0,1
C06296,41,Nam,Đà Nẵng,45,2,1
C06297,36,Nữ,Hải Phòng,58,2,0
C06298,34,Nữ,TP HCM,17,4,1
C06299,54,Nam,TP HCM,34,2,1
C06300,21,Nữ,Hà Nội,54,1,1
C06301,39,Nữ,TP HCM,59,1,1
C06302,37,Nam,TP HCM,40,0,0
C06303,25,Nam,Hải Phòng,19,1,1
C06304,22,Nam,TP HCM,43,2,1
C06305,25,Nữ,Cần Thơ,16,2,1
C06306,55,Nữ,Hà Nội,26,0,0
C06307,35,Nữ,TP HCM,53,1,0
C06308,64,Nữ,Hải Phòng,22,2,0
C06309,35,Nữ,Hải Phòng,45,1,0
C06310,31,Nam,TP HCM,59,1,0
C06311,33,Nữ,Hà Nội,55,0,0
C06312,42,Nữ,Đà Nẵng,26,0,0
C06313,64,Nữ,Hà Nội,11,1,0
C06314,56,Nữ,TP HCM,16,0,0
C06315,18,Nữ,TP HCM,44,2,0
C06316,61,Nam,TP HCM,54,3,0
C06317,41,Nam,TP HCM,21,0,1
C06318,23,Nữ,TP HCM,36,3,1
C06319,67,Nam,Hà Nội,2,1,1
C06320,44,Nam,TP HCM,46,1,0
C06321,21,Nam,TP HCM,46,1,0
C06322,33,Nam,Hà Nội,59,2,0
C06323,27,Nam,TP HCM,45,2,1
C06324,29,Nam,Hà Nội,23,1,0
C06325,18,Nam,Hà Nội,45,2,1
C06326,48,Nam,TP HCM,10,0,1
C06327,42,Nữ,Hà Nội,29,1,1
C06328,62,Nữ,Hà Nội,7,1,0
C06329,32,Nữ,Đà Nẵng,46,0,0
C06330,66,Nam,TP HCM,27,1,0
C06331,20,Nữ,Hà Nội,33,2,1
C06332,59,Nam,Hà Nội,15,1,0
C06333,36,Nam,Hà Nội,45,0,0
C06334,55,Nữ,TP HCM,2,1,0
C06335,66,Nam,Cần Thơ,14,2,0
C06336,60,Nữ,Đà Nẵng,20,2,0
C06337,27,Nam,TP HCM,52,1,0
C06338,25,Nam,Đà Nẵng,37,0,0
C06339,55,Nữ,TP HCM,27,0,0
C06340,26,Nữ,TP HCM,48,0,0
C06341,48,Nữ,Đà Nẵng,53,1,0
C06342,57,Nữ,Hà Nội,58,0,0
C06343,70,Nữ,TP HCM,20,0,1
C06344,61,Nữ,TP HCM,14,2,1
C06345,37,Nữ,TP HCM,7,2,1
C06346,60,Nữ,Hà Nội,37,1,0
C06347,30,Nữ,Cần Thơ,45,1,0
C06348,64,Nữ,Đà Nẵng,40,1,0
C06349,24,Nam,Hà Nội,11,1,1
C06350,35,Nam,Cần Thơ,47,0,1
C06351,18,Nữ,Hải Phòng,1,1,1
C06352,61,Nữ,Hải Phòng,3,0,1
C06353,56,Nữ,Hải Phòng,25,1,1
C06354,28,Nam,Cần Thơ,3,1,1
C06355,27,Nam,Cần Thơ,55,2,0
C06356,44,Nữ,Hải Phòng,31,0,0
C06357,50,Nữ,TP HCM,29,1,0
C06358,49,Nữ,Hà Nội,14,1,0
C06359,49,Nữ,TP HCM,6,2,1
C06360,32,Nam,TP HCM,23,1,0
C06361,25,Nữ,Đà Nẵng,5,1,0
C06362,65,Nữ,TP HCM,19,0,1
C06363,27,Nam,Đà Nẵng,36,1,0
C06364,55,Nam,Hà Nội,26,0,0
C06365,55,Nữ,Hà Nội,29,1,0
C06366,40,Nữ,TP HCM,56,0,0
C06367,58,Nam,Hà Nội,53,0,0
C06368,39,Nữ,Đà Nẵng,51,1,1
C06369,68,Nam,Hà Nội,12,2,0
C06370,60,Nữ,Đà Nẵng,53,0,0
C06371,40,Nam,TP HCM,37,3,1
C06372,32,Nam,Hà Nội,36,1,0
C06373,18,Nam,TP HCM,16,0,0
C06374,60,Nữ,Hải Phòng,11,3,1
C06375,38,Nam,Đà Nẵng,17,1,1
C06376,28,Nam,Hải Phòng,59,0,1
C06377,34,Nam,Đà Nẵng,38,2,0
C06378,58,Nam,TP HCM,46,1,0
C06379,41,Nữ,Hà Nội,53,3,1
C06380,33,Nam,Hà Nội,8,0,0
C06381,38,Nam,Hà Nội,23,0,1
C06382,54,Nữ,TP HCM,47,0,0
C06383,43,Nữ,Đà Nẵng,7,2,1
C06384,45,Nam,Đà Nẵng,24,1,1
C06385,35,Nữ,TP HCM,13,0,1
C06386,40,Nữ,Cần Thơ,30,1,0
C06387,60,Nam,Hà Nội,4,1,0
C06388,44,Nam,TP HCM,40,0,0
C06389,60,Nữ,Cần Thơ,7,2,1
C06390,32,Nam,TP HCM,41,0,1
C06391,35,Nữ,Hải Phòng,55,1,0
C06392,40,Nữ,TP HCM,60,1,1
C06393,40,Nam,Cần Thơ,29,0,1
C06394,65,Nam,Cần Thơ,6,1,0
C06395,53,Nữ,Đà Nẵng,19,3,0
C06396,51,Nữ,TP HCM,1,1,1
C06397,62,Nữ,Hà Nội,33,0,0
C06398,58,Nữ,TP HCM,38,1,0
C06399,30,Nữ,Hà Nội,55,1,0
C06400,63,Nam,TP HCM,33,2,1
C06401,20,Nam,TP HCM,20,1,0
C06402,59,Nam,TP HCM,53,0,1
C06403,70,Nữ,TP HCM,35,0,0
C06404,67,Nữ,Hà Nội,56,1,0
C06405,40,Nữ,Hà Nội,34,2,0
C06406,44,Nam,TP HCM,57,3,0
C06407,64,Nam,Đà Nẵng,17,0,0
C06408,45,Nam,TP HCM,35,0,0
C06409,51,Nữ,Hải Phòng,26,0,1
C06410,36,Nam,Đà Nẵng,1,0,0
C06411,36,Nữ,Đà Nẵng,53,2,0
C06412,32,Nam,Cần Thơ,7,2,1
C06413,50,Nữ,Hải Phòng,55,2,1
C06414,58,Nữ,TP HCM,19,1,0
C06415,55,Nữ,Hải Phòng,27,4,1
C06416,68,Nam,Hà Nội,53,1,0
C06417,70,Nữ,Hà Nội,26,3,1
C06418,20,Nữ,Hà Nội,18,1,0
C06419,30,Nam,Đà Nẵng,19,0,0
C06420,61,Nữ,TP HCM,10,0,0
C06421,34,Nữ,TP HCM,2,4,1
C06422,69,Nam,Đà Nẵng,9,0,0
C06423,69,Nam,TP HCM,31,1,1
C06424,68,Nữ,Hà Nội,45,0,1
C06425,31,Nam,Đà Nẵng,41,1,0
C06426,37,Nữ,Cần Thơ,28,2,1
C06427,44,Nam,Đà Nẵng,54,0,0
C06428,27,Nam,Đà Nẵng,22,0,1
C06429,42,Nam,Hải Phòng,27,0,0
C06430,49,Nam,TP HCM,58,0,1
C06431,62,Nữ,Hải Phòng,26,0,0
C06432,33,Nam,TP HCM,13,0,0
C06433,63,Nữ,TP HCM,39,3,0
C06434,31,Nam,Cần Thơ,34,0,1
C06435,51,Nam,Hà Nội,39,1,1
C06436,28,Nam,Cần Thơ,36,2,0
C06437,26,Nữ,TP HCM,36,2,1
C06438,58,Nam,Hà Nội,32,1,0
C06439,18,Nam,Hải Phòng,30,1,0
C06440,18,Nam,Đà Nẵng,33,1,1
C06441,38,Nam,TP HCM,26,1,1
C06442,19,Nữ,Hà Nội,35,2,0
C06443,30,Nam,Hà Nội,6,0,0
C06444,44,Nam,TP HCM,41,2,0
C06445,59,Nam,Cần Thơ,9,1,1
C06446,58,Nữ,TP HCM,18,0,0
C06447,70,Nam,Đà Nẵng,3,1,1
C06448,55,Nữ,TP HCM,42,2,1
C06449,30,Nam,TP HCM,10,0,0
C06450,67,Nam,TP HCM,32,0,0
C06451,58,Nữ,Cần Thơ,28,1,0
C06452,58,Nam,Hà Nội,22,0,0
C06453,61,Nam,Hà Nội,22,0,0
C06454,31,Nam,TP HCM,53,1,0
C06455,22,Nữ,Đà Nẵng,32,1,1
C06456,33,Nữ,TP HCM,51,1,1
C06457,64,Nam,Hà Nội,23,2,0
C06458,67,Nữ,Cần Thơ,40,1,0
C06459,58,Nam,Hà Nội,4,2,1
C06460,65,Nữ,TP HCM,21,2,1
C06461,26,Nam,Cần Thơ,10,2,1
C06462,42,Nữ,Cần Thơ,39,1,1
C06463,44,Nữ,TP HCM,22,1,1
C06464,64,Nữ,Đà Nẵng,44,0,0
C06465,37,Nam,Hà Nội,26,1,0
C06466,27,Nữ,Hà Nội,56,1,0
C06467,61,Nữ,Đà Nẵng,13,2,1
C06468,52,Nam,TP HCM,41,0,0
C06469,56,Nam,Hải Phòng,53,0,0
C06470,33,Nam,Hà Nội,49,1,1
C06471,49,Nam,Đà Nẵng,37,1,0
C06472,22,Nữ,Cần Thơ,58,1,0
C06473,67,Nam,TP HCM,55,0,0
C06474,67,Nam,Hải Phòng,43,0,0
C06475,49,Nam,TP HCM,25,1,0
C06476,26,Nữ,Hà Nội,24,1,1
C06477,58,Nữ,TP HCM,51,1,1
C06478,66,Nam,Hà Nội,16,0,1
C06479,21,Nam,Cần Thơ,3,1,1
C06480,26,Nam,TP HCM,8,1,1
C06481,52,Nữ,Đà Nẵng,50,2,0
C06482,48,Nữ,Hà Nội,8,3,1
C06483,62,Nam,Hải Phòng,30,0,1
C06484,50,Nữ,Hà Nội,41,1,0
C06485,35,Nam,TP HCM,31,2,0
C06486,40,Nam,Đà Nẵng,26,0,0
C06487,67,Nữ,Hải Phòng,23,3,0
C06488,30,Nam,Hà Nội,29,2,0
C06489,26,Nam,TP HCM,19,0,0
C06490,28,Nữ,TP HCM,23,2,0
C06491,68,Nữ,TP HCM,16,2,1
C06492,65,Nam,TP HCM,34,2,1
C06493,56,Nữ,TP HCM,46,0,1
C06494,25,Nữ,Đà Nẵng,4,1,1
C06495,37,Nữ,TP HCM,50,2,0
C06496,45,Nam,Hà Nội,14,0,0
C06497,70,Nữ,TP HCM,12,1,1
C06498,36,Nữ,Cần Thơ,52,1,0
C06499,56,Nữ,TP HCM,18,1,0
C06500,69,Nữ,Hà Nội,26,0,0
C06501,21,Nữ,Đà Nẵng,50,1,0
C06502,18,Nữ,TP HCM,48,1,1
C06503,21,Nữ,TP HCM,11,2,1
C06504,30,Nữ,Hà Nội,35,1,1
C06505,62,Nữ,Hải Phòng,50,1,1
C06506,51,Nam,TP HCM,30,1,0
C06507,29,Nam,Hà Nội,48,0,0
C06508,44,Nam,Hải Phòng,24,2,1
C06509,31,Nam,Hà Nội,59,2,0
C06510,39,Nam,TP HCM,1,5,1
C06511,24,Nam,Hải Phòng,37,2,0
C06512,20,Nam,Hà Nội,7,0,0
C06513,54,Nam,TP HCM,33,0,0
C06514,54,Nam,Cần Thơ,34,1,0
C06515,53,Nam,Hải Phòng,42,2,0
C06516,43,Nam,Đà Nẵng,5,0,0
C06517,46,Nam,Hà Nội,16,1,1
C06518,49,Nam,Hải Phòng,14,0,1
C06519,33,Nữ,Hà Nội,35,1,1
C06520,51,Nữ,TP HCM,10,1,1
C06521,63,Nữ,TP HCM,16,1,0
C06522,62,Nam,Hải Phòng,1,1,1
C06523,39,Nam,Cần Thơ,26,3,1
C06524,25,Nam,Cần Thơ,27,1,1
C06525,65,Nữ,Cần Thơ,8,1,1
C06526,55,Nữ,TP HCM,53,2,0
C06527,62,Nữ,Đà Nẵng,34,2,1
C06528,26,Nữ,TP HCM,16,0,0
C06529,31,Nữ,Hà Nội,60,1,0
C06530,20,Nữ,TP HCM,7,1,1
C06531,37,Nam,TP HCM,1,0,1
C06532,51,Nữ,TP HCM,58,1,1
C06533,45,Nam,Hà Nội,1,0,0
C06534,33,Nam,Hải Phòng,28,1,0
C06535,43,Nữ,Hà Nội,39,1,0
C06536,23,Nam,Hà Nội,59,0,0
C06537,50,Nam,Cần Thơ,25,1,0
C06538,64,Nữ,Đà Nẵng,37,1,1
C06539,31,Nữ,TP HCM,46,2,0
C06540,57,Nữ,Cần Thơ,26,0,1
C06541,39,Nữ,Hải Phòng,23,0,1
C06542,61,Nam,Đà Nẵng,37,1,0
C06543,18,Nam,Hà Nội,16,1,0
C06544,40,Nữ,Hà Nội,42,3,0
C06545,60,Nam,TP HCM,7,0,1
C06546,55,Nam,TP HCM,11,1,1
C06547,32,Nam,Hà Nội,33,2,1
C06548,21,Nam,Đà Nẵng,27,0,1
C06549,22,Nữ,TP HCM,36,1,0
C06550,46,Nam,Hà Nội,8,0,0
C06551,34,Nữ,Đà Nẵng,48,0,0
C06552,54,Nữ,Hải Phòng,21,0,1
C06553,62,Nữ,Hà Nội,5,1,1
C06554,28,Nam,Hà Nội,44,2,1
C06555,51,Nam,Đà Nẵng,21,1,1
C06556,35,Nam,Hải Phòng,35,2,0
C06557,63,Nam,Hải Phòng,37,0,0
C06558,40,Nữ,Đà Nẵng,51,0,0
C06559,64,Nam,TP HCM,50,1,0
C06560,26,Nam,Đà Nẵng,50,1,1
C06561,22,Nữ,Cần Thơ,5,0,0
C06562,40,Nữ,TP HCM,26,0,1
C06563,48,Nam,Cần Thơ,30,2,0
C06564,23,Nữ,Cần Thơ,56,1,0
C06565,27,Nữ,Hà Nội,26,2,0
C06566,57,Nữ,TP HCM,27,3,0
C06567,20,Nữ,Cần Thơ,22,3,1
C06568,25,Nữ,Hà Nội,15,0,0
C06569,26,Nam,TP HCM,4,0,1
C06570,27,Nữ,Hà Nội,54,1,0
C06571,59,Nữ,Hà Nội,30,2,1
C06572,28,Nam,Đà Nẵng,51,1,0
C06573,49,Nam,Hải Phòng,26,0,1
C06574,40,Nữ,Đà Nẵng,38,2,0
C06575,43,Nữ,TP HCM,58,2,0
C06576,52,Nam,Cần Thơ,14,1,0
C06577,67,Nam,Đà Nẵng,42,2,0
C06578,70,Nữ,TP HCM,39,1,1
C06579,53,Nam,TP HCM,16,0,0
C06580,69,Nữ,TP HCM,22,0,0
C06581,53,Nữ,Hà Nội,14,1,0
C06582,57,Nam,TP HCM,26,0,1
C06583,61,Nữ,Hải Phòng,53,3,1
C06584,30,Nữ,Hà Nội,60,3,0
C06585,51,Nam,TP HCM,32,0,0
C06586,18,Nam,Hải Phòng,55,1,0
C06587,18,Nam,Cần Thơ,24,0,0
C06588,43,Nam,Hải Phòng,46,3,0
C06589,58,Nam,Đà Nẵng,5,2,1
C06590,20,Nữ,Cần Thơ,41,1,0
C06591,45,Nữ,Đà Nẵng,54,0,0
C06592,18,Nữ,TP HCM,5,0,0
C06593,51,Nam,Hà Nội,48,1,0
C06594,22,Nữ,Hà Nội,38,2,0
C06595,47,Nam,Đà Nẵng,34,2,0
C06596,20,Nữ,Đà Nẵng,57,0,1
C06597,38,Nam,TP HCM,14,0,0
C06598,35,Nữ,Hà Nội,36,0,0
C06599,20,Nam,Cần Thơ,27,1,1
C06600,27,Nam,Hà Nội,38,0,0
C06601,67,Nữ,TP HCM,54,1,0
C06602,33,Nữ,Hà Nội,60,1,0
C06603,26,Nam,TP HCM,48,2,0
C06604,39,Nam,Hà Nội,11,0,0
C06605,47,Nam,Đà Nẵng,39,3,1
C06606,50,Nam,TP HCM,21,1,0
C06607,51,Nam,Hải Phòng,14,0,1
C06608,24,Nữ,Đà Nẵng,16,0,1
C06609,65,Nữ,Hà Nội,45,1,0
C06610,29,Nữ,Đà Nẵng,55,1,0
C06611,54,Nữ,Cần Thơ,1,3,1
C06612,26,Nam,Hà Nội,33,0,0
C06613,61,Nữ,TP HCM,15,2,1
C06614,53,Nam,Hải Phòng,57,2,0
C06615,26,Nam,Đà Nẵng,60,2,0
C06616,67,Nam,Hà Nội,32,0,1
C06617,32,Nam,Hải Phòng,49,1,0
C06618,25,Nam,Cần Thơ,36,1,1
C06619,60,Nam,TP HCM,52,1,1
C06620,41,Nữ,Hà Nội,50,1,0
C06621,67,Nữ,Đà Nẵng,15,1,0
C06622,26,Nữ,Hải Phòng,48,1,1
C06623,57,Nam,TP HCM,17,0,0
C06624,55,Nữ,Cần Thơ,33,1,0
C06625,34,Nam,Hà Nội,51,3,0
C06626,47,Nam,Hải Phòng,2,3,1
C06627,47,Nữ,TP HCM,40,0,0
C06628,20,Nữ,TP HCM,54,1,1
C06629,38,Nữ,Cần Thơ,5,1,0
C06630,28,Nam,TP HCM,11,2,0
C06631,34,Nữ,Hà Nội,27,2,0
C06632,36,Nam,TP HCM,59,0,0
C06633,70,Nam,TP HCM,57,0,0
C06634,18,Nữ,TP HCM,60,0,0
C06635,23,Nữ,Hà Nội,29,1,1
C06636,40,Nữ,Hải Phòng,48,1,0
C06637,36,Nữ,Đà Nẵng,54,4,0
C06638,42,Nam,TP HCM,20,2,1
C06639,53,Nam,TP HCM,3,0,0
C06640,53,Nam,Cần Thơ,60,3,0
C06641,36,Nữ,TP HCM,23,0,1
C06642,32,Nam,Hà Nội,35,1,0
C06643,46,Nữ,Đà Nẵng,13,3,1
C06644,69,Nam,Đà Nẵng,10,2,0
C06645,57,Nam,TP HCM,14,1,0
C06646,18,Nam,Đà Nẵng,32,3,0
C06647,21,Nam,TP HCM,5,1,0
C06648,54,Nữ,TP HCM,44,1,1
C06649,61,Nữ,Hà Nội,20,2,1
C06650,45,Nữ,Cần Thơ,55,2,1
C06651,56,Nam,Cần Thơ,25,3,1
C06652,65,Nam,Cần Thơ,53,1,0
C06653,46,Nữ,Hà Nội,22,0,0
C06654,53,Nữ,Hà Nội,43,4,1
C06655,61,Nam,TP HCM,10,0,0
C06656,66,Nữ,Cần Thơ,21,0,1
C06657,19,Nữ,TP HCM,36,2,0
C06658,34,Nam,Hà Nội,57,0,0
C06659,25,Nam,TP HCM,23,1,0
C06660,31,Nữ,Hà Nội,38,1,1
C06661,53,Nữ,Hà Nội,59,1,0
C06662,33,Nam,TP HCM,47,3,1
C06663,27,Nam,Hà Nội,44,1,0
C06664,46,Nam,Cần Thơ,5,1,1
C06665,34,Nam,Đà Nẵng,29,1,0
C06666,60,Nam,TP HCM,51,1,0
C06667,37,Nữ,Hải Phòng,21,4,1
C06668,56,Nam,TP HCM,45,1,1
C06669,62,Nữ,Đà Nẵng,55,2,0
C06670,63,Nam,Đà Nẵng,32,1,0
C06671,55,Nam,TP HCM,52,2,0
C06672,53,Nữ,Đà Nẵng,10,1,1
C06673,61,Nam,TP HCM,17,1,1
C06674,30,Nam,TP HCM,58,1,1
C06675,30,Nam,Đà Nẵng,26,1,0
C06676,34,Nam,TP HCM,21,0,0
C06677,36,Nữ,TP HCM,5,1,0
C06678,58,Nữ,Hà Nội,26,0,0
C06679,28,Nữ,Đà Nẵng,15,1,1
C06680,22,Nữ,Đà Nẵng,16,0,0
C06681,32,Nam,Đà Nẵng,4,0,0
C06682,34,Nam,TP HCM,31,0,0
C06683,42,Nam,TP HCM,4,0,1
C06684,34,Nữ,TP HCM,53,0,0
C06685,31,Nam,Hải Phòng,30,4,1
C06686,69,Nữ,TP HCM,19,2,0
C06687,56,Nữ,Hải Phòng,58,0,1
C06688,63,Nữ,TP HCM,57,1,0
C06689,50,Nam,TP HCM,42,1,1
C06690,28,Nam,Đà Nẵng,21,2,1
C06691,45,Nam,Hà Nội,9,2,1
C06692,18,Nam,TP HCM,56,0,0
C06693,38,Nữ,TP HCM,51,2,0
C06694,50,Nữ,TP HCM,40,1,0
C06695,32,Nữ,TP HCM,57,2,0
C06696,67,Nam,Hà Nội,44,2,0
C06697,18,Nam,TP HCM,26,1,0
C06698,54,Nữ,Đà Nẵng,53,1,0
C06699,34,Nữ,TP HCM,47,0,0
C06700,31,Nam,Đà Nẵng,34,2,0
C06701,41,Nam,Đà Nẵng,5,1,1
C06702,21,Nữ,TP HCM,24,2,1
C06703,23,Nữ,TP HCM,35,1,0
C06704,27,Nam,Hà Nội,2,2,0
C06705,45,Nữ,Hà Nội,45,4,0
C06706,49,Nữ,Hà Nội,44,3,1
C06707,28,Nam,Hà Nội,46,0,0
C06708,32,Nữ,Hà Nội,54,1,0
C06709,61,Nam,Hà Nội,54,3,0
C06710,62,Nữ,Hà Nội,13,0,0
C06711,18,Nam,Hà Nội,4,2,1
C06712,22,Nữ,Cần Thơ,42,1,1
C06713,60,Nam,Đà Nẵng,35,0,0
C06714,30,Nữ,Cần Thơ,1,0,1
C06715,62,Nữ,Hà Nội,41,2,1
C06716,59,Nam,TP HCM,50,2,0
C06717,66,Nữ,Hà Nội,12,3,0
C06718,31,Nữ,TP HCM,3,2,1
C06719,21,Nam,Hà Nội,2,0,0
C06720,20,Nam,Hà Nội,9,1,1
C06721,18,Nam,Hải Phòng,46,2,1
C06722,54,Nam,TP HCM,22,2,1
C06723,19,Nam,TP HCM,23,3,1
C06724,43,Nữ,Cần Thơ,26,3,1
C06725,32,Nam,Hà Nội,58,0,0
C06726,41,Nam,Hà Nội,8,3,1
C06727,36,Nam,TP HCM,21,3,1
C06728,49,Nữ,Hải Phòng,31,2,1
C06729,60,Nữ,TP HCM,30,1,0
C06730,36,Nam,Hải Phòng,47,1,1
C06731,63,Nữ,TP HCM,6,1,0
C06732,64,Nam,Hà Nội,38,0,0
C06733,64,Nữ,TP HCM,54,1,1
C06734,38,Nam,TP HCM,55,1,0
C06735,37,Nam,Hà Nội,46,2,1
C06736,38,Nữ,Hà Nội,9,1,0
C06737,58,Nam,Cần Thơ,55,2,1
C06738,29,Nữ,TP HCM,13,0,0
C06739,32,Nam,TP HCM,33,1,0
C06740,60,Nữ,Hà Nội,12,2,1
C06741,69,Nữ,TP HCM,5,3,1
C06742,58,Nam,Hải Phòng,7,2,0
C06743,60,Nam,TP HCM,59,0,0
C06744,19,Nữ,Hải Phòng,54,2,0
C06745,30,Nam,Hà Nội,34,1,1
C06746,28,Nữ,Hà Nội,43,1,0
C06747,20,Nữ,Cần Thơ,41,1,1
C06748,37,Nam,Cần Thơ,7,0,1
C06749,65,Nam,Hải Phòng,7,1,0
C06750,55,Nam,TP HCM,9,2,1
C06751,52,Nữ,TP HCM,30,1,1
C06752,59,Nam,TP HCM,25,0,0
C06753,30,Nam,TP HCM,38,0,0
C06754,53,Nữ,Hà Nội,8,2,0
C06755,49,Nam,TP HCM,40,0,0
C06756,44,Nữ,Hà Nội,4,0,0
C06757,18,Nam,Hà Nội,47,1,1
C06758,69,Nam,Đà Nẵng,13,1,1
C06759,46,Nam,Cần Thơ,57,0,1
C06760,32,Nữ,Cần Thơ,8,3,0
C06761,68,Nữ,Đà Nẵng,48,2,1
C06762,40,Nữ,Hà Nội,8,0,1
C06763,25,Nữ,Hà Nội,58,0,1
C06764,35,Nữ,Hà Nội,52,0,0
C06765,19,Nam,TP HCM,13,0,1
C06766,54,Nữ,Hà Nội,51,0,0
C06767,66,Nam,Hà Nội,27,2,1
C06768,47,Nữ,TP HCM,47,1,1
C06769,34,Nữ,TP HCM,23,0,0
C06770,67,Nữ,Hà Nội,29,1,1
C06771,21,Nam,TP HCM,24,2,1
C06772,32,Nam,Hải Phòng,25,1,1
C06773,28,Nữ,Hải Phòng,56,3,0
C06774,61,Nam,TP HCM,45,0,0
C06775,66,Nữ,TP HCM,11,0,0
C06776,30,Nữ,TP HCM,45,0,0
C06777,59,Nam,Hà Nội,25,1,0
C06778,68,Nữ,TP HCM,40,3,1
C06779,65,Nam,TP HCM,1,2,1
C06780,19,Nam,Đà Nẵng,39,3,1
C06781,65,Nam,TP HCM,26,5,1
C06782,50,Nữ,Hải Phòng,46,1,1
C06783,21,Nữ,Hải Phòng,44,2,1
C06784,61,Nam,TP HCM,32,2,0
C06785,39,Nữ,Hải Phòng,26,1,1
C06786,43,Nữ,Hà Nội,8,1,0
C06787,46,Nữ,TP HCM,14,1,0
C06788,22,Nam,Hà Nội,33,1,0
C06789,69,Nam,TP HCM,21,0,0
C06790,50,Nam,Cần Thơ,27,0,0
C06791,49,Nữ,Hà Nội,59,2,1
C06792,60,Nữ,TP HCM,34,2,1
C06793,29,Nam,Hà Nội,12,0,0
C06794,35,Nữ,Hà Nội,30,3,1
C06795,57,Nữ,TP HCM,11,1,0
C06796,18,Nữ,TP HCM,45,2,1
C06797,29,Nam,Đà Nẵng,24,0,0
C06798,32,Nam,TP HCM,42,2,0
C06799,58,Nam,Hà Nội,29,1,0
C06800,32,Nam,Đà Nẵng,53,0,1
C06801,37,Nam,Hà Nội,14,1,1
C06802,27,Nam,TP HCM,11,0,1
C06803,28,Nam,TP HCM,14,1,1
C06804,46,Nam,TP HCM,7,1,1
C06805,21,Nam,TP HCM,42,1,0
C06806,64,Nam,Hải Phòng,20,0,0
C06807,44,Nam,Hà Nội,3,1,1
C06808,40,Nam,TP HCM,49,0,0
C06809,55,Nữ,Cần Thơ,17,1,0
C06810,25,Nam,TP HCM,13,2,1
C06811,48,Nữ,Hà Nội,40,0,0
C06812,58,Nữ,Hải Phòng,49,1,0
C06813,49,Nữ,Đà Nẵng,45,1,0
C06814,62,Nam,TP HCM,35,2,1
C06815,54,Nữ,Cần Thơ,41,1,1
C06816,42,Nữ,TP HCM,19,3,0
C06817,53,Nam,Đà Nẵng,46,0,0
C06818,60,Nữ,TP HCM,52,1,0
C06819,31,Nam,TP HCM,59,1,1
C06820,45,Nam,TP HCM,25,0,1
C06821,42,Nữ,TP HCM,47,1,0
C06822,58,Nữ,Cần Thơ,40,2,0
C06823,41,Nữ,TP HCM,39,3,1
C06824,23,Nữ,Hà Nội,9,3,0
C06825,49,Nam,Đà Nẵng,12,1,1
C06826,44,Nam,TP HCM,39,3,0
C06827,58,Nữ,TP HCM,30,0,0
C06828,34,Nam,TP HCM,30,0,1
C06829,67,Nữ,TP HCM,60,1,0
C06830,27,Nam,Hà Nội,47,0,0
C06831,47,Nữ,Hải Phòng,5,1,0
C06832,49,Nam,Hà Nội,51,1,0
C06833,46,Nam,TP HCM,7,0,1
C06834,25,Nữ,Đà Nẵng,41,2,0
C06835,28,Nữ,TP HCM,54,1,1
C06836,45,Nam,TP HCM,39,1,1
C06837,48,Nam,Đà Nẵng,14,3,1
C06838,62,Nữ,Hải Phòng,36,2,0
C06839,46,Nam,TP HCM,16,1,1
C06840,64,Nam,TP HCM,31,2,1
C06841,37,Nam,Hà Nội,52,2,1
C06842,35,Nam,TP HCM,13,0,0
C06843,27,Nữ,TP HCM,35,0,1
C06844,66,Nam,Cần Thơ,56,0,0
C06845,51,Nữ,Hà Nội,6,0,1
C06846,54,Nam,TP HCM,51,0,1
C06847,40,Nam,TP HCM,23,1,1
C06848,22,Nam,Đà Nẵng,27,1,1
C06849,34,Nam,Hà Nội,54,1,0
C06850,32,Nữ,TP HCM,45,1,1
C06851,45,Nữ,Hà Nội,27,0,0
C06852,52,Nữ,TP HCM,44,0,0
C06853,24,Nữ,TP HCM,10,1,1
C06854,18,Nữ,Hà Nội,36,1,1
C06855,67,Nam,TP HCM,1,3,1
C06856,67,Nam,Hải Phòng,4,1,0
C06857,53,Nữ,Cần Thơ,39,0,0
C06858,59,Nam,Hà Nội,46,1,0
C06859,67,Nam,Đà Nẵng,3,0,1
C06860,30,Nam,TP HCM,24,1,1
C06861,48,Nữ,TP HCM,31,4,1
C06862,49,Nữ,Cần Thơ,3,2,1
C06863,21,Nam,Đà Nẵng,1,2,1
C06864,35,Nam,Cần Thơ,23,1,0
C06865,48,Nữ,Hà Nội,15,1,0
C06866,58,Nam,Đà Nẵng,24,0,0
C06867,49,Nữ,TP HCM,20,2,1
C06868,41,Nữ,Hà Nội,60,4,0
C06869,58,Nữ,Hà Nội,18,3,1
C06870,44,Nam,Cần Thơ,34,1,1
C06871,50,Nữ,TP HCM,23,0,0
C06872,22,Nữ,Cần Thơ,5,1,1
C06873,63,Nam,TP HCM,8,0,1
C06874,25,Nữ,TP HCM,20,1,0
C06875,69,Nam,Hải Phòng,28,3,0
C06876,44,Nữ,Hà Nội,42,1,0
C06877,34,Nam,TP HCM,57,1,0
C06878,66,Nam,TP HCM,51,1,1
C06879,22,Nữ,TP HCM,25,0,1
C06880,27,Nam,TP HCM,9,0,0
C06881,60,Nữ,Hà Nội,48,0,0
C06882,58,Nam,Hải Phòng,5,0,1
C06883,65,Nữ,Đà Nẵng,46,3,0
C06884,66,Nữ,TP HCM,49,0,0
C06885,34,Nữ,Hà Nội,47,0,0
C06886,70,Nữ,Cần Thơ,30,2,0
C06887,21,Nữ,Hà Nội,33,0,1
C06888,55,Nữ,Hà Nội,13,2,0
C06889,59,Nam,TP HCM,36,2,0
C06890,25,Nữ,Hải Phòng,33,1,0
C06891,25,Nữ,Cần Thơ,33,1,1
C06892,62,Nữ,TP HCM,11,2,0
C06893,53,Nam,Cần Thơ,8,1,0
C06894,43,Nam,Hà Nội,22,1,0
C06895,34,Nữ,Đà Nẵng,49,0,0
C06896,54,Nữ,Hải Phòng,7,0,1
C06897,28,Nam,TP HCM,56,4,1
C06898,50,Nam,Đà Nẵng,33,4,0
C06899,58,Nam,TP HCM,39,0,0
C06900,45,Nữ,Hà Nội,46,0,0
C06901,39,Nữ,Hà Nội,12,2,0
C06902,55,Nam,TP HCM,27,1,1
C06903,31,Nữ,Hải Phòng,44,2,0
C06904,22,Nữ,Hà Nội,37,2,0
C06905,33,Nam,TP HCM,46,0,1
C06906,47,Nữ,Hải Phòng,46,2,0
C06907,29,Nữ,Cần Thơ,47,1,1
C06908,62,Nữ,Hà Nội,2,4,1
C06909,68,Nữ,Hà Nội,25,2,1
C06910,63,Nữ,TP HCM,45,2,1
C06911,52,Nữ,Hải Phòng,43,1,0
C06912,32,Nữ,Đà Nẵng,37,1,0
C06913,47,Nữ,Hà Nội,55,0,1
C06914,34,Nam,Hà Nội,4,0,0
C06915,18,Nam,Hải Phòng,21,2,1
C06916,66,Nam,Hà Nội,5,1,0
C06917,35,Nữ,TP HCM,48,1,0
C06918,47,Nam,Hải Phòng,40,1,1
C06919,58,Nữ,TP HCM,33,3,0
C06920,70,Nam,Hà Nội,44,0,0
C06921,64,Nữ,Hải Phòng,6,1,0
C06922,62,Nữ,Hà Nội,19,1,1
C06923,40,Nữ,TP HCM,49,2,0
C06924,41,Nữ,Hà Nội,16,3,0
C06925,61,Nữ,Hà Nội,58,2,0
C06926,25,Nữ,TP HCM,4,1,1
C06927,38,Nam,TP HCM,1,1,1
C06928,69,Nam,Hải Phòng,34,1,0
C06929,42,Nữ,Hà Nội,47,3,0
C06930,26,Nữ,Cần Thơ,1,0,0
C06931,61,Nam,Hà Nội,27,0,0
C06932,25,Nữ,Đà Nẵng,7,1,1
C06933,33,Nữ,Hà Nội,27,1,0
C06934,66,Nữ,TP HCM,2,0,0
C06935,69,Nữ,Cần Thơ,36,0,1
C06936,47,Nam,Đà Nẵng,5,2,1
C06937,24,Nữ,Đà Nẵng,12,2,0
C06938,25,Nam,TP HCM,27,1,1
C06939,63,Nam,TP HCM,28,2,1
C06940,61,Nữ,TP HCM,43,0,0
C06941,46,Nữ,Hải Phòng,7,2,1
C06942,50,Nữ,Hà Nội,33,1,1
C06943,19,Nữ,Hải Phòng,3,0,0
C06944,58,Nữ,Hà Nội,12,0,1
C06945,25,Nữ,Đà Nẵng,30,0,0
C06946,61,Nam,TP HCM,50,2,0
C06947,27,Nữ,TP HCM,4,2,1
C06948,23,Nam,Hà Nội,10,2,1
C06949,28,Nam,Hà Nội,38,3,1
C06950,31,Nữ,Đà Nẵng,14,1,1
C06951,26,Nữ,Cần Thơ,41,1,1
C06952,18,Nam,Hà Nội,58,2,0
C06953,64,Nữ,TP HCM,12,2,1
C06954,57,Nữ,Đà Nẵng,47,3,1
C06955,37,Nữ,Hải Phòng,40,2,1
C06956,42,Nam,Hà Nội,30,1,0
C06957,52,Nữ,Đà Nẵng,37,1,1
C06958,20,Nam,Hà Nội,8,2,0
C06959,29,Nữ,Hải Phòng,59,1,0
C06960,66,Nam,TP HCM,53,2,1
C06961,36,Nam,TP HCM,31,0,0
C06962,34,Nam,Đà Nẵng,14,1,1
C06963,19,Nữ,Cần Thơ,10,2,1
C06964,61,Nam,TP HCM,15,0,1
C06965,30,Nam,TP HCM,11,0,1
C06966,41,Nữ,Hà Nội,59,1,0
C06967,19,Nam,TP HCM,55,2,1
C06968,50,Nữ,Hà Nội,47,0,0
C06969,25,Nam,TP HCM,13,3,1
C06970,61,Nam,Đà Nẵng,9,4,1
C06971,53,Nam,Đà Nẵng,21,2,0
C06972,51,Nữ,Hà Nội,59,1,0
C06973,69,Nam,TP HCM,55,2,1
C06974,60,Nữ,TP HCM,14,0,0
C06975,22,Nam,Đà Nẵng,28,0,0
C06976,56,Nam,Hà Nội,16,2,1
C06977,28,Nam,Hà Nội,16,3,1
C06978,34,Nam,Đà Nẵng,14,1,0
C06979,66,Nam,Hà Nội,53,1,0
C06980,30,Nữ,Hà Nội,32,1,0
C06981,36,Nữ,TP HCM,36,3,0
C06982,40,Nữ,Hải Phòng,46,3,0
C06983,67,Nam,Hà Nội,39,2,1
C06984,21,Nữ,TP HCM,58,2,0
C06985,50,Nữ,Hà Nội,30,0,0
C06986,21,Nam,TP HCM,1,1,1
C06987,54,Nữ,TP HCM,36,1,1
C06988,56,Nữ,Hà Nội,7,2,1
C06989,65,Nữ,TP HCM,45,1,0
C06990,67,Nữ,TP HCM,31,0,0
C06991,54,Nữ,TP HCM,33,1,0
C06992,24,Nữ,TP HCM,60,2,0
C06993,19,Nữ,Đà Nẵng,37,2,1
C06994,46,Nam,Hà Nội,28,0,1
C06995,31,Nữ,Đà Nẵng,16,0,0
C06996,63,Nam,TP HCM,17,2,0
C06997,54,Nữ,Hà Nội,16,2,1
C06998,48,Nữ,TP HCM,55,2,1
C06999,38,Nam,Hà Nội,2,0,1
C07000,58,Nam,TP HCM,28,2,0
C07001,57,Nữ,Hà Nội,12,0,1
C07002,38,Nữ,TP HCM,37,0,0
C07003,37,Nam,Hải Phòng,6,0,0
C07004,34,Nam,Đà Nẵng,50,0,0
C07005,32,Nữ,Hà Nội,41,3,1
C07006,21,Nữ,TP HCM,41,3,0
C07007,35,Nữ,Hà Nội,13,3,1
C07008,26,Nữ,Hà Nội,59,0,0
C07009,20,Nam,Hà Nội,24,1,0
C07010,66,Nam,Hải Phòng,39,0,0
C07011,60,Nữ,TP HCM,48,2,1
C07012,37,Nữ,Đà Nẵng,4,2,0
C07013,70,Nữ,Hà Nội,17,0,1
C07014,23,Nữ,Hà Nội,58,4,0
C07015,64,Nữ,Hà Nội,3,2,0
C07016,43,Nữ,Hà Nội,11,2,1
C07017,57,Nữ,TP HCM,41,1,1
C07018,55,Nam,Hà Nội,24,0,1
C07019,70,Nữ,Cần Thơ,55,3,1
C07020,53,Nữ,Hà Nội,31,1,0
C07021,30,Nam,Đà Nẵng,17,4,1
C07022,70,Nữ,Cần Thơ,2,1,1
C07023,56,Nam,Đà Nẵng,51,0,0
C07024,32,Nữ,Cần Thơ,48,0,0
C07025,54,Nữ,Đà Nẵng,48,0,0
C07026,40,Nữ,TP HCM,5,1,1
C07027,34,Nam,TP HCM,23,0,1
C07028,54,Nam,TP HCM,21,2,0
C07029,47,Nam,Hà Nội,7,4,1
C07030,22,Nam,Hà Nội,45,1,0
C07031,18,Nam,Hà Nội,13,1,0
C07032,46,Nữ,Hà Nội,2,0,1
C07033,36,Nữ,Hà Nội,53,2,0
C07034,39,Nam,Cần Thơ,28,0,0
C07035,69,Nam,TP HCM,20,1,1
C07036,59,Nữ,Hà Nội,45,0,0
C07037,47,Nam,Hà Nội,28,0,0
C07038,67,Nữ,TP HCM,29,1,0
C07039,18,Nam,TP HCM,11,0,0
C07040,61,Nam,TP HCM,12,4,1
C07041,28,Nam,TP HCM,51,1,0
C07042,66,Nam,Đà Nẵng,53,1,0
C07043,69,Nam,TP HCM,26,0,0
C07044,25,Nam,Hà Nội,55,0,0
C07045,32,Nữ,Đà Nẵng,41,0,0
C07046,19,Nam,Đà Nẵng,24,0,0
C07047,49,Nam,Cần Thơ,42,1,1
C07048,21,Nữ,Đà Nẵng,19,0,1
C07049,39,Nam,Đà Nẵng,44,0,1
C07050,48,Nữ,Đà Nẵng,7,2,1
C07051,70,Nữ,TP HCM,23,0,1
C07052,37,Nữ,Hà Nội,38,0,0
C07053,47,Nữ,Đà Nẵng,51,2,0
C07054,34,Nữ,Hải Phòng,45,1,1
C07055,39,Nữ,Đà Nẵng,45,1,1
C07056,29,Nữ,TP HCM,42,2,0
C07057,61,Nam,TP HCM,2,2,1
C07058,42,Nam,Hải Phòng,49,1,0
C07059,63,Nữ,Hải Phòng,27,2,1
C07060,58,Nữ,Cần Thơ,33,3,1
C07061,31,Nam,Hà Nội,18,4,1
C07062,26,Nam,TP HCM,18,4,0
C07063,40,Nữ,Hà Nội,17,1,0
C07064,57,Nam,Đà Nẵng,8,1,0
C07065,48,Nam,Hà Nội,44,2,0
C07066,59,Nam,Cần Thơ,5,1,0
C07067,39,Nam,TP HCM,57,3,1
C07068,47,Nữ,Đà Nẵng,40,2,1
C07069,68,Nam,Đà Nẵng,9,2,1
C07070,46,Nữ,TP HCM,55,4,1
C07071,40,Nữ,Hà Nội,44,0,1
C07072,22,Nữ,Hà Nội,27,0,0
C07073,50,Nam,Hà Nội,45,1,0
C07074,20,Nam,Hà Nội,54,3,0
C07075,49,Nữ,Hà Nội,18,1,0
C07076,30,Nữ,Đà Nẵng,58,0,0
C07077,63,Nữ,TP HCM,56,0,0
C07078,57,Nữ,Cần Thơ,26,2,1
C07079,46,Nữ,Cần Thơ,16,1,1
C07080,41,Nam,TP HCM,8,2,1
C07081,23,Nam,TP HCM,8,2,0
C07082,48,Nam,Hà Nội,49,0,0
C07083,48,Nữ,Hà Nội,34,0,0
C07084,58,Nữ,Hà Nội,25,2,1
C07085,64,Nam,Cần Thơ,31,2,1
C07086,18,Nam,Đà Nẵng,2,0,1
C07087,64,Nữ,Đà Nẵng,28,0,1
C07088,32,Nữ,TP HCM,42,2,0
C07089,34,Nữ,Cần Thơ,44,2,1
C07090,52,Nữ,Cần Thơ,56,1,0
C07091,42,Nam,Hải Phòng,26,3,1
C07092,51,Nữ,Hải Phòng,28,0,0
C07093,69,Nữ,Hải Phòng,29,3,0
C07094,61,Nam,TP HCM,56,2,0
C07095,32,Nữ,Cần Thơ,40,1,0
C07096,41,Nữ,TP HCM,42,0,1
C07097,25,Nữ,Hà Nội,59,0,0
C07098,46,Nữ,TP HCM,19,0,1
C07099,54,Nữ,TP HCM,46,0,0
C07100,23,Nam,Hà Nội,6,0,0
C07101,55,Nữ,Cần Thơ,39,0,0
C07102,40,Nữ,Cần Thơ,52,0,1
C07103,61,Nam,Hà Nội,21,0,1
C07104,26,Nữ,Hà Nội,26,2,1
C07105,24,Nam,TP HCM,45,0,1
C07106,27,Nữ,Đà Nẵng,51,1,1
C07107,19,Nam,Hà Nội,34,1,1
C07108,44,Nam,Hà Nội,5,0,0
C07109,43,Nữ,Hải Phòng,60,1,1
C07110,37,Nữ,Cần Thơ,22,0,0
C07111,26,Nữ,Hải Phòng,8,2,0
C07112,42,Nam,Hà Nội,58,1,1
C07113,23,Nam,TP HCM,38,1,0
C07114,40,Nam,Hải Phòng,55,1,0
C07115,30,Nữ,TP HCM,40,0,0
C07116,59,Nam,Hà Nội,45,0,0
C07117,33,Nam,Cần Thơ,54,3,0
C07118,51,Nữ,Đà Nẵng,17,0,0
C07119,26,Nam,TP HCM,29,2,0
C07120,19,Nam,TP HCM,15,2,0
C07121,55,Nam,Hà Nội,4,1,1
C07122,40,Nữ,Hà Nội,50,1,0
C07123,61,Nam,Cần Thơ,8,3,1
C07124,41,Nam,Hải Phòng,5,1,1
C07125,29,Nam,Hải Phòng,60,0,0
C07126,25,Nam,Hải Phòng,27,0,0
C07127,25,Nữ,Hải Phòng,30,4,1
C07128,67,Nam,TP HCM,11,2,1
C07129,33,Nữ,Hà Nội,21,1,1
C07130,46,Nữ,TP HCM,18,1,0
C07131,38,Nữ,Hải Phòng,42,0,0
C07132,31,Nam,TP HCM,52,0,0
C07133,67,Nam,Hà Nội,38,1,0
C07134,24,Nam,TP HCM,32,2,0
C07135,61,Nam,Hải Phòng,11,1,1
C07136,50,Nam,Đà Nẵng,49,0,1
C07137,55,Nữ,Hải Phòng,14,2,1
C07138,34,Nữ,TP HCM,8,1,0
C07139,62,Nam,Đà Nẵng,53,3,1
C07140,38,Nam,Hải Phòng,13,3,1
C07141,59,Nữ,Đà Nẵng,36,2,0
C07142,66,Nữ,TP HCM,24,1,1
C07143,32,Nam,Đà Nẵng,50,1,1
C07144,69,Nam,Hà Nội,29,2,0
C07145,18,Nam,Đà Nẵng,41,1,0
C07146,51,Nam,Hà Nội,33,5,1
C07147,61,Nữ,TP HCM,31,5,1
C07148,61,Nam,Hà Nội,22,0,0
C07149,22,Nam,Cần Thơ,31,2,1
C07150,61,Nữ,TP HCM,54,2,0
C07151,20,Nữ,Hà Nội,2,0,1
C07152,35,Nữ,Đà Nẵng,15,0,1
C07153,48,Nam,Hải Phòng,31,4,0
C07154,57,Nữ,Hải Phòng,49,1,1
C07155,24,Nam,TP HCM,36,0,0
C07156,27,Nam,Hà Nội,44,1,1
C07157,64,Nam,Đà Nẵng,42,0,0
C07158,63,Nam,Hà Nội,30,2,1
C07159,53,Nam,Hải Phòng,42,2,0
C07160,63,Nữ,Cần Thơ,6,1,1
C07161,51,Nam,Đà Nẵng,41,1,0
C07162,49,Nam,Cần Thơ,32,1,0
C07163,35,Nam,TP HCM,26,0,1
C07164,24,Nữ,Cần Thơ,41,0,0
C07165,34,Nữ,Cần Thơ,51,1,0
C07166,43,Nam,Đà Nẵng,44,1,1
C07167,21,Nam,Hà Nội,23,0,1
C07168,51,Nam,TP HCM,8,1,0
C07169,22,Nam,Đà Nẵng,12,1,0
C07170,49,Nam,Cần Thơ,40,2,0
C07171,33,Nam,TP HCM,27,3,1
C07172,19,Nam,Hà Nội,34,0,1
C07173,62,Nam,Hà Nội,20,2,1
C07174,35,Nam,Hà Nội,27,2,0
C07175,38,Nữ,Hà Nội,60,0,0
C07176,24,Nam,Hà Nội,58,0,0
C07177,30,Nữ,TP HCM,12,0,1
C07178,64,Nữ,Hải Phòng,52,1,1
C07179,35,Nam,Hải Phòng,58,1,0
C07180,21,Nữ,Hà Nội,5,4,0
C07181,47,Nữ,Hà Nội,23,1,1
C07182,37,Nữ,TP HCM,49,1,0
C07183,53,Nữ,TP HCM,35,0,0
C07184,46,Nam,Hải Phòng,33,0,0
C07185,65,Nữ,TP HCM,19,0,0
C07186,41,Nam,TP HCM,9,1,1
C07187,31,Nữ,Hải Phòng,28,1,1
C07188,60,Nữ,Đà Nẵng,59,1,0
C07189,23,Nữ,TP HCM,20,1,1
C07190,20,Nam,Cần Thơ,38,1,0
C07191,41,Nữ,TP HCM,9,1,0
C07192,38,Nữ,Hà Nội,56,0,0
C07193,65,Nam,Hà Nội,56,1,0
C07194,61,Nữ,Hải Phòng,4,0,0
C07195,19,Nam,Đà Nẵng,49,2,1
C07196,36,Nam,Cần Thơ,4,0,1
C07197,57,Nam,Đà Nẵng,24,3,1
C07198,49,Nữ,Hải Phòng,24,2,1
C07199,18,Nam,Đà Nẵng,33,0,0
C07200,39,Nữ,TP HCM,41,3,1
C07201,40,Nữ,TP HCM,35,0,1
C07202,56,Nữ,Hà Nội,5,0,0
C07203,49,Nam,Đà Nẵng,9,1,0
C07204,65,Nữ,Cần Thơ,35,1,1
C07205,37,Nam,Cần Thơ,4,1,1
C07206,39,Nữ,Cần Thơ,49,1,1
C07207,29,Nam,Đà Nẵng,7,3,1
C07208,25,Nữ,Hà Nội,14,0,0
C07209,68,Nam,Hà Nội,28,0,0
C07210,52,Nữ,Đà Nẵng,49,1,0
C07211,38,Nam,Hà Nội,19,2,1
C07212,24,Nam,Hà Nội,46,0,0
C07213,44,Nữ,TP HCM,7,0,1
C07214,26,Nam,TP HCM,50,1,1
C07215,36,Nữ,TP HCM,57,0,1
C07216,31,Nam,Hà Nội,24,4,1
C07217,48,Nam,Đà Nẵng,21,1,1
C07218,66,Nam,Cần Thơ,3,1,0
C07219,59,Nam,TP HCM,15,1,1
C07220,66,Nữ,TP HCM,11,1,1
C07221,23,Nữ,TP HCM,4,1,0
C07222,69,Nam,TP HCM,22,1,0
C07223,18,Nam,Cần Thơ,26,3,0
C07224,66,Nữ,Cần Thơ,60,1,0
C07225,68,Nữ,Hải Phòng,16,1,1
C07226,45,Nữ,Hà Nội,13,2,1
C07227,42,Nữ,Hải Phòng,38,0,1
C07228,47,Nam,TP HCM,50,1,1
C07229,42,Nữ,Đà Nẵng,28,0,1
C07230,20,Nữ,Đà Nẵng,17,1,1
C07231,33,Nữ,Hà Nội,43,1,1
C07232,19,Nam,Cần Thơ,12,1,1
C07233,62,Nữ,Hà Nội,4,0,1
C07234,56,Nam,Đà Nẵng,46,4,1
C07235,31,Nam,Hải Phòng,48,1,0
C07236,29,Nữ,Hà Nội,8,1,1
C07237,22,Nam,TP HCM,28,0,0
C07238,20,Nam,Đà Nẵng,37,0,0
C07239,22,Nam,TP HCM,1,2,1
C07240,50,Nam,TP HCM,20,2,1
C07241,52,Nam,TP HCM,32,1,0
C07242,43,Nam,Cần Thơ,59,1,1
C07243,59,Nam,TP HCM,37,1,0
C07244,24,Nữ,Hà Nội,41,0,1
C07245,67,Nữ,TP HCM,29,1,1
C07246,19,Nam,TP HCM,44,2,0
C07247,35,Nữ,Đà Nẵng,19,0,1
C07248,39,Nam,TP HCM,39,0,0
C07249,64,Nữ,Đà Nẵng,19,1,1
C07250,61,Nam,TP HCM,45,1,0
C07251,58,Nam,TP HCM,40,1,0
C07252,29,Nữ,Hà Nội,42,1,0
C07253,52,Nam,Đà Nẵng,15,2,1
C07254,49,Nữ,Hà Nội,14,3,1
C07255,42,Nam,Hải Phòng,14,0,0
C07256,34,Nam,Hà Nội,8,0,1
C07257,70,Nữ,Hà Nội,27,2,1
C07258,20,Nam,Cần Thơ,3,0,1
C07259,57,Nam,Hà Nội,48,3,0
C07260,45,Nữ,Hà Nội,43,3,0
C07261,55,Nữ,Hà Nội,17,2,1
C07262,50,Nam,Hà Nội,3,1,0
C07263,65,Nữ,TP HCM,32,0,0
C07264,64,Nam,TP HCM,13,2,1
C07265,70,Nữ,TP HCM,48,0,1
C07266,24,Nữ,Hà Nội,55,0,0
C07267,42,Nam,Hà Nội,26,3,1
C07268,43,Nữ,Hải Phòng,41,0,0
C07269,39,Nam,Cần Thơ,44,1,0
C07270,42,Nữ,TP HCM,19,2,0
C07271,58,Nữ,TP HCM,47,0,0
C07272,24,Nam,TP HCM,33,1,1
C07273,29,Nữ,TP HCM,18,3,1
C07274,69,Nam,TP HCM,48,0,0
C07275,49,Nữ,Hải Phòng,43,0,1
C07276,22,Nữ,Hà Nội,56,0,1
C07277,44,Nữ,TP HCM,21,2,1
C07278,39,Nam,Đà Nẵng,37,0,0
C07279,60,Nam,Đà Nẵng,42,2,0
C07280,27,Nữ,Cần Thơ,27,0,0
C07281,60,Nam,TP HCM,28,1,1
C07282,43,Nam,TP HCM,52,1,0
C07283,27,Nam,Đà Nẵng,3,0,1
C07284,57,Nam,TP HCM,25,2,1
C07285,37,Nam,Đà Nẵng,41,0,0
C07286,25,Nam,Hà Nội,1,2,1
C07287,45,Nữ,Hà Nội,15,1,0
C07288,39,Nam,TP HCM,49,3,1
C07289,44,Nữ,Hà Nội,52,4,1
C07290,38,Nữ,Đà Nẵng,1,0,0
C07291,27,Nữ,TP HCM,55,1,0
C07292,62,Nữ,Hải Phòng,60,1,0
C07293,50,Nữ,Đà Nẵng,41,0,0
C07294,26,Nữ,Hà Nội,57,1,0
C07295,32,Nam,Hà Nội,33,0,1
C07296,22,Nữ,Hà Nội,51,0,0
C07297,22,Nữ,Hà Nội,47,1,0
C07298,28,Nữ,Hà Nội,54,1,0
C07299,47,Nam,Hà Nội,53,1,0
C07300,61,Nam,TP HCM,46,1,0
C07301,56,Nam,Hải Phòng,11,0,1
C07302,60,Nữ,TP HCM,50,1,1
C07303,31,Nữ,Đà Nẵng,41,2,1
C07304,46,Nữ,Cần Thơ,45,2,0
C07305,45,Nữ,Hà Nội,22,0,0
C07306,51,Nữ,Hà Nội,34,2,0
C07307,45,Nam,TP HCM,35,2,0
C07308,34,Nữ,Đà Nẵng,22,0,0
C07309,37,Nữ,Đà Nẵng,26,1,1
C07310,33,Nữ,Hà Nội,36,2,0
C07311,18,Nam,TP HCM,1,0,0
C07312,23,Nam,TP HCM,57,2,0
C07313,23,Nữ,Hà Nội,34,1,1
C07314,31,Nữ,Hà Nội,1,2,1
C07315,41,Nam,TP HCM,1,0,0
C07316,29,Nữ,TP HCM,52,2,0
C07317,21,Nam,Hà Nội,29,4,1
C07318,42,Nữ,Hà Nội,37,1,1
C07319,56,Nữ,Đà Nẵng,15,1,0
C07320,56,Nữ,Cần Thơ,57,1,0
C07321,23,Nam,Hà Nội,51,1,0
C07322,19,Nữ,TP HCM,29,0,0
C07323,58,Nam,TP HCM,2,2,1
C07324,48,Nữ,Hải Phòng,40,0,0
C07325,32,Nữ,TP HCM,27,1,1
C07326,42,Nam,Hà Nội,23,1,1
C07327,70,Nữ,Hà Nội,31,1,0
C07328,32,Nữ,Đà Nẵng,53,1,0
C07329,61,Nam,Hải Phòng,27,0,0
C07330,49,Nữ,Đà Nẵng,23,0,0
C07331,22,Nữ,TP HCM,10,1,0
C07332,37,Nữ,Đà Nẵng,40,1,1
C07333,20,Nữ,TP HCM,59,2,0
C07334,46,Nữ,TP HCM,22,0,0
C07335,20,Nữ,TP HCM,56,1,0
C07336,48,Nam,TP HCM,11,3,0
C07337,46,Nam,Hà Nội,49,0,1
C07338,24,Nam,Hà Nội,1,0,0
C07339,58,Nữ,Hà Nội,56,1,0
C07340,39,Nữ,Hà Nội,28,0,0
C07341,63,Nữ,Hà Nội,2,1,1
C07342,51,Nam,Hà Nội,31,3,0
C07343,66,Nữ,TP HCM,37,0,0
C07344,24,Nam,Hải Phòng,29,2,1
C07345,57,Nam,Hà Nội,26,1,1
C07346,31,Nam,Hải Phòng,1,3,1
C07347,43,Nữ,Hải Phòng,41,1,0
C07348,48,Nữ,TP HCM,58,1,0
C07349,38,Nữ,TP HCM,13,4,1
C07350,62,Nữ,Hà Nội,5,1,1
C07351,66,Nam,TP HCM,21,3,1
C07352,52,Nam,Đà Nẵng,14,2,0
C07353,49,Nam,Hà Nội,29,0,0
C07354,62,Nữ,TP HCM,59,1,0
C07355,47,Nam,TP HCM,9,1,1
C07356,26,Nữ,TP HCM,38,1,0
C07357,33,Nam,Đà Nẵng,19,3,1
C07358,66,Nữ,TP HCM,36,5,1
C07359,53,Nam,TP HCM,5,2,1
C07360,31,Nữ,Đà Nẵng,20,0,1
C07361,34,Nữ,Hải Phòng,37,1,0
C07362,60,Nam,Hải Phòng,3,4,1
C07363,35,Nam,TP HCM,34,1,0
C07364,20,Nam,Đà Nẵng,38,1,0
C07365,60,Nam,Hà Nội,38,1,1
C07366,67,Nữ,TP HCM,5,2,0
C07367,55,Nữ,Hà Nội,10,0,0
C07368,46,Nam,Hà Nội,6,0,1
C07369,55,Nữ,TP HCM,48,1,0
C07370,36,Nam,TP HCM,25,0,0
C07371,23,Nam,Hà Nội,27,1,0
C07372,43,Nữ,Hà Nội,42,1,0
C07373,58,Nữ,Đà Nẵng,30,1,1
C07374,32,Nam,Đà Nẵng,38,0,0
C07375,59,Nam,TP HCM,29,1,0
C07376,44,Nam,TP HCM,5,2,0
C07377,50,Nam,TP HCM,25,1,0
C07378,65,Nữ,Hải Phòng,16,1,0
C07379,29,Nữ,Đà Nẵng,51,0,0
C07380,57,Nam,Đà Nẵng,22,0,1
C07381,34,Nam,Cần Thơ,43,1,0
C07382,25,Nữ,Đà Nẵng,21,0,0
C07383,33,Nam,Hải Phòng,57,2,0
C07384,49,Nam,Hà Nội,9,0,0
C07385,69,Nữ,Hà Nội,4,1,1
C07386,58,Nam,Hà Nội,22,0,0
C07387,31,Nam,TP HCM,27,3,0
C07388,66,Nam,Cần Thơ,11,1,0
C07389,30,Nữ,Hải Phòng,46,2,0
C07390,48,Nữ,Cần Thơ,43,1,0
C07391,54,Nam,TP HCM,8,1,1
C07392,64,Nữ,Đà Nẵng,17,1,1
C07393,70,Nam,TP HCM,23,3,0
C07394,42,Nữ,TP HCM,3,1,0
C07395,41,Nam,Hà Nội,1,1,1
C07396,20,Nam,TP HCM,45,0,1
C07397,70,Nam,Hải Phòng,28,2,0
C07398,33,Nam,Hà Nội,9,1,1
C07399,69,Nam,Hà Nội,3,1,0
C07400,61,Nữ,TP HCM,9,0,0
C07401,55,Nữ,TP HCM,19,1,1
C07402,38,Nữ,TP HCM,37,2,1
C07403,46,Nữ,Hải Phòng,25,0,1
C07404,62,Nam,TP HCM,24,1,1
C07405,59,Nam,Hà Nội,58,2,0
C07406,56,Nam,Hà Nội,31,1,0
C07407,64,Nữ,Hà Nội,20,2,1
C07408,55,Nam,Hà Nội,10,0,1
C07409,52,Nữ,Hải Phòng,33,0,1
C07410,34,Nữ,Hà Nội,14,4,1
C07411,54,Nam,Hà Nội,52,0,0
C07412,69,Nam,Hà Nội,15,0,0
C07413,38,Nam,TP HCM,21,1,0
C07414,47,Nam,TP HCM,40,1,0
C07415,63,Nam,Hải Phòng,27,0,1
C07416,48,Nữ,Đà Nẵng,28,0,0
C07417,44,Nam,Hà Nội,47,1,0
C07418,40,Nữ,Hải Phòng,1,2,1
C07419,70,Nữ,Hải Phòng,15,1,1
C07420,69,Nam,Hà Nội,57,0,1
C07421,24,Nữ,Đà Nẵng,8,4,1
C07422,54,Nữ,TP HCM,38,0,0
C07423,51,Nam,Đà Nẵng,40,0,0
C07424,39,Nữ,Hải Phòng,1,3,1
C07425,23,Nam,Hà Nội,27,2,1
C07426,27,Nữ,Cần Thơ,15,3,1
C07427,63,Nam,Đà Nẵng,13,3,1
C07428,41,Nam,Hải Phòng,8,0,0
C07429,56,Nam,Hải Phòng,33,3,0
C07430,68,Nam,Đà Nẵng,46,1,0
C07431,20,Nữ,Hà Nội,30,0,0
C07432,35,Nữ,Hà Nội,29,3,1
C07433,47,Nam,TP HCM,42,1,1
C07434,67,Nữ,TP HCM,15,2,0
C07435,31,Nam,TP HCM,47,1,1
C07436,52,Nữ,Cần Thơ,4,2,1
C07437,49,Nam,Hà Nội,22,2,0
C07438,34,Nam,Hà Nội,5,1,0
C07439,33,Nam,Hà Nội,52,3,1
C07440,31,Nữ,TP HCM,50,0,0
C07441,68,Nam,Hà Nội,13,0,0
C07442,59,Nữ,Cần Thơ,9,1,1
C07443,21,Nữ,Đà Nẵng,27,0,1
C07444,62,Nam,Cần Thơ,25,1,0
C07445,34,Nữ,TP HCM,32,0,0
C07446,23,Nữ,TP HCM,12,2,1
C07447,35,Nữ,Cần Thơ,10,0,0
C07448,44,Nữ,Hà Nội,41,0,0
C07449,43,Nữ,TP HCM,3,1,1
C07450,55,Nữ,Hà Nội,41,1,0
C07451,54,Nữ,Hà Nội,12,2,0
C07452,18,Nữ,Hà Nội,49,3,0
C07453,22,Nam,TP HCM,9,1,1
C07454,53,Nam,Hà Nội,52,1,0
C07455,53,Nam,Hà Nội,15,1,0
C07456,28,Nam,Hải Phòng,35,2,0
C07457,55,Nam,TP HCM,28,1,0
C07458,59,Nữ,Cần Thơ,33,1,0
C07459,42,Nam,TP HCM,28,1,0
C07460,60,Nam,Hà Nội,45,0,0
C07461,38,Nữ,Đà Nẵng,50,0,0
C07462,44,Nam,Cần Thơ,11,2,1
C07463,53,Nữ,Hà Nội,20,1,0
C07464,70,Nam,TP HCM,28,0,0
C07465,34,Nam,TP HCM,9,0,1
C07466,62,Nam,Hà Nội,14,0,1
C07467,61,Nam,TP HCM,52,1,0
C07468,21,Nam,Hà Nội,22,2,1
C07469,51,Nữ,TP HCM,42,2,0
C07470,58,Nữ,Hà Nội,41,1,0
C07471,29,Nữ,TP HCM,49,1,1
C07472,52,Nam,Hà Nội,55,0,1
C07473,33,Nam,TP HCM,22,1,0
C07474,44,Nữ,Hải Phòng,49,0,0
C07475,57,Nam,Đà Nẵng,1,0,1
C07476,45,Nữ,Hải Phòng,22,2,0
C07477,45,Nữ,Hà Nội,58,1,1
C07478,43,Nam,Đà Nẵng,49,1,1
C07479,31,Nam,TP HCM,12,1,1
C07480,52,Nam,Hà Nội,30,2,1
C07481,68,Nữ,Hà Nội,51,2,0
C07482,38,Nam,TP HCM,46,2,0
C07483,21,Nam,Hà Nội,35,1,0
C07484,53,Nữ,Hải Phòng,15,0,1
C07485,30,Nữ,Cần Thơ,24,2,1
C07486,63,Nữ,TP HCM,54,1,0
C07487,37,Nam,Hải Phòng,16,2,1
C07488,47,Nữ,Hà Nội,16,2,0
C07489,69,Nữ,TP HCM,34,2,1
C07490,52,Nữ,Đà Nẵng,36,0,0
C07491,26,Nữ,Hà Nội,29,0,0
C07492,63,Nữ,Hà Nội,24,1,0
C07493,31,Nữ,Hà Nội,33,2,0
C07494,25,Nam,Hà Nội,43,0,0
C07495,44,Nam,Hà Nội,5,0,1
C07496,52,Nam,Hà Nội,24,1,0
C07497,64,Nữ,Cần Thơ,58,0,0
C07498,53,Nam,TP HCM,1,2,0
C07499,60,Nữ,Đà Nẵng,36,1,1
C07500,51,Nam,Hà Nội,51,1,0
C07501,50,Nữ,TP HCM,56,1,0
C07502,22,Nam,Cần Thơ,32,2,1
C07503,32,Nữ,TP HCM,3,1,1
C07504,70,Nữ,Hà Nội,2,1,1
C07505,39,Nữ,Cần Thơ,44,1,1
C07506,54,Nam,Hà Nội,55,1,0
C07507,34,Nam,Hà Nội,30,1,1
C07508,68,Nữ,TP HCM,34,2,0
C07509,44,Nam,TP HCM,53,0,0
C07510,67,Nữ,Hà Nội,1,1,1
C07511,27,Nữ,Hà Nội,12,2,0
C07512,56,Nữ,TP HCM,59,0,0
C07513,19,Nữ,TP HCM,50,2,0
C07514,69,Nam,Đà Nẵng,1,0,1
C07515,58,Nam,TP HCM,4,2,1
C07516,59,Nữ,TP HCM,57,1,0
C07517,26,Nam,Hà Nội,8,1,1
C07518,27,Nam,Hà Nội,51,1,0
C07519,22,Nam,Cần Thơ,17,1,0
C07520,64,Nam,TP HCM,34,0,1
C07521,59,Nữ,Cần Thơ,44,0,1
C07522,50,Nam,Hà Nội,18,0,1
C07523,42,Nam,TP HCM,48,5,1
C07524,60,Nam,Đà Nẵng,41,0,0
C07525,32,Nam,Cần Thơ,53,1,0
C07526,45,Nữ,TP HCM,50,1,1
C07527,26,Nam,Hà Nội,37,0,0
C07528,47,Nữ,Đà Nẵng,42,2,1
C07529,69,Nữ,TP HCM,46,1,1
C07530,52,Nam,Hà Nội,26,2,1
C07531,68,Nam,TP HCM,34,1,1
C07532,46,Nam,TP HCM,20,3,1
C07533,64,Nữ,Cần Thơ,29,3,1
C07534,68,Nam,TP HCM,52,1,0
C07535,69,Nữ,Hải Phòng,10,2,1
C07536,31,Nam,Cần Thơ,42,1,0
C07537,36,Nam,Hà Nội,56,0,0
C07538,54,Nam,Hà Nội,30,3,1
C07539,19,Nữ,TP HCM,22,0,0
C07540,54,Nữ,TP HCM,29,1,1
C07541,34,Nữ,Hà Nội,33,1,0
C07542,27,Nam,Hà Nội,29,3,0
C07543,22,Nữ,TP HCM,10,4,1
C07544,54,Nam,Hải Phòng,18,2,1
C07545,45,Nữ,Hà Nội,43,3,0
C07546,57,Nam,TP HCM,56,2,1
C07547,64,Nữ,Cần Thơ,12,3,1
C07548,48,Nam,Hải Phòng,49,3,1
C07549,29,Nam,TP HCM,42,1,1
C07550,63,Nữ,Hà Nội,16,2,1
C07551,53,Nữ,Đà Nẵng,44,1,1
C07552,35,Nữ,Cần Thơ,16,0,0
C07553,46,Nam,Hà Nội,47,1,0
C07554,68,Nam,Hà Nội,5,0,1
C07555,26,Nam,Hà Nội,22,1,1
C07556,67,Nữ,TP HCM,25,2,1
C07557,32,Nam,TP HCM,26,2,1
C07558,48,Nữ,Đà Nẵng,9,3,1
C07559,50,Nữ,TP HCM,22,0,1
C07560,42,Nữ,Hà Nội,40,0,0
C07561,57,Nữ,Hà Nội,22,1,1
C07562,61,Nam,Hà Nội,21,3,1
C07563,65,Nam,Hà Nội,34,1,1
C07564,55,Nam,Hà Nội,11,2,1
C07565,32,Nam,Hải Phòng,9,1,0
C07566,65,Nữ,Hà Nội,39,2,1
C07567,68,Nữ,TP HCM,11,0,1
C07568,19,Nữ,Cần Thơ,41,1,0
C07569,43,Nữ,TP HCM,23,3,1
C07570,63,Nam,TP HCM,38,1,1
C07571,53,Nam,TP HCM,25,1,0
C07572,59,Nam,Hà Nội,54,2,1
C07573,25,Nam,Hà Nội,36,1,1
C07574,45,Nam,Hà Nội,56,1,0
C07575,39,Nam,Đà Nẵng,37,0,0
C07576,43,Nữ,Hà Nội,17,0,1
C07577,70,Nam,TP HCM,59,0,0
C07578,63,Nam,Hải Phòng,47,2,0
C07579,23,Nữ,Đà Nẵng,57,0,0
C07580,40,Nam,Hà Nội,2,4,1
C07581,39,Nữ,TP HCM,53,0,0
C07582,53,Nữ,Hải Phòng,45,1,0
C07583,66,Nữ,Đà Nẵng,7,2,0
C07584,27,Nữ,Cần Thơ,51,0,0
C07585,36,Nữ,Hà Nội,10,0,1
C07586,46,Nữ,TP HCM,19,1,1
C07587,39,Nữ,Cần Thơ,57,0,0
C07588,49,Nữ,TP HCM,14,3,1
C07589,43,Nam,TP HCM,2,0,0
C07590,54,Nữ,Hà Nội,2,0,0
C07591,53,Nam,TP HCM,44,0,0
C07592,33,Nữ,TP HCM,52,0,0
C07593,18,Nữ,Đà Nẵng,26,0,1
C07594,35,Nữ,Hà Nội,21,1,0
C07595,18,Nam,Hà Nội,32,1,1
C07596,33,Nam,Cần Thơ,50,4,1
C07597,18,Nữ,Hà Nội,18,2,1
C07598,22,Nữ,TP HCM,20,1,1
C07599,22,Nữ,TP HCM,3,0,1
C07600,33,Nam,TP HCM,39,0,0
C07601,23,Nam,Đà Nẵng,13,1,0
C07602,29,Nam,TP HCM,4,2,1
C07603,40,Nữ,TP HCM,9,2,1
C07604,51,Nữ,Cần Thơ,17,3,1
C07605,56,Nam,Hà Nội,25,1,0
C07606,63,Nam,TP HCM,60,0,1
C07607,22,Nữ,TP HCM,7,1,1
C07608,24,Nam,TP HCM,34,2,0
C07609,51,Nữ,Cần Thơ,14,5,1
C07610,62,Nam,TP HCM,20,0,1
C07611,18,Nữ,Đà Nẵng,31,0,1
C07612,57,Nam,Đà Nẵng,10,0,0
C07613,24,Nam,TP HCM,8,1,1
C07614,33,Nam,Đà Nẵng,15,0,0
C07615,34,Nam,TP HCM,48,1,0
C07616,62,Nữ,Hà Nội,21,2,0
C07617,53,Nữ,Đà Nẵng,44,2,0
C07618,53,Nam,TP HCM,44,0,0
C07619,61,Nam,TP HCM,23,1,0
C07620,22,Nữ,Hà Nội,24,0,0
C07621,20,Nữ,TP HCM,60,0,0
C07622,19,Nữ,TP HCM,16,1,0
C07623,23,Nam,Hà Nội,38,1,0
C07624,70,Nam,TP HCM,42,0,0
C07625,60,Nữ,Hải Phòng,13,1,0
C07626,56,Nam,TP HCM,50,2,1
C07627,54,Nữ,Hải Phòng,21,1,0
C07628,23,Nữ,Hải Phòng,59,1,0
C07629,27,Nữ,Hà Nội,37,2,0
C07630,35,Nam,Hà Nội,58,0,0
C07631,37,Nữ,TP HCM,3,0,0
C07632,69,Nữ,TP HCM,7,0,1
C07633,50,Nữ,Đà Nẵng,60,3,0
C07634,62,Nam,Hải Phòng,17,1,0
C07635,44,Nữ,Đà Nẵng,48,2,0
C07636,46,Nam,Cần Thơ,28,2,0
C07637,52,Nữ,TP HCM,19,2,1
C07638,56,Nữ,Hà Nội,37,1,0
C07639,29,Nữ,TP HCM,42,3,0
C07640,66,Nam,Đà Nẵng,40,1,1
C07641,22,Nam,Hà Nội,9,1,1
C07642,26,Nam,TP HCM,25,0,1
C07643,30,Nam,Hà Nội,55,0,0
C07644,57,Nữ,Cần Thơ,56,2,0
C07645,43,Nữ,Hà Nội,52,1,0
C07646,52,Nữ,Hà Nội,25,2,1
C07647,69,Nam,Hà Nội,51,1,0
C07648,70,Nữ,Cần Thơ,37,0,1
C07649,26,Nam,TP HCM,36,4,1
C07650,49,Nữ,TP HCM,13,2,0
C07651,46,Nam,TP HCM,48,1,0
C07652,34,Nữ,Hà Nội,34,2,0
C07653,65,Nam,Đà Nẵng,57,1,1
C07654,22,Nam,TP HCM,30,0,1
C07655,52,Nam,TP HCM,39,3,1
C07656,29,Nữ,Đà Nẵng,12,4,1
C07657,50,Nam,Hà Nội,1,3,1
C07658,49,Nữ,Hà Nội,45,1,1
C07659,60,Nam,TP HCM,36,3,1
C07660,51,Nữ,Hà Nội,40,4,1
C07661,54,Nữ,Hà Nội,24,3,1
C07662,68,Nữ,Hải Phòng,10,0,1
C07663,23,Nam,TP HCM,22,1,0
C07664,50,Nữ,Cần Thơ,29,1,1
C07665,57,Nam,TP HCM,47,0,1
C07666,24,Nam,Cần Thơ,50,2,1
C07667,39,Nam,Hà Nội,31,1,1
C07668,58,Nam,Đà Nẵng,34,0,0
C07669,65,Nữ,Cần Thơ,51,0,1
C07670,30,Nam,Cần Thơ,53,0,0
C07671,60,Nam,TP HCM,12,1,1
C07672,50,Nữ,TP HCM,34,1,1
C07673,48,Nam,Cần Thơ,33,0,0
C07674,31,Nữ,Hà Nội,24,1,0
C07675,44,Nam,TP HCM,32,0,0
C07676,21,Nam,Hà Nội,25,2,1
C07677,54,Nữ,TP HCM,43,2,0
C07678,21,Nam,TP HCM,6,3,1
C07679,53,Nam,Hải Phòng,42,1,0
C07680,44,Nam,Cần Thơ,22,1,0
C07681,42,Nữ,TP HCM,60,1,0
C07682,44,Nam,TP HCM,8,2,0
C07683,20,Nữ,Hải Phòng,33,3,1
C07684,45,Nam,TP HCM,24,4,1
C07685,33,Nữ,TP HCM,10,1,0
C07686,35,Nữ,Cần Thơ,23,0,0
C07687,40,Nam,Hà Nội,32,1,1
C07688,43,Nam,Cần Thơ,25,0,1
C07689,41,Nam,Đà Nẵng,14,1,1
C07690,46,Nam,Hà Nội,46,0,0
C07691,35,Nam,Cần Thơ,17,0,1
C07692,55,Nam,Cần Thơ,17,1,0
C07693,64,Nữ,TP HCM,12,1,0
C07694,30,Nam,Hà Nội,34,1,0
C07695,24,Nam,Đà Nẵng,13,1,1
C07696,36,Nữ,TP HCM,38,0,1
C07697,52,Nam,Hải Phòng,25,3,0
C07698,59,Nam,Hải Phòng,60,1,0
C07699,22,Nữ,Cần Thơ,49,1,0
C07700,28,Nữ,TP HCM,22,1,0
C07701,46,Nam,Đà Nẵng,59,1,1
C07702,52,Nữ,TP HCM,18,1,1
C07703,64,Nam,TP HCM,37,1,0
C07704,42,Nam,TP HCM,45,1,0
C07705,25,Nữ,TP HCM,14,1,0
C07706,57,Nam,TP HCM,26,1,1
C07707,24,Nữ,Hà Nội,54,4,1
C07708,33,Nữ,Hà Nội,56,1,0
C07709,34,Nữ,Hà Nội,51,3,1
C07710,47,Nữ,Hải Phòng,18,2,1
C07711,40,Nam,TP HCM,6,1,0
C07712,46,Nam,TP HCM,14,0,0
C07713,23,Nam,Cần Thơ,21,0,0
C07714,33,Nữ,Hải Phòng,52,2,0
C07715,45,Nữ,Hải Phòng,23,3,1
C07716,23,Nữ,Hải Phòng,1,2,1
C07717,35,Nữ,Đà Nẵng,55,0,0
C07718,62,Nam,Đà Nẵng,55,3,1
C07719,66,Nữ,Hà Nội,41,1,1
C07720,70,Nam,Đà Nẵng,5,3,1
C07721,58,Nữ,Cần Thơ,3,1,0
C07722,30,Nam,TP HCM,11,1,0
C07723,42,Nữ,TP HCM,54,0,1
C07724,25,Nữ,Hải Phòng,16,2,1
C07725,18,Nữ,TP HCM,2,0,0
C07726,39,Nữ,Hà Nội,45,0,0
C07727,29,Nam,TP HCM,54,1,1
C07728,34,Nữ,Cần Thơ,15,1,1
C07729,20,Nữ,Đà Nẵng,19,2,1
C07730,64,Nữ,Đà Nẵng,51,0,0
C07731,49,Nam,Hà Nội,20,0,0
C07732,54,Nữ,TP HCM,17,0,0
C07733,33,Nữ,TP HCM,47,2,1
C07734,27,Nữ,TP HCM,57,2,1
C07735,35,Nữ,Đà Nẵng,40,1,1
C07736,53,Nữ,TP HCM,33,1,0
C07737,51,Nữ,Hải Phòng,6,2,1
C07738,30,Nữ,Cần Thơ,43,4,1
C07739,27,Nữ,TP HCM,52,1,1
C07740,52,Nữ,Hải Phòng,36,4,1
C07741,40,Nam,TP HCM,30,4,1
C07742,29,Nam,Hà Nội,47,0,0
C07743,18,Nữ,Hà Nội,10,1,1
C07744,65,Nam,TP HCM,21,3,0
C07745,70,Nữ,Hà Nội,25,1,0
C07746,41,Nam,Đà Nẵng,35,1,0
C07747,37,Nữ,TP HCM,2,1,1
C07748,50,Nữ,TP HCM,45,1,1
C07749,21,Nữ,Hà Nội,10,0,0
C07750,40,Nữ,Đà Nẵng,24,1,0
C07751,68,Nữ,TP HCM,1,0,1
C07752,25,Nam,Hà Nội,16,2,1
C07753,52,Nam,Hà Nội,5,2,1
C07754,41,Nam,Đà Nẵng,10,2,1
C07755,56,Nữ,TP HCM,21,1,1
C07756,21,Nam,Hà Nội,23,1,1
C07757,35,Nữ,Hải Phòng,19,2,1
C07758,67,Nam,TP HCM,9,0,1
C07759,70,Nữ,Hà Nội,39,2,1
C07760,27,Nữ,Hải Phòng,11,1,0
C07761,20,Nam,Hà Nội,46,1,1
C07762,67,Nữ,Cần Thơ,33,1,1
C07763,47,Nữ,TP HCM,38,0,1
C07764,27,Nữ,Hà Nội,33,1,1
C07765,68,Nữ,TP HCM,38,1,1
C07766,37,Nữ,Hà Nội,33,1,1
C07767,59,Nữ,Hải Phòng,46,1,0
C07768,33,Nam,Hải Phòng,58,1,0
C07769,70,Nam,TP HCM,44,1,1
C07770,24,Nam,TP HCM,6,0,0
C07771,41,Nam,Hà Nội,11,0,0
C07772,45,Nam,TP HCM,9,3,1
C07773,47,Nam,Hà Nội,21,2,1
C07774,44,Nam,Hải Phòng,34,2,1
C07775,26,Nữ,Cần Thơ,8,2,1
C07776,60,Nam,TP HCM,60,1,0
C07777,21,Nam,Cần Thơ,46,3,1
C07778,46,Nam,TP HCM,3,2,1
C07779,64,Nam,TP HCM,21,2,0
C07780,50,Nữ,TP HCM,53,2,0
C07781,33,Nữ,Hà Nội,31,0,0
C07782,30,Nam,Hà Nội,7,1,1
C07783,51,Nữ,Hà Nội,8,2,1
C07784,28,Nam,TP HCM,27,3,1
C07785,39,Nam,Hà Nội,44,0,0
C07786,23,Nam,Cần Thơ,58,0,1
C07787,22,Nữ,Hà Nội,24,0,1
C07788,46,Nữ,Đà Nẵng,44,0,1
C07789,37,Nữ,TP HCM,40,0,0
C07790,40,Nữ,Hà Nội,57,0,0
C07791,24,Nam,TP HCM,38,1,0
C07792,47,Nam,Hà Nội,27,1,0
C07793,44,Nữ,Hà Nội,25,0,0
C07794,55,Nữ,TP HCM,21,2,0
C07795,25,Nam,TP HCM,36,1,1
C07796,65,Nữ,Đà Nẵng,28,0,0
C07797,45,Nữ,TP HCM,16,0,0
C07798,25,Nữ,Hải Phòng,33,2,1
C07799,42,Nữ,TP HCM,38,3,1
C07800,69,Nữ,Hà Nội,28,1,1
C07801,31,Nam,Hà Nội,15,0,0
C07802,42,Nam,TP HCM,16,0,0
C07803,34,Nữ,Đà Nẵng,16,1,0
C07804,27,Nam,Hà Nội,60,1,0
C07805,45,Nữ,Hà Nội,31,2,0
C07806,22,Nam,TP HCM,54,1,0
C07807,56,Nam,Hà Nội,45,1,1
C07808,68,Nam,Hà Nội,25,0,0
C07809,55,Nam,Hà Nội,3,2,0
C07810,33,Nam,Đà Nẵng,42,2,0
C07811,69,Nữ,Cần Thơ,11,2,1
C07812,54,Nam,Đà Nẵng,30,0,1
C07813,47,Nam,Cần Thơ,31,1,0
C07814,22,Nữ,Đà Nẵng,57,2,0
C07815,46,Nữ,TP HCM,32,1,1
C07816,33,Nam,Hải Phòng,51,2,1
C07817,27,Nam,Cần Thơ,47,1,1
C07818,24,Nam,Hà Nội,29,1,0
C07819,40,Nam,Hải Phòng,3,2,1
C07820,24,Nam,TP HCM,57,2,1
C07821,44,Nữ,TP HCM,31,1,0
C07822,20,Nữ,Hải Phòng,26,2,1
C07823,60,Nam,Đà Nẵng,56,4,0
C07824,55,Nữ,TP HCM,13,2,1
C07825,35,Nam,Hải Phòng,13,0,0
C07826,30,Nam,Đà Nẵng,4,1,0
C07827,25,Nam,Cần Thơ,42,2,1
C07828,40,Nam,Đà Nẵng,35,2,1
C07829,34,Nam,TP HCM,10,5,1
C07830,44,Nữ,TP HCM,57,0,0
C07831,43,Nữ,Đà Nẵng,49,1,0
C07832,33,Nữ,TP HCM,33,1,0
C07833,50,Nam,TP HCM,1,3,1
C07834,38,Nữ,Hải Phòng,21,3,1
C07835,18,Nam,Hải Phòng,55,3,0
C07836,43,Nữ,Hà Nội,51,1,0
C07837,28,Nữ,Hải Phòng,22,2,0
C07838,32,Nữ,Đà Nẵng,6,4,1
C07839,20,Nam,Hải Phòng,56,1,0
C07840,60,Nam,TP HCM,23,3,1
C07841,56,Nữ,Hà Nội,38,1,0
C07842,23,Nam,Hà Nội,27,0,0
C07843,36,Nữ,TP HCM,39,0,1
C07844,56,Nam,Hải Phòng,42,2,0
C07845,63,Nữ,TP HCM,58,2,0
C07846,47,Nữ,Hải Phòng,50,0,0
C07847,20,Nữ,Hà Nội,39,0,0
C07848,48,Nam,Hải Phòng,24,4,0
C07849,50,Nữ,Hải Phòng,49,1,1
C07850,22,Nữ,TP HCM,7,1,1
C07851,22,Nữ,TP HCM,20,2,1
C07852,20,Nam,TP HCM,51,2,0
C07853,22,Nam,TP HCM,45,1,0
C07854,27,Nữ,Đà Nẵng,11,0,0
C07855,70,Nữ,Hải Phòng,12,0,0
C07856,27,Nam,Cần Thơ,45,1,0
C07857,61,Nam,Hà Nội,29,1,0
C07858,60,Nữ,TP HCM,43,0,1
C07859,22,Nam,TP HCM,48,3,1
C07860,58,Nam,TP HCM,24,1,1
C07861,50,Nam,TP HCM,7,1,1
C07862,46,Nữ,TP HCM,13,0,0
C07863,31,Nữ,TP HCM,46,0,0
C07864,35,Nữ,Cần Thơ,4,1,1
C07865,28,Nam,TP HCM,39,1,1
C07866,55,Nữ,Hà Nội,25,3,0
C07867,48,Nữ,TP HCM,2,1,1
C07868,29,Nữ,Hải Phòng,7,2,1
C07869,34,Nam,Hà Nội,30,0,0
C07870,38,Nữ,Hải Phòng,51,1,0
C07871,65,Nam,Đà Nẵng,29,2,0
C07872,69,Nữ,TP HCM,21,1,1
C07873,43,Nam,TP HCM,27,0,1
C07874,27,Nam,Hải Phòng,53,3,1
C07875,67,Nữ,Hải Phòng,21,0,0
C07876,20,Nữ,TP HCM,30,4,1
C07877,60,Nữ,TP HCM,42,1,1
C07878,52,Nữ,Hà Nội,46,1,1
C07879,36,Nữ,TP HCM,24,1,1
C07880,62,Nữ,Cần Thơ,21,2,0
C07881,43,Nữ,TP HCM,48,1,1
C07882,46,Nữ,TP HCM,38,1,1
C07883,55,Nam,Hà Nội,3,2,1
C07884,40,Nam,TP HCM,22,1,0
C07885,64,Nam,Hà Nội,34,0,0
C07886,43,Nữ,Hải Phòng,58,0,0
C07887,38,Nam,TP HCM,22,0,0
C07888,68,Nam,TP HCM,41,2,1
C07889,62,Nữ,Hải Phòng,57,2,0
C07890,19,Nữ,TP HCM,18,1,1
C07891,62,Nữ,Hà Nội,46,0,0
C07892,59,Nữ,Cần Thơ,16,1,1
C07893,55,Nam,Cần Thơ,52,1,1
C07894,28,Nữ,Hà Nội,60,0,0
C07895,54,Nam,TP HCM,22,3,1
C07896,21,Nam,Đà Nẵng,18,1,1
C07897,56,Nữ,TP HCM,24,0,1
C07898,19,Nữ,Đà Nẵng,6,1,1
C07899,21,Nam,Đà Nẵng,55,2,0
C07900,51,Nữ,TP HCM,14,0,0
C07901,26,Nam,Cần Thơ,28,0,1
C07902,56,Nữ,TP HCM,1,2,0
C07903,45,Nữ,Hà Nội,5,2,1
C07904,28,Nữ,TP HCM,10,2,1
C07905,37,Nam,Hải Phòng,42,2,1
C07906,25,Nam,Hà Nội,28,1,1
C07907,29,Nữ,TP HCM,27,2,1
C07908,34,Nam,TP HCM,4,1,0
C07909,49,Nam,Hà Nội,24,1,1
C07910,53,Nam,Đà Nẵng,1,3,1
C07911,67,Nữ,TP HCM,49,0,0
C07912,48,Nữ,TP HCM,50,1,1
C07913,66,Nam,Hải Phòng,8,1,0
C07914,31,Nữ,TP HCM,21,0,1
C07915,26,Nam,Hải Phòng,22,0,0
C07916,45,Nữ,TP HCM,52,0,1
C07917,51,Nam,TP HCM,40,0,0
C07918,30,Nam,TP HCM,3,3,1
C07919,24,Nam,TP HCM,44,1,1
C07920,65,Nam,Hà Nội,48,0,1
C07921,46,Nữ,TP HCM,23,1,0
C07922,70,Nữ,Hải Phòng,44,2,1
C07923,45,Nam,Hà Nội,28,2,0
C07924,30,Nữ,Đà Nẵng,18,0,0
C07925,36,Nam,Đà Nẵng,1,0,1
C07926,33,Nam,Hải Phòng,55,0,1
C07927,32,Nữ,Đà Nẵng,37,0,1
C07928,60,Nữ,Hà Nội,32,2,0
C07929,70,Nữ,TP HCM,51,3,0
C07930,39,Nữ,Đà Nẵng,24,3,1
C07931,67,Nữ,Đà Nẵng,9,0,1
C07932,65,Nam,Cần Thơ,60,1,0
C07933,57,Nữ,TP HCM,19,0,0
C07934,42,Nam,Cần Thơ,7,0,0
C07935,63,Nữ,TP HCM,9,1,0
C07936,70,Nam,TP HCM,9,1,0
C07937,68,Nam,Cần Thơ,55,0,0
C07938,42,Nam,Cần Thơ,37,1,1
C07939,64,Nam,Đà Nẵng,13,1,1
C07940,39,Nữ,TP HCM,20,2,1
C07941,56,Nữ,TP HCM,52,1,0
C07942,23,Nam,Hải Phòng,35,2,1
C07943,49,Nữ,Hải Phòng,19,0,1
C07944,56,Nữ,Hà Nội,55,0,0
C07945,26,Nữ,Đà Nẵng,18,0,0
C07946,31,Nữ,Hà Nội,9,1,1
C07947,64,Nữ,Hà Nội,11,2,1
C07948,20,Nam,Hải Phòng,48,2,0
C07949,64,Nữ,Đà Nẵng,8,1,1
C07950,28,Nam,Hà Nội,34,1,0
C07951,42,Nam,TP HCM,4,3,1
C07952,36,Nam,TP HCM,8,0,0
C07953,42,Nữ,Cần Thơ,12,3,0
C07954,32,Nam,Đà Nẵng,10,2,0
C07955,62,Nam,TP HCM,48,1,1
C07956,51,Nữ,TP HCM,43,3,1
C07957,35,Nam,Hải Phòng,19,1,0
C07958,22,Nữ,TP HCM,17,0,1
C07959,20,Nam,Cần Thơ,20,1,0
C07960,32,Nữ,Cần Thơ,7,2,1
C07961,52,Nam,TP HCM,44,2,1
C07962,48,Nữ,Đà Nẵng,6,1,0
C07963,51,Nam,Cần Thơ,15,2,1
C07964,18,Nam,Đà Nẵng,47,1,0
C07965,29,Nữ,TP HCM,23,0,0
C07966,37,Nữ,Đà Nẵng,12,1,0
C07967,26,Nữ,Đà Nẵng,51,0,0
C07968,48,Nam,TP HCM,25,3,1
C07969,46,Nữ,Cần Thơ,13,2,1
C07970,33,Nam,TP HCM,35,1,1
C07971,31,Nam,Hà Nội,49,3,1
C07972,30,Nam,Đà Nẵng,8,2,1
C07973,37,Nam,Hà Nội,30,1,0
C07974,38,Nam,Hải Phòng,12,2,1
C07975,40,Nữ,TP HCM,12,0,1
C07976,60,Nam,Đà Nẵng,32,0,0
C07977,58,Nam,Cần Thơ,33,2,0
C07978,43,Nam,Hà Nội,48,1,0
C07979,42,Nữ,Đà Nẵng,19,0,1
C07980,63,Nữ,Hà Nội,32,0,0
C07981,25,Nam,Đà Nẵng,5,1,1
C07982,62,Nữ,Hải Phòng,24,0,0
C07983,47,Nam,TP HCM,11,0,1
C07984,28,Nam,TP HCM,19,1,0
C07985,62,Nữ,Hà Nội,56,3,1
C07986,35,Nam,Hà Nội,6,1,1
C07987,32,Nữ,Hải Phòng,60,3,0
C07988,32,Nam,Đà Nẵng,19,1,0
C07989,43,Nam,TP HCM,10,1,0
C07990,63,Nam,Hà Nội,57,0,0
C07991,23,Nữ,Hà Nội,29,2,1
C07992,50,Nam,TP HCM,2,1,1
C07993,65,Nam,Đà Nẵng,32,1,0
C07994,40,Nam,TP HCM,31,0,1
C07995,52,Nữ,Đà Nẵng,23,1,0
C07996,48,Nữ,Đà Nẵng,16,0,1
C07997,52,Nam,Đà Nẵng,18,0,1
C07998,49,Nam,Hà Nội,31,2,0
C07999,59,Nữ,Hà Nội,2,0,0
C08000,61,Nam,TP HCM,12,1,1
